twist	method	power	cycle	numAlignments	meanDiscoveredMass	seDiscoveredMass	meanCredible95MassDiscovered	seCredible95MassDiscovered	meanMeanTrueP	seMeanTrueP	meanUndiscoveredMass	seUndiscoveredMass
tw0	MC3_NNI	0.0	1	11	0.0	0.0	0.0	0.0	0.0	0.0	1.0	0.0
tw0	MC3_NNI	0.0	2	11	0.0	0.0	0.0	0.0	0.0	0.0	1.0	0.0
tw0	MC3_NNI	0.0	3	11	0.0	0.0	0.0	0.0	0.0	0.0	1.0	0.0
tw0	MC3_NNI	0.0	4	11	0.0	0.0	0.0	0.0	0.0	0.0	1.0	0.0
tw0	MC3_NNI	0.0	5	11	5e-06	4.9999999999999996e-06	0.0	0.0	1e-06	1e-06	0.999995	4.9999999999999996e-06
tw0	MC3_NNI	0.0	6	11	5e-06	4.9999999999999996e-06	0.0	0.0	1.6363636363636365e-06	1.6363636363636363e-06	0.999995	4.9999999999999996e-06
tw0	MC3_NNI	0.0	7	11	5e-06	4.9999999999999996e-06	0.0	0.0	2.181818181818182e-06	2.1818181818181815e-06	0.999995	4.9999999999999996e-06
tw0	MC3_NNI	0.0	8	11	5e-06	4.9999999999999996e-06	0.0	0.0	2.5454545454545456e-06	2.5454545454545456e-06	0.999995	4.9999999999999996e-06
tw0	MC3_NNI	0.0	9	11	7.663636363636364e-05	5.627453367639636e-05	7.163636363636365e-05	5.668738399443241e-05	1.0818181818181818e-05	6.602779279581896e-06	0.9999233636363636	5.627453367639636e-05
tw0	MC3_NNI	0.0	10	11	7.663636363636364e-05	5.627453367639636e-05	7.163636363636365e-05	5.668738399443241e-05	1.7272727272727274e-05	1.131860167165772e-05	0.9999233636363636	5.627453367639636e-05
tw0	MC3_NNI	0.0	20	11	0.004922181818181818	0.002702985991347622	0.004882363636363637	0.002707859544741859	0.0006972727272727273	0.00038142131539114425	0.9950778181818182	0.002702985991347622
tw0	MC3_NNI	0.0	30	11	0.026772636363636363	0.005118357023805637	0.02651227272727272	0.005152943780175841	0.004526181818181818	0.0013044759506350139	0.9732273636363636	0.005118357023805637
tw0	MC3_NNI	0.0	40	11	0.09331518181818182	0.010584681945509902	0.09255754545454545	0.010586307360637337	0.015186363636363637	0.0028105738148276843	0.9066848181818181	0.010584681945509902
tw0	MC3_NNI	0.0	50	11	0.21740790909090915	0.026870402540698446	0.21573099999999998	0.02705848299214802	0.03650900000000001	0.005526291093902443	0.7825920909090909	0.026870402540698446
tw0	MC3_NNI	0.0	60	11	0.3837442727272728	0.03505437710733812	0.3811684545454545	0.0352731442803841	0.06761890909090908	0.00974965559527342	0.6162557272727271	0.03505437710733812
tw0	MC3_NNI	0.0	70	11	0.5599960909090909	0.0488201323903189	0.5561113636363636	0.049171410510076015	0.10610909090909092	0.015283732870101732	0.44000390909090914	0.0488201323903189
tw0	MC3_NNI	0.0	80	11	0.702183	0.04925031158147862	0.6977256363636363	0.049507285004288686	0.14723799999999998	0.022057013043474405	0.297817	0.04925031158147862
tw0	MC3_NNI	0.0	90	11	0.8117304545454544	0.045573106662385406	0.8066056363636364	0.045924098679188764	0.18543227272727272	0.02847117018832493	0.18826954545454555	0.045573106662385406
tw0	MC3_NNI	0.0	100	11	0.8643794545454546	0.039957398766314205	0.8584686363636365	0.040216261167993116	0.22034754545454538	0.03446675255066003	0.13562054545454538	0.039957398766314205
tw0	MC3_NNI	0.0	200	11	0.9655259090909091	0.013436725000368849	0.9557382727272727	0.014162078525601012	0.3965701818181817	0.06473049344570123	0.034474090909090926	0.013436725000368849
tw0	MC3_NNI	0.0	300	11	0.9781076363636363	0.008230450950058709	0.9654965454545454	0.009540942682950092	0.45919118181818186	0.0759232644854261	0.02189236363636371	0.008230450950058709
tw0	MC3_NNI	0.0	400	11	0.9844697272727273	0.005811518161987229	0.9698518181818183	0.00757859485275132	0.49020945454545456	0.08162196891962177	0.015530272727272698	0.005811518161987229
tw0	MC3_NNI	0.0	500	11	0.9879336363636363	0.004270827985026552	0.9717803636363637	0.006618277074988808	0.5091388181818183	0.08517747763899886	0.012066363636363708	0.004270827985026552
tw0	MC3_NNI	0.0	600	11	0.990162818181818	0.00344479498484356	0.9726890000000001	0.006216668783491403	0.5218938181818182	0.08761248877973112	0.00983718181818205	0.00344479498484356
tw0	MC3_NNI	0.0	700	11	0.9915158181818182	0.0029391017886366134	0.973113090909091	0.006030157682929347	0.5309806363636363	0.08935031967529654	0.00848418181818178	0.0029391017886366134
tw0	MC3_NNI	0.0	800	11	0.9926200909090909	0.002579401810337728	0.973445090909091	0.005907754073256832	0.5381206363636363	0.09064641007375583	0.007379909090909131	0.002579401810337728
tw0	MC3_NNI	0.0	900	11	0.9934367272727272	0.0022853156897139825	0.973569272727273	0.005861218998391678	0.5436330909090908	0.09164102924459254	0.006563272727272751	0.0022853156897139825
tw0	MC3_NNI	0.0	1000	11	0.9943172727272728	0.002017836393453103	0.9738027272727273	0.005776380763845614	0.5481687272727273	0.0924108330188513	0.005682727272727228	0.002017836393453103
tw0	MC3_NNI	0.0	2000	11	0.9971554545454545	0.0011933950451901063	0.9739119090909092	0.005739874174190341	0.5676600909090909	0.0962998368189361	0.0028445454545454885	0.0011933950451901063
tw0	MC3_NNI	0.0	3000	11	0.9981462727272729	0.0008446407314883943	0.9739119090909092	0.005739874174190341	0.574454	0.09758207926682218	0.0018537272727271459	0.0008446407314883943
tw0	MC3_NNI	0.0	4000	11	0.9985856363636363	0.0006577288923772215	0.9739119090909092	0.005739874174190341	0.5775997272727272	0.09823846667047124	0.0014143636363637135	0.0006577288923772215
tw0	MC3_NNI	0.0	5000	11	0.9988665454545455	0.0005147206190764858	0.9739119090909092	0.005739874174190341	0.579484909090909	0.0986462904934461	0.0011334545454545486	0.0005147206190764858
tw0	MC3_NNI	0.0	6000	11	0.9990517272727274	0.0004338733390981339	0.9739119090909092	0.005739874174190341	0.5807895454545455	0.09886914015269821	0.0009482727272726033	0.0004338733390981339
tw0	MC3_NNI	0.0	7000	11	0.9991712727272727	0.0003677894924325609	0.9739119090909092	0.005739874174190341	0.5818048181818182	0.09905434019666527	0.0008287272727273143	0.0003677894924325609
tw0	MC3_NNI	0.0	8000	11	0.9992595454545454	0.00032798978264674607	0.9739119090909092	0.005739874174190341	0.5824686363636363	0.09921056840847266	0.0007404545454545719	0.00032798978264674607
tw0	MC3_NNI	0.0	9000	11	0.9993243636363638	0.0002964806071452662	0.9739119090909092	0.005739874174190341	0.5830522727272728	0.099325508108724	0.0006756363636362117	0.0002964806071452662
tw0	MC3_NNI	0.0	10000	11	0.9993723636363636	0.00027176712199057537	0.9739119090909092	0.005739874174190341	0.5835183636363637	0.09941301934841631	0.0006276363636363858	0.00027176712199057537
tw0	MC3_NNI	0.0	20000	11	0.9996585454545456	0.00012584415785453203	0.9739119090909092	0.005739874174190341	0.5855180909090909	0.09980701669835866	0.00034145454545442266	0.00012584415785453203
tw0	MC3_NNI	0.0	30000	11	0.9997644545454546	7.80712219865872e-05	0.9739119090909092	0.005739874174190341	0.5861151818181818	0.09994720238231403	0.00023554545454540499	7.80712219865872e-05
tw0	MC3_NNI	0.0	40000	11	0.999815	6.019256976193488e-05	0.9739119090909092	0.005739874174190341	0.5864324545454546	0.10001208342235123	0.00018499999999999073	6.019256976193488e-05
tw0	MC3_NNI	0.0	50000	11	0.9998421818181819	5.126399022915968e-05	0.9739119090909092	0.005739874174190341	0.5865863636363636	0.10007399210096067	0.00015781818181814788	5.126399022915968e-05
tw0	MC3_NNI	0.0	60000	11	0.9998665454545453	4.207187867455493e-05	0.9739119090909092	0.005739874174190341	0.5867255454545455	0.10010249987927045	0.00013345454545465874	4.207187867455493e-05
tw0	MC3_NNI	0.0	70000	11	0.9998820909090909	3.7788515462058004e-05	0.9739119090909092	0.005739874174190341	0.5868571818181819	0.10011017800029745	0.0001179090909091407	3.7788515462058004e-05
tw0	MC3_NNI	0.0	80000	11	0.9998934545454545	3.438138070006773e-05	0.9739119090909092	0.005739874174190341	0.5869390909090909	0.10012773530268539	0.00010654545454547026	3.438138070006773e-05
tw0	MC3_NNI	0.0	90000	11	0.9999020000000002	3.209786172430782e-05	0.9739119090909092	0.005739874174190341	0.5870010909090909	0.10014024947809716	9.799999999982045e-05	3.209786172430782e-05
tw0	MC3_NNI	0.0	100000	11	0.9999099090909092	2.962414695218462e-05	0.9739119090909092	0.005739874174190341	0.5870305454545455	0.10014961059265862	9.009090909084527e-05	2.962414695218462e-05
tw0	MC3_NNI	0.0	200000	11	0.9999482727272727	1.769904512529134e-05	0.9739119090909092	0.005739874174190341	0.5872700909090908	0.1001861356079005	5.172727272728661e-05	1.769904512529134e-05
tw0	MC3_NNI	0.0	300000	11	0.9999631818181818	1.2821727427100978e-05	0.9739119090909092	0.005739874174190341	0.5873264545454546	0.10019356911710847	3.681818181822116e-05	1.2821727427100978e-05
tw0	MC3_NNI	0.0	400000	11	0.9999710909090909	9.903584792159377e-06	0.9739119090909092	0.005739874174190341	0.5873749090909091	0.10019007532616597	2.890909090913496e-05	9.903584792159377e-06
tw0	MC3_NNI	0.0	500000	11	0.9999758181818182	8.149532258547491e-06	0.9739119090909092	0.005739874174190341	0.5873961818181819	0.10018825028422683	2.4181818181756576e-05	8.149532258547491e-06
tw0	MC3_NNI	0.0	600000	11	0.9999790000000001	7.0349775472950524e-06	0.9739119090909092	0.005739874174190341	0.5874202727272727	0.1001891458150388	2.0999999999937735e-05	7.0349775472950524e-06
tw0	MC3_NNI	0.0	700000	11	0.9999819090909092	6.008258778857756e-06	0.9739119090909092	0.005739874174190341	0.5874317272727272	0.10018819193534925	1.8090909090773266e-05	6.008258778857756e-06
tw0	MC3_NNI	0.0	800000	11	0.9999838181818184	5.318609151439811e-06	0.9739119090909092	0.005739874174190341	0.5874457272727273	0.10018987078960635	1.6181818181637553e-05	5.318609151439811e-06
tw0	MC3_NNI	0.0	900000	11	0.9999856363636365	4.764018027740212e-06	0.9739119090909092	0.005739874174190341	0.587452818181818	0.10019173553350036	1.436363636353466e-05	4.764018027740212e-06
tw0	MC3_NNI	0.0	1000000	11	0.9999868181818183	4.3292203409330556e-06	0.9739119090909092	0.005739874174190341	0.587459090909091	0.10019251843793296	1.3181818181662308e-05	4.3292203409330556e-06
tw0	MC3_NNI	0.02	1	11	0.0	0.0	0.0	0.0	0.0	0.0	1.0	0.0
tw0	MC3_NNI	0.02	2	11	0.0	0.0	0.0	0.0	0.0	0.0	1.0	0.0
tw0	MC3_NNI	0.02	3	11	0.0	0.0	0.0	0.0	0.0	0.0	1.0	0.0
tw0	MC3_NNI	0.02	4	11	0.0	0.0	0.0	0.0	0.0	0.0	1.0	0.0
tw0	MC3_NNI	0.02	5	11	0.001023909090909091	0.0010206131709066366	0.0010208181818181818	0.0010208181818181818	0.00020472727272727274	0.00020412799420101336	0.9989760909090909	0.0010206131709066366
tw0	MC3_NNI	0.02	6	11	0.0028472727272727274	0.0019930433972874437	0.0028389090909090907	0.001994075290155795	0.0006446363636363636	0.0004322041452143835	0.9971527272727273	0.0019930433972874437
tw0	MC3_NNI	0.02	7	11	0.003866363636363636	0.002047538776512502	0.0038456363636363636	0.0020460798850161664	0.0011044545454545454	0.0006357234871122158	0.9961336363636364	0.002047538776512502
tw0	MC3_NNI	0.02	8	11	0.006853545454545454	0.002992024180637694	0.006828545454545454	0.00298899672545712	0.0018220909090909093	0.000897957079907148	0.9931464545454546	0.002992024180637694
tw0	MC3_NNI	0.02	9	11	0.007746454545454546	0.003467767821114474	0.007716636363636364	0.003461222251992199	0.0024790909090909087	0.0011491299432380487	0.9922535454545455	0.003467767821114474
tw0	MC3_NNI	0.02	10	11	0.011834363636363636	0.005546146790623243	0.011798727272727273	0.005535240893322298	0.0032242727272727267	0.0014813285197656442	0.9881656363636364	0.005546146790623243
tw0	MC3_NNI	0.02	20	11	0.13654	0.04154180627052924	0.13543063636363636	0.041532856483265206	0.027695454545454544	0.010434125375519795	0.86346	0.04154180627052924
tw0	MC3_NNI	0.02	30	11	0.38695672727272723	0.08452040470174707	0.3845118181818182	0.08444534255436452	0.09146863636363638	0.029399397758294525	0.6130432727272728	0.08452040470174707
tw0	MC3_NNI	0.02	40	11	0.6250572727272727	0.07936484260095512	0.6211206363636363	0.07911164878371381	0.16149390909090908	0.04131488274073874	0.37494272727272726	0.07936484260095512
tw0	MC3_NNI	0.02	50	11	0.7788857272727273	0.06636265046464436	0.7739207272727273	0.0661166540348594	0.22402499999999997	0.048951584453881106	0.2211142727272727	0.06636265046464436
tw0	MC3_NNI	0.02	60	11	0.8649242727272728	0.04582515277167231	0.859052	0.045688472113373915	0.27592545454545453	0.05533093377970306	0.1350757272727272	0.04582515277167231
tw0	MC3_NNI	0.02	70	11	0.9021312727272729	0.03512766875143786	0.895656	0.035016593836481175	0.3170139090909091	0.060063442100749466	0.09786872727272711	0.03512766875143786
tw0	MC3_NNI	0.02	80	11	0.924228	0.028547106515053638	0.9172368181818183	0.02855270462712713	0.3478224545454545	0.06411985291161086	0.07577199999999995	0.028547106515053638
tw0	MC3_NNI	0.02	90	11	0.939648	0.0234749024085492	0.9320262727272728	0.02365140954865094	0.37312881818181826	0.06741364200486671	0.06035199999999996	0.0234749024085492
tw0	MC3_NNI	0.02	100	11	0.9472375454545454	0.02044210404771291	0.9392276363636363	0.020765284000979194	0.3932052727272728	0.07020912404551147	0.052762454545454585	0.02044210404771291
tw0	MC3_NNI	0.02	200	11	0.9747088181818181	0.01002465363520282	0.9627030909090909	0.011053299911589175	0.4887209090909091	0.08369174779906804	0.025291181818181907	0.01002465363520282
tw0	MC3_NNI	0.02	300	11	0.9835796363636362	0.00650517929914692	0.9689776363636365	0.008057750431922086	0.5201612727272727	0.08878116018114848	0.01642036363636379	0.00650517929914692
tw0	MC3_NNI	0.02	400	11	0.9876064545454544	0.004596999251218399	0.9714521818181819	0.006777156842616346	0.5373941818181818	0.0913135875990801	0.01239354545454563	0.004596999251218399
tw0	MC3_NNI	0.02	500	11	0.9900249090909091	0.003588298478652641	0.9726388181818183	0.0062578549183016745	0.5471866363636364	0.0929552699653561	0.009975090909090878	0.003588298478652641
tw0	MC3_NNI	0.02	600	11	0.9918028181818183	0.002926274310817211	0.9732465454545455	0.005995124889689559	0.5538037272727273	0.09411017465291228	0.008197181818181742	0.002926274310817211
tw0	MC3_NNI	0.02	700	11	0.9928176363636364	0.002595872308362323	0.9735061818181818	0.005894580228432012	0.5585171818181819	0.09497318372072845	0.007182363636363598	0.002595872308362323
tw0	MC3_NNI	0.02	800	11	0.9937963636363637	0.0023319355295654265	0.9736577272727271	0.005834257386865822	0.5620456363636364	0.09561504170477027	0.0062036363636363	0.0023319355295654265
tw0	MC3_NNI	0.02	900	11	0.9945279090909093	0.002087019142023754	0.9737924545454546	0.0057858355495651265	0.5646365454545456	0.09617425765995272	0.005472090909090732	0.002087019142023754
tw0	MC3_NNI	0.02	1000	11	0.9950209999999999	0.001950784835066977	0.9738256363636364	0.005772857266825549	0.5669613636363637	0.09654949063725839	0.004979000000000067	0.001950784835066977
tw0	MC3_NNI	0.02	2000	11	0.9975434545454547	0.0010618978067903303	0.9739119090909092	0.005739874174190341	0.576794	0.09843731105863542	0.0024565454545453225	0.0010618978067903303
tw0	MC3_NNI	0.02	3000	11	0.9983326363636362	0.0007655597509217715	0.9739119090909092	0.005739874174190341	0.5804688181818181	0.0990358654827834	0.0016673636363637723	0.0007655597509217715
tw0	MC3_NNI	0.02	4000	11	0.9987307272727272	0.0005771546522050919	0.9739119090909092	0.005739874174190341	0.5823478181818181	0.09932244201495892	0.001269272727272841	0.0005771546522050919
tw0	MC3_NNI	0.02	5000	11	0.9989728181818183	0.0004580258392508968	0.9739119090909092	0.005739874174190341	0.5834775454545454	0.09947854568428892	0.0010271818181817327	0.0004580258392508968
tw0	MC3_NNI	0.02	6000	11	0.9991164545454545	0.0003946091590799069	0.9739119090909092	0.005739874174190341	0.5842365454545455	0.09957333650671417	0.0008835454545454979	0.0003946091590799069
tw0	MC3_NNI	0.02	7000	11	0.9992314545454547	0.0003349221717907339	0.9739119090909092	0.005739874174190341	0.5846886363636363	0.09968075391799314	0.0007685454545452997	0.0003349221717907339
tw0	MC3_NNI	0.02	8000	11	0.9993225454545456	0.00029497541850239404	0.9739119090909092	0.005739874174190341	0.5850761818181817	0.09973414141532097	0.0006774545454544256	0.00029497541850239404
tw0	MC3_NNI	0.02	9000	11	0.9993920909090908	0.0002614325031800925	0.9739119090909092	0.005739874174190341	0.5852993636363636	0.09981814210054682	0.0006079090909092422	0.0002614325031800925
tw0	MC3_NNI	0.02	10000	11	0.9994485454545454	0.00023431258700665715	0.9739119090909092	0.005739874174190341	0.5855253636363636	0.09985909809875047	0.0005514545454545772	0.00023431258700665715
tw0	MC3_NNI	0.02	20000	11	0.9997009090909089	0.00010661813375913037	0.9739119090909092	0.005739874174190341	0.5864957272727271	0.10001935109368412	0.00029909090909108205	0.00010661813375913037
tw0	MC3_NNI	0.02	30000	11	0.9997877272727272	7.018496224705227e-05	0.9739119090909092	0.005739874174190341	0.5868060909090909	0.10007692700821835	0.00021227272727275537	7.018496224705227e-05
tw0	MC3_NNI	0.02	40000	11	0.999830090909091	5.431732597272167e-05	0.9739119090909092	0.005739874174190341	0.5870006363636363	0.10009460328602524	0.00016990909090897066	5.431732597272167e-05
tw0	MC3_NNI	0.02	50000	11	0.9998555454545454	4.5837730317517956e-05	0.9739119090909092	0.005739874174190341	0.5871112727272728	0.10010882457061787	0.00014445454545464198	4.5837730317517956e-05
tw0	MC3_NNI	0.02	60000	11	0.9998777272727274	3.796411964164365e-05	0.9739119090909092	0.005739874174190341	0.5871860909090909	0.10012227881150261	0.00012227272727260985	3.796411964164365e-05
tw0	MC3_NNI	0.02	70000	11	0.9998914545454546	3.462299909187519e-05	0.9739119090909092	0.005739874174190341	0.5872315454545455	0.10013625214933751	0.00010854545454541675	3.462299909187519e-05
tw0	MC3_NNI	0.02	80000	11	0.9999009090909091	3.216165264451766e-05	0.9739119090909092	0.005739874174190341	0.5872492727272728	0.10014396300218738	9.909090909088203e-05	3.216165264451766e-05
tw0	MC3_NNI	0.02	90000	11	0.9999089999999999	2.9880063283366796e-05	0.9739119090909092	0.005739874174190341	0.587309	0.100150225093107	9.100000000006325e-05	2.9880063283366796e-05
tw0	MC3_NNI	0.02	100000	11	0.9999154545454545	2.7898635885959552e-05	0.9739119090909092	0.005739874174190341	0.5873032727272727	0.10015393172049904	8.454545454550377e-05	2.7898635885959552e-05
tw0	MC3_NNI	0.02	200000	11	0.9999510909090907	1.6747566740742522e-05	0.9739119090909092	0.005739874174190341	0.5874451818181818	0.1001658705669404	4.8909090909265984e-05	1.6747566740742522e-05
tw0	MC3_NNI	0.02	300000	11	0.9999646363636363	1.1994902498581763e-05	0.9739119090909092	0.005739874174190341	0.5874783636363635	0.10016378130589852	3.536363636369444e-05	1.1994902498581763e-05
tw0	MC3_NNI	0.02	400000	11	0.9999722727272728	9.513713460138181e-06	0.9739119090909092	0.005739874174190341	0.5874866363636364	0.1001666449502367	2.7727272727151586e-05	9.513713460138181e-06
tw0	MC3_NNI	0.02	500000	11	0.9999770909090908	7.674579698831013e-06	0.9739119090909092	0.005739874174190341	0.5874855454545455	0.10016992458838618	2.290909090918447e-05	7.674579698831013e-06
tw0	MC3_NNI	0.02	600000	11	0.9999806363636363	6.370775216528881e-06	0.9739119090909092	0.005739874174190341	0.5874954545454546	0.1001740466790733	1.9363636363678438e-05	6.370775216528881e-06
tw0	MC3_NNI	0.02	700000	11	0.9999831818181818	5.471941955128634e-06	0.9739119090909092	0.005739874174190341	0.5875065454545454	0.10017367321401582	1.681818181820116e-05	5.471941955128634e-06
tw0	MC3_NNI	0.02	800000	11	0.9999850909090909	4.9127932167086605e-06	0.9739119090909092	0.005739874174190341	0.5875018181818181	0.10017744503346578	1.4909090909065448e-05	4.9127932167086605e-06
tw0	MC3_NNI	0.02	900000	11	0.9999863636363638	4.419528414320334e-06	0.9739119090909092	0.005739874174190341	0.5875061818181818	0.10017880553515916	1.3636363636160276e-05	4.419528414320334e-06
tw0	MC3_NNI	0.02	1000000	11	0.9999878181818183	4.015465968244086e-06	0.9739119090909092	0.005739874174190341	0.5875069090909091	0.10017882496302251	1.2181818181744575e-05	4.015465968244086e-06
tw0	MC3_NNI	0.05	1	11	0.0	0.0	0.0	0.0	0.0	0.0	1.0	0.0
tw0	MC3_NNI	0.05	2	11	3.636363636363636e-07	3.6363636363636366e-07	0.0	0.0	1.818181818181818e-07	1.8181818181818183e-07	0.9999996363636363	3.6363636363636366e-07
tw0	MC3_NNI	0.05	3	11	4.545454545454545e-07	3.6590203268178373e-07	0.0	0.0	2.7272727272727274e-07	2.727272727272727e-07	0.9999995454545455	3.6590203268178373e-07
tw0	MC3_NNI	0.05	4	11	4.1454545454545456e-05	2.8761515839545556e-05	4.1e-05	2.8468483371169343e-05	1.0545454545454546e-05	7.268066688496313e-06	0.9999585454545454	2.8761515839545556e-05
tw0	MC3_NNI	0.05	5	11	0.0019121818181818183	0.001808963323504687	0.0019105454545454545	0.0018091108884232528	0.00038563636363636355	0.00036150338292714295	0.9980878181818181	0.001808963323504687
tw0	MC3_NNI	0.05	6	11	0.002617727272727273	0.001816218494519509	0.002532090909090909	0.0018268961529651893	0.0007444545454545454	0.0005985424168706747	0.9973822727272728	0.001816218494519509
tw0	MC3_NNI	0.05	7	11	0.012152363636363635	0.006055372414450324	0.012063636363636361	0.006063551886286284	0.002335818181818182	0.0011875000770769873	0.9878476363636364	0.006055372414450324
tw0	MC3_NNI	0.05	8	11	0.01919972727272727	0.009251088626938513	0.019023727272727272	0.009273579412003964	0.004287636363636363	0.0020667454136779105	0.9808002727272728	0.009251088626938513
tw0	MC3_NNI	0.05	9	11	0.02957454545454546	0.012455901698949149	0.02927890909090909	0.012480450806582956	0.006856363636363635	0.003090788546847279	0.9704254545454546	0.012455901698949149
tw0	MC3_NNI	0.05	10	11	0.046869363636363626	0.020281450911551816	0.04648709090909091	0.02032660712172574	0.010629454545454546	0.004672037971443679	0.9531306363636364	0.020281450911551816
tw0	MC3_NNI	0.05	20	11	0.4469622727272728	0.09156486258416052	0.4442617272727272	0.09138114230946927	0.11282881818181817	0.03587340229063568	0.5530377272727272	0.09156486258416052
tw0	MC3_NNI	0.05	30	11	0.7136672727272727	0.08140360681701908	0.7095203636363636	0.0812099825918501	0.22072318181818182	0.0530323797472001	0.2863327272727273	0.08140360681701908
tw0	MC3_NNI	0.05	40	11	0.8465543636363635	0.049683887651883266	0.841610090909091	0.04961214668248722	0.2965361818181818	0.06200529459193834	0.1534456363636365	0.049683887651883266
tw0	MC3_NNI	0.05	50	11	0.9028375454545454	0.03466015378824499	0.8972056363636363	0.03472509489411021	0.3508767272727273	0.06711937037440234	0.09716245454545458	0.03466015378824499
tw0	MC3_NNI	0.05	60	11	0.9268950909090911	0.026510527596154063	0.9204017272727274	0.026676437812180015	0.38771090909090905	0.07112658848847078	0.07310490909090894	0.026510527596154063
tw0	MC3_NNI	0.05	70	11	0.9413600909090909	0.023727328873322632	0.9342146363636363	0.023903116002378034	0.4150703636363637	0.07415024010226225	0.058639909090909104	0.023727328873322632
tw0	MC3_NNI	0.05	80	11	0.9487445454545455	0.021563884974383208	0.9409997272727274	0.021819247364776112	0.4359839090909091	0.07673978328320794	0.05125545454545455	0.021563884974383208
tw0	MC3_NNI	0.05	90	11	0.9550281818181818	0.01854504671717353	0.9467842727272728	0.018932952108134796	0.45209818181818184	0.078830796142096	0.04497181818181817	0.01854504671717353
tw0	MC3_NNI	0.05	100	11	0.9579974545454545	0.01735051307879743	0.9491884545454545	0.017838725344477467	0.46544836363636366	0.0805544742003563	0.042002545454545515	0.01735051307879743
tw0	MC3_NNI	0.05	200	11	0.9794479090909092	0.00790829422413817	0.9664949090909091	0.009142824413867412	0.5233183636363636	0.0895318057713441	0.020552090909090825	0.00790829422413817
tw0	MC3_NNI	0.05	300	11	0.986210181818182	0.005175598066131948	0.9706449090909092	0.007134907614174832	0.5438416363636364	0.09287867156323035	0.013789818181818014	0.005175598066131948
tw0	MC3_NNI	0.05	400	11	0.9896428181818184	0.003862717568613583	0.9723177272727274	0.006389237113502839	0.554978090909091	0.09441366817713846	0.010357181818181571	0.003862717568613583
tw0	MC3_NNI	0.05	500	11	0.9917135454545455	0.0030659334256059666	0.9730798181818181	0.006053496166105823	0.560822090909091	0.09553892968717989	0.008286454545454514	0.0030659334256059666
tw0	MC3_NNI	0.05	600	11	0.9931443636363638	0.0025088249486842434	0.9735882727272728	0.005856273626075812	0.5652110909090909	0.09628455791761252	0.006855636363636175	0.0025088249486842434
tw0	MC3_NNI	0.05	700	11	0.9939956363636365	0.0021985537654340232	0.9737444545454547	0.005794431073121592	0.568277	0.09686658329991825	0.0060043636363634745	0.0021985537654340232
tw0	MC3_NNI	0.05	800	11	0.9946473636363639	0.0020003097954281912	0.9737999090909092	0.005777462284137225	0.570794909090909	0.09722319047414511	0.005352636363636143	0.0020003097954281912
tw0	MC3_NNI	0.05	900	11	0.9951762727272727	0.0018249144044231388	0.973858090909091	0.0057585860866496905	0.5727381818181818	0.09747481551539522	0.004823727272727285	0.0018249144044231388
tw0	MC3_NNI	0.05	1000	11	0.9956410000000001	0.0016510816179374404	0.9738851818181818	0.0057483171937820765	0.5742739090909091	0.09769465468130369	0.004358999999999891	0.0016510816179374404
tw0	MC3_NNI	0.05	2000	11	0.9978057272727273	0.0009837503664401163	0.9739006363636363	0.005744121036127809	0.5809056363636365	0.09900315300601406	0.0021942727272726836	0.0009837503664401163
tw0	MC3_NNI	0.05	3000	11	0.9984999090909091	0.0006996971481816612	0.9739119090909092	0.005739874174190341	0.5828238181818182	0.09942329624643204	0.0015000909090908676	0.0006996971481816612
tw0	MC3_NNI	0.05	4000	11	0.9988763636363636	0.0005354202813547084	0.9739119090909092	0.005739874174190341	0.584063	0.09960375266953823	0.0011236363636364377	0.0005354202813547084
tw0	MC3_NNI	0.05	5000	11	0.9990703636363635	0.0004464865929520755	0.9739119090909092	0.005739874174190341	0.5847935454545454	0.0997059461604576	0.0009296363636365212	0.0004464865929520755
tw0	MC3_NNI	0.05	6000	11	0.999215	0.00036686145514720764	0.9739119090909092	0.005739874174190341	0.5850681818181818	0.09978994999177188	0.0007850000000000357	0.00036686145514720764
tw0	MC3_NNI	0.05	7000	11	0.9993192727272727	0.00030991544568006313	0.9739119090909092	0.005739874174190341	0.5853922727272726	0.09984306270680193	0.0006807272727272773	0.00030991544568006313
tw0	MC3_NNI	0.05	8000	11	0.999409090909091	0.00026140377873548577	0.9739119090909092	0.005739874174190341	0.5855712727272727	0.09989266235797947	0.0005909090909089754	0.00026140377873548577
tw0	MC3_NNI	0.05	9000	11	0.9994709090909091	0.00022699156790688716	0.9739119090909092	0.005739874174190341	0.5858185454545454	0.09992867248541591	0.0005290909090909235	0.00022699156790688716
tw0	MC3_NNI	0.05	10000	11	0.9995136363636363	0.0002050769821190118	0.9739119090909092	0.005739874174190341	0.5859977272727273	0.09995738396537623	0.00048636363636367363	0.0002050769821190118
tw0	MC3_NNI	0.05	20000	11	0.9997216363636364	0.00010263609791413959	0.9739119090909092	0.005739874174190341	0.5868635454545454	0.10004739843960904	0.00027836363636357664	0.00010263609791413959
tw0	MC3_NNI	0.05	30000	11	0.9998004545454546	6.798387023089019e-05	0.9739119090909092	0.005739874174190341	0.5871218181818182	0.1000906340486932	0.00019954545454536898	6.798387023089019e-05
tw0	MC3_NNI	0.05	40000	11	0.9998385454545455	5.365688359404495e-05	0.9739119090909092	0.005739874174190341	0.5872534545454546	0.10010780357298132	0.0001614545454544647	5.365688359404495e-05
tw0	MC3_NNI	0.05	50000	11	0.9998633636363636	4.459031136657831e-05	0.9739119090909092	0.005739874174190341	0.5873265454545454	0.10012450347018988	0.00013663636363636655	4.459031136657831e-05
tw0	MC3_NNI	0.05	60000	11	0.9998809090909091	3.909602503520686e-05	0.9739119090909092	0.005739874174190341	0.5873458181818182	0.10014075493177484	0.00011909090909090203	3.909602503520686e-05
tw0	MC3_NNI	0.05	70000	11	0.9998947272727274	3.4569058921386474e-05	0.9739119090909092	0.005739874174190341	0.5873527272727272	0.10014656375842276	0.00010527272727256509	3.4569058921386474e-05
tw0	MC3_NNI	0.05	80000	11	0.9999048181818183	3.1616974204554135e-05	0.9739119090909092	0.005739874174190341	0.5873964545454545	0.10015024118759716	9.51818181816888e-05	3.1616974204554135e-05
tw0	MC3_NNI	0.05	90000	11	0.9999135454545454	2.8842633733093163e-05	0.9739119090909092	0.005739874174190341	0.5874126363636364	0.10016469943686589	8.645454545463949e-05	2.8842633733093163e-05
tw0	MC3_NNI	0.05	100000	11	0.9999194545454546	2.6985640503582545e-05	0.9739119090909092	0.005739874174190341	0.5874195454545454	0.10016585278194305	8.054545454538875e-05	2.6985640503582545e-05
tw0	MC3_NNI	0.05	200000	11	0.999953909090909	1.588965045982652e-05	0.9739119090909092	0.005739874174190341	0.5874714545454546	0.10018414229864775	4.609090909102331e-05	1.588965045982652e-05
tw0	MC3_NNI	0.05	300000	11	0.9999670909090909	1.120832040409894e-05	0.9739119090909092	0.005739874174190341	0.5874694545454546	0.10018797659557609	3.290909090913896e-05	1.120832040409894e-05
tw0	MC3_NNI	0.05	400000	11	0.999974090909091	8.837373679650542e-06	0.9739119090909092	0.005739874174190341	0.5874733636363637	0.10019213381655294	2.5909090909048693e-05	8.837373679650542e-06
tw0	MC3_NNI	0.05	500000	11	0.9999784545454545	7.312956915155372e-06	0.9739119090909092	0.005739874174190341	0.5875003636363636	0.1001921296525533	2.1545454545468523e-05	7.312956915155372e-06
tw0	MC3_NNI	0.05	600000	11	0.9999815454545455	6.182620268821894e-06	0.9739119090909092	0.005739874174190341	0.5875064545454545	0.1001918804508596	1.8454545454460458e-05	6.182620268821894e-06
tw0	MC3_NNI	0.05	700000	11	0.9999842727272727	5.272727272728143e-06	0.9739119090909092	0.005739874174190341	0.5875036363636363	0.10019211675705582	1.5727272727250607e-05	5.272727272728143e-06
tw0	MC3_NNI	0.05	800000	11	0.9999860909090912	4.67187823910323e-06	0.9739119090909092	0.005739874174190341	0.5875074545454546	0.100190621186395	1.3909090908814647e-05	4.67187823910323e-06
tw0	MC3_NNI	0.05	900000	11	0.9999874545454545	4.200354176328257e-06	0.9739119090909092	0.005739874174190341	0.5875010909090909	0.10019389930189042	1.2545454545542789e-05	4.200354176328257e-06
tw0	MC3_NNI	0.05	1000000	11	0.9999887272727274	3.837828242611043e-06	0.9739119090909092	0.005739874174190341	0.5875043636363636	0.10019341505356462	1.1272727272637617e-05	3.837828242611043e-06
tw0	MC3_NNI	0.1	1	11	4.5454545454545455e-06	4.545454545454546e-06	0.0	0.0	4.5454545454545455e-06	4.545454545454546e-06	0.9999954545454546	4.545454545454546e-06
tw0	MC3_NNI	0.1	2	11	1.9636363636363635e-05	1.5319193384457723e-05	0.0	0.0	1.2090909090909091e-05	8.410442151877786e-06	0.9999803636363637	1.5319193384457723e-05
tw0	MC3_NNI	0.1	3	11	3.1e-05	2.639042526096436e-05	0.0	0.0	1.3363636363636362e-05	9.50815222205061e-06	0.999969	2.639042526096436e-05
tw0	MC3_NNI	0.1	4	11	0.00022836363636363636	0.00014564479035886484	0.0001920909090909091	0.0001324908541986238	6.0545454545454536e-05	3.6161597821788704e-05	0.9997716363636364	0.00014564479035886484
tw0	MC3_NNI	0.1	5	11	0.003855454545454545	0.001889905247089178	0.0037988181818181823	0.00188434702371541	0.000799090909090909	0.0003752834917413151	0.9961445454545454	0.001889905247089178
tw0	MC3_NNI	0.1	6	11	0.014248909090909092	0.0073293083022944695	0.01413363636363636	0.007329986691384082	0.0027775454545454544	0.001488016790983198	0.9857510909090909	0.0073293083022944695
tw0	MC3_NNI	0.1	7	11	0.029557	0.01026845485942262	0.02935845454545455	0.01026149304692383	0.006335454545454546	0.002549876026803287	0.970443	0.01026845485942262
tw0	MC3_NNI	0.1	8	11	0.05953081818181818	0.019578712110498612	0.059033272727272726	0.019555950262628005	0.012548000000000002	0.004085233434968168	0.9404691818181818	0.019578712110498612
tw0	MC3_NNI	0.1	9	11	0.11054345454545454	0.03242845321357146	0.10978563636363638	0.03242236714376294	0.022469090909090907	0.007040786716701667	0.8894565454545454	0.03242845321357146
tw0	MC3_NNI	0.1	10	11	0.16148954545454544	0.04829573305194563	0.16049354545454542	0.048238256307692254	0.034114090909090906	0.011048189011165869	0.8385104545454546	0.04829573305194563
tw0	MC3_NNI	0.1	20	11	0.6456723636363636	0.09433270645233889	0.6424132727272727	0.09409625382583624	0.192762	0.047020284890092426	0.3543276363636364	0.09433270645233889
tw0	MC3_NNI	0.1	30	11	0.810213	0.06381191257138578	0.8057451818181818	0.06366390246797034	0.30433645454545455	0.062103982791380345	0.18978700000000004	0.06381191257138578
tw0	MC3_NNI	0.1	40	11	0.8828742727272726	0.04511967763587511	0.8774986363636365	0.0450677024267173	0.3673376363636364	0.06992254416037438	0.11712572727272741	0.04511967763587511
tw0	MC3_NNI	0.1	50	11	0.9105263636363635	0.036788821672615504	0.9042160909090909	0.03678364705568706	0.40841772727272724	0.07485253191079243	0.08947363636363648	0.036788821672615504
tw0	MC3_NNI	0.1	60	11	0.9274329999999998	0.030864556588718096	0.9204248181818181	0.030919466303408336	0.43577772727272723	0.07839235291799727	0.07256700000000016	0.030864556588718096
tw0	MC3_NNI	0.1	70	11	0.9383192727272728	0.025566127399741925	0.9308834545454547	0.025732353008107996	0.45610900000000004	0.08108953569268076	0.06168072727272722	0.025566127399741925
tw0	MC3_NNI	0.1	80	11	0.945199181818182	0.02251617033754678	0.937267090909091	0.022780882166833966	0.47227581818181824	0.08317684723470699	0.054800818181818034	0.02251617033754678
tw0	MC3_NNI	0.1	90	11	0.9503879999999999	0.02021586710527604	0.941574090909091	0.020633250967774654	0.4841399090909091	0.08479217352353122	0.0496120000000001	0.02021586710527604
tw0	MC3_NNI	0.1	100	11	0.9539736363636362	0.01871420799202026	0.9447858181818183	0.019254675219195317	0.49405263636363633	0.08625417756452282	0.04602636363636381	0.01871420799202026
tw0	MC3_NNI	0.1	200	11	0.9749019090909091	0.01000567905328546	0.9617010909090911	0.011646485781677233	0.5376790909090909	0.0930221180227833	0.025098090909090875	0.01000567905328546
tw0	MC3_NNI	0.1	300	11	0.9809140000000002	0.008193548148058045	0.9655029090909092	0.010381319538176208	0.5534647272727272	0.09546588089879793	0.019085999999999825	0.008193548148058045
tw0	MC3_NNI	0.1	400	11	0.9844866363636363	0.007035553278330812	0.967043181818182	0.009732245752061162	0.5614456363636364	0.09650780474583134	0.015513363636363686	0.007035553278330812
tw0	MC3_NNI	0.1	500	11	0.9867067272727272	0.006524505519530208	0.9678643636363637	0.00947106614740891	0.5662956363636363	0.09730533500082686	0.013293272727272765	0.006524505519530208
tw0	MC3_NNI	0.1	600	11	0.987843909090909	0.006215088311307837	0.9681777272727274	0.009344413291656646	0.569510909090909	0.09785232262709637	0.012156090909090977	0.006215088311307837
tw0	MC3_NNI	0.1	700	11	0.9888269090909091	0.005974341324598884	0.9684266363636365	0.009233720532790998	0.5717405454545456	0.09829777249916459	0.01117309090909091	0.005974341324598884
tw0	MC3_NNI	0.1	800	11	0.989487	0.005839724786479089	0.9684883636363636	0.009199818907578096	0.5735443636363636	0.09852053343563118	0.010512999999999995	0.005839724786479089
tw0	MC3_NNI	0.1	900	11	0.9901423636363635	0.005626254312309114	0.9686414545454547	0.00908290486710025	0.575001	0.09871687006125605	0.009857636363636457	0.005626254312309114
tw0	MC3_NNI	0.1	1000	11	0.9905084545454546	0.0055939987768771	0.9686414545454547	0.00908290486710025	0.5762069090909091	0.09887518917618537	0.009491545454545447	0.0055939987768771
tw0	MC3_NNI	0.1	2000	11	0.9943114545454546	0.003639227323993723	0.9704455454545454	0.007699571245871291	0.5811704545454545	0.09973336539770464	0.005688545454545446	0.003639227323993723
tw0	MC3_NNI	0.1	3000	11	0.9949422727272726	0.0036199499998829966	0.9704455454545454	0.007699571245871291	0.5827720909090909	0.10000730864014204	0.0050577272727273526	0.0036199499998829966
tw0	MC3_NNI	0.1	4000	11	0.995264090909091	0.003610014936898199	0.9704455454545454	0.007699571245871291	0.5834182727272728	0.100184274403003	0.004735909090909041	0.003610014936898199
tw0	MC3_NNI	0.1	5000	11	0.9954768181818182	0.0036140133139015715	0.9704455454545454	0.007699571245871291	0.5840267272727272	0.10023842364909874	0.004523181818181787	0.0036140133139015715
tw0	MC3_NNI	0.1	6000	11	0.997429090909091	0.0018158705723528889	0.9721787272727274	0.006565885868488469	0.5844690909090909	0.1002903835035094	0.002570909090908957	0.0018158705723528889
tw0	MC3_NNI	0.1	7000	11	0.9975255454545454	0.0018115294159337832	0.9721787272727274	0.006565885868488469	0.5849227272727272	0.10026842949667122	0.002474454545454585	0.0018115294159337832
tw0	MC3_NNI	0.1	8000	11	0.9975888181818182	0.0018119691439184096	0.9721787272727274	0.006565885868488469	0.5851837272727273	0.10026820411676701	0.0024111818181817846	0.0018119691439184096
tw0	MC3_NNI	0.1	9000	11	0.9976411818181817	0.0018097316868841047	0.9721787272727274	0.006565885868488469	0.5853946363636363	0.10025826800729773	0.0023588181818182674	0.0018097316868841047
tw0	MC3_NNI	0.1	10000	11	0.997691909090909	0.0018076886973276882	0.9721787272727274	0.006565885868488469	0.5855815454545454	0.10027032410977506	0.0023080909090910096	0.0018076886973276882
tw0	MC3_NNI	0.1	20000	11	0.999731090909091	9.614803496743727e-05	0.9739119090909092	0.005739874174190341	0.5864524545454545	0.10025060406939869	0.0002689090909090419	9.614803496743727e-05
tw0	MC3_NNI	0.1	30000	11	0.9998132727272728	6.341638602544652e-05	0.9739119090909092	0.005739874174190341	0.5867348181818182	0.10023883017571932	0.00018672727272717182	6.341638602544652e-05
tw0	MC3_NNI	0.1	40000	11	0.9998491818181818	4.9444885420176925e-05	0.9739119090909092	0.005739874174190341	0.5869379999999998	0.1002305696456471	0.00015081818181816864	4.9444885420176925e-05
tw0	MC3_NNI	0.1	50000	11	0.9998745454545456	4.095926216406871e-05	0.9739119090909092	0.005739874174190341	0.5870663636363637	0.10022649749943854	0.0001254545454544287	4.095926216406871e-05
tw0	MC3_NNI	0.1	60000	11	0.9998906363636365	3.602102232845786e-05	0.9739119090909092	0.005739874174190341	0.5871394545454546	0.10021506825562382	0.00010936363636349089	3.602102232845786e-05
tw0	MC3_NNI	0.1	70000	11	0.9999040000000001	3.16460538973269e-05	0.9739119090909092	0.005739874174190341	0.5871834545454546	0.10020473961902053	9.599999999987396e-05	3.16460538973269e-05
tw0	MC3_NNI	0.1	80000	11	0.9999124545454546	2.9345082795886596e-05	0.9739119090909092	0.005739874174190341	0.5872356363636365	0.10020600881159979	8.7545454545368e-05	2.9345082795886596e-05
tw0	MC3_NNI	0.1	90000	11	0.9999196363636362	2.743132672603891e-05	0.9739119090909092	0.005739874174190341	0.5872928181818181	0.10020271597578563	8.03636363637672e-05	2.743132672603891e-05
tw0	MC3_NNI	0.1	100000	11	0.9999261818181817	2.521609088795611e-05	0.9739119090909092	0.005739874174190341	0.5873130909090909	0.10019887134879264	7.381818181828592e-05	2.521609088795611e-05
tw0	MC3_NNI	0.1	200000	11	0.9999570000000001	1.5338602520196954e-05	0.9739119090909092	0.005739874174190341	0.5874166363636364	0.10019809568452367	4.2999999999904226e-05	1.5338602520196954e-05
tw0	MC3_NNI	0.1	300000	11	0.9999688181818182	1.100563341849069e-05	0.9739119090909092	0.005739874174190341	0.5874750909090909	0.10019319454320189	3.118181818184684e-05	1.100563341849069e-05
tw0	MC3_NNI	0.1	400000	11	0.9999754545454546	8.55502365584951e-06	0.9739119090909092	0.005739874174190341	0.5875	0.10018852029031887	2.4545454545443768e-05	8.55502365584951e-06
tw0	MC3_NNI	0.1	500000	11	0.9999800000000001	6.89663949787582e-06	0.9739119090909092	0.005739874174190341	0.5875113636363637	0.10018806887415403	1.999999999990898e-05	6.89663949787582e-06
tw0	MC3_NNI	0.1	600000	11	0.9999831818181818	5.710943532645838e-06	0.9739119090909092	0.005739874174190341	0.5875095454545455	0.10019148328143407	1.681818181820116e-05	5.710943532645838e-06
tw0	MC3_NNI	0.1	700000	11	0.9999854545454546	4.998842841307178e-06	0.9739119090909092	0.005739874174190341	0.5875090909090909	0.10019344309806219	1.4545454545378256e-05	4.998842841307178e-06
tw0	MC3_NNI	0.1	800000	11	0.9999870000000001	4.3713946183202995e-06	0.9739119090909092	0.005739874174190341	0.587511909090909	0.1001943013354511	1.2999999999929734e-05	4.3713946183202995e-06
tw0	MC3_NNI	0.1	900000	11	0.9999882727272726	3.901260656600435e-06	0.9739119090909092	0.005739874174190341	0.5875137272727273	0.10019492783279918	1.172727272735763e-05	3.901260656600435e-06
tw0	MC3_NNI	0.1	1000000	11	0.9999892727272726	3.5779397553010368e-06	0.9739119090909092	0.005739874174190341	0.5875144545454545	0.10019537729468757	1.0727272727439896e-05	3.5779397553010368e-06
tw0	MC3_NNI	0.2	1	11	0.0	0.0	0.0	0.0	0.0	0.0	1.0	0.0
tw0	MC3_NNI	0.2	2	11	0.0	0.0	0.0	0.0	0.0	0.0	1.0	0.0
tw0	MC3_NNI	0.2	3	11	1.7272727272727273e-06	1.727272727272727e-06	0.0	0.0	5.454545454545455e-07	5.454545454545454e-07	0.9999982727272727	1.727272727272727e-06
tw0	MC3_NNI	0.2	4	11	4.4181818181818184e-05	3.872251357868236e-05	3.718181818181818e-05	3.718181818181818e-05	1.1e-05	9.660604159537474e-06	0.9999558181818182	3.872251357868236e-05
tw0	MC3_NNI	0.2	5	11	0.003907272727272727	0.001905650182965045	0.003871090909090909	0.0019056365457841378	0.0007814545454545454	0.0003811110638320627	0.9960927272727272	0.001905650182965045
tw0	MC3_NNI	0.2	6	11	0.020994181818181818	0.010494145996539892	0.020825545454545454	0.01051118797573124	0.004116636363636364	0.0019048648783991681	0.9790058181818182	0.010494145996539892
tw0	MC3_NNI	0.2	7	11	0.043855	0.013024594292058671	0.043570727272727275	0.013037631877196459	0.009695636363636363	0.0033934334001601263	0.956145	0.013024594292058671
tw0	MC3_NNI	0.2	8	11	0.08524799999999999	0.02310273876523183	0.0847079090909091	0.023110187148235005	0.018137818181818186	0.0055631505508335535	0.914752	0.02310273876523183
tw0	MC3_NNI	0.2	9	11	0.13870972727272726	0.03686289276694258	0.13774109090909092	0.036869905532944676	0.029719181818181818	0.00891333722709777	0.8612902727272728	0.03686289276694258
tw0	MC3_NNI	0.2	10	11	0.201962	0.0464226596351394	0.20057627272727274	0.046376901401861854	0.04424736363636364	0.012498812294318009	0.798038	0.0464226596351394
tw0	MC3_NNI	0.2	20	11	0.6037379090909091	0.09448346921700639	0.6004995454545454	0.09421617470046441	0.20147236363636364	0.047874689414282884	0.3962620909090909	0.09448346921700639
tw0	MC3_NNI	0.2	30	11	0.698709	0.08445788703264	0.6947702727272728	0.08416993388368244	0.28822118181818185	0.06350126987861499	0.301291	0.08445788703264
tw0	MC3_NNI	0.2	40	11	0.7511249999999999	0.07727571265822376	0.7464461818181818	0.07695195819397713	0.338335090909091	0.07127192830069334	0.24887500000000007	0.07727571265822376
tw0	MC3_NNI	0.2	50	11	0.7826807272727272	0.07371572024079961	0.7773427272727272	0.07331408041955713	0.3712512727272727	0.07622650376012638	0.2173192727272728	0.07371572024079961
tw0	MC3_NNI	0.2	60	11	0.7951722727272726	0.07250751916520494	0.7893167272727272	0.0721407317150545	0.3948149090909091	0.07994433578109829	0.20482772727272736	0.07250751916520494
tw0	MC3_NNI	0.2	70	11	0.8034369090909091	0.07086041784040902	0.7972472727272727	0.07053652047377378	0.4119043636363637	0.08264660239040493	0.19656309090909085	0.07086041784040902
tw0	MC3_NNI	0.2	80	11	0.8108368181818182	0.07004469025594474	0.8041149999999999	0.06966481946539053	0.42483372727272734	0.08460802483249563	0.1891631818181818	0.07004469025594474
tw0	MC3_NNI	0.2	90	11	0.8209551818181818	0.06900042928243512	0.8138283636363636	0.06863492088596838	0.4350236363636364	0.08621718029786204	0.17904481818181817	0.06900042928243512
tw0	MC3_NNI	0.2	100	11	0.832905818181818	0.0661487595111913	0.8252019090909091	0.0658415944272111	0.4437846363636364	0.08752565520050498	0.16709418181818203	0.0661487595111913
tw0	MC3_NNI	0.2	200	11	0.885767	0.05639254271976039	0.8746941818181818	0.056392515341346205	0.49215690909090903	0.09452348119579548	0.11423300000000003	0.05639254271976039
tw0	MC3_NNI	0.2	300	11	0.9095740909090909	0.05091489240763445	0.8964481818181818	0.05111787891527478	0.5137287272727272	0.09766081733140479	0.09042590909090908	0.05091489240763445
tw0	MC3_NNI	0.2	400	11	0.920902	0.049402369583580984	0.9060494545454546	0.049816597090886316	0.5251807272727272	0.09953918567918053	0.079098	0.049402369583580984
tw0	MC3_NNI	0.2	500	11	0.9288508181818181	0.048854248797979435	0.9126626363636364	0.04933125410901892	0.5322251818181818	0.10066334409070644	0.07114918181818186	0.048854248797979435
tw0	MC3_NNI	0.2	600	11	0.9309193636363637	0.04865318410943704	0.913617	0.04915986946853741	0.537710181818182	0.10121895739676241	0.06908063636363626	0.04865318410943704
tw0	MC3_NNI	0.2	700	11	0.933691090909091	0.04847674637099066	0.915638818181818	0.048958288614774956	0.5416411818181819	0.1017711138918932	0.06630890909090903	0.04847674637099066
tw0	MC3_NNI	0.2	800	11	0.9348056363636364	0.04839743469634292	0.9161583636363635	0.04889780867246093	0.5445747272727273	0.10214780985068922	0.06519436363636355	0.04839743469634292
tw0	MC3_NNI	0.2	900	11	0.9354137272727274	0.048382876530308816	0.9162879090909091	0.04889412755395898	0.5470545454545456	0.10247770808702861	0.06458627272727258	0.048382876530308816
tw0	MC3_NNI	0.2	1000	11	0.9381894545454545	0.04832655382242836	0.9187028181818182	0.04877553345345822	0.5490668181818182	0.10276382091137809	0.06181054545454545	0.04832655382242836
tw0	MC3_NNI	0.2	2000	11	0.9454167272727273	0.04872586830274242	0.9236308181818184	0.049056284373586105	0.5583413636363636	0.10402241522385912	0.0545832727272727	0.04872586830274242
tw0	MC3_NNI	0.2	3000	11	0.9459958181818181	0.04876637533174569	0.9236308181818184	0.049056284373586105	0.5619693636363636	0.10459980438590025	0.054004181818181896	0.04876637533174569
tw0	MC3_NNI	0.2	4000	11	0.948093	0.04887175013943034	0.9253733636363638	0.04907447826449336	0.5638024545454545	0.1048704664964757	0.051907000000000036	0.04887175013943034
tw0	MC3_NNI	0.2	5000	11	0.948276	0.04888515896149782	0.9253733636363638	0.04907447826449336	0.5649953636363636	0.10506096348391536	0.05172399999999999	0.04888515896149782
tw0	MC3_NNI	0.2	6000	11	0.948396090909091	0.0488918516165953	0.9253733636363638	0.04907447826449336	0.5657533636363637	0.10517632486900469	0.05160390909090895	0.0488918516165953
tw0	MC3_NNI	0.2	7000	11	0.9484848181818181	0.04889768675358007	0.9253733636363638	0.04907447826449336	0.5662773636363636	0.10527209772664645	0.05151518181818193	0.04889768675358007
tw0	MC3_NNI	0.2	8000	11	0.9485555454545455	0.048903532216983264	0.9253733636363638	0.04907447826449336	0.5666837272727273	0.10533203434914244	0.05144445454545454	0.048903532216983264
tw0	MC3_NNI	0.2	9000	11	0.950415	0.047101797034816956	0.9271065454545456	0.047355456749098114	0.5670743636363637	0.10536110173409892	0.04958499999999999	0.047101797034816956
tw0	MC3_NNI	0.2	10000	11	0.9504651818181817	0.047092595632013436	0.9271065454545456	0.047355456749098114	0.5672953636363637	0.10539389433387261	0.04953481818181826	0.047092595632013436
tw0	MC3_NNI	0.2	20000	11	0.9524715454545455	0.04725434174652654	0.928849	0.0474319831669039	0.5688040909090909	0.10541773405107327	0.04752845454545451	0.04725434174652654
tw0	MC3_NNI	0.2	30000	11	0.9525534545454547	0.04726158304053643	0.928849	0.0474319831669039	0.569347090909091	0.10539934623408202	0.0474465454545453	0.04726158304053643
tw0	MC3_NNI	0.2	40000	11	0.9525943636363636	0.047264458350333535	0.928849	0.0474319831669039	0.5696398181818183	0.10540203220801064	0.04740563636363637	0.047264458350333535
tw0	MC3_NNI	0.2	50000	11	0.9526142727272727	0.04726554343841744	0.928849	0.0474319831669039	0.5698198181818181	0.10539005985082432	0.047385727272727274	0.04726554343841744
tw0	MC3_NNI	0.2	60000	11	0.9526293636363636	0.04726644827691256	0.928849	0.0474319831669039	0.5699463636363636	0.10539323755348329	0.047370636363636365	0.04726644827691256
tw0	MC3_NNI	0.2	70000	11	0.952640090909091	0.047267018811593536	0.928849	0.0474319831669039	0.5700168181818183	0.10539200022848191	0.047359909090909036	0.047267018811593536
tw0	MC3_NNI	0.2	80000	11	0.9526499090909091	0.04726779886896951	0.928849	0.0474319831669039	0.5700620909090909	0.10539557425135032	0.047350090909090925	0.04726779886896951
tw0	MC3_NNI	0.2	90000	11	0.9526565454545453	0.047267961242332124	0.928849	0.0474319831669039	0.5701203636363638	0.10538841501480242	0.047343454545454744	0.047267961242332124
tw0	MC3_NNI	0.2	100000	11	0.9526620909090909	0.04726851481068836	0.928849	0.0474319831669039	0.5701722727272727	0.10538323544543082	0.04733790909090907	0.04726851481068836
tw0	MC3_NNI	0.2	200000	11	0.952689181818182	0.04727032020543088	0.928849	0.0474319831669039	0.570344818181818	0.10537899742443231	0.04731081818181804	0.04727032020543088
tw0	MC3_NNI	0.2	300000	11	0.9563357272727273	0.04363477385361586	0.9323153636363638	0.04398952466425133	0.5707	0.10526587241525838	0.04366427272727269	0.04363477385361586
tw0	MC3_NNI	0.2	400000	11	0.9581603636363638	0.04181693704366748	0.9340485454545455	0.04226976063750617	0.5711282727272727	0.10511403033754177	0.04183963636363619	0.04181693704366748
tw0	MC3_NNI	0.2	500000	11	0.9599822727272727	0.03999902773274981	0.9357817272727273	0.04055113915720627	0.5714998181818183	0.10497979189832145	0.040017727272727344	0.03999902773274981
tw0	MC3_NNI	0.2	600000	11	0.9599850909090911	0.03999920940956313	0.9357817272727273	0.04055113915720627	0.571768090909091	0.10488422294957206	0.04001490909090888	0.03999920940956313
tw0	MC3_NNI	0.2	700000	11	0.9599869999999998	0.03999920024314123	0.9357817272727273	0.04055113915720627	0.5719578181818181	0.10481786232125083	0.04001300000000019	0.03999920024314123
tw0	MC3_NNI	0.2	800000	11	0.9636245454545453	0.036363154755219826	0.9392481818181818	0.037117868598883295	0.5721839999999999	0.10473815830545324	0.036375454545454655	0.036363154755219826
tw0	MC3_NNI	0.2	900000	11	0.9654437272727274	0.034545072904590475	0.9409813636363638	0.035403703511528724	0.5724911818181818	0.1046295645522655	0.034556272727272574	0.034545072904590475
tw0	MC3_NNI	0.2	1000000	11	0.9672622727272727	0.032727527425726086	0.9427145454545456	0.033691484291586915	0.572753090909091	0.10453579879686756	0.03273772727272728	0.032727527425726086
tw0	MC3_NNI	0.3	1	11	0.0	0.0	0.0	0.0	0.0	0.0	1.0	0.0
tw0	MC3_NNI	0.3	2	11	0.0	0.0	0.0	0.0	0.0	0.0	1.0	0.0
tw0	MC3_NNI	0.3	3	11	5.454545454545455e-07	4.5454545454545457e-07	0.0	0.0	1.818181818181818e-07	1.8181818181818178e-07	0.9999994545454546	4.5454545454545457e-07
tw0	MC3_NNI	0.3	4	11	0.00014590909090909089	0.00013414737177959137	0.00013199999999999998	0.000132	3.645454545454546e-05	3.356441937429999e-05	0.9998540909090909	0.00013414737177959137
tw0	MC3_NNI	0.3	5	11	0.008544454545454544	0.003914080443182342	0.008528818181818183	0.0039108651840230055	0.0017352727272727274	0.0007808260438431865	0.9914555454545455	0.003914080443182342
tw0	MC3_NNI	0.3	6	11	0.020705545454545452	0.00936735040481627	0.02061172727272727	0.009365596359297644	0.004681000000000001	0.0021595849306584986	0.9792944545454545	0.00936735040481627
tw0	MC3_NNI	0.3	7	11	0.03589509090909091	0.012106083703099292	0.03569518181818181	0.01209598800490791	0.008765454545454547	0.003526581456630192	0.9641049090909091	0.012106083703099292
tw0	MC3_NNI	0.3	8	11	0.0582539090909091	0.017397173832893114	0.05795945454545455	0.01736812694740446	0.01405909090909091	0.005188303519288792	0.9417460909090909	0.017397173832893114
tw0	MC3_NNI	0.3	9	11	0.09360036363636363	0.024740563710882405	0.0932052727272727	0.02471242322803761	0.021551090909090912	0.007348492028924953	0.9063996363636364	0.024740563710882405
tw0	MC3_NNI	0.3	10	11	0.12337381818181817	0.03264182082176683	0.12288754545454546	0.03260281907927139	0.02966018181818181	0.009871044530543206	0.8766261818181819	0.03264182082176683
tw0	MC3_NNI	0.3	20	11	0.24084154545454545	0.04399357240125872	0.23975890909090908	0.043977850671457236	0.09186645454545453	0.02638578063908446	0.7591584545454546	0.04399357240125872
tw0	MC3_NNI	0.3	30	11	0.29991172727272725	0.04498893166548471	0.2984423636363637	0.04488934273021174	0.12831327272727275	0.033821977073841665	0.7000882727272728	0.04498893166548471
tw0	MC3_NNI	0.3	40	11	0.3382779090909091	0.04883507781567272	0.3365039090909091	0.048746039951691474	0.15275418181818182	0.038765928535674954	0.6617220909090908	0.04883507781567272
tw0	MC3_NNI	0.3	50	11	0.3722707272727273	0.05005289057806586	0.3698851818181818	0.04994266880694634	0.1724298181818182	0.04268110266655557	0.6277292727272727	0.05005289057806586
tw0	MC3_NNI	0.3	60	11	0.3880717272727274	0.050751790030248004	0.38533236363636364	0.05064874932733424	0.1879399090909091	0.04572236737218837	0.6119282727272726	0.050751790030248004
tw0	MC3_NNI	0.3	70	11	0.40032	0.051924131698609516	0.39736163636363636	0.05187692017252737	0.2000962727272727	0.04824055920923632	0.59968	0.051924131698609516
tw0	MC3_NNI	0.3	80	11	0.4232842727272727	0.05492385897157014	0.4199275454545454	0.054847353625289176	0.21021472727272725	0.0506126391320463	0.5767157272727272	0.05492385897157014
tw0	MC3_NNI	0.3	90	11	0.43358972727272727	0.05676508215733442	0.4299834545454546	0.056740903866829555	0.21931509090909093	0.05265386790427643	0.5664102727272727	0.05676508215733442
tw0	MC3_NNI	0.3	100	11	0.44545327272727275	0.0566037382337776	0.44161454545454554	0.056638178958008	0.2269861818181818	0.054343656761027134	0.5545467272727272	0.0566037382337776
tw0	MC3_NNI	0.3	200	11	0.49266445454545454	0.05752429294344238	0.48704618181818177	0.05756171863026174	0.2707941818181818	0.06283913986012485	0.5073355454545454	0.05752429294344238
tw0	MC3_NNI	0.3	300	11	0.5233353636363637	0.061269640020052155	0.5165355454545455	0.0612448676741553	0.29140136363636365	0.06650463393673786	0.4766646363636363	0.061269640020052155
tw0	MC3_NNI	0.3	400	11	0.548583	0.06451490780122066	0.5407280909090909	0.06442674494401368	0.30655581818181815	0.06901859098201113	0.45141699999999996	0.06451490780122066
tw0	MC3_NNI	0.3	500	11	0.5641059090909091	0.0651573530192947	0.5553066363636364	0.0649790984794723	0.317353	0.07091235678202931	0.4358940909090909	0.0651573530192947
tw0	MC3_NNI	0.3	600	11	0.5797224545454545	0.06688994559782015	0.570146090909091	0.06662098055833252	0.32635563636363635	0.07222971948610435	0.42027754545454554	0.06688994559782015
tw0	MC3_NNI	0.3	700	11	0.5890608181818182	0.0683790091186706	0.5789604545454545	0.06806783574365204	0.33373336363636363	0.07335586629838664	0.4109391818181818	0.0683790091186706
tw0	MC3_NNI	0.3	800	11	0.6112890000000001	0.073241675423342	0.600775	0.07301950670770355	0.34076172727272724	0.07466511464473047	0.3887109999999999	0.073241675423342
tw0	MC3_NNI	0.3	900	11	0.6225365454545454	0.07548324268837467	0.6116017272727272	0.07530356619903578	0.34778927272727267	0.07633658801519527	0.3774634545454546	0.07548324268837467
tw0	MC3_NNI	0.3	1000	11	0.6246130909090909	0.0759533603112588	0.6133987272727273	0.07575105552737033	0.35402081818181813	0.0777866780055695	0.3753869090909091	0.0759533603112588
tw0	MC3_NNI	0.3	2000	11	0.680273	0.08534259748566363	0.6669519090909091	0.08486842723999356	0.39351409090909095	0.08749103065400002	0.319727	0.08534259748566363
tw0	MC3_NNI	0.3	3000	11	0.7026427272727273	0.08606584197589559	0.6881761818181819	0.08552791125281514	0.41452445454545456	0.09272288305927934	0.29735727272727275	0.08606584197589559
tw0	MC3_NNI	0.3	4000	11	0.7101347272727273	0.08743020784936675	0.6953260909090909	0.08687656932572937	0.42665172727272727	0.09557488211317398	0.2898652727272727	0.08743020784936675
tw0	MC3_NNI	0.3	5000	11	0.7284151818181818	0.0879940089536904	0.7129965454545455	0.08736847957445561	0.4359368181818182	0.09758639234692307	0.27158481818181823	0.0879940089536904
tw0	MC3_NNI	0.3	6000	11	0.7411215454545453	0.08869645153846743	0.7253285454545454	0.08799943670112724	0.44356554545454546	0.0992014648376418	0.25887845454545466	0.08869645153846743
tw0	MC3_NNI	0.3	7000	11	0.746665909090909	0.08855754951570446	0.7305504545454546	0.08776671892148513	0.4494262727272728	0.10033040228674377	0.253334090909091	0.08855754951570446
tw0	MC3_NNI	0.3	8000	11	0.7537423636363635	0.08940320420475814	0.7374401818181817	0.0885924552848418	0.4544734545454545	0.10132841495798461	0.2462576363636365	0.08940320420475814
tw0	MC3_NNI	0.3	9000	11	0.7576404545454545	0.0895805823736741	0.7411777272727273	0.08873402437500211	0.458772909090909	0.10214784981659536	0.24235954545454552	0.0895805823736741
tw0	MC3_NNI	0.3	10000	11	0.7613393636363636	0.09026734639576058	0.7447380909090909	0.08940269290579711	0.4623856363636365	0.10284853533789587	0.23866063636363644	0.09026734639576058
tw0	MC3_NNI	0.3	20000	11	0.7924164545454547	0.09054041951188668	0.7746115454545456	0.0894242191250999	0.4831615454545454	0.10645844712190111	0.20758354545454527	0.09054041951188668
tw0	MC3_NNI	0.3	30000	11	0.7998056363636364	0.09110489812700649	0.7817694545454547	0.08999679569158041	0.49287236363636366	0.10782994709510078	0.20019436363636356	0.09110489812700649
tw0	MC3_NNI	0.3	40000	11	0.8107554545454545	0.08952313585369616	0.7923960909090909	0.08852505574278284	0.49903836363636356	0.10874081158167491	0.1892445454545455	0.08952313585369616
tw0	MC3_NNI	0.3	50000	11	0.8162331818181818	0.08872533508805477	0.7976018181818183	0.08767230159207205	0.5033566363636364	0.10920262144066895	0.18376681818181817	0.08872533508805477
tw0	MC3_NNI	0.3	60000	11	0.8217030909090911	0.08773486112988947	0.8028079090909092	0.08662845750197738	0.506445909090909	0.10946907225525594	0.1782969090909089	0.08773486112988947
tw0	MC3_NNI	0.3	70000	11	0.8271709090909091	0.08609283014297095	0.8080244545454545	0.08499750681662949	0.5088812727272727	0.10959964609275068	0.17282909090909093	0.08609283014297095
tw0	MC3_NNI	0.3	80000	11	0.830830181818182	0.08524412544118838	0.8115850909090908	0.08422875253525144	0.5110245454545455	0.10973003662802829	0.16916981818181798	0.08524412544118838
tw0	MC3_NNI	0.3	90000	11	0.8326546363636363	0.08434072010646866	0.8133275454545454	0.08335636276759548	0.5127745454545454	0.1098125629906262	0.16734536363636365	0.08434072010646866
tw0	MC3_NNI	0.3	100000	11	0.8362970909090909	0.08200453228089447	0.8168032727272727	0.08112637751614798	0.5142388181818183	0.10984451659230285	0.16370290909090912	0.08200453228089447
tw0	MC3_NNI	0.3	200000	11	0.8545066363636362	0.07959047730639329	0.8343392727272726	0.07869621882947235	0.5225791818181819	0.10965247646466111	0.14549336363636378	0.07959047730639329
tw0	MC3_NNI	0.3	300000	11	0.8599745454545453	0.07825079322413679	0.8395560909090908	0.07733549182789756	0.526825	0.10935945038957123	0.14002545454545468	0.07825079322413679
tw0	MC3_NNI	0.3	400000	11	0.8636165454545456	0.07866020923629381	0.8430892727272726	0.0777131085771823	0.529204090909091	0.10918492563207155	0.13638345454545442	0.07866020923629381
tw0	MC3_NNI	0.3	500000	11	0.8690743636363636	0.07854709198474188	0.8483646363636365	0.07757118316608799	0.5312036363636364	0.10903810828990625	0.1309256363636364	0.07854709198474188
tw0	MC3_NNI	0.3	600000	11	0.8727131818181817	0.07807882557027264	0.851838909090909	0.07705220874817217	0.5326480909090909	0.10892104986243721	0.1272868181818183	0.07807882557027264
tw0	MC3_NNI	0.3	700000	11	0.8763514545454545	0.07768435979097647	0.8553131818181818	0.0766006990735746	0.533849	0.10880595375471293	0.12364854545454551	0.07768435979097647
tw0	MC3_NNI	0.3	800000	11	0.8781700909090909	0.07710389738993326	0.8570557272727272	0.07602434350941818	0.5348409090909091	0.10870290562616944	0.12182990909090907	0.07710389738993326
tw0	MC3_NNI	0.3	900000	11	0.878172090909091	0.07710370399750932	0.8570557272727272	0.07602434350941818	0.535647090909091	0.10861030174548189	0.12182790909090901	0.07710370399750932
tw0	MC3_NNI	0.3	1000000	11	0.8799911818181816	0.07712950391526498	0.8588738181818182	0.07610079283947503	0.5363780909090909	0.10856501233374612	0.12000881818181841	0.07712950391526498
tw0	MC3_NNI	0.4	1	11	4.5454545454545457e-07	4.545454545454545e-07	0.0	0.0	4.5454545454545457e-07	4.545454545454545e-07	0.9999995454545455	4.545454545454545e-07
tw0	MC3_NNI	0.4	2	11	2.7454545454545458e-05	2.7454545454545458e-05	2.7090909090909088e-05	2.709090909090909e-05	1.3727272727272729e-05	1.3727272727272729e-05	0.9999725454545455	2.7454545454545458e-05
tw0	MC3_NNI	0.4	3	11	0.0009881818181818182	0.0008835990742225469	0.0009868181818181818	0.0008836949578403152	0.00032936363636363637	0.0002945066220193073	0.9990118181818182	0.0008835990742225469
tw0	MC3_NNI	0.4	4	11	0.001027090909090909	0.0008834636737353254	0.001017	0.000884548708767255	0.0004787272727272727	0.0004416856572662404	0.9989729090909091	0.0008834636737353254
tw0	MC3_NNI	0.4	5	11	0.00442	0.002402761702707949	0.0043500909090909085	0.0024136001380606277	0.0010615454545454546	0.0006090728925422244	0.99558	0.002402761702707949
tw0	MC3_NNI	0.4	6	11	0.008198545454545457	0.002583978589707375	0.008120090909090908	0.002577318001526342	0.0019644545454545453	0.0007591808906929812	0.9918014545454545	0.002583978589707375
tw0	MC3_NNI	0.4	7	11	0.01380418181818182	0.003580265629602418	0.013707909090909092	0.0035610721711676198	0.0031195454545454543	0.0009920357798132847	0.9861958181818182	0.003580265629602418
tw0	MC3_NNI	0.4	8	11	0.017346636363636363	0.0029351454796614183	0.01723772727272727	0.0029132675066476914	0.004296727272727272	0.0011813648969876795	0.9826533636363637	0.0029351454796614183
tw0	MC3_NNI	0.4	9	11	0.022287636363636364	0.003091680691123805	0.022173727272727276	0.003067673216835401	0.005742909090909091	0.0013004441440910971	0.9777123636363636	0.003091680691123805
tw0	MC3_NNI	0.4	10	11	0.027096272727272722	0.0039413088160496984	0.026979272727272727	0.0039288401829892594	0.007080999999999999	0.0014275486809085132	0.9729037272727272	0.0039413088160496984
tw0	MC3_NNI	0.4	20	11	0.06380136363636363	0.010012013637509988	0.06361272727272728	0.010013417793677832	0.02126563636363636	0.004025930824661382	0.9361986363636363	0.010012013637509988
tw0	MC3_NNI	0.4	30	11	0.08242927272727273	0.013300918060652743	0.08214336363636364	0.013308411992060254	0.03101918181818182	0.006191879174029895	0.9175707272727273	0.013300918060652743
tw0	MC3_NNI	0.4	40	11	0.09559163636363635	0.013458408399261865	0.09522400000000002	0.013444514283122721	0.03752681818181818	0.007880845820801197	0.9044083636363637	0.013458408399261865
tw0	MC3_NNI	0.4	50	11	0.10343636363636363	0.014361467501156588	0.1029978181818182	0.014324396970215904	0.04276463636363636	0.009065721710500019	0.8965636363636363	0.014361467501156588
tw0	MC3_NNI	0.4	60	11	0.11070845454545454	0.01425560925604925	0.11009109090909092	0.014260254785722414	0.04753190909090909	0.009913452403361759	0.8892915454545455	0.01425560925604925
tw0	MC3_NNI	0.4	70	11	0.1124170909090909	0.01413855204522504	0.11175781818181818	0.014140975447142755	0.05114463636363637	0.010581560561375132	0.8875829090909091	0.01413855204522504
tw0	MC3_NNI	0.4	80	11	0.11972054545454544	0.015957102431413156	0.11899563636363637	0.015968068553023237	0.054164727272727274	0.011227919145101002	0.8802794545454545	0.015957102431413156
tw0	MC3_NNI	0.4	90	11	0.12567954545454543	0.017748838730444843	0.12486263636363638	0.017783870451657094	0.05704090909090909	0.011974897426362398	0.8743204545454546	0.017748838730444843
tw0	MC3_NNI	0.4	100	11	0.13035699999999997	0.01673316204318946	0.1293660909090909	0.01677416013638214	0.059582090909090925	0.01262689829289733	0.869643	0.01673316204318946
tw0	MC3_NNI	0.4	200	11	0.16042745454545454	0.020854329868862702	0.15871309090909091	0.020970206012103997	0.07748345454545456	0.016960177036685155	0.8395725454545455	0.020854329868862702
tw0	MC3_NNI	0.4	300	11	0.1718900909090909	0.021861952085531672	0.16971854545454546	0.021964530035062373	0.08650481818181817	0.019135173958312376	0.8281099090909091	0.021861952085531672
tw0	MC3_NNI	0.4	400	11	0.175851	0.021971245727913646	0.173386	0.022090094732090386	0.09236063636363635	0.02035832375546256	0.824149	0.021971245727913646
tw0	MC3_NNI	0.4	500	11	0.1863609090909091	0.022552542379742524	0.18345318181818182	0.022600349825859765	0.09666690909090912	0.021179337457426218	0.8136390909090909	0.022552542379742524
tw0	MC3_NNI	0.4	600	11	0.19613845454545456	0.024535923316032923	0.19295063636363638	0.02454790130717445	0.1003391818181818	0.021737777403663873	0.8038615454545455	0.024535923316032923
tw0	MC3_NNI	0.4	700	11	0.20590218181818185	0.02680219721346407	0.2024317272727273	0.02681952337014312	0.10449354545454546	0.022893467346648606	0.7940978181818181	0.02680219721346407
tw0	MC3_NNI	0.4	800	11	0.2098030909090909	0.027469513361826	0.20608527272727273	0.027458788907971925	0.10782954545454547	0.023779434507139544	0.7901969090909091	0.027469513361826
tw0	MC3_NNI	0.4	900	11	0.21684663636363635	0.029368967601959704	0.2129457272727273	0.02934997869074367	0.11048127272727273	0.024518967400803265	0.7831533636363637	0.029368967601959704
tw0	MC3_NNI	0.4	1000	11	0.22249099999999997	0.03204488259613381	0.21848318181818183	0.03206256893916195	0.11306063636363638	0.02520666099963288	0.777509	0.03204488259613381
tw0	MC3_NNI	0.4	2000	11	0.258989	0.039297288548610164	0.25390527272727276	0.038993150807916585	0.13106545454545454	0.03037899936510078	0.741011	0.039297288548610164
tw0	MC3_NNI	0.4	3000	11	0.2705011818181818	0.042776635218904714	0.2649870909090909	0.04240827615914236	0.141409	0.032756283680595334	0.7294988181818183	0.042776635218904714
tw0	MC3_NNI	0.4	4000	11	0.2869099090909091	0.04494685383396597	0.280949	0.04459644848232159	0.148679	0.034452414681438774	0.7130900909090909	0.04494685383396597
tw0	MC3_NNI	0.4	5000	11	0.29788472727272725	0.04749175967319171	0.2917852727272728	0.04721272027442121	0.15517536363636364	0.036411350241941344	0.7021152727272728	0.04749175967319171
tw0	MC3_NNI	0.4	6000	11	0.31061500000000003	0.05016387367328296	0.3042914545454546	0.04988076990481923	0.1608171818181818	0.03815963803092529	0.6893849999999999	0.05016387367328296
tw0	MC3_NNI	0.4	7000	11	0.31969454545454545	0.05294165311554421	0.31326109090909093	0.05264994224540638	0.16556936363636365	0.039627377915750196	0.6803054545454545	0.05294165311554421
tw0	MC3_NNI	0.4	8000	11	0.32704090909090905	0.055595269725768864	0.32042763636363636	0.05530821922845772	0.17007854545454545	0.04119222582265729	0.672959090909091	0.055595269725768864
tw0	MC3_NNI	0.4	9000	11	0.32887227272727276	0.05476006278734878	0.3221700909090909	0.0545014533431665	0.17374690909090906	0.04247748892070086	0.6711277272727272	0.05476006278734878
tw0	MC3_NNI	0.4	10000	11	0.3289269090909091	0.054753677218887166	0.3221700909090909	0.0545014533431665	0.1766894545454545	0.04350641523298367	0.671073090909091	0.054753677218887166
tw0	MC3_NNI	0.4	20000	11	0.36168836363636364	0.058300283387003875	0.3541533636363636	0.058051432258624656	0.19632218181818184	0.049455661517219494	0.6383116363636363	0.058300283387003875
tw0	MC3_NNI	0.4	30000	11	0.3998120909090908	0.06593172782045138	0.39140936363636364	0.06548367855959122	0.20921954545454546	0.05294908100728192	0.6001879090909092	0.06593172782045138
tw0	MC3_NNI	0.4	40000	11	0.4162507272727272	0.06750976118433015	0.407277	0.06695546309559403	0.2209378181818182	0.05589383358325905	0.5837492727272728	0.06750976118433015
tw0	MC3_NNI	0.4	50000	11	0.4326121818181818	0.06912840025249696	0.4232051818181818	0.06850185757611622	0.2301978181818182	0.05785602904731681	0.5673878181818182	0.06912840025249696
tw0	MC3_NNI	0.4	60000	11	0.4434577272727273	0.06983647220147297	0.4339035454545454	0.06923906513356638	0.23804945454545454	0.0597041904596568	0.5565422727272726	0.06983647220147297
tw0	MC3_NNI	0.4	70000	11	0.46666318181818195	0.07281747689579351	0.45657018181818176	0.07205018677735152	0.245225	0.06138461080581857	0.5333368181818181	0.07281747689579351
tw0	MC3_NNI	0.4	80000	11	0.476229090909091	0.07427622317740161	0.4658752727272726	0.0735431018671229	0.2517944545454545	0.0628223856528523	0.5237709090909091	0.07427622317740161
tw0	MC3_NNI	0.4	90000	11	0.4835303636363637	0.07563222550801918	0.472968909090909	0.07487910318876502	0.25795627272727273	0.06427509307402347	0.5164696363636363	0.07563222550801918
tw0	MC3_NNI	0.4	100000	11	0.4944047272727273	0.07716105144284446	0.4836121818181818	0.07635581928705039	0.2635827272727273	0.06567217964073745	0.5055952727272728	0.07716105144284446
tw0	MC3_NNI	0.4	200000	11	0.5489997272727273	0.08853754795104431	0.536589090909091	0.08705011039828564	0.2979992727272727	0.07394079847063041	0.4510002727272727	0.08853754795104431
tw0	MC3_NNI	0.4	300000	11	0.5817477272727272	0.08976730232612956	0.5684180909090909	0.08815217221656636	0.3182520909090909	0.0784739503883532	0.41825227272727283	0.08976730232612956
tw0	MC3_NNI	0.4	400000	11	0.5999355454545454	0.09273768228928535	0.5860353636363637	0.09090372765876824	0.33242609090909087	0.08154328770664244	0.4000644545454546	0.09273768228928535
tw0	MC3_NNI	0.4	500000	11	0.6090541818181818	0.09303391520640769	0.5949413636363636	0.09118825311172812	0.34264663636363635	0.08368901508227543	0.39094581818181817	0.09303391520640769
tw0	MC3_NNI	0.4	600000	11	0.621788	0.09474331029231275	0.6072724545454545	0.09272549939151913	0.3506084545454545	0.08531517118440772	0.378212	0.09474331029231275
tw0	MC3_NNI	0.4	700000	11	0.630887	0.09478055344828726	0.616059090909091	0.09272507271493555	0.35699009090909084	0.0864989506658848	0.369113	0.09478055344828726
tw0	MC3_NNI	0.4	800000	11	0.6454322727272728	0.095875977491861	0.6302901818181817	0.09377658955496479	0.3626046363636364	0.08756233301184753	0.35456772727272723	0.095875977491861
tw0	MC3_NNI	0.4	900000	11	0.654520181818182	0.0971551901405748	0.639134	0.09500438844361588	0.3685345454545455	0.08879523674667195	0.34547981818181805	0.0971551901405748
tw0	MC3_NNI	0.4	1000000	11	0.656348	0.09711095353291886	0.6409242727272727	0.09496725144481896	0.37337618181818183	0.08982915523631191	0.34365199999999996	0.09711095353291886
tw0	MC3_NNI	0.5	1	11	0.0	0.0	0.0	0.0	0.0	0.0	1.0	0.0
tw0	MC3_NNI	0.5	2	11	0.0	0.0	0.0	0.0	0.0	0.0	1.0	0.0
tw0	MC3_NNI	0.5	3	11	0.0	0.0	0.0	0.0	0.0	0.0	1.0	0.0
tw0	MC3_NNI	0.5	4	11	9.09090909090909e-08	9.090909090909089e-08	0.0	0.0	0.0	0.0	0.9999999090909091	9.090909090909089e-08
tw0	MC3_NNI	0.5	5	11	0.0004945454545454545	0.0004869728266385071	0.00048754545454545453	0.0004875454545454545	9.900000000000001e-05	9.740589864535458e-05	0.9995054545454546	0.0004869728266385071
tw0	MC3_NNI	0.5	6	11	0.0035790909090909094	0.001985682133559445	0.003560545454545455	0.001986291095409351	0.0005966363636363636	0.00033096971222941707	0.9964209090909091	0.001985682133559445
tw0	MC3_NNI	0.5	7	11	0.009590272727272727	0.00449929191417112	0.009571545454545456	0.004502112256513372	0.001568181818181818	0.0006941016406862225	0.9904097272727272	0.00449929191417112
tw0	MC3_NNI	0.5	8	11	0.014687090909090912	0.005048825149486032	0.014667818181818183	0.005044151114847917	0.002897	0.0010999503046625664	0.9853129090909091	0.005048825149486032
tw0	MC3_NNI	0.5	9	11	0.01650518181818182	0.006164381289927101	0.016485909090909093	0.006161122436779822	0.004089181818181818	0.001627193857916035	0.9834948181818182	0.006164381289927101
tw0	MC3_NNI	0.5	10	11	0.018318818181818183	0.006905263999716821	0.018287363636363636	0.006900127111177969	0.005130636363636364	0.002077624895152799	0.9816811818181819	0.006905263999716821
tw0	MC3_NNI	0.5	20	11	0.02924981818181818	0.0070561885356926	0.029216363636363638	0.007048677305027747	0.013226727272727272	0.004270399274691917	0.9707501818181818	0.0070561885356926
tw0	MC3_NNI	0.5	30	11	0.034761090909090915	0.008023912750425835	0.03471054545454546	0.008011373216035537	0.017238545454545454	0.005132868289693282	0.965238909090909	0.008023912750425835
tw0	MC3_NNI	0.5	40	11	0.03495009090909091	0.008014418366526607	0.03483645454545455	0.008003190167749172	0.019467363636363637	0.005702719323067369	0.965049909090909	0.008014418366526607
tw0	MC3_NNI	0.5	50	11	0.035154000000000005	0.00799040611210492	0.0349689090909091	0.007985399259619845	0.020795636363636363	0.006050773596330439	0.964846	0.00799040611210492
tw0	MC3_NNI	0.5	60	11	0.03751463636363637	0.009103789833483164	0.03731254545454546	0.009095086266134575	0.021748636363636362	0.0063397649286399595	0.9624853636363636	0.009103789833483164
tw0	MC3_NNI	0.5	70	11	0.037709090909090914	0.009090125982179832	0.03746454545454546	0.009080516753781279	0.02252581818181818	0.00659428967270951	0.9622909090909091	0.009090125982179832
tw0	MC3_NNI	0.5	80	11	0.03797345454545455	0.009090290925801138	0.03771754545454546	0.00907998767156115	0.023223181818181816	0.006801971065692091	0.9620265454545455	0.009090290925801138
tw0	MC3_NNI	0.5	90	11	0.03799118181818183	0.00909043221876534	0.03771754545454546	0.00907998767156115	0.023791090909090915	0.006932817272619927	0.9620088181818182	0.00909043221876534
tw0	MC3_NNI	0.5	100	11	0.03801027272727273	0.009092374836382916	0.03771754545454546	0.00907998767156115	0.024197090909090915	0.0070361610613310826	0.9619897272727272	0.009092374836382916
tw0	MC3_NNI	0.5	200	11	0.05011927272727273	0.01050514608620756	0.04961318181818181	0.010441297184143515	0.028525181818181814	0.00808690437662609	0.9498807272727273	0.01050514608620756
tw0	MC3_NNI	0.5	300	11	0.054000454545454546	0.010789658771555827	0.053348636363636355	0.01070127389806103	0.03164572727272728	0.008868425981168873	0.9459995454545455	0.010789658771555827
tw0	MC3_NNI	0.5	400	11	0.059465	0.010866821100780286	0.05871963636363637	0.010787894925056026	0.03401454545454546	0.00951102760566399	0.940535	0.010866821100780286
tw0	MC3_NNI	0.5	500	11	0.06156881818181818	0.011270975605766573	0.0606909090909091	0.011228557135070257	0.03586918181818182	0.009978023780304926	0.9384311818181819	0.011270975605766573
tw0	MC3_NNI	0.5	600	11	0.06160109090909091	0.011275177238239717	0.0606909090909091	0.011228557135070257	0.03742245454545455	0.01034347345858391	0.9383989090909091	0.011275177238239717
tw0	MC3_NNI	0.5	700	11	0.06644545454545454	0.012704606662984771	0.06549227272727273	0.012600211817188494	0.03885181818181818	0.01078745584954048	0.9335545454545454	0.012704606662984771
tw0	MC3_NNI	0.5	800	11	0.06680918181818181	0.01270448892379682	0.06578772727272728	0.012572502883161628	0.04010327272727272	0.01116923299400546	0.9331908181818181	0.01270448892379682
tw0	MC3_NNI	0.5	900	11	0.06702272727272728	0.012712861730683266	0.06594036363636363	0.012560886902873413	0.04101263636363636	0.011470658243197351	0.9329772727272727	0.012712861730683266
tw0	MC3_NNI	0.5	1000	11	0.06886127272727274	0.013306485593048846	0.06775845454545454	0.013170567781205898	0.041977909090909094	0.011778530183388407	0.9311387272727273	0.013306485593048846
tw0	MC3_NNI	0.5	2000	11	0.08166745454545454	0.014378092580768737	0.08018136363636363	0.01431465098502721	0.04832109090909091	0.0133258011087545	0.9183325454545455	0.014378092580768737
tw0	MC3_NNI	0.5	3000	11	0.08710754545454545	0.015302062868874092	0.08553118181818181	0.01524090850478539	0.05215045454545455	0.014388644493212907	0.9128924545454545	0.015302062868874092
tw0	MC3_NNI	0.5	4000	11	0.09443945454545455	0.017278265037778028	0.09276463636363635	0.01725824626520358	0.05540009090909092	0.015284089245447696	0.9055605454545455	0.017278265037778028
tw0	MC3_NNI	0.5	5000	11	0.10172563636363635	0.020255412354265274	0.09997645454545455	0.02024334707833377	0.058585454545454545	0.01632089891985322	0.8982743636363637	0.020255412354265274
tw0	MC3_NNI	0.5	6000	11	0.1071900909090909	0.021101076217040576	0.10526863636363637	0.021042989195399164	0.06177545454545455	0.017385333047958265	0.8928099090909091	0.021101076217040576
tw0	MC3_NNI	0.5	7000	11	0.10720472727272727	0.021100830723453395	0.10526863636363637	0.021042989195399164	0.06419381818181819	0.01819110556229369	0.8927952727272728	0.021100830723453395
tw0	MC3_NNI	0.5	8000	11	0.11084754545454545	0.02229017406692654	0.10890227272727274	0.02226428249138513	0.06622790909090909	0.018868154975780822	0.8891524545454546	0.02229017406692654
tw0	MC3_NNI	0.5	9000	11	0.11448681818181818	0.023977259033895273	0.11253590909090909	0.023979069662540955	0.06815690909090909	0.019530520003994932	0.8855131818181818	0.023977259033895273
tw0	MC3_NNI	0.5	10000	11	0.11448890909090909	0.023977237526626467	0.11253590909090909	0.023979069662540955	0.069936	0.020164296241805036	0.8855110909090909	0.023977237526626467
tw0	MC3_NNI	0.5	20000	11	0.1308379090909091	0.026607284823881854	0.1286700909090909	0.02669862485919267	0.08145318181818181	0.024193287047074623	0.8691620909090909	0.026607284823881854
tw0	MC3_NNI	0.5	30000	11	0.13995581818181815	0.028281028038025836	0.13750936363636362	0.02838746795243304	0.08794845454545454	0.026540502719210685	0.8600441818181819	0.028281028038025836
tw0	MC3_NNI	0.5	40000	11	0.14904372727272727	0.031140265879080652	0.14646627272727272	0.0312417445363472	0.09237727272727271	0.028222686526361895	0.8509562727272727	0.031140265879080652
tw0	MC3_NNI	0.5	50000	11	0.15632845454545455	0.03211354472531479	0.15353690909090909	0.03221161374029124	0.09604436363636365	0.0296336033685571	0.8436715454545455	0.03211354472531479
tw0	MC3_NNI	0.5	60000	11	0.1581499090909091	0.03241059308241241	0.15533836363636364	0.03251015582755997	0.0989457272727273	0.030663223438181363	0.8418500909090909	0.03241059308241241
tw0	MC3_NNI	0.5	70000	11	0.15997063636363637	0.033789153419477067	0.1571551818181818	0.033896944252413665	0.10135436363636365	0.0315830386304458	0.8400293636363636	0.033789153419477067
tw0	MC3_NNI	0.5	80000	11	0.16360081818181818	0.03387679716448955	0.16067700000000001	0.03395687355107411	0.10325227272727272	0.03228741523343419	0.8363991818181818	0.03387679716448955
tw0	MC3_NNI	0.5	90000	11	0.16360945454545453	0.033877287346690675	0.16067700000000001	0.03395687355107411	0.10480872727272726	0.032841721523112224	0.8363905454545455	0.033877287346690675
tw0	MC3_NNI	0.5	100000	11	0.16361172727272727	0.03387747746702705	0.16067700000000001	0.03395687355107411	0.10605372727272729	0.033289525402305516	0.8363882727272727	0.03387747746702705
tw0	MC3_NNI	0.5	200000	11	0.1872506363636364	0.04092291864319658	0.18390281818181817	0.04101359971650605	0.11573554545454545	0.036867908613999904	0.8127493636363636	0.04092291864319658
tw0	MC3_NNI	0.5	300000	11	0.2036178181818182	0.043636594737115314	0.19993536363636363	0.04373282102895277	0.12378163636363636	0.040129519816865876	0.7963821818181818	0.043636594737115314
tw0	MC3_NNI	0.5	400000	11	0.20907354545454543	0.04450712672112465	0.20524054545454543	0.044620698942686735	0.12896209090909092	0.04215553670903084	0.7909264545454546	0.04450712672112465
tw0	MC3_NNI	0.5	500000	11	0.21452945454545455	0.04593222897929743	0.2105480909090909	0.04602704786406567	0.1329899090909091	0.043719698325594504	0.7854705454545454	0.04593222897929743
tw0	MC3_NNI	0.5	600000	11	0.21998390909090906	0.048542904607715015	0.21593845454545454	0.04867628659482106	0.1361302727272727	0.04498662588836636	0.780016090909091	0.048542904607715015
tw0	MC3_NNI	0.5	700000	11	0.2236210909090909	0.050367610568599376	0.21955672727272726	0.0505107755873736	0.13895345454545455	0.04633875381016778	0.7763789090909091	0.050367610568599376
tw0	MC3_NNI	0.5	800000	11	0.2272576363636363	0.049600594793037925	0.22307009090909088	0.04977243997461292	0.14138445454545454	0.047416684931929645	0.7727423636363637	0.049600594793037925
tw0	MC3_NNI	0.5	900000	11	0.22725818181818183	0.049600546458466684	0.22307009090909088	0.04977243997461292	0.1433030909090909	0.04825230875351591	0.7727418181818182	0.049600546458466684
tw0	MC3_NNI	0.5	1000000	11	0.2272609090909091	0.0496003849815438	0.22307009090909088	0.04977243997461292	0.14483809090909092	0.0489245212438051	0.7727390909090909	0.0496003849815438
tw0	NNI	0.0	1	11	0.0	0.0	0.0	0.0	0.0	0.0	1.0	0.0
tw0	NNI	0.0	2	11	0.0	0.0	0.0	0.0	0.0	0.0	1.0	0.0
tw0	NNI	0.0	3	11	0.0	0.0	0.0	0.0	0.0	0.0	1.0	0.0
tw0	NNI	0.0	4	11	0.0	0.0	0.0	0.0	0.0	0.0	1.0	0.0
tw0	NNI	0.0	5	11	0.0	0.0	0.0	0.0	0.0	0.0	1.0	0.0
tw0	NNI	0.0	6	11	0.0	0.0	0.0	0.0	0.0	0.0	1.0	0.0
tw0	NNI	0.0	7	11	0.0	0.0	0.0	0.0	0.0	0.0	1.0	0.0
tw0	NNI	0.0	8	11	0.0	0.0	0.0	0.0	0.0	0.0	1.0	0.0
tw0	NNI	0.0	9	11	0.0	0.0	0.0	0.0	0.0	0.0	1.0	0.0
tw0	NNI	0.0	10	11	0.0	0.0	0.0	0.0	0.0	0.0	1.0	0.0
tw0	NNI	0.0	20	11	0.00013545454545454546	0.00010403534046714946	0.00010490909090909092	0.00010490909090909093	1.618181818181818e-05	1.3951095220492177e-05	0.9998645454545455	0.00010403534046714946
tw0	NNI	0.0	30	11	0.006205636363636364	0.002715511698884182	0.006168272727272727	0.002708541355486411	0.0009578181818181819	0.00048711612985708266	0.9937943636363636	0.002715511698884182
tw0	NNI	0.0	40	11	0.024960727272727277	0.005569670688960979	0.024728636363636366	0.005570093681720309	0.0034387272727272726	0.0010052615949991154	0.9750392727272728	0.005569670688960979
tw0	NNI	0.0	50	11	0.072755	0.011930685536959652	0.07223518181818181	0.011893485873916773	0.011132181818181819	0.0023787625423858203	0.927245	0.011930685536959652
tw0	NNI	0.0	60	11	0.15276518181818183	0.019852742458053123	0.15175790909090905	0.019873952310158295	0.024724727272727273	0.004794889958147507	0.8472348181818181	0.019852742458053123
tw0	NNI	0.0	70	11	0.23071081818181816	0.025749169937130785	0.22919109090909096	0.025801309413021	0.04284209090909091	0.007789403591890419	0.7692891818181818	0.025749169937130785
tw0	NNI	0.0	80	11	0.3312824545454546	0.03950641029213168	0.3293945454545455	0.0395639223113831	0.06492836363636363	0.011158724592543334	0.6687175454545454	0.03950641029213168
tw0	NNI	0.0	90	11	0.4024431818181818	0.04287094322346339	0.40000436363636366	0.04297122008026741	0.08857190909090909	0.014800210995089684	0.5975568181818183	0.04287094322346339
tw0	NNI	0.0	100	11	0.4885172727272727	0.049665426553560446	0.48581345454545455	0.049835444883657515	0.11224181818181816	0.018994612048883842	0.5114827272727274	0.049665426553560446
tw0	NNI	0.0	200	11	0.8530452727272727	0.043029347746750046	0.8479226363636364	0.04281982541348484	0.2967707272727273	0.049097067445861474	0.1469547272727273	0.043029347746750046
tw0	NNI	0.0	300	11	0.8984682727272727	0.031044528514872695	0.8917483636363638	0.030888390476115114	0.37970918181818186	0.06234908721032194	0.1015317272727273	0.031044528514872695
tw0	NNI	0.0	400	11	0.9197154545454544	0.026666956545290832	0.9116867272727274	0.026705540442554725	0.4223736363636364	0.06895418046358727	0.08028454545454555	0.026666956545290832
tw0	NNI	0.0	500	11	0.9327130909090908	0.021537920502497466	0.9234624545454545	0.021700235834647946	0.44901709090909103	0.07312616729156342	0.06728690909090917	0.021537920502497466
tw0	NNI	0.0	600	11	0.9462738181818181	0.017243927081633525	0.9357640909090909	0.017606916162511792	0.4687428181818181	0.07631695231691416	0.053726181818181895	0.017243927081633525
tw0	NNI	0.0	700	11	0.9553124545454543	0.013722657354876232	0.9438917272727273	0.014101328742092432	0.48289618181818184	0.07862413825974565	0.044687545454545674	0.013722657354876232
tw0	NNI	0.0	800	11	0.9691696363636364	0.008211661474305618	0.9568637272727273	0.009534540339867574	0.4944057272727273	0.0806751685536838	0.0308303636363636	0.008211661474305618
tw0	NNI	0.0	900	11	0.9743435454545453	0.00716956725252157	0.9610653636363637	0.008903138889048404	0.504029	0.08232233635278957	0.025656454545454732	0.00716956725252157
tw0	NNI	0.0	1000	11	0.9754539999999999	0.00685621251527003	0.9616136363636365	0.008708441046450518	0.5118323636363636	0.08383304722485613	0.024546000000000068	0.00685621251527003
tw0	NNI	0.0	2000	11	0.9873524545454546	0.0033607691878324965	0.9691283636363636	0.005984272230792263	0.5475697272727272	0.09124145656534255	0.012647545454545384	0.0033607691878324965
tw0	NNI	0.0	3000	11	0.9942289999999999	0.0017384167561841457	0.9737860909090909	0.0057841955745486446	0.5610527272727273	0.09400202827454802	0.005771000000000082	0.0017384167561841457
tw0	NNI	0.0	4000	11	0.9955765454545454	0.0014260913547406865	0.9738578181818182	0.005760424764669837	0.5673321818181818	0.09564994170666077	0.004423454545454564	0.0014260913547406865
tw0	NNI	0.0	5000	11	0.9964308181818182	0.001225661764244348	0.9738849090909091	0.005750077777267726	0.5713966363636365	0.0966029650528645	0.003569181818181777	0.001225661764244348
tw0	NNI	0.0	6000	11	0.9970181818181818	0.0010358147589583906	0.9739119090909092	0.005739874174190341	0.5739855454545455	0.0972899282324709	0.0029818181818181966	0.0010358147589583906
tw0	NNI	0.0	7000	11	0.9973762727272727	0.0009438904606218299	0.9739119090909092	0.005739874174190341	0.5758714545454546	0.09768823814707348	0.0026237272727273053	0.0009438904606218299
tw0	NNI	0.0	8000	11	0.9977511818181817	0.000822437218584127	0.9739119090909092	0.005739874174190341	0.5773275454545455	0.09806155140461188	0.002248818181818324	0.000822437218584127
tw0	NNI	0.0	9000	11	0.9979879999999999	0.0007386199908674864	0.9739119090909092	0.005739874174190341	0.5785516363636364	0.09825979661519509	0.002012000000000125	0.0007386199908674864
tw0	NNI	0.0	10000	11	0.9981300909090911	0.0006828398914499429	0.9739119090909092	0.005739874174190341	0.5796379090909091	0.09844413174545935	0.0018699090909088945	0.0006828398914499429
tw0	NNI	0.0	20000	11	0.9990196363636364	0.0003677076969730506	0.9739119090909092	0.005739874174190341	0.5835703636363636	0.09928678216214909	0.000980363636363557	0.0003677076969730506
tw0	NNI	0.0	30000	11	0.9992815454545454	0.0002557288821330625	0.9739119090909092	0.005739874174190341	0.5848862727272727	0.09962647645627422	0.0007184545454546054	0.0002557288821330625
tw0	NNI	0.0	40000	11	0.9994130909090909	0.0002074962192227499	0.9739119090909092	0.005739874174190341	0.5856014545454546	0.09973341353349426	0.0005869090909090824	0.0002074962192227499
tw0	NNI	0.0	50000	11	0.9995090909090909	0.00017414014494838623	0.9739119090909092	0.005739874174190341	0.5858824545454546	0.09984338518621538	0.0004909090909090974	0.00017414014494838623
tw0	NNI	0.0	60000	11	0.9995759090909092	0.0001545535185061959	0.9739119090909092	0.005739874174190341	0.5861326363636364	0.09993059712095395	0.0004240909090907907	0.0001545535185061959
tw0	NNI	0.0	70000	11	0.9996246363636364	0.00013921567784800149	0.9739119090909092	0.005739874174190341	0.5863029999999999	0.09998952591283113	0.0003753636363635904	0.00013921567784800149
tw0	NNI	0.0	80000	11	0.9996511818181819	0.00013532377458134643	0.9739119090909092	0.005739874174190341	0.5864359999999998	0.10004194959215858	0.0003488181818180891	0.00013532377458134643
tw0	NNI	0.0	90000	11	0.9996786363636364	0.00013015160898857068	0.9739119090909092	0.005739874174190341	0.5865504545454546	0.10003587869344803	0.0003213636363635919	0.00013015160898857068
tw0	NNI	0.0	100000	11	0.9996971818181819	0.000127549050684745	0.9739119090909092	0.005739874174190341	0.5866531818181818	0.10006838156242945	0.0003028181818180986	0.000127549050684745
tw0	NNI	0.0	200000	11	0.9997904545454545	0.00010145624794922529	0.9739119090909092	0.005739874174190341	0.5870911818181818	0.10009095849401803	0.00020954545454554552	0.00010145624794922529
tw0	NNI	0.0	300000	11	0.9998364545454546	8.647136821318543e-05	0.9739119090909092	0.005739874174190341	0.5872306363636364	0.1001166592583847	0.000163545454545444	8.647136821318543e-05
tw0	NNI	0.0	400000	11	0.9998559090909093	8.138063814239636e-05	0.9739119090909092	0.005739874174190341	0.5872960000000002	0.10014850466654733	0.00014409090909073274	8.138063814239636e-05
tw0	NNI	0.0	500000	11	0.9998713636363636	7.466839086950279e-05	0.9739119090909092	0.005739874174190341	0.5873297272727273	0.10017682142410995	0.00012863636363635855	7.466839086950279e-05
tw0	NNI	0.0	600000	11	0.9998899999999998	6.35980274136604e-05	0.9739119090909092	0.005739874174190341	0.5873740000000001	0.10018734741445876	0.00011000000000016552	6.35980274136604e-05
tw0	NNI	0.0	700000	11	0.9999068181818184	5.215585353391586e-05	0.9739119090909092	0.005739874174190341	0.5873771818181818	0.10018448523007381	9.318181818163129e-05	5.215585353391586e-05
tw0	NNI	0.0	800000	11	0.9999194545454546	4.394156525460813e-05	0.9739119090909092	0.005739874174190341	0.5873974545454546	0.10018405810782503	8.054545454538875e-05	4.394156525460813e-05
tw0	NNI	0.0	900000	11	0.999929	3.841259263220589e-05	0.9739119090909092	0.005739874174190341	0.5874001818181818	0.10018649705132363	7.100000000004325e-05	3.841259263220589e-05
tw0	NNI	0.0	1000000	11	0.9999397272727273	3.0330629855616064e-05	0.9739119090909092	0.005739874174190341	0.5874015454545454	0.10018651108374761	6.027272727271438e-05	3.0330629855616064e-05
tw0	NNI	0.02	1	11	0.0	0.0	0.0	0.0	0.0	0.0	1.0	0.0
tw0	NNI	0.02	2	11	0.0	0.0	0.0	0.0	0.0	0.0	1.0	0.0
tw0	NNI	0.02	3	11	0.0	0.0	0.0	0.0	0.0	0.0	1.0	0.0
tw0	NNI	0.02	4	11	0.0	0.0	0.0	0.0	0.0	0.0	1.0	0.0
tw0	NNI	0.02	5	11	0.0	0.0	0.0	0.0	0.0	0.0	1.0	0.0
tw0	NNI	0.02	6	11	0.0	0.0	0.0	0.0	0.0	0.0	1.0	0.0
tw0	NNI	0.02	7	11	2.563636363636364e-05	2.563636363636364e-05	2.563636363636364e-05	2.563636363636364e-05	3.6363636363636366e-06	3.636363636363636e-06	0.9999743636363636	2.563636363636364e-05
tw0	NNI	0.02	8	11	0.0006838181818181818	0.0006226069067482135	0.0006257272727272727	0.0006257272727272727	8.545454545454545e-05	7.77918392116672e-05	0.9993161818181818	0.0006226069067482135
tw0	NNI	0.02	9	11	0.0006838181818181818	0.0006226069067482135	0.0006257272727272727	0.0006257272727272727	0.00014909090909090908	0.0001355010536386713	0.9993161818181818	0.0006226069067482135
tw0	NNI	0.02	10	11	0.0025064545454545452	0.0018553141236784302	0.002443818181818182	0.001862649553815902	0.0003822727272727273	0.0002423651674233847	0.9974935454545455	0.0018553141236784302
tw0	NNI	0.02	20	11	0.03803154545454546	0.014336563471426755	0.037708	0.014334190841227392	0.009175090909090909	0.003815554918427618	0.9619684545454545	0.014336563471426755
tw0	NNI	0.02	30	11	0.18577945454545455	0.06042950544339979	0.18461554545454548	0.060405732451386016	0.03997654545454546	0.015394229204692633	0.8142205454545455	0.06042950544339979
tw0	NNI	0.02	40	11	0.33811800000000003	0.07174914734786367	0.3363594545454545	0.07161736680333182	0.08215618181818182	0.02738244163853186	0.661882	0.07174914734786367
tw0	NNI	0.02	50	11	0.4711061818181818	0.07841143649387541	0.4689017272727272	0.0782693396465739	0.12525590909090908	0.03596632581494038	0.5288938181818181	0.07841143649387541
tw0	NNI	0.02	60	11	0.5891467272727273	0.07555093574224561	0.5863552727272727	0.07530439529670001	0.16699654545454543	0.042170401834669774	0.4108532727272727	0.07555093574224561
tw0	NNI	0.02	70	11	0.6934693636363636	0.06359035302512091	0.6903809090909091	0.06337649654040162	0.20636963636363637	0.04663704942157483	0.3065306363636364	0.06359035302512091
tw0	NNI	0.02	80	11	0.7631644545454546	0.05916698460802791	0.7598421818181819	0.058933651397115164	0.24193118181818185	0.05008028954821505	0.23683554545454544	0.05916698460802791
tw0	NNI	0.02	90	11	0.7940396363636363	0.05791419198140905	0.7903753636363636	0.05768540245350759	0.2712640909090909	0.05327675501182559	0.20596036363636372	0.05791419198140905
tw0	NNI	0.02	100	11	0.8176393636363638	0.05372012865080932	0.8135164545454546	0.05349451834285345	0.2956074545454545	0.05604624309886899	0.1823606363636362	0.05372012865080932
tw0	NNI	0.02	200	11	0.8931339999999999	0.03759567800377639	0.8865792727272729	0.03742507939630636	0.41491918181818177	0.07126897559053286	0.10686600000000013	0.03759567800377639
tw0	NNI	0.02	300	11	0.9190877272727271	0.029448681403137073	0.9105689090909092	0.029260713658249737	0.4572550909090909	0.07720769728459775	0.08091227272727286	0.029448681403137073
tw0	NNI	0.02	400	11	0.9399692727272728	0.023317249689326143	0.9294820000000001	0.02318302218709357	0.4826928181818182	0.08008869930303052	0.06003072727272718	0.023317249689326143
tw0	NNI	0.02	500	11	0.9481694545454545	0.021243966673928274	0.9365272727272728	0.021059747937752085	0.49853018181818176	0.08218293904607721	0.05183054545454546	0.021243966673928274
tw0	NNI	0.02	600	11	0.9544953636363637	0.019281198414410547	0.9415989090909093	0.019162628171642538	0.5086546363636364	0.08384332075389979	0.04550463636363633	0.019281198414410547
tw0	NNI	0.02	700	11	0.9641362727272728	0.014125514384256417	0.9501933636363638	0.014277852410621995	0.5166961818181819	0.08501524594531354	0.03586372727272724	0.014125514384256417
tw0	NNI	0.02	800	11	0.9677192727272727	0.012419774841386774	0.9530132727272727	0.012668882616359957	0.5232996363636364	0.08601666199577769	0.03228072727272735	0.012419774841386774
tw0	NNI	0.02	900	11	0.9694702727272727	0.012244039202879618	0.9541080909090911	0.012492162085559927	0.5285515454545454	0.08688233235038625	0.03052972727272729	0.012244039202879618
tw0	NNI	0.02	1000	11	0.9743275454545455	0.010189135450311448	0.9582698181818183	0.010862573090301798	0.5333305454545454	0.08760545639714495	0.025672454545454526	0.010189135450311448
tw0	NNI	0.02	2000	11	0.9916274545454545	0.003176002617252287	0.9716730909090909	0.0063370622093070995	0.5575063636363636	0.09261089879934835	0.008372545454545466	0.003176002617252287
tw0	NNI	0.02	3000	11	0.9938770909090909	0.0025590814739047778	0.9720942727272728	0.006208782069252483	0.5677074545454545	0.09472841907276187	0.006122909090909068	0.0025590814739047778
tw0	NNI	0.02	4000	11	0.9949983636363636	0.002314354923958204	0.9721530000000002	0.006190411120140866	0.5721312727272726	0.09602833499650847	0.005001636363636375	0.002314354923958204
tw0	NNI	0.02	5000	11	0.9975067272727273	0.0009569777340518813	0.9739119090909092	0.005739874174190341	0.5748785454545454	0.09682681101771945	0.002493272727272733	0.0009569777340518813
tw0	NNI	0.02	6000	11	0.9979162727272727	0.0008324561478039075	0.9739119090909092	0.005739874174190341	0.5769529090909091	0.09736949054909388	0.0020837272727273204	0.0008324561478039075
tw0	NNI	0.02	7000	11	0.998232909090909	0.0007125780908343893	0.9739119090909092	0.005739874174190341	0.5784908181818182	0.09775988997955593	0.0017670909090909959	0.0007125780908343893
tw0	NNI	0.02	8000	11	0.9984737272727273	0.0006437429341664642	0.9739119090909092	0.005739874174190341	0.5796065454545455	0.09806954960558846	0.0015262727272726817	0.0006437429341664642
tw0	NNI	0.02	9000	11	0.9986135454545455	0.0005676102113828771	0.9739119090909092	0.005739874174190341	0.5805175454545455	0.09833456460688071	0.0013864545454544963	0.0005676102113828771
tw0	NNI	0.02	10000	11	0.9987313636363637	0.0005125019782263823	0.9739119090909092	0.005739874174190341	0.5812699090909091	0.0985011139174167	0.0012686363636362774	0.0005125019782263823
tw0	NNI	0.02	20000	11	0.9992706363636364	0.00027791366457710696	0.9739119090909092	0.005739874174190341	0.5844583636363636	0.0993721487532665	0.0007293636363635558	0.00027791366457710696
tw0	NNI	0.02	30000	11	0.9994844545454545	0.00018668701876457973	0.9739119090909092	0.005739874174190341	0.5854332727272727	0.09970201892503945	0.000515545454545463	0.00018668701876457973
tw0	NNI	0.02	40000	11	0.9995830909090909	0.00015161574963436654	0.9739119090909092	0.005739874174190341	0.5858819090909092	0.09983004018726067	0.0004169090909090789	0.00015161574963436654
tw0	NNI	0.02	50000	11	0.9996446363636363	0.00013387397552292878	0.9739119090909092	0.005739874174190341	0.586158	0.09990336993742777	0.0003553636363636814	0.00013387397552292878
tw0	NNI	0.02	60000	11	0.9996842727272728	0.00012133972525772249	0.9739119090909092	0.005739874174190341	0.5863343636363636	0.09997149261403317	0.00031572727272721757	0.00012133972525772249
tw0	NNI	0.02	70000	11	0.9997125454545455	0.00011472460017057334	0.9739119090909092	0.005739874174190341	0.5864382727272727	0.10002463854326464	0.0002874545454545352	0.00011472460017057334
tw0	NNI	0.02	80000	11	0.9997410909090907	0.00010876517278024937	0.9739119090909092	0.005739874174190341	0.5865548181818181	0.10002911930040612	0.00025890909090930947	0.00010876517278024937
tw0	NNI	0.02	90000	11	0.9997555454545456	0.00010541307178182257	0.9739119090909092	0.005739874174190341	0.5866755454545455	0.10005322385632046	0.0002444545454544089	0.00010541307178182257
tw0	NNI	0.02	100000	11	0.9997690909090909	0.00010236880335740349	0.9739119090909092	0.005739874174190341	0.5867781818181818	0.1000726168628487	0.00023090909090905942	0.00010236880335740349
tw0	NNI	0.02	200000	11	0.9998350000000001	8.466694106373728e-05	0.9739119090909092	0.005739874174190341	0.5871646363636364	0.1001301550658644	0.0001649999999998597	8.466694106373728e-05
tw0	NNI	0.02	300000	11	0.9998729999999999	6.77600042932246e-05	0.9739119090909092	0.005739874174190341	0.5872856363636363	0.1001489999214146	0.00012700000000009926	6.77600042932246e-05
tw0	NNI	0.02	400000	11	0.9999016363636365	5.1701111774094705e-05	0.9739119090909092	0.005739874174190341	0.5872909090909091	0.10014981823552284	9.836363636350764e-05	5.1701111774094705e-05
tw0	NNI	0.02	500000	11	0.9999219999999999	3.929746695514406e-05	0.9739119090909092	0.005739874174190341	0.5873457272727273	0.10015832126843352	7.800000000013352e-05	3.929746695514406e-05
tw0	NNI	0.02	600000	11	0.9999395454545454	2.7415113163221965e-05	0.9739119090909092	0.005739874174190341	0.5873565454545454	0.10016939078702124	6.045454545455797e-05	2.7415113163221965e-05
tw0	NNI	0.02	700000	11	0.9999495454545454	2.185046853517576e-05	0.9739119090909092	0.005739874174190341	0.5873664545454546	0.10017425074324363	5.045454545460348e-05	2.185046853517576e-05
tw0	NNI	0.02	800000	11	0.9999535454545453	2.098240112629351e-05	0.9739119090909092	0.005739874174190341	0.587370909090909	0.10017863290945961	4.6454545454710505e-05	2.098240112629351e-05
tw0	NNI	0.02	900000	11	0.9999589090909091	1.8571461265973712e-05	0.9739119090909092	0.005739874174190341	0.5873972727272728	0.1001813971923014	4.1090909090879535e-05	1.8571461265973712e-05
tw0	NNI	0.02	1000000	11	0.9999642727272728	1.545144353897426e-05	0.9739119090909092	0.005739874174190341	0.5874037272727273	0.10018454903745394	3.572727272715959e-05	1.545144353897426e-05
tw0	NNI	0.05	1	11	0.0	0.0	0.0	0.0	0.0	0.0	1.0	0.0
tw0	NNI	0.05	2	11	0.0	0.0	0.0	0.0	0.0	0.0	1.0	0.0
tw0	NNI	0.05	3	11	0.0	0.0	0.0	0.0	0.0	0.0	1.0	0.0
tw0	NNI	0.05	4	11	0.0018168181818181818	0.0018168181818181814	0.0018168181818181818	0.0018168181818181814	0.00045418181818181815	0.0004541818181818181	0.9981831818181818	0.0018168181818181814
tw0	NNI	0.05	5	11	0.0018234545454545454	0.0018161628849839952	0.0018168181818181818	0.0018168181818181814	0.0007279999999999999	0.0007266008032425557	0.9981765454545455	0.0018161628849839952
tw0	NNI	0.05	6	11	0.002953454545454545	0.0019218626919245742	0.002939818181818182	0.001922221256861597	0.0010979999999999998	0.0009016900092200603	0.9970465454545454	0.0019218626919245742
tw0	NNI	0.05	7	11	0.0039984545454545455	0.002160883600262702	0.003971909090909091	0.002157673938862469	0.001478	0.0010365750597739916	0.9960015454545454	0.002160883600262702
tw0	NNI	0.05	8	11	0.011618545454545454	0.004516146749293807	0.011576909090909093	0.004509887677405049	0.002604545454545454	0.0011944680547776474	0.9883814545454546	0.004516146749293807
tw0	NNI	0.05	9	11	0.01814590909090909	0.006027312421506477	0.018033181818181816	0.006015497728697679	0.004102181818181818	0.0015299546981895893	0.9818540909090909	0.006027312421506477
tw0	NNI	0.05	10	11	0.027235	0.010024803088521807	0.02704209090909091	0.010017073897242147	0.006011909090909092	0.0020640645755161894	0.972765	0.010024803088521807
tw0	NNI	0.05	20	11	0.25323645454545457	0.0757284629099094	0.25196854545454545	0.07572036076456386	0.059395363636363635	0.02239292510685735	0.7467635454545454	0.0757284629099094
tw0	NNI	0.05	30	11	0.465057	0.0901229063691256	0.46233136363636357	0.08999758455094758	0.13733700000000001	0.04153592062934531	0.534943	0.0901229063691256
tw0	NNI	0.05	40	11	0.6425975454545454	0.085978445326654	0.6390996363636363	0.08581087839018936	0.2073097272727273	0.05204951079624981	0.3574024545454546	0.085978445326654
tw0	NNI	0.05	50	11	0.733239	0.07416108373521667	0.7292545454545455	0.07404475797029347	0.2629868181818182	0.05880338315419031	0.266761	0.07416108373521667
tw0	NNI	0.05	60	11	0.7867793636363636	0.06351048858778764	0.7823553636363637	0.06340773651323812	0.30548481818181816	0.0636176605566865	0.21322063636363642	0.06351048858778764
tw0	NNI	0.05	70	11	0.8173040909090908	0.056561778557521356	0.8123414545454545	0.056404488772753725	0.3368952727272727	0.06707135796910507	0.18269590909090916	0.056561778557521356
tw0	NNI	0.05	80	11	0.8384821818181819	0.05101946583605804	0.8330891818181818	0.0507852117121829	0.3604132727272727	0.06996567367438652	0.1615178181818181	0.05101946583605804
tw0	NNI	0.05	90	11	0.850619	0.049157075622021	0.8449905454545455	0.048965912333964745	0.3793231818181818	0.07211547758293553	0.14938099999999999	0.049157075622021
tw0	NNI	0.05	100	11	0.8610059999999998	0.04648356018578455	0.8550979999999999	0.046276699515768495	0.39467563636363645	0.07386885852327917	0.13899400000000017	0.04648356018578455
tw0	NNI	0.05	200	11	0.9095965454545454	0.037618339728325366	0.9009511818181817	0.03764767427002828	0.46746381818181815	0.08266388845481092	0.09040345454545462	0.037618339728325366
tw0	NNI	0.05	300	11	0.9346820909090908	0.02834591549523158	0.9235813636363637	0.02850778061202135	0.49485609090909094	0.08621491040538326	0.06531790909090918	0.02834591549523158
tw0	NNI	0.05	400	11	0.9455760000000001	0.024350144539798748	0.9332478181818182	0.02452983216294292	0.5104375454545454	0.08797837667831833	0.05442399999999992	0.024350144539798748
tw0	NNI	0.05	500	11	0.9513076363636362	0.022441573684194707	0.9377878181818183	0.022775599012906208	0.5201456363636364	0.08889330290412747	0.048692363636363756	0.022441573684194707
tw0	NNI	0.05	600	11	0.9578297272727273	0.01902136093691937	0.943099	0.019577599879825554	0.5273010909090909	0.08963397684902695	0.042170272727272695	0.01902136093691937
tw0	NNI	0.05	700	11	0.9666793636363636	0.015441419034103603	0.9509589090909092	0.016364792019595856	0.5329346363636364	0.09019562699148323	0.03332063636363636	0.015441419034103603
tw0	NNI	0.05	800	11	0.9700676363636365	0.015037704022811656	0.9535042727272728	0.01583110983595328	0.5377408181818182	0.0906551889264349	0.029932363636363535	0.015037704022811656
tw0	NNI	0.05	900	11	0.9734907272727273	0.013156101179916429	0.956161181818182	0.01414479180592836	0.5411066363636364	0.09110957814175519	0.02650927272727266	0.013156101179916429
tw0	NNI	0.05	1000	11	0.9746381818181817	0.013048792318077967	0.9565784545454545	0.014102821198974628	0.5440874545454546	0.09155616966712676	0.025361818181818263	0.013048792318077967
tw0	NNI	0.05	2000	11	0.986313909090909	0.007580459902640285	0.964964090909091	0.009129449517861066	0.5609176363636365	0.0938779576339092	0.013686090909091009	0.007580459902640285
tw0	NNI	0.05	3000	11	0.995020181818182	0.002328688483082202	0.9721530000000002	0.006190411120140866	0.568228	0.0953980557812179	0.00497981818181803	0.002328688483082202
tw0	NNI	0.05	4000	11	0.9976201818181818	0.0009613867239866935	0.9739119090909092	0.005739874174190341	0.5729144545454545	0.09634347424646539	0.002379818181818205	0.0009613867239866935
tw0	NNI	0.05	5000	11	0.9980649090909091	0.0008064225990536568	0.9739119090909092	0.005739874174190341	0.5756784545454546	0.09697934084061069	0.0019350909090909418	0.0008064225990536568
tw0	NNI	0.05	6000	11	0.9984121818181818	0.0006951080860122909	0.9739119090909092	0.005739874174190341	0.5775290000000001	0.09739127486111229	0.0015878181818181902	0.0006951080860122909
tw0	NNI	0.05	7000	11	0.9986146363636362	0.0006018516016537829	0.9739119090909092	0.005739874174190341	0.5789373636363636	0.09782600496198922	0.0013853636363637678	0.0006018516016537829
tw0	NNI	0.05	8000	11	0.9987613636363636	0.0005343979666661009	0.9739119090909092	0.005739874174190341	0.5800679999999999	0.09810810818275928	0.001238636363636414	0.0005343979666661009
tw0	NNI	0.05	9000	11	0.9988763636363637	0.0004772632449274523	0.9739119090909092	0.005739874174190341	0.5809025454545454	0.09832665898693947	0.0011236363636363267	0.0004772632449274523
tw0	NNI	0.05	10000	11	0.9989896363636362	0.0004295916088719864	0.9739119090909092	0.005739874174190341	0.5815390909090907	0.09852315240439262	0.0010103636363637536	0.0004295916088719864
tw0	NNI	0.05	20000	11	0.9994221818181818	0.00023036156632491668	0.9739119090909092	0.005739874174190341	0.5846316363636364	0.0993523717123939	0.0005778181818182349	0.00023036156632491668
tw0	NNI	0.05	30000	11	0.9995812727272727	0.0001654534865101005	0.9739119090909092	0.005739874174190341	0.5856969090909092	0.09960053988749755	0.0004187272727272928	0.0001654534865101005
tw0	NNI	0.05	40000	11	0.9996545454545456	0.00013713446378290958	0.9739119090909092	0.005739874174190341	0.5861608181818181	0.09975217874638748	0.00034545454545442666	0.00013713446378290958
tw0	NNI	0.05	50000	11	0.9997005454545455	0.00012384553162096492	0.9739119090909092	0.005739874174190341	0.5864494545454547	0.09984601024963516	0.0002994545454545472	0.00012384553162096492
tw0	NNI	0.05	60000	11	0.9997303636363636	0.00011604107993036508	0.9739119090909092	0.005739874174190341	0.5866150909090909	0.09991763470683374	0.0002696363636364163	0.00011604107993036508
tw0	NNI	0.05	70000	11	0.9997550909090909	0.00010898502437119589	0.9739119090909092	0.005739874174190341	0.586693	0.09995083256327038	0.00024490909090912893	0.00010898502437119589
tw0	NNI	0.05	80000	11	0.9997733636363637	0.0001053367994687233	0.9739119090909092	0.005739874174190341	0.5867697272727272	0.09999601177911509	0.00022663636363629003	0.0001053367994687233
tw0	NNI	0.05	90000	11	0.9997919090909092	9.959549593188773e-05	0.9739119090909092	0.005739874174190341	0.5868304545454546	0.10001880476675495	0.00020809090909079675	9.959549593188773e-05
tw0	NNI	0.05	100000	11	0.9998056363636365	9.341445018910049e-05	0.9739119090909092	0.005739874174190341	0.586927090909091	0.10004571560364106	0.00019436363636349263	9.341445018910049e-05
tw0	NNI	0.05	200000	11	0.9998615454545455	7.836851914760291e-05	0.9739119090909092	0.005739874174190341	0.5872041818181818	0.10014091212920632	0.00013845454545446945	7.836851914760291e-05
tw0	NNI	0.05	300000	11	0.9998946363636363	6.140184668933021e-05	0.9739119090909092	0.005739874174190341	0.5873179090909091	0.10015163859091186	0.00010536363636370893	6.140184668933021e-05
tw0	NNI	0.05	400000	11	0.9999161818181818	4.8073961612539276e-05	0.9739119090909092	0.005739874174190341	0.5873220909090908	0.10015970095306927	8.381818181824041e-05	4.8073961612539276e-05
tw0	NNI	0.05	500000	11	0.9999310909090909	3.864346458810489e-05	0.9739119090909092	0.005739874174190341	0.5873695454545454	0.1001633266474279	6.890909090906394e-05	3.864346458810489e-05
tw0	NNI	0.05	600000	11	0.9999414545454546	3.2449783200381984e-05	0.9739119090909092	0.005739874174190341	0.5873839090909092	0.10016677167154371	5.854545454542226e-05	3.2449783200381984e-05
tw0	NNI	0.05	700000	11	0.9999507272727272	2.674631356386323e-05	0.9739119090909092	0.005739874174190341	0.5873984545454547	0.10017319467550947	4.9272727272842154e-05	2.674631356386323e-05
tw0	NNI	0.05	800000	11	0.9999580909090909	2.160069634629447e-05	0.9739119090909092	0.005739874174190341	0.5874082727272727	0.10017435643145504	4.1909090909064695e-05	2.160069634629447e-05
tw0	NNI	0.05	900000	11	0.9999660909090909	1.6246652547780032e-05	0.9739119090909092	0.005739874174190341	0.5874144545454546	0.10017732004721916	3.3909090909056694e-05	1.6246652547780032e-05
tw0	NNI	0.05	1000000	11	0.9999706363636363	1.3417270232649443e-05	0.9739119090909092	0.005739874174190341	0.5874249090909092	0.10017564783269023	2.936363636374395e-05	1.3417270232649443e-05
tw0	NNI	0.1	1	11	0.0	0.0	0.0	0.0	0.0	0.0	1.0	0.0
tw0	NNI	0.1	2	11	0.0	0.0	0.0	0.0	0.0	0.0	1.0	0.0
tw0	NNI	0.1	3	11	0.0	0.0	0.0	0.0	0.0	0.0	1.0	0.0
tw0	NNI	0.1	4	11	1.090909090909091e-06	1.0909090909090908e-06	0.0	0.0	2.7272727272727274e-07	2.727272727272727e-07	0.999998909090909	1.0909090909090908e-06
tw0	NNI	0.1	5	11	0.00019681818181818185	0.00019383581703839503	0.0001940909090909091	0.0001940909090909091	3.936363636363636e-05	3.8767435427002095e-05	0.9998031818181818	0.00019383581703839503
tw0	NNI	0.1	6	11	0.0009287272727272727	0.0007889700892004034	0.0007940909090909091	0.0007940909090909091	0.00015509090909090909	0.00013147930736227207	0.9990712727272727	0.0007889700892004034
tw0	NNI	0.1	7	11	0.007566363636363636	0.002774895677884215	0.007417818181818182	0.0027186893627701696	0.0010903636363636365	0.000400530336445597	0.9924336363636364	0.002774895677884215
tw0	NNI	0.1	8	11	0.01845309090909091	0.007448105674299822	0.018281727272727272	0.007448072552486813	0.0031524545454545455	0.0011732091680796378	0.9815469090909091	0.007448105674299822
tw0	NNI	0.1	9	11	0.03760499999999999	0.015079863939583927	0.037386363636363634	0.01508353837332289	0.006516727272727274	0.0026521556689911665	0.962395	0.015079863939583927
tw0	NNI	0.1	10	11	0.06265581818181819	0.0238447085495897	0.06241445454545455	0.02384826385575865	0.011570454545454545	0.004782602183223607	0.9373441818181818	0.0238447085495897
tw0	NNI	0.1	20	11	0.44903281818181817	0.09556951902052702	0.44692518181818186	0.09532987627952436	0.11951527272727272	0.03451218220178095	0.5509671818181818	0.09556951902052702
tw0	NNI	0.1	30	11	0.6332187272727273	0.09603613968862224	0.6304976363636364	0.09577379257702379	0.22230145454545455	0.054233721474301076	0.3667812727272727	0.09603613968862224
tw0	NNI	0.1	40	11	0.7143229090909092	0.08137904038213621	0.7109727272727272	0.0810755180318259	0.2854659090909091	0.06447849895577659	0.28567709090909077	0.08137904038213621
tw0	NNI	0.1	50	11	0.7616321818181819	0.07471287072992032	0.7578238181818182	0.07444951230877793	0.32788954545454546	0.0706946765899107	0.23836781818181807	0.07471287072992032
tw0	NNI	0.1	60	11	0.7894654545454546	0.06990804376807679	0.7852815454545454	0.06967276436787302	0.3578552727272727	0.0745817288658545	0.21053454545454542	0.06990804376807679
tw0	NNI	0.1	70	11	0.8050646363636365	0.06865061581664769	0.8004677272727272	0.06849643708412748	0.3807067272727273	0.07745403382160296	0.19493536363636355	0.06865061581664769
tw0	NNI	0.1	80	11	0.8174974545454545	0.06492792909139733	0.8124687272727272	0.06476087140523426	0.39808572727272723	0.07962790814088087	0.18250254545454547	0.06492792909139733
tw0	NNI	0.1	90	11	0.8289269090909092	0.06304378439876017	0.8234535454545454	0.06287797731513774	0.4112233636363637	0.08148619267528733	0.17107309090909084	0.06304378439876017
tw0	NNI	0.1	100	11	0.8355450909090909	0.06177477382637005	0.8297128181818182	0.06168727513645202	0.4219323636363636	0.08304092264083608	0.1644549090909091	0.06177477382637005
tw0	NNI	0.1	200	11	0.881933909090909	0.048728849980917976	0.872948	0.0487382457230832	0.47798654545454544	0.08929485756774001	0.11806609090909104	0.048728849980917976
tw0	NNI	0.1	300	11	0.9044373636363637	0.04349630665559647	0.8931140000000002	0.04372632954410878	0.49924109090909086	0.0917872952486498	0.09556263636363627	0.04349630665559647
tw0	NNI	0.1	400	11	0.9163823636363638	0.04036003330935482	0.9035941818181819	0.040925038676456034	0.5117677272727272	0.09318884503660402	0.08361763636363617	0.04036003330935482
tw0	NNI	0.1	500	11	0.9267973636363634	0.03580870104045885	0.9125914545454545	0.036826831323559246	0.520481909090909	0.09433828024281501	0.07320263636363655	0.03580870104045885
tw0	NNI	0.1	600	11	0.9332375454545455	0.03384682386210065	0.9180877272727272	0.03508295945407397	0.5275616363636364	0.09498483147766974	0.06676245454545449	0.03384682386210065
tw0	NNI	0.1	700	11	0.9382479999999999	0.03361943154675987	0.9221613636363638	0.03503522612256848	0.5324393636363637	0.09568733317133112	0.06175200000000014	0.03361943154675987
tw0	NNI	0.1	800	11	0.9396726363636364	0.03355993099306827	0.9227638181818183	0.03499346427076665	0.5361837272727272	0.09631723413945388	0.060327363636363596	0.03355993099306827
tw0	NNI	0.1	900	11	0.9424102727272728	0.03314665606035503	0.9249273636363636	0.03465713506264493	0.5392901818181818	0.09685558830339473	0.057589727272727154	0.03314665606035503
tw0	NNI	0.1	1000	11	0.9445132727272728	0.03172837310446595	0.9265619090909092	0.0332772784328763	0.541913909090909	0.09730095908052543	0.05548672727272719	0.03172837310446595
tw0	NNI	0.1	2000	11	0.9550021818181819	0.030962314209614178	0.9339763636363638	0.032655780605993424	0.5560848181818183	0.09959165047905447	0.04499781818181814	0.030962314209614178
tw0	NNI	0.1	3000	11	0.9633490000000001	0.028918981765363987	0.9409534545454548	0.030513994105645016	0.5628905454545454	0.10076230981819304	0.03665099999999988	0.028918981765363987
tw0	NNI	0.1	4000	11	0.9638956363636363	0.0289445010692949	0.9409534545454548	0.030513994105645016	0.5662103636363637	0.10145923464222849	0.03610436363636371	0.0289445010692949
tw0	NNI	0.1	5000	11	0.964166818181818	0.02896533411944767	0.9409534545454548	0.030513994105645016	0.5681574545454544	0.10179628794985723	0.03583318181818196	0.02896533411944767
tw0	NNI	0.1	6000	11	0.9679411818181819	0.025440145435482727	0.9444198181818183	0.02720607542136605	0.5697677272727272	0.10199307924855319	0.032058818181818105	0.025440145435482727
tw0	NNI	0.1	7000	11	0.9716816363636362	0.02351660726352287	0.9478954545454547	0.025317434254378806	0.5709672727272728	0.10206557103282281	0.028318363636363753	0.02351660726352287
tw0	NNI	0.1	8000	11	0.9718190909090908	0.0234934135193267	0.9478954545454547	0.025317434254378806	0.5718952727272727	0.10214324505081453	0.0281809090909092	0.0234934135193267
tw0	NNI	0.1	9000	11	0.9719105454545456	0.023498429986766673	0.9478954545454547	0.025317434254378806	0.572679	0.10219025465473701	0.028089454545454418	0.023498429986766673
tw0	NNI	0.1	10000	11	0.9755518181818181	0.023579797925658227	0.9513804545454547	0.025173461172564485	0.5732125454545455	0.10228252271210397	0.02444818181818187	0.023579797925658227
tw0	NNI	0.1	20000	11	0.9777319999999999	0.021787822721961832	0.9531136363636364	0.02348284628027745	0.5766115454545454	0.10224728764567557	0.022268000000000066	0.021787822721961832
tw0	NNI	0.1	30000	11	0.9796623636363637	0.019978798738241012	0.9548468181818183	0.0217989180894241	0.5776200909090909	0.10225470813445614	0.02033763636363628	0.019978798738241012
tw0	NNI	0.1	40000	11	0.9833538181818183	0.016347630884692398	0.9583132727272727	0.01845834917669849	0.5783509090909091	0.10220296590247667	0.01664618181818167	0.016347630884692398
tw0	NNI	0.1	50000	11	0.9888329090909092	0.010907666128549258	0.9635128181818182	0.013566574445920168	0.5791107272727273	0.10206118771564893	0.011167090909090849	0.010907666128549258
tw0	NNI	0.1	60000	11	0.9888661818181818	0.010895848604623512	0.9635128181818182	0.013566574445920168	0.5797536363636363	0.10190096161739798	0.011133818181818245	0.010895848604623512
tw0	NNI	0.1	70000	11	0.9925133636363637	0.007263494064370159	0.966979181818182	0.010471484752601559	0.5804475454545455	0.10177725783077507	0.007486636363636334	0.007263494064370159
tw0	NNI	0.1	80000	11	0.9925274545454547	0.007262667652095437	0.966979181818182	0.010471484752601559	0.5810142727272728	0.10165538365925704	0.007472545454545343	0.007262667652095437
tw0	NNI	0.1	90000	11	0.9943539090909091	0.005446214757983994	0.9687123636363637	0.009025728554096418	0.5814667272727272	0.10154521336492886	0.005646090909090851	0.005446214757983994
tw0	NNI	0.1	100000	11	0.9943657272727272	0.005443626413423829	0.9687123636363637	0.009025728554096418	0.5819194545454546	0.10145228518617765	0.005634272727272793	0.005443626413423829
tw0	NNI	0.1	200000	11	0.999879	7.133416878582332e-05	0.9739119090909092	0.005739874174190341	0.5842954545454545	0.10089147123350495	0.00012100000000003774	7.133416878582332e-05
tw0	NNI	0.1	300000	11	0.999917090909091	4.794683695046153e-05	0.9739119090909092	0.005739874174190341	0.5853500909090908	0.10064357721813555	8.290909090902243e-05	4.794683695046153e-05
tw0	NNI	0.1	400000	11	0.999934909090909	3.656537222949512e-05	0.9739119090909092	0.005739874174190341	0.585891909090909	0.10053071965663528	6.509090909101456e-05	3.656537222949512e-05
tw0	NNI	0.1	500000	11	0.9999545454545454	2.2790094992173507e-05	0.9739119090909092	0.005739874174190341	0.5862087272727273	0.10046096949472384	4.545454545457073e-05	2.2790094992173507e-05
tw0	NNI	0.1	600000	11	0.9999656363636364	1.541267054157214e-05	0.9739119090909092	0.005739874174190341	0.586442909090909	0.10041736240488354	3.436363636355466e-05	1.541267054157214e-05
tw0	NNI	0.1	700000	11	0.9999725454545455	1.1746847651693678e-05	0.9739119090909092	0.005739874174190341	0.5866048181818182	0.10038727702043976	2.7454545454497215e-05	1.1746847651693678e-05
tw0	NNI	0.1	800000	11	0.999978090909091	8.68274626167847e-06	0.9739119090909092	0.005739874174190341	0.5867095454545455	0.1003597823669117	2.1909090909044693e-05	8.68274626167847e-06
tw0	NNI	0.1	900000	11	0.9999828181818183	6.24182109472217e-06	0.9739119090909092	0.005739874174190341	0.5867962727272729	0.10033895736870109	1.718181818166631e-05	6.24182109472217e-06
tw0	NNI	0.1	1000000	11	0.9999843636363636	5.639588520249499e-06	0.9739119090909092	0.005739874174190341	0.5868636363636364	0.10032218626824936	1.5636363636439832e-05	5.639588520249499e-06
tw0	NNI	0.2	1	11	0.0	0.0	0.0	0.0	0.0	0.0	1.0	0.0
tw0	NNI	0.2	2	11	0.0	0.0	0.0	0.0	0.0	0.0	1.0	0.0
tw0	NNI	0.2	3	11	1.5545454545454547e-05	1.5545454545454547e-05	1.5545454545454547e-05	1.5545454545454547e-05	5.181818181818182e-06	5.181818181818181e-06	0.9999844545454546	1.5545454545454547e-05
tw0	NNI	0.2	4	11	4.645454545454545e-05	4.099165405883665e-05	4.1181818181818185e-05	4.118181818181818e-05	1.1636363636363635e-05	1.022676766429668e-05	0.9999535454545454	4.099165405883665e-05
tw0	NNI	0.2	5	11	0.0020523636363636365	0.0012112099455632802	0.002004272727272728	0.0011908886070410472	0.0004114545454545454	0.00024297962367379934	0.9979476363636364	0.0012112099455632802
tw0	NNI	0.2	6	11	0.008069909090909091	0.0027392412368608594	0.007976363636363637	0.0027316101587715864	0.001674181818181818	0.0006014686996795551	0.9919300909090909	0.0027392412368608594
tw0	NNI	0.2	7	11	0.023403818181818182	0.009219244968905763	0.023163454545454546	0.009209052901025397	0.004350181818181818	0.0015927288408045417	0.9765961818181819	0.009219244968905763
tw0	NNI	0.2	8	11	0.053211818181818187	0.011540404381459226	0.05286054545454546	0.011516280795910107	0.009759818181818182	0.0025543124918038364	0.9467881818181818	0.011540404381459226
tw0	NNI	0.2	9	11	0.08010527272727273	0.017386801723298314	0.07948636363636365	0.017291571867280378	0.016377272727272726	0.003905952795159784	0.9198947272727273	0.017386801723298314
tw0	NNI	0.2	10	11	0.12771072727272728	0.02976092661072443	0.12691872727272727	0.029734517515412628	0.025815636363636364	0.006473361218061613	0.8722892727272727	0.02976092661072443
tw0	NNI	0.2	20	11	0.38510227272727265	0.06980448182812163	0.3831329090909091	0.06941851224715395	0.126745	0.03167571443034438	0.6148977272727274	0.06980448182812163
tw0	NNI	0.2	30	11	0.46229	0.0734498907547922	0.4596311818181818	0.07294662060112153	0.18886709090909093	0.0447654230211534	0.53771	0.0734498907547922
tw0	NNI	0.2	40	11	0.5040374545454546	0.07243370684832048	0.5009336363636363	0.07196713361721228	0.2245767272727273	0.051728723336106716	0.49596254545454543	0.07243370684832048
tw0	NNI	0.2	50	11	0.5425207272727273	0.07468257838893777	0.5389753636363636	0.07415894585075941	0.2502853636363636	0.05655926467026708	0.45747927272727273	0.07468257838893777
tw0	NNI	0.2	60	11	0.5651263636363637	0.07330332329751159	0.5611967272727273	0.07280388345025296	0.26892518181818187	0.060175410497495974	0.4348736363636363	0.07330332329751159
tw0	NNI	0.2	70	11	0.5852544545454545	0.07373538165215143	0.5808971818181818	0.07315299028608943	0.2839580909090909	0.06295099582495672	0.41474554545454545	0.07373538165215143
tw0	NNI	0.2	80	11	0.5992043636363636	0.07472309767453224	0.5943506363636364	0.07411036007055138	0.29634809090909087	0.06515346018627581	0.40079563636363635	0.07472309767453224
tw0	NNI	0.2	90	11	0.6054323636363637	0.07554795910898077	0.6002863636363637	0.07488508369486395	0.3063129090909091	0.06700468218801844	0.39456763636363634	0.07554795910898077
tw0	NNI	0.2	100	11	0.6133086363636363	0.07575523157191225	0.6078770000000001	0.07512099042320752	0.31455036363636363	0.06871445665549211	0.3866913636363637	0.07575523157191225
tw0	NNI	0.2	200	11	0.6668865454545454	0.07678200543218724	0.6588914545454546	0.07601908255806727	0.3606553636363637	0.07715944331250627	0.3331134545454546	0.07678200543218724
tw0	NNI	0.2	300	11	0.6937314545454546	0.07544462458378615	0.6842497272727273	0.07479568281125357	0.38352300000000006	0.0810848373332748	0.3062685454545454	0.07544462458378615
tw0	NNI	0.2	400	11	0.7227119999999999	0.07367724298846842	0.7120492727272727	0.0732126204335503	0.3982848181818182	0.08338222748674469	0.2772880000000001	0.07367724298846842
tw0	NNI	0.2	500	11	0.7397392727272728	0.07465490756992725	0.7281451818181818	0.07430581039238736	0.41053009090909093	0.08543975768803468	0.2602607272727272	0.07465490756992725
tw0	NNI	0.2	600	11	0.7536438181818181	0.07416816022572909	0.7411663636363636	0.07386777075894377	0.4204025454545455	0.08714285676210734	0.24635618181818186	0.07416816022572909
tw0	NNI	0.2	700	11	0.7613260909090909	0.07455034313626958	0.7483175454545455	0.07430014969315199	0.428587090909091	0.08856477887116962	0.23867390909090913	0.07455034313626958
tw0	NNI	0.2	800	11	0.7658638181818183	0.07416097266301169	0.7522380000000001	0.0738804063275729	0.43485727272727276	0.08974513047818866	0.23413618181818174	0.07416097266301169
tw0	NNI	0.2	900	11	0.7752237272727274	0.07342926079569134	0.7611723636363635	0.07312815126677186	0.44021236363636373	0.09064698189502883	0.22477627272727263	0.07342926079569134
tw0	NNI	0.2	1000	11	0.7872705454545454	0.07344386259677445	0.7727093636363637	0.07315534354698695	0.444928	0.091447399564797	0.21272945454545455	0.07344386259677445
tw0	NNI	0.2	2000	11	0.8231073636363636	0.07562342231601778	0.8058473636363636	0.07524002380095714	0.4731127272727273	0.09604927699080404	0.1768926363636364	0.07562342231601778
tw0	NNI	0.2	3000	11	0.8384140909090909	0.07593047825076622	0.8200701818181816	0.07532797187171432	0.48733945454545446	0.09847709807780076	0.16158590909090909	0.07593047825076622
tw0	NNI	0.2	4000	11	0.8442885454545455	0.0756875521319978	0.8253397272727273	0.07496445199924501	0.4955186363636363	0.09991316652649147	0.15571145454545454	0.0756875521319978
tw0	NNI	0.2	5000	11	0.8444990000000001	0.07571048202365736	0.8253397272727273	0.07496445199924501	0.5008854545454545	0.10082152696417779	0.1555009999999999	0.07571048202365736
tw0	NNI	0.2	6000	11	0.8517418181818183	0.075154188376094	0.8322997272727272	0.07430418880766608	0.5045525454545454	0.10142062532420151	0.14825818181818173	0.075154188376094
tw0	NNI	0.2	7000	11	0.8554384545454545	0.07492914909886098	0.8357293636363636	0.07407567434446194	0.5076293636363637	0.1018779660854792	0.14456154545454547	0.07492914909886098
tw0	NNI	0.2	8000	11	0.8607950909090909	0.07501104036927492	0.8408669090909092	0.07406233808408287	0.5102186363636364	0.10222700645597725	0.1392049090909091	0.07501104036927492
tw0	NNI	0.2	9000	11	0.8666097272727273	0.07559423469840815	0.8462611818181819	0.07444454493853654	0.5123941818181817	0.10248201665168721	0.13339027272727266	0.07559423469840815
tw0	NNI	0.2	10000	11	0.8666889090909091	0.07560177998643522	0.8462762727272728	0.07444669335108675	0.5142493636363636	0.10270472006363882	0.13331109090909088	0.07560177998643522
tw0	NNI	0.2	20000	11	0.8760176363636365	0.07550811099180281	0.8550694545454545	0.07426711323390402	0.5241310909090908	0.1039031626215185	0.1239823636363635	0.07550811099180281
tw0	NNI	0.2	30000	11	0.8870079999999999	0.07520515743194504	0.8656437272727273	0.07390654298763723	0.5292620909090909	0.10468318510651378	0.11299200000000009	0.07520515743194504
tw0	NNI	0.2	40000	11	0.8888658181818182	0.07501991162906725	0.8673862727272728	0.0736934944286858	0.5323542727272726	0.10508454951999287	0.1111341818181818	0.07501991162906725
tw0	NNI	0.2	50000	11	0.8943415454545455	0.0753459522023535	0.8726890909090909	0.07399685290340574	0.5345810000000001	0.10541484905371816	0.10565845454545453	0.0753459522023535
tw0	NNI	0.2	60000	11	0.896178909090909	0.07523833826815768	0.8744316363636364	0.07385792433489792	0.536305090909091	0.10565525786060097	0.10382109090909097	0.07523833826815768
tw0	NNI	0.2	70000	11	0.8961970909090908	0.07524030940664894	0.8744316363636364	0.07385792433489792	0.5375856363636363	0.10581547354782482	0.10380290909090917	0.07524030940664894
tw0	NNI	0.2	80000	11	0.8962088181818182	0.07524154471637187	0.8744316363636364	0.07385792433489792	0.5385175454545456	0.10592875678246837	0.10379118181818181	0.07524154471637187
tw0	NNI	0.2	90000	11	0.89985	0.07515478054775902	0.8779166363636364	0.07370298195808667	0.5392895454545454	0.10600635289404838	0.10014999999999996	0.07515478054775902
tw0	NNI	0.2	100000	11	0.9034934545454546	0.07338505336143837	0.8813922727272728	0.07197748360703958	0.5399818181818182	0.1060479430511432	0.0965065454545454	0.07338505336143837
tw0	NNI	0.2	200000	11	0.9071821818181818	0.07341339100746454	0.8849529090909093	0.07201424151519104	0.5440091818181819	0.10619689152340127	0.09281781818181822	0.07341339100746454
tw0	NNI	0.2	300000	11	0.9126668181818182	0.07186556345753801	0.8902187272727272	0.07052168642547173	0.5459587272727272	0.10621641354004918	0.08733318181818184	0.07186556345753801
tw0	NNI	0.2	400000	11	0.9145056363636365	0.07006545205128141	0.8919519090909092	0.06880273659098354	0.547311909090909	0.10612033788765507	0.08549436363636354	0.07006545205128141
tw0	NNI	0.2	500000	11	0.9145134545454546	0.07006618138398785	0.8919519090909092	0.06880273659098354	0.5481187272727274	0.1060631561119121	0.08548654545454537	0.07006618138398785
tw0	NNI	0.2	600000	11	0.9163373636363636	0.06826505172597772	0.893685090909091	0.06708451913037551	0.548779090909091	0.10597712159745136	0.08366263636363636	0.06826505172597772
tw0	NNI	0.2	700000	11	0.918163	0.06646512209901041	0.8954182727272727	0.06536709179647604	0.5492963636363636	0.10589446575858376	0.08183700000000005	0.06646512209901041
tw0	NNI	0.2	800000	11	0.9181647272727272	0.06646511582956895	0.8954182727272727	0.06536709179647604	0.5497292727272728	0.10581596540504487	0.08183527272727276	0.06646511582956895
tw0	NNI	0.2	900000	11	0.9181661818181819	0.06646528388056405	0.8954182727272727	0.06536709179647604	0.5500505454545455	0.105754227427333	0.08183381818181812	0.06646528388056405
tw0	NNI	0.2	1000000	11	0.9199852727272727	0.06665911683839187	0.8972085454545454	0.0655816888877547	0.5503720909090909	0.10569762085663859	0.08001472727272729	0.06665911683839187
tw0	NNI	0.3	1	11	0.0	0.0	0.0	0.0	0.0	0.0	1.0	0.0
tw0	NNI	0.3	2	11	0.0	0.0	0.0	0.0	0.0	0.0	1.0	0.0
tw0	NNI	0.3	3	11	0.0	0.0	0.0	0.0	0.0	0.0	1.0	0.0
tw0	NNI	0.3	4	11	1.7272727272727273e-06	1.727272727272727e-06	0.0	0.0	4.5454545454545457e-07	4.545454545454545e-07	0.9999982727272727	1.727272727272727e-06
tw0	NNI	0.3	5	11	0.0023036363636363636	0.0018123440285127848	0.002299090909090909	0.00181182362403963	0.0004607272727272727	0.00036246534858606807	0.9976963636363636	0.0018123440285127848
tw0	NNI	0.3	6	11	0.003605272727272728	0.0020461903718902914	0.003586636363636364	0.0020460990523998106	0.0009696363636363636	0.0006283144012171452	0.9963947272727273	0.0020461903718902914
tw0	NNI	0.3	7	11	0.009500999999999999	0.003899247328302313	0.009477454545454546	0.003901751057628162	0.0021036363636363635	0.000887324817770474	0.990499	0.003899247328302313
tw0	NNI	0.3	8	11	0.016700636363636365	0.006889612756333364	0.016537454545454546	0.006916184040302776	0.003686545454545455	0.0014626915188579042	0.9832993636363636	0.006889612756333364
tw0	NNI	0.3	9	11	0.032391363636363635	0.011409134855474942	0.03216554545454546	0.011441748692131125	0.006618727272727273	0.0025493311639469426	0.9676086363636364	0.011409134855474942
tw0	NNI	0.3	10	11	0.039860545454545454	0.012194252038163223	0.03963345454545455	0.012189579198765444	0.009350818181818182	0.0034367732853471783	0.9601394545454546	0.012194252038163223
tw0	NNI	0.3	20	11	0.11021118181818182	0.027117702257454756	0.10978927272727274	0.027115598371045307	0.0369259090909091	0.011006341762369667	0.8897888181818182	0.027117702257454756
tw0	NNI	0.3	30	11	0.14387754545454548	0.03352639673678139	0.14325709090909092	0.03346513214688184	0.05560472727272728	0.015752109455902844	0.8561224545454545	0.03352639673678139
tw0	NNI	0.3	40	11	0.15812609090909088	0.035467343555203146	0.157351	0.035402141359733394	0.06778545454545454	0.018822709490189403	0.8418739090909091	0.035467343555203146
tw0	NNI	0.3	50	11	0.1773380909090909	0.03865409413161221	0.17633745454545455	0.038571141132001704	0.07709336363636363	0.020912827779433162	0.8226619090909091	0.03865409413161221
tw0	NNI	0.3	60	11	0.1929410909090909	0.03895516961222677	0.19182145454545454	0.03881261891221453	0.08490327272727273	0.02232178107307704	0.807058909090909	0.03895516961222677
tw0	NNI	0.3	70	11	0.19818890909090908	0.03932913281998347	0.19697454545454543	0.03917635126946395	0.09115872727272727	0.023410085614806325	0.801811090909091	0.03932913281998347
tw0	NNI	0.3	80	11	0.20777090909090912	0.040820309194734415	0.20639245454545455	0.040661421346029444	0.09632527272727272	0.02425762265316762	0.7922290909090909	0.040820309194734415
tw0	NNI	0.3	90	11	0.21038327272727272	0.04185618981684156	0.20891663636363633	0.04169285456597454	0.1007080909090909	0.025087323559357638	0.7896167272727272	0.04185618981684156
tw0	NNI	0.3	100	11	0.21687063636363638	0.04281824562375096	0.21532445454545454	0.04264527177166701	0.10443463636363637	0.02582373982642988	0.7831293636363637	0.04281824562375096
tw0	NNI	0.3	200	11	0.26546036363636366	0.05041247247426568	0.262957	0.0501544321295373	0.12907300000000002	0.03150101965420398	0.7345396363636363	0.05041247247426568
tw0	NNI	0.3	300	11	0.2859558181818182	0.053691925498722155	0.28270609090909093	0.053272450037767614	0.1452001818181818	0.03554627508648363	0.7140441818181817	0.053691925498722155
tw0	NNI	0.3	400	11	0.2980887272727272	0.05610855942093472	0.29427854545454546	0.055606836722142144	0.15580200000000002	0.038123985979242186	0.7019112727272727	0.05610855942093472
tw0	NNI	0.3	500	11	0.3128288181818182	0.057473946534664054	0.3084514545454546	0.056851740433799085	0.16263536363636363	0.039684886436497285	0.6871711818181818	0.057473946534664054
tw0	NNI	0.3	600	11	0.3228253636363636	0.0608269516612904	0.31805445454545456	0.06014233403191642	0.16866145454545453	0.04108763205446348	0.6771746363636364	0.0608269516612904
tw0	NNI	0.3	700	11	0.33594500000000005	0.06230957445485771	0.33082572727272724	0.06163598608326307	0.17399627272727275	0.042475239567218014	0.664055	0.06230957445485771
tw0	NNI	0.3	800	11	0.3470418181818182	0.06544771019313027	0.34167400000000003	0.06471628562874895	0.1792491818181818	0.043954461985066924	0.6529581818181818	0.06544771019313027
tw0	NNI	0.3	900	11	0.35277654545454545	0.06643727963580846	0.347133	0.06568799262574554	0.18370536363636364	0.04518027174981108	0.6472234545454545	0.06643727963580846
tw0	NNI	0.3	1000	11	0.3637706363636363	0.068162943400258	0.3578249090909091	0.06739110836162486	0.18841818181818185	0.04653122679640536	0.6362293636363636	0.068162943400258
tw0	NNI	0.3	2000	11	0.4187008181818182	0.07724598247403236	0.4110439090909091	0.07626845659158711	0.2223610909090909	0.05606328390625829	0.5812991818181819	0.07724598247403236
tw0	NNI	0.3	3000	11	0.45370618181818173	0.08402402092473515	0.44517354545454546	0.08304633007264008	0.24171900000000004	0.06155207674363673	0.5462938181818182	0.08402402092473515
tw0	NNI	0.3	4000	11	0.4899546363636363	0.08947103300960015	0.4805957272727273	0.08837224088902074	0.25806563636363633	0.06629475640093645	0.5100453636363638	0.08947103300960015
tw0	NNI	0.3	5000	11	0.49760890909090905	0.09104320394071205	0.4877951818181819	0.08988310984220442	0.2713193636363636	0.07037700118585652	0.502391090909091	0.09104320394071205
tw0	NNI	0.3	6000	11	0.5066003636363637	0.09101825918884955	0.4965616363636364	0.08987032659623559	0.28120545454545454	0.07325053215051673	0.49339963636363626	0.09101825918884955
tw0	NNI	0.3	7000	11	0.5141533636363635	0.09001333125651928	0.5038101818181819	0.08891179496412245	0.2888967272727273	0.07536458664242425	0.48584663636363645	0.09001333125651928
tw0	NNI	0.3	8000	11	0.5232120909090908	0.09170344022529209	0.5127212727272727	0.09058348156982454	0.29519500000000004	0.07705916527896542	0.4767879090909092	0.09170344022529209
tw0	NNI	0.3	9000	11	0.5322606363636363	0.0921231888436025	0.5214218181818182	0.09088582127871092	0.3010062727272727	0.07851621892867866	0.4677393636363637	0.0921231888436025
tw0	NNI	0.3	10000	11	0.5360194545454546	0.09275198828619781	0.5250773636363637	0.09154304457420046	0.3059721818181818	0.07977398941245518	0.46398054545454537	0.09275198828619781
tw0	NNI	0.3	20000	11	0.5742574545454545	0.09485488377357026	0.5622153636363637	0.0934634700532073	0.334554	0.08668453341366876	0.4257425454545455	0.09485488377357026
tw0	NNI	0.3	30000	11	0.5852257272727273	0.09562413985572424	0.5728579999999999	0.0941712458088986	0.35026972727272726	0.08949327890528894	0.41477427272727274	0.09562413985572424
tw0	NNI	0.3	40000	11	0.5980168181818182	0.09670295617769804	0.585230090909091	0.09515659606205634	0.35958272727272733	0.09097122034608637	0.4019831818181818	0.09670295617769804
tw0	NNI	0.3	50000	11	0.6124457272727273	0.09592362211658444	0.5993315454545455	0.09437087234594096	0.36638772727272734	0.09207555301609563	0.3875542727272727	0.09592362211658444
tw0	NNI	0.3	60000	11	0.6216370909090909	0.0969587282099924	0.6081636363636364	0.09531338195002008	0.3721766363636364	0.09297291568264507	0.3783629090909091	0.0969587282099924
tw0	NNI	0.3	70000	11	0.6271190909090909	0.09582665572418247	0.6134653636363636	0.0942802390841718	0.3770896363636364	0.09378563021295598	0.3728809090909091	0.09582665572418247
tw0	NNI	0.3	80000	11	0.6380414545454545	0.09594959812132085	0.6242166363636364	0.09447479008827243	0.38147327272727266	0.09452889947236348	0.36195854545454553	0.09594959812132085
tw0	NNI	0.3	90000	11	0.6416868181818182	0.09678031120850396	0.6277047272727274	0.09521138909310174	0.3852077272727273	0.09510035392526542	0.35831318181818184	0.09678031120850396
tw0	NNI	0.3	100000	11	0.654420181818182	0.09506482892836085	0.6401327272727272	0.09361214116789561	0.388572	0.09554520824719574	0.34557981818181804	0.09506482892836085
tw0	NNI	0.3	200000	11	0.6889945454545454	0.09908489860099896	0.6737038181818181	0.09743546646816764	0.4098594545454545	0.09860384890536507	0.3110054545454546	0.09908489860099896
tw0	NNI	0.3	300000	11	0.7108529090909091	0.10065749072712368	0.6951181818181819	0.09905295258146414	0.42311918181818187	0.10014380270888806	0.28914709090909085	0.10065749072712368
tw0	NNI	0.3	400000	11	0.7217526363636363	0.10029680900346574	0.7057947272727273	0.0986752778567699	0.43234009090909087	0.10111923566584466	0.2782473636363637	0.10029680900346574
tw0	NNI	0.3	500000	11	0.7290636363636364	0.09935253048616809	0.7127596363636364	0.09769319786205205	0.4388301818181818	0.10176421685640141	0.27093636363636364	0.09935253048616809
tw0	NNI	0.3	600000	11	0.7418	0.09968575762501244	0.7250813636363636	0.09789220430093434	0.44420954545454544	0.1022565327938748	0.2582	0.09968575762501244
tw0	NNI	0.3	700000	11	0.7454393636363638	0.09912425780533998	0.7285554545454546	0.09730413219809729	0.44863636363636367	0.10265505830261873	0.25456063636363624	0.09912425780533998
tw0	NNI	0.3	800000	11	0.7527144545454547	0.09946100624332072	0.7355675454545455	0.09758768386667017	0.4522183636363637	0.10291951902356192	0.24728554545454529	0.09946100624332072
tw0	NNI	0.3	900000	11	0.7618060909090908	0.0992482783366547	0.7444087272727273	0.09735700542381408	0.4555551818181819	0.10324528748284291	0.2381939090909092	0.0992482783366547
tw0	NNI	0.3	1000000	11	0.7654428181818183	0.09989219905703968	0.7479266363636363	0.09794498853969673	0.4586457272727273	0.10359532713769133	0.23455718181818175	0.09989219905703968
tw0	NNI	0.4	1	11	0.0	0.0	0.0	0.0	0.0	0.0	1.0	0.0
tw0	NNI	0.4	2	11	0.0	0.0	0.0	0.0	0.0	0.0	1.0	0.0
tw0	NNI	0.4	3	11	7.272727272727272e-07	7.272727272727271e-07	0.0	0.0	2.7272727272727274e-07	2.727272727272727e-07	0.9999992727272727	7.272727272727271e-07
tw0	NNI	0.4	4	11	5.090909090909091e-06	4.351498269571372e-06	0.0	0.0	1.4545454545454544e-06	1.1148879794004283e-06	0.999994909090909	4.351498269571372e-06
tw0	NNI	0.4	5	11	0.0008064545454545455	0.0008041555860724777	0.0008	0.0007999999999999999	0.00016136363636363638	0.00016086404608337454	0.9991935454545454	0.0008041555860724777
tw0	NNI	0.4	6	11	0.003963	0.002153491752311285	0.003941	0.002145453476116837	0.000794	0.00041021635089968624	0.996037	0.002153491752311285
tw0	NNI	0.4	7	11	0.009708272727272727	0.005343385420041065	0.009675636363636364	0.005333698705184419	0.002060181818181818	0.0010582167145136356	0.9902917272727273	0.005343385420041065
tw0	NNI	0.4	8	11	0.016324909090909088	0.007895546754577482	0.01628627272727273	0.007880917206761833	0.0035618181818181816	0.001857016961875743	0.9836750909090909	0.007895546754577482
tw0	NNI	0.4	9	11	0.020269363636363637	0.008038843700515783	0.020229454545454547	0.008024403670127583	0.0049837272727272725	0.00248190012285642	0.9797306363636363	0.008038843700515783
tw0	NNI	0.4	10	11	0.024385545454545455	0.00937661646802458	0.024335272727272726	0.009354673004431244	0.006052454545454547	0.002767178091202255	0.9756144545454546	0.00937661646802458
tw0	NNI	0.4	20	11	0.028695636363636368	0.008935840498976047	0.028615363636363637	0.00890246517368055	0.012592636363636363	0.005057136930342248	0.9713043636363636	0.008935840498976047
tw0	NNI	0.4	30	11	0.03440336363636364	0.009804175772016487	0.034285	0.009772573734692412	0.015782636363636363	0.005944149391357595	0.9655966363636364	0.009804175772016487
tw0	NNI	0.4	40	11	0.040704272727272735	0.012095129438287364	0.040546909090909085	0.012078595732989483	0.01877118181818182	0.007040327691002332	0.9592957272727273	0.012095129438287364
tw0	NNI	0.4	50	11	0.04259190909090909	0.011903236289082016	0.042404090909090905	0.011892296078825412	0.020879636363636364	0.007853942148862949	0.957408090909091	0.011903236289082016
tw0	NNI	0.4	60	11	0.04575890909090909	0.010982604908303897	0.04553490909090909	0.010970426593557249	0.022608363636363638	0.008356694290178632	0.9542410909090909	0.010982604908303897
tw0	NNI	0.4	70	11	0.04766509090909091	0.011977714362670325	0.04741909090909091	0.011967411612340136	0.02426309090909091	0.00886500628770176	0.9523349090909091	0.011977714362670325
tw0	NNI	0.4	80	11	0.04798472727272728	0.011917058775394134	0.047669181818181826	0.011905190795170884	0.02550481818181818	0.009234845057338962	0.9520152727272727	0.011917058775394134
tw0	NNI	0.4	90	11	0.049861181818181825	0.013084434574102426	0.049531090909090913	0.013076830118019318	0.02652472727272727	0.009536099299828958	0.9501388181818182	0.013084434574102426
tw0	NNI	0.4	100	11	0.05125654545454546	0.012824140170619723	0.050852181818181824	0.012829242857853501	0.027537727272727273	0.009874006007594716	0.9487434545454545	0.012824140170619723
tw0	NNI	0.4	200	11	0.07153045454545455	0.01712844958825873	0.07093963636363636	0.017128379780232215	0.03520318181818182	0.012401081674096148	0.9284695454545454	0.01712844958825873
tw0	NNI	0.4	300	11	0.0755500909090909	0.0163725465223479	0.07471972727272727	0.016382132941431767	0.04004763636363637	0.01379665509348534	0.9244499090909091	0.0163725465223479
tw0	NNI	0.4	400	11	0.07930899999999999	0.017293402835132875	0.07829836363636365	0.01730414109831555	0.04346018181818182	0.014785364004384497	0.920691	0.017293402835132875
tw0	NNI	0.4	500	11	0.08626854545454546	0.018180559770541938	0.08505145454545454	0.018170192554322503	0.046094909090909096	0.015494214299921786	0.9137314545454546	0.018180559770541938
tw0	NNI	0.4	600	11	0.08958672727272728	0.018334434008712534	0.08829554545454545	0.018304729523150636	0.04821890909090908	0.01597356871406042	0.9104132727272727	0.018334434008712534
tw0	NNI	0.4	700	11	0.09194009090909092	0.01810163535477818	0.09050609090909091	0.018076817868325944	0.049857	0.016325881684112392	0.9080599090909091	0.01810163535477818
tw0	NNI	0.4	800	11	0.09552609090909091	0.018945727680285525	0.09400136363636363	0.018905509591012556	0.0513660909090909	0.016577582363187477	0.9044739090909091	0.018945727680285525
tw0	NNI	0.4	900	11	0.0976300909090909	0.01890478822677402	0.09601618181818182	0.01885513146253352	0.052774999999999996	0.01679380274549351	0.9023699090909091	0.01890478822677402
tw0	NNI	0.4	1000	11	0.10309236363636363	0.02043708480157522	0.10140081818181818	0.0203745791973582	0.054134090909090896	0.0170559932817308	0.8969076363636364	0.02043708480157522
tw0	NNI	0.4	2000	11	0.11432481818181817	0.021220747772711917	0.1120661818181818	0.021101055213087926	0.06416463636363635	0.01895098883065219	0.8856751818181818	0.021220747772711917
tw0	NNI	0.4	3000	11	0.12882890909090905	0.025582251439569492	0.1262550909090909	0.025352576085157875	0.0691129090909091	0.020033347685321883	0.871171090909091	0.025582251439569492
tw0	NNI	0.4	4000	11	0.14150372727272725	0.030506629919678088	0.1387508181818182	0.030276495970792617	0.07386190909090909	0.02182008222568231	0.8584962727272727	0.030506629919678088
tw0	NNI	0.4	5000	11	0.14526172727272726	0.030487139694718644	0.14230936363636362	0.030204297984429824	0.07781381818181819	0.023413538029337638	0.8547382727272728	0.030487139694718644
tw0	NNI	0.4	6000	11	0.14889963636363637	0.031447682657875016	0.14579763636363638	0.031079305811035546	0.08068327272727273	0.024450336305212993	0.8511003636363637	0.031447682657875016
tw0	NNI	0.4	7000	11	0.1561339090909091	0.03381840652593967	0.1529040909090909	0.03340569442215573	0.08286381818181819	0.0252209202733179	0.8438660909090909	0.03381840652593967
tw0	NNI	0.4	8000	11	0.15802936363636363	0.03454403625342131	0.1546608181818182	0.034063951400222114	0.0849231818181818	0.025939018659091446	0.8419706363636363	0.03454403625342131
tw0	NNI	0.4	9000	11	0.16164036363636364	0.03616820253036756	0.15817409090909093	0.03560460456188587	0.08658254545454545	0.02649588928575479	0.8383596363636363	0.03616820253036756
tw0	NNI	0.4	10000	11	0.16350454545454546	0.037113985221051506	0.15993081818181817	0.03647761144363838	0.08804136363636364	0.0269346252917125	0.8364954545454546	0.037113985221051506
tw0	NNI	0.4	20000	11	0.1817030909090909	0.04126789352234859	0.17759190909090908	0.04048572048815024	0.09641463636363637	0.02952122346419844	0.8182969090909091	0.04126789352234859
tw0	NNI	0.4	30000	11	0.1944809090909091	0.046313402569382864	0.19004627272727273	0.04545836761939252	0.10338918181818181	0.031773472251612145	0.8055190909090909	0.046313402569382864
tw0	NNI	0.4	40000	11	0.20539527272727273	0.05037691820576903	0.20086318181818183	0.04961020455855981	0.10861563636363637	0.034139261775922435	0.7946047272727272	0.05037691820576903
tw0	NNI	0.4	50000	11	0.21630236363636363	0.051850290642347106	0.2113851818181818	0.05096072175934185	0.11359509090909091	0.03616792620401636	0.7836976363636363	0.051850290642347106
tw0	NNI	0.4	60000	11	0.2234214545454545	0.054238520324977293	0.21837209090909093	0.05331077840250499	0.11779772727272726	0.03769084809463118	0.7765785454545455	0.054238520324977293
tw0	NNI	0.4	70000	11	0.22540363636363636	0.0553974858834312	0.22030836363636366	0.05448232706671916	0.121222	0.03905175898471156	0.7745963636363636	0.0553974858834312
tw0	NNI	0.4	80000	11	0.2254072727272727	0.055398532632206544	0.22030836363636366	0.05448232706671916	0.12385290909090908	0.04014309080310641	0.7745927272727273	0.055398532632206544
tw0	NNI	0.4	90000	11	0.23630909090909089	0.05794571733903669	0.2310125454545454	0.056960971493624654	0.12634836363636362	0.04114853340483224	0.7636909090909091	0.05794571733903669
tw0	NNI	0.4	100000	11	0.24357036363636364	0.06009272591167643	0.23808190909090907	0.05899930496130743	0.12904745454545455	0.04206849899311699	0.7564296363636364	0.06009272591167643
tw0	NNI	0.4	200000	11	0.276307	0.0651520125004174	0.26996481818181817	0.06370960983910699	0.14723418181818182	0.04628378300241755	0.7236929999999999	0.0651520125004174
tw0	NNI	0.4	300000	11	0.30357863636363636	0.07224046869679233	0.29647054545454543	0.07053478901730481	0.1596101818181818	0.048949324077386995	0.6964213636363636	0.07224046869679233
tw0	NNI	0.4	400000	11	0.312683	0.07341299782822708	0.3053257272727273	0.07162095967015787	0.16858636363636365	0.051042158953924416	0.687317	0.07341299782822708
tw0	NNI	0.4	500000	11	0.32359490909090916	0.07568418877143417	0.3160482727272727	0.07392597688475472	0.1751860909090909	0.05277764624422912	0.6764050909090908	0.07568418877143417
tw0	NNI	0.4	600000	11	0.3363247272727273	0.07915984614644553	0.32852754545454543	0.07737753454745748	0.18090336363636364	0.05450237587703239	0.6636752727272728	0.07915984614644553
tw0	NNI	0.4	700000	11	0.35087118181818183	0.08189328548164687	0.34266963636363634	0.07996814871062702	0.18656572727272727	0.05624461770614806	0.6491288181818182	0.08189328548164687
tw0	NNI	0.4	800000	11	0.3545171818181818	0.08157257250012165	0.34620281818181814	0.07966349511925068	0.19133145454545455	0.05763716852350236	0.6454828181818182	0.08157257250012165
tw0	NNI	0.4	900000	11	0.3599727272727273	0.08170215135000934	0.35154899999999994	0.07978684601076454	0.1953600909090909	0.05874321094645043	0.6400272727272727	0.08170215135000934
tw0	NNI	0.4	1000000	11	0.3672469090909091	0.08312556556367595	0.35861554545454544	0.0811986470644525	0.1990719090909091	0.05979582136273929	0.6327530909090908	0.08312556556367595
tw0	NNI	0.5	1	11	0.0	0.0	0.0	0.0	0.0	0.0	1.0	0.0
tw0	NNI	0.5	2	11	0.0	0.0	0.0	0.0	0.0	0.0	1.0	0.0
tw0	NNI	0.5	3	11	1.1818181818181818e-06	1.181818181818182e-06	0.0	0.0	3.636363636363636e-07	3.6363636363636355e-07	0.9999988181818181	1.181818181818182e-06
tw0	NNI	0.5	4	11	0.0018902727272727272	0.001810869023379303	0.0018884545454545454	0.0018110577088523126	0.0004725454545454545	0.00045269454609716213	0.9981097272727273	0.001810869023379303
tw0	NNI	0.5	5	11	0.0019450909090909093	0.0018058166445458984	0.001938	0.001806563563534621	0.0007667272727272727	0.000723305670212797	0.9980549090909091	0.0018058166445458984
tw0	NNI	0.5	6	11	0.004092909090909091	0.002367163667017192	0.004085909090909091	0.002362635498584907	0.001311818181818182	0.0009156383051102242	0.9959070909090909	0.002367163667017192
tw0	NNI	0.5	7	11	0.004126181818181819	0.0023627480257229824	0.004119181818181819	0.0023582212550147426	0.0016956363636363636	0.0010927249281475376	0.9958738181818182	0.0023627480257229824
tw0	NNI	0.5	8	11	0.004127	0.002363203157503892	0.004119181818181819	0.0023582212550147426	0.0019884545454545454	0.001237202484813926	0.995873	0.002363203157503892
tw0	NNI	0.5	9	11	0.004624454545454546	0.0023282221831011527	0.004606727272727273	0.0023231983091141994	0.002228272727272727	0.0013481225672016424	0.9953755454545454	0.0023282221831011527
tw0	NNI	0.5	10	11	0.006539454545454545	0.0027537899615014422	0.006520636363636365	0.002747840213935722	0.002562	0.0014322829900673833	0.9934605454545454	0.0027537899615014422
tw0	NNI	0.5	20	11	0.007438818181818183	0.002905597816185421	0.007360363636363637	0.0029008788238072307	0.003686636363636363	0.0018408545953774605	0.9925611818181819	0.002905597816185421
tw0	NNI	0.5	30	11	0.01011190909090909	0.004616822469768074	0.010024727272727274	0.004608839891676368	0.004410636363636363	0.0020324436222650677	0.9898880909090909	0.004616822469768074
tw0	NNI	0.5	40	11	0.014839999999999999	0.006199625300994187	0.014722545454545455	0.0061699270135120825	0.0050739999999999995	0.0021648655973398106	0.98516	0.006199625300994187
tw0	NNI	0.5	50	11	0.015535727272727274	0.006747152476942213	0.01540818181818182	0.006711147445337337	0.0055930909090909095	0.002271705000272805	0.9844642727272728	0.006747152476942213
tw0	NNI	0.5	60	11	0.016582454545454543	0.006711491415832505	0.016373000000000002	0.006682368660070388	0.006001818181818181	0.00234088059117691	0.9834175454545454	0.006711491415832505
tw0	NNI	0.5	70	11	0.018426636363636364	0.006532985987590176	0.01821718181818182	0.006491628128623095	0.006416363636363636	0.002372380765363724	0.9815733636363636	0.006532985987590176
tw0	NNI	0.5	80	11	0.018925636363636363	0.0065427582274710785	0.018702090909090908	0.006490601451966101	0.006775636363636362	0.0024069013020242332	0.9810743636363637	0.0065427582274710785
tw0	NNI	0.5	90	11	0.01897163636363636	0.006577571733858141	0.018743363636363638	0.006524245556206936	0.00703590909090909	0.0024422281460492936	0.9810283636363636	0.006577571733858141
tw0	NNI	0.5	100	11	0.018994818181818182	0.006581054967678305	0.018754636363636366	0.006523971518070496	0.0072440000000000004	0.002464208384783309	0.9810051818181819	0.006581054967678305
tw0	NNI	0.5	200	11	0.021467272727272724	0.006696944619602026	0.021075272727272727	0.006570380755662503	0.008425090909090908	0.0025009808383350336	0.9785327272727273	0.006696944619602026
tw0	NNI	0.5	300	11	0.021629727272727273	0.006772635398278615	0.021142181818181817	0.006595948551012455	0.009142909090909092	0.0024964945148767937	0.9783702727272727	0.006772635398278615
tw0	NNI	0.5	400	11	0.021677272727272726	0.006797989073102172	0.021142181818181817	0.006595948551012455	0.00949690909090909	0.002517864291434835	0.9783227272727273	0.006797989073102172
tw0	NNI	0.5	500	11	0.023497909090909087	0.007005657963330321	0.022874000000000002	0.006766145833217285	0.009736363636363638	0.0025265540861840307	0.9765020909090909	0.007005657963330321
tw0	NNI	0.5	600	11	0.023529999999999995	0.007011870628376632	0.022874000000000002	0.006766145833217285	0.010030636363636363	0.0025515459280876164	0.97647	0.007011870628376632
tw0	NNI	0.5	700	11	0.02709681818181818	0.007700655014428297	0.026391909090909094	0.007461654501461024	0.010418636363636364	0.0026423906643682524	0.9729031818181818	0.007700655014428297
tw0	NNI	0.5	800	11	0.02715072727272727	0.0077241445411490054	0.026391909090909094	0.007461654501461024	0.010959454545454547	0.002838799795571862	0.9728492727272727	0.0077241445411490054
tw0	NNI	0.5	900	11	0.028975636363636367	0.007770447606474075	0.028208727272727274	0.007526558205437244	0.01144581818181818	0.0030326822685782235	0.9710243636363637	0.007770447606474075
tw0	NNI	0.5	1000	11	0.030804454545454548	0.008226896977557142	0.030025545454545458	0.008013958170097103	0.012062363636363637	0.0032676805487371376	0.9691955454545454	0.008226896977557142
tw0	NNI	0.5	2000	11	0.03448854545454545	0.009742929690399398	0.03349981818181818	0.009418469493325029	0.01576290909090909	0.004773284014281126	0.9655114545454545	0.009742929690399398
tw0	NNI	0.5	3000	11	0.036323272727272725	0.010369286977407596	0.035258727272727275	0.010021787727556313	0.017462818181818184	0.005573803965985857	0.9636767272727272	0.010369286977407596
tw0	NNI	0.5	4000	11	0.03809009090909091	0.010242924639569544	0.03697590909090909	0.009890260157856448	0.01848872727272727	0.006045862191450987	0.9619099090909091	0.010242924639569544
tw0	NNI	0.5	5000	11	0.03813109090909091	0.01024408856982632	0.03699018181818182	0.009890409006910024	0.01914018181818182	0.0063284354763647865	0.961868909090909	0.01024408856982632
tw0	NNI	0.5	6000	11	0.03988590909090909	0.010418809918477032	0.03870736363636363	0.010057218879331248	0.019598909090909087	0.00651397181931346	0.960114090909091	0.010418809918477032
tw0	NNI	0.5	7000	11	0.04176472727272727	0.010926714711360917	0.040453545454545464	0.010515785324379238	0.020018090909090906	0.006647106948897591	0.9582352727272727	0.010926714711360917
tw0	NNI	0.5	8000	11	0.041782090909090915	0.010929762063828325	0.040453545454545464	0.010515785324379238	0.02038	0.006753366111530134	0.9582179090909091	0.010929762063828325
tw0	NNI	0.5	9000	11	0.04178690909090909	0.010930640000770599	0.040453545454545464	0.010515785324379238	0.020662272727272727	0.006836181237411996	0.9582130909090909	0.010930640000770599
tw0	NNI	0.5	10000	11	0.04358390909090909	0.01037918307474984	0.04224381818181819	0.009965051008233437	0.020879818181818183	0.006902154014005907	0.9564160909090909	0.01037918307474984
tw0	NNI	0.5	20000	11	0.045441272727272726	0.010814571191508165	0.04406063636363637	0.010442158269832507	0.02315218181818182	0.007535407105872892	0.9545587272727273	0.010814571191508165
tw0	NNI	0.5	30000	11	0.04726118181818182	0.010876092357107427	0.04586209090909091	0.010520851219843507	0.024331363636363637	0.0078084833054973875	0.9527388181818182	0.010876092357107427
tw0	NNI	0.5	40000	11	0.05089300000000001	0.010566885547011302	0.04935027272727273	0.01019593209800396	0.02512372727272727	0.00789866693941672	0.949107	0.010566885547011302
tw0	NNI	0.5	50000	11	0.05452909090909091	0.011778614113147875	0.05289863636363636	0.011403329593725708	0.025888181818181814	0.008104284211360828	0.9454709090909091	0.011778614113147875
tw0	NNI	0.5	60000	11	0.0581649090909091	0.013330583767790614	0.056446909090909096	0.012940384979136615	0.02681272727272727	0.00845500611159492	0.9418350909090909	0.013330583767790614
tw0	NNI	0.5	70000	11	0.05998536363636362	0.012930304397930487	0.05820363636363637	0.01254975447588353	0.027578000000000002	0.008747606216975748	0.9400146363636364	0.012930304397930487
tw0	NNI	0.5	80000	11	0.05998845454545454	0.012930641296311805	0.05820363636363637	0.01254975447588353	0.02817918181818182	0.008968383528026952	0.9400115454545455	0.012930641296311805
tw0	NNI	0.5	90000	11	0.061807909090909094	0.013333788164900709	0.05993536363636364	0.01291229967143571	0.028682545454545457	0.009147467069546068	0.938192090909091	0.013333788164900709
tw0	NNI	0.5	100000	11	0.06362154545454546	0.014218496192292908	0.0616669090909091	0.013731197110266524	0.029154	0.009296337395105471	0.9363784545454545	0.014218496192292908
tw0	NNI	0.5	200000	11	0.07089754545454546	0.015804891317887888	0.06872854545454546	0.015292821887981325	0.03253818181818182	0.010623112153839752	0.9291024545454545	0.015804891317887888
tw0	NNI	0.5	300000	11	0.07090272727272727	0.01580745439577101	0.06872854545454546	0.015292821887981325	0.033945	0.011079917693327376	0.9290972727272727	0.01580745439577101
tw0	NNI	0.5	400000	11	0.07453227272727272	0.017697312197614494	0.0722769090909091	0.017157120435685822	0.034794090909090906	0.011435953995626367	0.9254677272727273	0.017697312197614494
tw0	NNI	0.5	500000	11	0.07999427272727273	0.01848766689940813	0.07761581818181817	0.017970305219656212	0.03605936363636363	0.012101785896209118	0.9200057272727272	0.01848766689940813
tw0	NNI	0.5	600000	11	0.08181563636363637	0.018576881610447838	0.07937254545454546	0.018052826363135516	0.03718318181818182	0.012581022859715909	0.9181843636363636	0.018576881610447838
tw0	NNI	0.5	700000	11	0.08726763636363637	0.019120554728198905	0.08474545454545455	0.01865477281232175	0.03857736363636364	0.013103616840935544	0.9127323636363637	0.019120554728198905
tw0	NNI	0.5	800000	11	0.08726809090909092	0.019120556459882053	0.08474545454545455	0.01865477281232175	0.039789181818181814	0.013574313954751038	0.9127319090909091	0.019120556459882053
tw0	NNI	0.5	900000	11	0.08726836363636364	0.019120593617293527	0.08474545454545455	0.01865477281232175	0.040730999999999996	0.01394312350489399	0.9127316363636364	0.019120593617293527
tw0	NNI	0.5	1000000	11	0.08726845454545457	0.019120599668878607	0.08474545454545455	0.01865477281232175	0.041483	0.014239717824068387	0.9127315454545455	0.019120599668878607
tw0	NNI2	0.0	1	11	0.0	0.0	0.0	0.0	0.0	0.0	1.0	0.0
tw0	NNI2	0.0	2	11	0.0	0.0	0.0	0.0	0.0	0.0	1.0	0.0
tw0	NNI2	0.0	3	11	0.0	0.0	0.0	0.0	0.0	0.0	1.0	0.0
tw0	NNI2	0.0	4	11	0.0	0.0	0.0	0.0	0.0	0.0	1.0	0.0
tw0	NNI2	0.0	5	11	0.0	0.0	0.0	0.0	0.0	0.0	1.0	0.0
tw0	NNI2	0.0	6	11	0.0	0.0	0.0	0.0	0.0	0.0	1.0	0.0
tw0	NNI2	0.0	7	11	0.0	0.0	0.0	0.0	0.0	0.0	1.0	0.0
tw0	NNI2	0.0	8	11	0.0	0.0	0.0	0.0	0.0	0.0	1.0	0.0
tw0	NNI2	0.0	9	11	0.0	0.0	0.0	0.0	0.0	0.0	1.0	0.0
tw0	NNI2	0.0	10	11	0.0	0.0	0.0	0.0	0.0	0.0	1.0	0.0
tw0	NNI2	0.0	20	11	2.2727272727272728e-06	2.272727272727273e-06	0.0	0.0	3.636363636363636e-07	3.6363636363636355e-07	0.9999977272727273	2.272727272727273e-06
tw0	NNI2	0.0	30	11	0.002840545454545455	0.0026120683248882096	0.002798909090909091	0.0026162533011039263	0.00022127272727272726	0.0001744863678399647	0.9971594545454545	0.0026120683248882096
tw0	NNI2	0.0	40	11	0.01087	0.004466271855911718	0.01055090909090909	0.004489507216235218	0.00203	0.001064175933848261	0.98913	0.004466271855911718
tw0	NNI2	0.0	50	11	0.03507845454545455	0.005727636154270142	0.034581818181818186	0.005711479155363236	0.005994	0.001776360502928287	0.9649215454545454	0.005727636154270142
tw0	NNI2	0.0	60	11	0.061645636363636354	0.006854460036120779	0.06074472727272728	0.006878667712032757	0.01248909090909091	0.002391797416377845	0.9383543636363636	0.006854460036120779
tw0	NNI2	0.0	70	11	0.08666218181818183	0.009907362297180986	0.08533454545454545	0.010009166658948764	0.020409272727272724	0.0033763941123116674	0.9133378181818181	0.009907362297180986
tw0	NNI2	0.0	80	11	0.12586072727272726	0.012406502523853375	0.1242673636363636	0.01252973879599522	0.029556090909090907	0.004462736110289588	0.8741392727272728	0.012406502523853375
tw0	NNI2	0.0	90	11	0.165438	0.015045729324598755	0.16357500000000003	0.015115101233233905	0.04073772727272727	0.005447977898585041	0.834562	0.015045729324598755
tw0	NNI2	0.0	100	11	0.2005769090909091	0.015840658335983242	0.1983149090909091	0.0158962111200091	0.05248336363636363	0.006507294303350144	0.7994230909090909	0.015840658335983242
tw0	NNI2	0.0	200	11	0.5103598181818182	0.0273034429862936	0.5055335454545454	0.027753441533475923	0.1724557272727273	0.017806387138067727	0.4896401818181818	0.0273034429862936
tw0	NNI2	0.0	300	11	0.7244199090909091	0.03266048053853869	0.7185743636363636	0.033435567765282184	0.2634505454545455	0.03160128564857726	0.27558009090909086	0.03266048053853869
tw0	NNI2	0.0	400	11	0.8278068181818182	0.0360246760355929	0.8211305454545456	0.036981457507381285	0.32626990909090914	0.04402391395334928	0.17219318181818177	0.0360246760355929
tw0	NNI2	0.0	500	11	0.8852413636363636	0.03046353652700605	0.8779938181818182	0.031294808912202036	0.3701084545454545	0.05266529592062131	0.11475863636363637	0.03046353652700605
tw0	NNI2	0.0	600	11	0.9108852727272729	0.02453393806105068	0.9030775454545457	0.025446536835049296	0.4007439090909091	0.05980659278426426	0.08911472727272707	0.02453393806105068
tw0	NNI2	0.0	700	11	0.9251338181818181	0.022284502583152094	0.9168821818181818	0.02320977247071045	0.424665	0.06469572803277593	0.07486618181818194	0.022284502583152094
tw0	NNI2	0.0	800	11	0.9389381818181818	0.01953832839822011	0.9301445454545455	0.020515072031142743	0.44295854545454544	0.06852217811036389	0.06106181818181822	0.01953832839822011
tw0	NNI2	0.0	900	11	0.9464332727272726	0.018484122324599127	0.9371302727272728	0.019502481463598852	0.4565924545454545	0.07163433156250298	0.05356672727272738	0.018484122324599127
tw0	NNI2	0.0	1000	11	0.9513642727272728	0.01745566294050622	0.9418010909090909	0.018554152812512967	0.4670711818181818	0.07419943058796687	0.04863572727272725	0.01745566294050622
tw0	NNI2	0.0	2000	11	0.9784923636363637	0.0064988596052380655	0.9650102727272728	0.00857553988556555	0.5244654545454547	0.08631112683946099	0.021507636363636284	0.0064988596052380655
tw0	NNI2	0.0	3000	11	0.987821090909091	0.0033687148627401372	0.9719837272727273	0.006395365080333088	0.5445888181818183	0.09059703688630502	0.012178909090909018	0.0033687148627401372
tw0	NNI2	0.0	4000	11	0.9903738181818181	0.0026816389046394793	0.9729823636363636	0.006042348827270175	0.5550654545454545	0.09277554059971976	0.009626181818181867	0.0026816389046394793
tw0	NNI2	0.0	5000	11	0.9923073636363636	0.0021512419511136825	0.973607181818182	0.005833343525595195	0.5614529999999999	0.09428667859729224	0.007692636363636374	0.0021512419511136825
tw0	NNI2	0.0	6000	11	0.9934617272727273	0.001833626799001515	0.9737466363636365	0.005795317898995126	0.5657121818181818	0.09515438287214369	0.006538272727272698	0.001833626799001515
tw0	NNI2	0.0	7000	11	0.9941542727272726	0.0016241238314348766	0.9738389090909092	0.005762599843275517	0.5686140909090909	0.0961181595457529	0.0058457272727273635	0.0016241238314348766
tw0	NNI2	0.0	8000	11	0.9947214545454546	0.001491520842896063	0.973854090909091	0.005756875299002447	0.5704164545454545	0.09647546835697414	0.005278545454545425	0.001491520842896063
tw0	NNI2	0.0	9000	11	0.9953485454545455	0.0013338360493747238	0.9738809090909093	0.00574834229773253	0.5721537272727274	0.09681691070939387	0.004651454545454459	0.0013338360493747238
tw0	NNI2	0.0	10000	11	0.9957931818181819	0.0012274127098619169	0.9739119090909092	0.005739874174190341	0.573343090909091	0.09707395376904003	0.004206818181818117	0.0012274127098619169
tw0	NNI2	0.0	20000	11	0.9978808181818182	0.0006529923822217743	0.9739119090909092	0.005739874174190341	0.5804619090909091	0.09851232263099738	0.0021191818181818256	0.0006529923822217743
tw0	NNI2	0.0	30000	11	0.9986944545454546	0.000427540223809645	0.9739119090909092	0.005739874174190341	0.582651090909091	0.09904311494554961	0.0013055454545454204	0.000427540223809645
tw0	NNI2	0.0	40000	11	0.999048090909091	0.00032955431210667196	0.9739119090909092	0.005739874174190341	0.5838262727272728	0.09920458282715947	0.0009519090909090311	0.00032955431210667196
tw0	NNI2	0.0	50000	11	0.9992274545454546	0.00026410195564442247	0.9739119090909092	0.005739874174190341	0.5846463636363638	0.09936514502967625	0.0007725454545454147	0.00026410195564442247
tw0	NNI2	0.0	60000	11	0.9993310909090911	0.00022314787003426356	0.9739119090909092	0.005739874174190341	0.5849604545454544	0.09947695732199982	0.0006689090909088868	0.00022314787003426356
tw0	NNI2	0.0	70000	11	0.9994049999999999	0.00019983929907439277	0.9739119090909092	0.005739874174190341	0.5854231818181819	0.09960353863409199	0.0005950000000001232	0.00019983929907439277
tw0	NNI2	0.0	80000	11	0.9994706363636364	0.00017775587307659616	0.9739119090909092	0.005739874174190341	0.5857651818181818	0.09967467716917128	0.0005293636363635779	0.00017775587307659616
tw0	NNI2	0.0	90000	11	0.999517818181818	0.000161739117558989	0.9739119090909092	0.005739874174190341	0.5859470909090909	0.09976026981404922	0.0004821818181820481	0.000161739117558989
tw0	NNI2	0.0	100000	11	0.9995474545454546	0.00015337105117603958	0.9739119090909092	0.005739874174190341	0.5860611818181818	0.09979698803952117	0.0004525454545454277	0.00015337105117603958
tw0	NNI2	0.0	200000	11	0.999726	9.919695743134145e-05	0.9739119090909092	0.005739874174190341	0.5867730909090909	0.1000045442385181	0.00027399999999999647	9.919695743134145e-05
tw0	NNI2	0.0	300000	11	0.999784090909091	8.442333311089424e-05	0.9739119090909092	0.005739874174190341	0.5870642727272727	0.10007961540785153	0.00021590909090896115	8.442333311089424e-05
tw0	NNI2	0.0	400000	11	0.9998204545454545	7.27104298678678e-05	0.9739119090909092	0.005739874174190341	0.5871643636363636	0.10011011983840348	0.00017954545454546	7.27104298678678e-05
tw0	NNI2	0.0	500000	11	0.9998465454545454	6.053013729260164e-05	0.9739119090909092	0.005739874174190341	0.5872390909090909	0.10013874471492537	0.00015345454545456771	6.053013729260164e-05
tw0	NNI2	0.0	600000	11	0.9998657272727273	5.3161006028696126e-05	0.9739119090909092	0.005739874174190341	0.5872540909090911	0.10014377416317315	0.00013427272727273287	5.3161006028696126e-05
tw0	NNI2	0.0	700000	11	0.9998788181818181	4.9640675803369536e-05	0.9739119090909092	0.005739874174190341	0.5872973636363636	0.10015066478817826	0.00012118181818188134	4.9640675803369536e-05
tw0	NNI2	0.0	800000	11	0.999889	4.5019591694764024e-05	0.9739119090909092	0.005739874174190341	0.5872873636363637	0.10016632391943028	0.00011099999999997223	4.5019591694764024e-05
tw0	NNI2	0.0	900000	11	0.9999037272727272	3.621177380332746e-05	0.9739119090909092	0.005739874174190341	0.5873339999999999	0.10015885410541142	9.627272727275038e-05	3.621177380332746e-05
tw0	NNI2	0.0	1000000	11	0.999915	3.0388694069881475e-05	0.9739119090909092	0.005739874174190341	0.5873847272727274	0.10017141099817498	8.500000000000174e-05	3.0388694069881475e-05
tw0	NNI2	0.02	1	11	0.0	0.0	0.0	0.0	0.0	0.0	1.0	0.0
tw0	NNI2	0.02	2	11	0.0	0.0	0.0	0.0	0.0	0.0	1.0	0.0
tw0	NNI2	0.02	3	11	0.0	0.0	0.0	0.0	0.0	0.0	1.0	0.0
tw0	NNI2	0.02	4	11	5e-06	5e-06	0.0	0.0	1.2727272727272728e-06	1.2727272727272726e-06	0.999995	5e-06
tw0	NNI2	0.02	5	11	9.090909090909091e-06	7.865291470591244e-06	0.0	0.0	1.7272727272727273e-06	1.5379496923496384e-06	0.999990909090909	7.865291470591244e-06
tw0	NNI2	0.02	6	11	0.0002470909090909091	0.00020130476463427988	0.0001940909090909091	0.0001940909090909091	4.127272727272728e-05	3.359656121718166e-05	0.9997529090909091	0.00020130476463427988
tw0	NNI2	0.02	7	11	0.0011863636363636364	0.0009605480090479344	0.0010962727272727272	0.000903649410002766	0.00020290909090909086	0.00014817701051877442	0.9988136363636364	0.0009605480090479344
tw0	NNI2	0.02	8	11	0.004165909090909091	0.0019637904417665226	0.004063181818181818	0.0019483503223271725	0.0006966363636363637	0.00030870112856427905	0.9958340909090909	0.0019637904417665226
tw0	NNI2	0.02	9	11	0.004206181818181818	0.001961344862440435	0.00409790909090909	0.0019468640492973004	0.001084909090909091	0.0004818567394520615	0.9957938181818182	0.001961344862440435
tw0	NNI2	0.02	10	11	0.010090363636363635	0.0071029689519405475	0.009920181818181818	0.007108099954300768	0.0019753636363636366	0.001089616757252728	0.9899096363636364	0.0071029689519405475
tw0	NNI2	0.02	20	11	0.07831245454545456	0.02193339377767635	0.07736736363636364	0.021846777906082304	0.022051636363636364	0.008246398752593575	0.9216875454545455	0.02193339377767635
tw0	NNI2	0.02	30	11	0.18707572727272728	0.04558724005207257	0.18545181818181816	0.04555546866380054	0.05620172727272728	0.016777062178674414	0.8129242727272727	0.04558724005207257
tw0	NNI2	0.02	40	11	0.2820213636363636	0.05398066233051723	0.27947463636363634	0.05401075297690481	0.09387118181818183	0.02506643836934093	0.7179786363636365	0.05398066233051723
tw0	NNI2	0.02	50	11	0.3613932727272728	0.06416735042160403	0.358166	0.06428001915285114	0.1301951818181818	0.03194847210454479	0.6386067272727272	0.06416735042160403
tw0	NNI2	0.02	60	11	0.4337269090909091	0.06657476648120102	0.429842	0.06664534086982034	0.16127254545454547	0.03697802558015519	0.566273090909091	0.06657476648120102
tw0	NNI2	0.02	70	11	0.5020396363636364	0.06536756515710675	0.4977342727272727	0.06547888689911512	0.18938027272727267	0.041090490087807394	0.49796036363636365	0.06536756515710675
tw0	NNI2	0.02	80	11	0.5532460909090909	0.06364075548069587	0.5485929090909091	0.06374025395197928	0.214663	0.04455221003068402	0.44675390909090906	0.06364075548069587
tw0	NNI2	0.02	90	11	0.6085809999999999	0.06233854555103272	0.6035393636363636	0.06241089086839553	0.23759036363636363	0.04731876958752928	0.3914190000000001	0.06233854555103272
tw0	NNI2	0.02	100	11	0.6488536363636364	0.06180762710264409	0.6434228181818181	0.06193692405824409	0.25861300000000004	0.04963242653603131	0.35114636363636365	0.06180762710264409
tw0	NNI2	0.02	200	11	0.8456036363636362	0.040883354274030254	0.838573909090909	0.04126220045259441	0.38842981818181815	0.06452485935595509	0.15439636363636378	0.040883354274030254
tw0	NNI2	0.02	300	11	0.9090103636363636	0.0279807597002826	0.9009219090909092	0.028502858512932782	0.44805081818181824	0.07275371412947285	0.09098963636363644	0.0279807597002826
tw0	NNI2	0.02	400	11	0.9342941818181817	0.02173714838654124	0.9251594545454546	0.022343498005363952	0.4791073636363636	0.07793465820629633	0.06570581818181831	0.02173714838654124
tw0	NNI2	0.02	500	11	0.9452260909090907	0.019155382995841026	0.9353150909090909	0.01981480223398409	0.49910818181818184	0.08139867248781464	0.05477390909090929	0.019155382995841026
tw0	NNI2	0.02	600	11	0.9536445454545454	0.016791709711729032	0.9430519999999999	0.017560277658293554	0.5116320909090909	0.08405813231659219	0.046355454545454644	0.016791709711729032
tw0	NNI2	0.02	700	11	0.9619053636363636	0.013296884249718548	0.9504105454545454	0.014224604405659955	0.5214940909090909	0.08599083992849622	0.038094636363636414	0.013296884249718548
tw0	NNI2	0.02	800	11	0.9679359999999999	0.010980817486541122	0.9558040000000001	0.012028224520231197	0.5287249090909091	0.08753674188252762	0.03206400000000009	0.010980817486541122
tw0	NNI2	0.02	900	11	0.9747021818181817	0.008328292377430498	0.9620267272727273	0.009714656223825292	0.5348383636363638	0.08874873097328544	0.02529781818181831	0.008328292377430498
tw0	NNI2	0.02	1000	11	0.9768027272727273	0.007570640796813711	0.9635151818181819	0.009144643358837494	0.5397337272727273	0.08969416992557554	0.023197272727272678	0.007570640796813711
tw0	NNI2	0.02	2000	11	0.9898341818181818	0.00347948291565436	0.9726284545454547	0.006276421295558392	0.5637528181818182	0.09455247156029466	0.010165818181818165	0.00347948291565436
tw0	NNI2	0.02	3000	11	0.9926477272727273	0.0024762929114850504	0.9735044545454545	0.0059051177116489235	0.5732575454545454	0.09614670615389263	0.0073522727272726796	0.0024762929114850504
tw0	NNI2	0.02	4000	11	0.994321090909091	0.0018057256232457584	0.9738390909090909	0.005767640914390858	0.5770239090909091	0.09699514647889765	0.005678909090908957	0.0018057256232457584
tw0	NNI2	0.02	5000	11	0.9952898181818182	0.0015324182719905774	0.9738741818181819	0.005754161878498638	0.5790479999999999	0.09739128782689864	0.004710181818181836	0.0015324182719905774
tw0	NNI2	0.02	6000	11	0.9960251818181818	0.0012996299740393417	0.9738741818181819	0.005754161878498638	0.5805750000000001	0.098006814170333	0.003974818181818218	0.0012996299740393417
tw0	NNI2	0.02	7000	11	0.9965731818181819	0.0011183428960108144	0.9739119090909092	0.005739874174190341	0.582101	0.09836230568289127	0.0034268181818181143	0.0011183428960108144
tw0	NNI2	0.02	8000	11	0.9969663636363637	0.000988112546706434	0.9739119090909092	0.005739874174190341	0.5826493636363637	0.0985519375229743	0.003033636363636294	0.000988112546706434
tw0	NNI2	0.02	9000	11	0.9973508181818181	0.0008850100648444826	0.9739119090909092	0.005739874174190341	0.5830203636363636	0.09870740802044217	0.002649181818181856	0.0008850100648444826
tw0	NNI2	0.02	10000	11	0.9976246363636366	0.0008059082879552984	0.9739119090909092	0.005739874174190341	0.5834292727272726	0.09882043825435846	0.00237536363636337	0.0008059082879552984
tw0	NNI2	0.02	20000	11	0.9988501818181817	0.0004000992335586525	0.9739119090909092	0.005739874174190341	0.5852147272727272	0.09950333648093422	0.0011498181818182518	0.0004000992335586525
tw0	NNI2	0.02	30000	11	0.9992229090909092	0.00027856817199077235	0.9739119090909092	0.005739874174190341	0.5860874545454545	0.0996719370416918	0.0007770909090908384	0.00027856817199077235
tw0	NNI2	0.02	40000	11	0.9993897272727273	0.00021105781590098185	0.9739119090909092	0.005739874174190341	0.5860851818181818	0.09987313282294404	0.0006102727272726538	0.00021105781590098185
tw0	NNI2	0.02	50000	11	0.9994849090909093	0.0001791628235861789	0.9739119090909092	0.005739874174190341	0.5866274545454545	0.09987592546631079	0.000515090909090743	0.0001791628235861789
tw0	NNI2	0.02	60000	11	0.9995482727272726	0.0001537826146285215	0.9739119090909092	0.005739874174190341	0.5866451818181818	0.09987451632922531	0.0004517272727273536	0.0001537826146285215
tw0	NNI2	0.02	70000	11	0.9995935454545454	0.00013878501121822778	0.9739119090909092	0.005739874174190341	0.5867284545454545	0.09994320482193544	0.00040645454545462645	0.00013878501121822778
tw0	NNI2	0.02	80000	11	0.9996359090909092	0.00012706687248312772	0.9739119090909092	0.005739874174190341	0.5868521818181818	0.09999337140420116	0.00036409090909084174	0.00012706687248312772
tw0	NNI2	0.02	90000	11	0.9996658181818181	0.00011963108581892542	0.9739119090909092	0.005739874174190341	0.586872090909091	0.09999939314292723	0.00033418181818190007	0.00011963108581892542
tw0	NNI2	0.02	100000	11	0.9996840909090907	0.00011660231204206358	0.9739119090909092	0.005739874174190341	0.5868663636363636	0.09999336069225913	0.0003159090909092832	0.00011660231204206358
tw0	NNI2	0.02	200000	11	0.9998022727272727	8.627799581575767e-05	0.9739119090909092	0.005739874174190341	0.5871009090909092	0.10007777811059615	0.0001977272727272661	8.627799581575767e-05
tw0	NNI2	0.02	300000	11	0.9998485454545455	6.787734441106134e-05	0.9739119090909092	0.005739874174190341	0.5872762727272728	0.10011693776607532	0.0001514545454545102	6.787734441106134e-05
tw0	NNI2	0.02	400000	11	0.9998852727272727	5.050780154123317e-05	0.9739119090909092	0.005739874174190341	0.5872447272727274	0.10013768538885857	0.00011472727272732186	5.050780154123317e-05
tw0	NNI2	0.02	500000	11	0.9999044545454545	4.212629574729507e-05	0.9739119090909092	0.005739874174190341	0.5872843636363636	0.1001543528847778	9.554545454548702e-05	4.212629574729507e-05
tw0	NNI2	0.02	600000	11	0.9999212727272727	3.3238830224770695e-05	0.9739119090909092	0.005739874174190341	0.5873470909090909	0.10016193459506684	7.872727272728586e-05	3.3238830224770695e-05
tw0	NNI2	0.02	700000	11	0.9999405454545454	2.0763763731499918e-05	0.9739119090909092	0.005739874174190341	0.5873644545454545	0.10015815379709721	5.945454545464024e-05	2.0763763731499918e-05
tw0	NNI2	0.02	800000	11	0.9999470000000001	1.8391697731706637e-05	0.9739119090909092	0.005739874174190341	0.5874046363636364	0.10016525458027964	5.2999999999858716e-05	1.8391697731706637e-05
tw0	NNI2	0.02	900000	11	0.9999518181818181	1.7117677296674897e-05	0.9739119090909092	0.005739874174190341	0.5874437272727273	0.10017025785659234	4.81818181818916e-05	1.7117677296674897e-05
tw0	NNI2	0.02	1000000	11	0.9999554545454544	1.5726274272041336e-05	0.9739119090909092	0.005739874174190341	0.5874663636363636	0.10017383470504686	4.454545454557479e-05	1.5726274272041336e-05
tw0	NNI2	0.05	1	11	0.0002349090909090909	0.00023490909090909093	0.0002349090909090909	0.00023490909090909093	0.0002349090909090909	0.00023490909090909093	0.9997650909090909	0.00023490909090909093
tw0	NNI2	0.05	2	11	0.00024590909090909096	0.00023996391602017073	0.0002349090909090909	0.00023490909090909093	0.00024045454545454546	0.00023746786820484173	0.999754090909091	0.00023996391602017073
tw0	NNI2	0.05	3	11	0.00024590909090909096	0.00023996391602017073	0.0002349090909090909	0.00023490909090909093	0.00024227272727272728	0.0002382972586310518	0.999754090909091	0.00023996391602017073
tw0	NNI2	0.05	4	11	0.003072909090909091	0.0019329627727899302	0.0030255454545454544	0.0019250956120937161	0.0009499090909090909	0.0005187828316803487	0.9969270909090909	0.0019329627727899302
tw0	NNI2	0.05	5	11	0.017082818181818185	0.010933244296696187	0.017009	0.010937247253807016	0.004168818181818182	0.0025201827452431868	0.9829171818181818	0.010933244296696187
tw0	NNI2	0.05	6	11	0.038067636363636366	0.021878626189740825	0.037903	0.021881201102980866	0.009802272727272727	0.005739927833076442	0.9619323636363636	0.021878626189740825
tw0	NNI2	0.05	7	11	0.06162736363636363	0.027695666906665358	0.06134736363636364	0.02770060307622881	0.017051545454545455	0.008754566039152614	0.9383726363636363	0.027695666906665358
tw0	NNI2	0.05	8	11	0.07456154545454545	0.03049745810461874	0.07415754545454546	0.0304993100447635	0.02388136363636363	0.011329799220938422	0.9254384545454546	0.03049745810461874
tw0	NNI2	0.05	9	11	0.10042599999999999	0.042254362611989005	0.09979590909090909	0.042267117702547354	0.03181281818181818	0.01462091425745897	0.899574	0.042254362611989005
tw0	NNI2	0.05	10	11	0.1238891818181818	0.04665582081502764	0.12307309090909091	0.04668258911501152	0.04018254545454546	0.017643441103946528	0.8761108181818182	0.04665582081502764
tw0	NNI2	0.05	20	11	0.33249036363636364	0.07414710859430643	0.3298419090909091	0.07410846568331811	0.13202336363636363	0.04203894664307735	0.6675096363636364	0.07414710859430643
tw0	NNI2	0.05	30	11	0.5090150909090908	0.0742074485355326	0.5055235454545455	0.07408659687804703	0.20964354545454544	0.052458915459687235	0.4909849090909092	0.0742074485355326
tw0	NNI2	0.05	40	11	0.6004686363636363	0.06926264039821346	0.5965366363636364	0.06919105682768714	0.267311	0.057870908608258914	0.39953136363636366	0.06926264039821346
tw0	NNI2	0.05	50	11	0.6783058181818182	0.06365780171950905	0.6739961818181818	0.06360267457038096	0.30993554545454544	0.06143831279160699	0.32169418181818177	0.06365780171950905
tw0	NNI2	0.05	60	11	0.7312909090909091	0.060495158907207316	0.7265637272727272	0.0604421318764096	0.34330045454545455	0.06442450933335057	0.2687090909090909	0.060495158907207316
tw0	NNI2	0.05	70	11	0.7755756363636362	0.05840406072312449	0.7706047272727272	0.05837136951421724	0.37020072727272724	0.06684908892642114	0.22442436363636376	0.05840406072312449
tw0	NNI2	0.05	80	11	0.8026788181818181	0.05651568888239123	0.7976143636363635	0.056495747033861315	0.3924879090909092	0.06900977159852793	0.19732118181818192	0.05651568888239123
tw0	NNI2	0.05	90	11	0.8236720000000001	0.054141891136161836	0.8183274545454545	0.054206505133167056	0.4101110909090909	0.07111463485124878	0.17632799999999993	0.054141891136161836
tw0	NNI2	0.05	100	11	0.8399199090909092	0.05007221824115727	0.8343054545454546	0.050188592191736464	0.4244702727272728	0.07304302365792754	0.1600800909090908	0.05007221824115727
tw0	NNI2	0.05	200	11	0.9207579090909089	0.026557508381710587	0.9128794545454546	0.027140653552579698	0.4964506363636364	0.08334770818742329	0.07924209090909107	0.026557508381710587
tw0	NNI2	0.05	300	11	0.9453208181818183	0.018654830024233876	0.9357960909090909	0.01946044404167525	0.5225176363636364	0.08745456759788038	0.054679181818181655	0.018654830024233876
tw0	NNI2	0.05	400	11	0.9619827272727272	0.012930808735230268	0.9509029090909091	0.013950774133264274	0.5361140909090909	0.08979124940027736	0.038017272727272844	0.012930808735230268
tw0	NNI2	0.05	500	11	0.9692156363636365	0.011120004757416185	0.9567500909090909	0.012085025450347108	0.545123909090909	0.09144253757171068	0.0307843636363635	0.011120004757416185
tw0	NNI2	0.05	600	11	0.9766174545454546	0.008050731559490432	0.963159090909091	0.009489568433002006	0.5512532727272728	0.09270313419464708	0.023382545454545434	0.008050731559490432
tw0	NNI2	0.05	700	11	0.9791294545454545	0.007324375289977278	0.9648167272727274	0.008906046614102242	0.5561102727272726	0.09351781981673	0.020870545454545475	0.007324375289977278
tw0	NNI2	0.05	800	11	0.9811439090909091	0.006670060041237937	0.9661872727272729	0.008388999297880215	0.5596686363636363	0.0942079927869733	0.018856090909090906	0.006670060041237937
tw0	NNI2	0.05	900	11	0.9827214545454546	0.006299508891916799	0.9673236363636366	0.008080467662290492	0.5628755454545454	0.09474154487018055	0.017278545454545435	0.006299508891916799
tw0	NNI2	0.05	1000	11	0.9838797272727274	0.006021146469041663	0.9679232727272727	0.007846203074899478	0.5659329999999999	0.0951828269436342	0.016120272727272567	0.006021146469041663
tw0	NNI2	0.05	2000	11	0.9933438181818182	0.0021240279351791686	0.9736875454545455	0.005821531496972936	0.5764398181818182	0.09746115175315362	0.006656181818181839	0.0021240279351791686
tw0	NNI2	0.05	3000	11	0.9953793636363636	0.0015189531100113745	0.9738468181818184	0.005762891179100018	0.5795733636363637	0.09845674475527291	0.00462063636363641	0.0015189531100113745
tw0	NNI2	0.05	4000	11	0.9963564545454545	0.0012149622093908688	0.9738964545454547	0.005744076467210119	0.5818715454545454	0.0987627572525893	0.0036435454545454826	0.0012149622093908688
tw0	NNI2	0.05	5000	11	0.9971360909090908	0.0010091749596445336	0.9739119090909092	0.005739874174190341	0.582784090909091	0.09898931495418671	0.002863909090909167	0.0010091749596445336
tw0	NNI2	0.05	6000	11	0.9976671818181818	0.0008686641763303395	0.9739119090909092	0.005739874174190341	0.5836328181818182	0.09903236858823834	0.002332818181818186	0.0008686641763303395
tw0	NNI2	0.05	7000	11	0.9980083636363637	0.0007500333480189405	0.9739119090909092	0.005739874174190341	0.5843501818181818	0.09921299619247272	0.0019916363636363066	0.0007500333480189405
tw0	NNI2	0.05	8000	11	0.9982420000000001	0.0006683372855622575	0.9739119090909092	0.005739874174190341	0.585009909090909	0.09925735051136284	0.0017579999999999263	0.0006683372855622575
tw0	NNI2	0.05	9000	11	0.9984773636363635	0.0005999259389553098	0.9739119090909092	0.005739874174190341	0.585394	0.09931323986037127	0.001522636363636476	0.0005999259389553098
tw0	NNI2	0.05	10000	11	0.9986178181818183	0.0005414702177352134	0.9739119090909092	0.005739874174190341	0.5855029090909091	0.09944404458912875	0.001382181818181727	0.0005414702177352134
tw0	NNI2	0.05	20000	11	0.9992785454545454	0.0002543037326303972	0.9739119090909092	0.005739874174190341	0.5865103636363637	0.09991741517439406	0.0007214545454545807	0.0002543037326303972
tw0	NNI2	0.05	30000	11	0.9994828181818182	0.00018593932628105158	0.9739119090909092	0.005739874174190341	0.5866536363636365	0.10001275031626287	0.0005171818181818333	0.00018593932628105158
tw0	NNI2	0.05	40000	11	0.9995870909090908	0.00015515806922709782	0.9739119090909092	0.005739874174190341	0.5868636363636364	0.10011622841761766	0.00041290909090918593	0.00015515806922709782
tw0	NNI2	0.05	50000	11	0.9996382727272727	0.00013965386372346468	0.9739119090909092	0.005739874174190341	0.5868213636363636	0.10016277586711024	0.0003617272727273191	0.00013965386372346468
tw0	NNI2	0.05	60000	11	0.9996790909090909	0.0001298054806620933	0.9739119090909092	0.005739874174190341	0.5869608181818182	0.10016818025553716	0.0003209090909090939	0.0001298054806620933
tw0	NNI2	0.05	70000	11	0.999709909090909	0.0001261025884346432	0.9739119090909092	0.005739874174190341	0.5870719090909091	0.10022164499715387	0.0002900909090910453	0.0001261025884346432
tw0	NNI2	0.05	80000	11	0.999736	0.00011908957667540327	0.9739119090909092	0.005739874174190341	0.5870952727272729	0.10021492672153012	0.000264000000000042	0.00011908957667540327
tw0	NNI2	0.05	90000	11	0.9997563636363634	0.00011188429678810353	0.9739119090909092	0.005739874174190341	0.5870378181818182	0.10021850787380164	0.00024363636363655683	0.00011188429678810353
tw0	NNI2	0.05	100000	11	0.9997751818181818	0.00010406779417824201	0.9739119090909092	0.005739874174190341	0.5870486363636364	0.10021151954715792	0.00022481818181818713	0.00010406779417824201
tw0	NNI2	0.05	200000	11	0.9998611818181818	6.79619971590779e-05	0.9739119090909092	0.005739874174190341	0.5872362727272729	0.10020205577460074	0.00013881818181815664	6.79619971590779e-05
tw0	NNI2	0.05	300000	11	0.9998926363636365	5.57866508514596e-05	0.9739119090909092	0.005739874174190341	0.5874005454545453	0.10020286765070546	0.0001073636363635444	5.57866508514596e-05
tw0	NNI2	0.05	400000	11	0.9999196363636365	4.037354505732129e-05	0.9739119090909092	0.005739874174190341	0.5874403636363638	0.10018541353385937	8.036363636354515e-05	4.037354505732129e-05
tw0	NNI2	0.05	500000	11	0.9999397272727273	2.7241042200423747e-05	0.9739119090909092	0.005739874174190341	0.5874946363636364	0.10018715536165054	6.027272727271438e-05	2.7241042200423747e-05
tw0	NNI2	0.05	600000	11	0.9999517272727272	2.0465088192108084e-05	0.9739119090909092	0.005739874174190341	0.587529	0.10018636546837917	4.82727272728134e-05	2.0465088192108084e-05
tw0	NNI2	0.05	700000	11	0.9999584545454546	1.709883761937798e-05	0.9739119090909092	0.005739874174190341	0.5875456363636363	0.10018403482221858	4.15454545453775e-05	1.709883761937798e-05
tw0	NNI2	0.05	800000	11	0.9999667272727272	1.212517359508e-05	0.9739119090909092	0.005739874174190341	0.5875202727272728	0.10018386948307424	3.327272727282615e-05	1.212517359508e-05
tw0	NNI2	0.05	900000	11	0.9999701818181819	1.0741439028208669e-05	0.9739119090909092	0.005739874174190341	0.5875299090909091	0.10018707526481326	2.9818181818130896e-05	1.0741439028208669e-05
tw0	NNI2	0.05	1000000	11	0.9999723636363637	9.982050005593084e-06	0.9739119090909092	0.005739874174190341	0.5875294545454545	0.10018859713708701	2.763636363634081e-05	9.982050005593084e-06
tw0	NNI2	0.1	1	11	0.0	0.0	0.0	0.0	0.0	0.0	1.0	0.0
tw0	NNI2	0.1	2	11	1.590909090909091e-05	1.4292054083208452e-05	1.4363636363636363e-05	1.4363636363636363e-05	8e-06	7.146518542110366e-06	0.9999840909090909	1.4292054083208452e-05
tw0	NNI2	0.1	3	11	0.0018523636363636361	0.0012005845793743167	0.001795	0.0011924351478458616	0.000617909090909091	0.0004001504138683456	0.9981476363636363	0.0012005845793743167
tw0	NNI2	0.1	4	11	0.014622909090909091	0.0061011646614762246	0.01451090909090909	0.006109819609678335	0.003891727272727273	0.0016296322735842707	0.9853770909090909	0.0061011646614762246
tw0	NNI2	0.1	5	11	0.04161327272727273	0.016203026353735116	0.04132436363636364	0.016201145837856784	0.011247363636363637	0.004481653309525053	0.9583867272727272	0.016203026353735116
tw0	NNI2	0.1	6	11	0.08868963636363637	0.028244663205083453	0.08812718181818183	0.028229788786708076	0.02361218181818182	0.008196110071600132	0.9113103636363636	0.028244663205083453
tw0	NNI2	0.1	7	11	0.15844072727272726	0.053748962281921976	0.15749	0.05374190053918485	0.04177990909090909	0.014379591802560475	0.8415592727272727	0.053748962281921976
tw0	NNI2	0.1	8	11	0.2157482727272728	0.0672820422805225	0.21451536363636367	0.06729812421433895	0.06150200000000001	0.020633579955543786	0.7842517272727272	0.0672820422805225
tw0	NNI2	0.1	9	11	0.2576979090909091	0.07104638417150186	0.25621990909090914	0.07103573718455887	0.08076881818181819	0.02594048431447303	0.7423020909090909	0.07104638417150186
tw0	NNI2	0.1	10	11	0.2983120909090909	0.07559858208752746	0.2965600909090909	0.0755951217202484	0.09942927272727271	0.030623458101768062	0.7016879090909092	0.07559858208752746
tw0	NNI2	0.1	20	11	0.592960090909091	0.08921343479517936	0.5898418181818182	0.08920657232848202	0.24668290909090906	0.05682076717226395	0.40703990909090904	0.08921343479517936
tw0	NNI2	0.1	30	11	0.7016962727272728	0.07871703803591129	0.6977395454545454	0.07864925960726045	0.3301398181818182	0.06790530976545316	0.29830372727272725	0.07871703803591129
tw0	NNI2	0.1	40	11	0.7664311818181819	0.06864106643333702	0.7620625454545454	0.06859222678533076	0.3797748181818182	0.0735988505558487	0.23356881818181807	0.06864106643333702
tw0	NNI2	0.1	50	11	0.802994	0.06302812281758907	0.7982473636363637	0.06304232467596997	0.410100090909091	0.07792550090304254	0.19700600000000001	0.06302812281758907
tw0	NNI2	0.1	60	11	0.8320506363636363	0.055257017589257426	0.826953090909091	0.05534156467569126	0.432298909090909	0.08098713146874346	0.1679493636363637	0.055257017589257426
tw0	NNI2	0.1	70	11	0.8490548181818182	0.04980970939098999	0.8434726363636362	0.05002568269913016	0.4484050909090909	0.08316781128575411	0.15094518181818184	0.04980970939098999
tw0	NNI2	0.1	80	11	0.8625204545454545	0.046438383892943885	0.8565378181818183	0.04671707857943061	0.4613829090909091	0.08458815060369697	0.13747954545454555	0.046438383892943885
tw0	NNI2	0.1	90	11	0.8757372727272728	0.04254101235066974	0.869307909090909	0.042894551893187506	0.47174963636363637	0.08563247981219962	0.12426272727272725	0.04254101235066974
tw0	NNI2	0.1	100	11	0.8834731818181819	0.0405339203663971	0.8766452727272726	0.04094934387421764	0.4805795454545454	0.08654336167855275	0.11652681818181809	0.0405339203663971
tw0	NNI2	0.1	200	11	0.9180423636363636	0.03344930210639616	0.9081115454545454	0.03414899283816665	0.5153762727272727	0.09151193874324327	0.0819576363636364	0.03344930210639616
tw0	NNI2	0.1	300	11	0.9374547272727273	0.02632457879731789	0.9254783636363636	0.027522978272468572	0.5293418181818182	0.09325777184204086	0.06254527272727273	0.02632457879731789
tw0	NNI2	0.1	400	11	0.9473694545454545	0.022787206781782244	0.9341429090909092	0.02420153512465857	0.5382625454545454	0.0942924606162187	0.052630545454545485	0.022787206781782244
tw0	NNI2	0.1	500	11	0.9520707272727275	0.02208068084840062	0.9376502727272729	0.023670010965197334	0.5439858181818182	0.09480658500353789	0.04792927272727254	0.02208068084840062
tw0	NNI2	0.1	600	11	0.9567287272727273	0.020918846516996416	0.9411546363636365	0.022664521424974778	0.5478506363636363	0.09515526981893357	0.043271272727272714	0.020918846516996416
tw0	NNI2	0.1	700	11	0.9641570909090909	0.017990827166518425	0.9478105454545456	0.02007756430417867	0.551562909090909	0.09550539496902825	0.03584290909090915	0.017990827166518425
tw0	NNI2	0.1	800	11	0.965261090909091	0.017914588464790646	0.9482715454545455	0.02006515212382069	0.5541050909090909	0.09583116323205236	0.03473890909090904	0.017914588464790646
tw0	NNI2	0.1	900	11	0.9680979999999999	0.017184246311930322	0.9505353636363637	0.019420626700529582	0.5563943636363636	0.09614168251258355	0.0319020000000001	0.017184246311930322
tw0	NNI2	0.1	1000	11	0.9689443636363637	0.01716574055192108	0.9508492727272727	0.01942718653896737	0.558126	0.09645396130919852	0.031055636363636285	0.01716574055192108
tw0	NNI2	0.1	2000	11	0.9776166363636363	0.01606572186719444	0.9565160000000001	0.018456224155848057	0.5669359090909091	0.09829324321737522	0.02238336363636373	0.01606572186719444
tw0	NNI2	0.1	3000	11	0.9826955454545455	0.014367030033671875	0.9600351818181818	0.016807758798633984	0.5711245454545455	0.09925785431329523	0.017304454545454484	0.014367030033671875
tw0	NNI2	0.1	4000	11	0.9833338181818182	0.014407600610169232	0.9600464545454547	0.01680723788099728	0.5738328181818182	0.09981227856338555	0.016666181818181802	0.014407600610169232
tw0	NNI2	0.1	5000	11	0.9837454545454545	0.014431394849338735	0.9600464545454547	0.01680723788099728	0.5754579090909092	0.10018498880202967	0.01625454545454552	0.014431394849338735
tw0	NNI2	0.1	6000	11	0.9858093636363634	0.012650483970097192	0.9617796363636365	0.015174441488163111	0.5764777272727273	0.10038070062209901	0.0141906363636366	0.012650483970097192
tw0	NNI2	0.1	7000	11	0.9877924545454545	0.010904768915365456	0.9634780000000002	0.013598572114213116	0.5774308181818182	0.10047064852146605	0.012207545454545499	0.010904768915365456
tw0	NNI2	0.1	8000	11	0.989805818181818	0.009040299265780757	0.9652460000000002	0.011993667009945478	0.5781890909090909	0.1005682868166026	0.010194181818181991	0.009040299265780757
tw0	NNI2	0.1	9000	11	0.991744090909091	0.007228624641538968	0.966979181818182	0.010471484752601559	0.5788942727272727	0.1006133442229654	0.008255909090909008	0.007228624641538968
tw0	NNI2	0.1	10000	11	0.9918551818181818	0.007226027997100213	0.966979181818182	0.010471484752601559	0.579410909090909	0.10059486858966467	0.008144818181818225	0.007226027997100213
tw0	NNI2	0.1	20000	11	0.9958937272727273	0.0036140839178537667	0.9704455454545454	0.007699571245871291	0.5825184545454545	0.1005980105976585	0.004106272727272708	0.0036140839178537667
tw0	NNI2	0.1	30000	11	0.9960123636363636	0.0036194815858646384	0.9704455454545454	0.007699571245871291	0.5836513636363636	0.10061619843004431	0.003987636363636415	0.0036194815858646384
tw0	NNI2	0.1	40000	11	0.9960743636363637	0.0036219717991792214	0.9704455454545454	0.007699571245871291	0.5842840909090908	0.10056768267214189	0.003925636363636298	0.0036219717991792214
tw0	NNI2	0.1	50000	11	0.9961051818181818	0.003622484533672187	0.9704455454545454	0.007699571245871291	0.5846408181818182	0.1005710006993538	0.0038948181818182492	0.003622484533672187
tw0	NNI2	0.1	60000	11	0.9997706363636364	0.0001036039901589647	0.9739119090909092	0.005739874174190341	0.5850093636363636	0.10052800078008775	0.0002293636363636109	0.0001036039901589647
tw0	NNI2	0.1	70000	11	0.9997906363636365	9.871145026400471e-05	0.9739119090909092	0.005739874174190341	0.5853925454545456	0.1004791855520665	0.00020936363636347988	9.871145026400471e-05
tw0	NNI2	0.1	80000	11	0.9998070000000001	9.350867728330154e-05	0.9739119090909092	0.005739874174190341	0.5856650909090908	0.10045211434766994	0.0001929999999998877	9.350867728330154e-05
tw0	NNI2	0.1	90000	11	0.9998256363636362	8.447466244408093e-05	0.9739119090909092	0.005739874174190341	0.585793181818182	0.10043063360945552	0.0001743636363638057	8.447466244408093e-05
tw0	NNI2	0.1	100000	11	0.9998344545454544	8.25915870287922e-05	0.9739119090909092	0.005739874174190341	0.5859507272727272	0.10040048365902074	0.00016554545454561254	8.25915870287922e-05
tw0	NNI2	0.1	200000	11	0.9999048181818182	4.7387919093723036e-05	0.9739119090909092	0.005739874174190341	0.5867322727272728	0.10030830359565462	9.518181818179983e-05	4.7387919093723036e-05
tw0	NNI2	0.1	300000	11	0.9999297272727272	3.606158643943967e-05	0.9739119090909092	0.005739874174190341	0.5870179999999999	0.10027542065186808	7.027272727277989e-05	3.606158643943967e-05
tw0	NNI2	0.1	400000	11	0.9999471818181818	2.5778715033148687e-05	0.9739119090909092	0.005739874174190341	0.5871522727272727	0.10024821351499043	5.2818181818237164e-05	2.5778715033148687e-05
tw0	NNI2	0.1	500000	11	0.9999606363636364	1.746335005208003e-05	0.9739119090909092	0.005739874174190341	0.5872301818181818	0.10023096436828638	3.936363636358742e-05	1.746335005208003e-05
tw0	NNI2	0.1	600000	11	0.9999663636363638	1.4992890877326638e-05	0.9739119090909092	0.005739874174190341	0.5872747272727272	0.10022586753773978	3.363636363618028e-05	1.4992890877326638e-05
tw0	NNI2	0.1	700000	11	0.9999694545454546	1.3938412350159263e-05	0.9739119090909092	0.005739874174190341	0.5873157272727273	0.10022684255564664	3.054545454539426e-05	1.3938412350159263e-05
tw0	NNI2	0.1	800000	11	0.9999724545454545	1.2817859441463336e-05	0.9739119090909092	0.005739874174190341	0.5873373636363637	0.10021887454315115	2.7545454545530035e-05	1.2817859441463336e-05
tw0	NNI2	0.1	900000	11	0.9999796363636364	7.982108091648814e-06	0.9739119090909092	0.005739874174190341	0.5873453636363637	0.10021367236925424	2.036363636359617e-05	7.982108091648814e-06
tw0	NNI2	0.1	1000000	11	0.999983	6.1036501746557005e-06	0.9739119090909092	0.005739874174190341	0.5873735454545455	0.10021303238658984	1.7000000000044757e-05	6.1036501746557005e-06
tw0	NNI2	0.2	1	11	0.00048754545454545453	0.0004875454545454545	0.00048754545454545453	0.0004875454545454545	0.00048754545454545453	0.0004875454545454545	0.9995124545454546	0.0004875454545454545
tw0	NNI2	0.2	2	11	0.0040999090909090916	0.001995766371162833	0.00409909090909091	0.0019959342421967596	0.0022936363636363636	0.0010420832654982062	0.9959000909090909	0.001995766371162833
tw0	NNI2	0.2	3	11	0.012054272727272726	0.004198644012905528	0.01203381818181818	0.004198814739289653	0.004949	0.0016025417821811587	0.9879457272727272	0.004198644012905528
tw0	NNI2	0.2	4	11	0.03427781818181818	0.01034450062050379	0.03412018181818182	0.010329113212678548	0.011832181818181818	0.0035930951757709895	0.9657221818181818	0.01034450062050379
tw0	NNI2	0.2	5	11	0.12130827272727272	0.031126780437749014	0.12071081818181821	0.031109897272504534	0.03267618181818182	0.008467550374349642	0.8786917272727273	0.031126780437749014
tw0	NNI2	0.2	6	11	0.2430315454545455	0.06581422119494784	0.24195799999999998	0.06580331607974563	0.06497818181818182	0.01707488298951958	0.7569684545454545	0.06581422119494784
tw0	NNI2	0.2	7	11	0.3343069090909091	0.08493192247050303	0.33291045454545454	0.08494137017906835	0.09879954545454545	0.026229281803623297	0.6656930909090909	0.08493192247050303
tw0	NNI2	0.2	8	11	0.42637690909090914	0.10201662980010613	0.424808	0.10203676925385101	0.13257854545454545	0.035284720921607164	0.5736230909090909	0.10201662980010613
tw0	NNI2	0.2	9	11	0.4805488181818181	0.10483074770841706	0.4787146363636363	0.10488987740701913	0.163267	0.04275981260886739	0.519451181818182	0.10483074770841706
tw0	NNI2	0.2	10	11	0.5409639090909091	0.10521418725122357	0.538937	0.1052636650358604	0.1914787272727273	0.04873973124708441	0.4590360909090909	0.10521418725122357
tw0	NNI2	0.2	20	11	0.7105452727272726	0.08914184901126468	0.7071435454545455	0.08909947760711709	0.34186327272727274	0.07537822174753021	0.28945472727272736	0.08914184901126468
tw0	NNI2	0.2	30	11	0.7608446363636364	0.07733454085127606	0.7564997272727272	0.07731872668448922	0.4002561818181819	0.08407301447289928	0.23915536363636358	0.07733454085127606
tw0	NNI2	0.2	40	11	0.7910047272727273	0.06964975998302193	0.7861079090909091	0.06962922262050278	0.4306311818181818	0.08828484837026301	0.2089952727272727	0.06964975998302193
tw0	NNI2	0.2	50	11	0.8092621818181818	0.06512857471659331	0.8039322727272726	0.06516428926826423	0.4499954545454546	0.09044155804057452	0.19073781818181823	0.06512857471659331
tw0	NNI2	0.2	60	11	0.8236958181818183	0.06301198444016506	0.8178317272727272	0.06315152286540551	0.4624318181818182	0.09221276229783322	0.17630418181818175	0.06301198444016506
tw0	NNI2	0.2	70	11	0.8322050909090909	0.06070958690332114	0.8259467272727273	0.06091174007172419	0.4725007272727273	0.09331147458057693	0.1677949090909091	0.06070958690332114
tw0	NNI2	0.2	80	11	0.8437585454545455	0.05825202100284334	0.8369762727272726	0.05839162411013959	0.47972099999999995	0.09414510470351797	0.15624145454545446	0.05825202100284334
tw0	NNI2	0.2	90	11	0.8501269090909092	0.057647165933722044	0.8430375454545455	0.0578464196673734	0.48605536363636365	0.0947918642515152	0.14987309090909084	0.057647165933722044
tw0	NNI2	0.2	100	11	0.8548235454545455	0.056780353603459385	0.8474063636363636	0.05704397060932634	0.49049290909090915	0.09543555977130751	0.14517645454545447	0.056780353603459385
tw0	NNI2	0.2	200	11	0.8904492727272728	0.04968697089782847	0.8797892727272728	0.050325193842753795	0.5156431818181819	0.09803371079302896	0.10955072727272719	0.04968697089782847
tw0	NNI2	0.2	300	11	0.9058599090909091	0.047207491884899054	0.8932470909090909	0.04815166716484196	0.5277485454545455	0.09919929114522796	0.09414009090909092	0.047207491884899054
tw0	NNI2	0.2	400	11	0.9110346363636364	0.04656994409727308	0.8968946363636363	0.04766009395715622	0.5342501818181818	0.0997408753336563	0.08896536363636365	0.04656994409727308
tw0	NNI2	0.2	500	11	0.9150680909090909	0.046223157425581425	0.8997879090909091	0.047410578676159026	0.5381858181818182	0.10034861587130936	0.08493190909090909	0.046223157425581425
tw0	NNI2	0.2	600	11	0.9164891818181818	0.046263615500111405	0.9003026363636365	0.04745295610339164	0.5413406363636364	0.10068491754968456	0.08351081818181816	0.046263615500111405
tw0	NNI2	0.2	700	11	0.9173998181818181	0.046292457413476255	0.9004883636363638	0.047466099432077496	0.5435011818181819	0.10088705725078895	0.08260018181818185	0.046292457413476255
tw0	NNI2	0.2	800	11	0.9199026363636363	0.046060067461418386	0.9024650909090909	0.04726071580276882	0.545329	0.10112417466758382	0.08009736363636366	0.046060067461418386
tw0	NNI2	0.2	900	11	0.9205616363636365	0.046070121265162495	0.902564090909091	0.0472709214146507	0.546791090909091	0.1013791256170667	0.07943836363636347	0.046070121265162495
tw0	NNI2	0.2	1000	11	0.9210108181818182	0.04608405212431622	0.9025848181818182	0.047273084095558915	0.5478546363636364	0.10158566713408781	0.07898918181818182	0.04608405212431622
tw0	NNI2	0.2	2000	11	0.9249814545454546	0.04643283725777062	0.9043460000000002	0.04742051786055943	0.5530077272727273	0.10230903118414336	0.07501854545454545	0.04643283725777062
tw0	NNI2	0.2	3000	11	0.9275644545454547	0.046324442667768154	0.9061050000000002	0.047256223687083126	0.5552034545454546	0.10273226617841187	0.07243554545454534	0.046324442667768154
tw0	NNI2	0.2	4000	11	0.9296908181818182	0.04626257308683636	0.9078639090909092	0.047157017784776406	0.5563092727272727	0.10295668154123593	0.0703091818181818	0.04626257308683636
tw0	NNI2	0.2	5000	11	0.9299298181818181	0.046284102665409305	0.9078639090909092	0.047157017784776406	0.5573502727272727	0.10322879300317601	0.07007018181818192	0.046284102665409305
tw0	NNI2	0.2	6000	11	0.930076909090909	0.04629452934879505	0.9078639090909092	0.047157017784776406	0.5581160909090909	0.10336689198450119	0.06992309090909099	0.04629452934879505
tw0	NNI2	0.2	7000	11	0.9319382727272728	0.04629154054902097	0.9096229090909091	0.04712330096179105	0.5585528181818181	0.10344636696620034	0.06806172727272719	0.04629154054902097
tw0	NNI2	0.2	8000	11	0.932047909090909	0.0462969736669402	0.9096229090909091	0.04712330096179105	0.5590449999999999	0.10354484590298413	0.06795209090909105	0.0462969736669402
tw0	NNI2	0.2	9000	11	0.9321144545454545	0.046299323017702114	0.9096229090909091	0.04712330096179105	0.5593644545454545	0.10364060123508667	0.0678855454545455	0.046299323017702114
tw0	NNI2	0.2	10000	11	0.9321654545454545	0.04630408270971826	0.9096229090909091	0.04712330096179105	0.559715	0.1037710380269948	0.06783454545454548	0.04630408270971826
tw0	NNI2	0.2	20000	11	0.9342074545454545	0.04591536426976044	0.9113653636363637	0.04669597979586537	0.5615016363636364	0.10422288412543158	0.06579254545454549	0.04591536426976044
tw0	NNI2	0.2	30000	11	0.9379190000000001	0.04562965509024307	0.9148668181818184	0.046349512381630036	0.5624469090909091	0.10443474244726438	0.06208099999999994	0.04562965509024307
tw0	NNI2	0.2	40000	11	0.9397136363636363	0.04536601184051833	0.9165836363636366	0.046044483358491636	0.5631921818181819	0.10452440702906911	0.06028636363636375	0.04536601184051833
tw0	NNI2	0.2	50000	11	0.9470835454545454	0.04497769896340825	0.9235792727272728	0.04545552799987156	0.5638898181818183	0.10451406530917855	0.05291645454545457	0.04497769896340825
tw0	NNI2	0.2	60000	11	0.9489223636363636	0.045067155113890915	0.9253218181818184	0.045475360033722594	0.5644465454545455	0.10444367244521315	0.05107763636363638	0.045067155113890915
tw0	NNI2	0.2	70000	11	0.9507569090909089	0.045145880698113136	0.9270808181818183	0.04552253781985722	0.5649785454545454	0.10442296487967172	0.04924309090909107	0.045145880698113136
tw0	NNI2	0.2	80000	11	0.9507758181818182	0.04514708725182575	0.9270808181818183	0.04552253781985722	0.5655070000000001	0.10444354553450483	0.04922418181818178	0.04514708725182575
tw0	NNI2	0.2	90000	11	0.950791909090909	0.04514822434532213	0.9270808181818183	0.04552253781985722	0.5658905454545455	0.10446125865640017	0.04920809090909095	0.04514822434532213
tw0	NNI2	0.2	100000	11	0.9507977272727272	0.04514856487824712	0.9270808181818183	0.04552253781985722	0.5662369090909091	0.10448503798364926	0.049202272727272844	0.04514856487824712
tw0	NNI2	0.2	200000	11	0.9508532727272727	0.04515189053830937	0.9270808181818183	0.04552253781985722	0.5677146363636363	0.10459005343767575	0.049146727272727286	0.04515189053830937
tw0	NNI2	0.2	300000	11	0.9581386363636365	0.03985650528133798	0.9340392727272728	0.040491445221763914	0.5686723636363638	0.10459554806841558	0.0418613636363635	0.03985650528133798
tw0	NNI2	0.2	400000	11	0.9581504545454547	0.03985691245268701	0.9340392727272728	0.040491445221763914	0.5697204545454545	0.10457673683441211	0.041849545454545334	0.03985691245268701
tw0	NNI2	0.2	500000	11	0.9581600000000001	0.0398576889862831	0.9340392727272728	0.040491445221763914	0.5703491818181818	0.10457241803143956	0.04183999999999988	0.0398576889862831
tw0	NNI2	0.2	600000	11	0.9581635454545456	0.03985794212207413	0.9340392727272728	0.040491445221763914	0.5707566363636363	0.10456329651488376	0.04183645454545437	0.03985794212207413
tw0	NNI2	0.2	700000	11	0.958166090909091	0.03985809498240534	0.9340392727272728	0.040491445221763914	0.5710550909090908	0.10455731762161101	0.041833909090909005	0.03985809498240534
tw0	NNI2	0.2	800000	11	0.9581678181818183	0.039858166641415865	0.9340392727272728	0.040491445221763914	0.5712681818181818	0.10455312455361612	0.04183218181818171	0.039858166641415865
tw0	NNI2	0.2	900000	11	0.959987090909091	0.03999900934783591	0.9357817272727273	0.04055113915720627	0.5714564545454546	0.10454694927155182	0.04001290909090904	0.03999900934783591
tw0	NNI2	0.2	1000000	11	0.9599883636363636	0.03999913657324316	0.9357817272727273	0.04055113915720627	0.5716281818181819	0.10453364572274135	0.04001163636363636	0.03999913657324316
tw0	NNI2	0.3	1	11	0.0	0.0	0.0	0.0	0.0	0.0	1.0	0.0
tw0	NNI2	0.3	2	11	0.0021049090909090913	0.001751456575407221	0.002068545454545455	0.0017552781254036815	0.0010523636363636362	0.0008756969408599102	0.9978950909090909	0.001751456575407221
tw0	NNI2	0.3	3	11	0.013317636363636365	0.002110894245112622	0.013265454545454546	0.002136139808003878	0.005128818181818182	0.0010047849142811322	0.9866823636363636	0.002110894245112622
tw0	NNI2	0.3	4	11	0.061336545454545456	0.016265316659781797	0.06101445454545454	0.016303471933840373	0.018741272727272724	0.004397498623889204	0.9386634545454545	0.016265316659781797
tw0	NNI2	0.3	5	11	0.15357581818181817	0.04225639509058054	0.15293881818181818	0.0423000776476438	0.04362036363636364	0.011877873983528998	0.8464241818181818	0.04225639509058054
tw0	NNI2	0.3	6	11	0.2740818181818182	0.06479965557116911	0.2729968181818182	0.06485385776551324	0.07649463636363636	0.020288706465901273	0.7259181818181818	0.06479965557116911
tw0	NNI2	0.3	7	11	0.3642392727272727	0.07756745629416442	0.36290100000000003	0.07758528887652959	0.10996354545454547	0.027907061777642538	0.6357607272727273	0.07756745629416442
tw0	NNI2	0.3	8	11	0.4242761818181818	0.08405921512901357	0.42279245454545455	0.08405559355908593	0.13997972727272726	0.034579423034276774	0.5757238181818183	0.08405921512901357
tw0	NNI2	0.3	9	11	0.4629942727272727	0.08633938092793945	0.461308	0.08634251951616886	0.16585181818181824	0.0400179883015849	0.5370057272727273	0.08633938092793945
tw0	NNI2	0.3	10	11	0.494808090909091	0.08772746939175317	0.49288081818181817	0.08770399435236875	0.18784236363636364	0.04463398521841497	0.5051919090909089	0.08772746939175317
tw0	NNI2	0.3	20	11	0.6069649090909092	0.07678462830297772	0.6040714545454545	0.07671362341442521	0.2984033636363636	0.06617149528821066	0.39303509090909083	0.07678462830297772
tw0	NNI2	0.3	30	11	0.6490118181818182	0.06839514160534267	0.6453743636363637	0.06833042572333523	0.34148590909090915	0.07356320058987678	0.3509881818181818	0.06839514160534267
tw0	NNI2	0.3	40	11	0.664171090909091	0.06601555089776603	0.6598201818181818	0.06590175930812307	0.3647530909090909	0.0775396848248401	0.335828909090909	0.06601555089776603
tw0	NNI2	0.3	50	11	0.6712194545454545	0.06469038642591249	0.6664958181818181	0.06463716612400446	0.3797287272727273	0.0797333942223698	0.3287805454545455	0.06469038642591249
tw0	NNI2	0.3	60	11	0.6861180909090909	0.06235388506704069	0.680836090909091	0.06243383516396371	0.39039045454545457	0.08130176541573807	0.3138819090909091	0.06235388506704069
tw0	NNI2	0.3	70	11	0.6931772727272727	0.061445400284404886	0.6876444545454546	0.06155677031848711	0.39869972727272723	0.08245320741708771	0.3068227272727273	0.061445400284404886
tw0	NNI2	0.3	80	11	0.6955714545454545	0.060980973812458115	0.6896270000000001	0.06114345573247468	0.405406090909091	0.08318256425886973	0.30442854545454545	0.060980973812458115
tw0	NNI2	0.3	90	11	0.6980149999999999	0.06065305779371122	0.6917465454545455	0.060842297740270314	0.41005199999999997	0.08392886473491054	0.30198500000000006	0.06065305779371122
tw0	NNI2	0.3	100	11	0.7062946363636363	0.06076315764107433	0.6996758181818182	0.060959833522025456	0.41412963636363637	0.084579034965611	0.2937053636363637	0.06076315764107433
tw0	NNI2	0.3	200	11	0.7339591818181819	0.05917896572736238	0.7245551818181819	0.0597192137374135	0.43465672727272725	0.08751234845687787	0.26604081818181813	0.05917896572736238
tw0	NNI2	0.3	300	11	0.7497113636363636	0.05752412596535201	0.7387274545454545	0.05827017339855375	0.44499990909090914	0.08910379311959268	0.2502886363636364	0.05752412596535201
tw0	NNI2	0.3	400	11	0.7585906363636362	0.05855985920783383	0.7464314545454546	0.059353730042450294	0.4522910909090909	0.09009570500069303	0.24140936363636378	0.05855985920783383
tw0	NNI2	0.3	500	11	0.760209	0.05857974658283433	0.7471012727272727	0.059409094513931865	0.4566681818181818	0.09081356966363142	0.23979099999999998	0.05857974658283433
tw0	NNI2	0.3	600	11	0.7628338181818181	0.05835327741310885	0.749042909090909	0.059161717363273865	0.460019909090909	0.09126670451449168	0.23716618181818194	0.05835327741310885
tw0	NNI2	0.3	700	11	0.7684343636363636	0.057988661369940984	0.7541518181818181	0.058864413610944355	0.46242063636363634	0.09158880315303261	0.23156563636363636	0.057988661369940984
tw0	NNI2	0.3	800	11	0.7712346363636364	0.05815951073763708	0.7565741818181817	0.05907775434995018	0.4645886363636363	0.09199224617683549	0.22876536363636357	0.05815951073763708
tw0	NNI2	0.3	900	11	0.7802556363636364	0.057958309177651414	0.7652324545454546	0.058938548324406745	0.4668503636363637	0.09244823179746428	0.21974436363636363	0.057958309177651414
tw0	NNI2	0.3	1000	11	0.7806332727272728	0.05790659706569645	0.7652819999999999	0.05890962234967916	0.46900363636363646	0.09294635981255511	0.2193667272727272	0.05790659706569645
tw0	NNI2	0.3	2000	11	0.7983614545454546	0.05536495537519669	0.7812111818181818	0.05654961261885133	0.4812382727272727	0.09548257447952488	0.2016385454545454	0.05536495537519669
tw0	NNI2	0.3	3000	11	0.8134072727272728	0.056311433308971495	0.795396181818182	0.05742535171330424	0.4881933636363636	0.09670920722992885	0.18659272727272724	0.056311433308971495
tw0	NNI2	0.3	4000	11	0.8137205454545454	0.05632930057525587	0.795396181818182	0.05742535171330424	0.49283181818181815	0.09749117061474366	0.18627945454545458	0.05632930057525587
tw0	NNI2	0.3	5000	11	0.8156714545454545	0.056760926540961515	0.7972129090909091	0.05790730640891128	0.49564909090909093	0.0980056815968483	0.18432854545454547	0.056760926540961515
tw0	NNI2	0.3	6000	11	0.8192111818181818	0.056702580827878976	0.8005991818181819	0.057787056600122705	0.4978441818181818	0.09843771828418563	0.18078881818181824	0.056702580827878976
tw0	NNI2	0.3	7000	11	0.8212633636363637	0.056728798984974876	0.8024352727272728	0.05774692028420862	0.4996811818181819	0.09879930100781613	0.17873663636363635	0.056728798984974876
tw0	NNI2	0.3	8000	11	0.8285522727272727	0.057607974985175114	0.809532909090909	0.058601591459068215	0.5016894545454545	0.09914043472013585	0.17144772727272728	0.057607974985175114
tw0	NNI2	0.3	9000	11	0.8303633636363638	0.057598835870223616	0.8112644545454546	0.05854258685286117	0.5033004545454546	0.09945132345802174	0.16963663636363624	0.057598835870223616
tw0	NNI2	0.3	10000	11	0.8322633636363637	0.05790988411618878	0.8130614545454545	0.058870173263386595	0.5046857272727272	0.09970610614848302	0.16773663636363634	0.05790988411618878
tw0	NNI2	0.3	20000	11	0.839712	0.058697109517652335	0.8200127272727272	0.059391394582057534	0.5121710909090909	0.10092844176863441	0.16028799999999999	0.058697109517652335
tw0	NNI2	0.3	30000	11	0.8470452727272726	0.05988091348411915	0.8270698181818182	0.06044697295659127	0.5158457272727274	0.10157097056524217	0.1529547272727274	0.05988091348411915
tw0	NNI2	0.3	40000	11	0.8561809090909093	0.05856788691509344	0.8358150909090909	0.05909596846447074	0.5184519090909091	0.10190938231572154	0.14381909090909073	0.05856788691509344
tw0	NNI2	0.3	50000	11	0.8562178181818182	0.058570359554954876	0.8358150909090909	0.05909596846447074	0.520396	0.10220241642757945	0.1437821818181818	0.058570359554954876
tw0	NNI2	0.3	60000	11	0.8562425454545455	0.058571323605632324	0.8358150909090909	0.05909596846447074	0.5216315454545453	0.10239398786650811	0.14375745454545452	0.058571323605632324
tw0	NNI2	0.3	70000	11	0.8562549090909091	0.0585722136109008	0.8358150909090909	0.05909596846447074	0.5225523636363637	0.1025510042435003	0.14374509090909093	0.0585722136109008
tw0	NNI2	0.3	80000	11	0.8580722727272728	0.05891943396739327	0.8375466363636364	0.05935058581272851	0.5232773636363637	0.10265650300680798	0.14192772727272718	0.05891943396739327
tw0	NNI2	0.3	90000	11	0.8580878181818182	0.05892119182307194	0.8375466363636364	0.05935058581272851	0.5238326363636363	0.10273475413282611	0.14191218181818177	0.05892119182307194
tw0	NNI2	0.3	100000	11	0.8635331818181817	0.05973538080489472	0.8428538181818183	0.060105751785093246	0.52438	0.10282132462401154	0.13646681818181827	0.05973538080489472
tw0	NNI2	0.3	200000	11	0.8708634545454544	0.05804700817337048	0.8498992727272728	0.05849704236192256	0.5292419090909091	0.10373062249328609	0.12913654545454556	0.05804700817337048
tw0	NNI2	0.3	300000	11	0.872694	0.05715880925965672	0.8516418181818182	0.05764082210643586	0.5314333636363636	0.1040386561881752	0.12730600000000003	0.05715880925965672
tw0	NNI2	0.3	400000	11	0.8745229090909091	0.05714796035769455	0.8533736363636364	0.05756909695255113	0.5326643636363637	0.10416232004130274	0.12547709090909087	0.05714796035769455
tw0	NNI2	0.3	500000	11	0.8781627272727274	0.05549326899397814	0.8568586363636364	0.055967292648356474	0.5335924545454546	0.10418473545655364	0.12183727272727263	0.05549326899397814
tw0	NNI2	0.3	600000	11	0.8799828181818182	0.05473784177112147	0.858601090909091	0.055231488134685466	0.5342639090909093	0.10418066389153505	0.12001718181818177	0.05473784177112147
tw0	NNI2	0.3	700000	11	0.8799873636363637	0.054738000951187755	0.858601090909091	0.055231488134685466	0.5347831818181817	0.10416401553937714	0.12001263636363635	0.054738000951187755
tw0	NNI2	0.3	800000	11	0.8799891818181819	0.054738123801974896	0.858601090909091	0.055231488134685466	0.5351713636363636	0.10414938890391773	0.12001081818181814	0.054738123801974896
tw0	NNI2	0.3	900000	11	0.8836238181818182	0.055057176276835276	0.8621780909090909	0.055588721426440876	0.5356178181818182	0.10418824607828572	0.11637618181818177	0.055057176276835276
tw0	NNI2	0.3	1000000	11	0.8854452727272727	0.055207318455748056	0.8639795454545456	0.05577753412773146	0.5362339999999999	0.10429805525442239	0.11455472727272731	0.055207318455748056
tw0	NNI2	0.4	1	11	0.0	0.0	0.0	0.0	0.0	0.0	1.0	0.0
tw0	NNI2	0.4	2	11	8.818181818181819e-06	8.718651044344983e-06	0.0	0.0	4.363636363636364e-06	4.363636363636363e-06	0.9999911818181818	8.718651044344983e-06
tw0	NNI2	0.4	3	11	0.006292727272727273	0.0024719843817207006	0.006165727272727273	0.0024793393698208806	0.002099636363636364	0.0008236309993804846	0.9937072727272728	0.0024719843817207006
tw0	NNI2	0.4	4	11	0.03917518181818182	0.008074129092149456	0.03888072727272727	0.008085455730216401	0.01107918181818182	0.0025734900738744997	0.9608248181818182	0.008074129092149456
tw0	NNI2	0.4	5	11	0.10520445454545456	0.021350600905047416	0.10461818181818182	0.021406781241983787	0.027897363636363637	0.005959325323729993	0.8947955454545454	0.021350600905047416
tw0	NNI2	0.4	6	11	0.16238854545454545	0.027004255557348946	0.16165036363636365	0.02700138954615374	0.04669363636363637	0.009403432298197125	0.8376114545454545	0.027004255557348946
tw0	NNI2	0.4	7	11	0.21199754545454547	0.03282014637338243	0.21111809090909087	0.03274447486147425	0.06459781818181819	0.01288592515098137	0.7880024545454545	0.03282014637338243
tw0	NNI2	0.4	8	11	0.22991181818181816	0.03372562340142694	0.2290100909090909	0.03365462688504956	0.07851027272727272	0.015703138949725314	0.7700881818181818	0.03372562340142694
tw0	NNI2	0.4	9	11	0.24099563636363633	0.032262594750034575	0.24008481818181818	0.03216699695673931	0.0903630909090909	0.01791532518541524	0.7590043636363637	0.032262594750034575
tw0	NNI2	0.4	10	11	0.2514471818181818	0.032034962030659336	0.2505110909090909	0.031924074852532264	0.10030663636363636	0.01967329300451051	0.7485528181818182	0.032034962030659336
tw0	NNI2	0.4	20	11	0.30196709090909085	0.03180652955618177	0.30039445454545455	0.031614153720464465	0.15193445454545457	0.03035623699321821	0.6980329090909092	0.03180652955618177
tw0	NNI2	0.4	30	11	0.33014245454545454	0.029869524465996996	0.3280663636363636	0.029667562633370455	0.17268172727272726	0.035230118948807246	0.6698575454545455	0.029869524465996996
tw0	NNI2	0.4	40	11	0.34465954545454547	0.028537112980806918	0.3421803636363636	0.028350733376203783	0.18527718181818179	0.03776625999987968	0.6553404545454545	0.028537112980806918
tw0	NNI2	0.4	50	11	0.35054036363636365	0.028128576683531685	0.347704	0.027981391514231874	0.19284300000000004	0.03950605302781289	0.6494596363636364	0.028128576683531685
tw0	NNI2	0.4	60	11	0.35715054545454544	0.027597312922675393	0.354044909090909	0.027446833190553743	0.19859454545454547	0.040479779780070134	0.6428494545454546	0.027597312922675393
tw0	NNI2	0.4	70	11	0.362331	0.02687404652312846	0.3590197272727273	0.026747531795082057	0.20319972727272725	0.04124364540058172	0.637669	0.02687404652312846
tw0	NNI2	0.4	80	11	0.37173190909090903	0.02812820553997666	0.3681247272727272	0.027813469364546414	0.20731945454545456	0.04179744601361616	0.628268090909091	0.02812820553997666
tw0	NNI2	0.4	90	11	0.37644172727272723	0.02885842610182302	0.3726452727272727	0.02847701561326286	0.21114790909090908	0.04230426289490212	0.6235582727272728	0.02885842610182302
tw0	NNI2	0.4	100	11	0.38104099999999996	0.029977318278992204	0.3770238181818181	0.029672052262208624	0.21426199999999998	0.04288454090186388	0.618959	0.029977318278992204
tw0	NNI2	0.4	200	11	0.405725	0.031888661358773676	0.40004581818181817	0.031914119536319854	0.23190336363636363	0.046846132095747575	0.594275	0.031888661358773676
tw0	NNI2	0.4	300	11	0.41960063636363637	0.03381575229608848	0.4126610909090909	0.03376864689578042	0.24187854545454543	0.04919486334630025	0.5803993636363636	0.03381575229608848
tw0	NNI2	0.4	400	11	0.42783218181818194	0.0336117289338702	0.42025527272727264	0.033579958156910124	0.24862936363636362	0.050562961325149806	0.572167818181818	0.0336117289338702
tw0	NNI2	0.4	500	11	0.4356496363636364	0.036560866652318225	0.42760200000000004	0.03665140000699464	0.2536878181818182	0.05188931830344946	0.5643503636363636	0.036560866652318225
tw0	NNI2	0.4	600	11	0.43770672727272725	0.036329681421191806	0.42940345454545453	0.03644392755711752	0.25741190909090905	0.052988209080452216	0.5622932727272727	0.036329681421191806
tw0	NNI2	0.4	700	11	0.4397354545454546	0.036355098850183475	0.4312008181818181	0.03646500456871895	0.2603560909090909	0.05374955852984951	0.5602645454545454	0.036355098850183475
tw0	NNI2	0.4	800	11	0.44002809090909095	0.0363614363088785	0.43122727272727274	0.036462728054347346	0.26267936363636357	0.05433258836483994	0.559971909090909	0.0363614363088785
tw0	NNI2	0.4	900	11	0.4419458181818182	0.0366498704725029	0.4329279090909091	0.036743170636547494	0.2644712727272727	0.05481247847327716	0.5580541818181818	0.0366498704725029
tw0	NNI2	0.4	1000	11	0.4455655454545455	0.037494490415954	0.4363704545454546	0.03754097190739827	0.26604127272727274	0.055159768529261015	0.5544344545454545	0.037494490415954
tw0	NNI2	0.4	2000	11	0.4645652727272727	0.03870288058273768	0.4542736363636364	0.03875039491723049	0.27646672727272725	0.057183269801114975	0.5354347272727273	0.03870288058273768
tw0	NNI2	0.4	3000	11	0.47570818181818186	0.04041937243199966	0.46479427272727275	0.04023204500894347	0.282171	0.05824851704628117	0.5242918181818181	0.04041937243199966
tw0	NNI2	0.4	4000	11	0.4849290000000001	0.0417729084085498	0.473664	0.041592330704327954	0.286539	0.059164511593752495	0.5150709999999998	0.0417729084085498
tw0	NNI2	0.4	5000	11	0.486856090909091	0.04197060078575664	0.47545418181818183	0.041795427703782966	0.2895582727272727	0.05985862071871609	0.513143909090909	0.04197060078575664
tw0	NNI2	0.4	6000	11	0.4977658181818182	0.044653941756746134	0.48613045454545456	0.04445000481794915	0.2922961818181818	0.060445736116682414	0.5022341818181818	0.044653941756746134
tw0	NNI2	0.4	7000	11	0.5014108181818182	0.04529080693711336	0.48964618181818176	0.045021673428334526	0.29491190909090914	0.06105150661389485	0.4985891818181818	0.04529080693711336
tw0	NNI2	0.4	8000	11	0.5033358181818183	0.04613802928384235	0.4914629999999999	0.04589657618622746	0.29707263636363634	0.06155675508759416	0.4966641818181817	0.04613802928384235
tw0	NNI2	0.4	9000	11	0.5051828181818183	0.046632288760981945	0.49326009090909084	0.04640400470070239	0.2989736363636364	0.062058605367723	0.4948171818181817	0.046632288760981945
tw0	NNI2	0.4	10000	11	0.5070028181818181	0.04733543748894079	0.4950167272727272	0.047052544698857855	0.3006546363636364	0.06252152178414212	0.49299718181818186	0.04733543748894079
tw0	NNI2	0.4	20000	11	0.5325460000000001	0.05174425665555901	0.5199946363636364	0.05143595849584974	0.31145818181818186	0.06473212471476279	0.4674539999999999	0.05174425665555901
tw0	NNI2	0.4	30000	11	0.5453245454545455	0.05454338018084382	0.532294909090909	0.05392974789170454	0.31876709090909094	0.06594693714542632	0.45467545454545455	0.05454338018084382
tw0	NNI2	0.4	40000	11	0.5507995454545455	0.05496108888102955	0.537591	0.054332509270568055	0.3231920909090909	0.06655080814582802	0.44920045454545454	0.05496108888102955
tw0	NNI2	0.4	50000	11	0.5580560909090907	0.05496704290712499	0.5445721818181819	0.05421910214739287	0.3266207272727273	0.06707705710301885	0.4419439090909093	0.05496704290712499
tw0	NNI2	0.4	60000	11	0.5635293636363636	0.05538512850006394	0.5498785454545455	0.05458132196546288	0.32967627272727273	0.06750230517357987	0.43647063636363637	0.05538512850006394
tw0	NNI2	0.4	70000	11	0.5689953636363637	0.05645860404455201	0.5552502727272728	0.055651570745142966	0.332114	0.06781348035618126	0.4310046363636363	0.05645860404455201
tw0	NNI2	0.4	80000	11	0.5708300000000001	0.05703796289521887	0.557067090909091	0.056279014359214105	0.3344840909090909	0.06828895432517945	0.42916999999999994	0.05703796289521887
tw0	NNI2	0.4	90000	11	0.5726538181818183	0.057979686178055365	0.5588237272727273	0.05715435201565079	0.3363952727272727	0.06865888908100695	0.42734618181818174	0.057979686178055365
tw0	NNI2	0.4	100000	11	0.5744816363636364	0.057905103906347996	0.5605826363636364	0.05706929454719105	0.3379550909090909	0.06895169317012052	0.42551836363636364	0.057905103906347996
tw0	NNI2	0.4	200000	11	0.5854239999999999	0.06060563535528839	0.571287	0.059727549630117775	0.34837290909090907	0.07133121715916717	0.41457600000000006	0.06060563535528839
tw0	NNI2	0.4	300000	11	0.5963212727272728	0.06154347658098606	0.581844	0.06056970224235276	0.3548693636363636	0.07301236184438817	0.40367872727272724	0.06154347658098606
tw0	NNI2	0.4	400000	11	0.6018027272727273	0.06344139299773108	0.5871947272727273	0.06244036185296274	0.3590318181818182	0.07409239734619055	0.3981972727272727	0.06344139299773108
tw0	NNI2	0.4	500000	11	0.6036250000000001	0.06397668443808971	0.5889918181818182	0.06299257927303359	0.3622925454545455	0.07508008969558788	0.3963749999999999	0.06397668443808971
tw0	NNI2	0.4	600000	11	0.6036268181818183	0.063976969618452	0.5889918181818182	0.06299257927303359	0.3645072727272727	0.07575970279593847	0.3963731818181817	0.063976969618452
tw0	NNI2	0.4	700000	11	0.6036281818181819	0.06397723182235411	0.5889918181818182	0.06299257927303359	0.3660773636363637	0.07624642265721811	0.3963718181818181	0.06397723182235411
tw0	NNI2	0.4	800000	11	0.6036293636363635	0.06397732171044145	0.5889918181818182	0.06299257927303359	0.36725981818181813	0.07661389701588303	0.39637063636363645	0.06397732171044145
tw0	NNI2	0.4	900000	11	0.6036302727272728	0.06397750977962219	0.5889918181818182	0.06299257927303359	0.36817490909090916	0.07689950114845343	0.39636972727272723	0.06397750977962219
tw0	NNI2	0.4	1000000	11	0.6054455454545454	0.06410635835382034	0.5907507272727273	0.0631012623631242	0.368929	0.07713412662734723	0.39455445454545457	0.06410635835382034
tw0	NNI2	0.5	1	11	0.0	0.0	0.0	0.0	0.0	0.0	1.0	0.0
tw0	NNI2	0.5	2	11	0.0018092727272727273	0.0017957935196701363	0.001797	0.0017970000000000002	0.0009046363636363638	0.0008979465693026029	0.9981907272727273	0.0017957935196701363
tw0	NNI2	0.5	3	11	0.0031011818181818185	0.002006891842980455	0.0030711818181818184	0.002000765239139455	0.001632818181818182	0.0012141254751554668	0.9968988181818181	0.002006891842980455
tw0	NNI2	0.5	4	11	0.038093272727272726	0.01156546342670194	0.0378879090909091	0.011572965656260792	0.010694727272727272	0.003130917156044939	0.9619067272727273	0.01156546342670194
tw0	NNI2	0.5	5	11	0.08520345454545454	0.018441993560825272	0.08492745454545453	0.01844116565994462	0.023813909090909094	0.005529923396567155	0.9147965454545455	0.018441993560825272
tw0	NNI2	0.5	6	11	0.11711154545454544	0.022695359534640813	0.11676154545454544	0.022678054373562295	0.03611018181818182	0.00785943128270763	0.8828884545454545	0.022695359534640813
tw0	NNI2	0.5	7	11	0.12943581818181818	0.02253893204690222	0.12903900000000001	0.022510376467511396	0.04502890909090909	0.00953701759314204	0.8705641818181818	0.02253893204690222
tw0	NNI2	0.5	8	11	0.14047436363636365	0.02434048509349756	0.1400649090909091	0.02431759815758372	0.052122090909090917	0.011133849969149808	0.8595256363636363	0.02434048509349756
tw0	NNI2	0.5	9	11	0.1504457272727273	0.024989820810988005	0.1499949090909091	0.024970356705667315	0.05789572727272727	0.012471906807695235	0.8495542727272727	0.024989820810988005
tw0	NNI2	0.5	10	11	0.15757418181818184	0.026045661825765697	0.15712327272727272	0.026024864235814217	0.06362418181818182	0.013704332465463868	0.8424258181818182	0.026045661825765697
tw0	NNI2	0.5	20	11	0.18169327272727273	0.025455944296011748	0.180853	0.02539466795394083	0.08977872727272727	0.01894682128681168	0.8183067272727272	0.025455944296011748
tw0	NNI2	0.5	30	11	0.19424318181818181	0.02588868816045768	0.19311500000000004	0.025793106905105126	0.10055145454545454	0.020783474903421643	0.8057568181818182	0.02588868816045768
tw0	NNI2	0.5	40	11	0.20250436363636365	0.02830242081334859	0.20116245454545456	0.028231708324430213	0.10671690909090908	0.0223238435707631	0.7974956363636363	0.02830242081334859
tw0	NNI2	0.5	50	11	0.20650518181818187	0.027933096809346622	0.20493181818181816	0.027873003282361093	0.11123300000000001	0.023238821768364636	0.7934948181818181	0.027933096809346622
tw0	NNI2	0.5	60	11	0.20956909090909093	0.02888245496410787	0.20785890909090907	0.028809886433922943	0.1144778181818182	0.02398550414684904	0.7904309090909091	0.02888245496410787
tw0	NNI2	0.5	70	11	0.21177090909090912	0.02912648074346047	0.209907	0.02904104811782485	0.11714881818181819	0.024547362550724143	0.7882290909090909	0.02912648074346047
tw0	NNI2	0.5	80	11	0.21227672727272726	0.029144632881260853	0.21027300000000002	0.029055677583813902	0.11893772727272728	0.024940631805838043	0.7877232727272727	0.029144632881260853
tw0	NNI2	0.5	90	11	0.21472436363636363	0.029112594609479035	0.2125701818181818	0.029033334038282833	0.12042545454545453	0.02534751338758665	0.7852756363636364	0.029112594609479035
tw0	NNI2	0.5	100	11	0.21512036363636364	0.029123975032225354	0.21286009090909094	0.029040145442740764	0.12190481818181817	0.02568932690643694	0.7848796363636363	0.029123975032225354
tw0	NNI2	0.5	200	11	0.2314474545454545	0.029603627607674782	0.22828872727272725	0.02945344875379727	0.12992700000000001	0.027208204563396614	0.7685525454545454	0.029603627607674782
tw0	NNI2	0.5	300	11	0.24150863636363634	0.030176236147391556	0.2377627272727273	0.030038493275701763	0.13549254545454545	0.027989353212626352	0.7584913636363637	0.030176236147391556
tw0	NNI2	0.5	400	11	0.24380272727272728	0.029819765916735925	0.23968445454545453	0.029727367162985945	0.1387556363636364	0.02842559149501242	0.7561972727272728	0.029819765916735925
tw0	NNI2	0.5	500	11	0.24778263636363632	0.03022258380605552	0.2433467272727273	0.03014152485920406	0.14106272727272726	0.02872551402280523	0.7522173636363637	0.03022258380605552
tw0	NNI2	0.5	600	11	0.2534215454545455	0.030098467061648784	0.24874418181818186	0.0300656315035255	0.1431349090909091	0.029051751340559814	0.7465784545454546	0.030098467061648784
tw0	NNI2	0.5	700	11	0.25538672727272727	0.029706168535749946	0.25050309090909095	0.029678114981016673	0.14518454545454546	0.029415550170975163	0.7446132727272727	0.029706168535749946
tw0	NNI2	0.5	800	11	0.25550672727272733	0.029689563501519245	0.25050309090909095	0.029678114981016673	0.1468458181818182	0.029668220576238316	0.7444932727272726	0.029689563501519245
tw0	NNI2	0.5	900	11	0.25742390909090906	0.030354791408952093	0.2522932727272727	0.03035160473369973	0.1482108181818182	0.029893272826938596	0.7425760909090909	0.030354791408952093
tw0	NNI2	0.5	1000	11	0.25748654545454547	0.030358568883614344	0.2522932727272727	0.03035160473369973	0.14936545454545455	0.030063209236952618	0.7425134545454546	0.030358568883614344
tw0	NNI2	0.5	2000	11	0.27237163636363637	0.03197005453468	0.26663754545454543	0.032124495033983486	0.157109	0.03155066510752622	0.7276283636363636	0.03197005453468
tw0	NNI2	0.5	3000	11	0.2833693636363636	0.03516502352215977	0.27743045454545456	0.03534796944929694	0.16288218181818181	0.033500410777350775	0.7166306363636363	0.03516502352215977
tw0	NNI2	0.5	4000	11	0.28705945454545456	0.03458488895282647	0.28098036363636364	0.03480555647261791	0.16703563636363636	0.03474238409840814	0.7129405454545454	0.03458488895282647
tw0	NNI2	0.5	5000	11	0.28889609090909096	0.034170611844218775	0.2827393636363636	0.034405522426513485	0.16998536363636363	0.035525768504840315	0.711103909090909	0.034170611844218775
tw0	NNI2	0.5	6000	11	0.29256427272727276	0.033943905518608174	0.2862680909090909	0.03418982778000565	0.1723770909090909	0.03609701641195056	0.7074357272727272	0.033943905518608174
tw0	NNI2	0.5	7000	11	0.2998125454545455	0.03476492077298705	0.29336436363636365	0.03499640825863361	0.17446645454545456	0.03652580691271301	0.7001874545454545	0.03476492077298705
tw0	NNI2	0.5	8000	11	0.3016677272727273	0.03459908204013272	0.29518245454545455	0.03486999716149939	0.17632054545454548	0.03684696469708774	0.6983322727272727	0.03459908204013272
tw0	NNI2	0.5	9000	11	0.30350554545454544	0.034318510783372135	0.2969142727272727	0.03458108920548941	0.17796045454545453	0.03713717192575351	0.6964944545454546	0.034318510783372135
tw0	NNI2	0.5	10000	11	0.3035126363636364	0.03431789196303842	0.2969142727272727	0.03458108920548941	0.1793530909090909	0.037352272836153444	0.6964873636363635	0.03431789196303842
tw0	NNI2	0.5	20000	11	0.31628390909090914	0.03388794882187057	0.30939381818181816	0.03425848574157628	0.18865954545454544	0.0388830320750847	0.6837160909090909	0.03388794882187057
tw0	NNI2	0.5	30000	11	0.3217430909090909	0.03438172829635864	0.3146753636363636	0.03472058109910466	0.1931353636363636	0.03966344216215246	0.6782569090909091	0.03438172829635864
tw0	NNI2	0.5	40000	11	0.3235812727272727	0.03514983254275148	0.31649218181818184	0.035517594860426875	0.19596018181818178	0.04034042954312666	0.6764187272727273	0.03514983254275148
tw0	NNI2	0.5	50000	11	0.3235926363636364	0.03514843380042901	0.31649218181818184	0.035517594860426875	0.19769654545454546	0.04079463331757871	0.6764073636363637	0.03514843380042901
tw0	NNI2	0.5	60000	11	0.32359936363636366	0.03514776254181578	0.31649218181818184	0.035517594860426875	0.19886618181818186	0.04109618425702809	0.6764006363636363	0.03514776254181578
tw0	NNI2	0.5	70000	11	0.32541963636363636	0.034760079293840083	0.3182489090909091	0.035140539692770416	0.1997606363636364	0.04129472535792891	0.6745803636363636	0.034760079293840083
tw0	NNI2	0.5	80000	11	0.32900063636363636	0.03541511298437247	0.32179745454545455	0.03579545753339093	0.2006707272727273	0.04157770874816345	0.6709993636363636	0.03541511298437247
tw0	NNI2	0.5	90000	11	0.32906118181818184	0.035410136954580514	0.32179745454545455	0.03579545753339093	0.20146299999999998	0.041787316573986245	0.6709388181818181	0.035410136954580514
tw0	NNI2	0.5	100000	11	0.33088045454545456	0.035512671710599214	0.32353072727272725	0.035848560391556976	0.2021337272727273	0.04195030035521273	0.6691195454545454	0.035512671710599214
tw0	NNI2	0.5	200000	11	0.34724845454545455	0.036211796007369464	0.3393356363636364	0.036463441026289414	0.20757736363636362	0.043418468771265095	0.6527515454545454	0.036211796007369464
tw0	NNI2	0.5	300000	11	0.3581727272727273	0.03741282643816907	0.35001363636363636	0.03773141158920575	0.2123100909090909	0.04465925708099549	0.6418272727272727	0.03741282643816907
tw0	NNI2	0.5	400000	11	0.3636291818181819	0.03831190187866338	0.3553438181818182	0.03863600264609968	0.21573154545454545	0.045652680857926654	0.6363708181818182	0.03831190187866338
tw0	NNI2	0.5	500000	11	0.370903	0.038173419056149044	0.3624932727272727	0.03853242212170537	0.21841436363636363	0.046324564009972605	0.629097	0.038173419056149044
tw0	NNI2	0.5	600000	11	0.378176	0.038466495963725006	0.3695565454545454	0.038766159771674254	0.220803	0.04682148878472557	0.6218239999999999	0.038466495963725006
tw0	NNI2	0.5	700000	11	0.38181263636363644	0.03874894706352976	0.3731102727272727	0.03902665120473698	0.22307127272727278	0.04726597159827485	0.6181873636363635	0.03874894706352976
tw0	NNI2	0.5	800000	11	0.3854495454545454	0.03918150860809996	0.37668499999999994	0.03945109113319935	0.225060909090909	0.04763864876059708	0.6145504545454545	0.03918150860809996
tw0	NNI2	0.5	900000	11	0.3854506363636364	0.03918169292000647	0.37668499999999994	0.03945109113319935	0.22666872727272727	0.047929654997732385	0.6145493636363636	0.03918169292000647
tw0	NNI2	0.5	1000000	11	0.38545118181818183	0.03918162963588889	0.37668499999999994	0.03945109113319935	0.22795354545454546	0.04816754790772492	0.6145488181818182	0.03918162963588889
tw0	TBR	0.0	1	11	0.0	0.0	0.0	0.0	0.0	0.0	1.0	0.0
tw0	TBR	0.0	2	11	0.0	0.0	0.0	0.0	0.0	0.0	1.0	0.0
tw0	TBR	0.0	3	11	0.0	0.0	0.0	0.0	0.0	0.0	1.0	0.0
tw0	TBR	0.0	4	11	0.0	0.0	0.0	0.0	0.0	0.0	1.0	0.0
tw0	TBR	0.0	5	11	1.6363636363636365e-06	1.6363636363636363e-06	0.0	0.0	3.636363636363636e-07	3.6363636363636355e-07	0.9999983636363636	1.6363636363636363e-06
tw0	TBR	0.0	6	11	1.6363636363636365e-06	1.6363636363636363e-06	0.0	0.0	5.454545454545455e-07	5.454545454545454e-07	0.9999983636363636	1.6363636363636363e-06
tw0	TBR	0.0	7	11	1.6363636363636365e-06	1.6363636363636363e-06	0.0	0.0	7.272727272727272e-07	7.272727272727271e-07	0.9999983636363636	1.6363636363636363e-06
tw0	TBR	0.0	8	11	1.6363636363636365e-06	1.6363636363636363e-06	0.0	0.0	8.181818181818182e-07	8.181818181818181e-07	0.9999983636363636	1.6363636363636363e-06
tw0	TBR	0.0	9	11	1.6363636363636365e-06	1.6363636363636363e-06	0.0	0.0	9.090909090909091e-07	9.09090909090909e-07	0.9999983636363636	1.6363636363636363e-06
tw0	TBR	0.0	10	11	1.6363636363636365e-06	1.6363636363636363e-06	0.0	0.0	1e-06	1e-06	0.9999983636363636	1.6363636363636363e-06
tw0	TBR	0.0	20	11	0.00012609090909090909	8.310108352268718e-05	0.00011554545454545454	8.391698968042641e-05	2.9727272727272727e-05	1.7995499896610973e-05	0.9998739090909091	8.310108352268718e-05
tw0	TBR	0.0	30	11	0.005008909090909091	0.002386172082701594	0.0049707272727272725	0.0023934676900829632	0.0006852727272727272	0.0003660543698043947	0.9949910909090909	0.002386172082701594
tw0	TBR	0.0	40	11	0.00917381818181818	0.003875510387075563	0.009065363636363637	0.0038927766843282426	0.002012363636363637	0.0008795722128887147	0.9908261818181818	0.003875510387075563
tw0	TBR	0.0	50	11	0.015322636363636365	0.0034998068109610833	0.015152636363636363	0.0035358384379810303	0.004094545454545454	0.0013116668671000018	0.9846773636363636	0.0034998068109610833
tw0	TBR	0.0	60	11	0.03052581818181818	0.004573869113717782	0.030192	0.004563807411680416	0.006871909090909092	0.0015724910779023975	0.9694741818181818	0.004573869113717782
tw0	TBR	0.0	70	11	0.06099981818181819	0.008723357350780805	0.060485818181818175	0.008750408032894738	0.011853454545454545	0.002250319603012532	0.9390001818181818	0.008723357350780805
tw0	TBR	0.0	80	11	0.08902181818181819	0.01410604790591493	0.0882920909090909	0.014078563046803104	0.018935	0.0032408647891910237	0.9109781818181818	0.01410604790591493
tw0	TBR	0.0	90	11	0.12330518181818183	0.019430100815168282	0.12227363636363635	0.019440608008296226	0.027608	0.00459365876161713	0.8766948181818182	0.019430100815168282
tw0	TBR	0.0	100	11	0.15489145454545453	0.02108679348500712	0.1537039090909091	0.021089472169546646	0.03744181818181818	0.006149305487493072	0.8451085454545455	0.02108679348500712
tw0	TBR	0.0	200	11	0.5364530909090909	0.04251965753549219	0.5332364545454545	0.042480976502293696	0.15370009090909093	0.021478188149610816	0.4635469090909091	0.04251965753549219
tw0	TBR	0.0	300	11	0.7368112727272728	0.043938658530044306	0.7327557272727272	0.0440321048306782	0.2603667272727273	0.03869148102644605	0.26318872727272724	0.043938658530044306
tw0	TBR	0.0	400	11	0.8516368181818184	0.0424560078973343	0.8470664545454546	0.042694822480518355	0.3344965454545455	0.051241134760758845	0.14836318181818164	0.0424560078973343
tw0	TBR	0.0	500	11	0.8930105454545455	0.03408209802930768	0.8878961818181819	0.034448012104888036	0.38411790909090904	0.06043866389496268	0.1069894545454545	0.03408209802930768
tw0	TBR	0.0	600	11	0.9146963636363638	0.028193204751652386	0.9090791818181819	0.028607924494262447	0.41734000000000004	0.06706759000820808	0.08530363636363625	0.028193204751652386
tw0	TBR	0.0	700	11	0.9292590909090908	0.02468961840363993	0.923447181818182	0.02513525272593642	0.44208827272727275	0.0715537454641412	0.07074090909090924	0.02468961840363993
tw0	TBR	0.0	800	11	0.9394525454545453	0.022108245893727542	0.9332823636363637	0.022747600047746386	0.46125463636363634	0.07517104818941843	0.06054745454545474	0.022108245893727542
tw0	TBR	0.0	900	11	0.9459803636363637	0.019408958670147764	0.9394448181818184	0.02011744901857281	0.47606027272727275	0.07802142403504436	0.05401963636363627	0.019408958670147764
tw0	TBR	0.0	1000	11	0.9507899090909091	0.017559070313686653	0.9437714545454546	0.018370418092616202	0.4877503636363636	0.08032950576608287	0.0492100909090909	0.017559070313686653
tw0	TBR	0.0	2000	11	0.9745206363636363	0.008277259291986498	0.9637947272727274	0.009839217201023953	0.5372293636363636	0.08969250013921531	0.025479363636363717	0.008277259291986498
tw0	TBR	0.0	3000	11	0.9823786363636363	0.005247808060640395	0.9693765454545457	0.007457826833558076	0.5525664545454545	0.09292250643553024	0.017621363636363685	0.005247808060640395
tw0	TBR	0.0	4000	11	0.986526727272727	0.0036817693969831964	0.9719496363636363	0.006473375222292856	0.5612294545454545	0.09486510682833844	0.013473272727272945	0.0036817693969831964
tw0	TBR	0.0	5000	11	0.9885604545454544	0.0031182806461942667	0.9726832727272728	0.006201594642569271	0.5664761818181817	0.09595120084054262	0.011439545454545619	0.0031182806461942667
tw0	TBR	0.0	6000	11	0.9901749999999999	0.0027013065761186416	0.9731739090909092	0.006019580904249894	0.5704725454545454	0.0966553364694614	0.009825000000000084	0.0027013065761186416
tw0	TBR	0.0	7000	11	0.9915916363636363	0.0024196165521636146	0.973663181818182	0.005833733050610493	0.5723093636363636	0.09725317389177147	0.008408363636363658	0.0024196165521636146
tw0	TBR	0.0	8000	11	0.9924862727272727	0.002112661325054288	0.9738164545454545	0.0057754507236368255	0.574211090909091	0.09755297390205764	0.007513727272727255	0.002112661325054288
tw0	TBR	0.0	9000	11	0.9932279090909091	0.0019176430725552083	0.9738638181818182	0.0057581237645263714	0.5755373636363637	0.09794879945454552	0.006772090909090922	0.0019176430725552083
tw0	TBR	0.0	10000	11	0.9937180909090909	0.001804425309945949	0.9739006363636363	0.005744121036127809	0.5768213636363636	0.09812928161158095	0.006281909090909088	0.001804425309945949
tw0	TBR	0.0	20000	11	0.9966245454545455	0.0010830443738381558	0.9739119090909092	0.005739874174190341	0.582369090909091	0.09920100013273826	0.003375454545454515	0.0010830443738381558
tw0	TBR	0.0	30000	11	0.9977737272727274	0.0007498457670615761	0.9739119090909092	0.005739874174190341	0.5835826363636364	0.09962364504029177	0.0022262727272726046	0.0007498457670615761
tw0	TBR	0.0	40000	11	0.9983341818181818	0.0005631084154967874	0.9739119090909092	0.005739874174190341	0.5843109090909091	0.09977068842122234	0.0016658181818182127	0.0005631084154967874
tw0	TBR	0.0	50000	11	0.9987145454545455	0.0004548947203601823	0.9739119090909092	0.005739874174190341	0.5849486363636364	0.09983552887381351	0.0012854545454544786	0.0004548947203601823
tw0	TBR	0.0	60000	11	0.9989294545454545	0.00038348681057410246	0.9739119090909092	0.005739874174190341	0.5855094545454546	0.09985758737643814	0.0010705454545455462	0.00038348681057410246
tw0	TBR	0.0	70000	11	0.9990827272727274	0.00032449709596429015	0.9739119090909092	0.005739874174190341	0.5857986363636363	0.09988872745649374	0.0009172727272726	0.00032449709596429015
tw0	TBR	0.0	80000	11	0.9991731818181818	0.0002929927649799175	0.9739119090909092	0.005739874174190341	0.5860699090909092	0.09987643751942647	0.0008268181818181786	0.0002929927649799175
tw0	TBR	0.0	90000	11	0.9992534545454546	0.0002608704089158739	0.9739119090909092	0.005739874174190341	0.5861417272727273	0.09994753495492167	0.0007465454545454442	0.0002608704089158739
tw0	TBR	0.0	100000	11	0.999321	0.00023010317843800922	0.9739119090909092	0.005739874174190341	0.5862865454545454	0.09997532520025891	0.0006789999999999852	0.00023010317843800922
tw0	TBR	0.0	200000	11	0.9996511818181819	0.00010245795751356212	0.9739119090909092	0.005739874174190341	0.5868095454545454	0.10007141443919518	0.0003488181818180891	0.00010245795751356212
tw0	TBR	0.0	300000	11	0.9997568181818182	6.894514528123938e-05	0.9739119090909092	0.005739874174190341	0.587057909090909	0.1001322329356586	0.00024318181818183682	6.894514528123938e-05
tw0	TBR	0.0	400000	11	0.999808090909091	5.2138705661913934e-05	0.9739119090909092	0.005739874174190341	0.5870920000000001	0.10017403160563756	0.00019190909090904817	5.2138705661913934e-05
tw0	TBR	0.0	500000	11	0.9998397272727272	4.290032653172871e-05	0.9739119090909092	0.005739874174190341	0.5871847272727273	0.10015201007070029	0.00016027272727281439	4.290032653172871e-05
tw0	TBR	0.0	600000	11	0.9998602727272726	3.739423652944338e-05	0.9739119090909092	0.005739874174190341	0.5872442727272728	0.10016465716618729	0.00013972727272737462	3.739423652944338e-05
tw0	TBR	0.0	700000	11	0.9998742727272728	3.3104817257015324e-05	0.9739119090909092	0.005739874174190341	0.5873204545454546	0.10015173998981959	0.00012572727272719408	3.3104817257015324e-05
tw0	TBR	0.0	800000	11	0.999885181818182	3.022395743951718e-05	0.9739119090909092	0.005739874174190341	0.5873319090909092	0.10015007854029095	0.00011481818181802161	3.022395743951718e-05
tw0	TBR	0.0	900000	11	0.9998947272727272	2.764189537939201e-05	0.9739119090909092	0.005739874174190341	0.5874100909090909	0.10015091104777417	0.00010527272727278714	2.764189537939201e-05
tw0	TBR	0.0	1000000	11	0.9999033636363636	2.547914395853049e-05	0.9739119090909092	0.005739874174190341	0.5874613636363636	0.10014645158224054	9.663636363643757e-05	2.547914395853049e-05
tw0	TBR	0.02	1	11	0.0	0.0	0.0	0.0	0.0	0.0	1.0	0.0
tw0	TBR	0.02	2	11	0.0	0.0	0.0	0.0	0.0	0.0	1.0	0.0
tw0	TBR	0.02	3	11	0.0	0.0	0.0	0.0	0.0	0.0	1.0	0.0
tw0	TBR	0.02	4	11	0.0	0.0	0.0	0.0	0.0	0.0	1.0	0.0
tw0	TBR	0.02	5	11	0.0020501818181818186	0.001798370008536426	0.0020500909090909094	0.0017983803695878714	0.0004100909090909091	0.00035966988537585544	0.9979498181818182	0.001798370008536426
tw0	TBR	0.02	6	11	0.0021084545454545457	0.0017926618368105638	0.0020500909090909094	0.0017983803695878714	0.0006932727272727274	0.0005984426317292865	0.9978915454545455	0.0017926618368105638
tw0	TBR	0.02	7	11	0.0030012727272727274	0.0019360174167647687	0.002942636363636364	0.001914379658710871	0.0010145454545454546	0.0007671972410088362	0.9969987272727273	0.0019360174167647687
tw0	TBR	0.02	8	11	0.003939272727272728	0.0019943281306149157	0.0038639090909090915	0.001978660122656677	0.0013727272727272724	0.0008931767929537098	0.9960607272727273	0.0019943281306149157
tw0	TBR	0.02	9	11	0.007674363636363635	0.0025954008913416167	0.007591454545454545	0.0025953895113648125	0.0020664545454545454	0.0009674222671487393	0.9923256363636364	0.0025954008913416167
tw0	TBR	0.02	10	11	0.008831272727272728	0.0027907544013985935	0.008657636363636364	0.0027791823136007836	0.0027352727272727272	0.0010720030028020114	0.9911687272727273	0.0027907544013985935
tw0	TBR	0.02	20	11	0.10047963636363635	0.03536569600442901	0.09955227272727273	0.03541205342640243	0.026510363636363634	0.010527729314246715	0.8995203636363637	0.03536569600442901
tw0	TBR	0.02	30	11	0.19982572727272727	0.0553638255025281	0.19785563636363637	0.05535405179442156	0.06422554545454545	0.02235697650413874	0.8001742727272727	0.0553638255025281
tw0	TBR	0.02	40	11	0.31454654545454547	0.06390968195499357	0.311782090909091	0.06386022894108873	0.10334963636363637	0.03155050307833249	0.6854534545454545	0.06390968195499357
tw0	TBR	0.02	50	11	0.4089074545454545	0.06615172975383783	0.4057743636363636	0.06607125157658107	0.14116481818181817	0.03757143451681397	0.5910925454545455	0.06615172975383783
tw0	TBR	0.02	60	11	0.4936755454545455	0.06876337278223364	0.49013109090909085	0.06871816408575943	0.17682936363636365	0.04212277004386814	0.5063244545454545	0.06876337278223364
tw0	TBR	0.02	70	11	0.5696243636363636	0.06774729949643384	0.5657569090909091	0.06773612219024575	0.20933645454545458	0.045844666891851155	0.4303756363636364	0.06774729949643384
tw0	TBR	0.02	80	11	0.636326	0.06765446746547017	0.6323345454545455	0.06775796792627063	0.23901799999999998	0.049164807975920044	0.36367400000000005	0.06765446746547017
tw0	TBR	0.02	90	11	0.6943772727272727	0.06517917184040967	0.6901028181818182	0.06524599214940585	0.266906	0.052103418568353946	0.3056227272727273	0.06517917184040967
tw0	TBR	0.02	100	11	0.737791	0.062202429197083464	0.7332827272727273	0.06230866693444105	0.29167736363636365	0.05471938053199212	0.262209	0.062202429197083464
tw0	TBR	0.02	200	11	0.9022690909090908	0.035647695870574744	0.8962837272727274	0.03565070462725575	0.4288342727272727	0.07240572215585413	0.0977309090909092	0.035647695870574744
tw0	TBR	0.02	300	11	0.9449305454545456	0.022431573349497448	0.9377966363636362	0.02272841183399905	0.4823343636363635	0.08129780137039072	0.05506945454545442	0.022431573349497448
tw0	TBR	0.02	400	11	0.9568676363636364	0.016568454223324914	0.9490444545454547	0.01713523136876643	0.510206	0.08567110169352218	0.043132363636363635	0.016568454223324914
tw0	TBR	0.02	500	11	0.9641952727272727	0.014208415249159988	0.9554715454545455	0.014870557914803354	0.5261367272727272	0.08843881132800659	0.03580472727272732	0.014208415249159988
tw0	TBR	0.02	600	11	0.9701393636363634	0.011676703756760312	0.960292090909091	0.012500407043885014	0.5357909090909091	0.09042477677509879	0.02986063636363656	0.011676703756760312
tw0	TBR	0.02	700	11	0.9735346363636362	0.010075900482449768	0.9629588181818183	0.011105492133353071	0.5425762727272727	0.09181071383312028	0.02646536363636376	0.010075900482449768
tw0	TBR	0.02	800	11	0.97648	0.008917662660544673	0.9652316363636363	0.010112205410270513	0.5485009090909091	0.09290934004339486	0.023519999999999985	0.008917662660544673
tw0	TBR	0.02	900	11	0.9784785454545453	0.008122886050439813	0.9665011818181818	0.009394611449528044	0.5538491818181818	0.09349488383813194	0.021521454545454732	0.008122886050439813
tw0	TBR	0.02	1000	11	0.9802063636363637	0.0074600889420395325	0.967661	0.008861803866236062	0.556945	0.0938974517889306	0.01979363636363629	0.0074600889420395325
tw0	TBR	0.02	2000	11	0.9884818181818182	0.0037787822420798306	0.9725741818181818	0.0063337493489145965	0.5729698181818181	0.09688137428420746	0.01151818181818176	0.0037787822420798306
tw0	TBR	0.02	3000	11	0.9915630909090908	0.002756884306783969	0.9734834545454547	0.005911503785553352	0.5779825454545453	0.09789703138979182	0.008436909090909217	0.002756884306783969
tw0	TBR	0.02	4000	11	0.9934589999999998	0.0021959909256311955	0.973782090909091	0.00578992205074637	0.580374909090909	0.09847211170482872	0.006541000000000241	0.0021959909256311955
tw0	TBR	0.02	5000	11	0.9946281818181819	0.001852940850835293	0.9738530909090909	0.005762241426980473	0.5816076363636363	0.0989096260397957	0.005371818181818089	0.001852940850835293
tw0	TBR	0.02	6000	11	0.9954322727272727	0.0015843222703094042	0.9739006363636363	0.005744121036127809	0.5824850909090908	0.09896707781897195	0.004567727272727251	0.0015843222703094042
tw0	TBR	0.02	7000	11	0.9960487272727273	0.0013876096850399	0.9739119090909092	0.005739874174190341	0.5831721818181818	0.09906792257333699	0.003951272727272692	0.0013876096850399
tw0	TBR	0.02	8000	11	0.9964970909090909	0.0012350523614556553	0.9739119090909092	0.005739874174190341	0.583559090909091	0.09920175891690765	0.003502909090909112	0.0012350523614556553
tw0	TBR	0.02	9000	11	0.9968327272727272	0.0011446897324039716	0.9739119090909092	0.005739874174190341	0.5839109090909091	0.09928733211785375	0.0031672727272727963	0.0011446897324039716
tw0	TBR	0.02	10000	11	0.9971461818181818	0.0010411804037042992	0.9739119090909092	0.005739874174190341	0.5842176363636364	0.09942491743597485	0.0028538181818181796	0.0010411804037042992
tw0	TBR	0.02	20000	11	0.9985555454545455	0.0006050652611478643	0.9739119090909092	0.005739874174190341	0.5860859090909091	0.09987377308031961	0.0014444545454544988	0.0006050652611478643
tw0	TBR	0.02	30000	11	0.9989809999999999	0.0004295714778071896	0.9739119090909092	0.005739874174190341	0.5865773636363636	0.10004091266215881	0.0010190000000001032	0.0004295714778071896
tw0	TBR	0.02	40000	11	0.9991994545454546	0.0003418643102337129	0.9739119090909092	0.005739874174190341	0.5867706363636362	0.1001230278222541	0.0008005454545454427	0.0003418643102337129
tw0	TBR	0.02	50000	11	0.9993515454545453	0.00026947347191535776	0.9739119090909092	0.005739874174190341	0.5868554545454545	0.1001694810900155	0.0006484545454547019	0.00026947347191535776
tw0	TBR	0.02	60000	11	0.9994730909090909	0.0002071039903283344	0.9739119090909092	0.005739874174190341	0.5870213636363638	0.10020619436136059	0.0005269090909091334	0.0002071039903283344
tw0	TBR	0.02	70000	11	0.9995497272727273	0.0001715280571223392	0.9739119090909092	0.005739874174190341	0.5870732727272727	0.10018805418158673	0.00045027272727271583	0.0001715280571223392
tw0	TBR	0.02	80000	11	0.9996063636363637	0.00014350554456993446	0.9739119090909092	0.005739874174190341	0.5872068181818182	0.10016287798706286	0.00039363636363631826	0.00014350554456993446
tw0	TBR	0.02	90000	11	0.9996457272727274	0.0001254895208163251	0.9739119090909092	0.005739874174190341	0.5871717272727272	0.10017294822892246	0.0003542727272726198	0.0001254895208163251
tw0	TBR	0.02	100000	11	0.9996866363636364	0.00010817051125021008	0.9739119090909092	0.005739874174190341	0.587274909090909	0.10017066224203702	0.0003133636363635839	0.00010817051125021008
tw0	TBR	0.02	200000	11	0.9998310909090908	5.177388856547347e-05	0.9739119090909092	0.005739874174190341	0.5874228181818182	0.10016404856759355	0.00016890909090916395	5.177388856547347e-05
tw0	TBR	0.02	300000	11	0.999879090909091	3.7458450811401826e-05	0.9739119090909092	0.005739874174190341	0.5874388181818181	0.10018988889638226	0.00012090909090900492	3.7458450811401826e-05
tw0	TBR	0.02	400000	11	0.9999031818181817	3.021553428944006e-05	0.9739119090909092	0.005739874174190341	0.587457	0.10019955500563499	9.681818181828117e-05	3.021553428944006e-05
tw0	TBR	0.02	500000	11	0.999917909090909	2.576024228622386e-05	0.9739119090909092	0.005739874174190341	0.587513	0.10019444397651815	8.20909090909483e-05	2.576024228622386e-05
tw0	TBR	0.02	600000	11	0.9999294545454546	2.198485579433196e-05	0.9739119090909092	0.005739874174190341	0.5875597272727272	0.10020501078607803	7.054545454543426e-05	2.198485579433196e-05
tw0	TBR	0.02	700000	11	0.9999386363636362	1.9480653679193988e-05	0.9739119090909092	0.005739874174190341	0.587556909090909	0.10020352034375335	6.136363636377595e-05	1.9480653679193988e-05
tw0	TBR	0.02	800000	11	0.9999447272727273	1.7718039553512208e-05	0.9739119090909092	0.005739874174190341	0.5875571818181817	0.10020787406013182	5.527272727268162e-05	1.7718039553512208e-05
tw0	TBR	0.02	900000	11	0.9999493636363638	1.662925829389091e-05	0.9739119090909092	0.005739874174190341	0.587564	0.1002072791870567	5.0636363636225035e-05	1.662925829389091e-05
tw0	TBR	0.02	1000000	11	0.9999534545454544	1.545983866572624e-05	0.9739119090909092	0.005739874174190341	0.5875499090909091	0.1002106635467553	4.65454545456323e-05	1.545983866572624e-05
tw0	TBR	0.05	1	11	3.636363636363636e-07	3.6363636363636366e-07	0.0	0.0	3.636363636363636e-07	3.6363636363636366e-07	0.9999996363636363	3.6363636363636366e-07
tw0	TBR	0.05	2	11	3.636363636363636e-07	3.6363636363636366e-07	0.0	0.0	3.636363636363636e-07	3.6363636363636366e-07	0.9999996363636363	3.6363636363636366e-07
tw0	TBR	0.05	3	11	0.0022325454545454545	0.00177072327473902	0.002225363636363636	0.0017706327388444416	0.0007443636363636363	0.000590213848343852	0.9977674545454546	0.00177072327473902
tw0	TBR	0.05	4	11	0.013900363636363638	0.006474642079644569	0.013793454545454546	0.006463987168590488	0.003973636363636363	0.001897576800566867	0.9860996363636364	0.006474642079644569
tw0	TBR	0.05	5	11	0.034845909090909094	0.021348024464894148	0.034597636363636365	0.021353399050810167	0.010097545454545455	0.0055258558043300345	0.9651540909090909	0.021348024464894148
tw0	TBR	0.05	6	11	0.0543429090909091	0.029990630988073762	0.05391390909090909	0.030003511798531654	0.01739909090909091	0.009574050938442978	0.9456570909090909	0.029990630988073762
tw0	TBR	0.05	7	11	0.07528436363636364	0.036460158471274005	0.07471090909090909	0.036478552065177985	0.025590090909090913	0.013359826572400858	0.9247156363636364	0.036460158471274005
tw0	TBR	0.05	8	11	0.09386845454545453	0.04319550528308654	0.09312772727272728	0.04321917557353678	0.03365845454545455	0.017002869062903707	0.9061315454545454	0.04319550528308654
tw0	TBR	0.05	9	11	0.11537727272727273	0.04609855022194614	0.11454818181818184	0.04612056834681309	0.042149818181818184	0.02017560577971607	0.8846227272727273	0.04609855022194614
tw0	TBR	0.05	10	11	0.13352236363636363	0.049687538720812406	0.13251027272727273	0.049701612694356655	0.050223727272727274	0.023031715002693333	0.8664776363636364	0.049687538720812406
tw0	TBR	0.05	20	11	0.3567661818181818	0.07646311299607961	0.35453918181818184	0.07652888719155997	0.13765800000000003	0.04398359653159966	0.6432338181818182	0.07646311299607961
tw0	TBR	0.05	30	11	0.5181114545454545	0.08298860725943746	0.5150060909090909	0.0830613239015668	0.21673263636363638	0.05597812692752456	0.4818885454545455	0.08298860725943746
tw0	TBR	0.05	40	11	0.6316763636363637	0.08026145896441123	0.6279904545454544	0.08034100702430445	0.2755616363636364	0.0637130600953529	0.3683236363636363	0.08026145896441123
tw0	TBR	0.05	50	11	0.7109623636363637	0.07539656361126001	0.7065608181818182	0.07541670523538091	0.3201570909090909	0.06910992669606543	0.28903763636363633	0.07539656361126001
tw0	TBR	0.05	60	11	0.782511	0.061664858181212825	0.7778915454545454	0.06163257855614464	0.3553710909090909	0.07258545808561914	0.21748900000000004	0.061664858181212825
tw0	TBR	0.05	70	11	0.8251233636363637	0.05529962283962666	0.8202928181818181	0.055304384711393234	0.38474572727272727	0.07494903862845023	0.17487663636363626	0.05529962283962666
tw0	TBR	0.05	80	11	0.8549058181818182	0.04961854901909497	0.8496493636363636	0.04961737220301203	0.4071158181818182	0.07712969036980603	0.1450941818181818	0.04961854901909497
tw0	TBR	0.05	90	11	0.8690269999999998	0.04479218689946232	0.8636054545454546	0.04480142362822529	0.4254449090909091	0.0790375853847056	0.13097300000000023	0.04479218689946232
tw0	TBR	0.05	100	11	0.8868955454545454	0.03884372470047912	0.8813089090909091	0.03890567808792172	0.44061500000000003	0.08057351172529005	0.11310445454545459	0.03884372470047912
tw0	TBR	0.05	200	11	0.9477283636363635	0.02051856002136634	0.9403548181818183	0.020833195139583538	0.5146310000000001	0.08792591343697985	0.05227163636363652	0.02051856002136634
tw0	TBR	0.05	300	11	0.9639685454545451	0.014414360769961726	0.9544012727272729	0.014963888751433885	0.5382261818181818	0.09205663085334713	0.036031454545454866	0.014414360769961726
tw0	TBR	0.05	400	11	0.9714723636363636	0.011211739278965776	0.9604461818181819	0.012052490546709113	0.5509075454545453	0.09383728988524026	0.02852763636363642	0.011211739278965776
tw0	TBR	0.05	500	11	0.9760201818181818	0.00952945460408095	0.9640392727272729	0.0105511059498656	0.5590647272727273	0.09474070167981379	0.023979818181818158	0.00952945460408095
tw0	TBR	0.05	600	11	0.9801427272727271	0.007420932176303006	0.9671144545454546	0.00885846894668254	0.5642387272727273	0.095762817545708	0.01985727272727289	0.007420932176303006
tw0	TBR	0.05	700	11	0.9825716363636363	0.006544520830119482	0.9686897272727272	0.008095334794683705	0.5675966363636363	0.09635004908790303	0.017428363636363686	0.006544520830119482
tw0	TBR	0.05	800	11	0.9844241818181817	0.005776618568644058	0.9699566363636364	0.007527641439476402	0.570109	0.09685069617734486	0.015575818181818302	0.005776618568644058
tw0	TBR	0.05	900	11	0.9860983636363635	0.00496487640471035	0.9711480909090909	0.00696989802906307	0.5720263636363636	0.0973886950207329	0.013901636363636505	0.00496487640471035
tw0	TBR	0.05	1000	11	0.9873593636363637	0.004456098716208497	0.9719100000000002	0.006639616668836458	0.5739182727272727	0.09764812749636885	0.012640636363636326	0.004456098716208497
tw0	TBR	0.05	2000	11	0.9926604545454545	0.0023780551731638977	0.9737015454545457	0.005818387515397966	0.5815143636363637	0.09862891919893685	0.007339545454545515	0.0023780551731638977
tw0	TBR	0.05	3000	11	0.9949057272727273	0.001732008472007987	0.9738553636363636	0.005761367619005263	0.5832295454545455	0.09912636206225628	0.005094272727272697	0.001732008472007987
tw0	TBR	0.05	4000	11	0.9961346363636363	0.0013776209418791985	0.9738666363636365	0.005757044832634078	0.5843331818181817	0.09952121254932339	0.0038653636363636945	0.0013776209418791985
tw0	TBR	0.05	5000	11	0.9968369090909092	0.0011950127002333531	0.9738779999999999	0.005752706254846104	0.5849842727272727	0.09958054881397553	0.0031630909090908377	0.0011950127002333531
tw0	TBR	0.05	6000	11	0.9974174545454546	0.0010143266316638272	0.9739119090909092	0.005739874174190341	0.5850805454545455	0.09971076561638975	0.002582545454545393	0.0010143266316638272
tw0	TBR	0.05	7000	11	0.9977464545454545	0.0009152353732399928	0.9739119090909092	0.005739874174190341	0.5854129999999999	0.0997300496591583	0.0022535454545454803	0.0009152353732399928
tw0	TBR	0.05	8000	11	0.9980536363636364	0.0008178019906235054	0.9739119090909092	0.005739874174190341	0.5856141818181818	0.09973130769338713	0.0019463636363635795	0.0008178019906235054
tw0	TBR	0.05	9000	11	0.9982560909090907	0.0007549577887603496	0.9739119090909092	0.005739874174190341	0.58584	0.09977439495181116	0.001743909090909268	0.0007549577887603496
tw0	TBR	0.05	10000	11	0.9984056363636363	0.0007081877289985563	0.9739119090909092	0.005739874174190341	0.5858968181818182	0.0998305641156617	0.0015943636363636715	0.0007081877289985563
tw0	TBR	0.05	20000	11	0.9991694545454546	0.00037559827097182705	0.9739119090909092	0.005739874174190341	0.5869229999999999	0.09997008346036693	0.0008305454545454172	0.00037559827097182705
tw0	TBR	0.05	30000	11	0.9994271818181818	0.00023977211977519293	0.9739119090909092	0.005739874174190341	0.5873074545454544	0.10005370382044049	0.0005728181818182021	0.00023977211977519293
tw0	TBR	0.05	40000	11	0.9995660909090909	0.00017198723285308763	0.9739119090909092	0.005739874174190341	0.5874133636363635	0.1000988492388011	0.00043390909090912366	0.00017198723285308763
tw0	TBR	0.05	50000	11	0.9996531818181819	0.00012977776936550276	0.9739119090909092	0.005739874174190341	0.5874343636363636	0.1001246996046133	0.0003468181818181426	0.00012977776936550276
tw0	TBR	0.05	60000	11	0.9997006363636363	0.00010540504324033611	0.9739119090909092	0.005739874174190341	0.5875487272727272	0.10012993367275713	0.0002993636363637364	0.00010540504324033611
tw0	TBR	0.05	70000	11	0.9997429090909091	8.481181891752716e-05	0.9739119090909092	0.005739874174190341	0.587603090909091	0.10012694503800976	0.0002570909090908735	8.481181891752716e-05
tw0	TBR	0.05	80000	11	0.9997717272727272	7.393364234956992e-05	0.9739119090909092	0.005739874174190341	0.5875319090909091	0.10014985164800475	0.00022827272727277137	7.393364234956992e-05
tw0	TBR	0.05	90000	11	0.9997911818181818	6.734562389532975e-05	0.9739119090909092	0.005739874174190341	0.5875609999999999	0.10015621248275569	0.00020881818181817113	6.734562389532975e-05
tw0	TBR	0.05	100000	11	0.999809909090909	5.8818743850059915e-05	0.9739119090909092	0.005739874174190341	0.5876027272727273	0.1001626401274076	0.00019009090909094528	5.8818743850059915e-05
tw0	TBR	0.05	200000	11	0.9998919090909092	3.4504401443998846e-05	0.9739119090909092	0.005739874174190341	0.5874666363636364	0.10019725826690548	0.00010809090909080776	3.4504401443998846e-05
tw0	TBR	0.05	300000	11	0.9999213636363637	2.6108609770194615e-05	0.9739119090909092	0.005739874174190341	0.5874897272727272	0.10020593837620702	7.863636363625304e-05	2.6108609770194615e-05
tw0	TBR	0.05	400000	11	0.9999368181818181	2.108546167895853e-05	0.9739119090909092	0.005739874174190341	0.5875003636363636	0.10020538356951712	6.318181818187885e-05	2.108546167895853e-05
tw0	TBR	0.05	500000	11	0.9999479090909091	1.7791956581790538e-05	0.9739119090909092	0.005739874174190341	0.5874956363636364	0.10020596390990932	5.209090909086278e-05	1.7791956581790538e-05
tw0	TBR	0.05	600000	11	0.999956090909091	1.5228833027247431e-05	0.9739119090909092	0.005739874174190341	0.5874907272727273	0.10019585929333072	4.3909090909011184e-05	1.5228833027247431e-05
tw0	TBR	0.05	700000	11	0.9999614545454546	1.3342593203291054e-05	0.9739119090909092	0.005739874174190341	0.5875059090909092	0.10019687087406333	3.854545454540226e-05	1.3342593203291054e-05
tw0	TBR	0.05	800000	11	0.9999658181818183	1.199152593354933e-05	0.9739119090909092	0.005739874174190341	0.5875084545454545	0.10019346255586682	3.4181818181711066e-05	1.199152593354933e-05
tw0	TBR	0.05	900000	11	0.9999693636363638	1.0584957360046067e-05	0.9739119090909092	0.005739874174190341	0.5875201818181819	0.10019226182584416	3.063636363620503e-05	1.0584957360046067e-05
tw0	TBR	0.05	1000000	11	0.9999723636363637	9.571997727530038e-06	0.9739119090909092	0.005739874174190341	0.5875170909090909	0.1001947190479577	2.763636363634081e-05	9.571997727530038e-06
tw0	TBR	0.1	1	11	0.0	0.0	0.0	0.0	0.0	0.0	1.0	0.0
tw0	TBR	0.1	2	11	1.181818181818182e-05	5.947983893446099e-06	0.0	0.0	5.9090909090909085e-06	2.9922765594551022e-06	0.9999881818181818	5.947983893446099e-06
tw0	TBR	0.1	3	11	0.012186636363636365	0.005212045004816383	0.012115090909090909	0.0052197099944773055	0.0040651818181818185	0.0017367301764480067	0.9878133636363636	0.005212045004816383
tw0	TBR	0.1	4	11	0.05624836363636363	0.02103225916853041	0.05600663636363637	0.0210645881315162	0.017106090909090908	0.006498526444796467	0.9437516363636363	0.02103225916853041
tw0	TBR	0.1	5	11	0.11108790909090907	0.043057254748121464	0.11054554545454544	0.043117342906488366	0.03565418181818182	0.013795714513650562	0.888912090909091	0.043057254748121464
tw0	TBR	0.1	6	11	0.1588160909090909	0.05991466109126374	0.15780063636363637	0.060006671439594976	0.05574445454545454	0.02144992457768628	0.8411839090909091	0.05991466109126374
tw0	TBR	0.1	7	11	0.20627427272727275	0.06796253723514167	0.2049441818181818	0.06805121285497458	0.07621545454545454	0.028146930244817316	0.7937257272727273	0.06796253723514167
tw0	TBR	0.1	8	11	0.2523132727272727	0.07162280907505411	0.25072663636363635	0.07173002483571458	0.09633354545454545	0.03359548908988273	0.7476867272727272	0.07162280907505411
tw0	TBR	0.1	9	11	0.3003784545454546	0.07357270566507214	0.2985321818181818	0.0736855354328993	0.11646045454545456	0.038062099473543026	0.6996215454545454	0.07357270566507214
tw0	TBR	0.1	10	11	0.3388436363636364	0.07766163265172984	0.336709	0.07780867561724136	0.1360401818181818	0.042053500578282464	0.6611563636363635	0.07766163265172984
tw0	TBR	0.1	20	11	0.5932930000000001	0.08388698271863379	0.5899744545454545	0.08402104508496815	0.2843687272727272	0.06365660400862383	0.40670699999999993	0.08388698271863379
tw0	TBR	0.1	30	11	0.748009909090909	0.07911834739454957	0.7441871818181819	0.07921038092789448	0.36485927272727275	0.07329468629122392	0.25199009090909097	0.07911834739454957
tw0	TBR	0.1	40	11	0.8059629999999999	0.06997977088403347	0.8016199090909093	0.06999649481281897	0.41551445454545455	0.07879839695235658	0.19403700000000013	0.06997977088403347
tw0	TBR	0.1	50	11	0.8444554545454547	0.05765372329447338	0.8395013636363636	0.05772142194560993	0.446747	0.08243270214853504	0.15554454545454532	0.05765372329447338
tw0	TBR	0.1	60	11	0.8719282727272727	0.04905888964686698	0.8666166363636364	0.0491670798268096	0.4694174545454545	0.08488636255225021	0.1280717272727273	0.04905888964686698
tw0	TBR	0.1	70	11	0.8995435454545455	0.038461510201608436	0.8939483636363637	0.038651370752659016	0.4866550909090909	0.0868022972072906	0.10045645454545449	0.038461510201608436
tw0	TBR	0.1	80	11	0.9119308181818181	0.03339016559185114	0.9060655454545454	0.033621339536713514	0.49859790909090906	0.08823238241891328	0.08806918181818191	0.03339016559185114
tw0	TBR	0.1	90	11	0.9211073636363637	0.030484490834840988	0.9149277272727272	0.030791766380018758	0.5081304545454546	0.0895285619744147	0.0788926363636363	0.030484490834840988
tw0	TBR	0.1	100	11	0.9323008181818182	0.0268068341421356	0.9259380000000003	0.027122422958940014	0.5165138181818182	0.09041837443380212	0.0676991818181818	0.0268068341421356
tw0	TBR	0.1	200	11	0.9626533636363637	0.014357103964919396	0.9536127272727274	0.015033706856800104	0.5518503636363635	0.095120106195299	0.03734663636363633	0.014357103964919396
tw0	TBR	0.1	300	11	0.9736238181818183	0.010138364536226819	0.9623706363636363	0.011208955867578497	0.5632329090909091	0.09687786223295004	0.026376181818181688	0.010138364536226819
tw0	TBR	0.1	400	11	0.9792081818181818	0.007670390766172549	0.9665496363636364	0.009100027982247422	0.5707554545454545	0.09741052071902738	0.02079181818181819	0.007670390766172549
tw0	TBR	0.1	500	11	0.9833107272727273	0.005888915305417476	0.9692720909090909	0.007753500004343552	0.5738743636363637	0.09790326373316142	0.01668927272727272	0.005888915305417476
tw0	TBR	0.1	600	11	0.9860715454545453	0.004755156023372054	0.9708846363636364	0.006979038338641755	0.5765642727272727	0.09816770871608083	0.01392845454545466	0.004755156023372054
tw0	TBR	0.1	700	11	0.9880592727272727	0.004127501472035217	0.9719232727272726	0.0065588095428846475	0.5777669999999999	0.0985729371718775	0.011940727272727325	0.004127501472035217
tw0	TBR	0.1	800	11	0.9891433636363637	0.003732947588149046	0.9723507272727274	0.0063676364476095565	0.5781090909090909	0.09900021187639903	0.010856636363636318	0.003732947588149046
tw0	TBR	0.1	900	11	0.9901440909090908	0.0034518619440805772	0.972657090909091	0.006239718349492371	0.5789488181818181	0.09907419727684519	0.009855909090909165	0.0034518619440805772
tw0	TBR	0.1	1000	11	0.9909904545454548	0.0031292256066830157	0.9730107272727273	0.006086640449812134	0.5797894545454545	0.09921444382295111	0.009009545454545242	0.0031292256066830157
tw0	TBR	0.1	2000	11	0.9949208181818182	0.0018548670906474553	0.9737585454545455	0.005799264428848069	0.5838078181818183	0.09976696424421155	0.005079181818181788	0.0018548670906474553
tw0	TBR	0.1	3000	11	0.9965511818181819	0.0012759405715583876	0.9739119090909092	0.005739874174190341	0.5852536363636364	0.09978891640760991	0.0034488181818180808	0.0012759405715583876
tw0	TBR	0.1	4000	11	0.9973970909090909	0.001036988414545134	0.9739119090909092	0.005739874174190341	0.5858214545454546	0.09989352953914697	0.0026029090909091	0.001036988414545134
tw0	TBR	0.1	5000	11	0.9979144545454546	0.0008585394189460934	0.9739119090909092	0.005739874174190341	0.5859147272727273	0.09999359943708133	0.0020855454545454233	0.0008585394189460934
tw0	TBR	0.1	6000	11	0.9982976363636364	0.0007257988235257827	0.9739119090909092	0.005739874174190341	0.5860604545454545	0.1000338990406719	0.0017023636363635575	0.0007257988235257827
tw0	TBR	0.1	7000	11	0.9985014545454546	0.0006530650442843496	0.9739119090909092	0.005739874174190341	0.5864806363636365	0.1000209068294563	0.001498545454545419	0.0006530650442843496
tw0	TBR	0.1	8000	11	0.9986392727272727	0.0005984597516793949	0.9739119090909092	0.005739874174190341	0.5867752727272728	0.10002513379765116	0.0013607272727272912	0.0005984597516793949
tw0	TBR	0.1	9000	11	0.9987775454545456	0.00054831308845878	0.9739119090909092	0.005739874174190341	0.5868996363636364	0.10002331289602374	0.0012224545454544433	0.00054831308845878
tw0	TBR	0.1	10000	11	0.9988838181818182	0.0005030794048689561	0.9739119090909092	0.005739874174190341	0.5868980000000001	0.10003312396483295	0.0011161818181818495	0.0005030794048689561
tw0	TBR	0.1	20000	11	0.9994028181818183	0.00025894877760184197	0.9739119090909092	0.005739874174190341	0.5871662727272727	0.10011185311168802	0.0005971818181816912	0.00025894877760184197
tw0	TBR	0.1	30000	11	0.9995985454545455	0.00016626093203353796	0.9739119090909092	0.005739874174190341	0.5874108181818181	0.10014031342433458	0.00040145454545448267	0.00016626093203353796
tw0	TBR	0.1	40000	11	0.9997017272727273	0.00011582283421510717	0.9739119090909092	0.005739874174190341	0.5873683636363637	0.10016739922615657	0.00029827272727267484	0.00011582283421510717
tw0	TBR	0.1	50000	11	0.9997585454545456	8.911018344380475e-05	0.9739119090909092	0.005739874174190341	0.587401	0.10017366411532978	0.00024145454545443368	8.911018344380475e-05
tw0	TBR	0.1	60000	11	0.999789909090909	7.513883568501033e-05	0.9739119090909092	0.005739874174190341	0.5874620909090909	0.10015815938481358	0.00021009090909096528	7.513883568501033e-05
tw0	TBR	0.1	70000	11	0.9998173636363638	6.339590935000229e-05	0.9739119090909092	0.005739874174190341	0.5874723636363637	0.10015946951403162	0.00018263636363624602	6.339590935000229e-05
tw0	TBR	0.1	80000	11	0.9998378181818182	5.513649479112105e-05	0.9739119090909092	0.005739874174190341	0.5874690909090909	0.1001661427240176	0.00016218181818183908	5.513649479112105e-05
tw0	TBR	0.1	90000	11	0.9998515454545455	5.02079971240293e-05	0.9739119090909092	0.005739874174190341	0.5874454545454545	0.10017120681652655	0.00014845454545453496	5.02079971240293e-05
tw0	TBR	0.1	100000	11	0.9998621818181818	4.666667453758162e-05	0.9739119090909092	0.005739874174190341	0.5874794545454546	0.10016793008800623	0.0001378181818182389	4.666667453758162e-05
tw0	TBR	0.1	200000	11	0.999922909090909	2.6815685554083218e-05	0.9739119090909092	0.005739874174190341	0.5874838181818182	0.10019254317778874	7.709090909102656e-05	2.6815685554083218e-05
tw0	TBR	0.1	300000	11	0.9999449999999999	1.9652434501053224e-05	0.9739119090909092	0.005739874174190341	0.5874748181818181	0.10020358430722362	5.500000000013827e-05	1.9652434501053224e-05
tw0	TBR	0.1	400000	11	0.9999571818181819	1.519618264375196e-05	0.9739119090909092	0.005739874174190341	0.5874569090909092	0.100204786603912	4.281818181806063e-05	1.519618264375196e-05
tw0	TBR	0.1	500000	11	0.9999638181818181	1.2691312835466846e-05	0.9739119090909092	0.005739874174190341	0.5874881818181819	0.10020542023779481	3.61818181818796e-05	1.2691312835466846e-05
tw0	TBR	0.1	600000	11	0.9999691818181818	1.0847553709825896e-05	0.9739119090909092	0.005739874174190341	0.5874870909090909	0.1002135862956039	3.081818181815965e-05	1.0847553709825896e-05
tw0	TBR	0.1	700000	11	0.999973	9.309818863582143e-06	0.9739119090909092	0.005739874174190341	0.5874873636363637	0.10020942736637042	2.6999999999999247e-05	9.309818863582143e-06
tw0	TBR	0.1	800000	11	0.9999761818181819	8.273526434927558e-06	0.9739119090909092	0.005739874174190341	0.5874843636363636	0.100213791767335	2.3818181818069384e-05	8.273526434927558e-06
tw0	TBR	0.1	900000	11	0.9999787272727274	7.4040417820753215e-06	0.9739119090909092	0.005739874174190341	0.587482818181818	0.10021502498988846	2.1272727272592107e-05	7.4040417820753215e-06
tw0	TBR	0.1	1000000	11	0.9999804545454545	6.874675048667619e-06	0.9739119090909092	0.005739874174190341	0.5874807272727272	0.10021394274905435	1.9545454545522034e-05	6.874675048667619e-06
tw0	TBR	0.2	1	11	9.09090909090909e-08	9.090909090909089e-08	0.0	0.0	9.09090909090909e-08	9.090909090909089e-08	0.9999999090909091	9.090909090909089e-08
tw0	TBR	0.2	2	11	0.00017236363636363638	0.00012949582462396742	0.00013199999999999998	0.000132	8.645454545454545e-05	6.477237958439378e-05	0.9998276363636364	0.00012949582462396742
tw0	TBR	0.2	3	11	0.04379536363636363	0.015867988692087963	0.04356872727272727	0.01588834060280506	0.014646999999999999	0.005277869952581593	0.9562046363636364	0.015867988692087963
tw0	TBR	0.2	4	11	0.1410349090909091	0.04255556313135154	0.14001700000000003	0.042594053882928515	0.04577245454545454	0.014469041557353747	0.8589650909090909	0.04255556313135154
tw0	TBR	0.2	5	11	0.2528675454545455	0.07809624665726302	0.25144781818181816	0.07818234905489954	0.08539927272727271	0.026937142153907766	0.7471324545454545	0.07809624665726302
tw0	TBR	0.2	6	11	0.34890890909090905	0.08884787767357853	0.3470692727272728	0.08896879484986867	0.12546827272727273	0.037116180964173684	0.651091090909091	0.08884787767357853
tw0	TBR	0.2	7	11	0.4245025454545454	0.09375183220176783	0.4223407272727273	0.09386942161603493	0.16349863636363637	0.045027843493528376	0.5754974545454545	0.09375183220176783
tw0	TBR	0.2	8	11	0.47757690909090905	0.0939692321794218	0.4751722727272728	0.09410354608854024	0.19679136363636365	0.05105595588697005	0.522423090909091	0.0939692321794218
tw0	TBR	0.2	9	11	0.5187923636363637	0.09485297732445751	0.5162422727272727	0.09500598541432591	0.22557945454545453	0.05605306547506627	0.4812076363636363	0.09485297732445751
tw0	TBR	0.2	10	11	0.5558231818181818	0.09404737035856096	0.553166909090909	0.09421340952418558	0.25066127272727273	0.06010939796118572	0.4441768181818182	0.09404737035856096
tw0	TBR	0.2	20	11	0.7875783636363637	0.07252122769109152	0.7838621818181818	0.07259524832143796	0.3961975454545455	0.07834613968158617	0.2124216363636363	0.07252122769109152
tw0	TBR	0.2	30	11	0.8505313636363637	0.0575050682416575	0.8458279090909092	0.0575758271380138	0.45416900000000004	0.08522453471410896	0.14946863636363628	0.0575050682416575
tw0	TBR	0.2	40	11	0.890307	0.04173082334568887	0.8849910909090909	0.04181867542562437	0.4870672727272726	0.08863146740429166	0.10969300000000004	0.04173082334568887
tw0	TBR	0.2	50	11	0.9110241818181817	0.03422945958509429	0.9051841818181819	0.0343482588379192	0.5053851818181818	0.09073783608614817	0.08897581818181832	0.03422945958509429
tw0	TBR	0.2	60	11	0.9236145454545457	0.02957801046673437	0.9173953636363638	0.029740865854386202	0.5184094545454546	0.09172571575214321	0.07638545454545431	0.02957801046673437
tw0	TBR	0.2	70	11	0.9350281818181817	0.02547338804064786	0.9282130000000002	0.025696764304267785	0.5287825454545454	0.0926945540412031	0.0649718181818183	0.02547338804064786
tw0	TBR	0.2	80	11	0.9429146363636364	0.0222853765319008	0.9356200000000001	0.022586815032829943	0.5360494545454546	0.09361489945840144	0.05708536363636363	0.0222853765319008
tw0	TBR	0.2	90	11	0.949844909090909	0.019844935627580402	0.9421122727272727	0.020173347948622668	0.5409547272727272	0.09469054529284432	0.05015509090909098	0.019844935627580402
tw0	TBR	0.2	100	11	0.9547189090909091	0.018132417164472215	0.9465441818181819	0.018425961347471466	0.5452086363636364	0.09531298265449398	0.04528109090909094	0.018132417164472215
tw0	TBR	0.2	200	11	0.9745957272727271	0.009981643797118894	0.9631298181818182	0.01085987615266582	0.5660682727272728	0.0976666822293691	0.02540427272727286	0.009981643797118894
tw0	TBR	0.2	300	11	0.9817658181818182	0.0070808632676303005	0.9679255454545456	0.008492955551903684	0.573741090909091	0.09863083357610516	0.018234181818181816	0.0070808632676303005
tw0	TBR	0.2	400	11	0.985789818181818	0.00518344455115284	0.9705536363636366	0.007131444509128352	0.5778326363636364	0.09894561936982196	0.01421018181818201	0.00518344455115284
tw0	TBR	0.2	500	11	0.9883756363636362	0.004181642320412857	0.9718612727272727	0.006525132961502723	0.5802474545454546	0.09908042506536739	0.011624363636363766	0.004181642320412857
tw0	TBR	0.2	600	11	0.9905624545454543	0.0034017311351284764	0.9729417272727274	0.00611538128015359	0.5816744545454545	0.09928641643569867	0.00943754545454567	0.0034017311351284764
tw0	TBR	0.2	700	11	0.9917159999999999	0.002886037179247697	0.97333	0.005947930092210078	0.5825155454545454	0.09938989441042637	0.008284000000000069	0.002886037179247697
tw0	TBR	0.2	800	11	0.9925393636363634	0.0026214645811861066	0.9734984545454547	0.0058812225759981036	0.5832115454545455	0.09948384159444401	0.007460636363636586	0.0026214645811861066
tw0	TBR	0.2	900	11	0.9933382727272728	0.002398636154495489	0.9737050909090911	0.005816523751668093	0.5837844545454546	0.09953774441773455	0.00666172727272718	0.002398636154495489
tw0	TBR	0.2	1000	11	0.9939796363636362	0.002200148409344354	0.9737958181818183	0.0057826028125406775	0.5840721818181818	0.09960074105819769	0.0060203636363638235	0.002200148409344354
tw0	TBR	0.2	2000	11	0.996767090909091	0.001345161162730698	0.9739119090909092	0.005739874174190341	0.585847	0.09985707132988539	0.0032329090909090086	0.001345161162730698
tw0	TBR	0.2	3000	11	0.9978722727272727	0.0009867206668455694	0.9739119090909092	0.005739874174190341	0.5861522727272728	0.09999796723625672	0.0021277272727272534	0.0009867206668455694
tw0	TBR	0.2	4000	11	0.9984031818181817	0.0007485226154132737	0.9739119090909092	0.005739874174190341	0.5864913636363637	0.10006931395399461	0.001596818181818338	0.0007485226154132737
tw0	TBR	0.2	5000	11	0.9987244545454544	0.0005989863462343763	0.9739119090909092	0.005739874174190341	0.586814	0.10012764429003973	0.001275545454545557	0.0005989863462343763
tw0	TBR	0.2	6000	11	0.9989092727272727	0.0005056380144460018	0.9739119090909092	0.005739874174190341	0.5869529090909091	0.10014940715382599	0.0010907272727272987	0.0005056380144460018
tw0	TBR	0.2	7000	11	0.9990344545454547	0.0004481711191789493	0.9739119090909092	0.005739874174190341	0.587028	0.10015148310634248	0.0009655454545453024	0.0004481711191789493
tw0	TBR	0.2	8000	11	0.9991397272727273	0.00040332901279474054	0.9739119090909092	0.005739874174190341	0.5869086363636363	0.10019754277102015	0.0008602727272727373	0.00040332901279474054
tw0	TBR	0.2	9000	11	0.9992214545454545	0.0003598535399963938	0.9739119090909092	0.005739874174190341	0.5870280909090909	0.10019306095029777	0.0007785454545454762	0.0003598535399963938
tw0	TBR	0.2	10000	11	0.9992947272727272	0.00032508628479525323	0.9739119090909092	0.005739874174190341	0.5870873636363636	0.10018274625088192	0.0007052727272728321	0.00032508628479525323
tw0	TBR	0.2	20000	11	0.9996331818181818	0.00014982880037391573	0.9739119090909092	0.005739874174190341	0.5872255454545455	0.10019163217222227	0.0003668181818181626	0.00014982880037391573
tw0	TBR	0.2	30000	11	0.9997456363636363	9.498930779324997e-05	0.9739119090909092	0.005739874174190341	0.5873676363636363	0.10021921648350976	0.00025436363636366366	9.498930779324997e-05
tw0	TBR	0.2	40000	11	0.9997977272727273	7.185630748667804e-05	0.9739119090909092	0.005739874174190341	0.5874047272727272	0.10022878659212096	0.00020227272727268986	7.185630748667804e-05
tw0	TBR	0.2	50000	11	0.9998341818181818	5.708507497695384e-05	0.9739119090909092	0.005739874174190341	0.5873959090909092	0.100218560105715	0.00016581818181815589	5.708507497695384e-05
tw0	TBR	0.2	60000	11	0.9998581818181816	4.8598881053677794e-05	0.9739119090909092	0.005739874174190341	0.5874321818181818	0.10021399528797617	0.00014181818181835393	4.8598881053677794e-05
tw0	TBR	0.2	70000	11	0.9998729999999999	4.373702404973905e-05	0.9739119090909092	0.005739874174190341	0.5874639090909092	0.10020911433002622	0.00012700000000009926	4.373702404973905e-05
tw0	TBR	0.2	80000	11	0.9998860909090908	3.9236220405837924e-05	0.9739119090909092	0.005739874174190341	0.5875022727272727	0.10020096797110849	0.00011390909090924772	3.9236220405837924e-05
tw0	TBR	0.2	90000	11	0.999894909090909	3.621010771630144e-05	0.9739119090909092	0.005739874174190341	0.5874852727272727	0.10020049494480289	0.00010509090909105456	3.621010771630144e-05
tw0	TBR	0.2	100000	11	0.9999025454545456	3.4186484207645e-05	0.9739119090909092	0.005739874174190341	0.5874670909090909	0.10020280404482017	9.745454545440069e-05	3.4186484207645e-05
tw0	TBR	0.2	200000	11	0.9999449090909093	1.998383644369397e-05	0.9739119090909092	0.005739874174190341	0.5874379090909091	0.10020025614342642	5.5090909090727e-05	1.998383644369397e-05
tw0	TBR	0.2	300000	11	0.9999608181818181	1.4416416262416572e-05	0.9739119090909092	0.005739874174190341	0.5874516363636363	0.10020050955761134	3.9181818181854844e-05	1.4416416262416572e-05
tw0	TBR	0.2	400000	11	0.9999694545454545	1.1182261632009495e-05	0.9739119090909092	0.005739874174190341	0.5874497272727273	0.10020974042260208	3.054545454550528e-05	1.1182261632009495e-05
tw0	TBR	0.2	500000	11	0.999974909090909	8.915211255804657e-06	0.9739119090909092	0.005739874174190341	0.5874676363636364	0.10020708891837876	2.5090909090974556e-05	8.915211255804657e-06
tw0	TBR	0.2	600000	11	0.9999792727272727	7.293946318178654e-06	0.9739119090909092	0.005739874174190341	0.5874777272727273	0.10020382315280199	2.0727272727283363e-05	7.293946318178654e-06
tw0	TBR	0.2	700000	11	0.999982090909091	6.215017802150366e-06	0.9739119090909092	0.005739874174190341	0.5874795454545455	0.10020532882784987	1.7909090909040692e-05	6.215017802150366e-06
tw0	TBR	0.2	800000	11	0.9999844545454547	5.353611587032693e-06	0.9739119090909092	0.005739874174190341	0.5874856363636364	0.10020080731440992	1.554545454529599e-05	5.353611587032693e-06
tw0	TBR	0.2	900000	11	0.9999859090909091	4.821268308151859e-06	0.9739119090909092	0.005739874174190341	0.5874890909090908	0.10019785136722377	1.4090909090880288e-05	4.821268308151859e-06
tw0	TBR	0.2	1000000	11	0.9999873636363635	4.332273657252926e-06	0.9739119090909092	0.005739874174190341	0.5874984545454546	0.1001953558395129	1.2636363636464587e-05	4.332273657252926e-06
tw0	TBR	0.3	1	11	0.0	0.0	0.0	0.0	0.0	0.0	1.0	0.0
tw0	TBR	0.3	2	11	0.004068363636363637	0.0019320230342722829	0.004032727272727272	0.0019267665051295802	0.0020342727272727274	0.00096599986910322	0.9959316363636364	0.0019320230342722829
tw0	TBR	0.3	3	11	0.04917563636363637	0.011063804969582513	0.04874336363636364	0.011060672467862083	0.017459454545454545	0.003771520923889836	0.9508243636363636	0.011063804969582513
tw0	TBR	0.3	4	11	0.1750429090909091	0.04449979509134734	0.17374163636363638	0.04460870586907952	0.05580254545454546	0.013083014986381553	0.8249570909090909	0.04449979509134734
tw0	TBR	0.3	5	11	0.3436118181818182	0.08012151313210775	0.3416284545454545	0.08034080710260211	0.10842536363636364	0.026394553159617376	0.6563881818181818	0.08012151313210775
tw0	TBR	0.3	6	11	0.45668454545454545	0.08873503139248214	0.4543688181818182	0.08896754048924689	0.1597311818181818	0.03695447546615312	0.5433154545454546	0.08873503139248214
tw0	TBR	0.3	7	11	0.5294190909090909	0.0917949312439472	0.5267714545454546	0.09204688391796112	0.20317236363636362	0.045382055471352975	0.4705809090909091	0.0917949312439472
tw0	TBR	0.3	8	11	0.5843480909090908	0.08934121326276474	0.5815367272727272	0.0896029299614381	0.23967609090909095	0.051848709367027124	0.4156519090909092	0.08934121326276474
tw0	TBR	0.3	9	11	0.6369524545454546	0.0847429558863276	0.6339221818181818	0.08502092746172109	0.27148672727272727	0.056751659577830994	0.36304754545454543	0.0847429558863276
tw0	TBR	0.3	10	11	0.6757732727272727	0.08221193361031662	0.6726635454545454	0.0824947873140384	0.2987482727272727	0.060700238709443896	0.3242267272727273	0.08221193361031662
tw0	TBR	0.3	20	11	0.8478637272727273	0.05391115217771667	0.8435458181818181	0.05411747770004508	0.43388272727272725	0.08014371308242473	0.1521362727272727	0.05391115217771667
tw0	TBR	0.3	30	11	0.891924909090909	0.04134497348111035	0.886885090909091	0.04152430934381681	0.4833077272727273	0.08710186421354241	0.10807509090909095	0.04134497348111035
tw0	TBR	0.3	40	11	0.9177047272727274	0.03266565905854229	0.9118498181818182	0.03289404246000073	0.5090527272727272	0.09047142809690008	0.08229527272727255	0.03266565905854229
tw0	TBR	0.3	50	11	0.9311546363636364	0.02795844079352349	0.9246668181818183	0.028291942599461772	0.5241797272727273	0.09240745702240219	0.06884536363636362	0.02795844079352349
tw0	TBR	0.3	60	11	0.9399971818181818	0.023669922036902824	0.9328540909090909	0.024130521762981402	0.5349963636363637	0.09381317803352796	0.060002818181818185	0.023669922036902824
tw0	TBR	0.3	70	11	0.9473445454545453	0.020742941024648996	0.9397559090909092	0.021246940022872408	0.5416161818181818	0.09495326578986281	0.05265545454545473	0.020742941024648996
tw0	TBR	0.3	80	11	0.9524482727272727	0.01865668749322437	0.9443543636363638	0.019193228592052376	0.547135090909091	0.09569487550214954	0.04755172727272727	0.01865668749322437
tw0	TBR	0.3	90	11	0.9575528181818181	0.016713953815908747	0.9489429090909092	0.017310438074628186	0.5515297272727273	0.09608595038449982	0.042447181818181856	0.016713953815908747
tw0	TBR	0.3	100	11	0.961262	0.014999320059134801	0.9522888181818182	0.015677231547588186	0.5548024545454545	0.09659579850343233	0.03873800000000005	0.014999320059134801
tw0	TBR	0.3	200	11	0.9785329999999999	0.008146148379337435	0.965729909090909	0.009431398307061703	0.5709159090909092	0.09833144974037873	0.021467000000000125	0.008146148379337435
tw0	TBR	0.3	300	11	0.9849792727272728	0.005577532002419757	0.969712909090909	0.00749899636733846	0.5759935454545455	0.09910037505280499	0.015020727272727186	0.005577532002419757
tw0	TBR	0.3	400	11	0.9886773636363636	0.003940410267686091	0.9719058181818183	0.0064936396557333294	0.5788293636363636	0.0992082907131412	0.011322636363636396	0.003940410267686091
tw0	TBR	0.3	500	11	0.9910594545454544	0.003088761385656178	0.973060090909091	0.006058717727306137	0.5810684545454545	0.09939557660071413	0.00894054545454559	0.003088761385656178
tw0	TBR	0.3	600	11	0.9923627272727273	0.0027593609671638557	0.973329	0.0059589228266982526	0.5822728181818182	0.09941356761390252	0.007637272727272659	0.0027593609671638557
tw0	TBR	0.3	700	11	0.9933879090909091	0.0024803791662293233	0.9735612727272727	0.005878065130158071	0.5829496363636363	0.09950449532807987	0.006612090909090873	0.0024803791662293233
tw0	TBR	0.3	800	11	0.9941230000000001	0.0021937982255771506	0.973786909090909	0.005788020236903978	0.5834402727272727	0.09960828672610902	0.00587699999999991	0.0021937982255771506
tw0	TBR	0.3	900	11	0.9947440909090909	0.0020115288642972113	0.9738322727272728	0.005770281004802125	0.5837033636363637	0.09977090406975307	0.005255909090909117	0.0020115288642972113
tw0	TBR	0.3	1000	11	0.9952923636363636	0.0018525669084848808	0.9738474545454546	0.005764411765879638	0.5842249999999999	0.09978537027358451	0.004707636363636358	0.0018525669084848808
tw0	TBR	0.3	2000	11	0.9975346363636363	0.0011165787215070434	0.9739119090909092	0.005739874174190341	0.5859227272727273	0.09991797682300042	0.0024653636363637377	0.0011165787215070434
tw0	TBR	0.3	3000	11	0.9983679090909091	0.0007772539827617562	0.9739119090909092	0.005739874174190341	0.5864821818181819	0.09997838557142948	0.0016320909090908886	0.0007772539827617562
tw0	TBR	0.3	4000	11	0.9987451818181818	0.0006165532465125131	0.9739119090909092	0.005739874174190341	0.5869317272727272	0.09998362978863462	0.0012548181818181625	0.0006165532465125131
tw0	TBR	0.3	5000	11	0.9989570909090909	0.0005004754912634243	0.9739119090909092	0.005739874174190341	0.5870035454545455	0.10002935805991828	0.0010429090909090943	0.0005004754912634243
tw0	TBR	0.3	6000	11	0.9991287272727273	0.0004108962286804281	0.9739119090909092	0.005739874174190341	0.5871373636363637	0.10005227511004369	0.0008712727272727205	0.0004108962286804281
tw0	TBR	0.3	7000	11	0.9992412727272726	0.0003543566793477219	0.9739119090909092	0.005739874174190341	0.5870882727272727	0.10008264384734439	0.0007587272727274108	0.0003543566793477219
tw0	TBR	0.3	8000	11	0.9993246363636363	0.0003090651967915024	0.9739119090909092	0.005739874174190341	0.5870596363636363	0.10010844611395392	0.0006753636363636684	0.0003090651967915024
tw0	TBR	0.3	9000	11	0.9993908181818182	0.0002709278608506803	0.9739119090909092	0.005739874174190341	0.587133	0.10010285234651953	0.0006091818181818143	0.0002709278608506803
tw0	TBR	0.3	10000	11	0.9994479090909091	0.00023924557389448517	0.9739119090909092	0.005739874174190341	0.587219	0.10009125736056161	0.0005520909090909187	0.00023924557389448517
tw0	TBR	0.3	20000	11	0.9997101818181818	0.00011183102660888631	0.9739119090909092	0.005739874174190341	0.5873276363636364	0.10014942564681427	0.0002898181818181689	0.00011183102660888631
tw0	TBR	0.3	30000	11	0.9997941818181818	7.275423363898613e-05	0.9739119090909092	0.005739874174190341	0.5874310909090908	0.1001481043780528	0.0002058181818181959	7.275423363898613e-05
tw0	TBR	0.3	40000	11	0.9998378181818182	5.473835586958618e-05	0.9739119090909092	0.005739874174190341	0.58749	0.10016391210447366	0.00016218181818183908	5.473835586958618e-05
tw0	TBR	0.3	50000	11	0.9998627272727273	4.623105821632906e-05	0.9739119090909092	0.005739874174190341	0.5875174545454545	0.10016171474283371	0.00013727272727270812	4.623105821632906e-05
tw0	TBR	0.3	60000	11	0.9998821818181818	3.969309951062453e-05	0.9739119090909092	0.005739874174190341	0.5875823636363636	0.1001482022970569	0.0001178181818182189	3.969309951062453e-05
tw0	TBR	0.3	70000	11	0.9998954545454545	3.556437534089716e-05	0.9739119090909092	0.005739874174190341	0.5875979090909091	0.10015222505733729	0.00010454545454552377	3.556437534089716e-05
tw0	TBR	0.3	80000	11	0.9999050909090909	3.23206814018714e-05	0.9739119090909092	0.005739874174190341	0.587587	0.10015855767994701	9.490909090914545e-05	3.23206814018714e-05
tw0	TBR	0.3	90000	11	0.9999134545454545	2.992273797522569e-05	0.9739119090909092	0.005739874174190341	0.5875764545454546	0.10016241620536877	8.654545454545026e-05	2.992273797522569e-05
tw0	TBR	0.3	100000	11	0.9999203636363636	2.761727809880542e-05	0.9739119090909092	0.005739874174190341	0.5875716363636363	0.10016241881675551	7.963636363639282e-05	2.761727809880542e-05
tw0	TBR	0.3	200000	11	0.9999545454545454	1.6683886421205422e-05	0.9739119090909092	0.005739874174190341	0.5875140909090909	0.10019090287777035	4.545454545457073e-05	1.6683886421205422e-05
tw0	TBR	0.3	300000	11	0.9999688181818182	1.1127213309408587e-05	0.9739119090909092	0.005739874174190341	0.5875017272727273	0.10018748670985823	3.118181818184684e-05	1.1127213309408587e-05
tw0	TBR	0.3	400000	11	0.9999757272727273	8.555796449929298e-06	0.9739119090909092	0.005739874174190341	0.5875075454545455	0.10019125835950539	2.4272727272678374e-05	8.555796449929298e-06
tw0	TBR	0.3	500000	11	0.9999800909090909	6.983688196536904e-06	0.9739119090909092	0.005739874174190341	0.5875126363636364	0.10018965737987065	1.9909090909098204e-05	6.983688196536904e-06
tw0	TBR	0.3	600000	11	0.9999831818181818	5.830668419222871e-06	0.9739119090909092	0.005739874174190341	0.5875113636363637	0.10019339715218697	1.681818181820116e-05	5.830668419222871e-06
tw0	TBR	0.3	700000	11	0.9999854545454546	4.9897415425203645e-06	0.9739119090909092	0.005739874174190341	0.5875043636363636	0.10019581166897626	1.4545454545378256e-05	4.9897415425203645e-06
tw0	TBR	0.3	800000	11	0.9999870909090909	4.359846839378255e-06	0.9739119090909092	0.005739874174190341	0.5874982727272727	0.10019667636713224	1.2909090909118959e-05	4.359846839378255e-06
tw0	TBR	0.3	900000	11	0.9999885454545455	3.843208026360399e-06	0.9739119090909092	0.005739874174190341	0.5875034545454545	0.10019467265899408	1.1454545454481213e-05	3.843208026360399e-06
tw0	TBR	0.3	1000000	11	0.9999895454545453	3.5223020271179425e-06	0.9739119090909092	0.005739874174190341	0.5875054545454546	0.10019484272196519	1.0454545454674502e-05	3.5223020271179425e-06
tw0	TBR	0.4	1	11	0.0	0.0	0.0	0.0	0.0	0.0	1.0	0.0
tw0	TBR	0.4	2	11	0.0013035454545454546	0.0008847306150218975	0.0012695454545454546	0.0008870792151123245	0.0006519090909090909	0.0004424140893397055	0.9986964545454545	0.0008847306150218975
tw0	TBR	0.4	3	11	0.05871372727272727	0.015240410870798195	0.05847527272727273	0.015230229248015521	0.019983363636363636	0.00501130032530612	0.9412862727272727	0.015240410870798195
tw0	TBR	0.4	4	11	0.21666800000000003	0.038900253062743105	0.21540272727272727	0.0390132325861346	0.06805481818181817	0.012558722992998773	0.7833319999999999	0.038900253062743105
tw0	TBR	0.4	5	11	0.42496509090909096	0.07937547212486126	0.4228866363636363	0.07960255437304792	0.13461518181818183	0.026012838812547994	0.575034909090909	0.07937547212486126
tw0	TBR	0.4	6	11	0.5290315454545454	0.08207108786593194	0.5265049090909091	0.0822658799602025	0.19049172727272728	0.036583672900275886	0.47096845454545455	0.08207108786593194
tw0	TBR	0.4	7	11	0.6084817272727273	0.08573271639600612	0.6058727272727272	0.08587095755663007	0.23783900000000002	0.04512271323624057	0.3915182727272727	0.08573271639600612
tw0	TBR	0.4	8	11	0.6607945454545455	0.08582298258628984	0.6579879090909091	0.08595024503814608	0.276332	0.052078318699819784	0.3392054545454545	0.08582298258628984
tw0	TBR	0.4	9	11	0.6966118181818183	0.08371636510143458	0.6936969090909092	0.0838548417493484	0.30808354545454547	0.05778646099459059	0.3033881818181817	0.08371636510143458
tw0	TBR	0.4	10	11	0.7207761818181818	0.07939780759336532	0.7177167272727272	0.07953633930590137	0.33485000000000004	0.06239376680756151	0.2792238181818182	0.07939780759336532
tw0	TBR	0.4	20	11	0.8612387272727274	0.04929638787856956	0.8571176363636365	0.04928550879006798	0.4580698181818182	0.08183420202167287	0.13876127272727257	0.04929638787856956
tw0	TBR	0.4	30	11	0.9082399999999999	0.034613905867440044	0.9034975454545456	0.03466686872147622	0.5017201818181818	0.08811115813642531	0.09176000000000006	0.034613905867440044
tw0	TBR	0.4	40	11	0.9256516363636365	0.028553833963003584	0.9201646363636364	0.028692466745019494	0.5236846363636364	0.09131417628339014	0.07434836363636355	0.028553833963003584
tw0	TBR	0.4	50	11	0.9387989999999998	0.024282550051800196	0.9324045454545455	0.02450171552114951	0.5362762727272729	0.09299892631570743	0.06120100000000017	0.024282550051800196
tw0	TBR	0.4	60	11	0.9478329090909091	0.020584028341699805	0.9406498181818183	0.020907321767882785	0.5441974545454545	0.09418416963591393	0.052167090909090885	0.020584028341699805
tw0	TBR	0.4	70	11	0.9534000909090907	0.0181457139699983	0.9456011818181818	0.018570745185918915	0.5497768181818182	0.09518850374768988	0.046599909090909275	0.0181457139699983
tw0	TBR	0.4	80	11	0.9583217272727271	0.016075596226517275	0.9499916363636364	0.016609642794184747	0.5544841818181818	0.09566913910564302	0.04167827272727287	0.016075596226517275
tw0	TBR	0.4	90	11	0.9628207272727273	0.014286284716526296	0.9539331818181819	0.014839221595499231	0.557759	0.09629093740090734	0.03717927272727273	0.014286284716526296
tw0	TBR	0.4	100	11	0.9660871818181819	0.012882656623833585	0.956754272727273	0.013542861016444934	0.5606678181818181	0.09677127686756289	0.03391281818181813	0.012882656623833585
tw0	TBR	0.4	200	11	0.9812731818181818	0.006680400941721145	0.9681842727272727	0.00815757812554561	0.5735955454545455	0.09847487911722495	0.018726818181818206	0.006680400941721145
tw0	TBR	0.4	300	11	0.987309909090909	0.004246699442357442	0.9715492727272729	0.0066336298757863855	0.5784571818181817	0.09906405449467515	0.012690090909091012	0.004246699442357442
tw0	TBR	0.4	400	11	0.9900991818181818	0.003476905828772011	0.9726180000000002	0.0062444595297096684	0.5806049090909092	0.09928398956587793	0.009900818181818205	0.003476905828772011
tw0	TBR	0.4	500	11	0.9919115454545455	0.002779851275824389	0.9731960909090911	0.006006178056353988	0.5822501818181819	0.09945738988987085	0.008088454545454482	0.002779851275824389
tw0	TBR	0.4	600	11	0.9932681818181819	0.0024779576811199745	0.9735022727272729	0.005895484928918693	0.5830938181818182	0.09968015533475222	0.006731818181818117	0.0024779576811199745
tw0	TBR	0.4	700	11	0.9943095454545454	0.002144550626222133	0.9736870000000001	0.005822203469165577	0.5834752727272727	0.09978861461045734	0.005690454545454582	0.002144550626222133
tw0	TBR	0.4	800	11	0.9949205454545456	0.0019652085124791897	0.9737433636363637	0.0058019457336196964	0.5842454545454546	0.09975131625190933	0.005079454545454443	0.0019652085124791897
tw0	TBR	0.4	900	11	0.9955325454545453	0.0017438980806522134	0.9737927272727274	0.005782802755649187	0.5845322727272728	0.09984747625126589	0.004467454545454719	0.0017438980806522134
tw0	TBR	0.4	1000	11	0.9959905454545456	0.001588602664228341	0.9738738181818184	0.005752611313479035	0.5848096363636364	0.09986191788266915	0.004009454545454427	0.001588602664228341
tw0	TBR	0.4	2000	11	0.9979531818181818	0.0009370653690032117	0.9739119090909092	0.005739874174190341	0.5860419090909091	0.10004675929933551	0.0020468181818181774	0.0009370653690032117
tw0	TBR	0.4	3000	11	0.9986195454545457	0.0006752023987952428	0.9739119090909092	0.005739874174190341	0.5864149090909091	0.10015567611922539	0.0013804545454543238	0.0006752023987952428
tw0	TBR	0.4	4000	11	0.998960090909091	0.0005058844362202861	0.9739119090909092	0.005739874174190341	0.5867261818181818	0.10017064344487527	0.001039909090909008	0.0005058844362202861
tw0	TBR	0.4	5000	11	0.9991287272727273	0.00040889125228885434	0.9739119090909092	0.005739874174190341	0.5868656363636363	0.10018914922124894	0.0008712727272727205	0.00040889125228885434
tw0	TBR	0.4	6000	11	0.9992582727272729	0.00034841240169215554	0.9739119090909092	0.005739874174190341	0.5870293636363636	0.10017470867242369	0.000741727272727144	0.00034841240169215554
tw0	TBR	0.4	7000	11	0.9993566363636363	0.00029090789772482354	0.9739119090909092	0.005739874174190341	0.5871573636363637	0.10015558923452075	0.0006433636363637474	0.00029090789772482354
tw0	TBR	0.4	8000	11	0.9994328181818181	0.00025292405680834906	0.9739119090909092	0.005739874174190341	0.5871413636363636	0.1001919866309652	0.0005671818181819388	0.00025292405680834906
tw0	TBR	0.4	9000	11	0.9994974545454546	0.00021595358775930435	0.9739119090909092	0.005739874174190341	0.5871389090909092	0.10021034965451918	0.0005025454545454222	0.00021595358775930435
tw0	TBR	0.4	10000	11	0.9995425454545455	0.00019733554090046418	0.9739119090909092	0.005739874174190341	0.5871306363636363	0.1002170545355768	0.0004574545454545387	0.00019733554090046418
tw0	TBR	0.4	20000	11	0.9997523636363636	9.283977132940285e-05	0.9739119090909092	0.005739874174190341	0.5872932727272727	0.10021753657474697	0.0002476363636364498	9.283977132940285e-05
tw0	TBR	0.4	30000	11	0.9998195454545455	6.257379114967024e-05	0.9739119090909092	0.005739874174190341	0.5873398181818182	0.10022521596972747	0.00018045454545445594	6.257379114967024e-05
tw0	TBR	0.4	40000	11	0.9998566363636366	4.882981070230527e-05	0.9739119090909092	0.005739874174190341	0.5873724545454545	0.10022614391604288	0.00014336363636335836	4.882981070230527e-05
tw0	TBR	0.4	50000	11	0.9998784545454545	4.101382552625122e-05	0.9739119090909092	0.005739874174190341	0.5873939090909092	0.10021623044320031	0.00012154545454545751	4.101382552625122e-05
tw0	TBR	0.4	60000	11	0.9998928181818182	3.6455905664940154e-05	0.9739119090909092	0.005739874174190341	0.5874259090909092	0.1002111431322934	0.00010718181818181183	3.6455905664940154e-05
tw0	TBR	0.4	70000	11	0.9999065454545455	3.2251106714309955e-05	0.9739119090909092	0.005739874174190341	0.5874476363636364	0.10021225696184463	9.345454545450771e-05	3.2251106714309955e-05
tw0	TBR	0.4	80000	11	0.9999159999999999	2.946986133786172e-05	0.9739119090909092	0.005739874174190341	0.5874393636363636	0.10020545651993504	8.400000000008401e-05	2.946986133786172e-05
tw0	TBR	0.4	90000	11	0.9999235454545455	2.744162850864618e-05	0.9739119090909092	0.005739874174190341	0.5874521818181819	0.10020137823102382	7.645454545446295e-05	2.744162850864618e-05
tw0	TBR	0.4	100000	11	0.9999300000000001	2.5186576511382814e-05	0.9739119090909092	0.005739874174190341	0.587438	0.10020842354993735	6.999999999990347e-05	2.5186576511382814e-05
tw0	TBR	0.4	200000	11	0.999959818181818	1.4525099393697256e-05	0.9739119090909092	0.005739874174190341	0.5874919090909091	0.100204519000479	4.018181818199462e-05	1.4525099393697256e-05
tw0	TBR	0.4	300000	11	0.9999716363636363	1.0124024287242092e-05	0.9739119090909092	0.005739874174190341	0.5875060909090908	0.10019910658878194	2.8363636363715194e-05	1.0124024287242092e-05
tw0	TBR	0.4	400000	11	0.9999782727272728	7.579986698348479e-06	0.9739119090909092	0.005739874174190341	0.5875073636363637	0.10019831779065796	2.1727272727201097e-05	7.579986698348479e-06
tw0	TBR	0.4	500000	11	0.999982	6.084256882991183e-06	0.9739119090909092	0.005739874174190341	0.5875128181818182	0.10019581949098187	1.799999999996249e-05	6.084256882991183e-06
tw0	TBR	0.4	600000	11	0.9999853636363638	5.045741187596391e-06	0.9739119090909092	0.005739874174190341	0.5875061818181817	0.10019922041085025	1.4636363636189031e-05	5.045741187596391e-06
tw0	TBR	0.4	700000	11	0.9999872727272727	4.342372433023622e-06	0.9739119090909092	0.005739874174190341	0.5875053636363636	0.10019889755111831	1.2727272727275363e-05	4.342372433023622e-06
tw0	TBR	0.4	800000	11	0.9999887272727274	3.7805504868279163e-06	0.9739119090909092	0.005739874174190341	0.5875005454545454	0.10020134200120762	1.1272727272637617e-05	3.7805504868279163e-06
tw0	TBR	0.4	900000	11	0.9999897272727274	3.3685467842966465e-06	0.9739119090909092	0.005739874174190341	0.5875018181818181	0.10020080480967099	1.0272727272608861e-05	3.3685467842966465e-06
tw0	TBR	0.4	1000000	11	0.9999909090909092	3.064324174206691e-06	0.9739119090909092	0.005739874174190341	0.5875022727272728	0.10020047686632044	9.090909090847532e-06	3.064324174206691e-06
tw0	TBR	0.5	1	11	0.0	0.0	0.0	0.0	0.0	0.0	1.0	0.0
tw0	TBR	0.5	2	11	0.0055418181818181825	0.0038868978886374434	0.0054529999999999995	0.0038988960325619447	0.002770909090909091	0.0019434265308963276	0.9944581818181818	0.0038868978886374434
tw0	TBR	0.5	3	11	0.055236909090909087	0.013239931554653176	0.05443118181818182	0.013144322048853145	0.02023590909090909	0.005385188112616352	0.9447630909090909	0.013239931554653176
tw0	TBR	0.5	4	11	0.24554963636363636	0.04993028913363706	0.24398663636363638	0.04996342057168564	0.0752050909090909	0.016390377518229488	0.7544503636363636	0.04993028913363706
tw0	TBR	0.5	5	11	0.4300404545454546	0.07658212893386403	0.42764727272727276	0.07673963831116828	0.14117981818181818	0.028642087232798513	0.5699595454545454	0.07658212893386403
tw0	TBR	0.5	6	11	0.5293558181818182	0.07852152223479511	0.5266163636363635	0.07869696243904356	0.19682272727272732	0.037951877744440074	0.4706441818181818	0.07852152223479511
tw0	TBR	0.5	7	11	0.6095539090909091	0.08206710981712186	0.6066654545454546	0.0821798240645436	0.24281854545454545	0.04576716278896985	0.3904460909090909	0.08206710981712186
tw0	TBR	0.5	8	11	0.6425102727272727	0.07594707855451248	0.6394915454545453	0.07601553510139929	0.2788929090909091	0.05156698657306286	0.3574897272727273	0.07594707855451248
tw0	TBR	0.5	9	11	0.677827	0.0737723658720773	0.6746930000000001	0.07388538696989351	0.308878	0.0563993945359184	0.32217300000000004	0.0737723658720773
tw0	TBR	0.5	10	11	0.7011407272727271	0.07206189758724357	0.6978749999999999	0.07212848599106761	0.33248136363636366	0.06047647902814219	0.29885927272727286	0.07206189758724357
tw0	TBR	0.5	20	11	0.8223225454545454	0.04843797329919868	0.8179144545454545	0.04819270150238022	0.44341336363636363	0.07795390575243491	0.17767745454545458	0.04843797329919868
tw0	TBR	0.5	30	11	0.8704806363636363	0.03224307617747998	0.865198909090909	0.031938863953000336	0.4828199090909091	0.08473754167132283	0.12951936363636374	0.03224307617747998
tw0	TBR	0.5	40	11	0.892118090909091	0.024479454073107008	0.8861186363636364	0.024124377654251704	0.503363090909091	0.08801071364105774	0.107881909090909	0.024479454073107008
tw0	TBR	0.5	50	11	0.9075797272727274	0.02161983423748199	0.9005163636363637	0.021129618915495127	0.515613	0.0896774361993635	0.0924202727272726	0.02161983423748199
tw0	TBR	0.5	60	11	0.9184534545454547	0.018365093090556152	0.9105659090909092	0.017834394398288912	0.524016090909091	0.09079447000625841	0.08154654545454532	0.018365093090556152
tw0	TBR	0.5	70	11	0.9279716363636364	0.016630865819735594	0.9195910909090909	0.016249554828282383	0.5310512727272727	0.09170427118476503	0.07202836363636356	0.016630865819735594
tw0	TBR	0.5	80	11	0.9341626363636363	0.014606576472928361	0.9251150909090907	0.014174748613743023	0.5358755454545455	0.09259867394184663	0.06583736363636372	0.014606576472928361
tw0	TBR	0.5	90	11	0.9396982727272728	0.014032277146306083	0.930090818181818	0.01371156994977611	0.5391989090909091	0.09325188053716318	0.0603017272727272	0.014032277146306083
tw0	TBR	0.5	100	11	0.9467533636363636	0.012709946882281343	0.9367026363636364	0.012563279177661696	0.5433885454545455	0.09361590497174792	0.05324663636363636	0.012709946882281343
tw0	TBR	0.5	200	11	0.9701503636363636	0.006904607697726505	0.9562625454545455	0.007585845210130916	0.56087	0.09593069683588347	0.029849636363636356	0.006904607697726505
tw0	TBR	0.5	300	11	0.9778611818181819	0.005272326669107782	0.9615626363636364	0.006282535920054651	0.5668906363636362	0.09682577665395367	0.022138818181818065	0.005272326669107782
tw0	TBR	0.5	400	11	0.9806106363636363	0.004923600076575023	0.962594909090909	0.006015167982925329	0.5700102727272728	0.09728387262010743	0.019389363636363677	0.004923600076575023
tw0	TBR	0.5	500	11	0.9856040909090907	0.00484289168586205	0.9663890909090909	0.006238790622103479	0.5726731818181818	0.0975803711869273	0.014395909090909265	0.00484289168586205
tw0	TBR	0.5	600	11	0.9885411818181818	0.003989012652543079	0.9683406363636365	0.005841632798320455	0.5745306363636363	0.09771910043442915	0.011458818181818153	0.003989012652543079
tw0	TBR	0.5	700	11	0.9893879090909091	0.003921729962551421	0.9684437272727273	0.005813491421748541	0.5758649999999998	0.09791856921544555	0.010612090909090877	0.003921729962551421
tw0	TBR	0.5	800	11	0.9917946363636362	0.0026159666465510947	0.9702899090909092	0.005460673156063765	0.5770377272727272	0.09808176787651958	0.008205363636363816	0.0026159666465510947
tw0	TBR	0.5	900	11	0.992335818181818	0.0025750224846968245	0.9703246363636364	0.00544969558828369	0.5779863636363637	0.0982147430616173	0.007664181818181959	0.0025750224846968245
tw0	TBR	0.5	1000	11	0.9927075454545455	0.0025431178586481644	0.9703246363636364	0.00544969558828369	0.5786972727272727	0.09832936014862509	0.007292454545454463	0.0025431178586481644
tw0	TBR	0.5	2000	11	0.9944551818181818	0.0023995228799158575	0.9703246363636364	0.00544969558828369	0.581906909090909	0.0989420832985783	0.0055448181818181785	0.0023995228799158575
tw0	TBR	0.5	3000	11	0.9950687272727272	0.0023751003618638056	0.9703246363636364	0.00544969558828369	0.5829709090909091	0.09913164651250876	0.004931272727272784	0.0023751003618638056
tw0	TBR	0.5	4000	11	0.997176090909091	0.0018100175109878483	0.9721149090909091	0.005565954137684748	0.5834566363636363	0.09926728146595595	0.002823909090909016	0.0018100175109878483
tw0	TBR	0.5	5000	11	0.9973795454545457	0.0018014648048116822	0.9721149090909091	0.005565954137684748	0.5839588181818183	0.09933042754672344	0.0026204545454543426	0.0018014648048116822
tw0	TBR	0.5	6000	11	0.9974889090909091	0.0017942919163256926	0.9721149090909091	0.005565954137684748	0.5842065454545454	0.09934316915258613	0.0025110909090908518	0.0017942919163256926
tw0	TBR	0.5	7000	11	0.9975752727272726	0.0017914917049558546	0.9721149090909091	0.005565954137684748	0.5844137272727271	0.0993647912608422	0.002424727272727356	0.0017914917049558546
tw0	TBR	0.5	8000	11	0.9976379090909092	0.0017924240542022025	0.9721149090909091	0.005565954137684748	0.5845533636363636	0.09938760311109526	0.002362090909090786	0.0017924240542022025
tw0	TBR	0.5	9000	11	0.9976865454545454	0.0017939810952872243	0.9721149090909091	0.005565954137684748	0.5847292727272727	0.09938595689917812	0.0023134545454546185	0.0017939810952872243
tw0	TBR	0.5	10000	11	0.9977225454545455	0.001795078921352565	0.9721149090909091	0.005565954137684748	0.5848516363636365	0.09939159571725942	0.0022774545454544715	0.001795078921352565
tw0	TBR	0.5	20000	11	0.9979354545454547	0.0018007961691916157	0.9721149090909091	0.005565954137684748	0.5852551818181818	0.09945760743459937	0.0020645454545452635	0.0018007961691916157
tw0	TBR	0.5	30000	11	0.998011	0.0018061508695666468	0.9721149090909091	0.005565954137684748	0.585397909090909	0.09948946949021605	0.0019890000000000185	0.0018061508695666468
tw0	TBR	0.5	40000	11	0.9980484545454544	0.0018090322443663196	0.9721149090909091	0.005565954137684748	0.5855069999999999	0.09949505854125255	0.0019515454545455668	0.0018090322443663196
tw0	TBR	0.5	50000	11	0.9980697272727272	0.0018105784715534733	0.9721149090909091	0.005565954137684748	0.5855588181818182	0.09949704955934562	0.0019302727272727527	0.0018105784715534733
tw0	TBR	0.5	60000	11	0.9980818181818182	0.0018115129478782598	0.9721149090909091	0.005565954137684748	0.5855987272727273	0.09950404353922608	0.0019181818181818189	0.0018115129478782598
tw0	TBR	0.5	70000	11	0.9980923636363636	0.0018121080806253714	0.9721149090909091	0.005565954137684748	0.5856317272727274	0.09951349764484586	0.0019076363636364446	0.0018121080806253714
tw0	TBR	0.5	80000	11	0.9981020909090909	0.0018128257473024416	0.9721149090909091	0.005565954137684748	0.5856548181818181	0.09951687750014324	0.0018979090909091445	0.0018128257473024416
tw0	TBR	0.5	90000	11	0.9981089090909093	0.0018132781988559504	0.9721149090909091	0.005565954137684748	0.5856377272727273	0.09952137691362328	0.0018910909090906758	0.0018132781988559504
tw0	TBR	0.5	100000	11	0.9981147272727273	0.001813831344725148	0.9721149090909091	0.005565954137684748	0.5856514545454545	0.09952304064471829	0.00188527272727268	0.001813831344725148
tw0	TBR	0.5	200000	11	0.9999617272727274	1.3722636182663887e-05	0.9739119090909092	0.005739874174190341	0.5858349999999999	0.09957567767372622	3.8272727272636864e-05	1.3722636182663887e-05
tw0	TBR	0.5	300000	11	0.9999734545454545	9.287688465107644e-06	0.9739119090909092	0.005739874174190341	0.5863870000000001	0.09977787136243277	2.654545454550128e-05	9.287688465107644e-06
tw0	TBR	0.5	400000	11	0.9999794545454546	6.9874740349055105e-06	0.9739119090909092	0.005739874174190341	0.5866465454545454	0.09988316436584237	2.0545454545439767e-05	6.9874740349055105e-06
tw0	TBR	0.5	500000	11	0.9999834545454545	5.569990429829891e-06	0.9739119090909092	0.005739874174190341	0.5868174545454545	0.09994518865534283	1.654545454554679e-05	5.569990429829891e-06
tw0	TBR	0.5	600000	11	0.999986090909091	4.581493494993905e-06	0.9739119090909092	0.005739874174190341	0.5869338181818182	0.09998660551092178	1.3909090909036692e-05	4.581493494993905e-06
tw0	TBR	0.5	700000	11	0.9999877272727274	4.043155628719084e-06	0.9739119090909092	0.005739874174190341	0.5870237272727272	0.10001567220091886	1.227272727255535e-05	4.043155628719084e-06
tw0	TBR	0.5	800000	11	0.9999892727272729	3.542189638913936e-06	0.9739119090909092	0.005739874174190341	0.5870873636363636	0.10003896335249243	1.0727272727106829e-05	3.542189638913936e-06
tw0	TBR	0.5	900000	11	0.9999901818181819	3.1960719693164024e-06	0.9739119090909092	0.005739874174190341	0.5871307272727272	0.10005582279971979	9.818181818110894e-06	3.1960719693164024e-06
tw0	TBR	0.5	1000000	11	0.9999910000000001	2.898275349235563e-06	0.9739119090909092	0.005739874174190341	0.587169090909091	0.10007157670609886	8.999999999925734e-06	2.898275349235563e-06
tw0	rTBR	0.0	1	11	0.0	0.0	0.0	0.0	0.0	0.0	1.0	0.0
tw0	rTBR	0.0	2	11	0.0	0.0	0.0	0.0	0.0	0.0	1.0	0.0
tw0	rTBR	0.0	3	11	0.0	0.0	0.0	0.0	0.0	0.0	1.0	0.0
tw0	rTBR	0.0	4	11	0.0	0.0	0.0	0.0	0.0	0.0	1.0	0.0
tw0	rTBR	0.0	5	11	0.0	0.0	0.0	0.0	0.0	0.0	1.0	0.0
tw0	rTBR	0.0	6	11	0.0	0.0	0.0	0.0	0.0	0.0	1.0	0.0
tw0	rTBR	0.0	7	11	0.0	0.0	0.0	0.0	0.0	0.0	1.0	0.0
tw0	rTBR	0.0	8	11	0.0	0.0	0.0	0.0	0.0	0.0	1.0	0.0
tw0	rTBR	0.0	9	11	0.0	0.0	0.0	0.0	0.0	0.0	1.0	0.0
tw0	rTBR	0.0	10	11	0.0	0.0	0.0	0.0	0.0	0.0	1.0	0.0
tw0	rTBR	0.0	20	11	8.618181818181817e-05	6.782743051729522e-05	4.990909090909091e-05	3.653701847453161e-05	1.1181818181818183e-05	9.77642636123723e-06	0.9999138181818182	6.782743051729522e-05
tw0	rTBR	0.0	30	11	0.003675363636363636	0.001886193161190633	0.003557909090909091	0.0018761348587626808	0.0008794545454545455	0.0005888894534883029	0.9963246363636363	0.001886193161190633
tw0	rTBR	0.0	40	11	0.00748790909090909	0.0022707617402518776	0.007300181818181818	0.0022756233264683646	0.0020570000000000002	0.0008635473456515387	0.9925120909090909	0.0022707617402518776
tw0	rTBR	0.0	50	11	0.018257181818181818	0.004810810732692062	0.01797527272727273	0.004838640615054283	0.004472272727272727	0.0012802812552568218	0.9817428181818182	0.004810810732692062
tw0	rTBR	0.0	60	11	0.04361136363636364	0.007073935106845961	0.043191	0.007078647998799564	0.008711454545454545	0.001959367297525293	0.9563886363636364	0.007073935106845961
tw0	rTBR	0.0	70	11	0.06535227272727273	0.010871206607858385	0.06470872727272726	0.010882012450153201	0.014766272727272729	0.0026838665665616535	0.9346477272727273	0.010871206607858385
tw0	rTBR	0.0	80	11	0.08811972727272727	0.011506871601621282	0.08730281818181819	0.011480210046239796	0.021554454545454547	0.0036675786547025477	0.9118802727272728	0.011506871601621282
tw0	rTBR	0.0	90	11	0.11549918181818185	0.014198835649970602	0.11446981818181817	0.014204209740149179	0.029008545454545454	0.004844350500350685	0.8845008181818181	0.014198835649970602
tw0	rTBR	0.0	100	11	0.15277745454545455	0.017995244191105625	0.15147945454545456	0.018056035704723448	0.03765609090909091	0.006117652161728453	0.8472225454545455	0.017995244191105625
tw0	rTBR	0.0	200	11	0.5079921818181818	0.03803362307480967	0.5048149090909092	0.03816843557907135	0.1525399090909091	0.021909538359708474	0.49200781818181816	0.03803362307480967
tw0	rTBR	0.0	300	11	0.7389249090909092	0.04384670849747801	0.7348827272727274	0.04400242650583776	0.2575958181818182	0.0372642284615294	0.26107509090909076	0.04384670849747801
tw0	rTBR	0.0	400	11	0.843438	0.040146401324742335	0.838965090909091	0.040436769788141744	0.3303011818181818	0.050073989811408655	0.15656199999999998	0.040146401324742335
tw0	rTBR	0.0	500	11	0.8947515454545456	0.031455829709541965	0.8896173636363638	0.03175271068579607	0.3778877272727273	0.05915997192037733	0.1052484545454544	0.031455829709541965
tw0	rTBR	0.0	600	11	0.9181171818181819	0.026236050287834586	0.9124834545454547	0.026627174251253386	0.41194409090909095	0.06575478830617647	0.08188281818181808	0.026236050287834586
tw0	rTBR	0.0	700	11	0.9333878181818183	0.023900830033824875	0.9272747272727273	0.024410274741700256	0.43566581818181827	0.07078856862578593	0.06661218181818174	0.023900830033824875
tw0	rTBR	0.0	800	11	0.9435711818181818	0.02150717950013994	0.9369407272727273	0.022072348759597144	0.4541633636363636	0.07437267050130625	0.05642881818181822	0.02150717950013994
tw0	rTBR	0.0	900	11	0.9502270909090911	0.01837487923396532	0.9431370000000001	0.018991165030087024	0.4691659090909091	0.07720402825376578	0.04977290909090892	0.01837487923396532
tw0	rTBR	0.0	1000	11	0.953709	0.016797382114213787	0.9463017272727273	0.01746596489596574	0.48164072727272733	0.07923521882747607	0.04629099999999997	0.016797382114213787
tw0	rTBR	0.0	2000	11	0.974552090909091	0.008455034951225585	0.9637424545454546	0.009913397511690604	0.5355394545454545	0.08968605040101767	0.025447909090908993	0.008455034951225585
tw0	rTBR	0.0	3000	11	0.9829956363636363	0.005057874187429711	0.9699402727272729	0.007265811455766235	0.5525492727272727	0.09328200637442365	0.017004363636363706	0.005057874187429711
tw0	rTBR	0.0	4000	11	0.9870516363636365	0.003579235012916303	0.9723426363636364	0.006324291315342963	0.5612028181818182	0.09499047682046086	0.012948363636363536	0.003579235012916303
tw0	rTBR	0.0	5000	11	0.9894929090909091	0.002989663399887703	0.9732748181818182	0.005984689342310677	0.5656145454545455	0.09592789462027893	0.010507090909090855	0.002989663399887703
tw0	rTBR	0.0	6000	11	0.9908462727272727	0.0025512575013150874	0.9736250000000001	0.005853762657859088	0.5699726363636363	0.0965318025188188	0.009153727272727341	0.0025512575013150874
tw0	rTBR	0.0	7000	11	0.991747090909091	0.002312372246906724	0.973751	0.005802275351493196	0.5723742727272728	0.09709135673338243	0.008252909090909033	0.002312372246906724
tw0	rTBR	0.0	8000	11	0.9923867272727273	0.0021189879449264883	0.9738109090909092	0.005778597572004266	0.5735342727272728	0.09737311367575108	0.007613272727272746	0.0021189879449264883
tw0	rTBR	0.0	9000	11	0.9931084545454546	0.0019685872939456633	0.9738316363636365	0.005770527762649112	0.5749569090909092	0.09768169769990456	0.0068915454545454	0.0019685872939456633
tw0	rTBR	0.0	10000	11	0.9936381818181819	0.0018453319672680805	0.9738459090909092	0.005765007678705836	0.5763524545454546	0.09795668096769415	0.006361818181818135	0.0018453319672680805
tw0	rTBR	0.0	20000	11	0.996682090909091	0.0010440736429490115	0.9739119090909092	0.005739874174190341	0.5815671818181818	0.09891419559605627	0.0033179090909090103	0.0010440736429490115
tw0	rTBR	0.0	30000	11	0.9977284545454544	0.0007992937833275771	0.9739119090909092	0.005739874174190341	0.5832801818181819	0.09928106140849166	0.002271545454545554	0.0007992937833275771
tw0	rTBR	0.0	40000	11	0.9983675454545454	0.0006132021224483888	0.9739119090909092	0.005739874174190341	0.5843654545454545	0.09949012810894298	0.0016324545454545758	0.0006132021224483888
tw0	rTBR	0.0	50000	11	0.9986924545454545	0.0004946895328226572	0.9739119090909092	0.005739874174190341	0.5851677272727273	0.099608878471759	0.0013075454545454779	0.0004946895328226572
tw0	rTBR	0.0	60000	11	0.9988968181818183	0.0004068557890184849	0.9739119090909092	0.005739874174190341	0.5856672727272728	0.0997611408809782	0.0011031818181816977	0.0004068557890184849
tw0	rTBR	0.0	70000	11	0.9990481818181819	0.0003374458830196972	0.9739119090909092	0.005739874174190341	0.5857645454545454	0.09989146897129392	0.0009518181818181093	0.0003374458830196972
tw0	rTBR	0.0	80000	11	0.9991674545454544	0.00029040483854084545	0.9739119090909092	0.005739874174190341	0.5859681818181819	0.09993703307563383	0.0008325454545455857	0.00029040483854084545
tw0	rTBR	0.0	90000	11	0.9992705454545455	0.00025208766020920926	0.9739119090909092	0.005739874174190341	0.5860887272727274	0.09992548471764447	0.0007294545454544776	0.00025208766020920926
tw0	rTBR	0.0	100000	11	0.9993472727272728	0.00022497984115386695	0.9739119090909092	0.005739874174190341	0.5861984545454545	0.09995533342742861	0.0006527272727272493	0.00022497984115386695
tw0	rTBR	0.0	200000	11	0.9996465454545455	0.00010421013418144857	0.9739119090909092	0.005739874174190341	0.5867463636363636	0.10012128327495179	0.0003534545454545457	0.00010421013418144857
tw0	rTBR	0.0	300000	11	0.9997578181818181	6.864650135848158e-05	0.9739119090909092	0.005739874174190341	0.5868043636363635	0.10021464346448601	0.00024218181818191908	6.864650135848158e-05
tw0	rTBR	0.0	400000	11	0.9998100000000001	5.248601545347695e-05	0.9739119090909092	0.005739874174190341	0.5869086363636364	0.10025190582910928	0.00018999999999991246	5.248601545347695e-05
tw0	rTBR	0.0	500000	11	0.9998407272727273	4.259259237965994e-05	0.9739119090909092	0.005739874174190341	0.5869332727272727	0.10027291072886045	0.0001592727272726746	4.259259237965994e-05
tw0	rTBR	0.0	600000	11	0.9998610909090907	3.638317656816595e-05	0.9739119090909092	0.005739874174190341	0.5869303636363635	0.10028749626823083	0.00013890909090930048	3.638317656816595e-05
tw0	rTBR	0.0	700000	11	0.9998740909090909	3.2709869109949124e-05	0.9739119090909092	0.005739874174190341	0.5869819090909091	0.10029714075544403	0.0001259090909091487	3.2709869109949124e-05
tw0	rTBR	0.0	800000	11	0.9998844545454545	2.9992836610329282e-05	0.9739119090909092	0.005739874174190341	0.5870164545454546	0.10031399097256065	0.00011554545454550702	2.9992836610329282e-05
tw0	rTBR	0.0	900000	11	0.999892909090909	2.805625988987622e-05	0.9739119090909092	0.005739874174190341	0.5870292727272728	0.10032613967203442	0.00010709090909100105	2.805625988987622e-05
tw0	rTBR	0.0	1000000	11	0.9999022727272725	2.56394904605074e-05	0.9739119090909092	0.005739874174190341	0.587057909090909	0.10032298845641734	9.772727272749915e-05	2.56394904605074e-05
tw0	rTBR	0.02	1	11	0.0	0.0	0.0	0.0	0.0	0.0	1.0	0.0
tw0	rTBR	0.02	2	11	0.0	0.0	0.0	0.0	0.0	0.0	1.0	0.0
tw0	rTBR	0.02	3	11	0.0	0.0	0.0	0.0	0.0	0.0	1.0	0.0
tw0	rTBR	0.02	4	11	0.00011681818181818181	0.00011681818181818179	0.00011681818181818181	0.00011681818181818179	2.9181818181818182e-05	2.9181818181818185e-05	0.9998831818181818	0.00011681818181818179
tw0	rTBR	0.02	5	11	0.0001332727272727273	0.0001158278574522704	0.00011681818181818181	0.00011681818181818179	5e-05	4.645564844803345e-05	0.9998667272727273	0.0001158278574522704
tw0	rTBR	0.02	6	11	0.0006255454545454546	0.000488593907669314	0.0006043636363636363	0.0004898532669488853	0.00014590909090909094	9.490573835945706e-05	0.9993744545454546	0.000488593907669314
tw0	rTBR	0.02	7	11	0.0015149090909090908	0.0009570465121645244	0.0014924545454545455	0.0009598519238416306	0.00034145454545454545	0.00018034121011603448	0.9984850909090909	0.0009570465121645244
tw0	rTBR	0.02	8	11	0.0019092727272727273	0.0009771741641628876	0.0018812727272727273	0.0009779757674159891	0.0005368181818181818	0.00026696567086703795	0.9980907272727273	0.0009771741641628876
tw0	rTBR	0.02	9	11	0.003494363636363636	0.0017594081766978934	0.003465272727272727	0.0017572149353239689	0.0008089090909090909	0.00038402524667350267	0.9965056363636363	0.0017594081766978934
tw0	rTBR	0.02	10	11	0.0044607272727272725	0.002325319133878222	0.004422090909090909	0.0023222687709712024	0.0011159090909090908	0.0005329469094238775	0.9955392727272727	0.002325319133878222
tw0	rTBR	0.02	20	11	0.052769454545454536	0.016495936799634042	0.052216818181818184	0.016502319052907898	0.010408636363636363	0.0030373206382441962	0.9472305454545454	0.016495936799634042
tw0	rTBR	0.02	30	11	0.13088245454545455	0.03206938314324786	0.12951681818181818	0.03216499528703332	0.035119363636363636	0.010306321362306753	0.8691175454545454	0.03206938314324786
tw0	rTBR	0.02	40	11	0.22788509090909093	0.04691610789899438	0.22578427272727275	0.04709592391879885	0.06740945454545455	0.017647654313541164	0.7721149090909091	0.04691610789899438
tw0	rTBR	0.02	50	11	0.33625327272727273	0.059899511523291454	0.33360263636363635	0.060097813637628617	0.1027489090909091	0.025009653528353094	0.6637467272727273	0.059899511523291454
tw0	rTBR	0.02	60	11	0.43278536363636366	0.060127429549442245	0.42957781818181817	0.06036023399554292	0.13856436363636362	0.03129559394264855	0.5672146363636363	0.060127429549442245
tw0	rTBR	0.02	70	11	0.5088983636363635	0.06482702924542183	0.5053156363636363	0.0650489570026471	0.17219427272727275	0.036535230762820725	0.49110163636363646	0.06482702924542183
tw0	rTBR	0.02	80	11	0.5718535454545454	0.06711004223435954	0.567708	0.06730935064812858	0.20246390909090906	0.041048363367098516	0.42814645454545464	0.06711004223435954
tw0	rTBR	0.02	90	11	0.6388594545454546	0.0648076195703117	0.6344272727272727	0.06498228520228219	0.2304121818181818	0.044893470015302625	0.36114054545454544	0.0648076195703117
tw0	rTBR	0.02	100	11	0.6873299999999999	0.06382272022392824	0.682721	0.06396124330078191	0.25624345454545455	0.04850347684807829	0.3126700000000001	0.06382272022392824
tw0	rTBR	0.02	200	11	0.8958095454545455	0.03646744630921807	0.8897371818181817	0.036612255638793015	0.40475836363636364	0.06962799240068906	0.1041904545454545	0.03646744630921807
tw0	rTBR	0.02	300	11	0.9339678181818183	0.02470436907837013	0.9268679090909092	0.0249880531598073	0.463528	0.07890570590290896	0.06603218181818171	0.02470436907837013
tw0	rTBR	0.02	400	11	0.9535491818181818	0.01829360340358354	0.9453665454545455	0.018813061483188964	0.49330636363636365	0.08423721252211441	0.046450818181818176	0.01829360340358354
tw0	rTBR	0.02	500	11	0.963323909090909	0.01476992998349536	0.9539552727272728	0.01550666914066385	0.5113886363636364	0.08748283736121384	0.036676090909090964	0.01476992998349536
tw0	rTBR	0.02	600	11	0.9681334545454546	0.012849362885771726	0.958018090909091	0.01373869285396312	0.5246313636363636	0.08987541071609507	0.03186654545454537	0.012849362885771726
tw0	rTBR	0.02	700	11	0.9731015454545454	0.010370547771421667	0.9621839090909092	0.011458434242913542	0.5322594545454545	0.09130118048150147	0.026898454545454586	0.010370547771421667
tw0	rTBR	0.02	800	11	0.9757317272727274	0.009309845173100757	0.964198090909091	0.010536133214673947	0.5391375454545454	0.0925850996432583	0.02426827272727261	0.009309845173100757
tw0	rTBR	0.02	900	11	0.9779693636363637	0.008255736862958584	0.9660003636363638	0.009629461168983382	0.5449713636363636	0.09347089103587984	0.022030636363636336	0.008255736862958584
tw0	rTBR	0.02	1000	11	0.9795050909090908	0.00761815265182093	0.9670136363636364	0.009080049930051676	0.5493466363636363	0.09411021475533815	0.02049490909090923	0.00761815265182093
tw0	rTBR	0.02	2000	11	0.9883919090909091	0.003980016280127845	0.972190272727273	0.006469116861310308	0.5677158181818182	0.09739993376503424	0.011608090909090873	0.003980016280127845
tw0	rTBR	0.02	3000	11	0.9916221818181817	0.0026943910386990023	0.9735203636363636	0.005885395238558721	0.5738755454545454	0.09851003847013984	0.008377818181818264	0.0026943910386990023
tw0	rTBR	0.02	4000	11	0.9934067272727272	0.0021600370581455306	0.9738188181818181	0.005775510856300046	0.5766170909090907	0.09892156365051459	0.006593272727272836	0.0021600370581455306
tw0	rTBR	0.02	5000	11	0.9943598181818181	0.0018726538913248778	0.9738636363636364	0.005758193413456767	0.5787978181818182	0.09916560788048337	0.005640181818181933	0.0018726538913248778
tw0	rTBR	0.02	6000	11	0.9949946363636364	0.0016625406421428828	0.9738892727272728	0.005748421345490368	0.5802682727272728	0.09939447931990177	0.005005363636363613	0.0016625406421428828
tw0	rTBR	0.02	7000	11	0.9956126363636362	0.0014793042115850245	0.9739119090909092	0.005739874174190341	0.5812967272727273	0.09954206087516163	0.004387363636363828	0.0014793042115850245
tw0	rTBR	0.02	8000	11	0.9961008181818181	0.001351527666404888	0.9739119090909092	0.005739874174190341	0.5821715454545454	0.09961753220103775	0.0038991818181819404	0.001351527666404888
tw0	rTBR	0.02	9000	11	0.9965677272727274	0.001212446932978614	0.9739119090909092	0.005739874174190341	0.582872909090909	0.09968383000480292	0.003432272727272645	0.001212446932978614
tw0	rTBR	0.02	10000	11	0.9968827272727271	0.0011047468002044582	0.9739119090909092	0.005739874174190341	0.583186	0.09968643213214305	0.003117272727272913	0.0011047468002044582
tw0	rTBR	0.02	20000	11	0.9985631818181819	0.0005673758865991897	0.9739119090909092	0.005739874174190341	0.5850300909090909	0.10002607297304171	0.001436818181818067	0.0005673758865991897
tw0	rTBR	0.02	30000	11	0.9990083636363637	0.00039764180484284483	0.9739119090909092	0.005739874174190341	0.5860046363636364	0.10010700904552748	0.0009916363636363057	0.00039764180484284483
tw0	rTBR	0.02	40000	11	0.9992477272727275	0.00028775867701660455	0.9739119090909092	0.005739874174190341	0.586537090909091	0.1002044252508073	0.0007522727272725183	0.00028775867701660455
tw0	rTBR	0.02	50000	11	0.9993901818181818	0.00023103045128616026	0.9739119090909092	0.005739874174190341	0.5866551818181819	0.10021738382661582	0.0006098181818181558	0.00023103045128616026
tw0	rTBR	0.02	60000	11	0.9994899090909091	0.000188017574350013	0.9739119090909092	0.005739874174190341	0.5867466363636363	0.1001928531095972	0.0005100909090909322	0.000188017574350013
tw0	rTBR	0.02	70000	11	0.9995535454545453	0.0001589478109681613	0.9739119090909092	0.005739874174190341	0.586836090909091	0.10022062242522332	0.00044645454545466645	0.0001589478109681613
tw0	rTBR	0.02	80000	11	0.9996072727272728	0.00013676476758615162	0.9739119090909092	0.005739874174190341	0.5868796363636363	0.10024048130999523	0.0003927272727272113	0.00013676476758615162
tw0	rTBR	0.02	90000	11	0.9996442727272726	0.00012028602963611403	0.9739119090909092	0.005739874174190341	0.586934	0.1002650970254718	0.0003557272727273686	0.00012028602963611403
tw0	rTBR	0.02	100000	11	0.9996736363636363	0.00010894871793874199	0.9739119090909092	0.005739874174190341	0.5869092727272729	0.1002783715815938	0.00032636363636373567	0.00010894871793874199
tw0	rTBR	0.02	200000	11	0.9998245454545454	5.397379223228786e-05	0.9739119090909092	0.005739874174190341	0.5869731818181818	0.10031881035649372	0.00017545454545464523	5.397379223228786e-05
tw0	rTBR	0.02	300000	11	0.9998774545454545	3.67862038458526e-05	0.9739119090909092	0.005739874174190341	0.5869839090909091	0.10033028961163085	0.00012254545454548627	3.67862038458526e-05
tw0	rTBR	0.02	400000	11	0.9999012727272728	3.0011540480010114e-05	0.9739119090909092	0.005739874174190341	0.5870792727272728	0.10032245829379753	9.872727272719484e-05	3.0011540480010114e-05
tw0	rTBR	0.02	500000	11	0.9999169090909091	2.6005053545751667e-05	0.9739119090909092	0.005739874174190341	0.5871397272727272	0.10032307965061414	8.309090909086603e-05	2.6005053545751667e-05
tw0	rTBR	0.02	600000	11	0.9999268181818182	2.337085137976452e-05	0.9739119090909092	0.005739874174190341	0.5871686363636364	0.1003205345478611	7.318181818183334e-05	2.337085137976452e-05
tw0	rTBR	0.02	700000	11	0.9999364545454547	2.07917656936855e-05	0.9739119090909092	0.005739874174190341	0.58716	0.10031472302236867	6.3545454545344e-05	2.07917656936855e-05
tw0	rTBR	0.02	800000	11	0.9999420909090908	1.9174535455056697e-05	0.9739119090909092	0.005739874174190341	0.5871818181818181	0.10031449815979364	5.790909090919172e-05	1.9174535455056697e-05
tw0	rTBR	0.02	900000	11	0.9999471818181818	1.7356066888879473e-05	0.9739119090909092	0.005739874174190341	0.5871601818181817	0.10031056269006117	5.2818181818237164e-05	1.7356066888879473e-05
tw0	rTBR	0.02	1000000	11	0.9999520909090909	1.5970116721530527e-05	0.9739119090909092	0.005739874174190341	0.5871308181818181	0.10031547496444479	4.7909090909126206e-05	1.5970116721530527e-05
tw0	rTBR	0.05	1	11	0.0	0.0	0.0	0.0	0.0	0.0	1.0	0.0
tw0	rTBR	0.05	2	11	0.0	0.0	0.0	0.0	0.0	0.0	1.0	0.0
tw0	rTBR	0.05	3	11	2.9999999999999997e-06	2.9014103153779915e-06	0.0	0.0	1e-06	1e-06	0.999997	2.9014103153779915e-06
tw0	rTBR	0.05	4	11	0.0018050000000000002	0.0017962082891975024	0.001797	0.0017970000000000002	0.0004520000000000001	0.00044900366469449997	0.998195	0.0017962082891975024
tw0	rTBR	0.05	5	11	0.002697363636363636	0.0019058340205929758	0.0026891818181818184	0.0019069802392940132	0.0009009999999999998	0.0007207547433073195	0.9973026363636364	0.0019058340205929758
tw0	rTBR	0.05	6	11	0.005052363636363636	0.0021770135226235852	0.005016909090909092	0.0021734330508313983	0.0015924545454545456	0.0009007426568583823	0.9949476363636364	0.0021770135226235852
tw0	rTBR	0.05	7	11	0.008593545454545454	0.003050279609727715	0.008527909090909091	0.0030532658445270324	0.0025854545454545457	0.0010923833356775979	0.9914064545454545	0.003050279609727715
tw0	rTBR	0.05	8	11	0.012272363636363635	0.002983266541813543	0.012185272727272727	0.0030023880982581156	0.0037896363636363635	0.0012036426173965523	0.9877276363636364	0.002983266541813543
tw0	rTBR	0.05	9	11	0.017531545454545452	0.0038065452300517525	0.01739790909090909	0.0038243421120609292	0.005272363636363637	0.001310194484333093	0.9824684545454545	0.0038065452300517525
tw0	rTBR	0.05	10	11	0.028614727272727278	0.004384833690410844	0.02835372727272727	0.004373036328333624	0.007554272727272726	0.0014897768782966925	0.9713852727272727	0.004384833690410844
tw0	rTBR	0.05	20	11	0.19779963636363637	0.0420335525205266	0.19601427272727268	0.04202935117966337	0.05682072727272727	0.013481716187010741	0.8022003636363636	0.0420335525205266
tw0	rTBR	0.05	30	11	0.3810469090909091	0.06428008154736221	0.37823990909090904	0.06435553647277888	0.12221818181818184	0.026482929869778446	0.6189530909090909	0.06428008154736221
tw0	rTBR	0.05	40	11	0.525043	0.06818441628314147	0.5216699090909092	0.06836514343800627	0.18561300000000003	0.03797651061092657	0.47495699999999996	0.06818441628314147
tw0	rTBR	0.05	50	11	0.6315316363636364	0.07350478444777626	0.6275556363636363	0.07373947032507855	0.2422330909090909	0.047012329396263805	0.3684683636363636	0.07350478444777626
tw0	rTBR	0.05	60	11	0.7053547272727273	0.06954676017969898	0.700979	0.06976484752639985	0.2870315454545454	0.05384617828413277	0.2946452727272727	0.06954676017969898
tw0	rTBR	0.05	70	11	0.7610767272727273	0.06382978315547046	0.7565182727272728	0.06408069491580566	0.32259872727272726	0.05893506379877169	0.23892327272727265	0.06382978315547046
tw0	rTBR	0.05	80	11	0.7946979090909092	0.057162513877612696	0.7898825454545455	0.057497557036066335	0.35129218181818184	0.06293555646356448	0.2053020909090908	0.057162513877612696
tw0	rTBR	0.05	90	11	0.8246379090909091	0.05205078814379359	0.8195899999999999	0.05246450356661072	0.3748477272727273	0.0661628598182464	0.17536209090909094	0.05205078814379359
tw0	rTBR	0.05	100	11	0.8492974545454545	0.048560331136425945	0.844164090909091	0.04900296670025649	0.3938936363636364	0.06902583347075378	0.15070254545454553	0.048560331136425945
tw0	rTBR	0.05	200	11	0.9370677272727271	0.024510200522191092	0.9296014545454546	0.02504047724543881	0.4859913636363636	0.0837976980030177	0.06293227272727286	0.024510200522191092
tw0	rTBR	0.05	300	11	0.9569184545454547	0.016865959005352996	0.9480973636363637	0.01772171388349883	0.5189250000000001	0.08900813053250198	0.043081545454545345	0.016865959005352996
tw0	rTBR	0.05	400	11	0.9664926363636365	0.0126757857911508	0.956205	0.013764300589832848	0.5362481818181819	0.09145777132105766	0.03350736363636353	0.0126757857911508
tw0	rTBR	0.05	500	11	0.9727268181818182	0.01034214691077085	0.9613096363636365	0.011511242002552213	0.5460292727272728	0.09313630769792013	0.027273181818181835	0.01034214691077085
tw0	rTBR	0.05	600	11	0.9767699999999998	0.008616783700746729	0.9642257272727274	0.01009131772194738	0.5530754545454546	0.09450825526725777	0.023230000000000195	0.008616783700746729
tw0	rTBR	0.05	700	11	0.979981	0.007429219372915913	0.9666394545454544	0.009089553581760909	0.5583775454545455	0.09532884868613904	0.02001900000000001	0.007429219372915913
tw0	rTBR	0.05	800	11	0.9825715454545455	0.006196357888254908	0.9685186363636362	0.008093801570307008	0.5616536363636363	0.09592319691335191	0.017428454545454497	0.006196357888254908
tw0	rTBR	0.05	900	11	0.9845680909090909	0.005177681607287793	0.9699834545454546	0.007336901565949336	0.5643267272727273	0.09621370448850648	0.01543190909090908	0.005177681607287793
tw0	rTBR	0.05	1000	11	0.9866181818181818	0.004402612657828992	0.9713796363636363	0.006773993908890531	0.5667866363636364	0.0966384832308982	0.013381818181818161	0.004402612657828992
tw0	rTBR	0.05	2000	11	0.9924947272727273	0.0024861056625351302	0.9735749090909092	0.005872336772691165	0.5769219090909091	0.09842621065018059	0.007505272727272749	0.0024861056625351302
tw0	rTBR	0.05	3000	11	0.9945781818181818	0.0018139906826370985	0.9738390909090909	0.005767640914390858	0.5798196363636364	0.09893309424181326	0.005421818181818194	0.0018139906826370985
tw0	rTBR	0.05	4000	11	0.9956477272727273	0.001486657826321165	0.9739006363636363	0.005744121036127809	0.581998	0.0993436882246312	0.004352272727272677	0.001486657826321165
tw0	rTBR	0.05	5000	11	0.9963673636363637	0.0012844039457537422	0.9739119090909092	0.005739874174190341	0.58313	0.09950021797052416	0.00363263636363631	0.0012844039457537422
tw0	rTBR	0.05	6000	11	0.9969476363636364	0.0011123661780410193	0.9739119090909092	0.005739874174190341	0.5835430909090911	0.09962904047756856	0.003052363636363631	0.0011123661780410193
tw0	rTBR	0.05	7000	11	0.9973753636363636	0.0009768761089469851	0.9739119090909092	0.005739874174190341	0.58399	0.09971758638711993	0.0026246363636364123	0.0009768761089469851
tw0	rTBR	0.05	8000	11	0.9976986363636363	0.0008626633839740629	0.9739119090909092	0.005739874174190341	0.5842402727272727	0.0997689482643036	0.0023013636363636847	0.0008626633839740629
tw0	rTBR	0.05	9000	11	0.997966909090909	0.0007658166342900694	0.9739119090909092	0.005739874174190341	0.5844269999999999	0.0998642350298189	0.0020330909090909843	0.0007658166342900694
tw0	rTBR	0.05	10000	11	0.998206	0.0007018572633960679	0.9739119090909092	0.005739874174190341	0.5845491818181818	0.09993476435681048	0.0017939999999999623	0.0007018572633960679
tw0	rTBR	0.05	20000	11	0.9990960909090908	0.00035222075863003573	0.9739119090909092	0.005739874174190341	0.5860556363636363	0.10015912248392761	0.0009039090909092051	0.00035222075863003573
tw0	rTBR	0.05	30000	11	0.9993749090909091	0.00023531033491754625	0.9739119090909092	0.005739874174190341	0.5866129999999999	0.100204843359445	0.0006250909090909085	0.00023531033491754625
tw0	rTBR	0.05	40000	11	0.999515090909091	0.00017653871347490156	0.9739119090909092	0.005739874174190341	0.5866908181818182	0.10027832615437879	0.0004849090909090359	0.00017653871347490156
tw0	rTBR	0.05	50000	11	0.999606	0.00014418901736010207	0.9739119090909092	0.005739874174190341	0.586855	0.10031048260050121	0.00039400000000000546	0.00014418901736010207
tw0	rTBR	0.05	60000	11	0.9996659090909091	0.00011936159383421688	0.9739119090909092	0.005739874174190341	0.586949090909091	0.10032070879003764	0.00033409090909086725	0.00011936159383421688
tw0	rTBR	0.05	70000	11	0.9997084545454545	0.00010322643808957901	0.9739119090909092	0.005739874174190341	0.5870596363636363	0.1003136916183223	0.000291545454545461	0.00010322643808957901
tw0	rTBR	0.05	80000	11	0.9997382727272729	9.143433718537521e-05	0.9739119090909092	0.005739874174190341	0.5870879090909091	0.10032232747866018	0.00026172727272710805	9.143433718537521e-05
tw0	rTBR	0.05	90000	11	0.9997637272727272	8.033080365917772e-05	0.9739119090909092	0.005739874174190341	0.5871334545454545	0.10031104046925639	0.00023627272727277937	8.033080365917772e-05
tw0	rTBR	0.05	100000	11	0.9997870909090909	7.03946607667285e-05	0.9739119090909092	0.005739874174190341	0.5870972727272726	0.10030610196920324	0.00021290909090909693	7.03946607667285e-05
tw0	rTBR	0.05	200000	11	0.9998809090909092	3.7853654692163876e-05	0.9739119090909092	0.005739874174190341	0.5872318181818182	0.10031217374438642	0.00011909090909079101	3.7853654692163876e-05
tw0	rTBR	0.05	300000	11	0.9999097272727273	2.8976194275834554e-05	0.9739119090909092	0.005739874174190341	0.5872842727272727	0.1003043476229938	9.027272727268887e-05	2.8976194275834554e-05
tw0	rTBR	0.05	400000	11	0.9999297272727272	2.2744865917826606e-05	0.9739119090909092	0.005739874174190341	0.5872591818181818	0.10031069166289107	7.027272727277989e-05	2.2744865917826606e-05
tw0	rTBR	0.05	500000	11	0.999942	1.9207006297414454e-05	0.9739119090909092	0.005739874174190341	0.5872403636363636	0.10031938110104083	5.8000000000002494e-05	1.9207006297414454e-05
tw0	rTBR	0.05	600000	11	0.9999498181818182	1.6651408994059537e-05	0.9739119090909092	0.005739874174190341	0.5872279090909092	0.10031821399358548	5.018181818183809e-05	1.6651408994059537e-05
tw0	rTBR	0.05	700000	11	0.9999568181818183	1.453761152185279e-05	0.9739119090909092	0.005739874174190341	0.5872336363636365	0.10032370041151545	4.318181818174782e-05	1.453761152185279e-05
tw0	rTBR	0.05	800000	11	0.9999617272727274	1.2782865597836622e-05	0.9739119090909092	0.005739874174190341	0.5872147272727273	0.10032307696510863	3.8272727272636864e-05	1.2782865597836622e-05
tw0	rTBR	0.05	900000	11	0.9999655454545454	1.1544667117024169e-05	0.9739119090909092	0.005739874174190341	0.5872033636363637	0.10032670175447926	3.445454545458748e-05	1.1544667117024169e-05
tw0	rTBR	0.05	1000000	11	0.9999683636363635	1.067645900378226e-05	0.9739119090909092	0.005739874174190341	0.5872105454545454	0.1003224996999326	3.163636363645583e-05	1.067645900378226e-05
tw0	rTBR	0.1	1	11	0.0	0.0	0.0	0.0	0.0	0.0	1.0	0.0
tw0	rTBR	0.1	2	11	0.0	0.0	0.0	0.0	0.0	0.0	1.0	0.0
tw0	rTBR	0.1	3	11	0.0	0.0	0.0	0.0	0.0	0.0	1.0	0.0
tw0	rTBR	0.1	4	11	2.109090909090909e-05	1.9325656308015444e-05	0.0	0.0	5.363636363636364e-06	4.873439568019747e-06	0.9999789090909091	1.9325656308015444e-05
tw0	rTBR	0.1	5	11	0.0011837272727272727	0.0009034227349455676	0.0010977272727272726	0.0008918618940264961	0.00024081818181818186	0.00018453700383696484	0.9988162727272727	0.0009034227349455676
tw0	rTBR	0.1	6	11	0.00856190909090909	0.0038924246812460676	0.008398363636363636	0.0039211254304500785	0.0016272727272727272	0.0006646318747439216	0.991438090909091	0.0038924246812460676
tw0	rTBR	0.1	7	11	0.013251727272727271	0.0054380339329759934	0.013030272727272725	0.00546838308841406	0.0032831818181818188	0.001317816284741761	0.9867482727272727	0.0054380339329759934
tw0	rTBR	0.1	8	11	0.026002363636363636	0.011694865788240527	0.02569654545454545	0.011716859570227415	0.0060968181818181815	0.002556188262444269	0.9739976363636363	0.011694865788240527
tw0	rTBR	0.1	9	11	0.038907090909090905	0.01348944785813546	0.038375454545454546	0.01348845140202512	0.009696909090909091	0.003731435642446351	0.961092909090909	0.01348944785813546
tw0	rTBR	0.1	10	11	0.05649945454545455	0.01455547430623059	0.05586645454545454	0.014562934078970137	0.014267181818181818	0.004664939465295989	0.9435005454545454	0.01455547430623059
tw0	rTBR	0.1	20	11	0.325845	0.05336979136876455	0.32367436363636365	0.05336612546282567	0.10008036363636363	0.022336871902864076	0.6741550000000001	0.05336979136876455
tw0	rTBR	0.1	30	11	0.5376814545454545	0.062466412016868374	0.5346013636363636	0.06255291621808513	0.19066018181818178	0.03628743320059444	0.46231854545454554	0.062466412016868374
tw0	rTBR	0.1	40	11	0.6787815454545455	0.06701682564840289	0.6751163636363636	0.06715870363322886	0.2627352727272727	0.04669052202342393	0.3212184545454545	0.06701682564840289
tw0	rTBR	0.1	50	11	0.7647503636363637	0.05665626083437056	0.7607296363636362	0.056847524282108874	0.3168631818181818	0.05452291210638268	0.23524963636363627	0.05665626083437056
tw0	rTBR	0.1	60	11	0.8149466363636364	0.05155774798263906	0.810451909090909	0.05180262944720691	0.3562476363636364	0.060488905374648176	0.1850533636363636	0.05155774798263906
tw0	rTBR	0.1	70	11	0.8524484545454546	0.045551619236834165	0.847634181818182	0.045823793880237725	0.3854544545454546	0.06526493332972834	0.1475515454545454	0.045551619236834165
tw0	rTBR	0.1	80	11	0.8786489090909092	0.04099622891935629	0.8737453636363637	0.04123519592075611	0.40890654545454547	0.06926026714703994	0.1213510909090908	0.04099622891935629
tw0	rTBR	0.1	90	11	0.8946726363636363	0.03700350118036074	0.8894110000000001	0.03726290389967432	0.42864227272727273	0.07228575055469923	0.10532736363636375	0.03700350118036074
tw0	rTBR	0.1	100	11	0.9076404545454545	0.03380278802443363	0.9020768181818183	0.034064064723778716	0.44378700000000004	0.07488306366316631	0.0923595454545455	0.03380278802443363
tw0	rTBR	0.1	200	11	0.9536824545454546	0.017463449946238958	0.9459193636363636	0.01808320673757975	0.5160257272727272	0.08655754239549034	0.04631754545454536	0.017463449946238958
tw0	rTBR	0.1	300	11	0.9679697272727273	0.011788916104152402	0.9586760000000001	0.012761433258775514	0.5398672727272728	0.09117712428595343	0.03203027272727266	0.011788916104152402
tw0	rTBR	0.1	400	11	0.9745147272727274	0.008946507804309006	0.9634350909090909	0.010305924130813438	0.5517417272727273	0.09333499768537484	0.025485272727272634	0.008946507804309006
tw0	rTBR	0.1	500	11	0.9787854545454546	0.00728999980965661	0.9663883636363638	0.008915265557940217	0.5597168181818182	0.09449935290108587	0.021214545454545375	0.00728999980965661
tw0	rTBR	0.1	600	11	0.9826242727272728	0.005750964784026019	0.9692837272727274	0.007711575191160734	0.5639336363636364	0.09561105973904453	0.01737572727272718	0.005750964784026019
tw0	rTBR	0.1	700	11	0.9849417272727273	0.004852626016519135	0.9706594545454545	0.007072647507846551	0.5675438181818182	0.09617556465215232	0.01505827272727267	0.004852626016519135
tw0	rTBR	0.1	800	11	0.9866179090909092	0.004328538135454356	0.9715993636363638	0.006690734542189644	0.5704397272727273	0.09669988062266684	0.013382090909090816	0.004328538135454356
tw0	rTBR	0.1	900	11	0.9879239999999999	0.003899509558906093	0.9722061818181821	0.0064366635411639206	0.5720228181818182	0.09709933801345529	0.012076000000000087	0.003899509558906093
tw0	rTBR	0.1	1000	11	0.9887497272727273	0.003636944856959202	0.9724595454545455	0.006323920517819826	0.5731810909090909	0.09738656331384217	0.011250272727272748	0.003636944856959202
tw0	rTBR	0.1	2000	11	0.9935738181818181	0.002124373802144925	0.9737426363636366	0.0058022304336314235	0.5808698181818183	0.09865710705430179	0.006426181818181886	0.002124373802144925
tw0	rTBR	0.1	3000	11	0.9954788181818182	0.0015545169364741978	0.9738832727272727	0.0057506996698281874	0.5828994545454546	0.09926082949888446	0.004521181818181841	0.0015545169364741978
tw0	rTBR	0.1	4000	11	0.9966325454545454	0.0011635813317952776	0.9739119090909092	0.005739874174190341	0.5836997272727272	0.09947931940943952	0.003367454545454618	0.0011635813317952776
tw0	rTBR	0.1	5000	11	0.9973812727272727	0.0009676357230704021	0.9739119090909092	0.005739874174190341	0.5845909090909092	0.0995378695235185	0.0026187272727272726	0.0009676357230704021
tw0	rTBR	0.1	6000	11	0.9978885454545456	0.0008161406225047715	0.9739119090909092	0.005739874174190341	0.5851044545454545	0.09958462244930312	0.002111454545454361	0.0008161406225047715
tw0	rTBR	0.1	7000	11	0.9981454545454547	0.000738967207583863	0.9739119090909092	0.005739874174190341	0.585352	0.09970265042961952	0.001854545454545331	0.000738967207583863
tw0	rTBR	0.1	8000	11	0.9983806363636364	0.00064611766832545	0.9739119090909092	0.005739874174190341	0.5856865454545455	0.09981039875040928	0.0016193636363636132	0.00064611766832545
tw0	rTBR	0.1	9000	11	0.9985857272727272	0.0005733597647504608	0.9739119090909092	0.005739874174190341	0.5860554545454546	0.09982859508517257	0.0014142727272727917	0.0005733597647504608
tw0	rTBR	0.1	10000	11	0.998716	0.0005248425218361019	0.9739119090909092	0.005739874174190341	0.586136	0.09987681277490151	0.0012839999999999518	0.0005248425218361019
tw0	rTBR	0.1	20000	11	0.9993343636363636	0.0002748066187084089	0.9739119090909092	0.005739874174190341	0.5865940909090909	0.10011155830876005	0.0006656363636363682	0.0002748066187084089
tw0	rTBR	0.1	30000	11	0.9995423636363637	0.00017446506671574586	0.9739119090909092	0.005739874174190341	0.5869133636363636	0.100181013168371	0.00045763636363627125	0.00017446506671574586
tw0	rTBR	0.1	40000	11	0.9996620909090909	0.00012012973703046331	0.9739119090909092	0.005739874174190341	0.5869202727272728	0.10022193629341658	0.0003379090909091387	0.00012012973703046331
tw0	rTBR	0.1	50000	11	0.9997134545454547	9.822676580577077e-05	0.9739119090909092	0.005739874174190341	0.5869607272727273	0.1002734657545954	0.0002865454545453172	9.822676580577077e-05
tw0	rTBR	0.1	60000	11	0.9997528181818182	8.332202788325899e-05	0.9739119090909092	0.005739874174190341	0.5869967272727273	0.10025939699119488	0.0002471818181818408	8.332202788325899e-05
tw0	rTBR	0.1	70000	11	0.999782909090909	7.221299990563826e-05	0.9739119090909092	0.005739874174190341	0.5871083636363637	0.10025965222971372	0.00021709090909094453	7.221299990563826e-05
tw0	rTBR	0.1	80000	11	0.9998073636363636	6.127438627374309e-05	0.9739119090909092	0.005739874174190341	0.5871580909090908	0.10027005228603718	0.00019263636363642256	6.127438627374309e-05
tw0	rTBR	0.1	90000	11	0.9998238181818183	5.618084729964581e-05	0.9739119090909092	0.005739874174190341	0.5871489090909091	0.10028371975989418	0.00017618181818168654	5.618084729964581e-05
tw0	rTBR	0.1	100000	11	0.999838909090909	5.04709555623091e-05	0.9739119090909092	0.005739874174190341	0.5871116363636364	0.10028606216412517	0.00016109090909099955	5.04709555623091e-05
tw0	rTBR	0.1	200000	11	0.9999034545454545	3.091171111888174e-05	0.9739119090909092	0.005739874174190341	0.587200909090909	0.10031357404046523	9.654545454551577e-05	3.091171111888174e-05
tw0	rTBR	0.1	300000	11	0.9999315454545455	2.250105598991057e-05	0.9739119090909092	0.005739874174190341	0.5871913636363637	0.10031197658879229	6.845454545445495e-05	2.250105598991057e-05
tw0	rTBR	0.1	400000	11	0.9999456363636363	1.782351497180973e-05	0.9739119090909092	0.005739874174190341	0.5871720909090908	0.1003100521303328	5.4363636363685686e-05	1.782351497180973e-05
tw0	rTBR	0.1	500000	11	0.9999545454545454	1.5285384365685422e-05	0.9739119090909092	0.005739874174190341	0.5872033636363636	0.10032170180957156	4.545454545457073e-05	1.5285384365685422e-05
tw0	rTBR	0.1	600000	11	0.9999608181818181	1.3154203048885585e-05	0.9739119090909092	0.005739874174190341	0.5871910909090909	0.10032682522150518	3.9181818181854844e-05	1.3154203048885585e-05
tw0	rTBR	0.1	700000	11	0.9999656363636364	1.1443356728823696e-05	0.9739119090909092	0.005739874174190341	0.5871950909090909	0.1003241683085799	3.436363636355466e-05	1.1443356728823696e-05
tw0	rTBR	0.1	800000	11	0.9999699090909092	1.0189526303067625e-05	0.9739119090909092	0.005739874174190341	0.5871945454545455	0.10032257980501641	3.0090909090785267e-05	1.0189526303067625e-05
tw0	rTBR	0.1	900000	11	0.9999731818181818	9.181818181817077e-06	0.9739119090909092	0.005739874174190341	0.5872010909090909	0.10032369954832611	2.681818181815565e-05	9.181818181817077e-06
tw0	rTBR	0.1	1000000	11	0.9999753636363636	8.478070886143371e-06	0.9739119090909092	0.005739874174190341	0.5872014545454545	0.10032695416798414	2.4636363636365566e-05	8.478070886143371e-06
tw0	rTBR	0.2	1	11	0.0	0.0	0.0	0.0	0.0	0.0	1.0	0.0
tw0	rTBR	0.2	2	11	0.0	0.0	0.0	0.0	0.0	0.0	1.0	0.0
tw0	rTBR	0.2	3	11	0.0	0.0	0.0	0.0	0.0	0.0	1.0	0.0
tw0	rTBR	0.2	4	11	0.0001898181818181818	0.00018289320371993635	0.00016836363636363636	0.00016836363636363636	4.745454545454545e-05	4.5674612728887854e-05	0.9998101818181818	0.00018289320371993635
tw0	rTBR	0.2	5	11	0.003019272727272727	0.0018769474206366864	0.0029946363636363634	0.0018735077371930745	0.0006406363636363636	0.0003757721087121161	0.9969807272727272	0.0018769474206366864
tw0	rTBR	0.2	6	11	0.006688181818181818	0.0026436860968186817	0.006644818181818182	0.002640672592759042	0.0016473636363636363	0.0006502049085792077	0.9933118181818181	0.0026436860968186817
tw0	rTBR	0.2	7	11	0.013104363636363636	0.002974343699259101	0.01293718181818182	0.002946614704177666	0.003257909090909091	0.0009334648014452339	0.9868956363636363	0.002974343699259101
tw0	rTBR	0.2	8	11	0.019346818181818184	0.00421345192064693	0.019037	0.004165672229937532	0.005188181818181818	0.001202873588296579	0.9806531818181818	0.00421345192064693
tw0	rTBR	0.2	9	11	0.031996636363636366	0.008068186379819455	0.03145890909090909	0.007969616537432589	0.007847	0.0017601187821487296	0.9680033636363636	0.008068186379819455
tw0	rTBR	0.2	10	11	0.05961109090909091	0.009143047889919168	0.05865709090909091	0.009176929839602771	0.012558999999999999	0.0020009650399017698	0.9403889090909091	0.009143047889919168
tw0	rTBR	0.2	20	11	0.42974999999999997	0.05536799640405999	0.4269201818181818	0.05533431233409885	0.12037690909090909	0.0173484775876232	0.57025	0.05536799640405999
tw0	rTBR	0.2	30	11	0.6644893636363637	0.06541166198125846	0.6609895454545455	0.06542776875252498	0.23273363636363636	0.036865227463454386	0.3355106363636363	0.06541166198125846
tw0	rTBR	0.2	40	11	0.7635817272727273	0.05823368339716846	0.7593356363636363	0.05830350799351968	0.30940599999999996	0.05036753567401057	0.23641827272727267	0.05823368339716846
tw0	rTBR	0.2	50	11	0.834679818181818	0.051278056244330225	0.8300044545454545	0.0513524494909026	0.36194027272727275	0.05935191792536981	0.16532018181818198	0.051278056244330225
tw0	rTBR	0.2	60	11	0.865165	0.0444546760982464	0.8601887272727274	0.04463909172912967	0.39910754545454546	0.0656558956835303	0.13483500000000004	0.0444546760982464
tw0	rTBR	0.2	70	11	0.8939714545454546	0.03816074297026952	0.8887471818181819	0.038342668118812775	0.4257576363636364	0.07044575333394326	0.10602854545454543	0.03816074297026952
tw0	rTBR	0.2	80	11	0.9088520909090909	0.03363232968830453	0.9034189090909092	0.0338486693009434	0.4464771818181818	0.0740928371715105	0.09114790909090908	0.03363232968830453
tw0	rTBR	0.2	90	11	0.9226262727272726	0.02928576057220577	0.9167510909090908	0.029512748954694308	0.4625553636363637	0.07682440752631024	0.0773737272727274	0.02928576057220577
tw0	rTBR	0.2	100	11	0.9281352727272728	0.027248368343841308	0.9219787272727274	0.027488732368700024	0.4749889090909092	0.07883420206535353	0.07186472727272719	0.027248368343841308
tw0	rTBR	0.2	200	11	0.9616102727272728	0.014537115999518992	0.9529984545454545	0.015340069064300878	0.5295968181818181	0.08941790333919998	0.03838972727272716	0.014537115999518992
tw0	rTBR	0.2	300	11	0.9735063636363637	0.0095768251555254	0.9626430000000002	0.010902473302379185	0.5486009090909091	0.09294989793426393	0.02649363636363633	0.0095768251555254
tw0	rTBR	0.2	400	11	0.9797515454545455	0.007105264324126339	0.9671926363636364	0.008790015247967674	0.5581920000000001	0.09479279619359268	0.02024845454545454	0.007105264324126339
tw0	rTBR	0.2	500	11	0.983984	0.005289784919154001	0.9701429090909092	0.007344905002733094	0.5633101818181818	0.0960169049819134	0.01601600000000003	0.005289784919154001
tw0	rTBR	0.2	600	11	0.9865381818181818	0.004273929351988063	0.971484181818182	0.0067348524163059085	0.5668434545454546	0.09687866980914028	0.013461818181818241	0.004273929351988063
tw0	rTBR	0.2	700	11	0.9881757272727273	0.0035782777093581325	0.9722694545454545	0.0063725880904266854	0.5696482727272728	0.09732711002724882	0.011824272727272711	0.0035782777093581325
tw0	rTBR	0.2	800	11	0.9897902727272728	0.003149544483921181	0.9728712727272729	0.006134849510032324	0.5716093636363636	0.0977550814252615	0.010209727272727176	0.003149544483921181
tw0	rTBR	0.2	900	11	0.9908468181818183	0.0027993320496087935	0.9732011818181818	0.006006891614589161	0.5732621818181817	0.09807962883483254	0.0091531818181817	0.0027993320496087935
tw0	rTBR	0.2	1000	11	0.9915349090909092	0.0026359129605389438	0.9733953636363637	0.0059358703340909105	0.5746768181818183	0.0983229607271889	0.008465090909090756	0.0026359129605389438
tw0	rTBR	0.2	2000	11	0.9952195454545454	0.001560785020218619	0.9738659090909091	0.00575669460155194	0.5813516363636363	0.09934742406097107	0.0047804545454546155	0.001560785020218619
tw0	rTBR	0.2	3000	11	0.9968631818181819	0.0011852475753512575	0.9739119090909092	0.005739874174190341	0.5830645454545456	0.09972512865921768	0.003136818181818102	0.0011852475753512575
tw0	rTBR	0.2	4000	11	0.9975514545454547	0.0009666779511073079	0.9739119090909092	0.005739874174190341	0.5839790000000001	0.09986419906352827	0.0024485454545453145	0.0009666779511073079
tw0	rTBR	0.2	5000	11	0.9980249090909094	0.0007980916836662288	0.9739119090909092	0.005739874174190341	0.5844677272727272	0.10000575379438661	0.0019750909090906488	0.0007980916836662288
tw0	rTBR	0.2	6000	11	0.9983505454545455	0.0006958182020096391	0.9739119090909092	0.005739874174190341	0.585196909090909	0.1000328248919464	0.0016494545454545095	0.0006958182020096391
tw0	rTBR	0.2	7000	11	0.9985395454545455	0.000623744300227357	0.9739119090909092	0.005739874174190341	0.5854399090909091	0.10009725413302754	0.0014604545454545148	0.000623744300227357
tw0	rTBR	0.2	8000	11	0.9987413636363637	0.0005401763730945482	0.9739119090909092	0.005739874174190341	0.585740090909091	0.10011689230653013	0.001258636363636323	0.0005401763730945482
tw0	rTBR	0.2	9000	11	0.998873909090909	0.00048219221845358253	0.9739119090909092	0.005739874174190341	0.5860034545454545	0.10015954987494737	0.0011260909090909932	0.00048219221845358253
tw0	rTBR	0.2	10000	11	0.998997	0.00043347888697668405	0.9739119090909092	0.005739874174190341	0.5860804545454547	0.10019289427629666	0.0010029999999999761	0.00043347888697668405
tw0	rTBR	0.2	20000	11	0.9994567272727274	0.00021249569368509693	0.9739119090909092	0.005739874174190341	0.5866883636363637	0.10029668048828234	0.0005432727272726146	0.00021249569368509693
tw0	rTBR	0.2	30000	11	0.9996479090909088	0.00011942494444366787	0.9739119090909092	0.005739874174190341	0.5867493636363637	0.10030420361301574	0.0003520909090911628	0.00011942494444366787
tw0	rTBR	0.2	40000	11	0.9997279090909093	8.893986268009574e-05	0.9739119090909092	0.005739874174190341	0.5870243636363637	0.10029275839518051	0.00027209090909074973	8.893986268009574e-05
tw0	rTBR	0.2	50000	11	0.9997724545454546	7.36090858567164e-05	0.9739119090909092	0.005739874174190341	0.5870224545454545	0.10031850283348563	0.00022754545454539699	7.36090858567164e-05
tw0	rTBR	0.2	60000	11	0.9997985454545456	6.319570808734923e-05	0.9739119090909092	0.005739874174190341	0.5870938181818182	0.10031762228830243	0.00020145454545439367	6.319570808734923e-05
tw0	rTBR	0.2	70000	11	0.9998210909090908	5.703801834907832e-05	0.9739119090909092	0.005739874174190341	0.5871225454545455	0.10031840816124732	0.00017890909090922946	5.703801834907832e-05
tw0	rTBR	0.2	80000	11	0.999837909090909	5.093622653430399e-05	0.9739119090909092	0.005739874174190341	0.5871138181818182	0.10033513052545619	0.0001620909090910283	5.093622653430399e-05
tw0	rTBR	0.2	90000	11	0.9998516363636365	4.626117019454874e-05	0.9739119090909092	0.005739874174190341	0.5871083636363635	0.10033690641064984	0.00014836363636350214	4.626117019454874e-05
tw0	rTBR	0.2	100000	11	0.9998646363636361	4.1821976112453525e-05	0.9739119090909092	0.005739874174190341	0.5871022727272727	0.10033568578482306	0.00013536363636390547	4.1821976112453525e-05
tw0	rTBR	0.2	200000	11	0.9999233636363637	2.4825673195037252e-05	0.9739119090909092	0.005739874174190341	0.5872282727272726	0.10032663832104438	7.663636363630655e-05	2.4825673195037252e-05
tw0	rTBR	0.2	300000	11	0.9999432727272729	1.8639201557758913e-05	0.9739119090909092	0.005739874174190341	0.587216	0.10033136135680154	5.672727272709732e-05	1.8639201557758913e-05
tw0	rTBR	0.2	400000	11	0.9999558181818181	1.4751775351905111e-05	0.9739119090909092	0.005739874174190341	0.5872094545454546	0.10033046438756672	4.41818181818876e-05	1.4751775351905111e-05
tw0	rTBR	0.2	500000	11	0.9999643636363635	1.1810836878418361e-05	0.9739119090909092	0.005739874174190341	0.5872238181818182	0.10032915892445028	3.5636363636459834e-05	1.1810836878418361e-05
tw0	rTBR	0.2	600000	11	0.9999699090909092	9.856658612750783e-06	0.9739119090909092	0.005739874174190341	0.587216	0.10032762774965191	3.0090909090785267e-05	9.856658612750783e-06
tw0	rTBR	0.2	700000	11	0.9999732727272727	8.706414468227889e-06	0.9739119090909092	0.005739874174190341	0.5872207272727273	0.10032773375348784	2.6727272727344875e-05	8.706414468227889e-06
tw0	rTBR	0.2	800000	11	0.9999769090909091	7.537125742800013e-06	0.9739119090909092	0.005739874174190341	0.5872182727272728	0.10032513155128914	2.3090909090917044e-05	7.537125742800013e-06
tw0	rTBR	0.2	900000	11	0.9999792727272727	6.748859713908462e-06	0.9739119090909092	0.005739874174190341	0.5872149090909091	0.10032650297870217	2.0727272727283363e-05	6.748859713908462e-06
tw0	rTBR	0.2	1000000	11	0.999981	6.105139414683591e-06	0.9739119090909092	0.005739874174190341	0.5872029090909092	0.10032704090500087	1.8999999999991246e-05	6.105139414683591e-06
tw0	rTBR	0.3	1	11	0.0	0.0	0.0	0.0	0.0	0.0	1.0	0.0
tw0	rTBR	0.3	2	11	1e-06	1e-06	0.0	0.0	5.454545454545455e-07	5.454545454545454e-07	0.999999	1e-06
tw0	rTBR	0.3	3	11	6.663636363636365e-05	6.663636363636363e-05	6.345454545454546e-05	6.345454545454546e-05	2.218181818181818e-05	2.218181818181818e-05	0.9999333636363636	6.663636363636363e-05
tw0	rTBR	0.3	4	11	6.681818181818183e-05	6.661842745091674e-05	6.345454545454546e-05	6.345454545454546e-05	3.3090909090909095e-05	3.309090909090909e-05	0.9999331818181818	6.661842745091674e-05
tw0	rTBR	0.3	5	11	0.004650454545454545	0.0024280766326218576	0.004626090909090909	0.002429896785890842	0.0009563636363636364	0.0004821234144665238	0.9953495454545455	0.0024280766326218576
tw0	rTBR	0.3	6	11	0.011647363636363638	0.003290823674933698	0.011430363636363638	0.0032064117760646324	0.002736545454545454	0.0008424826986476702	0.9883526363636363	0.003290823674933698
tw0	rTBR	0.3	7	11	0.02674345454545455	0.00596165640399871	0.02644436363636364	0.0059645750229969175	0.006154818181818181	0.0012470389351520361	0.9732565454545454	0.00596165640399871
tw0	rTBR	0.3	8	11	0.04195745454545455	0.00844078742703723	0.04158872727272727	0.008437409059540523	0.01037790909090909	0.0019209660517304377	0.9580425454545455	0.00844078742703723
tw0	rTBR	0.3	9	11	0.05932609090909091	0.010631636999971997	0.05861963636363636	0.010594128134595664	0.01540709090909091	0.002786387578126415	0.9406739090909091	0.010631636999971997
tw0	rTBR	0.3	10	11	0.08595618181818182	0.01310015245353218	0.08506236363636363	0.012984699456229053	0.02148909090909091	0.003695764633529343	0.9140438181818182	0.01310015245353218
tw0	rTBR	0.3	20	11	0.445657090909091	0.051398024054070506	0.4423537272727272	0.05135034121478046	0.12475299999999999	0.018364434377845178	0.554342909090909	0.051398024054070506
tw0	rTBR	0.3	30	11	0.7080030909090909	0.062070868125137936	0.703769	0.062079504003993285	0.2435230909090909	0.03925894256285718	0.29199690909090914	0.062070868125137936
tw0	rTBR	0.3	40	11	0.8132151818181819	0.05182310341638935	0.8083980000000001	0.051812567968680064	0.32217836363636365	0.05315908023509551	0.18678481818181814	0.05182310341638935
tw0	rTBR	0.3	50	11	0.8726197272727273	0.04319532665780385	0.8674727272727274	0.04314463380708089	0.3725683636363637	0.061825677341034335	0.1273802727272727	0.04319532665780385
tw0	rTBR	0.3	60	11	0.8998447272727272	0.03649961212398911	0.894310909090909	0.0365523894544043	0.40768563636363636	0.06776316508375767	0.10015527272727276	0.03649961212398911
tw0	rTBR	0.3	70	11	0.9163795454545455	0.03195225779655517	0.9103246363636365	0.032039824547321426	0.4325292727272727	0.07240448111949611	0.08362045454545453	0.03195225779655517
tw0	rTBR	0.3	80	11	0.9281947272727273	0.028052755677988667	0.9219233636363637	0.028172149578576465	0.4513789090909091	0.07590042460995788	0.07180527272727266	0.028052755677988667
tw0	rTBR	0.3	90	11	0.9336873636363637	0.02583291119703797	0.927036	0.02604851710837787	0.46612227272727275	0.07871067478904692	0.06631263636363627	0.02583291119703797
tw0	rTBR	0.3	100	11	0.9387709999999999	0.023896438914996973	0.9318729090909091	0.024188657615598023	0.47878899999999996	0.08081573102704921	0.06122900000000009	0.023896438914996973
tw0	rTBR	0.3	200	11	0.9663440909090909	0.012370923306803335	0.957132909090909	0.013211607136739169	0.5332939090909091	0.08988546456113969	0.0336559090909091	0.012370923306803335
tw0	rTBR	0.3	300	11	0.9764012727272727	0.008251728582645753	0.9649060909090909	0.009705606869185137	0.5498132727272727	0.09345507195323041	0.02359872727272727	0.008251728582645753
tw0	rTBR	0.3	400	11	0.9822253636363637	0.006093891206882699	0.9689281818181819	0.00798451880580982	0.5585702727272728	0.09497981776481788	0.017774636363636298	0.006093891206882699
tw0	rTBR	0.3	500	11	0.9850493636363636	0.004928964826361019	0.9704712727272728	0.007207056374378592	0.5644489090909091	0.09603395512605799	0.01495063636363636	0.004928964826361019
tw0	rTBR	0.3	600	11	0.9869745454545454	0.0040832582341325885	0.9715389090909091	0.006698001976783209	0.5681066363636362	0.09672784063530311	0.013025454545454562	0.0040832582341325885
tw0	rTBR	0.3	700	11	0.9886600000000001	0.003488858419702246	0.9722760909090908	0.006364085262348891	0.5710063636363636	0.09715837158898424	0.011339999999999906	0.003488858419702246
tw0	rTBR	0.3	800	11	0.989876090909091	0.0031272432340046876	0.9727243636363636	0.006181473643473598	0.5728165454545455	0.09753095888330802	0.010123909090908989	0.0031272432340046876
tw0	rTBR	0.3	900	11	0.9911116363636364	0.0026270895346638813	0.9734233636363637	0.005919943269495886	0.574170909090909	0.09795862849112788	0.008888363636363583	0.0026270895346638813
tw0	rTBR	0.3	1000	11	0.9918437272727272	0.0024167355182744474	0.9735820909090911	0.005859372784389667	0.5757405454545453	0.09819224537853963	0.008156272727272817	0.0024167355182744474
tw0	rTBR	0.3	2000	11	0.9955833636363636	0.0014752746078595153	0.9738854545454546	0.005749870568288137	0.5810425454545455	0.09928951132881912	0.004416636363636428	0.0014752746078595153
tw0	rTBR	0.3	3000	11	0.9971090909090911	0.0010028844441232788	0.9739119090909092	0.005739874174190341	0.5825216363636364	0.09968520099659843	0.002890909090908944	0.0010028844441232788
tw0	rTBR	0.3	4000	11	0.9978450909090909	0.0007922965291370696	0.9739119090909092	0.005739874174190341	0.5834406363636364	0.09987912027184503	0.002154909090909096	0.0007922965291370696
tw0	rTBR	0.3	5000	11	0.9982703636363636	0.0006485287583548058	0.9739119090909092	0.005739874174190341	0.584209	0.09996418534691676	0.0017296363636364331	0.0006485287583548058
tw0	rTBR	0.3	6000	11	0.9985427272727272	0.0005634449895050553	0.9739119090909092	0.005739874174190341	0.5848494545454546	0.10002939063907565	0.001457272727272807	0.0005634449895050553
tw0	rTBR	0.3	7000	11	0.9987507272727272	0.0005025548200021929	0.9739119090909092	0.005739874174190341	0.5851812727272727	0.10005595914088102	0.001249272727272821	0.0005025548200021929
tw0	rTBR	0.3	8000	11	0.9989041818181819	0.00044861301035285605	0.9739119090909092	0.005739874174190341	0.5853304545454545	0.10010058734214788	0.0010958181818181423	0.00044861301035285605
tw0	rTBR	0.3	9000	11	0.9990146363636363	0.000403626273420152	0.9739119090909092	0.005739874174190341	0.5855520909090909	0.10012616207496824	0.0009853636363637008	0.000403626273420152
tw0	rTBR	0.3	10000	11	0.9990853636363636	0.00037636269433347097	0.9739119090909092	0.005739874174190341	0.5857481818181819	0.10015879552652361	0.000914636363636423	0.00037636269433347097
tw0	rTBR	0.3	20000	11	0.9995031818181818	0.00018590211589493533	0.9739119090909092	0.005739874174190341	0.5864185454545455	0.10027602655365056	0.0004968181818182371	0.00018590211589493533
tw0	rTBR	0.3	30000	11	0.9996786363636364	0.0001103741795173685	0.9739119090909092	0.005739874174190341	0.5866690909090909	0.10030057992775829	0.0003213636363635919	0.0001103741795173685
tw0	rTBR	0.3	40000	11	0.9997581818181818	8.053884643527358e-05	0.9739119090909092	0.005739874174190341	0.5868315454545455	0.10029078569271035	0.0002418181818182319	8.053884643527358e-05
tw0	rTBR	0.3	50000	11	0.999797818181818	6.516507963093236e-05	0.9739119090909092	0.005739874174190341	0.5868911818181819	0.10031217358080616	0.0002021818181819901	6.516507963093236e-05
tw0	rTBR	0.3	60000	11	0.9998213636363636	5.670694565880851e-05	0.9739119090909092	0.005739874174190341	0.587028	0.10030056483743793	0.00017863636363635305	5.670694565880851e-05
tw0	rTBR	0.3	70000	11	0.9998417272727272	5.0333450093822145e-05	0.9739119090909092	0.005739874174190341	0.587071	0.100291652652651	0.00015827272727275687	5.0333450093822145e-05
tw0	rTBR	0.3	80000	11	0.9998566363636363	4.472344773001569e-05	0.9739119090909092	0.005739874174190341	0.5871116363636365	0.10029692158289284	0.00014336363636369143	4.472344773001569e-05
tw0	rTBR	0.3	90000	11	0.9998691818181819	4.054152039616879e-05	0.9739119090909092	0.005739874174190341	0.5871367272727271	0.10030141110256272	0.00013081818181814864	4.054152039616879e-05
tw0	rTBR	0.3	100000	11	0.9998807272727273	3.7319770755676445e-05	0.9739119090909092	0.005739874174190341	0.5871412727272727	0.10030145208656942	0.00011927272727274563	3.7319770755676445e-05
tw0	rTBR	0.3	200000	11	0.9999299090909091	2.163686019292154e-05	0.9739119090909092	0.005739874174190341	0.5871523636363636	0.10030962018246511	7.009090909093629e-05	2.163686019292154e-05
tw0	rTBR	0.3	300000	11	0.9999497272727272	1.575499396098559e-05	0.9739119090909092	0.005739874174190341	0.5871517272727272	0.10032335432971372	5.027272727275989e-05	1.575499396098559e-05
tw0	rTBR	0.3	400000	11	0.9999600000000001	1.262393109786725e-05	0.9739119090909092	0.005739874174190341	0.587172090909091	0.10032425482453969	3.999999999992898e-05	1.262393109786725e-05
tw0	rTBR	0.3	500000	11	0.9999668181818181	1.0342162761166312e-05	0.9739119090909092	0.005739874174190341	0.5871614545454545	0.10032429750240998	3.3181818181904355e-05	1.0342162761166312e-05
tw0	rTBR	0.3	600000	11	0.9999717272727273	8.855497428753978e-06	0.9739119090909092	0.005739874174190341	0.5871575454545455	0.10032315087658786	2.8272727272682374e-05	8.855497428753978e-06
tw0	rTBR	0.3	700000	11	0.9999756363636364	7.695657249118294e-06	0.9739119090909092	0.005739874174190341	0.5871721818181818	0.10032444213811492	2.4363636363600172e-05	7.695657249118294e-06
tw0	rTBR	0.3	800000	11	0.9999783636363637	6.800097228280162e-06	0.9739119090909092	0.005739874174190341	0.587176090909091	0.10032544334527731	2.16363636362793e-05	6.800097228280162e-06
tw0	rTBR	0.3	900000	11	0.9999805454545455	6.1056808664538315e-06	0.9739119090909092	0.005739874174190341	0.5871763636363636	0.1003234318376205	1.9454545454489214e-05	6.1056808664538315e-06
tw0	rTBR	0.3	1000000	11	0.9999823636363636	5.527242822889122e-06	0.9739119090909092	0.005739874174190341	0.5871826363636363	0.10032041527881576	1.763636363638632e-05	5.527242822889122e-06
tw0	rTBR	0.4	1	11	1.7272727272727273e-06	1.727272727272727e-06	0.0	0.0	1.7272727272727273e-06	1.727272727272727e-06	0.9999982727272727	1.727272727272727e-06
tw0	rTBR	0.4	2	11	2e-06	2e-06	0.0	0.0	1e-06	1e-06	0.999998	2e-06
tw0	rTBR	0.4	3	11	1e-05	9.999999999999999e-06	0.0	0.0	3.3636363636363633e-06	3.3636363636363637e-06	0.99999	9.999999999999999e-06
tw0	rTBR	0.4	4	11	0.0009065454545454547	0.0008912040819601756	0.0008925454545454546	0.0008925454545454546	0.00022854545454545455	0.0002226894030885482	0.9990934545454545	0.0008912040819601756
tw0	rTBR	0.4	5	11	0.0037574545454545456	0.002060896690823665	0.003731454545454545	0.0020654787750659493	0.0009332727272727271	0.0004944182088973425	0.9962425454545455	0.002060896690823665
tw0	rTBR	0.4	6	11	0.008679636363636363	0.002292399676689462	0.008602909090909092	0.0023037581448760295	0.002222909090909091	0.0006741037208369948	0.9913203636363637	0.002292399676689462
tw0	rTBR	0.4	7	11	0.023382000000000003	0.004835342283644457	0.023274272727272727	0.004858805246131472	0.005086727272727272	0.0010760796784533037	0.976618	0.004835342283644457
tw0	rTBR	0.4	8	11	0.03517454545454545	0.008284247877600034	0.03499827272727273	0.008309203355415783	0.008597545454545455	0.0019334028520796573	0.9648254545454545	0.008284247877600034
tw0	rTBR	0.4	9	11	0.049788000000000006	0.010438071635734602	0.04951290909090909	0.010456671317614803	0.012851818181818181	0.002754365199322644	0.950212	0.010438071635734602
tw0	rTBR	0.4	10	11	0.07481327272727273	0.015833864162892317	0.0742159090909091	0.015901344221311235	0.018735363636363637	0.003938494223737446	0.9251867272727272	0.015833864162892317
tw0	rTBR	0.4	20	11	0.4136901818181818	0.049054568444616885	0.41085836363636363	0.04911348865161415	0.11788763636363636	0.01925950153856661	0.5863098181818183	0.049054568444616885
tw0	rTBR	0.4	30	11	0.678227	0.05789848306444338	0.6744575454545455	0.05810966729592397	0.22982636363636366	0.03642224827923243	0.321773	0.05789848306444338
tw0	rTBR	0.4	40	11	0.7982229090909091	0.052935284294118735	0.7938539090909091	0.05315250243650632	0.3084089090909091	0.05045833016936838	0.2017770909090909	0.052935284294118735
tw0	rTBR	0.4	50	11	0.8660378181818181	0.04509460935468052	0.861190181818182	0.04525159998714625	0.3608511818181819	0.05967627715688861	0.13396218181818187	0.04509460935468052
tw0	rTBR	0.4	60	11	0.8950222727272726	0.03887856377586986	0.8898336363636364	0.03906314097836819	0.39887554545454545	0.06632940461506066	0.10497772727272736	0.03887856377586986
tw0	rTBR	0.4	70	11	0.909595090909091	0.034840595246573174	0.9039998181818182	0.0351165384072204	0.42555427272727275	0.07131377985865653	0.09040490909090904	0.034840595246573174
tw0	rTBR	0.4	80	11	0.921833181818182	0.02997729120360586	0.9158384545454546	0.03034528173339867	0.44529799999999997	0.0751121840555845	0.07816681818181803	0.02997729120360586
tw0	rTBR	0.4	90	11	0.929813	0.02666594198223644	0.9235269090909092	0.027105594990519632	0.4610571818181818	0.07803890673804587	0.070187	0.02666594198223644
tw0	rTBR	0.4	100	11	0.9363512727272725	0.023707487610108994	0.929782181818182	0.024190732007721916	0.47443799999999997	0.08008125317189922	0.06364872727272752	0.023707487610108994
tw0	rTBR	0.4	200	11	0.967440818181818	0.011296520661302739	0.9580266363636365	0.012343919410914048	0.5298874545454546	0.09057453655790537	0.03255918181818196	0.011296520661302739
tw0	rTBR	0.4	300	11	0.9764964545454546	0.007843497018507681	0.9649681818181819	0.009437091869868105	0.549189	0.09378249627583643	0.02350354545454536	0.007843497018507681
tw0	rTBR	0.4	400	11	0.9825105454545454	0.005920777596909556	0.9691032727272728	0.007814105057919199	0.5600469090909089	0.09524230168331474	0.017489454545454586	0.005920777596909556
tw0	rTBR	0.4	500	11	0.9863025454545453	0.004262317029639754	0.971469090909091	0.00670865521337182	0.565215090909091	0.09623776766562497	0.01369745454545468	0.004262317029639754
tw0	rTBR	0.4	600	11	0.9882686363636363	0.0036007936253319795	0.9724153636363638	0.006327263930114055	0.568857	0.0969447249898809	0.011731363636363734	0.0036007936253319795
tw0	rTBR	0.4	700	11	0.9897833636363635	0.003118404546246296	0.9729018181818183	0.0061150793034598794	0.5713469090909091	0.09743478094382879	0.010216636363636455	0.003118404546246296
tw0	rTBR	0.4	800	11	0.9905862727272726	0.0028613803632986496	0.9730474545454547	0.006060352293035655	0.5735817272727272	0.09774655297954742	0.009413727272727379	0.0028613803632986496
tw0	rTBR	0.4	900	11	0.9916334545454546	0.002542371739371928	0.9734197272727275	0.005921503913842574	0.5752007272727272	0.09800279325055355	0.008366545454545404	0.002542371739371928
tw0	rTBR	0.4	1000	11	0.9923374545454546	0.0023368596891151965	0.9735882727272728	0.005856396953279395	0.5763441818181817	0.09829185023460567	0.007662545454545366	0.0023368596891151965
tw0	rTBR	0.4	2000	11	0.9957872727272726	0.001371053092870976	0.9738964545454547	0.005744076467210119	0.5821000000000001	0.09915322119188702	0.004212727272727368	0.001371053092870976
tw0	rTBR	0.4	3000	11	0.9970602727272727	0.000997142691447634	0.9739119090909092	0.005739874174190341	0.5835972727272728	0.0995852546204499	0.0029397272727272883	0.000997142691447634
tw0	rTBR	0.4	4000	11	0.9978318181818184	0.0007731311169309784	0.9739119090909092	0.005739874174190341	0.5843148181818182	0.0997874666514076	0.0021681818181815693	0.0007731311169309784
tw0	rTBR	0.4	5000	11	0.9982887272727272	0.0006498771784787008	0.9739119090909092	0.005739874174190341	0.5848324545454545	0.09991726313581685	0.0017112727272727835	0.0006498771784787008
tw0	rTBR	0.4	6000	11	0.9985546363636366	0.000556492526662672	0.9739119090909092	0.005739874174190341	0.5855129090909091	0.10001883685481491	0.0014453636363633837	0.000556492526662672
tw0	rTBR	0.4	7000	11	0.9987770909090908	0.0004766275743472041	0.9739119090909092	0.005739874174190341	0.5856347272727273	0.10003951113181511	0.0012229090909091633	0.0004766275743472041
tw0	rTBR	0.4	8000	11	0.9989068181818184	0.0004304740477486731	0.9739119090909092	0.005739874174190341	0.5858241818181817	0.1000608875509687	0.0010931818181816322	0.0004304740477486731
tw0	rTBR	0.4	9000	11	0.9990432727272729	0.0003849558910012054	0.9739119090909092	0.005739874174190341	0.5859245454545454	0.10009641229002109	0.0009567272727271092	0.0003849558910012054
tw0	rTBR	0.4	10000	11	0.9991275454545455	0.0003487284790006575	0.9739119090909092	0.005739874174190341	0.586025909090909	0.10013956604944871	0.0008724545454544819	0.0003487284790006575
tw0	rTBR	0.4	20000	11	0.9995357272727272	0.00016585240376525273	0.9739119090909092	0.005739874174190341	0.5866174545454546	0.10023840274623147	0.00046427272727278535	0.00016585240376525273
tw0	rTBR	0.4	30000	11	0.9996757272727272	0.00011070526725656607	0.9739119090909092	0.005739874174190341	0.5867395454545454	0.1002494122262854	0.00032427272727275636	0.00011070526725656607
tw0	rTBR	0.4	40000	11	0.9997506363636361	8.33489131441694e-05	0.9739119090909092	0.005739874174190341	0.5870037272727272	0.10027333824992299	0.00024936363636385295	8.33489131441694e-05
tw0	rTBR	0.4	50000	11	0.9997932727272727	6.58439050688169e-05	0.9739119090909092	0.005739874174190341	0.587070818181818	0.10028106400320488	0.00020672727272730285	6.58439050688169e-05
tw0	rTBR	0.4	60000	11	0.9998226363636366	5.581402116563227e-05	0.9739119090909092	0.005739874174190341	0.587155	0.10028358826493451	0.00017736363636344787	5.581402116563227e-05
tw0	rTBR	0.4	70000	11	0.9998407272727271	4.87112253086894e-05	0.9739119090909092	0.005739874174190341	0.5871244545454545	0.1002965320769425	0.00015927272727289665	4.87112253086894e-05
tw0	rTBR	0.4	80000	11	0.9998562727272726	4.3701485497761595e-05	0.9739119090909092	0.005739874174190341	0.587137909090909	0.10030109797581341	0.00014372727272737862	4.3701485497761595e-05
tw0	rTBR	0.4	90000	11	0.9998718181818181	3.882239704598963e-05	0.9739119090909092	0.005739874174190341	0.5871950909090909	0.10030868021276347	0.00012818181818186059	3.882239704598963e-05
tw0	rTBR	0.4	100000	11	0.9998821818181818	3.508452603274571e-05	0.9739119090909092	0.005739874174190341	0.5871895454545454	0.10030407476816444	0.0001178181818182189	3.508452603274571e-05
tw0	rTBR	0.4	200000	11	0.9999314545454546	2.1223213549989398e-05	0.9739119090909092	0.005739874174190341	0.5872022727272728	0.100328880748819	6.854545454537675e-05	2.1223213549989398e-05
tw0	rTBR	0.4	300000	11	0.9999512727272727	1.5178388289748435e-05	0.9739119090909092	0.005739874174190341	0.5871928181818182	0.10032841432069874	4.8727272727311366e-05	1.5178388289748435e-05
tw0	rTBR	0.4	400000	11	0.999961909090909	1.1948719631260064e-05	0.9739119090909092	0.005739874174190341	0.5871741818181818	0.10032539258802901	3.809090909101531e-05	1.1948719631260064e-05
tw0	rTBR	0.4	500000	11	0.9999682727272727	9.985526716285832e-06	0.9739119090909092	0.005739874174190341	0.587186	0.10032791037284598	3.172727272726661e-05	9.985526716285832e-06
tw0	rTBR	0.4	600000	11	0.999973	8.597039659622062e-06	0.9739119090909092	0.005739874174190341	0.5871655454545455	0.10032827805852361	2.6999999999999247e-05	8.597039659622062e-06
tw0	rTBR	0.4	700000	11	0.9999763636363636	7.5718050295106325e-06	0.9739119090909092	0.005739874174190341	0.5871641818181819	0.10032944176605194	2.3636363636447832e-05	7.5718050295106325e-06
tw0	rTBR	0.4	800000	11	0.9999790000000001	6.6851259592390255e-06	0.9739119090909092	0.005739874174190341	0.5871661818181818	0.10033271891360611	2.0999999999937735e-05	6.6851259592390255e-06
tw0	rTBR	0.4	900000	11	0.9999813636363637	5.933376667441115e-06	0.9739119090909092	0.005739874174190341	0.5871803636363637	0.1003322598145575	1.8636363636304054e-05	5.933376667441115e-06
tw0	rTBR	0.4	1000000	11	0.9999829090909089	5.461359380323429e-06	0.9739119090909092	0.005739874174190341	0.5871898181818183	0.10033135479924128	1.7090909091077577e-05	5.461359380323429e-06
tw0	rTBR	0.5	1	11	0.0	0.0	0.0	0.0	0.0	0.0	1.0	0.0
tw0	rTBR	0.5	2	11	0.0	0.0	0.0	0.0	0.0	0.0	1.0	0.0
tw0	rTBR	0.5	3	11	2.909090909090909e-06	2.9090909090909084e-06	0.0	0.0	1e-06	1e-06	0.999997090909091	2.9090909090909084e-06
tw0	rTBR	0.5	4	11	0.00010481818181818183	5.777004857533612e-05	8.436363636363637e-05	5.7637152274501294e-05	2.7000000000000002e-05	1.4356499953299581e-05	0.9998951818181818	5.777004857533612e-05
tw0	rTBR	0.5	5	11	0.0006618181818181819	0.00047608155944088977	0.0005943636363636364	0.0004803459221838754	0.0001517272727272727	9.559403660642616e-05	0.9993381818181818	0.00047608155944088977
tw0	rTBR	0.5	6	11	0.006214090909090909	0.0025500690702037693	0.006052818181818181	0.0025782433371939746	0.0011595454545454548	0.000422469178297743	0.9937859090909091	0.0025500690702037693
tw0	rTBR	0.5	7	11	0.011167454545454545	0.003394197003345661	0.010915272727272728	0.0034303057592076094	0.002484727272727273	0.000757639517195697	0.9888325454545455	0.003394197003345661
tw0	rTBR	0.5	8	11	0.017704818181818183	0.004154777337471521	0.017140727272727273	0.004146861279857353	0.004017454545454545	0.0010897629964491142	0.9822951818181818	0.004154777337471521
tw0	rTBR	0.5	9	11	0.03122318181818182	0.006612605440050475	0.030482363636363637	0.006548331060482963	0.006630818181818182	0.001618028659248272	0.9687768181818182	0.006612605440050475
tw0	rTBR	0.5	10	11	0.05383409090909091	0.0066521668000387064	0.05297390909090909	0.00663881072516969	0.010824090909090908	0.002084445046941514	0.9461659090909091	0.0066521668000387064
tw0	rTBR	0.5	20	11	0.3962974545454545	0.034711722673095385	0.393451	0.03487567368029679	0.10571554545454548	0.01596866895879874	0.6037025454545455	0.034711722673095385
tw0	rTBR	0.5	30	11	0.6865232727272728	0.0472270825934925	0.6826878181818181	0.04744044622199657	0.21646790909090913	0.032018344548499784	0.31347672727272724	0.0472270825934925
tw0	rTBR	0.5	40	11	0.8110712727272726	0.04798817776174213	0.8066117272727272	0.04829729589307741	0.2975669090909091	0.04603433912979913	0.18892872727272736	0.04798817776174213
tw0	rTBR	0.5	50	11	0.8719601818181818	0.039993908003553416	0.867144909090909	0.04032219774932336	0.3535273636363636	0.056381826602561594	0.1280398181818182	0.039993908003553416
tw0	rTBR	0.5	60	11	0.9019756363636365	0.034892052676862656	0.8965457272727272	0.035033567941486404	0.3917991818181818	0.06389351227668769	0.09802436363636347	0.034892052676862656
tw0	rTBR	0.5	70	11	0.9185236363636364	0.0291227939694456	0.9126691818181819	0.029331461543356852	0.4191078181818181	0.068962033402026	0.08147636363636357	0.0291227939694456
tw0	rTBR	0.5	80	11	0.9301614545454545	0.0263188557641453	0.923855090909091	0.026580590611967065	0.4392268181818182	0.07287757014782559	0.06983854545454549	0.0263188557641453
tw0	rTBR	0.5	90	11	0.9366989090909091	0.024300886609884144	0.9299743636363637	0.024584424507204012	0.4556594545454546	0.07592350007826223	0.06330109090909086	0.024300886609884144
tw0	rTBR	0.5	100	11	0.942098090909091	0.022312968236779643	0.9350972727272729	0.022659531930931974	0.4691872727272726	0.07823448026751968	0.057901909090908976	0.022312968236779643
tw0	rTBR	0.5	200	11	0.9692325454545454	0.01155340186687543	0.958949	0.012453086830909916	0.5269096363636364	0.08924889196982405	0.030767454545454598	0.01155340186687543
tw0	rTBR	0.5	300	11	0.9796638181818181	0.006895486890078151	0.9674817272727274	0.008453546046795357	0.5456983636363636	0.09324130670599444	0.020336181818181864	0.006895486890078151
tw0	rTBR	0.5	400	11	0.9845632727272728	0.004900517147275768	0.9705043636363637	0.007093528838792225	0.5554689090909091	0.09517370684743236	0.015436727272727158	0.004900517147275768
tw0	rTBR	0.5	500	11	0.9868353636363636	0.004041313387485282	0.9715342727272728	0.0066153346621740956	0.5618242727272728	0.09634059183467888	0.013164636363636406	0.004041313387485282
tw0	rTBR	0.5	600	11	0.9884693636363638	0.0034885150690196105	0.9723431818181819	0.006289937344417212	0.565804	0.09697583164892169	0.01153063636363616	0.0034885150690196105
tw0	rTBR	0.5	700	11	0.9898509090909091	0.0031033120619298033	0.9728046363636363	0.006130011330662418	0.5688354545454545	0.0975951121699297	0.010149090909090885	0.0031033120619298033
tw0	rTBR	0.5	800	11	0.9910561818181818	0.002817353864301431	0.9732569090909091	0.005979200394176392	0.5708933636363637	0.09800884748116763	0.00894381818181822	0.002817353864301431
tw0	rTBR	0.5	900	11	0.9917823636363636	0.0026007213519354984	0.9734033636363637	0.005926761214682756	0.5728752727272727	0.0982625036709963	0.008217636363636371	0.0026007213519354984
tw0	rTBR	0.5	1000	11	0.9924049090909091	0.0024263945285679443	0.9735489090909092	0.005875952392366317	0.5743414545454545	0.09854780125671948	0.00759509090909094	0.0024263945285679443
tw0	rTBR	0.5	2000	11	0.9959706363636364	0.0013004051695370466	0.9739119090909092	0.005739874174190341	0.5808595454545454	0.09926298562783646	0.0040293636363636365	0.0013004051695370466
tw0	rTBR	0.5	3000	11	0.9971815454545454	0.000986329470711176	0.9739119090909092	0.005739874174190341	0.582961	0.09969432170936772	0.002818454545454596	0.000986329470711176
tw0	rTBR	0.5	4000	11	0.9978709090909093	0.0008153669051921607	0.9739119090909092	0.005739874174190341	0.5842506363636364	0.09982873468798929	0.0021290909090907473	0.0008153669051921607
tw0	rTBR	0.5	5000	11	0.998312	0.0006695891413260957	0.9739119090909092	0.005739874174190341	0.5849016363636363	0.09993884721698318	0.0016880000000000228	0.0006695891413260957
tw0	rTBR	0.5	6000	11	0.9985366363636365	0.0005842669264320202	0.9739119090909092	0.005739874174190341	0.585265909090909	0.100040657164289	0.0014633636363634572	0.0005842669264320202
tw0	rTBR	0.5	7000	11	0.9987671818181819	0.0004946254931889383	0.9739119090909092	0.005739874174190341	0.5856633636363636	0.10005984651726936	0.001232818181818085	0.0004946254931889383
tw0	rTBR	0.5	8000	11	0.9989349999999999	0.00043332081333895224	0.9739119090909092	0.005739874174190341	0.5859838181818181	0.10011413357679853	0.0010650000000000936	0.00043332081333895224
tw0	rTBR	0.5	9000	11	0.9990473636363636	0.0003917195952748787	0.9739119090909092	0.005739874174190341	0.5860207272727272	0.10018304806558215	0.0009526363636364055	0.0003917195952748787
tw0	rTBR	0.5	10000	11	0.9991274545454547	0.0003526479151591775	0.9739119090909092	0.005739874174190341	0.5861467272727273	0.10018667337272238	0.0008725454545452926	0.0003526479151591775
tw0	rTBR	0.5	20000	11	0.9995517272727272	0.00016201201363473682	0.9739119090909092	0.005739874174190341	0.5866821818181818	0.10027192152322768	0.00044827272727276934	0.00016201201363473682
tw0	rTBR	0.5	30000	11	0.9996907272727273	0.00010874976204020192	0.9739119090909092	0.005739874174190341	0.5869207272727273	0.10028471290925932	0.0003092727272726581	0.00010874976204020192
tw0	rTBR	0.5	40000	11	0.9997638181818183	7.621832494781647e-05	0.9739119090909092	0.005739874174190341	0.5869965454545455	0.10029789147746224	0.00023618181818174655	7.621832494781647e-05
tw0	rTBR	0.5	50000	11	0.9998005454545456	6.227203715609403e-05	0.9739119090909092	0.005739874174190341	0.5870548181818181	0.1003058162878829	0.00019945454545444719	6.227203715609403e-05
tw0	rTBR	0.5	60000	11	0.9998290909090908	5.270836651638965e-05	0.9739119090909092	0.005739874174190341	0.587111	0.10030783597506229	0.00017090909090922146	5.270836651638965e-05
tw0	rTBR	0.5	70000	11	0.9998469999999998	4.620251862477932e-05	0.9739119090909092	0.005739874174190341	0.5870582727272727	0.10032785524152946	0.00015300000000018077	4.620251862477932e-05
tw0	rTBR	0.5	80000	11	0.9998599090909092	4.20688730850318e-05	0.9739119090909092	0.005739874174190341	0.5870720909090908	0.1003287248120311	0.00014009090909083977	4.20688730850318e-05
tw0	rTBR	0.5	90000	11	0.9998727272727272	3.848472918139274e-05	0.9739119090909092	0.005739874174190341	0.5870702727272726	0.10033486405152507	0.00012727272727275363	3.848472918139274e-05
tw0	rTBR	0.5	100000	11	0.9998818181818181	3.541746312505248e-05	0.9739119090909092	0.005739874174190341	0.5871052727272726	0.10032986566721622	0.0001181818181819061	3.541746312505248e-05
tw0	rTBR	0.5	200000	11	0.9999301818181819	2.1294821471138823e-05	0.9739119090909092	0.005739874174190341	0.587171909090909	0.10034421578985503	6.981818181805988e-05	2.1294821471138823e-05
tw0	rTBR	0.5	300000	11	0.9999496363636364	1.5846578482024548e-05	0.9739119090909092	0.005739874174190341	0.5871693636363636	0.1003403186684987	5.036363636357066e-05	1.5846578482024548e-05
tw0	rTBR	0.5	400000	11	0.9999607272727274	1.2632635159548623e-05	0.9739119090909092	0.005739874174190341	0.5871990909090908	0.10034062341530423	3.92727272725546e-05	1.2632635159548623e-05
tw0	rTBR	0.5	500000	11	0.9999682727272726	1.0170448197051148e-05	0.9739119090909092	0.005739874174190341	0.5872087272727272	0.10034292027298561	3.172727272737763e-05	1.0170448197051148e-05
tw0	rTBR	0.5	600000	11	0.9999730909090908	8.573165900280905e-06	0.9739119090909092	0.005739874174190341	0.587203090909091	0.1003437184956564	2.690909090918847e-05	8.573165900280905e-06
tw0	rTBR	0.5	700000	11	0.9999763636363636	7.510323473576028e-06	0.9739119090909092	0.005739874174190341	0.5872121818181818	0.10033894620469871	2.3636363636447832e-05	7.510323473576028e-06
tw0	rTBR	0.5	800000	11	0.9999790909090911	6.692539327085423e-06	0.9739119090909092	0.005739874174190341	0.5872267272727272	0.10033609872170914	2.0909090908904915e-05	6.692539327085423e-06
tw0	rTBR	0.5	900000	11	0.9999809999999999	6.054299749312375e-06	0.9739119090909092	0.005739874174190341	0.5872237272727273	0.10033714292542927	1.900000000010227e-05	6.054299749312375e-06
tw0	rTBR	0.5	1000000	11	0.9999828181818183	5.389920191377141e-06	0.9739119090909092	0.005739874174190341	0.5872261818181818	0.10033660349931382	1.718181818166631e-05	5.389920191377141e-06
tw2	MC3_NNI	0.0	1	1	0.0	0.0	0.0	0.0	0.0	0.0	1.0	0.0
tw2	MC3_NNI	0.0	2	1	0.0	0.0	0.0	0.0	0.0	0.0	1.0	0.0
tw2	MC3_NNI	0.0	3	1	0.0	0.0	0.0	0.0	0.0	0.0	1.0	0.0
tw2	MC3_NNI	0.0	4	1	0.0	0.0	0.0	0.0	0.0	0.0	1.0	0.0
tw2	MC3_NNI	0.0	5	1	0.0	0.0	0.0	0.0	0.0	0.0	1.0	0.0
tw2	MC3_NNI	0.0	6	1	0.0	0.0	0.0	0.0	0.0	0.0	1.0	0.0
tw2	MC3_NNI	0.0	7	1	0.0	0.0	0.0	0.0	0.0	0.0	1.0	0.0
tw2	MC3_NNI	0.0	8	1	0.0	0.0	0.0	0.0	0.0	0.0	1.0	0.0
tw2	MC3_NNI	0.0	9	1	0.0	0.0	0.0	0.0	0.0	0.0	1.0	0.0
tw2	MC3_NNI	0.0	10	1	0.0	0.0	0.0	0.0	0.0	0.0	1.0	0.0
tw2	MC3_NNI	0.0	20	1	0.0	0.0	0.0	0.0	0.0	0.0	1.0	0.0
tw2	MC3_NNI	0.0	30	1	0.000192	0.0	0.0	0.0	5.1e-05	0.0	0.999808	0.0
tw2	MC3_NNI	0.0	40	1	0.057228	0.0	0.056353	0.0	0.00619	0.0	0.9427719999999999	0.0
tw2	MC3_NNI	0.0	50	1	0.127945	0.0	0.126537	0.0	0.024535	0.0	0.872055	0.0
tw2	MC3_NNI	0.0	60	1	0.277009	0.0	0.274539	0.0	0.05514	0.0	0.7229909999999999	0.0
tw2	MC3_NNI	0.0	70	1	0.391549	0.0	0.387825	0.0	0.089929	0.0	0.6084510000000001	0.0
tw2	MC3_NNI	0.0	80	1	0.505652	0.0	0.500532	0.0	0.123865	0.0	0.494348	0.0
tw2	MC3_NNI	0.0	90	1	0.590135	0.0	0.584858	0.0	0.158702	0.0	0.40986500000000003	0.0
tw2	MC3_NNI	0.0	100	1	0.666898	0.0	0.660752	0.0	0.186907	0.0	0.333102	0.0
tw2	MC3_NNI	0.0	200	1	0.85216	0.0	0.841623	0.0	0.325246	0.0	0.14783999999999997	0.0
tw2	MC3_NNI	0.0	300	1	0.864902	0.0	0.849646	0.0	0.372561	0.0	0.13509800000000005	0.0
tw2	MC3_NNI	0.0	400	1	0.885137	0.0	0.86615	0.0	0.394406	0.0	0.11486300000000005	0.0
tw2	MC3_NNI	0.0	500	1	0.893765	0.0	0.872174	0.0	0.410679	0.0	0.10623499999999997	0.0
tw2	MC3_NNI	0.0	600	1	0.90134	0.0	0.878198	0.0	0.420969	0.0	0.09865999999999997	0.0
tw2	MC3_NNI	0.0	700	1	0.902199	0.0	0.878198	0.0	0.428586	0.0	0.09780100000000003	0.0
tw2	MC3_NNI	0.0	800	1	0.903266	0.0	0.878198	0.0	0.434435	0.0	0.09673399999999999	0.0
tw2	MC3_NNI	0.0	900	1	0.90374	0.0	0.878198	0.0	0.438785	0.0	0.09626000000000001	0.0
tw2	MC3_NNI	0.0	1000	1	0.910728	0.0	0.884221	0.0	0.441644	0.0	0.08927200000000002	0.0
tw2	MC3_NNI	0.0	2000	1	0.914597	0.0	0.884221	0.0	0.456115	0.0	0.085403	0.0
tw2	MC3_NNI	0.0	3000	1	0.928124	0.0	0.896269	0.0	0.459785	0.0	0.07187600000000005	0.0
tw2	MC3_NNI	0.0	4000	1	0.9348	0.0	0.902292	0.0	0.462368	0.0	0.06520000000000004	0.0
tw2	MC3_NNI	0.0	5000	1	0.941242	0.0	0.908316	0.0	0.463303	0.0	0.05875799999999998	0.0
tw2	MC3_NNI	0.0	6000	1	0.95357	0.0	0.920363	0.0	0.464085	0.0	0.04642999999999997	0.0
tw2	MC3_NNI	0.0	7000	1	0.965857	0.0	0.93241	0.0	0.464562	0.0	0.034143000000000034	0.0
tw2	MC3_NNI	0.0	8000	1	0.972255	0.0	0.938434	0.0	0.46484	0.0	0.02774500000000002	0.0
tw2	MC3_NNI	0.0	9000	1	0.972459	0.0	0.938434	0.0	0.464336	0.0	0.027541000000000038	0.0
tw2	MC3_NNI	0.0	10000	1	0.972593	0.0	0.938434	0.0	0.464448	0.0	0.02740699999999996	0.0
tw2	MC3_NNI	0.0	20000	1	0.999204	0.0	0.963732	0.0	0.46463	0.0	0.0007960000000000189	0.0
tw2	MC3_NNI	0.0	30000	1	0.999504	0.0	0.963732	0.0	0.462236	0.0	0.000496000000000052	0.0
tw2	MC3_NNI	0.0	40000	1	0.999614	0.0	0.963732	0.0	0.462826	0.0	0.00038599999999999746	0.0
tw2	MC3_NNI	0.0	50000	1	0.999685	0.0	0.963732	0.0	0.464687	0.0	0.0003149999999999542	0.0
tw2	MC3_NNI	0.0	60000	1	0.999741	0.0	0.963732	0.0	0.467365	0.0	0.0002590000000000092	0.0
tw2	MC3_NNI	0.0	70000	1	0.999786	0.0	0.963732	0.0	0.467647	0.0	0.00021400000000004749	0.0
tw2	MC3_NNI	0.0	80000	1	0.999811	0.0	0.963732	0.0	0.466941	0.0	0.00018899999999999473	0.0
tw2	MC3_NNI	0.0	90000	1	0.999826	0.0	0.963732	0.0	0.466753	0.0	0.00017400000000000748	0.0
tw2	MC3_NNI	0.0	100000	1	0.999845	0.0	0.963732	0.0	0.467348	0.0	0.00015500000000001624	0.0
tw2	MC3_NNI	0.0	200000	1	0.999908	0.0	0.963732	0.0	0.470204	0.0	9.199999999998099e-05	0.0
tw2	MC3_NNI	0.0	300000	1	0.99993	0.0	0.963732	0.0	0.470847	0.0	7.00000000000145e-05	0.0
tw2	MC3_NNI	0.0	400000	1	0.999945	0.0	0.963732	0.0	0.472158	0.0	5.500000000002725e-05	0.0
tw2	MC3_NNI	0.0	500000	1	0.999955	0.0	0.963732	0.0	0.471264	0.0	4.499999999996174e-05	0.0
tw2	MC3_NNI	0.0	600000	1	0.99996	0.0	0.963732	0.0	0.471174	0.0	4.0000000000040004e-05	0.0
tw2	MC3_NNI	0.0	700000	1	0.999965	0.0	0.963732	0.0	0.471913	0.0	3.500000000000725e-05	0.0
tw2	MC3_NNI	0.0	800000	1	0.99997	0.0	0.963732	0.0	0.472368	0.0	2.999999999997449e-05	0.0
tw2	MC3_NNI	0.0	900000	1	0.999973	0.0	0.963732	0.0	0.472584	0.0	2.6999999999999247e-05	0.0
tw2	MC3_NNI	0.0	1000000	1	0.999975	0.0	0.963732	0.0	0.472634	0.0	2.5000000000052758e-05	0.0
tw2	MC3_NNI	0.02	1	1	0.0	0.0	0.0	0.0	0.0	0.0	1.0	0.0
tw2	MC3_NNI	0.02	2	1	0.0	0.0	0.0	0.0	0.0	0.0	1.0	0.0
tw2	MC3_NNI	0.02	3	1	0.0	0.0	0.0	0.0	0.0	0.0	1.0	0.0
tw2	MC3_NNI	0.02	4	1	0.0	0.0	0.0	0.0	0.0	0.0	1.0	0.0
tw2	MC3_NNI	0.02	5	1	0.0	0.0	0.0	0.0	0.0	0.0	1.0	0.0
tw2	MC3_NNI	0.02	6	1	0.0	0.0	0.0	0.0	0.0	0.0	1.0	0.0
tw2	MC3_NNI	0.02	7	1	0.0	0.0	0.0	0.0	0.0	0.0	1.0	0.0
tw2	MC3_NNI	0.02	8	1	0.0	0.0	0.0	0.0	0.0	0.0	1.0	0.0
tw2	MC3_NNI	0.02	9	1	0.0	0.0	0.0	0.0	0.0	0.0	1.0	0.0
tw2	MC3_NNI	0.02	10	1	0.0	0.0	0.0	0.0	0.0	0.0	1.0	0.0
tw2	MC3_NNI	0.02	20	1	0.000161	0.0	0.0	0.0	3.5e-05	0.0	0.999839	0.0
tw2	MC3_NNI	0.02	30	1	0.095023	0.0	0.093699	0.0	0.013522	0.0	0.904977	0.0
tw2	MC3_NNI	0.02	40	1	0.266804	0.0	0.263338	0.0	0.04803	0.0	0.733196	0.0
tw2	MC3_NNI	0.02	50	1	0.372142	0.0	0.366939	0.0	0.087306	0.0	0.627858	0.0
tw2	MC3_NNI	0.02	60	1	0.54017	0.0	0.533495	0.0	0.126859	0.0	0.45982999999999996	0.0
tw2	MC3_NNI	0.02	70	1	0.620979	0.0	0.613364	0.0	0.166668	0.0	0.37902100000000005	0.0
tw2	MC3_NNI	0.02	80	1	0.716236	0.0	0.707954	0.0	0.195242	0.0	0.283764	0.0
tw2	MC3_NNI	0.02	90	1	0.76102	0.0	0.751948	0.0	0.221229	0.0	0.23897999999999997	0.0
tw2	MC3_NNI	0.02	100	1	0.800968	0.0	0.791076	0.0	0.24167	0.0	0.199032	0.0
tw2	MC3_NNI	0.02	200	1	0.923826	0.0	0.909303	0.0	0.353166	0.0	0.07617399999999996	0.0
tw2	MC3_NNI	0.02	300	1	0.936463	0.0	0.918892	0.0	0.390872	0.0	0.06353699999999995	0.0
tw2	MC3_NNI	0.02	400	1	0.941684	0.0	0.920675	0.0	0.40884	0.0	0.058316000000000034	0.0
tw2	MC3_NNI	0.02	500	1	0.944289	0.0	0.920675	0.0	0.419369	0.0	0.055710999999999955	0.0
tw2	MC3_NNI	0.02	600	1	0.946236	0.0	0.921567	0.0	0.428446	0.0	0.053764000000000034	0.0
tw2	MC3_NNI	0.02	700	1	0.947968	0.0	0.921567	0.0	0.433063	0.0	0.05203199999999997	0.0
tw2	MC3_NNI	0.02	800	1	0.949284	0.0	0.921567	0.0	0.436336	0.0	0.05071599999999998	0.0
tw2	MC3_NNI	0.02	900	1	0.949997	0.0	0.921567	0.0	0.4395	0.0	0.05000300000000002	0.0
tw2	MC3_NNI	0.02	1000	1	0.950661	0.0	0.921567	0.0	0.442115	0.0	0.04933900000000002	0.0
tw2	MC3_NNI	0.02	2000	1	0.959464	0.0	0.92759	0.0	0.454068	0.0	0.040536000000000016	0.0
tw2	MC3_NNI	0.02	3000	1	0.960507	0.0	0.92759	0.0	0.460809	0.0	0.039493	0.0
tw2	MC3_NNI	0.02	4000	1	0.967196	0.0	0.933614	0.0	0.464167	0.0	0.032804000000000055	0.0
tw2	MC3_NNI	0.02	5000	1	0.967581	0.0	0.933614	0.0	0.466209	0.0	0.032418999999999976	0.0
tw2	MC3_NNI	0.02	6000	1	0.967835	0.0	0.933614	0.0	0.467559	0.0	0.032165	0.0
tw2	MC3_NNI	0.02	7000	1	0.967945	0.0	0.933614	0.0	0.468365	0.0	0.032054999999999945	0.0
tw2	MC3_NNI	0.02	8000	1	0.974048	0.0	0.939638	0.0	0.469361	0.0	0.025951999999999975	0.0
tw2	MC3_NNI	0.02	9000	1	0.974113	0.0	0.939638	0.0	0.470791	0.0	0.025886999999999993	0.0
tw2	MC3_NNI	0.02	10000	1	0.986262	0.0	0.951685	0.0	0.471713	0.0	0.013738000000000028	0.0
tw2	MC3_NNI	0.02	20000	1	0.999299	0.0	0.963732	0.0	0.469869	0.0	0.0007009999999999517	0.0
tw2	MC3_NNI	0.02	30000	1	0.999462	0.0	0.963732	0.0	0.471314	0.0	0.0005380000000000384	0.0
tw2	MC3_NNI	0.02	40000	1	0.999622	0.0	0.963732	0.0	0.473504	0.0	0.00037799999999998946	0.0
tw2	MC3_NNI	0.02	50000	1	0.999683	0.0	0.963732	0.0	0.473854	0.0	0.0003170000000000117	0.0
tw2	MC3_NNI	0.02	60000	1	0.999729	0.0	0.963732	0.0	0.473362	0.0	0.0002710000000000212	0.0
tw2	MC3_NNI	0.02	70000	1	0.99976	0.0	0.963732	0.0	0.473565	0.0	0.00024000000000001798	0.0
tw2	MC3_NNI	0.02	80000	1	0.999805	0.0	0.963732	0.0	0.47366	0.0	0.00019499999999994522	0.0
tw2	MC3_NNI	0.02	90000	1	0.999832	0.0	0.963732	0.0	0.473692	0.0	0.00016799999999994597	0.0
tw2	MC3_NNI	0.02	100000	1	0.999849	0.0	0.963732	0.0	0.473547	0.0	0.00015100000000001224	0.0
tw2	MC3_NNI	0.02	200000	1	0.999913	0.0	0.963732	0.0	0.473393	0.0	8.699999999994823e-05	0.0
tw2	MC3_NNI	0.02	300000	1	0.999935	0.0	0.963732	0.0	0.474195	0.0	6.499999999998174e-05	0.0
tw2	MC3_NNI	0.02	400000	1	0.999949	0.0	0.963732	0.0	0.475287	0.0	5.100000000002325e-05	0.0
tw2	MC3_NNI	0.02	500000	1	0.999957	0.0	0.963732	0.0	0.474927	0.0	4.300000000001525e-05	0.0
tw2	MC3_NNI	0.02	600000	1	0.999963	0.0	0.963732	0.0	0.475249	0.0	3.6999999999953737e-05	0.0
tw2	MC3_NNI	0.02	700000	1	0.999968	0.0	0.963732	0.0	0.475297	0.0	3.2000000000032e-05	0.0
tw2	MC3_NNI	0.02	800000	1	0.999972	0.0	0.963732	0.0	0.474905	0.0	2.8000000000028002e-05	0.0
tw2	MC3_NNI	0.02	900000	1	0.999976	0.0	0.963732	0.0	0.475182	0.0	2.4000000000024002e-05	0.0
tw2	MC3_NNI	0.02	1000000	1	0.999978	0.0	0.963732	0.0	0.47575	0.0	2.199999999996649e-05	0.0
tw2	MC3_NNI	0.05	1	1	0.0	0.0	0.0	0.0	0.0	0.0	1.0	0.0
tw2	MC3_NNI	0.05	2	1	0.0	0.0	0.0	0.0	0.0	0.0	1.0	0.0
tw2	MC3_NNI	0.05	3	1	0.0	0.0	0.0	0.0	0.0	0.0	1.0	0.0
tw2	MC3_NNI	0.05	4	1	0.0	0.0	0.0	0.0	0.0	0.0	1.0	0.0
tw2	MC3_NNI	0.05	5	1	0.0	0.0	0.0	0.0	0.0	0.0	1.0	0.0
tw2	MC3_NNI	0.05	6	1	0.0	0.0	0.0	0.0	0.0	0.0	1.0	0.0
tw2	MC3_NNI	0.05	7	1	0.0	0.0	0.0	0.0	0.0	0.0	1.0	0.0
tw2	MC3_NNI	0.05	8	1	0.0	0.0	0.0	0.0	0.0	0.0	1.0	0.0
tw2	MC3_NNI	0.05	9	1	0.0	0.0	0.0	0.0	0.0	0.0	1.0	0.0
tw2	MC3_NNI	0.05	10	1	1e-06	0.0	0.0	0.0	0.0	0.0	0.999999	0.0
tw2	MC3_NNI	0.05	20	1	0.068821	0.0	0.068088	0.0	0.012217	0.0	0.931179	0.0
tw2	MC3_NNI	0.05	30	1	0.232564	0.0	0.2305	0.0	0.060568	0.0	0.767436	0.0
tw2	MC3_NNI	0.05	40	1	0.416352	0.0	0.413078	0.0	0.114561	0.0	0.583648	0.0
tw2	MC3_NNI	0.05	50	1	0.636199	0.0	0.63153	0.0	0.168049	0.0	0.36380100000000004	0.0
tw2	MC3_NNI	0.05	60	1	0.768868	0.0	0.763779	0.0	0.207536	0.0	0.231132	0.0
tw2	MC3_NNI	0.05	70	1	0.826256	0.0	0.820711	0.0	0.243052	0.0	0.173744	0.0
tw2	MC3_NNI	0.05	80	1	0.857917	0.0	0.851721	0.0	0.267418	0.0	0.14208299999999996	0.0
tw2	MC3_NNI	0.05	90	1	0.878168	0.0	0.870995	0.0	0.287436	0.0	0.12183200000000005	0.0
tw2	MC3_NNI	0.05	100	1	0.890998	0.0	0.883043	0.0	0.302949	0.0	0.10900200000000004	0.0
tw2	MC3_NNI	0.05	200	1	0.925915	0.0	0.91234	0.0	0.379705	0.0	0.07408499999999996	0.0
tw2	MC3_NNI	0.05	300	1	0.947493	0.0	0.929736	0.0	0.404072	0.0	0.05250699999999997	0.0
tw2	MC3_NNI	0.05	400	1	0.959464	0.0	0.938434	0.0	0.41589	0.0	0.040536000000000016	0.0
tw2	MC3_NNI	0.05	500	1	0.961424	0.0	0.938434	0.0	0.422721	0.0	0.038576000000000055	0.0
tw2	MC3_NNI	0.05	600	1	0.976022	0.0	0.950793	0.0	0.426964	0.0	0.023978000000000055	0.0
tw2	MC3_NNI	0.05	700	1	0.978203	0.0	0.950793	0.0	0.430285	0.0	0.021796999999999955	0.0
tw2	MC3_NNI	0.05	800	1	0.979651	0.0	0.951685	0.0	0.432477	0.0	0.02034899999999995	0.0
tw2	MC3_NNI	0.05	900	1	0.980448	0.0	0.951685	0.0	0.434478	0.0	0.019552000000000014	0.0
tw2	MC3_NNI	0.05	1000	1	0.981435	0.0	0.951685	0.0	0.435427	0.0	0.018565000000000054	0.0
tw2	MC3_NNI	0.05	2000	1	0.990182	0.0	0.957709	0.0	0.445218	0.0	0.009817999999999993	0.0
tw2	MC3_NNI	0.05	3000	1	0.991179	0.0	0.957709	0.0	0.447591	0.0	0.008820999999999968	0.0
tw2	MC3_NNI	0.05	4000	1	0.991783	0.0	0.957709	0.0	0.45102	0.0	0.00821700000000003	0.0
tw2	MC3_NNI	0.05	5000	1	0.992069	0.0	0.957709	0.0	0.454274	0.0	0.007931000000000021	0.0
tw2	MC3_NNI	0.05	6000	1	0.992294	0.0	0.957709	0.0	0.457398	0.0	0.007705999999999991	0.0
tw2	MC3_NNI	0.05	7000	1	0.99244	0.0	0.957709	0.0	0.459325	0.0	0.007560000000000011	0.0
tw2	MC3_NNI	0.05	8000	1	0.992527	0.0	0.957709	0.0	0.460528	0.0	0.007472999999999952	0.0
tw2	MC3_NNI	0.05	9000	1	0.992621	0.0	0.957709	0.0	0.461637	0.0	0.007379000000000024	0.0
tw2	MC3_NNI	0.05	10000	1	0.992702	0.0	0.957709	0.0	0.462673	0.0	0.007298000000000027	0.0
tw2	MC3_NNI	0.05	20000	1	0.999303	0.0	0.963732	0.0	0.464918	0.0	0.0006969999999999477	0.0
tw2	MC3_NNI	0.05	30000	1	0.999568	0.0	0.963732	0.0	0.463467	0.0	0.00043199999999998795	0.0
tw2	MC3_NNI	0.05	40000	1	0.999669	0.0	0.963732	0.0	0.464812	0.0	0.0003309999999999702	0.0
tw2	MC3_NNI	0.05	50000	1	0.999727	0.0	0.963732	0.0	0.467123	0.0	0.0002729999999999677	0.0
tw2	MC3_NNI	0.05	60000	1	0.999768	0.0	0.963732	0.0	0.468932	0.0	0.00023200000000000998	0.0
tw2	MC3_NNI	0.05	70000	1	0.999794	0.0	0.963732	0.0	0.47034	0.0	0.00020600000000003948	0.0
tw2	MC3_NNI	0.05	80000	1	0.999814	0.0	0.963732	0.0	0.470636	0.0	0.00018600000000001948	0.0
tw2	MC3_NNI	0.05	90000	1	0.999827	0.0	0.963732	0.0	0.470862	0.0	0.00017299999999997873	0.0
tw2	MC3_NNI	0.05	100000	1	0.999841	0.0	0.963732	0.0	0.469677	0.0	0.00015900000000002024	0.0
tw2	MC3_NNI	0.05	200000	1	0.999917	0.0	0.963732	0.0	0.470711	0.0	8.300000000005525e-05	0.0
tw2	MC3_NNI	0.05	300000	1	0.999938	0.0	0.963732	0.0	0.471525	0.0	6.20000000000065e-05	0.0
tw2	MC3_NNI	0.05	400000	1	0.999952	0.0	0.963732	0.0	0.472793	0.0	4.8000000000048004e-05	0.0
tw2	MC3_NNI	0.05	500000	1	0.999961	0.0	0.963732	0.0	0.47215	0.0	3.900000000001125e-05	0.0
tw2	MC3_NNI	0.05	600000	1	0.999966	0.0	0.963732	0.0	0.471941	0.0	3.399999999997849e-05	0.0
tw2	MC3_NNI	0.05	700000	1	0.999971	0.0	0.963732	0.0	0.471752	0.0	2.8999999999945736e-05	0.0
tw2	MC3_NNI	0.05	800000	1	0.999974	0.0	0.963732	0.0	0.471737	0.0	2.599999999997049e-05	0.0
tw2	MC3_NNI	0.05	900000	1	0.999977	0.0	0.963732	0.0	0.471877	0.0	2.2999999999995246e-05	0.0
tw2	MC3_NNI	0.05	1000000	1	0.999979	0.0	0.963732	0.0	0.472255	0.0	2.1000000000048757e-05	0.0
tw2	MC3_NNI	0.1	1	1	0.0	0.0	0.0	0.0	0.0	0.0	1.0	0.0
tw2	MC3_NNI	0.1	2	1	0.0	0.0	0.0	0.0	0.0	0.0	1.0	0.0
tw2	MC3_NNI	0.1	3	1	0.0	0.0	0.0	0.0	0.0	0.0	1.0	0.0
tw2	MC3_NNI	0.1	4	1	0.0	0.0	0.0	0.0	0.0	0.0	1.0	0.0
tw2	MC3_NNI	0.1	5	1	0.0	0.0	0.0	0.0	0.0	0.0	1.0	0.0
tw2	MC3_NNI	0.1	6	1	3e-06	0.0	0.0	0.0	0.0	0.0	0.999997	0.0
tw2	MC3_NNI	0.1	7	1	0.006027	0.0	0.006024	0.0	0.000861	0.0	0.993973	0.0
tw2	MC3_NNI	0.1	8	1	0.006252	0.0	0.006024	0.0	0.001535	0.0	0.993748	0.0
tw2	MC3_NNI	0.1	9	1	0.006398	0.0	0.006024	0.0	0.002075	0.0	0.993602	0.0
tw2	MC3_NNI	0.1	10	1	0.006464	0.0	0.006024	0.0	0.002513	0.0	0.993536	0.0
tw2	MC3_NNI	0.1	20	1	0.31857	0.0	0.316392	0.0	0.081504	0.0	0.68143	0.0
tw2	MC3_NNI	0.1	30	1	0.607482	0.0	0.604137	0.0	0.173743	0.0	0.39251800000000003	0.0
tw2	MC3_NNI	0.1	40	1	0.722033	0.0	0.717377	0.0	0.226058	0.0	0.27796699999999996	0.0
tw2	MC3_NNI	0.1	50	1	0.839073	0.0	0.833337	0.0	0.266998	0.0	0.16092700000000004	0.0
tw2	MC3_NNI	0.1	60	1	0.860557	0.0	0.854395	0.0	0.302378	0.0	0.13944299999999998	0.0
tw2	MC3_NNI	0.1	70	1	0.866502	0.0	0.858852	0.0	0.319119	0.0	0.133498	0.0
tw2	MC3_NNI	0.1	80	1	0.876543	0.0	0.86755	0.0	0.332479	0.0	0.12345700000000004	0.0
tw2	MC3_NNI	0.1	90	1	0.893825	0.0	0.884367	0.0	0.343853	0.0	0.10617500000000002	0.0
tw2	MC3_NNI	0.1	100	1	0.897646	0.0	0.887042	0.0	0.353165	0.0	0.10235399999999995	0.0
tw2	MC3_NNI	0.1	200	1	0.934068	0.0	0.917689	0.0	0.402444	0.0	0.06593199999999999	0.0
tw2	MC3_NNI	0.1	300	1	0.938274	0.0	0.91858	0.0	0.41702	0.0	0.06172599999999995	0.0
tw2	MC3_NNI	0.1	400	1	0.942341	0.0	0.919472	0.0	0.423834	0.0	0.057659000000000016	0.0
tw2	MC3_NNI	0.1	500	1	0.945495	0.0	0.920363	0.0	0.427819	0.0	0.054505000000000026	0.0
tw2	MC3_NNI	0.1	600	1	0.947598	0.0	0.921255	0.0	0.433313	0.0	0.05240199999999995	0.0
tw2	MC3_NNI	0.1	700	1	0.961419	0.0	0.933614	0.0	0.436057	0.0	0.038580999999999976	0.0
tw2	MC3_NNI	0.1	800	1	0.962011	0.0	0.933614	0.0	0.438809	0.0	0.03798900000000005	0.0
tw2	MC3_NNI	0.1	900	1	0.963289	0.0	0.933614	0.0	0.441432	0.0	0.03671100000000005	0.0
tw2	MC3_NNI	0.1	1000	1	0.963802	0.0	0.933614	0.0	0.442843	0.0	0.03619799999999995	0.0
tw2	MC3_NNI	0.1	2000	1	0.98441	0.0	0.951685	0.0	0.451995	0.0	0.015589999999999993	0.0
tw2	MC3_NNI	0.1	3000	1	0.985362	0.0	0.951685	0.0	0.45535	0.0	0.01463800000000004	0.0
tw2	MC3_NNI	0.1	4000	1	0.985897	0.0	0.951685	0.0	0.457565	0.0	0.014102999999999977	0.0
tw2	MC3_NNI	0.1	5000	1	0.986226	0.0	0.951685	0.0	0.458644	0.0	0.013773999999999953	0.0
tw2	MC3_NNI	0.1	6000	1	0.98643	0.0	0.951685	0.0	0.46042	0.0	0.013569999999999971	0.0
tw2	MC3_NNI	0.1	7000	1	0.986612	0.0	0.951685	0.0	0.461874	0.0	0.013387999999999955	0.0
tw2	MC3_NNI	0.1	8000	1	0.986713	0.0	0.951685	0.0	0.462976	0.0	0.013287000000000049	0.0
tw2	MC3_NNI	0.1	9000	1	0.992836	0.0	0.957709	0.0	0.46373	0.0	0.007163999999999948	0.0
tw2	MC3_NNI	0.1	10000	1	0.99289	0.0	0.957709	0.0	0.464541	0.0	0.00710999999999995	0.0
tw2	MC3_NNI	0.1	20000	1	0.999463	0.0	0.963732	0.0	0.46812	0.0	0.0005370000000000097	0.0
tw2	MC3_NNI	0.1	30000	1	0.999607	0.0	0.963732	0.0	0.472191	0.0	0.0003929999999999767	0.0
tw2	MC3_NNI	0.1	40000	1	0.999698	0.0	0.963732	0.0	0.473448	0.0	0.00030200000000002447	0.0
tw2	MC3_NNI	0.1	50000	1	0.999745	0.0	0.963732	0.0	0.473585	0.0	0.0002550000000000052	0.0
tw2	MC3_NNI	0.1	60000	1	0.999773	0.0	0.963732	0.0	0.473949	0.0	0.00022699999999997722	0.0
tw2	MC3_NNI	0.1	70000	1	0.999814	0.0	0.963732	0.0	0.475228	0.0	0.00018600000000001948	0.0
tw2	MC3_NNI	0.1	80000	1	0.999836	0.0	0.963732	0.0	0.47583	0.0	0.000164000000000053	0.0
tw2	MC3_NNI	0.1	90000	1	0.999853	0.0	0.963732	0.0	0.476181	0.0	0.00014700000000000824	0.0
tw2	MC3_NNI	0.1	100000	1	0.999865	0.0	0.963732	0.0	0.476297	0.0	0.00013499999999999623	0.0
tw2	MC3_NNI	0.1	200000	1	0.999924	0.0	0.963732	0.0	0.474302	0.0	7.599999999996498e-05	0.0
tw2	MC3_NNI	0.1	300000	1	0.999946	0.0	0.963732	0.0	0.474272	0.0	5.3999999999998494e-05	0.0
tw2	MC3_NNI	0.1	400000	1	0.999959	0.0	0.963732	0.0	0.474009	0.0	4.099999999995774e-05	0.0
tw2	MC3_NNI	0.1	500000	1	0.999967	0.0	0.963732	0.0	0.474984	0.0	3.2999999999949736e-05	0.0
tw2	MC3_NNI	0.1	600000	1	0.999972	0.0	0.963732	0.0	0.475089	0.0	2.8000000000028002e-05	0.0
tw2	MC3_NNI	0.1	700000	1	0.999976	0.0	0.963732	0.0	0.474981	0.0	2.4000000000024002e-05	0.0
tw2	MC3_NNI	0.1	800000	1	0.999978	0.0	0.963732	0.0	0.474303	0.0	2.199999999996649e-05	0.0
tw2	MC3_NNI	0.1	900000	1	0.99998	0.0	0.963732	0.0	0.474445	0.0	2.0000000000020002e-05	0.0
tw2	MC3_NNI	0.1	1000000	1	0.999982	0.0	0.963732	0.0	0.473851	0.0	1.799999999996249e-05	0.0
tw2	MC3_NNI	0.2	1	1	0.0	0.0	0.0	0.0	0.0	0.0	1.0	0.0
tw2	MC3_NNI	0.2	2	1	0.0	0.0	0.0	0.0	0.0	0.0	1.0	0.0
tw2	MC3_NNI	0.2	3	1	0.0	0.0	0.0	0.0	0.0	0.0	1.0	0.0
tw2	MC3_NNI	0.2	4	1	1e-06	0.0	0.0	0.0	0.0	0.0	0.999999	0.0
tw2	MC3_NNI	0.2	5	1	0.000165	0.0	0.0	0.0	3.3e-05	0.0	0.999835	0.0
tw2	MC3_NNI	0.2	6	1	0.000169	0.0	0.0	0.0	5.6e-05	0.0	0.999831	0.0
tw2	MC3_NNI	0.2	7	1	0.02585	0.0	0.025611	0.0	0.00374	0.0	0.97415	0.0
tw2	MC3_NNI	0.2	8	1	0.039238	0.0	0.038862	0.0	0.008155	0.0	0.960762	0.0
tw2	MC3_NNI	0.2	9	1	0.065677	0.0	0.065051	0.0	0.014418	0.0	0.934323	0.0
tw2	MC3_NNI	0.2	10	1	0.159104	0.0	0.158171	0.0	0.027343	0.0	0.840896	0.0
tw2	MC3_NNI	0.2	20	1	0.621964	0.0	0.6177	0.0	0.169272	0.0	0.37803600000000004	0.0
tw2	MC3_NNI	0.2	30	1	0.742189	0.0	0.735806	0.0	0.252418	0.0	0.257811	0.0
tw2	MC3_NNI	0.2	40	1	0.831018	0.0	0.823698	0.0	0.30595	0.0	0.16898199999999997	0.0
tw2	MC3_NNI	0.2	50	1	0.875318	0.0	0.866704	0.0	0.334893	0.0	0.12468199999999996	0.0
tw2	MC3_NNI	0.2	60	1	0.882701	0.0	0.872945	0.0	0.352821	0.0	0.11729900000000004	0.0
tw2	MC3_NNI	0.2	70	1	0.890929	0.0	0.87986	0.0	0.371339	0.0	0.10907100000000003	0.0
tw2	MC3_NNI	0.2	80	1	0.899692	0.0	0.887666	0.0	0.382325	0.0	0.10030799999999995	0.0
tw2	MC3_NNI	0.2	90	1	0.902217	0.0	0.889449	0.0	0.391545	0.0	0.09778299999999995	0.0
tw2	MC3_NNI	0.2	100	1	0.9037	0.0	0.890341	0.0	0.401089	0.0	0.09630000000000005	0.0
tw2	MC3_NNI	0.2	200	1	0.920439	0.0	0.900822	0.0	0.434899	0.0	0.07956099999999999	0.0
tw2	MC3_NNI	0.2	300	1	0.927203	0.0	0.903496	0.0	0.447492	0.0	0.072797	0.0
tw2	MC3_NNI	0.2	400	1	0.93547	0.0	0.90952	0.0	0.45323	0.0	0.06452999999999998	0.0
tw2	MC3_NNI	0.2	500	1	0.937214	0.0	0.90952	0.0	0.455885	0.0	0.06278600000000001	0.0
tw2	MC3_NNI	0.2	600	1	0.937946	0.0	0.90952	0.0	0.457805	0.0	0.062054000000000054	0.0
tw2	MC3_NNI	0.2	700	1	0.938691	0.0	0.90952	0.0	0.459046	0.0	0.06130899999999995	0.0
tw2	MC3_NNI	0.2	800	1	0.9391	0.0	0.90952	0.0	0.46012	0.0	0.060899999999999954	0.0
tw2	MC3_NNI	0.2	900	1	0.93965	0.0	0.90952	0.0	0.461661	0.0	0.060350000000000015	0.0
tw2	MC3_NNI	0.2	1000	1	0.940345	0.0	0.90952	0.0	0.462802	0.0	0.059655000000000014	0.0
tw2	MC3_NNI	0.2	2000	1	0.966755	0.0	0.933614	0.0	0.469029	0.0	0.03324499999999997	0.0
tw2	MC3_NNI	0.2	3000	1	0.979731	0.0	0.945661	0.0	0.470482	0.0	0.02026899999999998	0.0
tw2	MC3_NNI	0.2	4000	1	0.9923	0.0	0.957709	0.0	0.470209	0.0	0.00770000000000004	0.0
tw2	MC3_NNI	0.2	5000	1	0.992548	0.0	0.957709	0.0	0.469993	0.0	0.007452000000000014	0.0
tw2	MC3_NNI	0.2	6000	1	0.992664	0.0	0.957709	0.0	0.469844	0.0	0.007336000000000009	0.0
tw2	MC3_NNI	0.2	7000	1	0.998795	0.0	0.963732	0.0	0.468811	0.0	0.0012050000000000116	0.0
tw2	MC3_NNI	0.2	8000	1	0.998955	0.0	0.963732	0.0	0.468019	0.0	0.0010449999999999626	0.0
tw2	MC3_NNI	0.2	9000	1	0.999031	0.0	0.963732	0.0	0.468381	0.0	0.0009689999999999976	0.0
tw2	MC3_NNI	0.2	10000	1	0.999144	0.0	0.963732	0.0	0.468616	0.0	0.0008559999999999679	0.0
tw2	MC3_NNI	0.2	20000	1	0.9995	0.0	0.963732	0.0	0.470784	0.0	0.0004999999999999449	0.0
tw2	MC3_NNI	0.2	30000	1	0.99964	0.0	0.963732	0.0	0.467202	0.0	0.00036000000000002697	0.0
tw2	MC3_NNI	0.2	40000	1	0.999745	0.0	0.963732	0.0	0.467899	0.0	0.0002550000000000052	0.0
tw2	MC3_NNI	0.2	50000	1	0.999789	0.0	0.963732	0.0	0.46921	0.0	0.00021099999999996122	0.0
tw2	MC3_NNI	0.2	60000	1	0.999822	0.0	0.963732	0.0	0.470449	0.0	0.00017800000000001148	0.0
tw2	MC3_NNI	0.2	70000	1	0.999844	0.0	0.963732	0.0	0.471032	0.0	0.000156000000000045	0.0
tw2	MC3_NNI	0.2	80000	1	0.999859	0.0	0.963732	0.0	0.470569	0.0	0.00014099999999994672	0.0
tw2	MC3_NNI	0.2	90000	1	0.999874	0.0	0.963732	0.0	0.471371	0.0	0.00012599999999995948	0.0
tw2	MC3_NNI	0.2	100000	1	0.999886	0.0	0.963732	0.0	0.471358	0.0	0.00011399999999994748	0.0
tw2	MC3_NNI	0.2	200000	1	0.999934	0.0	0.963732	0.0	0.470696	0.0	6.60000000000105e-05	0.0
tw2	MC3_NNI	0.2	300000	1	0.999954	0.0	0.963732	0.0	0.473305	0.0	4.599999999999049e-05	0.0
tw2	MC3_NNI	0.2	400000	1	0.999963	0.0	0.963732	0.0	0.473194	0.0	3.6999999999953737e-05	0.0
tw2	MC3_NNI	0.2	500000	1	0.99997	0.0	0.963732	0.0	0.473552	0.0	2.999999999997449e-05	0.0
tw2	MC3_NNI	0.2	600000	1	0.999975	0.0	0.963732	0.0	0.47383	0.0	2.5000000000052758e-05	0.0
tw2	MC3_NNI	0.2	700000	1	0.999978	0.0	0.963732	0.0	0.47382	0.0	2.199999999996649e-05	0.0
tw2	MC3_NNI	0.2	800000	1	0.999981	0.0	0.963732	0.0	0.474087	0.0	1.8999999999991246e-05	0.0
tw2	MC3_NNI	0.2	900000	1	0.999983	0.0	0.963732	0.0	0.474007	0.0	1.7000000000044757e-05	0.0
tw2	MC3_NNI	0.2	1000000	1	0.999985	0.0	0.963732	0.0	0.474053	0.0	1.4999999999987246e-05	0.0
tw2	MC3_NNI	0.3	1	1	0.0	0.0	0.0	0.0	0.0	0.0	1.0	0.0
tw2	MC3_NNI	0.3	2	1	0.0	0.0	0.0	0.0	0.0	0.0	1.0	0.0
tw2	MC3_NNI	0.3	3	1	0.0	0.0	0.0	0.0	0.0	0.0	1.0	0.0
tw2	MC3_NNI	0.3	4	1	1e-06	0.0	0.0	0.0	0.0	0.0	0.999999	0.0
tw2	MC3_NNI	0.3	5	1	0.012525	0.0	0.01236	0.0	0.002505	0.0	0.987475	0.0
tw2	MC3_NNI	0.3	6	1	0.024997	0.0	0.024719	0.0	0.006226	0.0	0.975003	0.0
tw2	MC3_NNI	0.3	7	1	0.051591	0.0	0.051221	0.0	0.012667	0.0	0.9484090000000001	0.0
tw2	MC3_NNI	0.3	8	1	0.106523	0.0	0.106058	0.0	0.024241	0.0	0.893477	0.0
tw2	MC3_NNI	0.3	9	1	0.155848	0.0	0.155184	0.0	0.037945	0.0	0.844152	0.0
tw2	MC3_NNI	0.3	10	1	0.192869	0.0	0.191951	0.0	0.050119	0.0	0.807131	0.0
tw2	MC3_NNI	0.3	20	1	0.493332	0.0	0.490539	0.0	0.169721	0.0	0.506668	0.0
tw2	MC3_NNI	0.3	30	1	0.70079	0.0	0.696224	0.0	0.241562	0.0	0.29921	0.0
tw2	MC3_NNI	0.3	40	1	0.734295	0.0	0.728654	0.0	0.284332	0.0	0.26570499999999997	0.0
tw2	MC3_NNI	0.3	50	1	0.793708	0.0	0.78679	0.0	0.311702	0.0	0.20629200000000003	0.0
tw2	MC3_NNI	0.3	60	1	0.834104	0.0	0.826231	0.0	0.335545	0.0	0.16589600000000004	0.0
tw2	MC3_NNI	0.3	70	1	0.8544	0.0	0.845506	0.0	0.351017	0.0	0.14559999999999995	0.0
tw2	MC3_NNI	0.3	80	1	0.862777	0.0	0.853312	0.0	0.362303	0.0	0.13722299999999998	0.0
tw2	MC3_NNI	0.3	90	1	0.87635	0.0	0.866563	0.0	0.369424	0.0	0.12365000000000004	0.0
tw2	MC3_NNI	0.3	100	1	0.878834	0.0	0.867455	0.0	0.376969	0.0	0.121166	0.0
tw2	MC3_NNI	0.3	200	1	0.930736	0.0	0.912244	0.0	0.409557	0.0	0.06926399999999999	0.0
tw2	MC3_NNI	0.3	300	1	0.941439	0.0	0.919159	0.0	0.420714	0.0	0.058560999999999974	0.0
tw2	MC3_NNI	0.3	400	1	0.963151	0.0	0.937542	0.0	0.427549	0.0	0.03684900000000002	0.0
tw2	MC3_NNI	0.3	500	1	0.964854	0.0	0.938434	0.0	0.431341	0.0	0.03514600000000001	0.0
tw2	MC3_NNI	0.3	600	1	0.966649	0.0	0.938434	0.0	0.434376	0.0	0.03335100000000002	0.0
tw2	MC3_NNI	0.3	700	1	0.96755	0.0	0.938434	0.0	0.435857	0.0	0.03244999999999998	0.0
tw2	MC3_NNI	0.3	800	1	0.968461	0.0	0.938434	0.0	0.43637	0.0	0.031538999999999984	0.0
tw2	MC3_NNI	0.3	900	1	0.969113	0.0	0.938434	0.0	0.436406	0.0	0.030886999999999998	0.0
tw2	MC3_NNI	0.3	1000	1	0.969847	0.0	0.938434	0.0	0.437717	0.0	0.030152999999999985	0.0
tw2	MC3_NNI	0.3	2000	1	0.985388	0.0	0.951685	0.0	0.443905	0.0	0.014611999999999958	0.0
tw2	MC3_NNI	0.3	3000	1	0.985924	0.0	0.951685	0.0	0.450356	0.0	0.014075999999999977	0.0
tw2	MC3_NNI	0.3	4000	1	0.986425	0.0	0.951685	0.0	0.455736	0.0	0.013575000000000004	0.0
tw2	MC3_NNI	0.3	5000	1	0.986553	0.0	0.951685	0.0	0.4597	0.0	0.013446999999999987	0.0
tw2	MC3_NNI	0.3	6000	1	0.986703	0.0	0.951685	0.0	0.463209	0.0	0.013297000000000003	0.0
tw2	MC3_NNI	0.3	7000	1	0.992923	0.0	0.957709	0.0	0.465812	0.0	0.007077	0.0
tw2	MC3_NNI	0.3	8000	1	0.993037	0.0	0.957709	0.0	0.467552	0.0	0.0069630000000000525	0.0
tw2	MC3_NNI	0.3	9000	1	0.999183	0.0	0.963732	0.0	0.469621	0.0	0.0008169999999999566	0.0
tw2	MC3_NNI	0.3	10000	1	0.999269	0.0	0.963732	0.0	0.471213	0.0	0.0007310000000000372	0.0
tw2	MC3_NNI	0.3	20000	1	0.999544	0.0	0.963732	0.0	0.472269	0.0	0.00045600000000001195	0.0
tw2	MC3_NNI	0.3	30000	1	0.999689	0.0	0.963732	0.0	0.469959	0.0	0.0003109999999999502	0.0
tw2	MC3_NNI	0.3	40000	1	0.999758	0.0	0.963732	0.0	0.469232	0.0	0.00024199999999996447	0.0
tw2	MC3_NNI	0.3	50000	1	0.999798	0.0	0.963732	0.0	0.469628	0.0	0.00020200000000003548	0.0
tw2	MC3_NNI	0.3	60000	1	0.999825	0.0	0.963732	0.0	0.469396	0.0	0.00017500000000003624	0.0
tw2	MC3_NNI	0.3	70000	1	0.999845	0.0	0.963732	0.0	0.47039	0.0	0.00015500000000001624	0.0
tw2	MC3_NNI	0.3	80000	1	0.999862	0.0	0.963732	0.0	0.472853	0.0	0.00013799999999997148	0.0
tw2	MC3_NNI	0.3	90000	1	0.99987	0.0	0.963732	0.0	0.473411	0.0	0.00012999999999996348	0.0
tw2	MC3_NNI	0.3	100000	1	0.999882	0.0	0.963732	0.0	0.472461	0.0	0.00011799999999995148	0.0
tw2	MC3_NNI	0.3	200000	1	0.999935	0.0	0.963732	0.0	0.474386	0.0	6.499999999998174e-05	0.0
tw2	MC3_NNI	0.3	300000	1	0.999955	0.0	0.963732	0.0	0.474733	0.0	4.499999999996174e-05	0.0
tw2	MC3_NNI	0.3	400000	1	0.999966	0.0	0.963732	0.0	0.475577	0.0	3.399999999997849e-05	0.0
tw2	MC3_NNI	0.3	500000	1	0.999972	0.0	0.963732	0.0	0.476637	0.0	2.8000000000028002e-05	0.0
tw2	MC3_NNI	0.3	600000	1	0.999977	0.0	0.963732	0.0	0.476438	0.0	2.2999999999995246e-05	0.0
tw2	MC3_NNI	0.3	700000	1	0.999979	0.0	0.963732	0.0	0.476329	0.0	2.1000000000048757e-05	0.0
tw2	MC3_NNI	0.3	800000	1	0.999982	0.0	0.963732	0.0	0.476129	0.0	1.799999999996249e-05	0.0
tw2	MC3_NNI	0.3	900000	1	0.999984	0.0	0.963732	0.0	0.475943	0.0	1.6000000000016e-05	0.0
tw2	MC3_NNI	0.3	1000000	1	0.999985	0.0	0.963732	0.0	0.475627	0.0	1.4999999999987246e-05	0.0
tw2	MC3_NNI	0.4	1	1	0.0	0.0	0.0	0.0	0.0	0.0	1.0	0.0
tw2	MC3_NNI	0.4	2	1	0.0	0.0	0.0	0.0	0.0	0.0	1.0	0.0
tw2	MC3_NNI	0.4	3	1	0.0	0.0	0.0	0.0	0.0	0.0	1.0	0.0
tw2	MC3_NNI	0.4	4	1	0.0	0.0	0.0	0.0	0.0	0.0	1.0	0.0
tw2	MC3_NNI	0.4	5	1	0.000892	0.0	0.000891	0.0	0.000178	0.0	0.999108	0.0
tw2	MC3_NNI	0.4	6	1	0.019289	0.0	0.019275	0.0	0.003215	0.0	0.980711	0.0
tw2	MC3_NNI	0.4	7	1	0.019365	0.0	0.019275	0.0	0.005393	0.0	0.980635	0.0
tw2	MC3_NNI	0.4	8	1	0.037769	0.0	0.037658	0.0	0.009317	0.0	0.9622310000000001	0.0
tw2	MC3_NNI	0.4	9	1	0.056153	0.0	0.056041	0.0	0.01441	0.0	0.943847	0.0
tw2	MC3_NNI	0.4	10	1	0.068547	0.0	0.068401	0.0	0.019723	0.0	0.931453	0.0
tw2	MC3_NNI	0.4	20	1	0.264694	0.0	0.262446	0.0	0.093146	0.0	0.735306	0.0
tw2	MC3_NNI	0.4	30	1	0.324914	0.0	0.321741	0.0	0.145668	0.0	0.6750860000000001	0.0
tw2	MC3_NNI	0.4	40	1	0.396727	0.0	0.392816	0.0	0.182349	0.0	0.603273	0.0
tw2	MC3_NNI	0.4	50	1	0.466693	0.0	0.462108	0.0	0.211609	0.0	0.533307	0.0
tw2	MC3_NNI	0.4	60	1	0.532145	0.0	0.525956	0.0	0.237608	0.0	0.467855	0.0
tw2	MC3_NNI	0.4	70	1	0.584982	0.0	0.577756	0.0	0.262239	0.0	0.415018	0.0
tw2	MC3_NNI	0.4	80	1	0.628118	0.0	0.620183	0.0	0.27944	0.0	0.37188200000000005	0.0
tw2	MC3_NNI	0.4	90	1	0.635791	0.0	0.627098	0.0	0.295522	0.0	0.364209	0.0
tw2	MC3_NNI	0.4	100	1	0.638216	0.0	0.628881	0.0	0.308103	0.0	0.361784	0.0
tw2	MC3_NNI	0.4	200	1	0.780524	0.0	0.764116	0.0	0.373265	0.0	0.219476	0.0
tw2	MC3_NNI	0.4	300	1	0.831803	0.0	0.811943	0.0	0.394285	0.0	0.16819700000000004	0.0
tw2	MC3_NNI	0.4	400	1	0.884203	0.0	0.861648	0.0	0.404878	0.0	0.11579700000000004	0.0
tw2	MC3_NNI	0.4	500	1	0.90083	0.0	0.87579	0.0	0.411748	0.0	0.09916999999999998	0.0
tw2	MC3_NNI	0.4	600	1	0.920687	0.0	0.894173	0.0	0.416145	0.0	0.07931299999999997	0.0
tw2	MC3_NNI	0.4	700	1	0.923094	0.0	0.895065	0.0	0.420728	0.0	0.07690600000000003	0.0
tw2	MC3_NNI	0.4	800	1	0.937345	0.0	0.908316	0.0	0.424142	0.0	0.06265500000000002	0.0
tw2	MC3_NNI	0.4	900	1	0.943951	0.0	0.914339	0.0	0.426397	0.0	0.056049000000000015	0.0
tw2	MC3_NNI	0.4	1000	1	0.944345	0.0	0.914339	0.0	0.428491	0.0	0.05565500000000001	0.0
tw2	MC3_NNI	0.4	2000	1	0.947026	0.0	0.914339	0.0	0.439741	0.0	0.052973999999999966	0.0
tw2	MC3_NNI	0.4	3000	1	0.953817	0.0	0.920363	0.0	0.444364	0.0	0.046182999999999974	0.0
tw2	MC3_NNI	0.4	4000	1	0.954203	0.0	0.920363	0.0	0.447606	0.0	0.04579699999999998	0.0
tw2	MC3_NNI	0.4	5000	1	0.960503	0.0	0.926387	0.0	0.449237	0.0	0.039497000000000004	0.0
tw2	MC3_NNI	0.4	6000	1	0.974237	0.0	0.939638	0.0	0.450142	0.0	0.02576299999999998	0.0
tw2	MC3_NNI	0.4	7000	1	0.980592	0.0	0.945661	0.0	0.451251	0.0	0.01940799999999998	0.0
tw2	MC3_NNI	0.4	8000	1	0.980743	0.0	0.945661	0.0	0.451959	0.0	0.01925699999999997	0.0
tw2	MC3_NNI	0.4	9000	1	0.986939	0.0	0.951685	0.0	0.452721	0.0	0.01306099999999999	0.0
tw2	MC3_NNI	0.4	10000	1	0.986985	0.0	0.951685	0.0	0.453513	0.0	0.013014999999999999	0.0
tw2	MC3_NNI	0.4	20000	1	0.999531	0.0	0.963732	0.0	0.46036	0.0	0.0004690000000000527	0.0
tw2	MC3_NNI	0.4	30000	1	0.999676	0.0	0.963732	0.0	0.467873	0.0	0.00032399999999999096	0.0
tw2	MC3_NNI	0.4	40000	1	0.999763	0.0	0.963732	0.0	0.470581	0.0	0.00023700000000004273	0.0
tw2	MC3_NNI	0.4	50000	1	0.999809	0.0	0.963732	0.0	0.47305	0.0	0.00019100000000005224	0.0
tw2	MC3_NNI	0.4	60000	1	0.999838	0.0	0.963732	0.0	0.47501	0.0	0.00016199999999999548	0.0
tw2	MC3_NNI	0.4	70000	1	0.999858	0.0	0.963732	0.0	0.47462	0.0	0.00014199999999997548	0.0
tw2	MC3_NNI	0.4	80000	1	0.999872	0.0	0.963732	0.0	0.475842	0.0	0.000128000000000017	0.0
tw2	MC3_NNI	0.4	90000	1	0.999883	0.0	0.963732	0.0	0.477403	0.0	0.00011700000000003374	0.0
tw2	MC3_NNI	0.4	100000	1	0.999891	0.0	0.963732	0.0	0.477876	0.0	0.00010900000000002574	0.0
tw2	MC3_NNI	0.4	200000	1	0.999938	0.0	0.963732	0.0	0.476237	0.0	6.20000000000065e-05	0.0
tw2	MC3_NNI	0.4	300000	1	0.999956	0.0	0.963732	0.0	0.476272	0.0	4.4000000000044004e-05	0.0
tw2	MC3_NNI	0.4	400000	1	0.999966	0.0	0.963732	0.0	0.477621	0.0	3.399999999997849e-05	0.0
tw2	MC3_NNI	0.4	500000	1	0.999972	0.0	0.963732	0.0	0.477778	0.0	2.8000000000028002e-05	0.0
tw2	MC3_NNI	0.4	600000	1	0.999976	0.0	0.963732	0.0	0.477326	0.0	2.4000000000024002e-05	0.0
tw2	MC3_NNI	0.4	700000	1	0.999979	0.0	0.963732	0.0	0.476798	0.0	2.1000000000048757e-05	0.0
tw2	MC3_NNI	0.4	800000	1	0.999981	0.0	0.963732	0.0	0.477072	0.0	1.8999999999991246e-05	0.0
tw2	MC3_NNI	0.4	900000	1	0.999984	0.0	0.963732	0.0	0.477017	0.0	1.6000000000016e-05	0.0
tw2	MC3_NNI	0.4	1000000	1	0.999985	0.0	0.963732	0.0	0.477074	0.0	1.4999999999987246e-05	0.0
tw2	MC3_NNI	0.5	1	1	0.0	0.0	0.0	0.0	0.0	0.0	1.0	0.0
tw2	MC3_NNI	0.5	2	1	0.0	0.0	0.0	0.0	0.0	0.0	1.0	0.0
tw2	MC3_NNI	0.5	3	1	0.0	0.0	0.0	0.0	0.0	0.0	1.0	0.0
tw2	MC3_NNI	0.5	4	1	0.0	0.0	0.0	0.0	0.0	0.0	1.0	0.0
tw2	MC3_NNI	0.5	5	1	0.000891	0.0	0.000891	0.0	0.000178	0.0	0.999109	0.0
tw2	MC3_NNI	0.5	6	1	0.013251	0.0	0.013251	0.0	0.002209	0.0	0.986749	0.0
tw2	MC3_NNI	0.5	7	1	0.013251	0.0	0.013251	0.0	0.003659	0.0	0.986749	0.0
tw2	MC3_NNI	0.5	8	1	0.013279	0.0	0.013251	0.0	0.00475	0.0	0.986721	0.0
tw2	MC3_NNI	0.5	9	1	0.025673	0.0	0.025611	0.0	0.006972	0.0	0.9743269999999999	0.0
tw2	MC3_NNI	0.5	10	1	0.031697	0.0	0.031634	0.0	0.009349	0.0	0.968303	0.0
tw2	MC3_NNI	0.5	20	1	0.104702	0.0	0.103913	0.0	0.035428	0.0	0.895298	0.0
tw2	MC3_NNI	0.5	30	1	0.155618	0.0	0.15393	0.0	0.063716	0.0	0.844382	0.0
tw2	MC3_NNI	0.5	40	1	0.208945	0.0	0.206934	0.0	0.088475	0.0	0.7910550000000001	0.0
tw2	MC3_NNI	0.5	50	1	0.21167	0.0	0.208717	0.0	0.105338	0.0	0.78833	0.0
tw2	MC3_NNI	0.5	60	1	0.224915	0.0	0.221077	0.0	0.118366	0.0	0.775085	0.0
tw2	MC3_NNI	0.5	70	1	0.231997	0.0	0.227992	0.0	0.129154	0.0	0.768003	0.0
tw2	MC3_NNI	0.5	80	1	0.270047	0.0	0.26565	0.0	0.139246	0.0	0.7299530000000001	0.0
tw2	MC3_NNI	0.5	90	1	0.283523	0.0	0.278901	0.0	0.150469	0.0	0.716477	0.0
tw2	MC3_NNI	0.5	100	1	0.291711	0.0	0.286707	0.0	0.159891	0.0	0.708289	0.0
tw2	MC3_NNI	0.5	200	1	0.427496	0.0	0.41681	0.0	0.231135	0.0	0.572504	0.0
tw2	MC3_NNI	0.5	300	1	0.508199	0.0	0.492705	0.0	0.274693	0.0	0.49180100000000004	0.0
tw2	MC3_NNI	0.5	400	1	0.541259	0.0	0.524027	0.0	0.300165	0.0	0.45874099999999995	0.0
tw2	MC3_NNI	0.5	500	1	0.573271	0.0	0.555349	0.0	0.318516	0.0	0.426729	0.0
tw2	MC3_NNI	0.5	600	1	0.663396	0.0	0.643915	0.0	0.333356	0.0	0.336604	0.0
tw2	MC3_NNI	0.5	700	1	0.679948	0.0	0.658949	0.0	0.346086	0.0	0.320052	0.0
tw2	MC3_NNI	0.5	800	1	0.700813	0.0	0.678224	0.0	0.357184	0.0	0.299187	0.0
tw2	MC3_NNI	0.5	900	1	0.739803	0.0	0.716194	0.0	0.366971	0.0	0.260197	0.0
tw2	MC3_NNI	0.5	1000	1	0.774761	0.0	0.749299	0.0	0.375764	0.0	0.22523899999999997	0.0
tw2	MC3_NNI	0.5	2000	1	0.855048	0.0	0.825194	0.0	0.414351	0.0	0.14495199999999997	0.0
tw2	MC3_NNI	0.5	3000	1	0.869136	0.0	0.838445	0.0	0.428029	0.0	0.13086399999999998	0.0
tw2	MC3_NNI	0.5	4000	1	0.895429	0.0	0.863743	0.0	0.435952	0.0	0.10457099999999997	0.0
tw2	MC3_NNI	0.5	5000	1	0.909767	0.0	0.876994	0.0	0.440712	0.0	0.09023300000000001	0.0
tw2	MC3_NNI	0.5	6000	1	0.928277	0.0	0.895065	0.0	0.444815	0.0	0.07172299999999998	0.0
tw2	MC3_NNI	0.5	7000	1	0.928451	0.0	0.895065	0.0	0.4472	0.0	0.07154899999999997	0.0
tw2	MC3_NNI	0.5	8000	1	0.92862	0.0	0.895065	0.0	0.449114	0.0	0.07138	0.0
tw2	MC3_NNI	0.5	9000	1	0.93471	0.0	0.901088	0.0	0.450571	0.0	0.06528999999999996	0.0
tw2	MC3_NNI	0.5	10000	1	0.948593	0.0	0.914339	0.0	0.451786	0.0	0.05140699999999998	0.0
tw2	MC3_NNI	0.5	20000	1	0.981215	0.0	0.945661	0.0	0.461398	0.0	0.01878500000000005	0.0
tw2	MC3_NNI	0.5	30000	1	0.993569	0.0	0.957709	0.0	0.467519	0.0	0.0064309999999999645	0.0
tw2	MC3_NNI	0.5	40000	1	0.999749	0.0	0.963732	0.0	0.469568	0.0	0.0002510000000000012	0.0
tw2	MC3_NNI	0.5	50000	1	0.999787	0.0	0.963732	0.0	0.471417	0.0	0.00021300000000001873	0.0
tw2	MC3_NNI	0.5	60000	1	0.999812	0.0	0.963732	0.0	0.473374	0.0	0.00018799999999996597	0.0
tw2	MC3_NNI	0.5	70000	1	0.999835	0.0	0.963732	0.0	0.47451	0.0	0.00016499999999997073	0.0
tw2	MC3_NNI	0.5	80000	1	0.999856	0.0	0.963732	0.0	0.474761	0.0	0.000144000000000033	0.0
tw2	MC3_NNI	0.5	90000	1	0.999869	0.0	0.963732	0.0	0.475124	0.0	0.00013099999999999223	0.0
tw2	MC3_NNI	0.5	100000	1	0.99988	0.0	0.963732	0.0	0.47562	0.0	0.00012000000000000899	0.0
tw2	MC3_NNI	0.5	200000	1	0.999933	0.0	0.963732	0.0	0.477174	0.0	6.700000000003925e-05	0.0
tw2	MC3_NNI	0.5	300000	1	0.999955	0.0	0.963732	0.0	0.476591	0.0	4.499999999996174e-05	0.0
tw2	MC3_NNI	0.5	400000	1	0.999966	0.0	0.963732	0.0	0.476697	0.0	3.399999999997849e-05	0.0
tw2	MC3_NNI	0.5	500000	1	0.999972	0.0	0.963732	0.0	0.476676	0.0	2.8000000000028002e-05	0.0
tw2	MC3_NNI	0.5	600000	1	0.999977	0.0	0.963732	0.0	0.476678	0.0	2.2999999999995246e-05	0.0
tw2	MC3_NNI	0.5	700000	1	0.99998	0.0	0.963732	0.0	0.477471	0.0	2.0000000000020002e-05	0.0
tw2	MC3_NNI	0.5	800000	1	0.999983	0.0	0.963732	0.0	0.478011	0.0	1.7000000000044757e-05	0.0
tw2	MC3_NNI	0.5	900000	1	0.999984	0.0	0.963732	0.0	0.477696	0.0	1.6000000000016e-05	0.0
tw2	MC3_NNI	0.5	1000000	1	0.999986	0.0	0.963732	0.0	0.476666	0.0	1.399999999995849e-05	0.0
tw2	NNI	0.0	1	1	0.0	0.0	0.0	0.0	0.0	0.0	1.0	0.0
tw2	NNI	0.0	2	1	0.0	0.0	0.0	0.0	0.0	0.0	1.0	0.0
tw2	NNI	0.0	3	1	0.0	0.0	0.0	0.0	0.0	0.0	1.0	0.0
tw2	NNI	0.0	4	1	0.0	0.0	0.0	0.0	0.0	0.0	1.0	0.0
tw2	NNI	0.0	5	1	0.0	0.0	0.0	0.0	0.0	0.0	1.0	0.0
tw2	NNI	0.0	6	1	0.0	0.0	0.0	0.0	0.0	0.0	1.0	0.0
tw2	NNI	0.0	7	1	0.0	0.0	0.0	0.0	0.0	0.0	1.0	0.0
tw2	NNI	0.0	8	1	0.0	0.0	0.0	0.0	0.0	0.0	1.0	0.0
tw2	NNI	0.0	9	1	0.0	0.0	0.0	0.0	0.0	0.0	1.0	0.0
tw2	NNI	0.0	10	1	0.0	0.0	0.0	0.0	0.0	0.0	1.0	0.0
tw2	NNI	0.0	20	1	0.0	0.0	0.0	0.0	0.0	0.0	1.0	0.0
tw2	NNI	0.0	30	1	0.0	0.0	0.0	0.0	0.0	0.0	1.0	0.0
tw2	NNI	0.0	40	1	0.019006	0.0	0.018962	0.0	0.001837	0.0	0.980994	0.0
tw2	NNI	0.0	50	1	0.051137	0.0	0.050597	0.0	0.006771	0.0	0.948863	0.0
tw2	NNI	0.0	60	1	0.075871	0.0	0.075316	0.0	0.016768	0.0	0.924129	0.0
tw2	NNI	0.0	70	1	0.138877	0.0	0.137693	0.0	0.029273	0.0	0.861123	0.0
tw2	NNI	0.0	80	1	0.188789	0.0	0.187398	0.0	0.044451	0.0	0.811211	0.0
tw2	NNI	0.0	90	1	0.221469	0.0	0.219923	0.0	0.060814	0.0	0.778531	0.0
tw2	NNI	0.0	100	1	0.246974	0.0	0.245222	0.0	0.076419	0.0	0.753026	0.0
tw2	NNI	0.0	200	1	0.447798	0.0	0.443821	0.0	0.212518	0.0	0.5522020000000001	0.0
tw2	NNI	0.0	300	1	0.475192	0.0	0.468444	0.0	0.267615	0.0	0.5248079999999999	0.0
tw2	NNI	0.0	400	1	0.493691	0.0	0.486152	0.0	0.30439	0.0	0.506309	0.0
tw2	NNI	0.0	500	1	0.498677	0.0	0.489718	0.0	0.327705	0.0	0.501323	0.0
tw2	NNI	0.0	600	1	0.499313	0.0	0.489718	0.0	0.344373	0.0	0.500687	0.0
tw2	NNI	0.0	700	1	0.501023	0.0	0.49061	0.0	0.354598	0.0	0.498977	0.0
tw2	NNI	0.0	800	1	0.502432	0.0	0.491501	0.0	0.362741	0.0	0.497568	0.0
tw2	NNI	0.0	900	1	0.5032	0.0	0.491501	0.0	0.366974	0.0	0.4968	0.0
tw2	NNI	0.0	1000	1	0.509483	0.0	0.497525	0.0	0.37335	0.0	0.490517	0.0
tw2	NNI	0.0	2000	1	0.512604	0.0	0.497525	0.0	0.40603	0.0	0.48739600000000005	0.0
tw2	NNI	0.0	3000	1	0.514152	0.0	0.497525	0.0	0.414682	0.0	0.48584799999999995	0.0
tw2	NNI	0.0	4000	1	0.520811	0.0	0.503548	0.0	0.419792	0.0	0.479189	0.0
tw2	NNI	0.0	5000	1	0.521289	0.0	0.503548	0.0	0.423803	0.0	0.478711	0.0
tw2	NNI	0.0	6000	1	0.521803	0.0	0.503548	0.0	0.426046	0.0	0.478197	0.0
tw2	NNI	0.0	7000	1	0.535267	0.0	0.516799	0.0	0.428131	0.0	0.46473299999999995	0.0
tw2	NNI	0.0	8000	1	0.535606	0.0	0.516799	0.0	0.430519	0.0	0.464394	0.0
tw2	NNI	0.0	9000	1	0.535774	0.0	0.516799	0.0	0.432111	0.0	0.464226	0.0
tw2	NNI	0.0	10000	1	0.535842	0.0	0.516799	0.0	0.4334	0.0	0.46415799999999996	0.0
tw2	NNI	0.0	20000	1	0.550435	0.0	0.53005	0.0	0.440166	0.0	0.449565	0.0
tw2	NNI	0.0	30000	1	0.550565	0.0	0.53005	0.0	0.443719	0.0	0.44943500000000003	0.0
tw2	NNI	0.0	40000	1	0.564488	0.0	0.543301	0.0	0.446407	0.0	0.435512	0.0
tw2	NNI	0.0	50000	1	0.576793	0.0	0.555349	0.0	0.447688	0.0	0.423207	0.0
tw2	NNI	0.0	60000	1	0.590696	0.0	0.5686	0.0	0.448413	0.0	0.409304	0.0
tw2	NNI	0.0	70000	1	0.618451	0.0	0.595102	0.0	0.449741	0.0	0.381549	0.0
tw2	NNI	0.0	80000	1	0.63844	0.0	0.614376	0.0	0.451125	0.0	0.36156	0.0
tw2	NNI	0.0	90000	1	0.652264	0.0	0.627627	0.0	0.452179	0.0	0.34773600000000005	0.0
tw2	NNI	0.0	100000	1	0.652448	0.0	0.627627	0.0	0.453713	0.0	0.34755199999999997	0.0
tw2	NNI	0.0	200000	1	0.724756	0.0	0.697498	0.0	0.457116	0.0	0.27524400000000004	0.0
tw2	NNI	0.0	300000	1	0.80807	0.0	0.777005	0.0	0.466581	0.0	0.19193000000000005	0.0
tw2	NNI	0.0	400000	1	0.826469	0.0	0.795075	0.0	0.47594	0.0	0.173531	0.0
tw2	NNI	0.0	500000	1	0.880357	0.0	0.846876	0.0	0.482229	0.0	0.11964300000000005	0.0
tw2	NNI	0.0	600000	1	0.924801	0.0	0.890245	0.0	0.483921	0.0	0.07519900000000002	0.0
tw2	NNI	0.0	700000	1	0.943172	0.0	0.908316	0.0	0.48432	0.0	0.05682799999999999	0.0
tw2	NNI	0.0	800000	1	0.963179	0.0	0.92759	0.0	0.484314	0.0	0.03682099999999999	0.0
tw2	NNI	0.0	900000	1	0.969321	0.0	0.933614	0.0	0.483251	0.0	0.030679000000000012	0.0
tw2	NNI	0.0	1000000	1	0.975448	0.0	0.939638	0.0	0.482367	0.0	0.024552000000000018	0.0
tw2	NNI	0.02	1	1	0.0	0.0	0.0	0.0	0.0	0.0	1.0	0.0
tw2	NNI	0.02	2	1	0.0	0.0	0.0	0.0	0.0	0.0	1.0	0.0
tw2	NNI	0.02	3	1	0.0	0.0	0.0	0.0	0.0	0.0	1.0	0.0
tw2	NNI	0.02	4	1	0.0	0.0	0.0	0.0	0.0	0.0	1.0	0.0
tw2	NNI	0.02	5	1	0.0	0.0	0.0	0.0	0.0	0.0	1.0	0.0
tw2	NNI	0.02	6	1	0.0	0.0	0.0	0.0	0.0	0.0	1.0	0.0
tw2	NNI	0.02	7	1	0.0	0.0	0.0	0.0	0.0	0.0	1.0	0.0
tw2	NNI	0.02	8	1	0.0	0.0	0.0	0.0	0.0	0.0	1.0	0.0
tw2	NNI	0.02	9	1	0.0	0.0	0.0	0.0	0.0	0.0	1.0	0.0
tw2	NNI	0.02	10	1	0.0	0.0	0.0	0.0	0.0	0.0	1.0	0.0
tw2	NNI	0.02	20	1	6.2e-05	0.0	0.0	0.0	3e-06	0.0	0.999938	0.0
tw2	NNI	0.02	30	1	0.037316	0.0	0.037079	0.0	0.005391	0.0	0.962684	0.0
tw2	NNI	0.02	40	1	0.068534	0.0	0.067509	0.0	0.014869	0.0	0.931466	0.0
tw2	NNI	0.02	50	1	0.105414	0.0	0.103963	0.0	0.028691	0.0	0.894586	0.0
tw2	NNI	0.02	60	1	0.178968	0.0	0.177496	0.0	0.049927	0.0	0.821032	0.0
tw2	NNI	0.02	70	1	0.210865	0.0	0.20913	0.0	0.070417	0.0	0.789135	0.0
tw2	NNI	0.02	80	1	0.260183	0.0	0.258256	0.0	0.089937	0.0	0.739817	0.0
tw2	NNI	0.02	90	1	0.316885	0.0	0.314609	0.0	0.110721	0.0	0.683115	0.0
tw2	NNI	0.02	100	1	0.336602	0.0	0.333884	0.0	0.13166	0.0	0.6633979999999999	0.0
tw2	NNI	0.02	200	1	0.44036	0.0	0.435918	0.0	0.251116	0.0	0.55964	0.0
tw2	NNI	0.02	300	1	0.484746	0.0	0.478346	0.0	0.307829	0.0	0.515254	0.0
tw2	NNI	0.02	400	1	0.490944	0.0	0.482803	0.0	0.336119	0.0	0.509056	0.0
tw2	NNI	0.02	500	1	0.493875	0.0	0.484586	0.0	0.352881	0.0	0.5061249999999999	0.0
tw2	NNI	0.02	600	1	0.494494	0.0	0.484586	0.0	0.366105	0.0	0.505506	0.0
tw2	NNI	0.02	700	1	0.496188	0.0	0.485477	0.0	0.373661	0.0	0.5038119999999999	0.0
tw2	NNI	0.02	800	1	0.497252	0.0	0.485477	0.0	0.380353	0.0	0.502748	0.0
tw2	NNI	0.02	900	1	0.497556	0.0	0.485477	0.0	0.386927	0.0	0.502444	0.0
tw2	NNI	0.02	1000	1	0.498183	0.0	0.485477	0.0	0.391244	0.0	0.501817	0.0
tw2	NNI	0.02	2000	1	0.513251	0.0	0.497525	0.0	0.411091	0.0	0.486749	0.0
tw2	NNI	0.02	3000	1	0.520586	0.0	0.503548	0.0	0.421227	0.0	0.479414	0.0
tw2	NNI	0.02	4000	1	0.521252	0.0	0.503548	0.0	0.425607	0.0	0.47874799999999995	0.0
tw2	NNI	0.02	5000	1	0.52153	0.0	0.503548	0.0	0.429277	0.0	0.47846999999999995	0.0
tw2	NNI	0.02	6000	1	0.522004	0.0	0.503548	0.0	0.430923	0.0	0.477996	0.0
tw2	NNI	0.02	7000	1	0.52222	0.0	0.503548	0.0	0.431641	0.0	0.47778	0.0
tw2	NNI	0.02	8000	1	0.522371	0.0	0.503548	0.0	0.431744	0.0	0.47762899999999997	0.0
tw2	NNI	0.02	9000	1	0.522445	0.0	0.503548	0.0	0.432769	0.0	0.47755499999999995	0.0
tw2	NNI	0.02	10000	1	0.522493	0.0	0.503548	0.0	0.43325	0.0	0.477507	0.0
tw2	NNI	0.02	20000	1	0.536634	0.0	0.516799	0.0	0.439144	0.0	0.46336599999999994	0.0
tw2	NNI	0.02	30000	1	0.550639	0.0	0.53005	0.0	0.442792	0.0	0.449361	0.0
tw2	NNI	0.02	40000	1	0.56456	0.0	0.543301	0.0	0.445084	0.0	0.43544000000000005	0.0
tw2	NNI	0.02	50000	1	0.564629	0.0	0.543301	0.0	0.446646	0.0	0.43537099999999995	0.0
tw2	NNI	0.02	60000	1	0.578203	0.0	0.556552	0.0	0.447464	0.0	0.421797	0.0
tw2	NNI	0.02	70000	1	0.612417	0.0	0.589078	0.0	0.45007	0.0	0.387583	0.0
tw2	NNI	0.02	80000	1	0.612462	0.0	0.589078	0.0	0.451993	0.0	0.38753800000000005	0.0
tw2	NNI	0.02	90000	1	0.612493	0.0	0.589078	0.0	0.453537	0.0	0.38750700000000005	0.0
tw2	NNI	0.02	100000	1	0.640173	0.0	0.61558	0.0	0.455238	0.0	0.359827	0.0
tw2	NNI	0.02	200000	1	0.72639	0.0	0.698702	0.0	0.461959	0.0	0.27361	0.0
tw2	NNI	0.02	300000	1	0.806376	0.0	0.775801	0.0	0.466388	0.0	0.19362400000000002	0.0
tw2	NNI	0.02	400000	1	0.84649	0.0	0.81435	0.0	0.470254	0.0	0.15351000000000004	0.0
tw2	NNI	0.02	500000	1	0.866495	0.0	0.833625	0.0	0.472348	0.0	0.13350499999999998	0.0
tw2	NNI	0.02	600000	1	0.866522	0.0	0.833625	0.0	0.474901	0.0	0.13347799999999999	0.0
tw2	NNI	0.02	700000	1	0.878764	0.0	0.845672	0.0	0.473474	0.0	0.12123600000000001	0.0
tw2	NNI	0.02	800000	1	0.903215	0.0	0.869767	0.0	0.471767	0.0	0.09678500000000001	0.0
tw2	NNI	0.02	900000	1	0.909358	0.0	0.87579	0.0	0.472203	0.0	0.090642	0.0
tw2	NNI	0.02	1000000	1	0.929352	0.0	0.895065	0.0	0.472001	0.0	0.07064800000000004	0.0
tw2	NNI	0.05	1	1	0.0	0.0	0.0	0.0	0.0	0.0	1.0	0.0
tw2	NNI	0.05	2	1	0.0	0.0	0.0	0.0	0.0	0.0	1.0	0.0
tw2	NNI	0.05	3	1	0.0	0.0	0.0	0.0	0.0	0.0	1.0	0.0
tw2	NNI	0.05	4	1	0.0	0.0	0.0	0.0	0.0	0.0	1.0	0.0
tw2	NNI	0.05	5	1	0.0	0.0	0.0	0.0	0.0	0.0	1.0	0.0
tw2	NNI	0.05	6	1	0.0	0.0	0.0	0.0	0.0	0.0	1.0	0.0
tw2	NNI	0.05	7	1	0.0	0.0	0.0	0.0	0.0	0.0	1.0	0.0
tw2	NNI	0.05	8	1	0.0	0.0	0.0	0.0	0.0	0.0	1.0	0.0
tw2	NNI	0.05	9	1	0.0	0.0	0.0	0.0	0.0	0.0	1.0	0.0
tw2	NNI	0.05	10	1	0.0	0.0	0.0	0.0	0.0	0.0	1.0	0.0
tw2	NNI	0.05	20	1	0.051535	0.0	0.050909	0.0	0.012558	0.0	0.948465	0.0
tw2	NNI	0.05	30	1	0.149712	0.0	0.148848	0.0	0.04564	0.0	0.8502879999999999	0.0
tw2	NNI	0.05	40	1	0.224766	0.0	0.223273	0.0	0.079216	0.0	0.775234	0.0
tw2	NNI	0.05	50	1	0.280253	0.0	0.278422	0.0	0.112924	0.0	0.719747	0.0
tw2	NNI	0.05	60	1	0.335569	0.0	0.333572	0.0	0.143747	0.0	0.664431	0.0
tw2	NNI	0.05	70	1	0.344536	0.0	0.34227	0.0	0.168499	0.0	0.655464	0.0
tw2	NNI	0.05	80	1	0.36972	0.0	0.366989	0.0	0.188205	0.0	0.63028	0.0
tw2	NNI	0.05	90	1	0.3958	0.0	0.392599	0.0	0.206724	0.0	0.6042000000000001	0.0
tw2	NNI	0.05	100	1	0.396347	0.0	0.392599	0.0	0.221175	0.0	0.603653	0.0
tw2	NNI	0.05	200	1	0.450137	0.0	0.443725	0.0	0.30408	0.0	0.549863	0.0
tw2	NNI	0.05	300	1	0.471218	0.0	0.463216	0.0	0.336583	0.0	0.528782	0.0
tw2	NNI	0.05	400	1	0.472984	0.0	0.464108	0.0	0.355272	0.0	0.5270159999999999	0.0
tw2	NNI	0.05	500	1	0.473894	0.0	0.464108	0.0	0.365702	0.0	0.526106	0.0
tw2	NNI	0.05	600	1	0.474394	0.0	0.464108	0.0	0.372886	0.0	0.525606	0.0
tw2	NNI	0.05	700	1	0.475995	0.0	0.464999	0.0	0.377279	0.0	0.524005	0.0
tw2	NNI	0.05	800	1	0.477176	0.0	0.464999	0.0	0.381943	0.0	0.522824	0.0
tw2	NNI	0.05	900	1	0.477794	0.0	0.464999	0.0	0.383963	0.0	0.522206	0.0
tw2	NNI	0.05	1000	1	0.478129	0.0	0.464999	0.0	0.38752	0.0	0.521871	0.0
tw2	NNI	0.05	2000	1	0.506182	0.0	0.490297	0.0	0.402689	0.0	0.493818	0.0
tw2	NNI	0.05	3000	1	0.513484	0.0	0.496321	0.0	0.415474	0.0	0.48651599999999995	0.0
tw2	NNI	0.05	4000	1	0.514095	0.0	0.496321	0.0	0.419803	0.0	0.48590500000000003	0.0
tw2	NNI	0.05	5000	1	0.514416	0.0	0.496321	0.0	0.422875	0.0	0.485584	0.0
tw2	NNI	0.05	6000	1	0.514548	0.0	0.496321	0.0	0.425537	0.0	0.485452	0.0
tw2	NNI	0.05	7000	1	0.514749	0.0	0.496321	0.0	0.426995	0.0	0.485251	0.0
tw2	NNI	0.05	8000	1	0.514778	0.0	0.496321	0.0	0.428048	0.0	0.48522200000000004	0.0
tw2	NNI	0.05	9000	1	0.514886	0.0	0.496321	0.0	0.42856	0.0	0.48511400000000005	0.0
tw2	NNI	0.05	10000	1	0.521042	0.0	0.502345	0.0	0.428777	0.0	0.478958	0.0
tw2	NNI	0.05	20000	1	0.527365	0.0	0.508368	0.0	0.428583	0.0	0.472635	0.0
tw2	NNI	0.05	30000	1	0.569054	0.0	0.548121	0.0	0.43213	0.0	0.43094600000000005	0.0
tw2	NNI	0.05	40000	1	0.575245	0.0	0.554145	0.0	0.434409	0.0	0.424755	0.0
tw2	NNI	0.05	50000	1	0.595255	0.0	0.573419	0.0	0.43579	0.0	0.404745	0.0
tw2	NNI	0.05	60000	1	0.623016	0.0	0.599922	0.0	0.437347	0.0	0.376984	0.0
tw2	NNI	0.05	70000	1	0.623084	0.0	0.599922	0.0	0.43926	0.0	0.37691600000000003	0.0
tw2	NNI	0.05	80000	1	0.623114	0.0	0.599922	0.0	0.440818	0.0	0.37688600000000005	0.0
tw2	NNI	0.05	90000	1	0.623134	0.0	0.599922	0.0	0.441992	0.0	0.37686600000000003	0.0
tw2	NNI	0.05	100000	1	0.623153	0.0	0.599922	0.0	0.443151	0.0	0.37684700000000004	0.0
tw2	NNI	0.05	200000	1	0.803077	0.0	0.773393	0.0	0.452889	0.0	0.19692299999999996	0.0
tw2	NNI	0.05	300000	1	0.864791	0.0	0.832421	0.0	0.466884	0.0	0.13520900000000002	0.0
tw2	NNI	0.05	400000	1	0.918692	0.0	0.884221	0.0	0.472076	0.0	0.08130800000000005	0.0
tw2	NNI	0.05	500000	1	0.949297	0.0	0.914339	0.0	0.468192	0.0	0.050703000000000054	0.0
tw2	NNI	0.05	600000	1	0.955444	0.0	0.920363	0.0	0.463492	0.0	0.04455600000000004	0.0
tw2	NNI	0.05	700000	1	0.975454	0.0	0.939638	0.0	0.466274	0.0	0.024545999999999957	0.0
tw2	NNI	0.05	800000	1	0.981578	0.0	0.945661	0.0	0.468125	0.0	0.01842200000000005	0.0
tw2	NNI	0.05	900000	1	0.987699	0.0	0.951685	0.0	0.468963	0.0	0.012301000000000006	0.0
tw2	NNI	0.05	1000000	1	0.987705	0.0	0.951685	0.0	0.471114	0.0	0.012294999999999945	0.0
tw2	NNI	0.1	1	1	0.0	0.0	0.0	0.0	0.0	0.0	1.0	0.0
tw2	NNI	0.1	2	1	0.0	0.0	0.0	0.0	0.0	0.0	1.0	0.0
tw2	NNI	0.1	3	1	0.0	0.0	0.0	0.0	0.0	0.0	1.0	0.0
tw2	NNI	0.1	4	1	0.0	0.0	0.0	0.0	0.0	0.0	1.0	0.0
tw2	NNI	0.1	5	1	1e-06	0.0	0.0	0.0	0.0	0.0	0.999999	0.0
tw2	NNI	0.1	6	1	1e-06	0.0	0.0	0.0	0.0	0.0	0.999999	0.0
tw2	NNI	0.1	7	1	6.2e-05	0.0	0.0	0.0	9e-06	0.0	0.999938	0.0
tw2	NNI	0.1	8	1	0.006234	0.0	0.006024	0.0	0.000779	0.0	0.993766	0.0
tw2	NNI	0.1	9	1	0.012418	0.0	0.012047	0.0	0.00205	0.0	0.987582	0.0
tw2	NNI	0.1	10	1	0.024918	0.0	0.024407	0.0	0.004316	0.0	0.975082	0.0
tw2	NNI	0.1	20	1	0.179102	0.0	0.17812	0.0	0.055295	0.0	0.820898	0.0
tw2	NNI	0.1	30	1	0.300022	0.0	0.298321	0.0	0.115287	0.0	0.699978	0.0
tw2	NNI	0.1	40	1	0.371303	0.0	0.368505	0.0	0.163558	0.0	0.6286970000000001	0.0
tw2	NNI	0.1	50	1	0.405974	0.0	0.401922	0.0	0.199093	0.0	0.5940259999999999	0.0
tw2	NNI	0.1	60	1	0.44997	0.0	0.445916	0.0	0.229192	0.0	0.55003	0.0
tw2	NNI	0.1	70	1	0.45143	0.0	0.446807	0.0	0.253025	0.0	0.54857	0.0
tw2	NNI	0.1	80	1	0.464821	0.0	0.460058	0.0	0.272463	0.0	0.5351790000000001	0.0
tw2	NNI	0.1	90	1	0.46777	0.0	0.462733	0.0	0.287803	0.0	0.53223	0.0
tw2	NNI	0.1	100	1	0.488161	0.0	0.482899	0.0	0.302157	0.0	0.5118389999999999	0.0
tw2	NNI	0.1	200	1	0.510325	0.0	0.501499	0.0	0.370899	0.0	0.48967499999999997	0.0
tw2	NNI	0.1	300	1	0.516961	0.0	0.505956	0.0	0.389907	0.0	0.483039	0.0
tw2	NNI	0.1	400	1	0.531814	0.0	0.519207	0.0	0.403774	0.0	0.468186	0.0
tw2	NNI	0.1	500	1	0.533101	0.0	0.519207	0.0	0.414843	0.0	0.46689899999999995	0.0
tw2	NNI	0.1	600	1	0.534275	0.0	0.519207	0.0	0.421251	0.0	0.46572499999999994	0.0
tw2	NNI	0.1	700	1	0.548409	0.0	0.532458	0.0	0.426557	0.0	0.45159099999999996	0.0
tw2	NNI	0.1	800	1	0.549296	0.0	0.532458	0.0	0.430376	0.0	0.450704	0.0
tw2	NNI	0.1	900	1	0.550261	0.0	0.532458	0.0	0.433901	0.0	0.449739	0.0
tw2	NNI	0.1	1000	1	0.550659	0.0	0.532458	0.0	0.436112	0.0	0.449341	0.0
tw2	NNI	0.1	2000	1	0.552526	0.0	0.532458	0.0	0.448253	0.0	0.44747400000000004	0.0
tw2	NNI	0.1	3000	1	0.566671	0.0	0.545709	0.0	0.452912	0.0	0.43332899999999996	0.0
tw2	NNI	0.1	4000	1	0.567212	0.0	0.545709	0.0	0.455856	0.0	0.43278799999999995	0.0
tw2	NNI	0.1	5000	1	0.567411	0.0	0.545709	0.0	0.457758	0.0	0.432589	0.0
tw2	NNI	0.1	6000	1	0.567532	0.0	0.545709	0.0	0.459199	0.0	0.43246799999999996	0.0
tw2	NNI	0.1	7000	1	0.567617	0.0	0.545709	0.0	0.459943	0.0	0.43238299999999996	0.0
tw2	NNI	0.1	8000	1	0.56765	0.0	0.545709	0.0	0.460927	0.0	0.43235	0.0
tw2	NNI	0.1	9000	1	0.567677	0.0	0.545709	0.0	0.461282	0.0	0.432323	0.0
tw2	NNI	0.1	10000	1	0.580074	0.0	0.558068	0.0	0.461673	0.0	0.419926	0.0
tw2	NNI	0.1	20000	1	0.58792	0.0	0.564984	0.0	0.46643	0.0	0.41208	0.0
tw2	NNI	0.1	30000	1	0.60633	0.0	0.583054	0.0	0.46525	0.0	0.39366999999999996	0.0
tw2	NNI	0.1	40000	1	0.606388	0.0	0.583054	0.0	0.462165	0.0	0.39361199999999996	0.0
tw2	NNI	0.1	50000	1	0.620298	0.0	0.596305	0.0	0.46134	0.0	0.379702	0.0
tw2	NNI	0.1	60000	1	0.674073	0.0	0.648106	0.0	0.461576	0.0	0.32592699999999997	0.0
tw2	NNI	0.1	70000	1	0.674198	0.0	0.648106	0.0	0.462106	0.0	0.32580200000000004	0.0
tw2	NNI	0.1	80000	1	0.686448	0.0	0.660153	0.0	0.462122	0.0	0.31355200000000005	0.0
tw2	NNI	0.1	90000	1	0.686478	0.0	0.660153	0.0	0.462108	0.0	0.31352199999999997	0.0
tw2	NNI	0.1	100000	1	0.692602	0.0	0.666177	0.0	0.461629	0.0	0.30739799999999995	0.0
tw2	NNI	0.1	200000	1	0.894221	0.0	0.860127	0.0	0.469345	0.0	0.10577899999999996	0.0
tw2	NNI	0.1	300000	1	0.926511	0.0	0.891449	0.0	0.472908	0.0	0.07348900000000003	0.0
tw2	NNI	0.1	400000	1	0.944876	0.0	0.90952	0.0	0.473379	0.0	0.05512399999999995	0.0
tw2	NNI	0.1	500000	1	0.969357	0.0	0.933614	0.0	0.474011	0.0	0.030642999999999976	0.0
tw2	NNI	0.1	600000	1	0.975481	0.0	0.939638	0.0	0.472427	0.0	0.024518999999999957	0.0
tw2	NNI	0.1	700000	1	0.981606	0.0	0.945661	0.0	0.471234	0.0	0.01839400000000002	0.0
tw2	NNI	0.1	800000	1	0.987728	0.0	0.951685	0.0	0.473827	0.0	0.01227199999999995	0.0
tw2	NNI	0.1	900000	1	0.987732	0.0	0.951685	0.0	0.47536	0.0	0.012267999999999946	0.0
tw2	NNI	0.1	1000000	1	0.993851	0.0	0.957709	0.0	0.477917	0.0	0.00614899999999996	0.0
tw2	NNI	0.2	1	1	0.0	0.0	0.0	0.0	0.0	0.0	1.0	0.0
tw2	NNI	0.2	2	1	0.0	0.0	0.0	0.0	0.0	0.0	1.0	0.0
tw2	NNI	0.2	3	1	0.0	0.0	0.0	0.0	0.0	0.0	1.0	0.0
tw2	NNI	0.2	4	1	1.4e-05	0.0	0.0	0.0	4e-06	0.0	0.999986	0.0
tw2	NNI	0.2	5	1	1.4e-05	0.0	0.0	0.0	6e-06	0.0	0.999986	0.0
tw2	NNI	0.2	6	1	0.006103	0.0	0.006024	0.0	0.001019	0.0	0.993897	0.0
tw2	NNI	0.2	7	1	0.006264	0.0	0.006024	0.0	0.001766	0.0	0.993736	0.0
tw2	NNI	0.2	8	1	0.031063	0.0	0.030743	0.0	0.005406	0.0	0.968937	0.0
tw2	NNI	0.2	9	1	0.05555	0.0	0.05515	0.0	0.010949	0.0	0.94445	0.0
tw2	NNI	0.2	10	1	0.085984	0.0	0.08558	0.0	0.01842	0.0	0.9140159999999999	0.0
tw2	NNI	0.2	20	1	0.244512	0.0	0.243393	0.0	0.081119	0.0	0.7554879999999999	0.0
tw2	NNI	0.2	30	1	0.301801	0.0	0.299747	0.0	0.142019	0.0	0.698199	0.0
tw2	NNI	0.2	40	1	0.347958	0.0	0.344632	0.0	0.18092	0.0	0.652042	0.0
tw2	NNI	0.2	50	1	0.415573	0.0	0.410887	0.0	0.21575	0.0	0.584427	0.0
tw2	NNI	0.2	60	1	0.444349	0.0	0.439172	0.0	0.246665	0.0	0.555651	0.0
tw2	NNI	0.2	70	1	0.458099	0.0	0.452423	0.0	0.269201	0.0	0.541901	0.0
tw2	NNI	0.2	80	1	0.460954	0.0	0.454206	0.0	0.285413	0.0	0.539046	0.0
tw2	NNI	0.2	90	1	0.463127	0.0	0.455989	0.0	0.29621	0.0	0.5368729999999999	0.0
tw2	NNI	0.2	100	1	0.463558	0.0	0.455989	0.0	0.306484	0.0	0.536442	0.0
tw2	NNI	0.2	200	1	0.509751	0.0	0.497525	0.0	0.365791	0.0	0.49024900000000005	0.0
tw2	NNI	0.2	300	1	0.52445	0.0	0.509884	0.0	0.388857	0.0	0.47555000000000003	0.0
tw2	NNI	0.2	400	1	0.525896	0.0	0.509884	0.0	0.404274	0.0	0.47410399999999997	0.0
tw2	NNI	0.2	500	1	0.527253	0.0	0.509884	0.0	0.411509	0.0	0.47274700000000003	0.0
tw2	NNI	0.2	600	1	0.52846	0.0	0.510776	0.0	0.416728	0.0	0.47153999999999996	0.0
tw2	NNI	0.2	700	1	0.528978	0.0	0.510776	0.0	0.42035	0.0	0.47102200000000005	0.0
tw2	NNI	0.2	800	1	0.529211	0.0	0.510776	0.0	0.423067	0.0	0.470789	0.0
tw2	NNI	0.2	900	1	0.529377	0.0	0.510776	0.0	0.425418	0.0	0.470623	0.0
tw2	NNI	0.2	1000	1	0.52947	0.0	0.510776	0.0	0.427903	0.0	0.47053	0.0
tw2	NNI	0.2	2000	1	0.530129	0.0	0.510776	0.0	0.436251	0.0	0.46987100000000004	0.0
tw2	NNI	0.2	3000	1	0.530343	0.0	0.510776	0.0	0.439479	0.0	0.469657	0.0
tw2	NNI	0.2	4000	1	0.530476	0.0	0.510776	0.0	0.441138	0.0	0.46952400000000005	0.0
tw2	NNI	0.2	5000	1	0.53059	0.0	0.510776	0.0	0.441665	0.0	0.46941	0.0
tw2	NNI	0.2	6000	1	0.530644	0.0	0.510776	0.0	0.442263	0.0	0.469356	0.0
tw2	NNI	0.2	7000	1	0.530688	0.0	0.510776	0.0	0.443004	0.0	0.46931199999999995	0.0
tw2	NNI	0.2	8000	1	0.544588	0.0	0.524027	0.0	0.443525	0.0	0.45541200000000004	0.0
tw2	NNI	0.2	9000	1	0.544621	0.0	0.524027	0.0	0.444136	0.0	0.455379	0.0
tw2	NNI	0.2	10000	1	0.54467	0.0	0.524027	0.0	0.444584	0.0	0.45533	0.0
tw2	NNI	0.2	20000	1	0.558665	0.0	0.537278	0.0	0.450288	0.0	0.44133500000000003	0.0
tw2	NNI	0.2	30000	1	0.570925	0.0	0.549325	0.0	0.450446	0.0	0.429075	0.0
tw2	NNI	0.2	40000	1	0.61857	0.0	0.595102	0.0	0.449739	0.0	0.38143000000000005	0.0
tw2	NNI	0.2	50000	1	0.650926	0.0	0.626424	0.0	0.450383	0.0	0.349074	0.0
tw2	NNI	0.2	60000	1	0.664809	0.0	0.639675	0.0	0.451298	0.0	0.335191	0.0
tw2	NNI	0.2	70000	1	0.677071	0.0	0.651722	0.0	0.450895	0.0	0.322929	0.0
tw2	NNI	0.2	80000	1	0.724789	0.0	0.697498	0.0	0.45038	0.0	0.275211	0.0
tw2	NNI	0.2	90000	1	0.738707	0.0	0.71075	0.0	0.450634	0.0	0.261293	0.0
tw2	NNI	0.2	100000	1	0.744852	0.0	0.716773	0.0	0.450748	0.0	0.25514800000000004	0.0
tw2	NNI	0.2	200000	1	0.918725	0.0	0.884221	0.0	0.467186	0.0	0.08127499999999999	0.0
tw2	NNI	0.2	300000	1	0.949339	0.0	0.914339	0.0	0.469983	0.0	0.050660999999999956	0.0
tw2	NNI	0.2	400000	1	0.94937	0.0	0.914339	0.0	0.469526	0.0	0.05062999999999995	0.0
tw2	NNI	0.2	500000	1	0.987717	0.0	0.951685	0.0	0.471542	0.0	0.012283000000000044	0.0
tw2	NNI	0.2	600000	1	0.993846	0.0	0.957709	0.0	0.471181	0.0	0.006153999999999993	0.0
tw2	NNI	0.2	700000	1	0.99385	0.0	0.957709	0.0	0.473333	0.0	0.006149999999999989	0.0
tw2	NNI	0.2	800000	1	0.993855	0.0	0.957709	0.0	0.476424	0.0	0.006144999999999956	0.0
tw2	NNI	0.2	900000	1	0.999977	0.0	0.963732	0.0	0.478526	0.0	2.2999999999995246e-05	0.0
tw2	NNI	0.2	1000000	1	0.999979	0.0	0.963732	0.0	0.479312	0.0	2.1000000000048757e-05	0.0
tw2	NNI	0.3	1	1	0.0	0.0	0.0	0.0	0.0	0.0	1.0	0.0
tw2	NNI	0.3	2	1	0.0	0.0	0.0	0.0	0.0	0.0	1.0	0.0
tw2	NNI	0.3	3	1	0.0	0.0	0.0	0.0	0.0	0.0	1.0	0.0
tw2	NNI	0.3	4	1	0.0	0.0	0.0	0.0	0.0	0.0	1.0	0.0
tw2	NNI	0.3	5	1	0.0	0.0	0.0	0.0	0.0	0.0	1.0	0.0
tw2	NNI	0.3	6	1	1e-06	0.0	0.0	0.0	0.0	0.0	0.999999	0.0
tw2	NNI	0.3	7	1	0.006054	0.0	0.006024	0.0	0.000865	0.0	0.993946	0.0
tw2	NNI	0.3	8	1	0.007196	0.0	0.006915	0.0	0.001653	0.0	0.992804	0.0
tw2	NNI	0.3	9	1	0.050457	0.0	0.050017	0.0	0.006952	0.0	0.949543	0.0
tw2	NNI	0.3	10	1	0.075909	0.0	0.075003	0.0	0.012568	0.0	0.924091	0.0
tw2	NNI	0.3	20	1	0.240658	0.0	0.238307	0.0	0.083604	0.0	0.759342	0.0
tw2	NNI	0.3	30	1	0.295337	0.0	0.29189	0.0	0.136581	0.0	0.704663	0.0
tw2	NNI	0.3	40	1	0.33653	0.0	0.332534	0.0	0.172166	0.0	0.66347	0.0
tw2	NNI	0.3	50	1	0.35088	0.0	0.345785	0.0	0.198187	0.0	0.6491199999999999	0.0
tw2	NNI	0.3	60	1	0.403728	0.0	0.397898	0.0	0.219994	0.0	0.596272	0.0
tw2	NNI	0.3	70	1	0.425014	0.0	0.418064	0.0	0.238194	0.0	0.574986	0.0
tw2	NNI	0.3	80	1	0.439718	0.0	0.432206	0.0	0.254447	0.0	0.560282	0.0
tw2	NNI	0.3	90	1	0.466538	0.0	0.457817	0.0	0.269549	0.0	0.533462	0.0
tw2	NNI	0.3	100	1	0.474821	0.0	0.465624	0.0	0.282931	0.0	0.5251790000000001	0.0
tw2	NNI	0.3	200	1	0.525624	0.0	0.511088	0.0	0.357538	0.0	0.474376	0.0
tw2	NNI	0.3	300	1	0.53464	0.0	0.518003	0.0	0.388166	0.0	0.46536	0.0
tw2	NNI	0.3	400	1	0.535861	0.0	0.518003	0.0	0.403326	0.0	0.46413899999999997	0.0
tw2	NNI	0.3	500	1	0.536456	0.0	0.518003	0.0	0.411863	0.0	0.46354399999999996	0.0
tw2	NNI	0.3	600	1	0.536872	0.0	0.518003	0.0	0.417823	0.0	0.463128	0.0
tw2	NNI	0.3	700	1	0.537048	0.0	0.518003	0.0	0.42314	0.0	0.46295200000000003	0.0
tw2	NNI	0.3	800	1	0.537166	0.0	0.518003	0.0	0.426398	0.0	0.46283399999999997	0.0
tw2	NNI	0.3	900	1	0.537323	0.0	0.518003	0.0	0.428648	0.0	0.462677	0.0
tw2	NNI	0.3	1000	1	0.537401	0.0	0.518003	0.0	0.431162	0.0	0.462599	0.0
tw2	NNI	0.3	2000	1	0.537963	0.0	0.518003	0.0	0.441284	0.0	0.46203700000000003	0.0
tw2	NNI	0.3	3000	1	0.544274	0.0	0.524027	0.0	0.443937	0.0	0.45572599999999996	0.0
tw2	NNI	0.3	4000	1	0.544436	0.0	0.524027	0.0	0.444403	0.0	0.45556399999999997	0.0
tw2	NNI	0.3	5000	1	0.544532	0.0	0.524027	0.0	0.444716	0.0	0.455468	0.0
tw2	NNI	0.3	6000	1	0.564245	0.0	0.543301	0.0	0.444954	0.0	0.435755	0.0
tw2	NNI	0.3	7000	1	0.564603	0.0	0.543301	0.0	0.444878	0.0	0.43539700000000003	0.0
tw2	NNI	0.3	8000	1	0.564647	0.0	0.543301	0.0	0.444976	0.0	0.435353	0.0
tw2	NNI	0.3	9000	1	0.564673	0.0	0.543301	0.0	0.445066	0.0	0.435327	0.0
tw2	NNI	0.3	10000	1	0.564691	0.0	0.543301	0.0	0.444992	0.0	0.43530899999999995	0.0
tw2	NNI	0.3	20000	1	0.598651	0.0	0.575827	0.0	0.449238	0.0	0.40134899999999996	0.0
tw2	NNI	0.3	30000	1	0.598712	0.0	0.575827	0.0	0.451359	0.0	0.401288	0.0
tw2	NNI	0.3	40000	1	0.672564	0.0	0.646902	0.0	0.456021	0.0	0.32743599999999995	0.0
tw2	NNI	0.3	50000	1	0.690946	0.0	0.664973	0.0	0.456318	0.0	0.30905400000000005	0.0
tw2	NNI	0.3	60000	1	0.704839	0.0	0.678224	0.0	0.456787	0.0	0.295161	0.0
tw2	NNI	0.3	70000	1	0.704853	0.0	0.678224	0.0	0.458095	0.0	0.29514700000000005	0.0
tw2	NNI	0.3	80000	1	0.717088	0.0	0.690271	0.0	0.458823	0.0	0.28291200000000005	0.0
tw2	NNI	0.3	90000	1	0.749311	0.0	0.721593	0.0	0.457948	0.0	0.25068900000000005	0.0
tw2	NNI	0.3	100000	1	0.769305	0.0	0.740868	0.0	0.45741	0.0	0.23069499999999998	0.0
tw2	NNI	0.3	200000	1	0.844883	0.0	0.813146	0.0	0.463925	0.0	0.15511699999999995	0.0
tw2	NNI	0.3	300000	1	0.909354	0.0	0.87579	0.0	0.468504	0.0	0.090646	0.0
tw2	NNI	0.3	400000	1	0.961602	0.0	0.926387	0.0	0.470205	0.0	0.03839800000000004	0.0
tw2	NNI	0.3	500000	1	0.981613	0.0	0.945661	0.0	0.473083	0.0	0.018387000000000042	0.0
tw2	NNI	0.3	600000	1	0.987736	0.0	0.951685	0.0	0.475924	0.0	0.012264000000000053	0.0
tw2	NNI	0.3	700000	1	0.993855	0.0	0.957709	0.0	0.476283	0.0	0.006144999999999956	0.0
tw2	NNI	0.3	800000	1	0.993861	0.0	0.957709	0.0	0.475205	0.0	0.0061390000000000056	0.0
tw2	NNI	0.3	900000	1	0.993863	0.0	0.957709	0.0	0.475021	0.0	0.006136999999999948	0.0
tw2	NNI	0.3	1000000	1	0.999982	0.0	0.963732	0.0	0.473179	0.0	1.799999999996249e-05	0.0
tw2	NNI	0.4	1	1	0.0	0.0	0.0	0.0	0.0	0.0	1.0	0.0
tw2	NNI	0.4	2	1	0.0	0.0	0.0	0.0	0.0	0.0	1.0	0.0
tw2	NNI	0.4	3	1	0.0	0.0	0.0	0.0	0.0	0.0	1.0	0.0
tw2	NNI	0.4	4	1	0.0	0.0	0.0	0.0	0.0	0.0	1.0	0.0
tw2	NNI	0.4	5	1	0.0	0.0	0.0	0.0	0.0	0.0	1.0	0.0
tw2	NNI	0.4	6	1	0.006917	0.0	0.006915	0.0	0.001153	0.0	0.993083	0.0
tw2	NNI	0.4	7	1	0.019354	0.0	0.019275	0.0	0.003625	0.0	0.980646	0.0
tw2	NNI	0.4	8	1	0.038093	0.0	0.037658	0.0	0.007813	0.0	0.961907	0.0
tw2	NNI	0.4	9	1	0.075752	0.0	0.075316	0.0	0.013841	0.0	0.924248	0.0
tw2	NNI	0.4	10	1	0.075841	0.0	0.075316	0.0	0.019216	0.0	0.924159	0.0
tw2	NNI	0.4	20	1	0.189776	0.0	0.188601	0.0	0.071971	0.0	0.810224	0.0
tw2	NNI	0.4	30	1	0.235042	0.0	0.233487	0.0	0.110181	0.0	0.764958	0.0
tw2	NNI	0.4	40	1	0.259088	0.0	0.257219	0.0	0.13428	0.0	0.740912	0.0
tw2	NNI	0.4	50	1	0.272944	0.0	0.270157	0.0	0.152709	0.0	0.7270559999999999	0.0
tw2	NNI	0.4	60	1	0.312107	0.0	0.308707	0.0	0.167309	0.0	0.687893	0.0
tw2	NNI	0.4	70	1	0.363526	0.0	0.359036	0.0	0.186335	0.0	0.636474	0.0
tw2	NNI	0.4	80	1	0.383489	0.0	0.378311	0.0	0.203138	0.0	0.616511	0.0
tw2	NNI	0.4	90	1	0.397416	0.0	0.391562	0.0	0.219271	0.0	0.602584	0.0
tw2	NNI	0.4	100	1	0.411495	0.0	0.404813	0.0	0.232599	0.0	0.5885050000000001	0.0
tw2	NNI	0.4	200	1	0.490157	0.0	0.476467	0.0	0.314332	0.0	0.509843	0.0
tw2	NNI	0.4	300	1	0.520803	0.0	0.504752	0.0	0.35088	0.0	0.479197	0.0
tw2	NNI	0.4	400	1	0.522037	0.0	0.504752	0.0	0.37287	0.0	0.477963	0.0
tw2	NNI	0.4	500	1	0.522584	0.0	0.504752	0.0	0.385634	0.0	0.47741599999999995	0.0
tw2	NNI	0.4	600	1	0.522732	0.0	0.504752	0.0	0.394264	0.0	0.477268	0.0
tw2	NNI	0.4	700	1	0.523126	0.0	0.504752	0.0	0.401388	0.0	0.476874	0.0
tw2	NNI	0.4	800	1	0.523324	0.0	0.504752	0.0	0.405791	0.0	0.476676	0.0
tw2	NNI	0.4	900	1	0.523464	0.0	0.504752	0.0	0.409207	0.0	0.47653599999999996	0.0
tw2	NNI	0.4	1000	1	0.523623	0.0	0.504752	0.0	0.411905	0.0	0.47637700000000005	0.0
tw2	NNI	0.4	2000	1	0.538054	0.0	0.518003	0.0	0.430453	0.0	0.46194599999999997	0.0
tw2	NNI	0.4	3000	1	0.538286	0.0	0.518003	0.0	0.437208	0.0	0.46171399999999996	0.0
tw2	NNI	0.4	4000	1	0.538403	0.0	0.518003	0.0	0.440699	0.0	0.46159700000000004	0.0
tw2	NNI	0.4	5000	1	0.538465	0.0	0.518003	0.0	0.442692	0.0	0.46153500000000003	0.0
tw2	NNI	0.4	6000	1	0.538502	0.0	0.518003	0.0	0.444017	0.0	0.46149799999999996	0.0
tw2	NNI	0.4	7000	1	0.538531	0.0	0.518003	0.0	0.444838	0.0	0.461469	0.0
tw2	NNI	0.4	8000	1	0.53856	0.0	0.518003	0.0	0.445635	0.0	0.46143999999999996	0.0
tw2	NNI	0.4	9000	1	0.53859	0.0	0.518003	0.0	0.446178	0.0	0.46141	0.0
tw2	NNI	0.4	10000	1	0.544702	0.0	0.524027	0.0	0.44663	0.0	0.455298	0.0
tw2	NNI	0.4	20000	1	0.584753	0.0	0.562576	0.0	0.444527	0.0	0.41524700000000003	0.0
tw2	NNI	0.4	30000	1	0.59869	0.0	0.575827	0.0	0.445031	0.0	0.40130999999999994	0.0
tw2	NNI	0.4	40000	1	0.618648	0.0	0.595102	0.0	0.44511	0.0	0.381352	0.0
tw2	NNI	0.4	50000	1	0.637066	0.0	0.613173	0.0	0.44398	0.0	0.362934	0.0
tw2	NNI	0.4	60000	1	0.657064	0.0	0.632447	0.0	0.442097	0.0	0.342936	0.0
tw2	NNI	0.4	70000	1	0.663179	0.0	0.638471	0.0	0.440292	0.0	0.33682100000000004	0.0
tw2	NNI	0.4	80000	1	0.677066	0.0	0.651722	0.0	0.438581	0.0	0.32293400000000005	0.0
tw2	NNI	0.4	90000	1	0.690957	0.0	0.664973	0.0	0.437952	0.0	0.30904299999999996	0.0
tw2	NNI	0.4	100000	1	0.704846	0.0	0.678224	0.0	0.438387	0.0	0.295154	0.0
tw2	NNI	0.4	200000	1	0.818754	0.0	0.787848	0.0	0.450467	0.0	0.18124600000000002	0.0
tw2	NNI	0.4	300000	1	0.90041	0.0	0.86615	0.0	0.462007	0.0	0.09958999999999996	0.0
tw2	NNI	0.4	400000	1	0.900434	0.0	0.86615	0.0	0.47002	0.0	0.09956600000000004	0.0
tw2	NNI	0.4	500000	1	0.926551	0.0	0.891449	0.0	0.471684	0.0	0.07344899999999999	0.0
tw2	NNI	0.4	600000	1	0.957143	0.0	0.921567	0.0	0.47131	0.0	0.042857000000000034	0.0
tw2	NNI	0.4	700000	1	0.957149	0.0	0.921567	0.0	0.473194	0.0	0.04285099999999997	0.0
tw2	NNI	0.4	800000	1	0.9755	0.0	0.939638	0.0	0.475384	0.0	0.024499999999999966	0.0
tw2	NNI	0.4	900000	1	0.981619	0.0	0.945661	0.0	0.47651	0.0	0.01838099999999998	0.0
tw2	NNI	0.4	1000000	1	0.981621	0.0	0.945661	0.0	0.477541	0.0	0.018379000000000034	0.0
tw2	NNI	0.5	1	1	0.0	0.0	0.0	0.0	0.0	0.0	1.0	0.0
tw2	NNI	0.5	2	1	1e-06	0.0	0.0	0.0	1e-06	0.0	0.999999	0.0
tw2	NNI	0.5	3	1	0.000893	0.0	0.000891	0.0	0.000298	0.0	0.999107	0.0
tw2	NNI	0.5	4	1	0.013252	0.0	0.013251	0.0	0.003313	0.0	0.986748	0.0
tw2	NNI	0.5	5	1	0.013252	0.0	0.013251	0.0	0.005122	0.0	0.986748	0.0
tw2	NNI	0.5	6	1	0.013252	0.0	0.013251	0.0	0.006329	0.0	0.986748	0.0
tw2	NNI	0.5	7	1	0.013252	0.0	0.013251	0.0	0.00719	0.0	0.986748	0.0
tw2	NNI	0.5	8	1	0.013256	0.0	0.013251	0.0	0.007837	0.0	0.986744	0.0
tw2	NNI	0.5	9	1	0.013417	0.0	0.013251	0.0	0.007083	0.0	0.986583	0.0
tw2	NNI	0.5	10	1	0.025776	0.0	0.025611	0.0	0.008847	0.0	0.974224	0.0
tw2	NNI	0.5	20	1	0.051982	0.0	0.0518	0.0	0.019313	0.0	0.948018	0.0
tw2	NNI	0.5	30	1	0.058391	0.0	0.057824	0.0	0.029061	0.0	0.941609	0.0
tw2	NNI	0.5	40	1	0.071156	0.0	0.070183	0.0	0.037448	0.0	0.928844	0.0
tw2	NNI	0.5	50	1	0.08992	0.0	0.088567	0.0	0.044844	0.0	0.91008	0.0
tw2	NNI	0.5	60	1	0.102504	0.0	0.100926	0.0	0.050705	0.0	0.897496	0.0
tw2	NNI	0.5	70	1	0.109753	0.0	0.107841	0.0	0.05785	0.0	0.890247	0.0
tw2	NNI	0.5	80	1	0.129211	0.0	0.127116	0.0	0.064978	0.0	0.870789	0.0
tw2	NNI	0.5	90	1	0.130164	0.0	0.128007	0.0	0.070421	0.0	0.869836	0.0
tw2	NNI	0.5	100	1	0.130238	0.0	0.128007	0.0	0.075287	0.0	0.869762	0.0
tw2	NNI	0.5	200	1	0.156915	0.0	0.152993	0.0	0.101706	0.0	0.843085	0.0
tw2	NNI	0.5	300	1	0.256583	0.0	0.25057	0.0	0.130611	0.0	0.743417	0.0
tw2	NNI	0.5	400	1	0.276609	0.0	0.268954	0.0	0.154699	0.0	0.723391	0.0
tw2	NNI	0.5	500	1	0.317593	0.0	0.308394	0.0	0.175056	0.0	0.682407	0.0
tw2	NNI	0.5	600	1	0.385989	0.0	0.374649	0.0	0.196407	0.0	0.614011	0.0
tw2	NNI	0.5	700	1	0.386939	0.0	0.374649	0.0	0.215223	0.0	0.6130610000000001	0.0
tw2	NNI	0.5	800	1	0.387498	0.0	0.374649	0.0	0.229437	0.0	0.612502	0.0
tw2	NNI	0.5	900	1	0.427865	0.0	0.414402	0.0	0.241962	0.0	0.5721350000000001	0.0
tw2	NNI	0.5	1000	1	0.428722	0.0	0.414402	0.0	0.254299	0.0	0.571278	0.0
tw2	NNI	0.5	2000	1	0.485557	0.0	0.467407	0.0	0.326439	0.0	0.514443	0.0
tw2	NNI	0.5	3000	1	0.512047	0.0	0.492705	0.0	0.354746	0.0	0.48795299999999997	0.0
tw2	NNI	0.5	4000	1	0.54602	0.0	0.52523	0.0	0.377229	0.0	0.45398000000000005	0.0
tw2	NNI	0.5	5000	1	0.546136	0.0	0.52523	0.0	0.392805	0.0	0.45386400000000005	0.0
tw2	NNI	0.5	6000	1	0.546227	0.0	0.52523	0.0	0.40322	0.0	0.453773	0.0
tw2	NNI	0.5	7000	1	0.546255	0.0	0.52523	0.0	0.410657	0.0	0.45374499999999995	0.0
tw2	NNI	0.5	8000	1	0.546286	0.0	0.52523	0.0	0.416218	0.0	0.45371399999999995	0.0
tw2	NNI	0.5	9000	1	0.54631	0.0	0.52523	0.0	0.420634	0.0	0.45369000000000004	0.0
tw2	NNI	0.5	10000	1	0.558545	0.0	0.537278	0.0	0.423871	0.0	0.44145500000000004	0.0
tw2	NNI	0.5	20000	1	0.564782	0.0	0.543301	0.0	0.432337	0.0	0.435218	0.0
tw2	NNI	0.5	30000	1	0.577047	0.0	0.555349	0.0	0.432509	0.0	0.422953	0.0
tw2	NNI	0.5	40000	1	0.577073	0.0	0.555349	0.0	0.43189	0.0	0.42292700000000005	0.0
tw2	NNI	0.5	50000	1	0.590964	0.0	0.5686	0.0	0.433003	0.0	0.40903599999999996	0.0
tw2	NNI	0.5	60000	1	0.590981	0.0	0.5686	0.0	0.434265	0.0	0.409019	0.0
tw2	NNI	0.5	70000	1	0.590987	0.0	0.5686	0.0	0.435149	0.0	0.40901299999999996	0.0
tw2	NNI	0.5	80000	1	0.590993	0.0	0.5686	0.0	0.43581	0.0	0.409007	0.0
tw2	NNI	0.5	90000	1	0.590998	0.0	0.5686	0.0	0.436701	0.0	0.409002	0.0
tw2	NNI	0.5	100000	1	0.604874	0.0	0.581851	0.0	0.437721	0.0	0.395126	0.0
tw2	NNI	0.5	200000	1	0.618783	0.0	0.595102	0.0	0.44206	0.0	0.38121700000000003	0.0
tw2	NNI	0.5	300000	1	0.666527	0.0	0.640878	0.0	0.445517	0.0	0.333473	0.0
tw2	NNI	0.5	400000	1	0.76044	0.0	0.731228	0.0	0.453982	0.0	0.23956	0.0
tw2	NNI	0.5	500000	1	0.800447	0.0	0.769777	0.0	0.460915	0.0	0.19955299999999998	0.0
tw2	NNI	0.5	600000	1	0.826569	0.0	0.795075	0.0	0.463141	0.0	0.173431	0.0
tw2	NNI	0.5	700000	1	0.878797	0.0	0.845672	0.0	0.464056	0.0	0.12120299999999995	0.0
tw2	NNI	0.5	800000	1	0.891038	0.0	0.857719	0.0	0.462964	0.0	0.108962	0.0
tw2	NNI	0.5	900000	1	0.911039	0.0	0.876994	0.0	0.462414	0.0	0.08896099999999996	0.0
tw2	NNI	0.5	1000000	1	0.91104	0.0	0.876994	0.0	0.462846	0.0	0.08896000000000004	0.0
tw2	NNI2	0.0	1	1	0.0	0.0	0.0	0.0	0.0	0.0	1.0	0.0
tw2	NNI2	0.0	2	1	0.0	0.0	0.0	0.0	0.0	0.0	1.0	0.0
tw2	NNI2	0.0	3	1	0.0	0.0	0.0	0.0	0.0	0.0	1.0	0.0
tw2	NNI2	0.0	4	1	0.0	0.0	0.0	0.0	0.0	0.0	1.0	0.0
tw2	NNI2	0.0	5	1	0.0	0.0	0.0	0.0	0.0	0.0	1.0	0.0
tw2	NNI2	0.0	6	1	0.0	0.0	0.0	0.0	0.0	0.0	1.0	0.0
tw2	NNI2	0.0	7	1	0.0	0.0	0.0	0.0	0.0	0.0	1.0	0.0
tw2	NNI2	0.0	8	1	0.0	0.0	0.0	0.0	0.0	0.0	1.0	0.0
tw2	NNI2	0.0	9	1	0.0	0.0	0.0	0.0	0.0	0.0	1.0	0.0
tw2	NNI2	0.0	10	1	0.0	0.0	0.0	0.0	0.0	0.0	1.0	0.0
tw2	NNI2	0.0	20	1	0.000899	0.0	0.000891	0.0	4.5e-05	0.0	0.999101	0.0
tw2	NNI2	0.0	30	1	0.00104	0.0	0.000891	0.0	0.000376	0.0	0.99896	0.0
tw2	NNI2	0.0	40	1	0.01373	0.0	0.013251	0.0	0.002866	0.0	0.98627	0.0
tw2	NNI2	0.0	50	1	0.027393	0.0	0.026502	0.0	0.006473	0.0	0.972607	0.0
tw2	NNI2	0.0	60	1	0.04054	0.0	0.039441	0.0	0.010476	0.0	0.95946	0.0
tw2	NNI2	0.0	70	1	0.04802	0.0	0.046356	0.0	0.01487	0.0	0.95198	0.0
tw2	NNI2	0.0	80	1	0.055414	0.0	0.053271	0.0	0.019002	0.0	0.944586	0.0
tw2	NNI2	0.0	90	1	0.092671	0.0	0.09035	0.0	0.025505	0.0	0.907329	0.0
tw2	NNI2	0.0	100	1	0.136406	0.0	0.133452	0.0	0.033752	0.0	0.863594	0.0
tw2	NNI2	0.0	200	1	0.333655	0.0	0.327135	0.0	0.13231	0.0	0.666345	0.0
tw2	NNI2	0.0	300	1	0.480229	0.0	0.472368	0.0	0.215811	0.0	0.519771	0.0
tw2	NNI2	0.0	400	1	0.519958	0.0	0.510917	0.0	0.274372	0.0	0.48004199999999997	0.0
tw2	NNI2	0.0	500	1	0.558005	0.0	0.548887	0.0	0.312935	0.0	0.441995	0.0
tw2	NNI2	0.0	600	1	0.558973	0.0	0.549778	0.0	0.346994	0.0	0.44102699999999995	0.0
tw2	NNI2	0.0	700	1	0.560466	0.0	0.55067	0.0	0.370369	0.0	0.439534	0.0
tw2	NNI2	0.0	800	1	0.562636	0.0	0.552453	0.0	0.385623	0.0	0.437364	0.0
tw2	NNI2	0.0	900	1	0.563836	0.0	0.552453	0.0	0.393107	0.0	0.436164	0.0
tw2	NNI2	0.0	1000	1	0.565699	0.0	0.553344	0.0	0.399882	0.0	0.43430100000000005	0.0
tw2	NNI2	0.0	2000	1	0.585785	0.0	0.570161	0.0	0.440836	0.0	0.414215	0.0
tw2	NNI2	0.0	3000	1	0.614755	0.0	0.597555	0.0	0.458293	0.0	0.38524499999999995	0.0
tw2	NNI2	0.0	4000	1	0.623572	0.0	0.605361	0.0	0.470783	0.0	0.376428	0.0
tw2	NNI2	0.0	5000	1	0.632222	0.0	0.612276	0.0	0.475523	0.0	0.36777800000000005	0.0
tw2	NNI2	0.0	6000	1	0.640322	0.0	0.619191	0.0	0.475136	0.0	0.35967800000000005	0.0
tw2	NNI2	0.0	7000	1	0.641485	0.0	0.619191	0.0	0.473577	0.0	0.35851500000000003	0.0
tw2	NNI2	0.0	8000	1	0.668588	0.0	0.645693	0.0	0.474548	0.0	0.33141200000000004	0.0
tw2	NNI2	0.0	9000	1	0.681217	0.0	0.657741	0.0	0.473096	0.0	0.31878300000000004	0.0
tw2	NNI2	0.0	10000	1	0.693664	0.0	0.669788	0.0	0.473209	0.0	0.30633600000000005	0.0
tw2	NNI2	0.0	20000	1	0.78039	0.0	0.752019	0.0	0.467252	0.0	0.21960999999999997	0.0
tw2	NNI2	0.0	30000	1	0.826084	0.0	0.796279	0.0	0.465064	0.0	0.17391599999999996	0.0
tw2	NNI2	0.0	40000	1	0.864345	0.0	0.833625	0.0	0.46691	0.0	0.13565499999999997	0.0
tw2	NNI2	0.0	50000	1	0.891219	0.0	0.858923	0.0	0.468788	0.0	0.10878100000000002	0.0
tw2	NNI2	0.0	60000	1	0.905304	0.0	0.872174	0.0	0.472596	0.0	0.094696	0.0
tw2	NNI2	0.0	70000	1	0.911551	0.0	0.878198	0.0	0.475005	0.0	0.088449	0.0
tw2	NNI2	0.0	80000	1	0.923772	0.0	0.890245	0.0	0.476261	0.0	0.07622799999999996	0.0
tw2	NNI2	0.0	90000	1	0.930018	0.0	0.896269	0.0	0.477882	0.0	0.06998199999999999	0.0
tw2	NNI2	0.0	100000	1	0.930208	0.0	0.896269	0.0	0.478756	0.0	0.06979199999999997	0.0
tw2	NNI2	0.0	200000	1	0.975019	0.0	0.939638	0.0	0.480031	0.0	0.02498100000000003	0.0
tw2	NNI2	0.0	300000	1	0.993497	0.0	0.957709	0.0	0.481982	0.0	0.0065030000000000365	0.0
tw2	NNI2	0.0	400000	1	0.999659	0.0	0.963732	0.0	0.480936	0.0	0.0003410000000000357	0.0
tw2	NNI2	0.0	500000	1	0.999735	0.0	0.963732	0.0	0.479401	0.0	0.0002649999999999597	0.0
tw2	NNI2	0.0	600000	1	0.999774	0.0	0.963732	0.0	0.476796	0.0	0.00022599999999994846	0.0
tw2	NNI2	0.0	700000	1	0.999806	0.0	0.963732	0.0	0.476546	0.0	0.00019400000000002748	0.0
tw2	NNI2	0.0	800000	1	0.999833	0.0	0.963732	0.0	0.476416	0.0	0.00016700000000002824	0.0
tw2	NNI2	0.0	900000	1	0.999846	0.0	0.963732	0.0	0.476078	0.0	0.00015399999999998748	0.0
tw2	NNI2	0.0	1000000	1	0.999862	0.0	0.963732	0.0	0.475994	0.0	0.00013799999999997148	0.0
tw2	NNI2	0.02	1	1	0.0	0.0	0.0	0.0	0.0	0.0	1.0	0.0
tw2	NNI2	0.02	2	1	0.0	0.0	0.0	0.0	0.0	0.0	1.0	0.0
tw2	NNI2	0.02	3	1	0.0	0.0	0.0	0.0	0.0	0.0	1.0	0.0
tw2	NNI2	0.02	4	1	0.0	0.0	0.0	0.0	0.0	0.0	1.0	0.0
tw2	NNI2	0.02	5	1	0.0	0.0	0.0	0.0	0.0	0.0	1.0	0.0
tw2	NNI2	0.02	6	1	0.0	0.0	0.0	0.0	0.0	0.0	1.0	0.0
tw2	NNI2	0.02	7	1	0.0	0.0	0.0	0.0	0.0	0.0	1.0	0.0
tw2	NNI2	0.02	8	1	0.0	0.0	0.0	0.0	0.0	0.0	1.0	0.0
tw2	NNI2	0.02	9	1	0.0	0.0	0.0	0.0	0.0	0.0	1.0	0.0
tw2	NNI2	0.02	10	1	0.0	0.0	0.0	0.0	0.0	0.0	1.0	0.0
tw2	NNI2	0.02	20	1	0.006242	0.0	0.006024	0.0	0.001831	0.0	0.993758	0.0
tw2	NNI2	0.02	30	1	0.031892	0.0	0.031634	0.0	0.006829	0.0	0.968108	0.0
tw2	NNI2	0.02	40	1	0.069561	0.0	0.068401	0.0	0.017619	0.0	0.930439	0.0
tw2	NNI2	0.02	50	1	0.077688	0.0	0.076207	0.0	0.028817	0.0	0.922312	0.0
tw2	NNI2	0.02	60	1	0.110177	0.0	0.107841	0.0	0.039885	0.0	0.889823	0.0
tw2	NNI2	0.02	70	1	0.160092	0.0	0.15728	0.0	0.052612	0.0	0.839908	0.0
tw2	NNI2	0.02	80	1	0.216406	0.0	0.212741	0.0	0.071211	0.0	0.783594	0.0
tw2	NNI2	0.02	90	1	0.242572	0.0	0.238352	0.0	0.088209	0.0	0.757428	0.0
tw2	NNI2	0.02	100	1	0.274373	0.0	0.269095	0.0	0.104826	0.0	0.725627	0.0
tw2	NNI2	0.02	200	1	0.451384	0.0	0.444083	0.0	0.229546	0.0	0.548616	0.0
tw2	NNI2	0.02	300	1	0.502226	0.0	0.4941	0.0	0.295413	0.0	0.49777400000000005	0.0
tw2	NNI2	0.02	400	1	0.541478	0.0	0.531758	0.0	0.336871	0.0	0.458522	0.0
tw2	NNI2	0.02	500	1	0.556761	0.0	0.546792	0.0	0.364097	0.0	0.44323900000000005	0.0
tw2	NNI2	0.02	600	1	0.570012	0.0	0.559151	0.0	0.383073	0.0	0.42998800000000004	0.0
tw2	NNI2	0.02	700	1	0.57064	0.0	0.559151	0.0	0.394545	0.0	0.42935999999999996	0.0
tw2	NNI2	0.02	800	1	0.572039	0.0	0.560043	0.0	0.402236	0.0	0.42796100000000004	0.0
tw2	NNI2	0.02	900	1	0.578832	0.0	0.566066	0.0	0.411591	0.0	0.421168	0.0
tw2	NNI2	0.02	1000	1	0.580116	0.0	0.566958	0.0	0.417205	0.0	0.41988400000000003	0.0
tw2	NNI2	0.02	2000	1	0.594128	0.0	0.577655	0.0	0.445599	0.0	0.405872	0.0
tw2	NNI2	0.02	3000	1	0.602493	0.0	0.58457	0.0	0.454496	0.0	0.39750700000000005	0.0
tw2	NNI2	0.02	4000	1	0.604982	0.0	0.585462	0.0	0.455997	0.0	0.395018	0.0
tw2	NNI2	0.02	5000	1	0.605841	0.0	0.585462	0.0	0.45963	0.0	0.39415900000000004	0.0
tw2	NNI2	0.02	6000	1	0.632303	0.0	0.61076	0.0	0.457726	0.0	0.36769700000000005	0.0
tw2	NNI2	0.02	7000	1	0.639077	0.0	0.616784	0.0	0.457992	0.0	0.360923	0.0
tw2	NNI2	0.02	8000	1	0.652306	0.0	0.629143	0.0	0.456867	0.0	0.34769399999999995	0.0
tw2	NNI2	0.02	9000	1	0.666823	0.0	0.642394	0.0	0.45801	0.0	0.33317699999999995	0.0
tw2	NNI2	0.02	10000	1	0.681508	0.0	0.656537	0.0	0.459036	0.0	0.318492	0.0
tw2	NNI2	0.02	20000	1	0.782701	0.0	0.754743	0.0	0.464943	0.0	0.21729900000000002	0.0
tw2	NNI2	0.02	30000	1	0.831511	0.0	0.801991	0.0	0.459995	0.0	0.168489	0.0
tw2	NNI2	0.02	40000	1	0.885351	0.0	0.853791	0.0	0.463866	0.0	0.114649	0.0
tw2	NNI2	0.02	50000	1	0.905429	0.0	0.873066	0.0	0.467266	0.0	0.09457099999999996	0.0
tw2	NNI2	0.02	60000	1	0.90589	0.0	0.873066	0.0	0.470822	0.0	0.09411000000000003	0.0
tw2	NNI2	0.02	70000	1	0.937285	0.0	0.903496	0.0	0.473942	0.0	0.06271499999999997	0.0
tw2	NNI2	0.02	80000	1	0.943445	0.0	0.90952	0.0	0.477449	0.0	0.05655500000000002	0.0
tw2	NNI2	0.02	90000	1	0.961706	0.0	0.92759	0.0	0.478766	0.0	0.03829400000000005	0.0
tw2	NNI2	0.02	100000	1	0.974239	0.0	0.939638	0.0	0.481729	0.0	0.025761000000000034	0.0
tw2	NNI2	0.02	200000	1	0.993398	0.0	0.957709	0.0	0.478019	0.0	0.006601999999999997	0.0
tw2	NNI2	0.02	300000	1	0.999686	0.0	0.963732	0.0	0.476076	0.0	0.00031400000000003647	0.0
tw2	NNI2	0.02	400000	1	0.999784	0.0	0.963732	0.0	0.474291	0.0	0.00021599999999999397	0.0
tw2	NNI2	0.02	500000	1	0.999822	0.0	0.963732	0.0	0.473026	0.0	0.00017800000000001148	0.0
tw2	NNI2	0.02	600000	1	0.999848	0.0	0.963732	0.0	0.475487	0.0	0.000152000000000041	0.0
tw2	NNI2	0.02	700000	1	0.999867	0.0	0.963732	0.0	0.47684	0.0	0.00013300000000004975	0.0
tw2	NNI2	0.02	800000	1	0.999886	0.0	0.963732	0.0	0.475308	0.0	0.00011399999999994748	0.0
tw2	NNI2	0.02	900000	1	0.999897	0.0	0.963732	0.0	0.474241	0.0	0.00010299999999996423	0.0
tw2	NNI2	0.02	1000000	1	0.999907	0.0	0.963732	0.0	0.4723	0.0	9.300000000000974e-05	0.0
tw2	NNI2	0.05	1	1	0.0	0.0	0.0	0.0	0.0	0.0	1.0	0.0
tw2	NNI2	0.05	2	1	0.0	0.0	0.0	0.0	0.0	0.0	1.0	0.0
tw2	NNI2	0.05	3	1	0.0	0.0	0.0	0.0	0.0	0.0	1.0	0.0
tw2	NNI2	0.05	4	1	0.0	0.0	0.0	0.0	0.0	0.0	1.0	0.0
tw2	NNI2	0.05	5	1	0.0	0.0	0.0	0.0	0.0	0.0	1.0	0.0
tw2	NNI2	0.05	6	1	0.0	0.0	0.0	0.0	0.0	0.0	1.0	0.0
tw2	NNI2	0.05	7	1	0.0	0.0	0.0	0.0	0.0	0.0	1.0	0.0
tw2	NNI2	0.05	8	1	8e-06	0.0	0.0	0.0	1e-06	0.0	0.999992	0.0
tw2	NNI2	0.05	9	1	8e-06	0.0	0.0	0.0	2e-06	0.0	0.999992	0.0
tw2	NNI2	0.05	10	1	0.000172	0.0	0.0	0.0	1.8e-05	0.0	0.999828	0.0
tw2	NNI2	0.05	20	1	0.03894	0.0	0.03797	0.0	0.013367	0.0	0.96106	0.0
tw2	NNI2	0.05	30	1	0.087853	0.0	0.085217	0.0	0.028923	0.0	0.912147	0.0
tw2	NNI2	0.05	40	1	0.148513	0.0	0.144824	0.0	0.047895	0.0	0.851487	0.0
tw2	NNI2	0.05	50	1	0.206346	0.0	0.200865	0.0	0.065539	0.0	0.793654	0.0
tw2	NNI2	0.05	60	1	0.226193	0.0	0.22014	0.0	0.082754	0.0	0.773807	0.0
tw2	NNI2	0.05	70	1	0.270435	0.0	0.264134	0.0	0.100771	0.0	0.729565	0.0
tw2	NNI2	0.05	80	1	0.283806	0.0	0.277385	0.0	0.116431	0.0	0.716194	0.0
tw2	NNI2	0.05	90	1	0.327579	0.0	0.320487	0.0	0.130779	0.0	0.6724209999999999	0.0
tw2	NNI2	0.05	100	1	0.346653	0.0	0.33887	0.0	0.144801	0.0	0.653347	0.0
tw2	NNI2	0.05	200	1	0.52523	0.0	0.514845	0.0	0.267028	0.0	0.47477	0.0
tw2	NNI2	0.05	300	1	0.527645	0.0	0.516628	0.0	0.316735	0.0	0.47235499999999997	0.0
tw2	NNI2	0.05	400	1	0.546302	0.0	0.535011	0.0	0.357183	0.0	0.45369800000000005	0.0
tw2	NNI2	0.05	500	1	0.54686	0.0	0.535011	0.0	0.379024	0.0	0.45314	0.0
tw2	NNI2	0.05	600	1	0.550388	0.0	0.537686	0.0	0.393253	0.0	0.449612	0.0
tw2	NNI2	0.05	700	1	0.557657	0.0	0.544601	0.0	0.406605	0.0	0.44234300000000004	0.0
tw2	NNI2	0.05	800	1	0.55933	0.0	0.545492	0.0	0.412296	0.0	0.44067	0.0
tw2	NNI2	0.05	900	1	0.560399	0.0	0.546384	0.0	0.417804	0.0	0.439601	0.0
tw2	NNI2	0.05	1000	1	0.560888	0.0	0.546384	0.0	0.421488	0.0	0.43911199999999995	0.0
tw2	NNI2	0.05	2000	1	0.613895	0.0	0.594835	0.0	0.438427	0.0	0.38610500000000003	0.0
tw2	NNI2	0.05	3000	1	0.654622	0.0	0.633384	0.0	0.449249	0.0	0.34537799999999996	0.0
tw2	NNI2	0.05	4000	1	0.663863	0.0	0.641191	0.0	0.453339	0.0	0.336137	0.0
tw2	NNI2	0.05	5000	1	0.679027	0.0	0.655333	0.0	0.456664	0.0	0.32097299999999995	0.0
tw2	NNI2	0.05	6000	1	0.679813	0.0	0.655333	0.0	0.461114	0.0	0.320187	0.0
tw2	NNI2	0.05	7000	1	0.680175	0.0	0.655333	0.0	0.464383	0.0	0.319825	0.0
tw2	NNI2	0.05	8000	1	0.698673	0.0	0.673404	0.0	0.464925	0.0	0.301327	0.0
tw2	NNI2	0.05	9000	1	0.69899	0.0	0.673404	0.0	0.463971	0.0	0.30101	0.0
tw2	NNI2	0.05	10000	1	0.69925	0.0	0.673404	0.0	0.462967	0.0	0.30074999999999996	0.0
tw2	NNI2	0.05	20000	1	0.75043	0.0	0.722797	0.0	0.454104	0.0	0.24956999999999996	0.0
tw2	NNI2	0.05	30000	1	0.790984	0.0	0.761346	0.0	0.454243	0.0	0.20901599999999998	0.0
tw2	NNI2	0.05	40000	1	0.837252	0.0	0.805919	0.0	0.458444	0.0	0.162748	0.0
tw2	NNI2	0.05	50000	1	0.890608	0.0	0.857719	0.0	0.461324	0.0	0.10939200000000004	0.0
tw2	NNI2	0.05	60000	1	0.91642	0.0	0.883018	0.0	0.461597	0.0	0.08357999999999999	0.0
tw2	NNI2	0.05	70000	1	0.954803	0.0	0.920363	0.0	0.463463	0.0	0.04519700000000004	0.0
tw2	NNI2	0.05	80000	1	0.955057	0.0	0.920363	0.0	0.468181	0.0	0.044942999999999955	0.0
tw2	NNI2	0.05	90000	1	0.955141	0.0	0.920363	0.0	0.472119	0.0	0.04485899999999998	0.0
tw2	NNI2	0.05	100000	1	0.975121	0.0	0.939638	0.0	0.472889	0.0	0.024878999999999984	0.0
tw2	NNI2	0.05	200000	1	0.993568	0.0	0.957709	0.0	0.475541	0.0	0.006431999999999993	0.0
tw2	NNI2	0.05	300000	1	0.999779	0.0	0.963732	0.0	0.476691	0.0	0.00022100000000002673	0.0
tw2	NNI2	0.05	400000	1	0.999853	0.0	0.963732	0.0	0.474183	0.0	0.00014700000000000824	0.0
tw2	NNI2	0.05	500000	1	0.999882	0.0	0.963732	0.0	0.475237	0.0	0.00011799999999995148	0.0
tw2	NNI2	0.05	600000	1	0.999904	0.0	0.963732	0.0	0.474781	0.0	9.599999999998499e-05	0.0
tw2	NNI2	0.05	700000	1	0.999917	0.0	0.963732	0.0	0.474392	0.0	8.300000000005525e-05	0.0
tw2	NNI2	0.05	800000	1	0.999926	0.0	0.963732	0.0	0.473705	0.0	7.40000000000185e-05	0.0
tw2	NNI2	0.05	900000	1	0.999936	0.0	0.963732	0.0	0.475403	0.0	6.399999999995298e-05	0.0
tw2	NNI2	0.05	1000000	1	0.999943	0.0	0.963732	0.0	0.476093	0.0	5.699999999997374e-05	0.0
tw2	NNI2	0.1	1	1	0.0	0.0	0.0	0.0	0.0	0.0	1.0	0.0
tw2	NNI2	0.1	2	1	0.0	0.0	0.0	0.0	0.0	0.0	1.0	0.0
tw2	NNI2	0.1	3	1	4e-06	0.0	0.0	0.0	1e-06	0.0	0.999996	0.0
tw2	NNI2	0.1	4	1	4e-06	0.0	0.0	0.0	2e-06	0.0	0.999996	0.0
tw2	NNI2	0.1	5	1	0.000896	0.0	0.000891	0.0	0.00018	0.0	0.999104	0.0
tw2	NNI2	0.1	6	1	0.006921	0.0	0.006915	0.0	0.001303	0.0	0.993079	0.0
tw2	NNI2	0.1	7	1	0.006943	0.0	0.006915	0.0	0.002108	0.0	0.993057	0.0
tw2	NNI2	0.1	8	1	0.031685	0.0	0.031634	0.0	0.005693	0.0	0.968315	0.0
tw2	NNI2	0.1	9	1	0.037744	0.0	0.037658	0.0	0.009155	0.0	0.962256	0.0
tw2	NNI2	0.1	10	1	0.043831	0.0	0.043681	0.0	0.012533	0.0	0.956169	0.0
tw2	NNI2	0.1	20	1	0.231872	0.0	0.229875	0.0	0.072374	0.0	0.768128	0.0
tw2	NNI2	0.1	30	1	0.333251	0.0	0.330535	0.0	0.142802	0.0	0.666749	0.0
tw2	NNI2	0.1	40	1	0.390115	0.0	0.386576	0.0	0.187712	0.0	0.609885	0.0
tw2	NNI2	0.1	50	1	0.467659	0.0	0.463095	0.0	0.23024	0.0	0.532341	0.0
tw2	NNI2	0.1	60	1	0.469	0.0	0.463987	0.0	0.260503	0.0	0.531	0.0
tw2	NNI2	0.1	70	1	0.493796	0.0	0.488706	0.0	0.287463	0.0	0.506204	0.0
tw2	NNI2	0.1	80	1	0.494904	0.0	0.489597	0.0	0.309247	0.0	0.505096	0.0
tw2	NNI2	0.1	90	1	0.508191	0.0	0.502848	0.0	0.326544	0.0	0.49180900000000005	0.0
tw2	NNI2	0.1	100	1	0.508191	0.0	0.502848	0.0	0.343015	0.0	0.49180900000000005	0.0
tw2	NNI2	0.1	200	1	0.516546	0.0	0.50998	0.0	0.400639	0.0	0.48345400000000005	0.0
tw2	NNI2	0.1	300	1	0.521853	0.0	0.512654	0.0	0.412195	0.0	0.478147	0.0
tw2	NNI2	0.1	400	1	0.526096	0.0	0.51622	0.0	0.421661	0.0	0.473904	0.0
tw2	NNI2	0.1	500	1	0.529408	0.0	0.518003	0.0	0.428133	0.0	0.470592	0.0
tw2	NNI2	0.1	600	1	0.544394	0.0	0.531254	0.0	0.431989	0.0	0.45560599999999996	0.0
tw2	NNI2	0.1	700	1	0.545472	0.0	0.531254	0.0	0.43675	0.0	0.45452800000000004	0.0
tw2	NNI2	0.1	800	1	0.546187	0.0	0.531254	0.0	0.440741	0.0	0.453813	0.0
tw2	NNI2	0.1	900	1	0.552551	0.0	0.537278	0.0	0.442492	0.0	0.447449	0.0
tw2	NNI2	0.1	1000	1	0.553029	0.0	0.537278	0.0	0.443394	0.0	0.446971	0.0
tw2	NNI2	0.1	2000	1	0.588002	0.0	0.5686	0.0	0.442436	0.0	0.411998	0.0
tw2	NNI2	0.1	3000	1	0.653695	0.0	0.632447	0.0	0.438637	0.0	0.346305	0.0
tw2	NNI2	0.1	4000	1	0.674569	0.0	0.651722	0.0	0.435883	0.0	0.325431	0.0
tw2	NNI2	0.1	5000	1	0.701861	0.0	0.678224	0.0	0.437907	0.0	0.29813900000000004	0.0
tw2	NNI2	0.1	6000	1	0.703107	0.0	0.678224	0.0	0.441074	0.0	0.29689299999999996	0.0
tw2	NNI2	0.1	7000	1	0.723134	0.0	0.697498	0.0	0.444834	0.0	0.27686599999999995	0.0
tw2	NNI2	0.1	8000	1	0.742105	0.0	0.715882	0.0	0.448833	0.0	0.257895	0.0
tw2	NNI2	0.1	9000	1	0.757006	0.0	0.730024	0.0	0.451817	0.0	0.24299400000000004	0.0
tw2	NNI2	0.1	10000	1	0.788773	0.0	0.761346	0.0	0.45416	0.0	0.21122700000000005	0.0
tw2	NNI2	0.1	20000	1	0.862287	0.0	0.831217	0.0	0.460562	0.0	0.13771299999999997	0.0
tw2	NNI2	0.1	30000	1	0.948584	0.0	0.914339	0.0	0.461546	0.0	0.05141600000000002	0.0
tw2	NNI2	0.1	40000	1	0.974904	0.0	0.939638	0.0	0.46465	0.0	0.025096000000000007	0.0
tw2	NNI2	0.1	50000	1	0.975052	0.0	0.939638	0.0	0.465907	0.0	0.02494799999999997	0.0
tw2	NNI2	0.1	60000	1	0.987356	0.0	0.951685	0.0	0.469691	0.0	0.012643999999999989	0.0
tw2	NNI2	0.1	70000	1	0.987448	0.0	0.951685	0.0	0.470461	0.0	0.012552000000000008	0.0
tw2	NNI2	0.1	80000	1	0.999598	0.0	0.963732	0.0	0.471045	0.0	0.00040200000000001346	0.0
tw2	NNI2	0.1	90000	1	0.999642	0.0	0.963732	0.0	0.472122	0.0	0.00035799999999996945	0.0
tw2	NNI2	0.1	100000	1	0.999662	0.0	0.963732	0.0	0.47274	0.0	0.00033799999999994945	0.0
tw2	NNI2	0.1	200000	1	0.999836	0.0	0.963732	0.0	0.473498	0.0	0.000164000000000053	0.0
tw2	NNI2	0.1	300000	1	0.999902	0.0	0.963732	0.0	0.473744	0.0	9.80000000000425e-05	0.0
tw2	NNI2	0.1	400000	1	0.999924	0.0	0.963732	0.0	0.472508	0.0	7.599999999996498e-05	0.0
tw2	NNI2	0.1	500000	1	0.999936	0.0	0.963732	0.0	0.472928	0.0	6.399999999995298e-05	0.0
tw2	NNI2	0.1	600000	1	0.999945	0.0	0.963732	0.0	0.4729	0.0	5.500000000002725e-05	0.0
tw2	NNI2	0.1	700000	1	0.999952	0.0	0.963732	0.0	0.473167	0.0	4.8000000000048004e-05	0.0
tw2	NNI2	0.1	800000	1	0.99996	0.0	0.963732	0.0	0.473576	0.0	4.0000000000040004e-05	0.0
tw2	NNI2	0.1	900000	1	0.999964	0.0	0.963732	0.0	0.47368	0.0	3.6000000000036e-05	0.0
tw2	NNI2	0.1	1000000	1	0.999967	0.0	0.963732	0.0	0.474267	0.0	3.2999999999949736e-05	0.0
tw2	NNI2	0.2	1	1	0.0	0.0	0.0	0.0	0.0	0.0	1.0	0.0
tw2	NNI2	0.2	2	1	0.0	0.0	0.0	0.0	0.0	0.0	1.0	0.0
tw2	NNI2	0.2	3	1	0.00014	0.0	0.0	0.0	4.7e-05	0.0	0.99986	0.0
tw2	NNI2	0.2	4	1	0.026179	0.0	0.025611	0.0	0.006545	0.0	0.973821	0.0
tw2	NNI2	0.2	5	1	0.029915	0.0	0.029176	0.0	0.011147	0.0	0.970085	0.0
tw2	NNI2	0.2	6	1	0.043338	0.0	0.041536	0.0	0.016419	0.0	0.956662	0.0
tw2	NNI2	0.2	7	1	0.074743	0.0	0.072279	0.0	0.024641	0.0	0.925257	0.0
tw2	NNI2	0.2	8	1	0.081448	0.0	0.078302	0.0	0.031578	0.0	0.918552	0.0
tw2	NNI2	0.2	9	1	0.131697	0.0	0.12832	0.0	0.042501	0.0	0.868303	0.0
tw2	NNI2	0.2	10	1	0.158738	0.0	0.154822	0.0	0.053794	0.0	0.841262	0.0
tw2	NNI2	0.2	20	1	0.452411	0.0	0.446807	0.0	0.192119	0.0	0.547589	0.0
tw2	NNI2	0.2	30	1	0.497541	0.0	0.49138	0.0	0.26347	0.0	0.502459	0.0
tw2	NNI2	0.2	40	1	0.512562	0.0	0.505523	0.0	0.311757	0.0	0.48743800000000004	0.0
tw2	NNI2	0.2	50	1	0.514353	0.0	0.507306	0.0	0.34255	0.0	0.48564700000000005	0.0
tw2	NNI2	0.2	60	1	0.516464	0.0	0.509088	0.0	0.359384	0.0	0.48353599999999997	0.0
tw2	NNI2	0.2	70	1	0.516697	0.0	0.509088	0.0	0.372735	0.0	0.48330300000000004	0.0
tw2	NNI2	0.2	80	1	0.518479	0.0	0.510871	0.0	0.381121	0.0	0.481521	0.0
tw2	NNI2	0.2	90	1	0.520681	0.0	0.512654	0.0	0.387338	0.0	0.47931900000000005	0.0
tw2	NNI2	0.2	100	1	0.520902	0.0	0.512654	0.0	0.393577	0.0	0.479098	0.0
tw2	NNI2	0.2	200	1	0.554338	0.0	0.542722	0.0	0.426054	0.0	0.445662	0.0
tw2	NNI2	0.2	300	1	0.570704	0.0	0.556865	0.0	0.434596	0.0	0.429296	0.0
tw2	NNI2	0.2	400	1	0.579427	0.0	0.56378	0.0	0.441411	0.0	0.420573	0.0
tw2	NNI2	0.2	500	1	0.60038	0.0	0.583054	0.0	0.444449	0.0	0.39962	0.0
tw2	NNI2	0.2	600	1	0.601283	0.0	0.583054	0.0	0.448316	0.0	0.398717	0.0
tw2	NNI2	0.2	700	1	0.627466	0.0	0.607774	0.0	0.449036	0.0	0.37253400000000003	0.0
tw2	NNI2	0.2	800	1	0.628227	0.0	0.607774	0.0	0.451872	0.0	0.371773	0.0
tw2	NNI2	0.2	900	1	0.630635	0.0	0.609556	0.0	0.454188	0.0	0.36936500000000005	0.0
tw2	NNI2	0.2	1000	1	0.631269	0.0	0.609556	0.0	0.456291	0.0	0.36873100000000003	0.0
tw2	NNI2	0.2	2000	1	0.697038	0.0	0.672513	0.0	0.46036	0.0	0.30296199999999995	0.0
tw2	NNI2	0.2	3000	1	0.72677	0.0	0.699906	0.0	0.466784	0.0	0.27323	0.0
tw2	NNI2	0.2	4000	1	0.759048	0.0	0.731228	0.0	0.471012	0.0	0.24095200000000006	0.0
tw2	NNI2	0.2	5000	1	0.791646	0.0	0.76255	0.0	0.471229	0.0	0.20835400000000004	0.0
tw2	NNI2	0.2	6000	1	0.817736	0.0	0.787848	0.0	0.471186	0.0	0.18226399999999998	0.0
tw2	NNI2	0.2	7000	1	0.831768	0.0	0.801099	0.0	0.469818	0.0	0.16823200000000005	0.0
tw2	NNI2	0.2	8000	1	0.851852	0.0	0.820374	0.0	0.469994	0.0	0.14814799999999995	0.0
tw2	NNI2	0.2	9000	1	0.864096	0.0	0.832421	0.0	0.469397	0.0	0.13590400000000002	0.0
tw2	NNI2	0.2	10000	1	0.870302	0.0	0.838445	0.0	0.46846	0.0	0.12969799999999998	0.0
tw2	NNI2	0.2	20000	1	0.980894	0.0	0.945661	0.0	0.476826	0.0	0.019105999999999956	0.0
tw2	NNI2	0.2	30000	1	0.993351	0.0	0.957709	0.0	0.47782	0.0	0.006649000000000016	0.0
tw2	NNI2	0.2	40000	1	0.99962	0.0	0.963732	0.0	0.478072	0.0	0.00038000000000004697	0.0
tw2	NNI2	0.2	50000	1	0.999686	0.0	0.963732	0.0	0.478587	0.0	0.00031400000000003647	0.0
tw2	NNI2	0.2	60000	1	0.999728	0.0	0.963732	0.0	0.478933	0.0	0.00027200000000005	0.0
tw2	NNI2	0.2	70000	1	0.999777	0.0	0.963732	0.0	0.478256	0.0	0.00022299999999997322	0.0
tw2	NNI2	0.2	80000	1	0.999804	0.0	0.963732	0.0	0.478181	0.0	0.00019599999999997397	0.0
tw2	NNI2	0.2	90000	1	0.999839	0.0	0.963732	0.0	0.477597	0.0	0.00016099999999996673	0.0
tw2	NNI2	0.2	100000	1	0.999856	0.0	0.963732	0.0	0.477399	0.0	0.000144000000000033	0.0
tw2	NNI2	0.2	200000	1	0.999918	0.0	0.963732	0.0	0.472548	0.0	8.20000000000265e-05	0.0
tw2	NNI2	0.2	300000	1	0.999941	0.0	0.963732	0.0	0.473522	0.0	5.900000000003125e-05	0.0
tw2	NNI2	0.2	400000	1	0.999955	0.0	0.963732	0.0	0.473299	0.0	4.499999999996174e-05	0.0
tw2	NNI2	0.2	500000	1	0.999963	0.0	0.963732	0.0	0.472469	0.0	3.6999999999953737e-05	0.0
tw2	NNI2	0.2	600000	1	0.999968	0.0	0.963732	0.0	0.473076	0.0	3.2000000000032e-05	0.0
tw2	NNI2	0.2	700000	1	0.999973	0.0	0.963732	0.0	0.473395	0.0	2.6999999999999247e-05	0.0
tw2	NNI2	0.2	800000	1	0.999976	0.0	0.963732	0.0	0.472856	0.0	2.4000000000024002e-05	0.0
tw2	NNI2	0.2	900000	1	0.999979	0.0	0.963732	0.0	0.473243	0.0	2.1000000000048757e-05	0.0
tw2	NNI2	0.2	1000000	1	0.999981	0.0	0.963732	0.0	0.472819	0.0	1.8999999999991246e-05	0.0
tw2	NNI2	0.3	1	1	0.0	0.0	0.0	0.0	0.0	0.0	1.0	0.0
tw2	NNI2	0.3	2	1	0.0	0.0	0.0	0.0	0.0	0.0	1.0	0.0
tw2	NNI2	0.3	3	1	6.9e-05	0.0	0.0	0.0	2.3e-05	0.0	0.999931	0.0
tw2	NNI2	0.3	4	1	0.049522	0.0	0.049438	0.0	0.012396	0.0	0.950478	0.0
tw2	NNI2	0.3	5	1	0.099779	0.0	0.099456	0.0	0.029868	0.0	0.9002209999999999	0.0
tw2	NNI2	0.3	6	1	0.143538	0.0	0.142246	0.0	0.046709	0.0	0.8564620000000001	0.0
tw2	NNI2	0.3	7	1	0.193726	0.0	0.191951	0.0	0.065828	0.0	0.8062739999999999	0.0
tw2	NNI2	0.3	8	1	0.269734	0.0	0.267579	0.0	0.089371	0.0	0.7302660000000001	0.0
tw2	NNI2	0.3	9	1	0.291489	0.0	0.289215	0.0	0.110051	0.0	0.708511	0.0
tw2	NNI2	0.3	10	1	0.334952	0.0	0.332318	0.0	0.130576	0.0	0.665048	0.0
tw2	NNI2	0.3	20	1	0.496423	0.0	0.492584	0.0	0.263787	0.0	0.5035769999999999	0.0
tw2	NNI2	0.3	30	1	0.5117	0.0	0.506726	0.0	0.326953	0.0	0.48829999999999996	0.0
tw2	NNI2	0.3	40	1	0.514549	0.0	0.509401	0.0	0.359744	0.0	0.48545099999999997	0.0
tw2	NNI2	0.3	50	1	0.519539	0.0	0.512967	0.0	0.3735	0.0	0.480461	0.0
tw2	NNI2	0.3	60	1	0.535324	0.0	0.528001	0.0	0.383619	0.0	0.464676	0.0
tw2	NNI2	0.3	70	1	0.537149	0.0	0.528892	0.0	0.393337	0.0	0.462851	0.0
tw2	NNI2	0.3	80	1	0.537727	0.0	0.528892	0.0	0.402055	0.0	0.46227300000000004	0.0
tw2	NNI2	0.3	90	1	0.538803	0.0	0.529783	0.0	0.409062	0.0	0.46119699999999997	0.0
tw2	NNI2	0.3	100	1	0.53902	0.0	0.529783	0.0	0.414971	0.0	0.46097999999999995	0.0
tw2	NNI2	0.3	200	1	0.578434	0.0	0.564092	0.0	0.436417	0.0	0.421566	0.0
tw2	NNI2	0.3	300	1	0.581524	0.0	0.564984	0.0	0.447695	0.0	0.41847599999999996	0.0
tw2	NNI2	0.3	400	1	0.596784	0.0	0.578235	0.0	0.452199	0.0	0.403216	0.0
tw2	NNI2	0.3	500	1	0.630802	0.0	0.61076	0.0	0.455826	0.0	0.369198	0.0
tw2	NNI2	0.3	600	1	0.632666	0.0	0.61076	0.0	0.459916	0.0	0.36733400000000005	0.0
tw2	NNI2	0.3	700	1	0.645212	0.0	0.622807	0.0	0.460965	0.0	0.354788	0.0
tw2	NNI2	0.3	800	1	0.65903	0.0	0.636058	0.0	0.463219	0.0	0.34097	0.0
tw2	NNI2	0.3	900	1	0.672819	0.0	0.649309	0.0	0.464311	0.0	0.32718100000000006	0.0
tw2	NNI2	0.3	1000	1	0.686533	0.0	0.662561	0.0	0.465672	0.0	0.31346700000000005	0.0
tw2	NNI2	0.3	2000	1	0.79799	0.0	0.769777	0.0	0.467679	0.0	0.20201000000000002	0.0
tw2	NNI2	0.3	3000	1	0.832552	0.0	0.802303	0.0	0.465671	0.0	0.16744800000000004	0.0
tw2	NNI2	0.3	4000	1	0.892571	0.0	0.860127	0.0	0.464795	0.0	0.107429	0.0
tw2	NNI2	0.3	5000	1	0.936932	0.0	0.903496	0.0	0.460905	0.0	0.06306800000000001	0.0
tw2	NNI2	0.3	6000	1	0.937416	0.0	0.903496	0.0	0.456745	0.0	0.06258399999999997	0.0
tw2	NNI2	0.3	7000	1	0.943612	0.0	0.90952	0.0	0.455713	0.0	0.056387999999999994	0.0
tw2	NNI2	0.3	8000	1	0.949917	0.0	0.915543	0.0	0.456543	0.0	0.05008299999999999	0.0
tw2	NNI2	0.3	9000	1	0.962356	0.0	0.92759	0.0	0.458189	0.0	0.03764400000000001	0.0
tw2	NNI2	0.3	10000	1	0.968516	0.0	0.933614	0.0	0.458357	0.0	0.031483999999999956	0.0
tw2	NNI2	0.3	20000	1	0.993344	0.0	0.957709	0.0	0.461438	0.0	0.006655999999999995	0.0
tw2	NNI2	0.3	30000	1	0.999572	0.0	0.963732	0.0	0.466965	0.0	0.00042799999999998395	0.0
tw2	NNI2	0.3	40000	1	0.99971	0.0	0.963732	0.0	0.468894	0.0	0.00029000000000001247	0.0
tw2	NNI2	0.3	50000	1	0.999777	0.0	0.963732	0.0	0.471028	0.0	0.00022299999999997322	0.0
tw2	NNI2	0.3	60000	1	0.999815	0.0	0.963732	0.0	0.471495	0.0	0.00018499999999999073	0.0
tw2	NNI2	0.3	70000	1	0.999841	0.0	0.963732	0.0	0.47216	0.0	0.00015900000000002024	0.0
tw2	NNI2	0.3	80000	1	0.999862	0.0	0.963732	0.0	0.472705	0.0	0.00013799999999997148	0.0
tw2	NNI2	0.3	90000	1	0.99987	0.0	0.963732	0.0	0.47312	0.0	0.00012999999999996348	0.0
tw2	NNI2	0.3	100000	1	0.999881	0.0	0.963732	0.0	0.473813	0.0	0.00011899999999998023	0.0
tw2	NNI2	0.3	200000	1	0.999933	0.0	0.963732	0.0	0.473906	0.0	6.700000000003925e-05	0.0
tw2	NNI2	0.3	300000	1	0.999953	0.0	0.963732	0.0	0.474007	0.0	4.700000000001925e-05	0.0
tw2	NNI2	0.3	400000	1	0.999963	0.0	0.963732	0.0	0.47515	0.0	3.6999999999953737e-05	0.0
tw2	NNI2	0.3	500000	1	0.99997	0.0	0.963732	0.0	0.474925	0.0	2.999999999997449e-05	0.0
tw2	NNI2	0.3	600000	1	0.999974	0.0	0.963732	0.0	0.474594	0.0	2.599999999997049e-05	0.0
tw2	NNI2	0.3	700000	1	0.999977	0.0	0.963732	0.0	0.475165	0.0	2.2999999999995246e-05	0.0
tw2	NNI2	0.3	800000	1	0.99998	0.0	0.963732	0.0	0.475267	0.0	2.0000000000020002e-05	0.0
tw2	NNI2	0.3	900000	1	0.999982	0.0	0.963732	0.0	0.475545	0.0	1.799999999996249e-05	0.0
tw2	NNI2	0.3	1000000	1	0.999984	0.0	0.963732	0.0	0.475108	0.0	1.6000000000016e-05	0.0
tw2	NNI2	0.4	1	1	0.0	0.0	0.0	0.0	0.0	0.0	1.0	0.0
tw2	NNI2	0.4	2	1	0.006024	0.0	0.006024	0.0	0.003012	0.0	0.993976	0.0
tw2	NNI2	0.4	3	1	0.006028	0.0	0.006024	0.0	0.004017	0.0	0.993972	0.0
tw2	NNI2	0.4	4	1	0.031294	0.0	0.03043	0.0	0.010835	0.0	0.968706	0.0
tw2	NNI2	0.4	5	1	0.116697	0.0	0.115648	0.0	0.029364	0.0	0.883303	0.0
tw2	NNI2	0.4	6	1	0.223898	0.0	0.222019	0.0	0.058978	0.0	0.776102	0.0
tw2	NNI2	0.4	7	1	0.304316	0.0	0.301575	0.0	0.089479	0.0	0.695684	0.0
tw2	NNI2	0.4	8	1	0.380349	0.0	0.377203	0.0	0.118552	0.0	0.619651	0.0
tw2	NNI2	0.4	9	1	0.393121	0.0	0.389562	0.0	0.142443	0.0	0.606879	0.0
tw2	NNI2	0.4	10	1	0.418896	0.0	0.415173	0.0	0.164019	0.0	0.5811040000000001	0.0
tw2	NNI2	0.4	20	1	0.460883	0.0	0.455818	0.0	0.275168	0.0	0.5391170000000001	0.0
tw2	NNI2	0.4	30	1	0.51642	0.0	0.510292	0.0	0.331433	0.0	0.48358	0.0
tw2	NNI2	0.4	40	1	0.520933	0.0	0.512967	0.0	0.358842	0.0	0.479067	0.0
tw2	NNI2	0.4	50	1	0.524577	0.0	0.515641	0.0	0.37366	0.0	0.47542300000000004	0.0
tw2	NNI2	0.4	60	1	0.532362	0.0	0.522556	0.0	0.383711	0.0	0.467638	0.0
tw2	NNI2	0.4	70	1	0.535083	0.0	0.524339	0.0	0.393158	0.0	0.464917	0.0
tw2	NNI2	0.4	80	1	0.535928	0.0	0.524339	0.0	0.398948	0.0	0.46407200000000004	0.0
tw2	NNI2	0.4	90	1	0.549989	0.0	0.53759	0.0	0.403839	0.0	0.45001100000000005	0.0
tw2	NNI2	0.4	100	1	0.550899	0.0	0.538481	0.0	0.409937	0.0	0.449101	0.0
tw2	NNI2	0.4	200	1	0.55436	0.0	0.538481	0.0	0.434079	0.0	0.44564000000000004	0.0
tw2	NNI2	0.4	300	1	0.568753	0.0	0.550529	0.0	0.440135	0.0	0.43124700000000005	0.0
tw2	NNI2	0.4	400	1	0.59652	0.0	0.577031	0.0	0.443446	0.0	0.40347999999999995	0.0
tw2	NNI2	0.4	500	1	0.611066	0.0	0.590282	0.0	0.44787	0.0	0.388934	0.0
tw2	NNI2	0.4	600	1	0.611855	0.0	0.590282	0.0	0.450458	0.0	0.38814499999999996	0.0
tw2	NNI2	0.4	700	1	0.612018	0.0	0.590282	0.0	0.451662	0.0	0.38798200000000005	0.0
tw2	NNI2	0.4	800	1	0.612197	0.0	0.590282	0.0	0.452181	0.0	0.387803	0.0
tw2	NNI2	0.4	900	1	0.626156	0.0	0.603533	0.0	0.453192	0.0	0.37384399999999995	0.0
tw2	NNI2	0.4	1000	1	0.653073	0.0	0.630035	0.0	0.45521	0.0	0.346927	0.0
tw2	NNI2	0.4	2000	1	0.706736	0.0	0.680631	0.0	0.464137	0.0	0.29326399999999997	0.0
tw2	NNI2	0.4	3000	1	0.740945	0.0	0.713157	0.0	0.46627	0.0	0.25905500000000004	0.0
tw2	NNI2	0.4	4000	1	0.779364	0.0	0.750503	0.0	0.465047	0.0	0.22063600000000005	0.0
tw2	NNI2	0.4	5000	1	0.813266	0.0	0.783028	0.0	0.464808	0.0	0.18673399999999996	0.0
tw2	NNI2	0.4	6000	1	0.825659	0.0	0.795075	0.0	0.465257	0.0	0.17434099999999997	0.0
tw2	NNI2	0.4	7000	1	0.839022	0.0	0.808326	0.0	0.463636	0.0	0.16097799999999995	0.0
tw2	NNI2	0.4	8000	1	0.865698	0.0	0.833625	0.0	0.46294	0.0	0.13430200000000003	0.0
tw2	NNI2	0.4	9000	1	0.905718	0.0	0.872174	0.0	0.462587	0.0	0.09428199999999998	0.0
tw2	NNI2	0.4	10000	1	0.925872	0.0	0.891449	0.0	0.463975	0.0	0.07412799999999997	0.0
tw2	NNI2	0.4	20000	1	0.987277	0.0	0.951685	0.0	0.467578	0.0	0.01272300000000004	0.0
tw2	NNI2	0.4	30000	1	0.999663	0.0	0.963732	0.0	0.467566	0.0	0.0003370000000000317	0.0
tw2	NNI2	0.4	40000	1	0.999752	0.0	0.963732	0.0	0.472167	0.0	0.000248000000000026	0.0
tw2	NNI2	0.4	50000	1	0.999809	0.0	0.963732	0.0	0.472359	0.0	0.00019100000000005224	0.0
tw2	NNI2	0.4	60000	1	0.999843	0.0	0.963732	0.0	0.473494	0.0	0.00015699999999996272	0.0
tw2	NNI2	0.4	70000	1	0.999858	0.0	0.963732	0.0	0.47704	0.0	0.00014199999999997548	0.0
tw2	NNI2	0.4	80000	1	0.999871	0.0	0.963732	0.0	0.47546	0.0	0.00012900000000004574	0.0
tw2	NNI2	0.4	90000	1	0.999882	0.0	0.963732	0.0	0.476494	0.0	0.00011799999999995148	0.0
tw2	NNI2	0.4	100000	1	0.99989	0.0	0.963732	0.0	0.475699	0.0	0.0001100000000000545	0.0
tw2	NNI2	0.4	200000	1	0.999937	0.0	0.963732	0.0	0.4751	0.0	6.300000000003525e-05	0.0
tw2	NNI2	0.4	300000	1	0.999954	0.0	0.963732	0.0	0.476722	0.0	4.599999999999049e-05	0.0
tw2	NNI2	0.4	400000	1	0.999965	0.0	0.963732	0.0	0.476362	0.0	3.500000000000725e-05	0.0
tw2	NNI2	0.4	500000	1	0.999971	0.0	0.963732	0.0	0.475066	0.0	2.8999999999945736e-05	0.0
tw2	NNI2	0.4	600000	1	0.999976	0.0	0.963732	0.0	0.474392	0.0	2.4000000000024002e-05	0.0
tw2	NNI2	0.4	700000	1	0.99998	0.0	0.963732	0.0	0.473905	0.0	2.0000000000020002e-05	0.0
tw2	NNI2	0.4	800000	1	0.999982	0.0	0.963732	0.0	0.473698	0.0	1.799999999996249e-05	0.0
tw2	NNI2	0.4	900000	1	0.999984	0.0	0.963732	0.0	0.473723	0.0	1.6000000000016e-05	0.0
tw2	NNI2	0.4	1000000	1	0.999985	0.0	0.963732	0.0	0.474112	0.0	1.4999999999987246e-05	0.0
tw2	NNI2	0.5	1	1	0.0	0.0	0.0	0.0	0.0	0.0	1.0	0.0
tw2	NNI2	0.5	2	1	0.000164	0.0	0.0	0.0	8.2e-05	0.0	0.999836	0.0
tw2	NNI2	0.5	3	1	0.001058	0.0	0.000891	0.0	0.000353	0.0	0.998942	0.0
tw2	NNI2	0.5	4	1	0.044324	0.0	0.043994	0.0	0.011081	0.0	0.955676	0.0
tw2	NNI2	0.5	5	1	0.107064	0.0	0.106371	0.0	0.030033	0.0	0.892936	0.0
tw2	NNI2	0.5	6	1	0.180915	0.0	0.180216	0.0	0.054778	0.0	0.8190850000000001	0.0
tw2	NNI2	0.5	7	1	0.211678	0.0	0.210646	0.0	0.075072	0.0	0.788322	0.0
tw2	NNI2	0.5	8	1	0.230952	0.0	0.229921	0.0	0.092771	0.0	0.769048	0.0
tw2	NNI2	0.5	9	1	0.237037	0.0	0.235944	0.0	0.107819	0.0	0.7629630000000001	0.0
tw2	NNI2	0.5	10	1	0.250291	0.0	0.249195	0.0	0.120453	0.0	0.749709	0.0
tw2	NNI2	0.5	20	1	0.277635	0.0	0.275964	0.0	0.180882	0.0	0.7223649999999999	0.0
tw2	NNI2	0.5	30	1	0.294546	0.0	0.291577	0.0	0.20473	0.0	0.705454	0.0
tw2	NNI2	0.5	40	1	0.321759	0.0	0.318079	0.0	0.221346	0.0	0.678241	0.0
tw2	NNI2	0.5	50	1	0.336203	0.0	0.332222	0.0	0.23415	0.0	0.663797	0.0
tw2	NNI2	0.5	60	1	0.352056	0.0	0.347256	0.0	0.242903	0.0	0.6479440000000001	0.0
tw2	NNI2	0.5	70	1	0.359389	0.0	0.354171	0.0	0.251174	0.0	0.640611	0.0
tw2	NNI2	0.5	80	1	0.384763	0.0	0.378578	0.0	0.261521	0.0	0.615237	0.0
tw2	NNI2	0.5	90	1	0.385348	0.0	0.378578	0.0	0.268532	0.0	0.614652	0.0
tw2	NNI2	0.5	100	1	0.385594	0.0	0.378578	0.0	0.275509	0.0	0.614406	0.0
tw2	NNI2	0.5	200	1	0.421054	0.0	0.411103	0.0	0.312161	0.0	0.578946	0.0
tw2	NNI2	0.5	300	1	0.442458	0.0	0.430378	0.0	0.327305	0.0	0.557542	0.0
tw2	NNI2	0.5	400	1	0.450946	0.0	0.437293	0.0	0.336463	0.0	0.5490539999999999	0.0
tw2	NNI2	0.5	500	1	0.451778	0.0	0.437293	0.0	0.341588	0.0	0.548222	0.0
tw2	NNI2	0.5	600	1	0.465447	0.0	0.450544	0.0	0.345353	0.0	0.5345530000000001	0.0
tw2	NNI2	0.5	700	1	0.49178	0.0	0.476155	0.0	0.34799	0.0	0.50822	0.0
tw2	NNI2	0.5	800	1	0.506546	0.0	0.490297	0.0	0.352885	0.0	0.49345399999999995	0.0
tw2	NNI2	0.5	900	1	0.5129	0.0	0.496321	0.0	0.357357	0.0	0.4871	0.0
tw2	NNI2	0.5	1000	1	0.539098	0.0	0.521619	0.0	0.361774	0.0	0.46090200000000003	0.0
tw2	NNI2	0.5	2000	1	0.633302	0.0	0.611969	0.0	0.385769	0.0	0.36669799999999997	0.0
tw2	NNI2	0.5	3000	1	0.707105	0.0	0.683044	0.0	0.400798	0.0	0.292895	0.0
tw2	NNI2	0.5	4000	1	0.748917	0.0	0.722797	0.0	0.412229	0.0	0.25108299999999995	0.0
tw2	NNI2	0.5	5000	1	0.803404	0.0	0.774597	0.0	0.417696	0.0	0.196596	0.0
tw2	NNI2	0.5	6000	1	0.809849	0.0	0.780621	0.0	0.424025	0.0	0.19015099999999996	0.0
tw2	NNI2	0.5	7000	1	0.84341	0.0	0.813146	0.0	0.43043	0.0	0.15659	0.0
tw2	NNI2	0.5	8000	1	0.844194	0.0	0.813146	0.0	0.437586	0.0	0.155806	0.0
tw2	NNI2	0.5	9000	1	0.896318	0.0	0.863743	0.0	0.443009	0.0	0.10368200000000005	0.0
tw2	NNI2	0.5	10000	1	0.922556	0.0	0.889041	0.0	0.44532	0.0	0.07744399999999996	0.0
tw2	NNI2	0.5	20000	1	0.993437	0.0	0.957709	0.0	0.464294	0.0	0.0065629999999999855	0.0
tw2	NNI2	0.5	30000	1	0.993579	0.0	0.957709	0.0	0.468827	0.0	0.00642100000000001	0.0
tw2	NNI2	0.5	40000	1	0.993661	0.0	0.957709	0.0	0.47675	0.0	0.0063389999999999835	0.0
tw2	NNI2	0.5	50000	1	0.993705	0.0	0.957709	0.0	0.478869	0.0	0.0062950000000000506	0.0
tw2	NNI2	0.5	60000	1	0.999842	0.0	0.963732	0.0	0.47878	0.0	0.00015799999999999148	0.0
tw2	NNI2	0.5	70000	1	0.999863	0.0	0.963732	0.0	0.478489	0.0	0.00013700000000005375	0.0
tw2	NNI2	0.5	80000	1	0.99988	0.0	0.963732	0.0	0.480598	0.0	0.00012000000000000899	0.0
tw2	NNI2	0.5	90000	1	0.999891	0.0	0.963732	0.0	0.478352	0.0	0.00010900000000002574	0.0
tw2	NNI2	0.5	100000	1	0.999897	0.0	0.963732	0.0	0.479203	0.0	0.00010299999999996423	0.0
tw2	NNI2	0.5	200000	1	0.99994	0.0	0.963732	0.0	0.479595	0.0	5.999999999994898e-05	0.0
tw2	NNI2	0.5	300000	1	0.999958	0.0	0.963732	0.0	0.477558	0.0	4.199999999998649e-05	0.0
tw2	NNI2	0.5	400000	1	0.999967	0.0	0.963732	0.0	0.47822	0.0	3.2999999999949736e-05	0.0
tw2	NNI2	0.5	500000	1	0.999973	0.0	0.963732	0.0	0.47782	0.0	2.6999999999999247e-05	0.0
tw2	NNI2	0.5	600000	1	0.999977	0.0	0.963732	0.0	0.476993	0.0	2.2999999999995246e-05	0.0
tw2	NNI2	0.5	700000	1	0.99998	0.0	0.963732	0.0	0.476998	0.0	2.0000000000020002e-05	0.0
tw2	NNI2	0.5	800000	1	0.999982	0.0	0.963732	0.0	0.47635	0.0	1.799999999996249e-05	0.0
tw2	NNI2	0.5	900000	1	0.999984	0.0	0.963732	0.0	0.474993	0.0	1.6000000000016e-05	0.0
tw2	NNI2	0.5	1000000	1	0.999986	0.0	0.963732	0.0	0.475456	0.0	1.399999999995849e-05	0.0
tw2	TBR	0.0	1	1	0.0	0.0	0.0	0.0	0.0	0.0	1.0	0.0
tw2	TBR	0.0	2	1	0.0	0.0	0.0	0.0	0.0	0.0	1.0	0.0
tw2	TBR	0.0	3	1	0.0	0.0	0.0	0.0	0.0	0.0	1.0	0.0
tw2	TBR	0.0	4	1	0.0	0.0	0.0	0.0	0.0	0.0	1.0	0.0
tw2	TBR	0.0	5	1	0.0	0.0	0.0	0.0	0.0	0.0	1.0	0.0
tw2	TBR	0.0	6	1	0.0	0.0	0.0	0.0	0.0	0.0	1.0	0.0
tw2	TBR	0.0	7	1	0.0	0.0	0.0	0.0	0.0	0.0	1.0	0.0
tw2	TBR	0.0	8	1	0.0	0.0	0.0	0.0	0.0	0.0	1.0	0.0
tw2	TBR	0.0	9	1	0.0	0.0	0.0	0.0	0.0	0.0	1.0	0.0
tw2	TBR	0.0	10	1	0.0	0.0	0.0	0.0	0.0	0.0	1.0	0.0
tw2	TBR	0.0	20	1	1e-06	0.0	0.0	0.0	0.0	0.0	0.999999	0.0
tw2	TBR	0.0	30	1	4e-05	0.0	0.0	0.0	6e-06	0.0	0.99996	0.0
tw2	TBR	0.0	40	1	0.018438	0.0	0.018383	0.0	0.002305	0.0	0.981562	0.0
tw2	TBR	0.0	50	1	0.024525	0.0	0.024407	0.0	0.00565	0.0	0.975475	0.0
tw2	TBR	0.0	60	1	0.024675	0.0	0.024407	0.0	0.008798	0.0	0.975325	0.0
tw2	TBR	0.0	70	1	0.038434	0.0	0.037658	0.0	0.011723	0.0	0.961566	0.0
tw2	TBR	0.0	80	1	0.078346	0.0	0.077099	0.0	0.017887	0.0	0.921654	0.0
tw2	TBR	0.0	90	1	0.096751	0.0	0.095482	0.0	0.025332	0.0	0.903249	0.0
tw2	TBR	0.0	100	1	0.123479	0.0	0.121984	0.0	0.033898	0.0	0.876521	0.0
tw2	TBR	0.0	200	1	0.29796	0.0	0.295189	0.0	0.114981	0.0	0.70204	0.0
tw2	TBR	0.0	300	1	0.434887	0.0	0.431365	0.0	0.181831	0.0	0.565113	0.0
tw2	TBR	0.0	400	1	0.460779	0.0	0.457243	0.0	0.234102	0.0	0.539221	0.0
tw2	TBR	0.0	500	1	0.480352	0.0	0.476517	0.0	0.270245	0.0	0.519648	0.0
tw2	TBR	0.0	600	1	0.539567	0.0	0.535233	0.0	0.292926	0.0	0.460433	0.0
tw2	TBR	0.0	700	1	0.566209	0.0	0.561735	0.0	0.312402	0.0	0.43379100000000004	0.0
tw2	TBR	0.0	800	1	0.568317	0.0	0.563518	0.0	0.328757	0.0	0.43168300000000004	0.0
tw2	TBR	0.0	900	1	0.595871	0.0	0.590911	0.0	0.340188	0.0	0.40412899999999996	0.0
tw2	TBR	0.0	1000	1	0.609841	0.0	0.604741	0.0	0.350661	0.0	0.39015900000000003	0.0
tw2	TBR	0.0	2000	1	0.735662	0.0	0.727617	0.0	0.398395	0.0	0.26433799999999996	0.0
tw2	TBR	0.0	3000	1	0.775772	0.0	0.766166	0.0	0.41401	0.0	0.22422799999999998	0.0
tw2	TBR	0.0	4000	1	0.895432	0.0	0.881235	0.0	0.429416	0.0	0.104568	0.0
tw2	TBR	0.0	5000	1	0.930821	0.0	0.914652	0.0	0.440709	0.0	0.06917899999999999	0.0
tw2	TBR	0.0	6000	1	0.938525	0.0	0.920675	0.0	0.446163	0.0	0.061474999999999946	0.0
tw2	TBR	0.0	7000	1	0.940372	0.0	0.920675	0.0	0.452676	0.0	0.059628000000000014	0.0
tw2	TBR	0.0	8000	1	0.954548	0.0	0.933614	0.0	0.455685	0.0	0.04545200000000005	0.0
tw2	TBR	0.0	9000	1	0.956255	0.0	0.933614	0.0	0.455958	0.0	0.043745000000000034	0.0
tw2	TBR	0.0	10000	1	0.963235	0.0	0.939638	0.0	0.456406	0.0	0.03676500000000005	0.0
tw2	TBR	0.0	20000	1	0.992255	0.0	0.963732	0.0	0.460388	0.0	0.007745000000000002	0.0
tw2	TBR	0.0	30000	1	0.994825	0.0	0.963732	0.0	0.465355	0.0	0.005175000000000041	0.0
tw2	TBR	0.0	40000	1	0.996397	0.0	0.963732	0.0	0.471383	0.0	0.003603000000000023	0.0
tw2	TBR	0.0	50000	1	0.997247	0.0	0.963732	0.0	0.46908	0.0	0.0027530000000000054	0.0
tw2	TBR	0.0	60000	1	0.997497	0.0	0.963732	0.0	0.469707	0.0	0.002503000000000033	0.0
tw2	TBR	0.0	70000	1	0.997841	0.0	0.963732	0.0	0.470467	0.0	0.002159000000000022	0.0
tw2	TBR	0.0	80000	1	0.998152	0.0	0.963732	0.0	0.470904	0.0	0.0018479999999999608	0.0
tw2	TBR	0.0	90000	1	0.998413	0.0	0.963732	0.0	0.4709	0.0	0.001587000000000005	0.0
tw2	TBR	0.0	100000	1	0.998511	0.0	0.963732	0.0	0.47178	0.0	0.0014889999999999626	0.0
tw2	TBR	0.0	200000	1	0.999022	0.0	0.963732	0.0	0.474634	0.0	0.0009780000000000344	0.0
tw2	TBR	0.0	300000	1	0.999243	0.0	0.963732	0.0	0.476018	0.0	0.0007570000000000077	0.0
tw2	TBR	0.0	400000	1	0.999402	0.0	0.963732	0.0	0.474653	0.0	0.0005979999999999874	0.0
tw2	TBR	0.0	500000	1	0.999507	0.0	0.963732	0.0	0.474873	0.0	0.0004929999999999657	0.0
tw2	TBR	0.0	600000	1	0.999581	0.0	0.963732	0.0	0.475552	0.0	0.0004189999999999472	0.0
tw2	TBR	0.0	700000	1	0.999637	0.0	0.963732	0.0	0.475878	0.0	0.0003630000000000022	0.0
tw2	TBR	0.0	800000	1	0.999699	0.0	0.963732	0.0	0.475558	0.0	0.0003009999999999957	0.0
tw2	TBR	0.0	900000	1	0.999726	0.0	0.963732	0.0	0.475622	0.0	0.00027399999999999647	0.0
tw2	TBR	0.0	1000000	1	0.999766	0.0	0.963732	0.0	0.475713	0.0	0.00023399999999995647	0.0
tw2	TBR	0.02	1	1	0.0	0.0	0.0	0.0	0.0	0.0	1.0	0.0
tw2	TBR	0.02	2	1	0.0	0.0	0.0	0.0	0.0	0.0	1.0	0.0
tw2	TBR	0.02	3	1	0.0	0.0	0.0	0.0	0.0	0.0	1.0	0.0
tw2	TBR	0.02	4	1	0.0	0.0	0.0	0.0	0.0	0.0	1.0	0.0
tw2	TBR	0.02	5	1	0.0	0.0	0.0	0.0	0.0	0.0	1.0	0.0
tw2	TBR	0.02	6	1	0.0	0.0	0.0	0.0	0.0	0.0	1.0	0.0
tw2	TBR	0.02	7	1	0.0	0.0	0.0	0.0	0.0	0.0	1.0	0.0
tw2	TBR	0.02	8	1	0.0	0.0	0.0	0.0	0.0	0.0	1.0	0.0
tw2	TBR	0.02	9	1	0.0	0.0	0.0	0.0	0.0	0.0	1.0	0.0
tw2	TBR	0.02	10	1	0.0	0.0	0.0	0.0	0.0	0.0	1.0	0.0
tw2	TBR	0.02	20	1	0.025192	0.0	0.024719	0.0	0.001974	0.0	0.974808	0.0
tw2	TBR	0.02	30	1	0.026018	0.0	0.024719	0.0	0.00809	0.0	0.973982	0.0
tw2	TBR	0.02	40	1	0.063534	0.0	0.061798	0.0	0.016141	0.0	0.936466	0.0
tw2	TBR	0.02	50	1	0.12047	0.0	0.118151	0.0	0.025407	0.0	0.87953	0.0
tw2	TBR	0.02	60	1	0.157911	0.0	0.154917	0.0	0.042298	0.0	0.842089	0.0
tw2	TBR	0.02	70	1	0.177938	0.0	0.174192	0.0	0.057862	0.0	0.822062	0.0
tw2	TBR	0.02	80	1	0.191446	0.0	0.186552	0.0	0.070125	0.0	0.808554	0.0
tw2	TBR	0.02	90	1	0.217613	0.0	0.212162	0.0	0.081982	0.0	0.7823869999999999	0.0
tw2	TBR	0.02	100	1	0.273284	0.0	0.267312	0.0	0.093838	0.0	0.7267159999999999	0.0
tw2	TBR	0.02	200	1	0.531435	0.0	0.523735	0.0	0.223211	0.0	0.468565	0.0
tw2	TBR	0.02	300	1	0.574757	0.0	0.566741	0.0	0.302387	0.0	0.42524300000000004	0.0
tw2	TBR	0.02	400	1	0.603572	0.0	0.594714	0.0	0.343984	0.0	0.396428	0.0
tw2	TBR	0.02	500	1	0.612913	0.0	0.603412	0.0	0.367007	0.0	0.38708699999999996	0.0
tw2	TBR	0.02	600	1	0.65091	0.0	0.640974	0.0	0.383604	0.0	0.34909	0.0
tw2	TBR	0.02	700	1	0.658832	0.0	0.648781	0.0	0.389504	0.0	0.341168	0.0
tw2	TBR	0.02	800	1	0.691543	0.0	0.681306	0.0	0.40023	0.0	0.308457	0.0
tw2	TBR	0.02	900	1	0.692908	0.0	0.682198	0.0	0.40956	0.0	0.30709200000000003	0.0
tw2	TBR	0.02	1000	1	0.726612	0.0	0.715615	0.0	0.414974	0.0	0.27338799999999996	0.0
tw2	TBR	0.02	2000	1	0.825424	0.0	0.810109	0.0	0.448287	0.0	0.17457599999999995	0.0
tw2	TBR	0.02	3000	1	0.904577	0.0	0.884534	0.0	0.466428	0.0	0.09542300000000004	0.0
tw2	TBR	0.02	4000	1	0.932325	0.0	0.90952	0.0	0.470477	0.0	0.06767500000000004	0.0
tw2	TBR	0.02	5000	1	0.951891	0.0	0.92759	0.0	0.474074	0.0	0.04810899999999996	0.0
tw2	TBR	0.02	6000	1	0.971938	0.0	0.945661	0.0	0.474976	0.0	0.02806200000000003	0.0
tw2	TBR	0.02	7000	1	0.985518	0.0	0.957709	0.0	0.475916	0.0	0.014481999999999995	0.0
tw2	TBR	0.02	8000	1	0.986273	0.0	0.957709	0.0	0.475137	0.0	0.013727000000000045	0.0
tw2	TBR	0.02	9000	1	0.986498	0.0	0.957709	0.0	0.476683	0.0	0.013502000000000014	0.0
tw2	TBR	0.02	10000	1	0.987916	0.0	0.957709	0.0	0.477595	0.0	0.012083999999999984	0.0
tw2	TBR	0.02	20000	1	0.996729	0.0	0.963732	0.0	0.481075	0.0	0.003271000000000024	0.0
tw2	TBR	0.02	30000	1	0.997338	0.0	0.963732	0.0	0.477242	0.0	0.002662000000000053	0.0
tw2	TBR	0.02	40000	1	0.997945	0.0	0.963732	0.0	0.47738	0.0	0.002055000000000029	0.0
tw2	TBR	0.02	50000	1	0.998196	0.0	0.963732	0.0	0.475968	0.0	0.0018040000000000278	0.0
tw2	TBR	0.02	60000	1	0.998469	0.0	0.963732	0.0	0.475148	0.0	0.001530999999999949	0.0
tw2	TBR	0.02	70000	1	0.998624	0.0	0.963732	0.0	0.474144	0.0	0.0013760000000000439	0.0
tw2	TBR	0.02	80000	1	0.998754	0.0	0.963732	0.0	0.472893	0.0	0.0012459999999999694	0.0
tw2	TBR	0.02	90000	1	0.998855	0.0	0.963732	0.0	0.473132	0.0	0.0011449999999999516	0.0
tw2	TBR	0.02	100000	1	0.99892	0.0	0.963732	0.0	0.473584	0.0	0.0010799999999999699	0.0
tw2	TBR	0.02	200000	1	0.999453	0.0	0.963732	0.0	0.474103	0.0	0.0005469999999999642	0.0
tw2	TBR	0.02	300000	1	0.999619	0.0	0.963732	0.0	0.473873	0.0	0.0003809999999999647	0.0
tw2	TBR	0.02	400000	1	0.999688	0.0	0.963732	0.0	0.473611	0.0	0.00031199999999997896	0.0
tw2	TBR	0.02	500000	1	0.999769	0.0	0.963732	0.0	0.473954	0.0	0.00023099999999998122	0.0
tw2	TBR	0.02	600000	1	0.999802	0.0	0.963732	0.0	0.473964	0.0	0.00019800000000003148	0.0
tw2	TBR	0.02	700000	1	0.999832	0.0	0.963732	0.0	0.474296	0.0	0.00016799999999994597	0.0
tw2	TBR	0.02	800000	1	0.999853	0.0	0.963732	0.0	0.474569	0.0	0.00014700000000000824	0.0
tw2	TBR	0.02	900000	1	0.999869	0.0	0.963732	0.0	0.474803	0.0	0.00013099999999999223	0.0
tw2	TBR	0.02	1000000	1	0.999882	0.0	0.963732	0.0	0.474442	0.0	0.00011799999999995148	0.0
tw2	TBR	0.05	1	1	0.0	0.0	0.0	0.0	0.0	0.0	1.0	0.0
tw2	TBR	0.05	2	1	0.0	0.0	0.0	0.0	0.0	0.0	1.0	0.0
tw2	TBR	0.05	3	1	0.0	0.0	0.0	0.0	0.0	0.0	1.0	0.0
tw2	TBR	0.05	4	1	0.0	0.0	0.0	0.0	0.0	0.0	1.0	0.0
tw2	TBR	0.05	5	1	0.0	0.0	0.0	0.0	0.0	0.0	1.0	0.0
tw2	TBR	0.05	6	1	0.0	0.0	0.0	0.0	0.0	0.0	1.0	0.0
tw2	TBR	0.05	7	1	0.0	0.0	0.0	0.0	0.0	0.0	1.0	0.0
tw2	TBR	0.05	8	1	0.0	0.0	0.0	0.0	0.0	0.0	1.0	0.0
tw2	TBR	0.05	9	1	6e-06	0.0	0.0	0.0	1e-06	0.0	0.999994	0.0
tw2	TBR	0.05	10	1	8e-06	0.0	0.0	0.0	1e-06	0.0	0.999992	0.0
tw2	TBR	0.05	20	1	0.01376	0.0	0.012939	0.0	0.004402	0.0	0.98624	0.0
tw2	TBR	0.05	30	1	0.101698	0.0	0.100035	0.0	0.018009	0.0	0.898302	0.0
tw2	TBR	0.05	40	1	0.178377	0.0	0.17535	0.0	0.047333	0.0	0.821623	0.0
tw2	TBR	0.05	50	1	0.280473	0.0	0.276277	0.0	0.081262	0.0	0.719527	0.0
tw2	TBR	0.05	60	1	0.386219	0.0	0.381444	0.0	0.118095	0.0	0.613781	0.0
tw2	TBR	0.05	70	1	0.454401	0.0	0.449265	0.0	0.158185	0.0	0.545599	0.0
tw2	TBR	0.05	80	1	0.479553	0.0	0.473672	0.0	0.190999	0.0	0.520447	0.0
tw2	TBR	0.05	90	1	0.492804	0.0	0.486923	0.0	0.219089	0.0	0.507196	0.0
tw2	TBR	0.05	100	1	0.507107	0.0	0.501065	0.0	0.243001	0.0	0.492893	0.0
tw2	TBR	0.05	200	1	0.587364	0.0	0.580259	0.0	0.358756	0.0	0.412636	0.0
tw2	TBR	0.05	300	1	0.631757	0.0	0.624157	0.0	0.401251	0.0	0.368243	0.0
tw2	TBR	0.05	400	1	0.657662	0.0	0.64936	0.0	0.415454	0.0	0.34233800000000003	0.0
tw2	TBR	0.05	500	1	0.712272	0.0	0.702943	0.0	0.423393	0.0	0.287728	0.0
tw2	TBR	0.05	600	1	0.755171	0.0	0.745058	0.0	0.430819	0.0	0.24482899999999996	0.0
tw2	TBR	0.05	700	1	0.763641	0.0	0.752865	0.0	0.428798	0.0	0.23635899999999999	0.0
tw2	TBR	0.05	800	1	0.783218	0.0	0.771248	0.0	0.4306	0.0	0.21678200000000003	0.0
tw2	TBR	0.05	900	1	0.807945	0.0	0.795967	0.0	0.434248	0.0	0.19205499999999998	0.0
tw2	TBR	0.05	1000	1	0.808787	0.0	0.795967	0.0	0.438607	0.0	0.19121299999999997	0.0
tw2	TBR	0.05	2000	1	0.902327	0.0	0.883909	0.0	0.451523	0.0	0.09767300000000001	0.0
tw2	TBR	0.05	3000	1	0.951329	0.0	0.92759	0.0	0.457722	0.0	0.04867100000000002	0.0
tw2	TBR	0.05	4000	1	0.965978	0.0	0.939638	0.0	0.461621	0.0	0.034022	0.0
tw2	TBR	0.05	5000	1	0.968191	0.0	0.939638	0.0	0.472043	0.0	0.031808999999999976	0.0
tw2	TBR	0.05	6000	1	0.981635	0.0	0.951685	0.0	0.47762	0.0	0.018364999999999965	0.0
tw2	TBR	0.05	7000	1	0.994595	0.0	0.963732	0.0	0.476537	0.0	0.005404999999999993	0.0
tw2	TBR	0.05	8000	1	0.995171	0.0	0.963732	0.0	0.474412	0.0	0.004828999999999972	0.0
tw2	TBR	0.05	9000	1	0.995362	0.0	0.963732	0.0	0.473774	0.0	0.004638000000000031	0.0
tw2	TBR	0.05	10000	1	0.995771	0.0	0.963732	0.0	0.475931	0.0	0.004229000000000038	0.0
tw2	TBR	0.05	20000	1	0.99768	0.0	0.963732	0.0	0.47645	0.0	0.0023199999999999887	0.0
tw2	TBR	0.05	30000	1	0.998432	0.0	0.963732	0.0	0.479648	0.0	0.0015680000000000138	0.0
tw2	TBR	0.05	40000	1	0.99878	0.0	0.963732	0.0	0.478302	0.0	0.0012199999999999989	0.0
tw2	TBR	0.05	50000	1	0.99897	0.0	0.963732	0.0	0.476871	0.0	0.0010299999999999754	0.0
tw2	TBR	0.05	60000	1	0.999089	0.0	0.963732	0.0	0.475828	0.0	0.0009109999999999951	0.0
tw2	TBR	0.05	70000	1	0.999165	0.0	0.963732	0.0	0.473972	0.0	0.0008350000000000302	0.0
tw2	TBR	0.05	80000	1	0.999266	0.0	0.963732	0.0	0.474284	0.0	0.0007340000000000124	0.0
tw2	TBR	0.05	90000	1	0.999313	0.0	0.963732	0.0	0.474815	0.0	0.0006869999999999932	0.0
tw2	TBR	0.05	100000	1	0.999387	0.0	0.963732	0.0	0.47555	0.0	0.0006129999999999747	0.0
tw2	TBR	0.05	200000	1	0.999682	0.0	0.963732	0.0	0.475101	0.0	0.00031800000000004047	0.0
tw2	TBR	0.05	300000	1	0.999778	0.0	0.963732	0.0	0.475373	0.0	0.00022200000000005549	0.0
tw2	TBR	0.05	400000	1	0.999831	0.0	0.963732	0.0	0.475482	0.0	0.00016899999999997473	0.0
tw2	TBR	0.05	500000	1	0.99986	0.0	0.963732	0.0	0.476101	0.0	0.000140000000000029	0.0
tw2	TBR	0.05	600000	1	0.999885	0.0	0.963732	0.0	0.47621	0.0	0.00011499999999997623	0.0
tw2	TBR	0.05	700000	1	0.999899	0.0	0.963732	0.0	0.475495	0.0	0.00010100000000001774	0.0
tw2	TBR	0.05	800000	1	0.999911	0.0	0.963732	0.0	0.475407	0.0	8.900000000000574e-05	0.0
tw2	TBR	0.05	900000	1	0.999918	0.0	0.963732	0.0	0.475336	0.0	8.20000000000265e-05	0.0
tw2	TBR	0.05	1000000	1	0.999926	0.0	0.963732	0.0	0.475187	0.0	7.40000000000185e-05	0.0
tw2	TBR	0.1	1	1	0.0	0.0	0.0	0.0	0.0	0.0	1.0	0.0
tw2	TBR	0.1	2	1	0.0	0.0	0.0	0.0	0.0	0.0	1.0	0.0
tw2	TBR	0.1	3	1	1e-06	0.0	0.0	0.0	0.0	0.0	0.999999	0.0
tw2	TBR	0.1	4	1	4.3e-05	0.0	0.0	0.0	1.1e-05	0.0	0.999957	0.0
tw2	TBR	0.1	5	1	0.006146	0.0	0.006024	0.0	0.001238	0.0	0.993854	0.0
tw2	TBR	0.1	6	1	0.006259	0.0	0.006024	0.0	0.002075	0.0	0.993741	0.0
tw2	TBR	0.1	7	1	0.012592	0.0	0.012047	0.0	0.003576	0.0	0.987408	0.0
tw2	TBR	0.1	8	1	0.037338	0.0	0.036766	0.0	0.007794	0.0	0.962662	0.0
tw2	TBR	0.1	9	1	0.050676	0.0	0.050017	0.0	0.012548	0.0	0.9493240000000001	0.0
tw2	TBR	0.1	10	1	0.051591	0.0	0.050909	0.0	0.016443	0.0	0.9484090000000001	0.0
tw2	TBR	0.1	20	1	0.277691	0.0	0.275073	0.0	0.104354	0.0	0.722309	0.0
tw2	TBR	0.1	30	1	0.421417	0.0	0.41821	0.0	0.186293	0.0	0.5785830000000001	0.0
tw2	TBR	0.1	40	1	0.469098	0.0	0.464878	0.0	0.236781	0.0	0.530902	0.0
tw2	TBR	0.1	50	1	0.50643	0.0	0.501957	0.0	0.269645	0.0	0.49356999999999995	0.0
tw2	TBR	0.1	60	1	0.51367	0.0	0.508872	0.0	0.295392	0.0	0.48633000000000004	0.0
tw2	TBR	0.1	70	1	0.533112	0.0	0.528146	0.0	0.316943	0.0	0.46688799999999997	0.0
tw2	TBR	0.1	80	1	0.533112	0.0	0.528146	0.0	0.335458	0.0	0.46688799999999997	0.0
tw2	TBR	0.1	90	1	0.541247	0.0	0.535953	0.0	0.348499	0.0	0.45875299999999997	0.0
tw2	TBR	0.1	100	1	0.554498	0.0	0.549204	0.0	0.358934	0.0	0.44550199999999995	0.0
tw2	TBR	0.1	200	1	0.647189	0.0	0.640662	0.0	0.40816	0.0	0.352811	0.0
tw2	TBR	0.1	300	1	0.68485	0.0	0.676753	0.0	0.429092	0.0	0.31515000000000004	0.0
tw2	TBR	0.1	400	1	0.72127	0.0	0.711329	0.0	0.436567	0.0	0.27873000000000003	0.0
tw2	TBR	0.1	500	1	0.786436	0.0	0.775176	0.0	0.437089	0.0	0.21356399999999998	0.0
tw2	TBR	0.1	600	1	0.81348	0.0	0.800474	0.0	0.434943	0.0	0.18652000000000002	0.0
tw2	TBR	0.1	700	1	0.853254	0.0	0.839603	0.0	0.432809	0.0	0.14674600000000004	0.0
tw2	TBR	0.1	800	1	0.878767	0.0	0.864322	0.0	0.43167	0.0	0.12123300000000004	0.0
tw2	TBR	0.1	900	1	0.892685	0.0	0.876369	0.0	0.433015	0.0	0.10731500000000005	0.0
tw2	TBR	0.1	1000	1	0.893436	0.0	0.876369	0.0	0.434069	0.0	0.10656399999999999	0.0
tw2	TBR	0.1	2000	1	0.971186	0.0	0.945661	0.0	0.447683	0.0	0.028814000000000006	0.0
tw2	TBR	0.1	3000	1	0.980012	0.0	0.951685	0.0	0.449707	0.0	0.019988000000000006	0.0
tw2	TBR	0.1	4000	1	0.982657	0.0	0.951685	0.0	0.456461	0.0	0.017342999999999997	0.0
tw2	TBR	0.1	5000	1	0.995428	0.0	0.963732	0.0	0.459656	0.0	0.0045720000000000205	0.0
tw2	TBR	0.1	6000	1	0.996164	0.0	0.963732	0.0	0.463775	0.0	0.0038359999999999506	0.0
tw2	TBR	0.1	7000	1	0.996925	0.0	0.963732	0.0	0.466586	0.0	0.00307500000000005	0.0
tw2	TBR	0.1	8000	1	0.997478	0.0	0.963732	0.0	0.469352	0.0	0.0025220000000000242	0.0
tw2	TBR	0.1	9000	1	0.997507	0.0	0.963732	0.0	0.470158	0.0	0.0024929999999999675	0.0
tw2	TBR	0.1	10000	1	0.997748	0.0	0.963732	0.0	0.468733	0.0	0.0022520000000000318	0.0
tw2	TBR	0.1	20000	1	0.998671	0.0	0.963732	0.0	0.4694	0.0	0.0013290000000000246	0.0
tw2	TBR	0.1	30000	1	0.99908	0.0	0.963732	0.0	0.470392	0.0	0.0009200000000000319	0.0
tw2	TBR	0.1	40000	1	0.999272	0.0	0.963732	0.0	0.47068	0.0	0.0007279999999999509	0.0
tw2	TBR	0.1	50000	1	0.999404	0.0	0.963732	0.0	0.472256	0.0	0.0005960000000000409	0.0
tw2	TBR	0.1	60000	1	0.999503	0.0	0.963732	0.0	0.474129	0.0	0.0004969999999999697	0.0
tw2	TBR	0.1	70000	1	0.99955	0.0	0.963732	0.0	0.473787	0.0	0.00044999999999995044	0.0
tw2	TBR	0.1	80000	1	0.999594	0.0	0.963732	0.0	0.473879	0.0	0.00040600000000001746	0.0
tw2	TBR	0.1	90000	1	0.999625	0.0	0.963732	0.0	0.474643	0.0	0.0003750000000000142	0.0
tw2	TBR	0.1	100000	1	0.99966	0.0	0.963732	0.0	0.474742	0.0	0.00034000000000000696	0.0
tw2	TBR	0.1	200000	1	0.999835	0.0	0.963732	0.0	0.474458	0.0	0.00016499999999997073	0.0
tw2	TBR	0.1	300000	1	0.999885	0.0	0.963732	0.0	0.4744	0.0	0.00011499999999997623	0.0
tw2	TBR	0.1	400000	1	0.999904	0.0	0.963732	0.0	0.474745	0.0	9.599999999998499e-05	0.0
tw2	TBR	0.1	500000	1	0.99992	0.0	0.963732	0.0	0.474661	0.0	7.999999999996898e-05	0.0
tw2	TBR	0.1	600000	1	0.999933	0.0	0.963732	0.0	0.474932	0.0	6.700000000003925e-05	0.0
tw2	TBR	0.1	700000	1	0.999941	0.0	0.963732	0.0	0.474827	0.0	5.900000000003125e-05	0.0
tw2	TBR	0.1	800000	1	0.999947	0.0	0.963732	0.0	0.474727	0.0	5.299999999996974e-05	0.0
tw2	TBR	0.1	900000	1	0.999953	0.0	0.963732	0.0	0.474857	0.0	4.700000000001925e-05	0.0
tw2	TBR	0.1	1000000	1	0.999959	0.0	0.963732	0.0	0.475084	0.0	4.099999999995774e-05	0.0
tw2	TBR	0.2	1	1	0.0	0.0	0.0	0.0	0.0	0.0	1.0	0.0
tw2	TBR	0.2	2	1	1e-06	0.0	0.0	0.0	1e-06	0.0	0.999999	0.0
tw2	TBR	0.2	3	1	0.012423	0.0	0.01236	0.0	0.004142	0.0	0.987577	0.0
tw2	TBR	0.2	4	1	0.044117	0.0	0.043681	0.0	0.01412	0.0	0.955883	0.0
tw2	TBR	0.2	5	1	0.088515	0.0	0.087675	0.0	0.028807	0.0	0.911485	0.0
tw2	TBR	0.2	6	1	0.121308	0.0	0.119889	0.0	0.041969	0.0	0.878692	0.0
tw2	TBR	0.2	7	1	0.1832	0.0	0.181374	0.0	0.060164	0.0	0.8168	0.0
tw2	TBR	0.2	8	1	0.252807	0.0	0.250354	0.0	0.080854	0.0	0.747193	0.0
tw2	TBR	0.2	9	1	0.303144	0.0	0.300371	0.0	0.101727	0.0	0.6968559999999999	0.0
tw2	TBR	0.2	10	1	0.335887	0.0	0.332897	0.0	0.121609	0.0	0.664113	0.0
tw2	TBR	0.2	20	1	0.510637	0.0	0.506197	0.0	0.259821	0.0	0.489363	0.0
tw2	TBR	0.2	30	1	0.521607	0.0	0.516678	0.0	0.323111	0.0	0.47839299999999996	0.0
tw2	TBR	0.2	40	1	0.535562	0.0	0.529929	0.0	0.359023	0.0	0.464438	0.0
tw2	TBR	0.2	50	1	0.564288	0.0	0.558214	0.0	0.380866	0.0	0.435712	0.0
tw2	TBR	0.2	60	1	0.580806	0.0	0.57414	0.0	0.390121	0.0	0.41919399999999996	0.0
tw2	TBR	0.2	70	1	0.581561	0.0	0.57414	0.0	0.400399	0.0	0.418439	0.0
tw2	TBR	0.2	80	1	0.595367	0.0	0.587391	0.0	0.405734	0.0	0.404633	0.0
tw2	TBR	0.2	90	1	0.596716	0.0	0.588282	0.0	0.411647	0.0	0.403284	0.0
tw2	TBR	0.2	100	1	0.619208	0.0	0.610231	0.0	0.417878	0.0	0.380792	0.0
tw2	TBR	0.2	200	1	0.739288	0.0	0.7273	0.0	0.449711	0.0	0.26071200000000005	0.0
tw2	TBR	0.2	300	1	0.80109	0.0	0.785436	0.0	0.465683	0.0	0.19891000000000003	0.0
tw2	TBR	0.2	400	1	0.840112	0.0	0.821578	0.0	0.476646	0.0	0.15988800000000003	0.0
tw2	TBR	0.2	500	1	0.873648	0.0	0.852899	0.0	0.478586	0.0	0.12635200000000002	0.0
tw2	TBR	0.2	600	1	0.900305	0.0	0.878198	0.0	0.476473	0.0	0.09969499999999998	0.0
tw2	TBR	0.2	700	1	0.921347	0.0	0.897472	0.0	0.474292	0.0	0.07865299999999997	0.0
tw2	TBR	0.2	800	1	0.928849	0.0	0.903496	0.0	0.475637	0.0	0.07115099999999996	0.0
tw2	TBR	0.2	900	1	0.941647	0.0	0.915543	0.0	0.477852	0.0	0.05835299999999999	0.0
tw2	TBR	0.2	1000	1	0.942396	0.0	0.915543	0.0	0.479761	0.0	0.05760399999999999	0.0
tw2	TBR	0.2	2000	1	0.988766	0.0	0.957709	0.0	0.475268	0.0	0.011233999999999966	0.0
tw2	TBR	0.2	3000	1	0.996574	0.0	0.963732	0.0	0.474609	0.0	0.00342600000000004	0.0
tw2	TBR	0.2	4000	1	0.99751	0.0	0.963732	0.0	0.470504	0.0	0.0024899999999999922	0.0
tw2	TBR	0.2	5000	1	0.997857	0.0	0.963732	0.0	0.471821	0.0	0.002143000000000006	0.0
tw2	TBR	0.2	6000	1	0.998171	0.0	0.963732	0.0	0.473865	0.0	0.0018289999999999695	0.0
tw2	TBR	0.2	7000	1	0.998399	0.0	0.963732	0.0	0.472887	0.0	0.0016009999999999636	0.0
tw2	TBR	0.2	8000	1	0.998617	0.0	0.963732	0.0	0.472028	0.0	0.001383000000000023	0.0
tw2	TBR	0.2	9000	1	0.99871	0.0	0.963732	0.0	0.472286	0.0	0.0012900000000000134	0.0
tw2	TBR	0.2	10000	1	0.998801	0.0	0.963732	0.0	0.472244	0.0	0.00119899999999995	0.0
tw2	TBR	0.2	20000	1	0.999266	0.0	0.963732	0.0	0.472678	0.0	0.0007340000000000124	0.0
tw2	TBR	0.2	30000	1	0.999486	0.0	0.963732	0.0	0.473248	0.0	0.0005140000000000144	0.0
tw2	TBR	0.2	40000	1	0.999586	0.0	0.963732	0.0	0.473318	0.0	0.00041400000000002546	0.0
tw2	TBR	0.2	50000	1	0.999657	0.0	0.963732	0.0	0.473068	0.0	0.0003429999999999822	0.0
tw2	TBR	0.2	60000	1	0.99972	0.0	0.963732	0.0	0.47278	0.0	0.00027999999999994696	0.0
tw2	TBR	0.2	70000	1	0.999765	0.0	0.963732	0.0	0.473153	0.0	0.00023499999999998522	0.0
tw2	TBR	0.2	80000	1	0.999792	0.0	0.963732	0.0	0.472994	0.0	0.00020799999999998597	0.0
tw2	TBR	0.2	90000	1	0.999806	0.0	0.963732	0.0	0.472748	0.0	0.00019400000000002748	0.0
tw2	TBR	0.2	100000	1	0.999826	0.0	0.963732	0.0	0.472853	0.0	0.00017400000000000748	0.0
tw2	TBR	0.2	200000	1	0.999906	0.0	0.963732	0.0	0.473274	0.0	9.40000000000385e-05	0.0
tw2	TBR	0.2	300000	1	0.99993	0.0	0.963732	0.0	0.47416	0.0	7.00000000000145e-05	0.0
tw2	TBR	0.2	400000	1	0.999946	0.0	0.963732	0.0	0.474391	0.0	5.3999999999998494e-05	0.0
tw2	TBR	0.2	500000	1	0.999954	0.0	0.963732	0.0	0.474471	0.0	4.599999999999049e-05	0.0
tw2	TBR	0.2	600000	1	0.999961	0.0	0.963732	0.0	0.474333	0.0	3.900000000001125e-05	0.0
tw2	TBR	0.2	700000	1	0.999966	0.0	0.963732	0.0	0.474429	0.0	3.399999999997849e-05	0.0
tw2	TBR	0.2	800000	1	0.99997	0.0	0.963732	0.0	0.474564	0.0	2.999999999997449e-05	0.0
tw2	TBR	0.2	900000	1	0.999973	0.0	0.963732	0.0	0.474552	0.0	2.6999999999999247e-05	0.0
tw2	TBR	0.2	1000000	1	0.999976	0.0	0.963732	0.0	0.474568	0.0	2.4000000000024002e-05	0.0
tw2	TBR	0.3	1	1	0.0	0.0	0.0	0.0	0.0	0.0	1.0	0.0
tw2	TBR	0.3	2	1	1e-06	0.0	0.0	0.0	1e-06	0.0	0.999999	0.0
tw2	TBR	0.3	3	1	0.031936	0.0	0.031322	0.0	0.010645	0.0	0.968064	0.0
tw2	TBR	0.3	4	1	0.131675	0.0	0.129886	0.0	0.040854	0.0	0.868325	0.0
tw2	TBR	0.3	5	1	0.291813	0.0	0.289623	0.0	0.09087	0.0	0.708187	0.0
tw2	TBR	0.3	6	1	0.372938	0.0	0.370383	0.0	0.135536	0.0	0.627062	0.0
tw2	TBR	0.3	7	1	0.411648	0.0	0.408933	0.0	0.171147	0.0	0.588352	0.0
tw2	TBR	0.3	8	1	0.454751	0.0	0.452035	0.0	0.203107	0.0	0.545249	0.0
tw2	TBR	0.3	9	1	0.479611	0.0	0.476754	0.0	0.228765	0.0	0.520389	0.0
tw2	TBR	0.3	10	1	0.52994	0.0	0.527084	0.0	0.254667	0.0	0.47006000000000003	0.0
tw2	TBR	0.3	20	1	0.552621	0.0	0.548358	0.0	0.343338	0.0	0.44737899999999997	0.0
tw2	TBR	0.3	30	1	0.587674	0.0	0.582667	0.0	0.390422	0.0	0.41232599999999997	0.0
tw2	TBR	0.3	40	1	0.622695	0.0	0.617192	0.0	0.413068	0.0	0.377305	0.0
tw2	TBR	0.3	50	1	0.624505	0.0	0.618083	0.0	0.425281	0.0	0.375495	0.0
tw2	TBR	0.3	60	1	0.647533	0.0	0.63972	0.0	0.431681	0.0	0.352467	0.0
tw2	TBR	0.3	70	1	0.679877	0.0	0.671354	0.0	0.438964	0.0	0.32012300000000005	0.0
tw2	TBR	0.3	80	1	0.68713	0.0	0.678269	0.0	0.447004	0.0	0.31287	0.0
tw2	TBR	0.3	90	1	0.693833	0.0	0.684293	0.0	0.449693	0.0	0.30616699999999997	0.0
tw2	TBR	0.3	100	1	0.708343	0.0	0.698123	0.0	0.449822	0.0	0.29165700000000006	0.0
tw2	TBR	0.3	200	1	0.834111	0.0	0.819482	0.0	0.456983	0.0	0.16588899999999995	0.0
tw2	TBR	0.3	300	1	0.88926	0.0	0.87097	0.0	0.460384	0.0	0.11073999999999995	0.0
tw2	TBR	0.3	400	1	0.892986	0.0	0.87097	0.0	0.468729	0.0	0.10701400000000005	0.0
tw2	TBR	0.3	500	1	0.9383	0.0	0.914339	0.0	0.472609	0.0	0.06169999999999998	0.0
tw2	TBR	0.3	600	1	0.971763	0.0	0.945661	0.0	0.475633	0.0	0.028236999999999957	0.0
tw2	TBR	0.3	700	1	0.972809	0.0	0.945661	0.0	0.476742	0.0	0.027190999999999965	0.0
tw2	TBR	0.3	800	1	0.97965	0.0	0.951685	0.0	0.478759	0.0	0.02034999999999998	0.0
tw2	TBR	0.3	900	1	0.980346	0.0	0.951685	0.0	0.479837	0.0	0.01965399999999995	0.0
tw2	TBR	0.3	1000	1	0.987092	0.0	0.957709	0.0	0.481459	0.0	0.01290800000000003	0.0
tw2	TBR	0.3	2000	1	0.996559	0.0	0.963732	0.0	0.473633	0.0	0.0034410000000000274	0.0
tw2	TBR	0.3	3000	1	0.997464	0.0	0.963732	0.0	0.47143	0.0	0.0025359999999999827	0.0
tw2	TBR	0.3	4000	1	0.998094	0.0	0.963732	0.0	0.470235	0.0	0.0019059999999999633	0.0
tw2	TBR	0.3	5000	1	0.998335	0.0	0.963732	0.0	0.470272	0.0	0.0016650000000000276	0.0
tw2	TBR	0.3	6000	1	0.998574	0.0	0.963732	0.0	0.470712	0.0	0.0014260000000000383	0.0
tw2	TBR	0.3	7000	1	0.998734	0.0	0.963732	0.0	0.471225	0.0	0.0012659999999999894	0.0
tw2	TBR	0.3	8000	1	0.998842	0.0	0.963732	0.0	0.469946	0.0	0.0011579999999999924	0.0
tw2	TBR	0.3	9000	1	0.998931	0.0	0.963732	0.0	0.471493	0.0	0.0010689999999999866	0.0
tw2	TBR	0.3	10000	1	0.999029	0.0	0.963732	0.0	0.472681	0.0	0.0009710000000000552	0.0
tw2	TBR	0.3	20000	1	0.999455	0.0	0.963732	0.0	0.473941	0.0	0.0005450000000000177	0.0
tw2	TBR	0.3	30000	1	0.999595	0.0	0.963732	0.0	0.475173	0.0	0.0004049999999999887	0.0
tw2	TBR	0.3	40000	1	0.999714	0.0	0.963732	0.0	0.476123	0.0	0.00028600000000000847	0.0
tw2	TBR	0.3	50000	1	0.999767	0.0	0.963732	0.0	0.47538	0.0	0.00023300000000003873	0.0
tw2	TBR	0.3	60000	1	0.9998	0.0	0.963732	0.0	0.475651	0.0	0.00019999999999997797	0.0
tw2	TBR	0.3	70000	1	0.999821	0.0	0.963732	0.0	0.475999	0.0	0.00017900000000004024	0.0
tw2	TBR	0.3	80000	1	0.999843	0.0	0.963732	0.0	0.475541	0.0	0.00015699999999996272	0.0
tw2	TBR	0.3	90000	1	0.99986	0.0	0.963732	0.0	0.475561	0.0	0.000140000000000029	0.0
tw2	TBR	0.3	100000	1	0.999872	0.0	0.963732	0.0	0.475234	0.0	0.000128000000000017	0.0
tw2	TBR	0.3	200000	1	0.999921	0.0	0.963732	0.0	0.475129	0.0	7.900000000005125e-05	0.0
tw2	TBR	0.3	300000	1	0.999945	0.0	0.963732	0.0	0.47516	0.0	5.500000000002725e-05	0.0
tw2	TBR	0.3	400000	1	0.999957	0.0	0.963732	0.0	0.47508	0.0	4.300000000001525e-05	0.0
tw2	TBR	0.3	500000	1	0.999966	0.0	0.963732	0.0	0.475165	0.0	3.399999999997849e-05	0.0
tw2	TBR	0.3	600000	1	0.999971	0.0	0.963732	0.0	0.474978	0.0	2.8999999999945736e-05	0.0
tw2	TBR	0.3	700000	1	0.999974	0.0	0.963732	0.0	0.4751	0.0	2.599999999997049e-05	0.0
tw2	TBR	0.3	800000	1	0.999977	0.0	0.963732	0.0	0.475084	0.0	2.2999999999995246e-05	0.0
tw2	TBR	0.3	900000	1	0.99998	0.0	0.963732	0.0	0.475031	0.0	2.0000000000020002e-05	0.0
tw2	TBR	0.3	1000000	1	0.999982	0.0	0.963732	0.0	0.475042	0.0	1.799999999996249e-05	0.0
tw2	TBR	0.4	1	1	0.0	0.0	0.0	0.0	0.0	0.0	1.0	0.0
tw2	TBR	0.4	2	1	0.000172	0.0	0.0	0.0	8.6e-05	0.0	0.999828	0.0
tw2	TBR	0.4	3	1	0.05703	0.0	0.056041	0.0	0.01901	0.0	0.94297	0.0
tw2	TBR	0.4	4	1	0.199067	0.0	0.197395	0.0	0.063627	0.0	0.800933	0.0
tw2	TBR	0.4	5	1	0.330557	0.0	0.328485	0.0	0.111648	0.0	0.669443	0.0
tw2	TBR	0.4	6	1	0.419017	0.0	0.416472	0.0	0.158289	0.0	0.580983	0.0
tw2	TBR	0.4	7	1	0.463171	0.0	0.460466	0.0	0.195825	0.0	0.536829	0.0
tw2	TBR	0.4	8	1	0.488032	0.0	0.485185	0.0	0.225427	0.0	0.511968	0.0
tw2	TBR	0.4	9	1	0.506576	0.0	0.503569	0.0	0.253027	0.0	0.493424	0.0
tw2	TBR	0.4	10	1	0.518935	0.0	0.515928	0.0	0.276415	0.0	0.48106499999999996	0.0
tw2	TBR	0.4	20	1	0.552699	0.0	0.548358	0.0	0.36847	0.0	0.44730099999999995	0.0
tw2	TBR	0.4	30	1	0.563378	0.0	0.557948	0.0	0.40215	0.0	0.43662199999999995	0.0
tw2	TBR	0.4	40	1	0.572075	0.0	0.565754	0.0	0.418054	0.0	0.427925	0.0
tw2	TBR	0.4	50	1	0.590852	0.0	0.58315	0.0	0.420147	0.0	0.40914799999999996	0.0
tw2	TBR	0.4	60	1	0.595789	0.0	0.587607	0.0	0.426609	0.0	0.404211	0.0
tw2	TBR	0.4	70	1	0.611007	0.0	0.602329	0.0	0.430916	0.0	0.38899300000000003	0.0
tw2	TBR	0.4	80	1	0.65741	0.0	0.648106	0.0	0.433208	0.0	0.34258999999999995	0.0
tw2	TBR	0.4	90	1	0.684342	0.0	0.674295	0.0	0.435732	0.0	0.315658	0.0
tw2	TBR	0.4	100	1	0.710136	0.0	0.699594	0.0	0.437516	0.0	0.289864	0.0
tw2	TBR	0.4	200	1	0.785951	0.0	0.770936	0.0	0.435181	0.0	0.21404900000000004	0.0
tw2	TBR	0.4	300	1	0.897731	0.0	0.878777	0.0	0.4394	0.0	0.10226900000000005	0.0
tw2	TBR	0.4	400	1	0.91863	0.0	0.896848	0.0	0.443656	0.0	0.08137000000000005	0.0
tw2	TBR	0.4	500	1	0.922279	0.0	0.896848	0.0	0.449602	0.0	0.07772100000000004	0.0
tw2	TBR	0.4	600	1	0.954318	0.0	0.927278	0.0	0.45433	0.0	0.045682	0.0
tw2	TBR	0.4	700	1	0.967645	0.0	0.939638	0.0	0.457183	0.0	0.03235500000000002	0.0
tw2	TBR	0.4	800	1	0.974848	0.0	0.945661	0.0	0.461017	0.0	0.025151999999999952	0.0
tw2	TBR	0.4	900	1	0.981737	0.0	0.951685	0.0	0.461137	0.0	0.01826300000000003	0.0
tw2	TBR	0.4	1000	1	0.988201	0.0	0.957709	0.0	0.461181	0.0	0.011799000000000004	0.0
tw2	TBR	0.4	2000	1	0.996955	0.0	0.963732	0.0	0.463739	0.0	0.0030449999999999644	0.0
tw2	TBR	0.4	3000	1	0.997864	0.0	0.963732	0.0	0.469245	0.0	0.0021360000000000268	0.0
tw2	TBR	0.4	4000	1	0.998526	0.0	0.963732	0.0	0.468113	0.0	0.0014739999999999753	0.0
tw2	TBR	0.4	5000	1	0.998781	0.0	0.963732	0.0	0.467859	0.0	0.00121899999999997	0.0
tw2	TBR	0.4	6000	1	0.998903	0.0	0.963732	0.0	0.468839	0.0	0.0010970000000000146	0.0
tw2	TBR	0.4	7000	1	0.99901	0.0	0.963732	0.0	0.468083	0.0	0.0009900000000000464	0.0
tw2	TBR	0.4	8000	1	0.999091	0.0	0.963732	0.0	0.468927	0.0	0.0009090000000000487	0.0
tw2	TBR	0.4	9000	1	0.999168	0.0	0.963732	0.0	0.468899	0.0	0.0008320000000000549	0.0
tw2	TBR	0.4	10000	1	0.999231	0.0	0.963732	0.0	0.47051	0.0	0.0007690000000000197	0.0
tw2	TBR	0.4	20000	1	0.999562	0.0	0.963732	0.0	0.471387	0.0	0.00043800000000004946	0.0
tw2	TBR	0.4	30000	1	0.999687	0.0	0.963732	0.0	0.470852	0.0	0.0003130000000000077	0.0
tw2	TBR	0.4	40000	1	0.999741	0.0	0.963732	0.0	0.470673	0.0	0.0002590000000000092	0.0
tw2	TBR	0.4	50000	1	0.999786	0.0	0.963732	0.0	0.471922	0.0	0.00021400000000004749	0.0
tw2	TBR	0.4	60000	1	0.999824	0.0	0.963732	0.0	0.472316	0.0	0.00017599999999995397	0.0
tw2	TBR	0.4	70000	1	0.999847	0.0	0.963732	0.0	0.472944	0.0	0.00015299999999995872	0.0
tw2	TBR	0.4	80000	1	0.999863	0.0	0.963732	0.0	0.473107	0.0	0.00013700000000005375	0.0
tw2	TBR	0.4	90000	1	0.999878	0.0	0.963732	0.0	0.473212	0.0	0.00012199999999995548	0.0
tw2	TBR	0.4	100000	1	0.999885	0.0	0.963732	0.0	0.473279	0.0	0.00011499999999997623	0.0
tw2	TBR	0.4	200000	1	0.999934	0.0	0.963732	0.0	0.474303	0.0	6.60000000000105e-05	0.0
tw2	TBR	0.4	300000	1	0.999953	0.0	0.963732	0.0	0.473983	0.0	4.700000000001925e-05	0.0
tw2	TBR	0.4	400000	1	0.999964	0.0	0.963732	0.0	0.474009	0.0	3.6000000000036e-05	0.0
tw2	TBR	0.4	500000	1	0.99997	0.0	0.963732	0.0	0.47432	0.0	2.999999999997449e-05	0.0
tw2	TBR	0.4	600000	1	0.999975	0.0	0.963732	0.0	0.474205	0.0	2.5000000000052758e-05	0.0
tw2	TBR	0.4	700000	1	0.999978	0.0	0.963732	0.0	0.474293	0.0	2.199999999996649e-05	0.0
tw2	TBR	0.4	800000	1	0.99998	0.0	0.963732	0.0	0.474312	0.0	2.0000000000020002e-05	0.0
tw2	TBR	0.4	900000	1	0.999983	0.0	0.963732	0.0	0.474339	0.0	1.7000000000044757e-05	0.0
tw2	TBR	0.4	1000000	1	0.999984	0.0	0.963732	0.0	0.474346	0.0	1.6000000000016e-05	0.0
tw2	TBR	0.5	1	1	0.0	0.0	0.0	0.0	0.0	0.0	1.0	0.0
tw2	TBR	0.5	2	1	0.006191	0.0	0.006024	0.0	0.003096	0.0	0.993809	0.0
tw2	TBR	0.5	3	1	0.043581	0.0	0.043102	0.0	0.016535	0.0	0.956419	0.0
tw2	TBR	0.5	4	1	0.155668	0.0	0.154605	0.0	0.051274	0.0	0.844332	0.0
tw2	TBR	0.5	5	1	0.304545	0.0	0.303187	0.0	0.101572	0.0	0.6954549999999999	0.0
tw2	TBR	0.5	6	1	0.367403	0.0	0.365564	0.0	0.143442	0.0	0.6325970000000001	0.0
tw2	TBR	0.5	7	1	0.428888	0.0	0.427049	0.0	0.183853	0.0	0.5711120000000001	0.0
tw2	TBR	0.5	8	1	0.453747	0.0	0.451768	0.0	0.215592	0.0	0.546253	0.0
tw2	TBR	0.5	9	1	0.453911	0.0	0.451768	0.0	0.238923	0.0	0.546089	0.0
tw2	TBR	0.5	10	1	0.461043	0.0	0.458683	0.0	0.257051	0.0	0.538957	0.0
tw2	TBR	0.5	20	1	0.550562	0.0	0.547467	0.0	0.355859	0.0	0.449438	0.0
tw2	TBR	0.5	30	1	0.58736	0.0	0.583558	0.0	0.396689	0.0	0.41264	0.0
tw2	TBR	0.5	40	1	0.62623	0.0	0.621433	0.0	0.41856	0.0	0.37377000000000005	0.0
tw2	TBR	0.5	50	1	0.654397	0.0	0.647622	0.0	0.430317	0.0	0.345603	0.0
tw2	TBR	0.5	60	1	0.683773	0.0	0.675907	0.0	0.443087	0.0	0.31622700000000004	0.0
tw2	TBR	0.5	70	1	0.691945	0.0	0.682822	0.0	0.453995	0.0	0.30805499999999997	0.0
tw2	TBR	0.5	80	1	0.712251	0.0	0.701785	0.0	0.457753	0.0	0.28774900000000003	0.0
tw2	TBR	0.5	90	1	0.733645	0.0	0.722842	0.0	0.460755	0.0	0.266355	0.0
tw2	TBR	0.5	100	1	0.741256	0.0	0.729757	0.0	0.464061	0.0	0.258744	0.0
tw2	TBR	0.5	200	1	0.83913	0.0	0.822157	0.0	0.46748	0.0	0.16086999999999996	0.0
tw2	TBR	0.5	300	1	0.916906	0.0	0.896269	0.0	0.478937	0.0	0.083094	0.0
tw2	TBR	0.5	400	1	0.931831	0.0	0.908316	0.0	0.479694	0.0	0.06816900000000004	0.0
tw2	TBR	0.5	500	1	0.953872	0.0	0.92759	0.0	0.474355	0.0	0.04612799999999995	0.0
tw2	TBR	0.5	600	1	0.967348	0.0	0.939638	0.0	0.471337	0.0	0.032652000000000014	0.0
tw2	TBR	0.5	700	1	0.980466	0.0	0.951685	0.0	0.471222	0.0	0.01953400000000005	0.0
tw2	TBR	0.5	800	1	0.987488	0.0	0.957709	0.0	0.473236	0.0	0.012511999999999968	0.0
tw2	TBR	0.5	900	1	0.994417	0.0	0.963732	0.0	0.474118	0.0	0.005583000000000005	0.0
tw2	TBR	0.5	1000	1	0.99493	0.0	0.963732	0.0	0.474685	0.0	0.005070000000000019	0.0
tw2	TBR	0.5	2000	1	0.997364	0.0	0.963732	0.0	0.470536	0.0	0.0026359999999999717	0.0
tw2	TBR	0.5	3000	1	0.998156	0.0	0.963732	0.0	0.469834	0.0	0.0018439999999999568	0.0
tw2	TBR	0.5	4000	1	0.998577	0.0	0.963732	0.0	0.470808	0.0	0.001422999999999952	0.0
tw2	TBR	0.5	5000	1	0.998745	0.0	0.963732	0.0	0.469244	0.0	0.0012550000000000061	0.0
tw2	TBR	0.5	6000	1	0.998964	0.0	0.963732	0.0	0.469114	0.0	0.0010360000000000369	0.0
tw2	TBR	0.5	7000	1	0.999098	0.0	0.963732	0.0	0.471339	0.0	0.0009019999999999584	0.0
tw2	TBR	0.5	8000	1	0.999195	0.0	0.963732	0.0	0.473165	0.0	0.0008049999999999446	0.0
tw2	TBR	0.5	9000	1	0.999247	0.0	0.963732	0.0	0.472607	0.0	0.0007530000000000037	0.0
tw2	TBR	0.5	10000	1	0.999295	0.0	0.963732	0.0	0.472181	0.0	0.0007049999999999557	0.0
tw2	TBR	0.5	20000	1	0.999592	0.0	0.963732	0.0	0.473636	0.0	0.00040799999999996395	0.0
tw2	TBR	0.5	30000	1	0.99971	0.0	0.963732	0.0	0.473982	0.0	0.00029000000000001247	0.0
tw2	TBR	0.5	40000	1	0.99978	0.0	0.963732	0.0	0.473795	0.0	0.00021999999999999797	0.0
tw2	TBR	0.5	50000	1	0.999815	0.0	0.963732	0.0	0.473497	0.0	0.00018499999999999073	0.0
tw2	TBR	0.5	60000	1	0.999846	0.0	0.963732	0.0	0.474454	0.0	0.00015399999999998748	0.0
tw2	TBR	0.5	70000	1	0.999862	0.0	0.963732	0.0	0.474539	0.0	0.00013799999999997148	0.0
tw2	TBR	0.5	80000	1	0.999876	0.0	0.963732	0.0	0.474716	0.0	0.000124000000000013	0.0
tw2	TBR	0.5	90000	1	0.999885	0.0	0.963732	0.0	0.474368	0.0	0.00011499999999997623	0.0
tw2	TBR	0.5	100000	1	0.999894	0.0	0.963732	0.0	0.474341	0.0	0.0001060000000000505	0.0
tw2	TBR	0.5	200000	1	0.999938	0.0	0.963732	0.0	0.474732	0.0	6.20000000000065e-05	0.0
tw2	TBR	0.5	300000	1	0.999954	0.0	0.963732	0.0	0.475045	0.0	4.599999999999049e-05	0.0
tw2	TBR	0.5	400000	1	0.999965	0.0	0.963732	0.0	0.474952	0.0	3.500000000000725e-05	0.0
tw2	TBR	0.5	500000	1	0.999971	0.0	0.963732	0.0	0.474925	0.0	2.8999999999945736e-05	0.0
tw2	TBR	0.5	600000	1	0.999975	0.0	0.963732	0.0	0.474859	0.0	2.5000000000052758e-05	0.0
tw2	TBR	0.5	700000	1	0.999979	0.0	0.963732	0.0	0.474792	0.0	2.1000000000048757e-05	0.0
tw2	TBR	0.5	800000	1	0.99998	0.0	0.963732	0.0	0.474817	0.0	2.0000000000020002e-05	0.0
tw2	TBR	0.5	900000	1	0.999983	0.0	0.963732	0.0	0.474838	0.0	1.7000000000044757e-05	0.0
tw2	TBR	0.5	1000000	1	0.999984	0.0	0.963732	0.0	0.474907	0.0	1.6000000000016e-05	0.0
tw2	rTBR	0.0	1	1	0.0	0.0	0.0	0.0	0.0	0.0	1.0	0.0
tw2	rTBR	0.0	2	1	0.0	0.0	0.0	0.0	0.0	0.0	1.0	0.0
tw2	rTBR	0.0	3	1	0.0	0.0	0.0	0.0	0.0	0.0	1.0	0.0
tw2	rTBR	0.0	4	1	0.0	0.0	0.0	0.0	0.0	0.0	1.0	0.0
tw2	rTBR	0.0	5	1	0.0	0.0	0.0	0.0	0.0	0.0	1.0	0.0
tw2	rTBR	0.0	6	1	0.0	0.0	0.0	0.0	0.0	0.0	1.0	0.0
tw2	rTBR	0.0	7	1	0.0	0.0	0.0	0.0	0.0	0.0	1.0	0.0
tw2	rTBR	0.0	8	1	0.0	0.0	0.0	0.0	0.0	0.0	1.0	0.0
tw2	rTBR	0.0	9	1	0.0	0.0	0.0	0.0	0.0	0.0	1.0	0.0
tw2	rTBR	0.0	10	1	0.0	0.0	0.0	0.0	0.0	0.0	1.0	0.0
tw2	rTBR	0.0	20	1	0.000891	0.0	0.000891	0.0	0.000312	0.0	0.999109	0.0
tw2	rTBR	0.0	30	1	0.000892	0.0	0.000891	0.0	0.000505	0.0	0.999108	0.0
tw2	rTBR	0.0	40	1	0.000893	0.0	0.000891	0.0	0.000602	0.0	0.999107	0.0
tw2	rTBR	0.0	50	1	0.00693	0.0	0.006915	0.0	0.000968	0.0	0.99307	0.0
tw2	rTBR	0.0	60	1	0.012975	0.0	0.012939	0.0	0.001916	0.0	0.987025	0.0
tw2	rTBR	0.0	70	1	0.025367	0.0	0.025298	0.0	0.003899	0.0	0.974633	0.0
tw2	rTBR	0.0	80	1	0.044264	0.0	0.043369	0.0	0.007501	0.0	0.955736	0.0
tw2	rTBR	0.0	90	1	0.057157	0.0	0.055729	0.0	0.012452	0.0	0.942843	0.0
tw2	rTBR	0.0	100	1	0.058464	0.0	0.05662	0.0	0.016859	0.0	0.941536	0.0
tw2	rTBR	0.0	200	1	0.349946	0.0	0.344098	0.0	0.099509	0.0	0.650054	0.0
tw2	rTBR	0.0	300	1	0.468689	0.0	0.461937	0.0	0.199262	0.0	0.531311	0.0
tw2	rTBR	0.0	400	1	0.558039	0.0	0.550816	0.0	0.263303	0.0	0.44196100000000005	0.0
tw2	rTBR	0.0	500	1	0.560285	0.0	0.552599	0.0	0.304899	0.0	0.43971499999999997	0.0
tw2	rTBR	0.0	600	1	0.59774	0.0	0.589677	0.0	0.334738	0.0	0.40225999999999995	0.0
tw2	rTBR	0.0	700	1	0.607599	0.0	0.599267	0.0	0.35536	0.0	0.392401	0.0
tw2	rTBR	0.0	800	1	0.609768	0.0	0.60105	0.0	0.371149	0.0	0.390232	0.0
tw2	rTBR	0.0	900	1	0.613732	0.0	0.604616	0.0	0.381732	0.0	0.38626799999999994	0.0
tw2	rTBR	0.0	1000	1	0.6147	0.0	0.605507	0.0	0.391671	0.0	0.3853	0.0
tw2	rTBR	0.0	2000	1	0.721786	0.0	0.709903	0.0	0.433819	0.0	0.27821399999999996	0.0
tw2	rTBR	0.0	3000	1	0.791435	0.0	0.777005	0.0	0.446865	0.0	0.208565	0.0
tw2	rTBR	0.0	4000	1	0.818499	0.0	0.802882	0.0	0.449063	0.0	0.18150100000000002	0.0
tw2	rTBR	0.0	5000	1	0.831898	0.0	0.814929	0.0	0.450848	0.0	0.16810199999999997	0.0
tw2	rTBR	0.0	6000	1	0.884598	0.0	0.86673	0.0	0.449734	0.0	0.115402	0.0
tw2	rTBR	0.0	7000	1	0.911031	0.0	0.891136	0.0	0.448708	0.0	0.08896899999999996	0.0
tw2	rTBR	0.0	8000	1	0.942903	0.0	0.921567	0.0	0.45111	0.0	0.05709699999999995	0.0
tw2	rTBR	0.0	9000	1	0.95599	0.0	0.933614	0.0	0.451931	0.0	0.044009999999999994	0.0
tw2	rTBR	0.0	10000	1	0.963276	0.0	0.939638	0.0	0.452381	0.0	0.03672399999999998	0.0
tw2	rTBR	0.0	20000	1	0.99317	0.0	0.963732	0.0	0.456266	0.0	0.006830000000000003	0.0
tw2	rTBR	0.0	30000	1	0.99555	0.0	0.963732	0.0	0.457235	0.0	0.004449999999999954	0.0
tw2	rTBR	0.0	40000	1	0.996617	0.0	0.963732	0.0	0.463425	0.0	0.003383000000000025	0.0
tw2	rTBR	0.0	50000	1	0.99713	0.0	0.963732	0.0	0.466346	0.0	0.002870000000000039	0.0
tw2	rTBR	0.0	60000	1	0.99767	0.0	0.963732	0.0	0.465246	0.0	0.0023300000000000542	0.0
tw2	rTBR	0.0	70000	1	0.997845	0.0	0.963732	0.0	0.464244	0.0	0.002155000000000018	0.0
tw2	rTBR	0.0	80000	1	0.998013	0.0	0.963732	0.0	0.462917	0.0	0.001986999999999961	0.0
tw2	rTBR	0.0	90000	1	0.998198	0.0	0.963732	0.0	0.464194	0.0	0.0018019999999999703	0.0
tw2	rTBR	0.0	100000	1	0.998349	0.0	0.963732	0.0	0.463446	0.0	0.001650999999999958	0.0
tw2	rTBR	0.0	200000	1	0.998963	0.0	0.963732	0.0	0.467821	0.0	0.0010369999999999546	0.0
tw2	rTBR	0.0	300000	1	0.999192	0.0	0.963732	0.0	0.470827	0.0	0.0008080000000000309	0.0
tw2	rTBR	0.0	400000	1	0.999341	0.0	0.963732	0.0	0.470781	0.0	0.0006589999999999652	0.0
tw2	rTBR	0.0	500000	1	0.999488	0.0	0.963732	0.0	0.469924	0.0	0.0005119999999999569	0.0
tw2	rTBR	0.0	600000	1	0.999588	0.0	0.963732	0.0	0.469221	0.0	0.00041199999999996795	0.0
tw2	rTBR	0.0	700000	1	0.999647	0.0	0.963732	0.0	0.469069	0.0	0.0003530000000000477	0.0
tw2	rTBR	0.0	800000	1	0.999685	0.0	0.963732	0.0	0.469232	0.0	0.0003149999999999542	0.0
tw2	rTBR	0.0	900000	1	0.999714	0.0	0.963732	0.0	0.469392	0.0	0.00028600000000000847	0.0
tw2	rTBR	0.0	1000000	1	0.999753	0.0	0.963732	0.0	0.469693	0.0	0.0002469999999999972	0.0
tw2	rTBR	0.02	1	1	0.0	0.0	0.0	0.0	0.0	0.0	1.0	0.0
tw2	rTBR	0.02	2	1	0.0	0.0	0.0	0.0	0.0	0.0	1.0	0.0
tw2	rTBR	0.02	3	1	0.0	0.0	0.0	0.0	0.0	0.0	1.0	0.0
tw2	rTBR	0.02	4	1	0.0	0.0	0.0	0.0	0.0	0.0	1.0	0.0
tw2	rTBR	0.02	5	1	0.0	0.0	0.0	0.0	0.0	0.0	1.0	0.0
tw2	rTBR	0.02	6	1	0.0	0.0	0.0	0.0	0.0	0.0	1.0	0.0
tw2	rTBR	0.02	7	1	0.0	0.0	0.0	0.0	0.0	0.0	1.0	0.0
tw2	rTBR	0.02	8	1	0.0	0.0	0.0	0.0	0.0	0.0	1.0	0.0
tw2	rTBR	0.02	9	1	0.0	0.0	0.0	0.0	0.0	0.0	1.0	0.0
tw2	rTBR	0.02	10	1	0.0	0.0	0.0	0.0	0.0	0.0	1.0	0.0
tw2	rTBR	0.02	20	1	0.000167	0.0	0.0	0.0	3.3e-05	0.0	0.999833	0.0
tw2	rTBR	0.02	30	1	0.018884	0.0	0.018383	0.0	0.001904	0.0	0.981116	0.0
tw2	rTBR	0.02	40	1	0.050915	0.0	0.050017	0.0	0.012463	0.0	0.949085	0.0
tw2	rTBR	0.02	50	1	0.143916	0.0	0.142246	0.0	0.028859	0.0	0.8560840000000001	0.0
tw2	rTBR	0.02	60	1	0.170738	0.0	0.168748	0.0	0.051879	0.0	0.8292619999999999	0.0
tw2	rTBR	0.02	70	1	0.220907	0.0	0.218186	0.0	0.071226	0.0	0.779093	0.0
tw2	rTBR	0.02	80	1	0.265309	0.0	0.26218	0.0	0.091483	0.0	0.734691	0.0
tw2	rTBR	0.02	90	1	0.309471	0.0	0.305861	0.0	0.111124	0.0	0.690529	0.0
tw2	rTBR	0.02	100	1	0.316118	0.0	0.311885	0.0	0.128183	0.0	0.683882	0.0
tw2	rTBR	0.02	200	1	0.50906	0.0	0.502002	0.0	0.254564	0.0	0.49094000000000004	0.0
tw2	rTBR	0.02	300	1	0.563864	0.0	0.556477	0.0	0.321187	0.0	0.43613599999999997	0.0
tw2	rTBR	0.02	400	1	0.594803	0.0	0.586232	0.0	0.347754	0.0	0.40519700000000003	0.0
tw2	rTBR	0.02	500	1	0.597028	0.0	0.588015	0.0	0.37056	0.0	0.402972	0.0
tw2	rTBR	0.02	600	1	0.617776	0.0	0.608761	0.0	0.386726	0.0	0.382224	0.0
tw2	rTBR	0.02	700	1	0.630301	0.0	0.62112	0.0	0.395871	0.0	0.369699	0.0
tw2	rTBR	0.02	800	1	0.631269	0.0	0.622012	0.0	0.40368	0.0	0.36873100000000003	0.0
tw2	rTBR	0.02	900	1	0.645134	0.0	0.635263	0.0	0.410192	0.0	0.354866	0.0
tw2	rTBR	0.02	1000	1	0.652742	0.0	0.642178	0.0	0.413432	0.0	0.34725799999999996	0.0
tw2	rTBR	0.02	2000	1	0.756138	0.0	0.742117	0.0	0.443815	0.0	0.24386200000000002	0.0
tw2	rTBR	0.02	3000	1	0.85657	0.0	0.839648	0.0	0.449984	0.0	0.14342999999999995	0.0
tw2	rTBR	0.02	4000	1	0.870446	0.0	0.851696	0.0	0.450481	0.0	0.12955399999999995	0.0
tw2	rTBR	0.02	5000	1	0.905417	0.0	0.883909	0.0	0.452498	0.0	0.09458299999999997	0.0
tw2	rTBR	0.02	6000	1	0.938101	0.0	0.914339	0.0	0.455784	0.0	0.06189900000000004	0.0
tw2	rTBR	0.02	7000	1	0.959189	0.0	0.933614	0.0	0.459221	0.0	0.04081100000000004	0.0
tw2	rTBR	0.02	8000	1	0.966095	0.0	0.939638	0.0	0.460952	0.0	0.03390499999999996	0.0
tw2	rTBR	0.02	9000	1	0.973193	0.0	0.945661	0.0	0.460634	0.0	0.026807000000000025	0.0
tw2	rTBR	0.02	10000	1	0.980559	0.0	0.951685	0.0	0.458923	0.0	0.01944100000000004	0.0
tw2	rTBR	0.02	20000	1	0.995937	0.0	0.963732	0.0	0.462447	0.0	0.004063000000000039	0.0
tw2	rTBR	0.02	30000	1	0.99694	0.0	0.963732	0.0	0.464522	0.0	0.0030599999999999516	0.0
tw2	rTBR	0.02	40000	1	0.997797	0.0	0.963732	0.0	0.468673	0.0	0.002202999999999955	0.0
tw2	rTBR	0.02	50000	1	0.998171	0.0	0.963732	0.0	0.46879	0.0	0.0018289999999999695	0.0
tw2	rTBR	0.02	60000	1	0.998483	0.0	0.963732	0.0	0.46875	0.0	0.0015169999999999906	0.0
tw2	rTBR	0.02	70000	1	0.998622	0.0	0.963732	0.0	0.46765	0.0	0.0013779999999999903	0.0
tw2	rTBR	0.02	80000	1	0.998795	0.0	0.963732	0.0	0.467583	0.0	0.0012050000000000116	0.0
tw2	rTBR	0.02	90000	1	0.998932	0.0	0.963732	0.0	0.466496	0.0	0.0010679999999999579	0.0
tw2	rTBR	0.02	100000	1	0.999041	0.0	0.963732	0.0	0.467428	0.0	0.0009590000000000432	0.0
tw2	rTBR	0.02	200000	1	0.999373	0.0	0.963732	0.0	0.466565	0.0	0.0006270000000000442	0.0
tw2	rTBR	0.02	300000	1	0.999563	0.0	0.963732	0.0	0.466492	0.0	0.0004370000000000207	0.0
tw2	rTBR	0.02	400000	1	0.999651	0.0	0.963732	0.0	0.468815	0.0	0.0003490000000000437	0.0
tw2	rTBR	0.02	500000	1	0.999715	0.0	0.963732	0.0	0.468781	0.0	0.0002849999999999797	0.0
tw2	rTBR	0.02	600000	1	0.999758	0.0	0.963732	0.0	0.468762	0.0	0.00024199999999996447	0.0
tw2	rTBR	0.02	700000	1	0.999798	0.0	0.963732	0.0	0.469083	0.0	0.00020200000000003548	0.0
tw2	rTBR	0.02	800000	1	0.99982	0.0	0.963732	0.0	0.470026	0.0	0.00017999999999995797	0.0
tw2	rTBR	0.02	900000	1	0.999845	0.0	0.963732	0.0	0.470282	0.0	0.00015500000000001624	0.0
tw2	rTBR	0.02	1000000	1	0.999853	0.0	0.963732	0.0	0.470735	0.0	0.00014700000000000824	0.0
tw2	rTBR	0.05	1	1	0.0	0.0	0.0	0.0	0.0	0.0	1.0	0.0
tw2	rTBR	0.05	2	1	0.0	0.0	0.0	0.0	0.0	0.0	1.0	0.0
tw2	rTBR	0.05	3	1	0.0	0.0	0.0	0.0	0.0	0.0	1.0	0.0
tw2	rTBR	0.05	4	1	0.0	0.0	0.0	0.0	0.0	0.0	1.0	0.0
tw2	rTBR	0.05	5	1	0.0	0.0	0.0	0.0	0.0	0.0	1.0	0.0
tw2	rTBR	0.05	6	1	0.0	0.0	0.0	0.0	0.0	0.0	1.0	0.0
tw2	rTBR	0.05	7	1	0.00014	0.0	0.0	0.0	2e-05	0.0	0.99986	0.0
tw2	rTBR	0.05	8	1	0.000305	0.0	0.0	0.0	5.6e-05	0.0	0.999695	0.0
tw2	rTBR	0.05	9	1	0.000306	0.0	0.0	0.0	8.4e-05	0.0	0.999694	0.0
tw2	rTBR	0.05	10	1	0.012669	0.0	0.01236	0.0	0.001328	0.0	0.987331	0.0
tw2	rTBR	0.05	20	1	0.088543	0.0	0.087988	0.0	0.023062	0.0	0.911457	0.0
tw2	rTBR	0.05	30	1	0.165706	0.0	0.163928	0.0	0.052219	0.0	0.834294	0.0
tw2	rTBR	0.05	40	1	0.210407	0.0	0.207922	0.0	0.081245	0.0	0.789593	0.0
tw2	rTBR	0.05	50	1	0.250687	0.0	0.247362	0.0	0.104824	0.0	0.749313	0.0
tw2	rTBR	0.05	60	1	0.318933	0.0	0.315184	0.0	0.134589	0.0	0.681067	0.0
tw2	rTBR	0.05	70	1	0.374728	0.0	0.370333	0.0	0.161306	0.0	0.625272	0.0
tw2	rTBR	0.05	80	1	0.413072	0.0	0.407991	0.0	0.183287	0.0	0.586928	0.0
tw2	rTBR	0.05	90	1	0.439529	0.0	0.434181	0.0	0.202487	0.0	0.5604709999999999	0.0
tw2	rTBR	0.05	100	1	0.489268	0.0	0.483619	0.0	0.222697	0.0	0.510732	0.0
tw2	rTBR	0.05	200	1	0.634048	0.0	0.626973	0.0	0.342171	0.0	0.36595200000000006	0.0
tw2	rTBR	0.05	300	1	0.645887	0.0	0.637454	0.0	0.393245	0.0	0.354113	0.0
tw2	rTBR	0.05	400	1	0.69037	0.0	0.681352	0.0	0.416146	0.0	0.30962999999999996	0.0
tw2	rTBR	0.05	500	1	0.700194	0.0	0.689158	0.0	0.427593	0.0	0.299806	0.0
tw2	rTBR	0.05	600	1	0.71369	0.0	0.701518	0.0	0.434941	0.0	0.28630999999999995	0.0
tw2	rTBR	0.05	700	1	0.736459	0.0	0.723467	0.0	0.440453	0.0	0.263541	0.0
tw2	rTBR	0.05	800	1	0.755938	0.0	0.742429	0.0	0.447132	0.0	0.244062	0.0
tw2	rTBR	0.05	900	1	0.783777	0.0	0.76951	0.0	0.449726	0.0	0.21622300000000005	0.0
tw2	rTBR	0.05	1000	1	0.792266	0.0	0.777317	0.0	0.450629	0.0	0.20773399999999997	0.0
tw2	rTBR	0.05	2000	1	0.833788	0.0	0.815242	0.0	0.464357	0.0	0.16621200000000003	0.0
tw2	rTBR	0.05	3000	1	0.904631	0.0	0.883597	0.0	0.461872	0.0	0.09536900000000004	0.0
tw2	rTBR	0.05	4000	1	0.944594	0.0	0.921255	0.0	0.463238	0.0	0.055405999999999955	0.0
tw2	rTBR	0.05	5000	1	0.959025	0.0	0.933614	0.0	0.467284	0.0	0.040974999999999984	0.0
tw2	rTBR	0.05	6000	1	0.98588	0.0	0.957709	0.0	0.467801	0.0	0.014120000000000021	0.0
tw2	rTBR	0.05	7000	1	0.987428	0.0	0.957709	0.0	0.469572	0.0	0.012572000000000028	0.0
tw2	rTBR	0.05	8000	1	0.994433	0.0	0.963732	0.0	0.469715	0.0	0.005566999999999989	0.0
tw2	rTBR	0.05	9000	1	0.995081	0.0	0.963732	0.0	0.470986	0.0	0.004919000000000007	0.0
tw2	rTBR	0.05	10000	1	0.995446	0.0	0.963732	0.0	0.471897	0.0	0.004553999999999947	0.0
tw2	rTBR	0.05	20000	1	0.997339	0.0	0.963732	0.0	0.469089	0.0	0.0026610000000000245	0.0
tw2	rTBR	0.05	30000	1	0.998197	0.0	0.963732	0.0	0.471492	0.0	0.001802999999999999	0.0
tw2	rTBR	0.05	40000	1	0.998486	0.0	0.963732	0.0	0.472034	0.0	0.0015140000000000153	0.0
tw2	rTBR	0.05	50000	1	0.998803	0.0	0.963732	0.0	0.47111	0.0	0.0011970000000000036	0.0
tw2	rTBR	0.05	60000	1	0.998931	0.0	0.963732	0.0	0.471829	0.0	0.0010689999999999866	0.0
tw2	rTBR	0.05	70000	1	0.999027	0.0	0.963732	0.0	0.471856	0.0	0.0009730000000000016	0.0
tw2	rTBR	0.05	80000	1	0.999086	0.0	0.963732	0.0	0.471638	0.0	0.0009139999999999704	0.0
tw2	rTBR	0.05	90000	1	0.999149	0.0	0.963732	0.0	0.471394	0.0	0.0008510000000000462	0.0
tw2	rTBR	0.05	100000	1	0.999213	0.0	0.963732	0.0	0.470824	0.0	0.0007869999999999822	0.0
tw2	rTBR	0.05	200000	1	0.9996	0.0	0.963732	0.0	0.471384	0.0	0.00039999999999995595	0.0
tw2	rTBR	0.05	300000	1	0.999737	0.0	0.963732	0.0	0.471595	0.0	0.0002630000000000132	0.0
tw2	rTBR	0.05	400000	1	0.999796	0.0	0.963732	0.0	0.470611	0.0	0.00020399999999998197	0.0
tw2	rTBR	0.05	500000	1	0.999836	0.0	0.963732	0.0	0.470912	0.0	0.000164000000000053	0.0
tw2	rTBR	0.05	600000	1	0.999864	0.0	0.963732	0.0	0.470499	0.0	0.000136000000000025	0.0
tw2	rTBR	0.05	700000	1	0.999882	0.0	0.963732	0.0	0.469957	0.0	0.00011799999999995148	0.0
tw2	rTBR	0.05	800000	1	0.999894	0.0	0.963732	0.0	0.469753	0.0	0.0001060000000000505	0.0
tw2	rTBR	0.05	900000	1	0.999902	0.0	0.963732	0.0	0.469941	0.0	9.80000000000425e-05	0.0
tw2	rTBR	0.05	1000000	1	0.999909	0.0	0.963732	0.0	0.470251	0.0	9.099999999995223e-05	0.0
tw2	rTBR	0.1	1	1	0.0	0.0	0.0	0.0	0.0	0.0	1.0	0.0
tw2	rTBR	0.1	2	1	0.0	0.0	0.0	0.0	0.0	0.0	1.0	0.0
tw2	rTBR	0.1	3	1	0.0	0.0	0.0	0.0	0.0	0.0	1.0	0.0
tw2	rTBR	0.1	4	1	0.0	0.0	0.0	0.0	0.0	0.0	1.0	0.0
tw2	rTBR	0.1	5	1	7.7e-05	0.0	0.0	0.0	1.5e-05	0.0	0.999923	0.0
tw2	rTBR	0.1	6	1	0.000252	0.0	0.0	0.0	5.5e-05	0.0	0.999748	0.0
tw2	rTBR	0.1	7	1	0.000274	0.0	0.0	0.0	8.6e-05	0.0	0.999726	0.0
tw2	rTBR	0.1	8	1	0.000678	0.0	0.0	0.0	0.000142	0.0	0.999322	0.0
tw2	rTBR	0.1	9	1	0.000678	0.0	0.0	0.0	0.000185	0.0	0.999322	0.0
tw2	rTBR	0.1	10	1	0.000701	0.0	0.0	0.0	0.000222	0.0	0.999299	0.0
tw2	rTBR	0.1	20	1	0.138336	0.0	0.136222	0.0	0.037059	0.0	0.861664	0.0
tw2	rTBR	0.1	30	1	0.278498	0.0	0.275118	0.0	0.09555	0.0	0.721502	0.0
tw2	rTBR	0.1	40	1	0.435435	0.0	0.430615	0.0	0.151763	0.0	0.564565	0.0
tw2	rTBR	0.1	50	1	0.466143	0.0	0.461045	0.0	0.20455	0.0	0.533857	0.0
tw2	rTBR	0.1	60	1	0.472341	0.0	0.467069	0.0	0.245197	0.0	0.527659	0.0
tw2	rTBR	0.1	70	1	0.504291	0.0	0.498703	0.0	0.2774	0.0	0.49570899999999996	0.0
tw2	rTBR	0.1	80	1	0.506164	0.0	0.500486	0.0	0.299743	0.0	0.49383600000000005	0.0
tw2	rTBR	0.1	90	1	0.519037	0.0	0.512846	0.0	0.317366	0.0	0.48096300000000003	0.0
tw2	rTBR	0.1	100	1	0.532365	0.0	0.526097	0.0	0.33042	0.0	0.467635	0.0
tw2	rTBR	0.1	200	1	0.586914	0.0	0.579005	0.0	0.404756	0.0	0.41308599999999995	0.0
tw2	rTBR	0.1	300	1	0.617854	0.0	0.608182	0.0	0.434801	0.0	0.382146	0.0
tw2	rTBR	0.1	400	1	0.694265	0.0	0.683714	0.0	0.451015	0.0	0.305735	0.0
tw2	rTBR	0.1	500	1	0.720953	0.0	0.709903	0.0	0.458909	0.0	0.27904700000000005	0.0
tw2	rTBR	0.1	600	1	0.737106	0.0	0.724625	0.0	0.464681	0.0	0.26289399999999996	0.0
tw2	rTBR	0.1	700	1	0.763842	0.0	0.750815	0.0	0.468885	0.0	0.23615799999999998	0.0
tw2	rTBR	0.1	800	1	0.778008	0.0	0.764066	0.0	0.473702	0.0	0.22199199999999997	0.0
tw2	rTBR	0.1	900	1	0.786048	0.0	0.770981	0.0	0.475596	0.0	0.21395200000000003	0.0
tw2	rTBR	0.1	1000	1	0.806752	0.0	0.789943	0.0	0.474643	0.0	0.19324799999999998	0.0
tw2	rTBR	0.1	2000	1	0.939857	0.0	0.915543	0.0	0.473002	0.0	0.060142999999999947	0.0
tw2	rTBR	0.1	3000	1	0.961848	0.0	0.933614	0.0	0.466478	0.0	0.038151999999999964	0.0
tw2	rTBR	0.1	4000	1	0.981084	0.0	0.951685	0.0	0.46439	0.0	0.018916000000000044	0.0
tw2	rTBR	0.1	5000	1	0.988248	0.0	0.957709	0.0	0.465848	0.0	0.011751999999999985	0.0
tw2	rTBR	0.1	6000	1	0.994964	0.0	0.963732	0.0	0.469177	0.0	0.0050360000000000404	0.0
tw2	rTBR	0.1	7000	1	0.995554	0.0	0.963732	0.0	0.471758	0.0	0.00444599999999995	0.0
tw2	rTBR	0.1	8000	1	0.995851	0.0	0.963732	0.0	0.472909	0.0	0.004148999999999958	0.0
tw2	rTBR	0.1	9000	1	0.996325	0.0	0.963732	0.0	0.472407	0.0	0.003674999999999984	0.0
tw2	rTBR	0.1	10000	1	0.99702	0.0	0.963732	0.0	0.472921	0.0	0.0029799999999999827	0.0
tw2	rTBR	0.1	20000	1	0.998457	0.0	0.963732	0.0	0.467307	0.0	0.001542999999999961	0.0
tw2	rTBR	0.1	30000	1	0.998914	0.0	0.963732	0.0	0.465903	0.0	0.0010860000000000314	0.0
tw2	rTBR	0.1	40000	1	0.99908	0.0	0.963732	0.0	0.464817	0.0	0.0009200000000000319	0.0
tw2	rTBR	0.1	50000	1	0.999274	0.0	0.963732	0.0	0.466089	0.0	0.0007260000000000044	0.0
tw2	rTBR	0.1	60000	1	0.99942	0.0	0.963732	0.0	0.466675	0.0	0.0005800000000000249	0.0
tw2	rTBR	0.1	70000	1	0.999475	0.0	0.963732	0.0	0.469276	0.0	0.0005249999999999977	0.0
tw2	rTBR	0.1	80000	1	0.999531	0.0	0.963732	0.0	0.469314	0.0	0.0004690000000000527	0.0
tw2	rTBR	0.1	90000	1	0.999575	0.0	0.963732	0.0	0.469688	0.0	0.0004250000000000087	0.0
tw2	rTBR	0.1	100000	1	0.999618	0.0	0.963732	0.0	0.469172	0.0	0.00038199999999999346	0.0
tw2	rTBR	0.1	200000	1	0.999776	0.0	0.963732	0.0	0.470564	0.0	0.00022400000000000198	0.0
tw2	rTBR	0.1	300000	1	0.999841	0.0	0.963732	0.0	0.470236	0.0	0.00015900000000002024	0.0
tw2	rTBR	0.1	400000	1	0.99988	0.0	0.963732	0.0	0.470661	0.0	0.00012000000000000899	0.0
tw2	rTBR	0.1	500000	1	0.9999	0.0	0.963732	0.0	0.470968	0.0	9.999999999998899e-05	0.0
tw2	rTBR	0.1	600000	1	0.999916	0.0	0.963732	0.0	0.470914	0.0	8.399999999997299e-05	0.0
tw2	rTBR	0.1	700000	1	0.999926	0.0	0.963732	0.0	0.471117	0.0	7.40000000000185e-05	0.0
tw2	rTBR	0.1	800000	1	0.999932	0.0	0.963732	0.0	0.470754	0.0	6.799999999995698e-05	0.0
tw2	rTBR	0.1	900000	1	0.999938	0.0	0.963732	0.0	0.470939	0.0	6.20000000000065e-05	0.0
tw2	rTBR	0.1	1000000	1	0.999944	0.0	0.963732	0.0	0.47082	0.0	5.599999999994498e-05	0.0
tw2	rTBR	0.2	1	1	0.0	0.0	0.0	0.0	0.0	0.0	1.0	0.0
tw2	rTBR	0.2	2	1	0.0	0.0	0.0	0.0	0.0	0.0	1.0	0.0
tw2	rTBR	0.2	3	1	0.0	0.0	0.0	0.0	0.0	0.0	1.0	0.0
tw2	rTBR	0.2	4	1	1e-06	0.0	0.0	0.0	0.0	0.0	0.999999	0.0
tw2	rTBR	0.2	5	1	0.012362	0.0	0.01236	0.0	0.002473	0.0	0.987638	0.0
tw2	rTBR	0.2	6	1	0.012363	0.0	0.01236	0.0	0.004121	0.0	0.987637	0.0
tw2	rTBR	0.2	7	1	0.01356	0.0	0.013251	0.0	0.005469	0.0	0.98644	0.0
tw2	rTBR	0.2	8	1	0.020987	0.0	0.020166	0.0	0.007391	0.0	0.979013	0.0
tw2	rTBR	0.2	9	1	0.033388	0.0	0.032526	0.0	0.010146	0.0	0.966612	0.0
tw2	rTBR	0.2	10	1	0.033406	0.0	0.032526	0.0	0.012336	0.0	0.966594	0.0
tw2	rTBR	0.2	20	1	0.220305	0.0	0.21814	0.0	0.086713	0.0	0.779695	0.0
tw2	rTBR	0.2	30	1	0.308195	0.0	0.303987	0.0	0.143526	0.0	0.691805	0.0
tw2	rTBR	0.2	40	1	0.421461	0.0	0.416694	0.0	0.190199	0.0	0.578539	0.0
tw2	rTBR	0.2	50	1	0.464735	0.0	0.459796	0.0	0.237154	0.0	0.535265	0.0
tw2	rTBR	0.2	60	1	0.467663	0.0	0.462471	0.0	0.267392	0.0	0.5323370000000001	0.0
tw2	rTBR	0.2	70	1	0.488195	0.0	0.482637	0.0	0.289021	0.0	0.5118050000000001	0.0
tw2	rTBR	0.2	80	1	0.490006	0.0	0.48442	0.0	0.309482	0.0	0.5099940000000001	0.0
tw2	rTBR	0.2	90	1	0.504387	0.0	0.498562	0.0	0.323596	0.0	0.49561299999999997	0.0
tw2	rTBR	0.2	100	1	0.506334	0.0	0.500345	0.0	0.334502	0.0	0.49366600000000005	0.0
tw2	rTBR	0.2	200	1	0.617042	0.0	0.609294	0.0	0.381099	0.0	0.382958	0.0
tw2	rTBR	0.2	300	1	0.645221	0.0	0.636688	0.0	0.404495	0.0	0.35477899999999996	0.0
tw2	rTBR	0.2	400	1	0.716194	0.0	0.705884	0.0	0.41265	0.0	0.283806	0.0
tw2	rTBR	0.2	500	1	0.775976	0.0	0.76402	0.0	0.421427	0.0	0.224024	0.0
tw2	rTBR	0.2	600	1	0.848298	0.0	0.834516	0.0	0.429602	0.0	0.151702	0.0
tw2	rTBR	0.2	700	1	0.861352	0.0	0.846563	0.0	0.439398	0.0	0.138648	0.0
tw2	rTBR	0.2	800	1	0.894424	0.0	0.878198	0.0	0.443808	0.0	0.105576	0.0
tw2	rTBR	0.2	900	1	0.901974	0.0	0.884221	0.0	0.448361	0.0	0.09802599999999995	0.0
tw2	rTBR	0.2	1000	1	0.910236	0.0	0.890245	0.0	0.450567	0.0	0.08976399999999995	0.0
tw2	rTBR	0.2	2000	1	0.965704	0.0	0.939325	0.0	0.460688	0.0	0.03429599999999999	0.0
tw2	rTBR	0.2	3000	1	0.987325	0.0	0.957709	0.0	0.457389	0.0	0.012674999999999992	0.0
tw2	rTBR	0.2	4000	1	0.995133	0.0	0.963732	0.0	0.461916	0.0	0.004866999999999955	0.0
tw2	rTBR	0.2	5000	1	0.996194	0.0	0.963732	0.0	0.469096	0.0	0.003805999999999976	0.0
tw2	rTBR	0.2	6000	1	0.996499	0.0	0.963732	0.0	0.47502	0.0	0.0035009999999999764	0.0
tw2	rTBR	0.2	7000	1	0.996867	0.0	0.963732	0.0	0.475805	0.0	0.0031330000000000524	0.0
tw2	rTBR	0.2	8000	1	0.997164	0.0	0.963732	0.0	0.475235	0.0	0.0028359999999999497	0.0
tw2	rTBR	0.2	9000	1	0.997425	0.0	0.963732	0.0	0.475922	0.0	0.002574999999999994	0.0
tw2	rTBR	0.2	10000	1	0.997741	0.0	0.963732	0.0	0.475276	0.0	0.002259000000000011	0.0
tw2	rTBR	0.2	20000	1	0.998755	0.0	0.963732	0.0	0.469948	0.0	0.0012450000000000516	0.0
tw2	rTBR	0.2	30000	1	0.999039	0.0	0.963732	0.0	0.470064	0.0	0.0009609999999999896	0.0
tw2	rTBR	0.2	40000	1	0.999246	0.0	0.963732	0.0	0.472817	0.0	0.0007540000000000324	0.0
tw2	rTBR	0.2	50000	1	0.999381	0.0	0.963732	0.0	0.473	0.0	0.0006190000000000362	0.0
tw2	rTBR	0.2	60000	1	0.999484	0.0	0.963732	0.0	0.472966	0.0	0.0005159999999999609	0.0
tw2	rTBR	0.2	70000	1	0.999544	0.0	0.963732	0.0	0.472086	0.0	0.00045600000000001195	0.0
tw2	rTBR	0.2	80000	1	0.999598	0.0	0.963732	0.0	0.471804	0.0	0.00040200000000001346	0.0
tw2	rTBR	0.2	90000	1	0.999659	0.0	0.963732	0.0	0.470743	0.0	0.0003410000000000357	0.0
tw2	rTBR	0.2	100000	1	0.999688	0.0	0.963732	0.0	0.47084	0.0	0.00031199999999997896	0.0
tw2	rTBR	0.2	200000	1	0.999839	0.0	0.963732	0.0	0.470178	0.0	0.00016099999999996673	0.0
tw2	rTBR	0.2	300000	1	0.999892	0.0	0.963732	0.0	0.470464	0.0	0.00010799999999999699	0.0
tw2	rTBR	0.2	400000	1	0.999918	0.0	0.963732	0.0	0.469798	0.0	8.20000000000265e-05	0.0
tw2	rTBR	0.2	500000	1	0.999929	0.0	0.963732	0.0	0.470182	0.0	7.100000000004325e-05	0.0
tw2	rTBR	0.2	600000	1	0.999939	0.0	0.963732	0.0	0.469974	0.0	6.099999999997774e-05	0.0
tw2	rTBR	0.2	700000	1	0.999947	0.0	0.963732	0.0	0.469795	0.0	5.299999999996974e-05	0.0
tw2	rTBR	0.2	800000	1	0.999953	0.0	0.963732	0.0	0.469959	0.0	4.700000000001925e-05	0.0
tw2	rTBR	0.2	900000	1	0.999957	0.0	0.963732	0.0	0.47003	0.0	4.300000000001525e-05	0.0
tw2	rTBR	0.2	1000000	1	0.999961	0.0	0.963732	0.0	0.469818	0.0	3.900000000001125e-05	0.0
tw2	rTBR	0.3	1	1	0.0	0.0	0.0	0.0	0.0	0.0	1.0	0.0
tw2	rTBR	0.3	2	1	0.0	0.0	0.0	0.0	0.0	0.0	1.0	0.0
tw2	rTBR	0.3	3	1	0.0	0.0	0.0	0.0	0.0	0.0	1.0	0.0
tw2	rTBR	0.3	4	1	0.0	0.0	0.0	0.0	0.0	0.0	1.0	0.0
tw2	rTBR	0.3	5	1	0.000149	0.0	0.0	0.0	3e-05	0.0	0.999851	0.0
tw2	rTBR	0.3	6	1	0.000179	0.0	0.0	0.0	5.5e-05	0.0	0.999821	0.0
tw2	rTBR	0.3	7	1	0.01375	0.0	0.013251	0.0	0.00201	0.0	0.98625	0.0
tw2	rTBR	0.3	8	1	0.027195	0.0	0.026502	0.0	0.005119	0.0	0.972805	0.0
tw2	rTBR	0.3	9	1	0.051931	0.0	0.051221	0.0	0.010282	0.0	0.948069	0.0
tw2	rTBR	0.3	10	1	0.058271	0.0	0.057245	0.0	0.015045	0.0	0.941729	0.0
tw2	rTBR	0.3	20	1	0.321415	0.0	0.317908	0.0	0.098154	0.0	0.678585	0.0
tw2	rTBR	0.3	30	1	0.477203	0.0	0.47278	0.0	0.190417	0.0	0.522797	0.0
tw2	rTBR	0.3	40	1	0.503621	0.0	0.49897	0.0	0.25142	0.0	0.496379	0.0
tw2	rTBR	0.3	50	1	0.516956	0.0	0.512221	0.0	0.291263	0.0	0.48304400000000003	0.0
tw2	rTBR	0.3	60	1	0.538363	0.0	0.533279	0.0	0.315026	0.0	0.46163699999999996	0.0
tw2	rTBR	0.3	70	1	0.541223	0.0	0.535953	0.0	0.335125	0.0	0.458777	0.0
tw2	rTBR	0.3	80	1	0.548521	0.0	0.542868	0.0	0.350681	0.0	0.45147899999999996	0.0
tw2	rTBR	0.3	90	1	0.549479	0.0	0.54376	0.0	0.360589	0.0	0.45052099999999995	0.0
tw2	rTBR	0.3	100	1	0.549479	0.0	0.54376	0.0	0.368244	0.0	0.45052099999999995	0.0
tw2	rTBR	0.3	200	1	0.635308	0.0	0.627411	0.0	0.409213	0.0	0.364692	0.0
tw2	rTBR	0.3	300	1	0.695633	0.0	0.685139	0.0	0.422335	0.0	0.30436700000000005	0.0
tw2	rTBR	0.3	400	1	0.704164	0.0	0.692054	0.0	0.429274	0.0	0.295836	0.0
tw2	rTBR	0.3	500	1	0.751064	0.0	0.736939	0.0	0.436826	0.0	0.24893600000000005	0.0
tw2	rTBR	0.3	600	1	0.813103	0.0	0.795967	0.0	0.446051	0.0	0.18689699999999998	0.0
tw2	rTBR	0.3	700	1	0.82868	0.0	0.810109	0.0	0.452373	0.0	0.17132000000000003	0.0
tw2	rTBR	0.3	800	1	0.85412	0.0	0.834516	0.0	0.460057	0.0	0.14588	0.0
tw2	rTBR	0.3	900	1	0.87882	0.0	0.858923	0.0	0.46577	0.0	0.12117999999999995	0.0
tw2	rTBR	0.3	1000	1	0.92488	0.0	0.903496	0.0	0.465901	0.0	0.07511999999999996	0.0
tw2	rTBR	0.3	2000	1	0.972088	0.0	0.945661	0.0	0.461667	0.0	0.027912000000000048	0.0
tw2	rTBR	0.3	3000	1	0.994185	0.0	0.963732	0.0	0.461036	0.0	0.005815000000000015	0.0
tw2	rTBR	0.3	4000	1	0.995913	0.0	0.963732	0.0	0.46674	0.0	0.004086999999999952	0.0
tw2	rTBR	0.3	5000	1	0.996593	0.0	0.963732	0.0	0.468238	0.0	0.003407000000000049	0.0
tw2	rTBR	0.3	6000	1	0.99695	0.0	0.963732	0.0	0.465567	0.0	0.003049999999999997	0.0
tw2	rTBR	0.3	7000	1	0.997245	0.0	0.963732	0.0	0.466346	0.0	0.002754999999999952	0.0
tw2	rTBR	0.3	8000	1	0.997585	0.0	0.963732	0.0	0.46787	0.0	0.002414999999999945	0.0
tw2	rTBR	0.3	9000	1	0.997863	0.0	0.963732	0.0	0.468196	0.0	0.0021369999999999445	0.0
tw2	rTBR	0.3	10000	1	0.998113	0.0	0.963732	0.0	0.466586	0.0	0.001886999999999972	0.0
tw2	rTBR	0.3	20000	1	0.998927	0.0	0.963732	0.0	0.470701	0.0	0.0010729999999999906	0.0
tw2	rTBR	0.3	30000	1	0.999197	0.0	0.963732	0.0	0.469792	0.0	0.0008029999999999982	0.0
tw2	rTBR	0.3	40000	1	0.999334	0.0	0.963732	0.0	0.470726	0.0	0.0006660000000000554	0.0
tw2	rTBR	0.3	50000	1	0.999445	0.0	0.963732	0.0	0.470096	0.0	0.0005549999999999722	0.0
tw2	rTBR	0.3	60000	1	0.999527	0.0	0.963732	0.0	0.470051	0.0	0.0004729999999999457	0.0
tw2	rTBR	0.3	70000	1	0.999584	0.0	0.963732	0.0	0.470835	0.0	0.00041599999999997195	0.0
tw2	rTBR	0.3	80000	1	0.99963	0.0	0.963732	0.0	0.471269	0.0	0.00036999999999998145	0.0
tw2	rTBR	0.3	90000	1	0.999675	0.0	0.963732	0.0	0.47115	0.0	0.0003250000000000197	0.0
tw2	rTBR	0.3	100000	1	0.999718	0.0	0.963732	0.0	0.470947	0.0	0.00028200000000000447	0.0
tw2	rTBR	0.3	200000	1	0.999864	0.0	0.963732	0.0	0.470944	0.0	0.000136000000000025	0.0
tw2	rTBR	0.3	300000	1	0.999902	0.0	0.963732	0.0	0.471068	0.0	9.80000000000425e-05	0.0
tw2	rTBR	0.3	400000	1	0.999926	0.0	0.963732	0.0	0.471275	0.0	7.40000000000185e-05	0.0
tw2	rTBR	0.3	500000	1	0.99994	0.0	0.963732	0.0	0.471167	0.0	5.999999999994898e-05	0.0
tw2	rTBR	0.3	600000	1	0.999948	0.0	0.963732	0.0	0.471352	0.0	5.2000000000052005e-05	0.0
tw2	rTBR	0.3	700000	1	0.999955	0.0	0.963732	0.0	0.471227	0.0	4.499999999996174e-05	0.0
tw2	rTBR	0.3	800000	1	0.999959	0.0	0.963732	0.0	0.470872	0.0	4.099999999995774e-05	0.0
tw2	rTBR	0.3	900000	1	0.999963	0.0	0.963732	0.0	0.471046	0.0	3.6999999999953737e-05	0.0
tw2	rTBR	0.3	1000000	1	0.999966	0.0	0.963732	0.0	0.47116	0.0	3.399999999997849e-05	0.0
tw2	rTBR	0.4	1	1	0.0	0.0	0.0	0.0	0.0	0.0	1.0	0.0
tw2	rTBR	0.4	2	1	0.0	0.0	0.0	0.0	0.0	0.0	1.0	0.0
tw2	rTBR	0.4	3	1	0.0	0.0	0.0	0.0	0.0	0.0	1.0	0.0
tw2	rTBR	0.4	4	1	9.3e-05	0.0	0.0	0.0	2.3e-05	0.0	0.999907	0.0
tw2	rTBR	0.4	5	1	0.012452	0.0	0.01236	0.0	0.002506	0.0	0.987548	0.0
tw2	rTBR	0.4	6	1	0.013487	0.0	0.013251	0.0	0.004334	0.0	0.986513	0.0
tw2	rTBR	0.4	7	1	0.013881	0.0	0.013251	0.0	0.005695	0.0	0.986119	0.0
tw2	rTBR	0.4	8	1	0.026267	0.0	0.025611	0.0	0.008246	0.0	0.973733	0.0
tw2	rTBR	0.4	9	1	0.052202	0.0	0.051221	0.0	0.013065	0.0	0.947798	0.0
tw2	rTBR	0.4	10	1	0.064874	0.0	0.063581	0.0	0.018186	0.0	0.935126	0.0
tw2	rTBR	0.4	20	1	0.328895	0.0	0.325136	0.0	0.111463	0.0	0.6711050000000001	0.0
tw2	rTBR	0.4	30	1	0.436817	0.0	0.432086	0.0	0.197143	0.0	0.563183	0.0
tw2	rTBR	0.4	40	1	0.46852	0.0	0.463407	0.0	0.251549	0.0	0.53148	0.0
tw2	rTBR	0.4	50	1	0.529504	0.0	0.523906	0.0	0.286811	0.0	0.470496	0.0
tw2	rTBR	0.4	60	1	0.556958	0.0	0.551299	0.0	0.317045	0.0	0.44304200000000005	0.0
tw2	rTBR	0.4	70	1	0.557195	0.0	0.551299	0.0	0.339662	0.0	0.442805	0.0
tw2	rTBR	0.4	80	1	0.572454	0.0	0.566333	0.0	0.35429	0.0	0.427546	0.0
tw2	rTBR	0.4	90	1	0.574731	0.0	0.568116	0.0	0.362456	0.0	0.425269	0.0
tw2	rTBR	0.4	100	1	0.595225	0.0	0.588282	0.0	0.369188	0.0	0.404775	0.0
tw2	rTBR	0.4	200	1	0.672501	0.0	0.663502	0.0	0.414501	0.0	0.327499	0.0
tw2	rTBR	0.4	300	1	0.728766	0.0	0.717977	0.0	0.428177	0.0	0.271234	0.0
tw2	rTBR	0.4	400	1	0.800673	0.0	0.787848	0.0	0.43643	0.0	0.19932700000000003	0.0
tw2	rTBR	0.4	500	1	0.847745	0.0	0.832733	0.0	0.441616	0.0	0.15225500000000003	0.0
tw2	rTBR	0.4	600	1	0.888888	0.0	0.872174	0.0	0.448566	0.0	0.11111199999999999	0.0
tw2	rTBR	0.4	700	1	0.902551	0.0	0.884221	0.0	0.454402	0.0	0.09744900000000001	0.0
tw2	rTBR	0.4	800	1	0.903785	0.0	0.884221	0.0	0.45913	0.0	0.09621500000000005	0.0
tw2	rTBR	0.4	900	1	0.922642	0.0	0.902292	0.0	0.460423	0.0	0.07735800000000004	0.0
tw2	rTBR	0.4	1000	1	0.923684	0.0	0.902292	0.0	0.462094	0.0	0.07631600000000005	0.0
tw2	rTBR	0.4	2000	1	0.973513	0.0	0.945661	0.0	0.472935	0.0	0.02648700000000004	0.0
tw2	rTBR	0.4	3000	1	0.994614	0.0	0.963732	0.0	0.469672	0.0	0.005386000000000002	0.0
tw2	rTBR	0.4	4000	1	0.995907	0.0	0.963732	0.0	0.473299	0.0	0.004093000000000013	0.0
tw2	rTBR	0.4	5000	1	0.996473	0.0	0.963732	0.0	0.471485	0.0	0.003526999999999947	0.0
tw2	rTBR	0.4	6000	1	0.997125	0.0	0.963732	0.0	0.468252	0.0	0.002874999999999961	0.0
tw2	rTBR	0.4	7000	1	0.997311	0.0	0.963732	0.0	0.467378	0.0	0.0026890000000000525	0.0
tw2	rTBR	0.4	8000	1	0.997674	0.0	0.963732	0.0	0.466782	0.0	0.0023260000000000502	0.0
tw2	rTBR	0.4	9000	1	0.997888	0.0	0.963732	0.0	0.4653	0.0	0.0021120000000000028	0.0
tw2	rTBR	0.4	10000	1	0.998172	0.0	0.963732	0.0	0.465491	0.0	0.0018280000000000518	0.0
tw2	rTBR	0.4	20000	1	0.999037	0.0	0.963732	0.0	0.46805	0.0	0.0009630000000000472	0.0
tw2	rTBR	0.4	30000	1	0.999231	0.0	0.963732	0.0	0.470727	0.0	0.0007690000000000197	0.0
tw2	rTBR	0.4	40000	1	0.999413	0.0	0.963732	0.0	0.470988	0.0	0.0005870000000000042	0.0
tw2	rTBR	0.4	50000	1	0.999533	0.0	0.963732	0.0	0.471486	0.0	0.0004669999999999952	0.0
tw2	rTBR	0.4	60000	1	0.99958	0.0	0.963732	0.0	0.471208	0.0	0.00041999999999997595	0.0
tw2	rTBR	0.4	70000	1	0.999635	0.0	0.963732	0.0	0.47148	0.0	0.0003649999999999487	0.0
tw2	rTBR	0.4	80000	1	0.999676	0.0	0.963732	0.0	0.471049	0.0	0.00032399999999999096	0.0
tw2	rTBR	0.4	90000	1	0.999718	0.0	0.963732	0.0	0.470424	0.0	0.00028200000000000447	0.0
tw2	rTBR	0.4	100000	1	0.999737	0.0	0.963732	0.0	0.470052	0.0	0.0002630000000000132	0.0
tw2	rTBR	0.4	200000	1	0.999868	0.0	0.963732	0.0	0.470883	0.0	0.000132000000000021	0.0
tw2	rTBR	0.4	300000	1	0.999901	0.0	0.963732	0.0	0.471043	0.0	9.899999999996023e-05	0.0
tw2	rTBR	0.4	400000	1	0.999923	0.0	0.963732	0.0	0.470545	0.0	7.699999999999374e-05	0.0
tw2	rTBR	0.4	500000	1	0.999938	0.0	0.963732	0.0	0.470394	0.0	6.20000000000065e-05	0.0
tw2	rTBR	0.4	600000	1	0.999946	0.0	0.963732	0.0	0.470457	0.0	5.3999999999998494e-05	0.0
tw2	rTBR	0.4	700000	1	0.999952	0.0	0.963732	0.0	0.470494	0.0	4.8000000000048004e-05	0.0
tw2	rTBR	0.4	800000	1	0.999956	0.0	0.963732	0.0	0.470353	0.0	4.4000000000044004e-05	0.0
tw2	rTBR	0.4	900000	1	0.999961	0.0	0.963732	0.0	0.470398	0.0	3.900000000001125e-05	0.0
tw2	rTBR	0.4	1000000	1	0.999964	0.0	0.963732	0.0	0.470404	0.0	3.6000000000036e-05	0.0
tw2	rTBR	0.5	1	1	0.0	0.0	0.0	0.0	0.0	0.0	1.0	0.0
tw2	rTBR	0.5	2	1	0.0	0.0	0.0	0.0	0.0	0.0	1.0	0.0
tw2	rTBR	0.5	3	1	0.006024	0.0	0.006024	0.0	0.002008	0.0	0.993976	0.0
tw2	rTBR	0.5	4	1	0.006024	0.0	0.006024	0.0	0.003012	0.0	0.993976	0.0
tw2	rTBR	0.5	5	1	0.006024	0.0	0.006024	0.0	0.003614	0.0	0.993976	0.0
tw2	rTBR	0.5	6	1	0.006293	0.0	0.006024	0.0	0.004061	0.0	0.993707	0.0
tw2	rTBR	0.5	7	1	0.007203	0.0	0.006915	0.0	0.004505	0.0	0.992797	0.0
tw2	rTBR	0.5	8	1	0.025595	0.0	0.025298	0.0	0.007025	0.0	0.974405	0.0
tw2	rTBR	0.5	9	1	0.050475	0.0	0.050017	0.0	0.011748	0.0	0.949525	0.0
tw2	rTBR	0.5	10	1	0.062711	0.0	0.062065	0.0	0.01675	0.0	0.937289	0.0
tw2	rTBR	0.5	20	1	0.20982	0.0	0.206672	0.0	0.068367	0.0	0.79018	0.0
tw2	rTBR	0.5	30	1	0.416129	0.0	0.411295	0.0	0.155815	0.0	0.583871	0.0
tw2	rTBR	0.5	40	1	0.449365	0.0	0.443821	0.0	0.221645	0.0	0.550635	0.0
tw2	rTBR	0.5	50	1	0.521427	0.0	0.515208	0.0	0.264655	0.0	0.478573	0.0
tw2	rTBR	0.5	60	1	0.536662	0.0	0.530242	0.0	0.301057	0.0	0.463338	0.0
tw2	rTBR	0.5	70	1	0.540293	0.0	0.533808	0.0	0.324911	0.0	0.459707	0.0
tw2	rTBR	0.5	80	1	0.547363	0.0	0.540723	0.0	0.337677	0.0	0.45263699999999996	0.0
tw2	rTBR	0.5	90	1	0.552221	0.0	0.54518	0.0	0.352999	0.0	0.44777900000000004	0.0
tw2	rTBR	0.5	100	1	0.58408	0.0	0.576814	0.0	0.364094	0.0	0.41591999999999996	0.0
tw2	rTBR	0.5	200	1	0.716266	0.0	0.706509	0.0	0.412131	0.0	0.28373400000000004	0.0
tw2	rTBR	0.5	300	1	0.745971	0.0	0.733011	0.0	0.435488	0.0	0.25402899999999995	0.0
tw2	rTBR	0.5	400	1	0.761214	0.0	0.746262	0.0	0.447723	0.0	0.23878600000000005	0.0
tw2	rTBR	0.5	500	1	0.832666	0.0	0.815821	0.0	0.451759	0.0	0.16733399999999998	0.0
tw2	rTBR	0.5	600	1	0.865958	0.0	0.846251	0.0	0.450705	0.0	0.134042	0.0
tw2	rTBR	0.5	700	1	0.886252	0.0	0.865526	0.0	0.455542	0.0	0.11374799999999996	0.0
tw2	rTBR	0.5	800	1	0.899292	0.0	0.877885	0.0	0.457714	0.0	0.10070800000000002	0.0
tw2	rTBR	0.5	900	1	0.919361	0.0	0.89716	0.0	0.461044	0.0	0.08063900000000002	0.0
tw2	rTBR	0.5	1000	1	0.920982	0.0	0.89716	0.0	0.46446	0.0	0.07901800000000003	0.0
tw2	rTBR	0.5	2000	1	0.987062	0.0	0.957709	0.0	0.472148	0.0	0.012938000000000005	0.0
tw2	rTBR	0.5	3000	1	0.995264	0.0	0.963732	0.0	0.471434	0.0	0.0047359999999999625	0.0
tw2	rTBR	0.5	4000	1	0.996268	0.0	0.963732	0.0	0.469939	0.0	0.0037319999999999576	0.0
tw2	rTBR	0.5	5000	1	0.997067	0.0	0.963732	0.0	0.467712	0.0	0.0029329999999999634	0.0
tw2	rTBR	0.5	6000	1	0.997387	0.0	0.963732	0.0	0.467031	0.0	0.0026129999999999765	0.0
tw2	rTBR	0.5	7000	1	0.997714	0.0	0.963732	0.0	0.466643	0.0	0.0022860000000000102	0.0
tw2	rTBR	0.5	8000	1	0.997913	0.0	0.963732	0.0	0.467465	0.0	0.00208699999999995	0.0
tw2	rTBR	0.5	9000	1	0.998065	0.0	0.963732	0.0	0.469497	0.0	0.00193500000000002	0.0
tw2	rTBR	0.5	10000	1	0.998271	0.0	0.963732	0.0	0.469023	0.0	0.0017289999999999806	0.0
tw2	rTBR	0.5	20000	1	0.999	0.0	0.963732	0.0	0.471583	0.0	0.0010000000000000009	0.0
tw2	rTBR	0.5	30000	1	0.999297	0.0	0.963732	0.0	0.471143	0.0	0.0007030000000000092	0.0
tw2	rTBR	0.5	40000	1	0.99945	0.0	0.963732	0.0	0.470733	0.0	0.0005500000000000504	0.0
tw2	rTBR	0.5	50000	1	0.999525	0.0	0.963732	0.0	0.470754	0.0	0.0004750000000000032	0.0
tw2	rTBR	0.5	60000	1	0.999595	0.0	0.963732	0.0	0.470688	0.0	0.0004049999999999887	0.0
tw2	rTBR	0.5	70000	1	0.999647	0.0	0.963732	0.0	0.470428	0.0	0.0003530000000000477	0.0
tw2	rTBR	0.5	80000	1	0.999681	0.0	0.963732	0.0	0.470373	0.0	0.0003189999999999582	0.0
tw2	rTBR	0.5	90000	1	0.999711	0.0	0.963732	0.0	0.47014	0.0	0.0002889999999999837	0.0
tw2	rTBR	0.5	100000	1	0.999743	0.0	0.963732	0.0	0.469631	0.0	0.0002569999999999517	0.0
tw2	rTBR	0.5	200000	1	0.999871	0.0	0.963732	0.0	0.470497	0.0	0.00012900000000004574	0.0
tw2	rTBR	0.5	300000	1	0.999905	0.0	0.963732	0.0	0.470323	0.0	9.499999999995623e-05	0.0
tw2	rTBR	0.5	400000	1	0.999924	0.0	0.963732	0.0	0.470569	0.0	7.599999999996498e-05	0.0
tw2	rTBR	0.5	500000	1	0.999936	0.0	0.963732	0.0	0.470525	0.0	6.399999999995298e-05	0.0
tw2	rTBR	0.5	600000	1	0.999943	0.0	0.963732	0.0	0.470462	0.0	5.699999999997374e-05	0.0
tw2	rTBR	0.5	700000	1	0.99995	0.0	0.963732	0.0	0.470809	0.0	4.999999999999449e-05	0.0
tw2	rTBR	0.5	800000	1	0.999955	0.0	0.963732	0.0	0.47061	0.0	4.499999999996174e-05	0.0
tw2	rTBR	0.5	900000	1	0.99996	0.0	0.963732	0.0	0.470512	0.0	4.0000000000040004e-05	0.0
tw2	rTBR	0.5	1000000	1	0.999964	0.0	0.963732	0.0	0.470628	0.0	3.6000000000036e-05	0.0
tw5	MC3_NNI	0.0	1	10	0.0	0.0	0.0	0.0	0.0	0.0	1.0	0.0
tw5	MC3_NNI	0.0	2	10	0.0	0.0	0.0	0.0	0.0	0.0	1.0	0.0
tw5	MC3_NNI	0.0	3	10	3.6999999999999997e-06	3.699999999999999e-06	0.0	0.0	1.2e-06	1.1999999999999997e-06	0.9999963	3.699999999999999e-06
tw5	MC3_NNI	0.0	4	10	3.6999999999999997e-06	3.699999999999999e-06	0.0	0.0	1.8000000000000001e-06	1.7999999999999997e-06	0.9999963	3.699999999999999e-06
tw5	MC3_NNI	0.0	5	10	3.6999999999999997e-06	3.699999999999999e-06	0.0	0.0	2.2e-06	2.2e-06	0.9999963	3.699999999999999e-06
tw5	MC3_NNI	0.0	6	10	3.6999999999999997e-06	3.699999999999999e-06	0.0	0.0	2.5e-06	2.4999999999999994e-06	0.9999963	3.699999999999999e-06
tw5	MC3_NNI	0.0	7	10	3.6999999999999997e-06	3.699999999999999e-06	0.0	0.0	2.5999999999999997e-06	2.5999999999999997e-06	0.9999963	3.699999999999999e-06
tw5	MC3_NNI	0.0	8	10	3.6999999999999997e-06	3.699999999999999e-06	0.0	0.0	2.8e-06	2.8000000000000003e-06	0.9999963	3.699999999999999e-06
tw5	MC3_NNI	0.0	9	10	6.7e-06	6.7e-06	0.0	0.0	2.8e-06	2.8000000000000003e-06	0.9999933	6.7e-06
tw5	MC3_NNI	0.0	10	10	6.7e-06	6.7e-06	0.0	0.0	2.8e-06	2.8000000000000003e-06	0.9999933	6.7e-06
tw5	MC3_NNI	0.0	20	10	0.0051871	0.0023906328983021303	0.005148799999999999	0.002396315773107635	0.0013108000000000002	0.0008534625006407721	0.9948129	0.0023906328983021303
tw5	MC3_NNI	0.0	30	10	0.0162748	0.004222351719125255	0.016055899999999998	0.004216360814862872	0.004638	0.0017856532262576752	0.9837252	0.004222351719125255
tw5	MC3_NNI	0.0	40	10	0.050568999999999996	0.007650696643661499	0.049904000000000004	0.007665134384558	0.010303800000000002	0.002780583115503333	0.949431	0.007650696643661499
tw5	MC3_NNI	0.0	50	10	0.1053671	0.012488808014867639	0.10419910000000002	0.012536208986106337	0.0198185	0.004458102157869422	0.8946329	0.012488808014867639
tw5	MC3_NNI	0.0	60	10	0.18566549999999998	0.02613280950421009	0.18369719999999998	0.026130456725523273	0.033687499999999995	0.006809817950332201	0.8143345	0.02613280950421009
tw5	MC3_NNI	0.0	70	10	0.277184	0.042760289988362905	0.2744073	0.042845622940207606	0.050385599999999996	0.010028340725940436	0.722816	0.042760289988362905
tw5	MC3_NNI	0.0	80	10	0.37205520000000003	0.05387437253252545	0.3683151	0.053904897594116825	0.0691079	0.013962969503058198	0.6279448	0.05387437253252545
tw5	MC3_NNI	0.0	90	10	0.4551372999999999	0.05955074191608922	0.45061619999999997	0.05963690565894019	0.08732630000000001	0.0177587188577267	0.5448627000000001	0.05955074191608922
tw5	MC3_NNI	0.0	100	10	0.52494	0.05923418334786839	0.5198137	0.059186323210321704	0.10469140000000002	0.02116135081972688	0.47506000000000004	0.05923418334786839
tw5	MC3_NNI	0.0	200	10	0.7884503	0.04969831719575623	0.7772231	0.04959085538449156	0.214378	0.0430802232767865	0.21154969999999995	0.04969831719575623
tw5	MC3_NNI	0.0	300	10	0.862112	0.041437995770119536	0.8477547	0.04122226536231495	0.2658577	0.05313147242915445	0.137888	0.041437995770119536
tw5	MC3_NNI	0.0	400	10	0.8923279000000001	0.03839321065137834	0.8750012000000001	0.03831897525763907	0.2939275	0.058582921127473465	0.10767209999999994	0.03839321065137834
tw5	MC3_NNI	0.0	500	10	0.9103926999999998	0.03783733699022993	0.8904136999999999	0.037874057493531545	0.31199499999999997	0.062227175943741275	0.08960730000000017	0.03783733699022993
tw5	MC3_NNI	0.0	600	10	0.9244346	0.03828316547001363	0.9024913000000001	0.03841931988988236	0.32455059999999997	0.06473530600138794	0.0755654	0.03828316547001363
tw5	MC3_NNI	0.0	700	10	0.931213	0.038540724047860506	0.9081383000000003	0.03853058506435	0.3338201	0.06660424534991911	0.06878700000000004	0.038540724047860506
tw5	MC3_NNI	0.0	800	10	0.9350153999999999	0.03843765378063547	0.9109062000000001	0.038535251162712475	0.3421134	0.06813332183727887	0.06498460000000006	0.03843765378063547
tw5	MC3_NNI	0.0	900	10	0.9374779000000002	0.03856968816699052	0.9123217	0.03861294258493876	0.3477621	0.06929909423705814	0.0625220999999998	0.03856968816699052
tw5	MC3_NNI	0.0	1000	10	0.9391005000000001	0.03862719145663812	0.9132465	0.03865220295382054	0.3526382	0.0703087416448655	0.060899499999999884	0.03862719145663812
tw5	MC3_NNI	0.0	2000	10	0.9527465000000002	0.03939851721272148	0.9227378000000002	0.039107132852318496	0.3758798	0.07493675697766009	0.04725349999999984	0.03939851721272148
tw5	MC3_NNI	0.0	3000	10	0.9553310999999999	0.03961074999190385	0.9237310999999998	0.039186522884348325	0.38596339999999996	0.07686500465508778	0.04466890000000012	0.03961074999190385
tw5	MC3_NNI	0.0	4000	10	0.9564743	0.03968723222651223	0.9240435999999999	0.0392128292555723	0.3918071	0.07803365486797632	0.0435257	0.03968723222651223
tw5	MC3_NNI	0.0	5000	10	0.9571631999999999	0.03974978587637647	0.9241366	0.03922019916862568	0.3962701	0.07906599888931751	0.04283680000000012	0.03974978587637647
tw5	MC3_NNI	0.0	6000	10	0.9577758	0.03981269237338487	0.9243645	0.03923894624484143	0.3992961	0.07976423057227953	0.042224200000000045	0.03981269237338487
tw5	MC3_NNI	0.0	7000	10	0.95821	0.039855294232176146	0.9244387	0.039245642552475375	0.4017487	0.08036612844476901	0.041789999999999994	0.039855294232176146
tw5	MC3_NNI	0.0	8000	10	0.9584250000000001	0.03987486343996121	0.9244387	0.039245642552475375	0.40375649999999996	0.08090726397181872	0.04157499999999992	0.03987486343996121
tw5	MC3_NNI	0.0	9000	10	0.9585692	0.03988960990973854	0.9244387	0.039245642552475375	0.4051933	0.08127532882466035	0.04143079999999999	0.03988960990973854
tw5	MC3_NNI	0.0	10000	10	0.9586895999999999	0.03989456524507233	0.9244387	0.039245642552475375	0.406489	0.0816139012647015	0.04131040000000008	0.03989456524507233
tw5	MC3_NNI	0.0	20000	10	0.9592440999999999	0.03993970736927517	0.9244387	0.039245642552475375	0.41283449999999994	0.08343196347220755	0.04075590000000007	0.03993970736927517
tw5	MC3_NNI	0.0	30000	10	0.9595008	0.03995686047109641	0.9244387	0.039245642552475375	0.4151084	0.08420096073669364	0.04049919999999996	0.03995686047109641
tw5	MC3_NNI	0.0	40000	10	0.9595929999999999	0.039963027172347405	0.9244387	0.039245642552475375	0.41610990000000003	0.08459687050587496	0.04040700000000008	0.039963027172347405
tw5	MC3_NNI	0.0	50000	10	0.9596609999999999	0.03996920909455733	0.9244387	0.039245642552475375	0.4167318	0.08481020390139121	0.040339000000000125	0.03996920909455733
tw5	MC3_NNI	0.0	60000	10	0.9597062000000001	0.03997287279554583	0.9244387	0.039245642552475375	0.417352	0.08499332940949607	0.040293799999999935	0.03997287279554583
tw5	MC3_NNI	0.0	70000	10	0.9597429999999999	0.039976166171857945	0.9244387	0.039245642552475375	0.41771059999999993	0.08512514142839613	0.0402570000000001	0.039976166171857945
tw5	MC3_NNI	0.0	80000	10	0.9617674	0.03797909287261436	0.9263519	0.03734790522504426	0.41809510000000005	0.08521468105704817	0.03823259999999995	0.03797909287261436
tw5	MC3_NNI	0.0	90000	10	0.9617901	0.03798094187892132	0.9263519	0.03734790522504426	0.41839070000000006	0.08530053708454724	0.03820990000000002	0.03798094187892132
tw5	MC3_NNI	0.0	100000	10	0.9618065	0.0379817576216238	0.9263519	0.03734790522504426	0.41873889999999997	0.08538253500563084	0.03819349999999999	0.0379817576216238
tw5	MC3_NNI	0.0	200000	10	0.9618873000000001	0.03798871397842317	0.9263519	0.03734790522504426	0.4200403	0.08566554334555988	0.03811269999999989	0.03798871397842317
tw5	MC3_NNI	0.0	300000	10	0.961918	0.037991341425821404	0.9263519	0.03734790522504426	0.4204723	0.08575556357747291	0.03808199999999995	0.037991341425821404
tw5	MC3_NNI	0.0	400000	10	0.9619367999999999	0.037993094707620516	0.9263519	0.03734790522504426	0.42075779999999996	0.0858207179978251	0.038063200000000075	0.037993094707620516
tw5	MC3_NNI	0.0	500000	10	0.9619465	0.0379939486153168	0.9263519	0.03734790522504426	0.42090649999999996	0.08585797485424532	0.03805349999999996	0.0379939486153168
tw5	MC3_NNI	0.0	600000	10	0.9639528	0.0359949812133735	0.928265	0.03545192917208064	0.42119039999999996	0.08589946731502147	0.036047199999999946	0.0359949812133735
tw5	MC3_NNI	0.0	700000	10	0.9639582000000001	0.035995469377501754	0.928265	0.03545192917208064	0.42145400000000005	0.08593059769514258	0.0360417999999999	0.035995469377501754
tw5	MC3_NNI	0.0	800000	10	0.9639621	0.035995791060885	0.928265	0.03545192917208064	0.4216037	0.08593978651255385	0.036037899999999956	0.035995791060885
tw5	MC3_NNI	0.0	900000	10	0.9639656999999999	0.03599607958037467	0.928265	0.03545192917208064	0.42181440000000003	0.0859698335367574	0.036034300000000075	0.03599607958037467
tw5	MC3_NNI	0.0	1000000	10	0.9639683	0.0359963681924379	0.928265	0.03545192917208064	0.42198519999999995	0.08598447691593329	0.0360317	0.0359963681924379
tw5	MC3_NNI	0.02	1	10	0.0	0.0	0.0	0.0	0.0	0.0	1.0	0.0
tw5	MC3_NNI	0.02	2	10	0.0	0.0	0.0	0.0	0.0	0.0	1.0	0.0
tw5	MC3_NNI	0.02	3	10	0.0	0.0	0.0	0.0	0.0	0.0	1.0	0.0
tw5	MC3_NNI	0.02	4	10	2e-07	2e-07	0.0	0.0	0.0	0.0	0.9999998	2e-07
tw5	MC3_NNI	0.02	5	10	2e-07	2e-07	0.0	0.0	1e-07	1e-07	0.9999998	2e-07
tw5	MC3_NNI	0.02	6	10	0.0001438	0.0001438	0.0001436	0.0001436	2.4e-05	2.3999999999999997e-05	0.9998562	0.0001438
tw5	MC3_NNI	0.02	7	10	0.0005202	0.0005202	0.00052	0.00052	7.429999999999999e-05	7.429999999999998e-05	0.9994798	0.0005202
tw5	MC3_NNI	0.02	8	10	0.0005202	0.0005202	0.00052	0.00052	0.0001121	0.0001121	0.9994798	0.0005202
tw5	MC3_NNI	0.02	9	10	0.0005202	0.0005202	0.00052	0.00052	0.0001415	0.0001415	0.9994798	0.0005202
tw5	MC3_NNI	0.02	10	10	0.0010043999999999997	0.000555203810425605	0.0009704000000000001	0.000560558693527171	0.0002135	0.00016243407209627468	0.9989956	0.000555203810425605
tw5	MC3_NNI	0.02	20	10	0.0179968	0.009216235250662579	0.0177915	0.009188776208263838	0.0029468999999999997	0.00145028530105095	0.9820032	0.009216235250662579
tw5	MC3_NNI	0.02	30	10	0.0811955	0.024982801872154636	0.0804155	0.02493109011533368	0.013664199999999998	0.004678470639951573	0.9188045	0.024982801872154636
tw5	MC3_NNI	0.02	40	10	0.18036950000000002	0.0451188212324475	0.17855539999999998	0.045081690597354	0.03178090000000001	0.008841224511030385	0.8196304999999999	0.0451188212324475
tw5	MC3_NNI	0.02	50	10	0.2855473	0.06134769732236627	0.28283369999999997	0.061331372769760605	0.05361130000000001	0.012840727441361464	0.7144527	0.06134769732236627
tw5	MC3_NNI	0.02	60	10	0.4003519	0.0677127025617055	0.3965806	0.0676945931410905	0.0798526	0.0175124287402468	0.5996481	0.0677127025617055
tw5	MC3_NNI	0.02	70	10	0.4925274999999999	0.07080045264281704	0.48794899999999997	0.07076238058491563	0.10484060000000002	0.02112043867768323	0.5074725000000001	0.07080045264281704
tw5	MC3_NNI	0.02	80	10	0.5714634	0.07045467960504034	0.5661949	0.0703621864388426	0.12711909999999998	0.024829965739203104	0.42853660000000005	0.07045467960504034
tw5	MC3_NNI	0.02	90	10	0.6263762999999999	0.06586963214917613	0.6200884999999999	0.065750237516808	0.14654620000000002	0.028880999660984345	0.3736237000000001	0.06586963214917613
tw5	MC3_NNI	0.02	100	10	0.6657830999999999	0.06132541686581148	0.658516	0.06116094681557651	0.1633181	0.0323243671583494	0.33421690000000015	0.06132541686581148
tw5	MC3_NNI	0.02	200	10	0.8445417000000001	0.04311059408391141	0.8317612999999999	0.04311420548678436	0.25759680000000007	0.05071719953029303	0.15545829999999994	0.04311059408391141
tw5	MC3_NNI	0.02	300	10	0.8878085	0.04011534080075989	0.8712707999999999	0.04014407985045865	0.2944085	0.05754444099114468	0.1121915	0.04011534080075989
tw5	MC3_NNI	0.02	400	10	0.9052884999999999	0.039670626981643066	0.8861362999999999	0.03978942733218629	0.3146086	0.06157919260002611	0.09471150000000006	0.039670626981643066
tw5	MC3_NNI	0.02	500	10	0.9151297999999999	0.03951139243216934	0.8936798999999999	0.03980793155653782	0.32687089999999996	0.06430109669782727	0.08487020000000012	0.03951139243216934
tw5	MC3_NNI	0.02	600	10	0.9226566	0.039816127035327456	0.8999039999999999	0.04007722687013161	0.3356611	0.06595203710600774	0.07734339999999995	0.039816127035327456
tw5	MC3_NNI	0.02	700	10	0.9272923000000001	0.039713726272481105	0.9032415	0.04010383833313214	0.3423861	0.06719457831807067	0.07270769999999993	0.039713726272481105
tw5	MC3_NNI	0.02	800	10	0.9335629000000001	0.04002085127653943	0.9086183999999999	0.040248205248930045	0.34772300000000006	0.068118066586055	0.06643709999999992	0.04002085127653943
tw5	MC3_NNI	0.02	900	10	0.9369951999999999	0.040300925955119186	0.9112462999999998	0.040360879217945136	0.3512932	0.06868667052343967	0.06300480000000008	0.040300925955119186
tw5	MC3_NNI	0.02	1000	10	0.9380228	0.04033950241273021	0.9115394	0.04038299271893773	0.35488749999999997	0.0694559929069799	0.061977199999999955	0.04033950241273021
tw5	MC3_NNI	0.02	2000	10	0.9482444000000001	0.041186896286777644	0.9180876999999998	0.04085558880334216	0.3748812	0.07358549108558471	0.0517555999999999	0.041186896286777644
tw5	MC3_NNI	0.02	3000	10	0.9534165	0.04161234730147879	0.9216255999999999	0.041069402401896334	0.3843307	0.07597948710540965	0.0465835	0.04161234730147879
tw5	MC3_NNI	0.02	4000	10	0.9547626999999999	0.041725368890999634	0.9220732	0.04110578548785235	0.39033989999999996	0.07742337146946579	0.04523730000000015	0.041725368890999634
tw5	MC3_NNI	0.02	5000	10	0.9555353000000002	0.041793938261440636	0.9223737999999999	0.04113252512517719	0.3952042	0.07856470679889001	0.0444646999999998	0.041793938261440636
tw5	MC3_NNI	0.02	6000	10	0.9560774999999999	0.04184953117067807	0.9225256	0.04114471279634035	0.3987807	0.07946673893677503	0.043922500000000086	0.04184953117067807
tw5	MC3_NNI	0.02	7000	10	0.9563317	0.04187582759249859	0.9225256	0.04114471279634035	0.4013371	0.08019757456424588	0.04366829999999999	0.04187582759249859
tw5	MC3_NNI	0.02	8000	10	0.9565018000000001	0.04188460770917057	0.9225256	0.04114471279634035	0.40328870000000006	0.08071474439738036	0.04349819999999993	0.04188460770917057
tw5	MC3_NNI	0.02	9000	10	0.9566505000000001	0.04189612247352572	0.9225256	0.04114471279634035	0.4046107	0.08109296911776287	0.04334949999999993	0.04189612247352572
tw5	MC3_NNI	0.02	10000	10	0.956764	0.04190808990291864	0.9225256	0.04114471279634035	0.4059924	0.0814530213979131	0.04323600000000005	0.04190808990291864
tw5	MC3_NNI	0.02	20000	10	0.9573046	0.04194535757339542	0.9225256	0.04114471279634035	0.4114458	0.08328043576759189	0.04269540000000005	0.04194535757339542
tw5	MC3_NNI	0.02	30000	10	0.9575085	0.041959590243537355	0.9225256	0.04114471279634035	0.4137507	0.08405965214933843	0.042491500000000015	0.041959590243537355
tw5	MC3_NNI	0.02	40000	10	0.9576112999999999	0.04196682498647659	0.9225256	0.04114471279634035	0.414713	0.08446295077803836	0.04238870000000006	0.04196682498647659
tw5	MC3_NNI	0.02	50000	10	0.9576757	0.04196972277621359	0.9225256	0.04114471279634035	0.4152456	0.08470679739643092	0.04232429999999998	0.04196972277621359
tw5	MC3_NNI	0.02	60000	10	0.9577214999999999	0.04197245557644521	0.9225256	0.04114471279634035	0.4158246	0.08493345486990259	0.04227850000000011	0.04197245557644521
tw5	MC3_NNI	0.02	70000	10	0.9597509000000001	0.03997871244840462	0.9244387	0.039245642552475375	0.41620500000000005	0.08506885011474202	0.04024909999999993	0.03997871244840462
tw5	MC3_NNI	0.02	80000	10	0.9597748000000002	0.03997858045331553	0.9244387	0.039245642552475375	0.41655	0.0851308069078273	0.04022519999999985	0.03997858045331553
tw5	MC3_NNI	0.02	90000	10	0.9617919	0.03798225253938418	0.9263519	0.03734790522504426	0.4169956	0.0852131952639574	0.03820809999999997	0.03798225253938418
tw5	MC3_NNI	0.02	100000	10	0.9618082000000001	0.03798283558772889	0.9263519	0.03734790522504426	0.41727089999999994	0.08526162875375613	0.03819179999999989	0.03798283558772889
tw5	MC3_NNI	0.02	200000	10	0.9618933999999999	0.03798905875620271	0.9263519	0.03734790522504426	0.41904260000000004	0.08556849952733774	0.0381066000000001	0.03798905875620271
tw5	MC3_NNI	0.02	300000	10	0.9619228999999999	0.03799188657579112	0.9263519	0.03734790522504426	0.4199115	0.08572032021097577	0.038077100000000086	0.03799188657579112
tw5	MC3_NNI	0.02	400000	10	0.9619382	0.037993250150754124	0.9263519	0.03734790522504426	0.42033380000000004	0.08577455191058837	0.038061800000000034	0.037993250150754124
tw5	MC3_NNI	0.02	500000	10	0.9619478999999999	0.03799399297504511	0.9263519	0.03734790522504426	0.42073020000000005	0.08584342616593692	0.038052100000000144	0.03799399297504511
tw5	MC3_NNI	0.02	600000	10	0.961955	0.0379945586276655	0.9263519	0.03734790522504426	0.4208927	0.08585772173052733	0.038044999999999995	0.0379945586276655
tw5	MC3_NNI	0.02	700000	10	0.9619604	0.037995046852100776	0.9263519	0.03734790522504426	0.42105420000000005	0.08587494544456296	0.03803959999999995	0.037995046852100776
tw5	MC3_NNI	0.02	800000	10	0.9619647	0.03799541304129867	0.9263519	0.03734790522504426	0.4211495	0.08587993907740554	0.038035299999999994	0.03799541304129867
tw5	MC3_NNI	0.02	900000	10	0.9639673	0.03599625724002427	0.928265	0.03545192917208064	0.4213093	0.08589639063469301	0.03603270000000003	0.03599625724002427
tw5	MC3_NNI	0.02	1000000	10	0.9639697999999999	0.03599653475414913	0.928265	0.03545192917208064	0.42160010000000003	0.08593442647603784	0.03603020000000012	0.03599653475414913
tw5	MC3_NNI	0.05	1	10	0.0	0.0	0.0	0.0	0.0	0.0	1.0	0.0
tw5	MC3_NNI	0.05	2	10	0.0	0.0	0.0	0.0	0.0	0.0	1.0	0.0
tw5	MC3_NNI	0.05	3	10	0.0	0.0	0.0	0.0	0.0	0.0	1.0	0.0
tw5	MC3_NNI	0.05	4	10	1e-07	1e-07	0.0	0.0	0.0	0.0	0.9999999	1e-07
tw5	MC3_NNI	0.05	5	10	3.13e-05	3.118904722280991e-05	0.0	0.0	6.2e-06	6.2e-06	0.9999687	3.118904722280991e-05
tw5	MC3_NNI	0.05	6	10	0.0003072	0.00027417973829021146	0.00027590000000000004	0.00027590000000000004	5.64e-05	4.602009223033878e-05	0.9996928	0.00027417973829021146
tw5	MC3_NNI	0.05	7	10	0.0010465	0.0009958980564740995	0.000977	0.0009769999999999998	0.0001584	0.00014179235208963532	0.9989535	0.0009958980564740995
tw5	MC3_NNI	0.05	8	10	0.0013932999999999999	0.0010548257154620378	0.0012922	0.0010406266573560374	0.0002752000000000001	0.00021697049466587744	0.9986067	0.0010548257154620378
tw5	MC3_NNI	0.05	9	10	0.007263799999999999	0.002793465377945067	0.0071375	0.0027962771530495086	0.0009832999999999999	0.0004028790292658855	0.9927362	0.002793465377945067
tw5	MC3_NNI	0.05	10	10	0.0102477	0.003098561214678695	0.010101099999999998	0.003088735999833373	0.0017565999999999999	0.0005774979018720905	0.9897523	0.003098561214678695
tw5	MC3_NNI	0.05	20	10	0.10737079999999999	0.03328459677314885	0.1062789	0.03315519459298782	0.0217853	0.00638009461624373	0.8926292	0.03328459677314885
tw5	MC3_NNI	0.05	30	10	0.269675	0.06593204110850302	0.2666821	0.06588898827345042	0.0597827	0.016620101944499484	0.730325	0.06593204110850302
tw5	MC3_NNI	0.05	40	10	0.4274624	0.07936136463169245	0.42300060000000006	0.07934940985752684	0.1006086	0.02585893189862601	0.5725376	0.07936136463169245
tw5	MC3_NNI	0.05	50	10	0.5481162	0.07551577669346834	0.5426853	0.07544562849364507	0.13766130000000001	0.03337750106585439	0.45188379999999995	0.07551577669346834
tw5	MC3_NNI	0.05	60	10	0.6236438000000001	0.0722653160585353	0.6173448	0.07221283316816571	0.165409	0.03804377380597251	0.3763561999999999	0.0722653160585353
tw5	MC3_NNI	0.05	70	10	0.6715002	0.06408297806209279	0.6639953000000001	0.06419748903761302	0.1873145	0.04186950902380447	0.3284998	0.06408297806209279
tw5	MC3_NNI	0.05	80	10	0.7159257	0.05851605481614046	0.7069816	0.05849208814782844	0.2048313	0.04498302117245029	0.2840743	0.05851605481614046
tw5	MC3_NNI	0.05	90	10	0.7502195	0.05296524881178643	0.7404863999999999	0.05313342371075542	0.21933950000000002	0.04719151280597674	0.24978049999999996	0.05296524881178643
tw5	MC3_NNI	0.05	100	10	0.7786948	0.046553741285815756	0.7680009999999999	0.04702851384615271	0.2322083	0.04906542560139019	0.22130519999999998	0.046553741285815756
tw5	MC3_NNI	0.05	200	10	0.8939248999999998	0.02378408382438885	0.8780501	0.025296647517649887	0.30522229999999995	0.0608055769695602	0.1060751000000002	0.02378408382438885
tw5	MC3_NNI	0.05	300	10	0.9248893	0.021591127955739385	0.9054537	0.023372475743941013	0.33313380000000004	0.06570108224185588	0.07511069999999997	0.021591127955739385
tw5	MC3_NNI	0.05	400	10	0.9361392000000001	0.021605499615607128	0.9142839	0.0235654962884534	0.34779079999999996	0.06825900169709812	0.06386079999999994	0.021605499615607128
tw5	MC3_NNI	0.05	500	10	0.9432807999999999	0.021830985564254002	0.9195706999999999	0.02373001431289075	0.3580957	0.06998516886440218	0.05671920000000008	0.021830985564254002
tw5	MC3_NNI	0.05	600	10	0.9501234000000001	0.02150546382676841	0.9252113	0.023299831018485942	0.36540279999999997	0.07105015086602169	0.04987659999999994	0.02150546382676841
tw5	MC3_NNI	0.05	700	10	0.9521381	0.021624015543140918	0.9262927999999999	0.023369661367679245	0.37113019999999997	0.0719942960255726	0.04786190000000001	0.021624015543140918
tw5	MC3_NNI	0.05	800	10	0.9536465	0.021704522781234126	0.9271341999999999	0.023417493566325342	0.37513199999999997	0.0725693539360031	0.04635350000000005	0.021704522781234126
tw5	MC3_NNI	0.05	900	10	0.9552049	0.02179385514030656	0.9279900999999999	0.023467528618379148	0.37849080000000007	0.07315459856158509	0.04479509999999998	0.02179385514030656
tw5	MC3_NNI	0.05	1000	10	0.9566161	0.021928411936952174	0.9287932999999999	0.023536467831879765	0.38117990000000007	0.07361822713166896	0.04338390000000003	0.021928411936952174
tw5	MC3_NNI	0.05	2000	10	0.9638722	0.02190435993322892	0.9328453	0.023098698713251264	0.3966401	0.0762805321171573	0.03612780000000004	0.02190435993322892
tw5	MC3_NNI	0.05	3000	10	0.9658689	0.022092154595617575	0.9334699000000001	0.023152249518951236	0.4041717	0.07782432320468824	0.03413109999999997	0.022092154595617575
tw5	MC3_NNI	0.05	4000	10	0.9669749	0.022206278161041648	0.9337646	0.023180404324534307	0.4085774	0.07881533299149349	0.03302510000000003	0.022206278161041648
tw5	MC3_NNI	0.05	5000	10	0.9699467	0.021941382378231726	0.9359544	0.0227376835012814	0.4119245	0.07963140147011381	0.03005329999999995	0.021941382378231726
tw5	MC3_NNI	0.05	6000	10	0.9722054	0.021759339044904624	0.9378553000000001	0.02241963804398575	0.4142531	0.08029773161656283	0.027794600000000003	0.021759339044904624
tw5	MC3_NNI	0.05	7000	10	0.9724961999999999	0.021780357166135824	0.9378553000000001	0.02241963804398575	0.4164401000000001	0.08096808225858027	0.027503800000000078	0.021780357166135824
tw5	MC3_NNI	0.05	8000	10	0.974645	0.021754640846903855	0.9397561	0.022259944203508988	0.41829489999999997	0.08153005157260862	0.025355000000000016	0.021754640846903855
tw5	MC3_NNI	0.05	9000	10	0.9747706999999999	0.02176073200875069	0.9397561	0.022259944203508988	0.4197711	0.08204992828941954	0.02522930000000012	0.02176073200875069
tw5	MC3_NNI	0.05	10000	10	0.9748933	0.02177206272882241	0.9397561	0.022259944203508988	0.42100609999999994	0.08249201010999659	0.025106700000000037	0.02177206272882241
tw5	MC3_NNI	0.05	20000	10	0.9773653999999998	0.021946599223873688	0.941657	0.02226199312780017	0.4280414	0.08531670152974477	0.02263460000000017	0.021946599223873688
tw5	MC3_NNI	0.05	30000	10	0.9775376	0.02195911938286942	0.941657	0.02226199312780017	0.43049099999999996	0.08637128583800932	0.022462399999999993	0.02195911938286942
tw5	MC3_NNI	0.05	40000	10	0.9776272	0.021968480039365496	0.941657	0.02226199312780017	0.43176990000000004	0.08691031800034511	0.02237279999999997	0.021968480039365496
tw5	MC3_NNI	0.05	50000	10	0.9776899999999997	0.021972273693098864	0.941657	0.02226199312780017	0.4324601	0.08719605228901006	0.022310000000000274	0.021972273693098864
tw5	MC3_NNI	0.05	60000	10	0.9777315	0.021976396860293342	0.941657	0.02226199312780017	0.432749	0.08736609913296524	0.022268500000000024	0.021976396860293342
tw5	MC3_NNI	0.05	70000	10	0.9777634000000001	0.021978696440063148	0.941657	0.02226199312780017	0.43308670000000005	0.0875223444695442	0.02223659999999994	0.021978696440063148
tw5	MC3_NNI	0.05	80000	10	0.9777904	0.021981123531187693	0.941657	0.02226199312780017	0.4333474	0.08763857728080963	0.02220960000000005	0.021981123531187693
tw5	MC3_NNI	0.05	90000	10	0.9778110999999999	0.021983297509422413	0.941657	0.02226199312780017	0.4334556	0.0877181071797861	0.022188900000000067	0.021983297509422413
tw5	MC3_NNI	0.05	100000	10	0.9778281999999999	0.021984968816494196	0.941657	0.02226199312780017	0.43359460000000005	0.0878047275313174	0.022171800000000075	0.021984968816494196
tw5	MC3_NNI	0.05	200000	10	0.9798999	0.019991793267043916	0.9435702000000001	0.020399166808584224	0.4348366	0.08827979555370778	0.020100099999999954	0.019991793267043916
tw5	MC3_NNI	0.05	300000	10	0.9799249	0.019993893161802067	0.9435702000000001	0.020399166808584224	0.4356758	0.08855126895769352	0.020075100000000012	0.019993893161802067
tw5	MC3_NNI	0.05	400000	10	0.9799393999999999	0.01999516549913448	0.9435702000000001	0.020399166808584224	0.4362138	0.08871366432151877	0.020060600000000095	0.01999516549913448
tw5	MC3_NNI	0.05	500000	10	0.9819476	0.017997074711185706	0.9454833	0.018546695750666142	0.43659919999999997	0.0888318898062577	0.01805239999999997	0.017997074711185706
tw5	MC3_NNI	0.05	600000	10	0.983954	0.01599745129353076	0.9473965	0.01670779895886948	0.437141	0.08900232749029031	0.016046000000000005	0.01599745129353076
tw5	MC3_NNI	0.05	700000	10	0.9839594	0.01599782756446081	0.9473965	0.01670779895886948	0.437756	0.08918869411285017	0.01604059999999996	0.01599782756446081
tw5	MC3_NNI	0.05	800000	10	0.9839635	0.015998282070446047	0.9473965	0.01670779895886948	0.4382797	0.08934439207347537	0.01603650000000001	0.015998282070446047
tw5	MC3_NNI	0.05	900000	10	0.9839664000000001	0.0159984924339764	0.9473965	0.01670779895886948	0.43864190000000003	0.08945476769561624	0.01603359999999987	0.0159984924339764
tw5	MC3_NNI	0.05	1000000	10	0.9839691000000002	0.015998791926232714	0.9473965	0.01670779895886948	0.4389443	0.08954660714933126	0.016030899999999848	0.015998791926232714
tw5	MC3_NNI	0.1	1	10	0.0	0.0	0.0	0.0	0.0	0.0	1.0	0.0
tw5	MC3_NNI	0.1	2	10	0.0	0.0	0.0	0.0	0.0	0.0	1.0	0.0
tw5	MC3_NNI	0.1	3	10	0.0	0.0	0.0	0.0	0.0	0.0	1.0	0.0
tw5	MC3_NNI	0.1	4	10	3.7999999999999996e-06	3.6902273341594795e-06	0.0	0.0	9.000000000000001e-07	8.999999999999999e-07	0.9999962	3.6902273341594795e-06
tw5	MC3_NNI	0.1	5	10	8.2e-06	5.339163480046913e-06	0.0	0.0	2.3e-06	1.7387735140993297e-06	0.9999918	5.339163480046913e-06
tw5	MC3_NNI	0.1	6	10	0.000676	0.0005118257298903385	0.0006624000000000001	0.0005133196145352977	0.00011399999999999999	8.516024111442303e-05	0.999324	0.0005118257298903385
tw5	MC3_NNI	0.1	7	10	0.0025355	0.0015942699496077264	0.002503	0.0015864694555311593	0.0003856	0.00022661171883005328	0.9974645	0.0015942699496077264
tw5	MC3_NNI	0.1	8	10	0.008495199999999998	0.002371555653527401	0.0084107	0.002366737787898496	0.0012367	0.0003580077916594678	0.9915048	0.002371555653527401
tw5	MC3_NNI	0.1	9	10	0.014820400000000003	0.0031246056753879625	0.014674600000000001	0.0031212015108145626	0.0025042000000000003	0.0005597569274049029	0.9851796	0.0031246056753879625
tw5	MC3_NNI	0.1	10	10	0.0239258	0.005035317058978952	0.023619400000000002	0.005029357337341092	0.0041451	0.0008525709152648566	0.9760742	0.005035317058978952
tw5	MC3_NNI	0.1	20	10	0.2674506	0.06366728690975365	0.2656296	0.06359533036057845	0.0547107	0.013443154066124344	0.7325494	0.06366728690975365
tw5	MC3_NNI	0.1	30	10	0.4584738	0.08115172727576413	0.454577	0.08109895240329008	0.1127849	0.02583693909220758	0.5415262000000001	0.08115172727576413
tw5	MC3_NNI	0.1	40	10	0.5857620000000001	0.07462090233976	0.5806423000000001	0.07441024778185237	0.15807	0.033824028601966774	0.4142379999999999	0.07462090233976
tw5	MC3_NNI	0.1	50	10	0.669925	0.06577239481305545	0.6632369	0.06539927446716991	0.1909333	0.039603387847520204	0.330075	0.06577239481305545
tw5	MC3_NNI	0.1	60	10	0.7234953	0.059904873823615826	0.7154952	0.059443623326607166	0.21442869999999997	0.04387334342249036	0.27650470000000005	0.059904873823615826
tw5	MC3_NNI	0.1	70	10	0.7534903	0.05564200862379071	0.7445907	0.05527802606864282	0.23223730000000004	0.04689914465295597	0.24650970000000005	0.05564200862379071
tw5	MC3_NNI	0.1	80	10	0.7831200999999999	0.05101261508869917	0.7734004	0.05077032495293551	0.2484715	0.04956287125106858	0.21687990000000013	0.05101261508869917
tw5	MC3_NNI	0.1	90	10	0.8069527000000001	0.045900079640223815	0.7963754	0.045815013592877554	0.26341749999999997	0.052463615859681484	0.19304729999999992	0.045900079640223815
tw5	MC3_NNI	0.1	100	10	0.8241709	0.041789412860316656	0.8126348999999999	0.041677261839427764	0.27523099999999995	0.05453486743196705	0.17582909999999996	0.041789412860316656
tw5	MC3_NNI	0.1	200	10	0.9043444999999999	0.027955114434969175	0.8862561000000001	0.028820165183985707	0.3297635	0.06479132462387743	0.09565550000000012	0.027955114434969175
tw5	MC3_NNI	0.1	300	10	0.9314451	0.024976717132583922	0.9092441000000001	0.026233400289389346	0.351127	0.06887345176545814	0.06855489999999997	0.024976717132583922
tw5	MC3_NNI	0.1	400	10	0.9431255999999999	0.024893823944995765	0.9192061	0.02608354229413635	0.36321450000000005	0.07122239469128451	0.0568744000000001	0.024893823944995765
tw5	MC3_NNI	0.1	500	10	0.9507886000000001	0.02484724943069375	0.9252931	0.02590430551405606	0.3718356	0.07268313822739234	0.049211399999999905	0.02484724943069375
tw5	MC3_NNI	0.1	600	10	0.9560653	0.024921543784912955	0.9294450000000001	0.02576731630832619	0.3768926	0.07349578864355275	0.04393469999999999	0.024921543784912955
tw5	MC3_NNI	0.1	700	10	0.9581890000000002	0.02499330307902499	0.9306986	0.02578608170579193	0.3818837	0.07434636722710651	0.04181099999999982	0.02499330307902499
tw5	MC3_NNI	0.1	800	10	0.9594734	0.02503146257732456	0.9312898000000001	0.025796672225437654	0.3858193	0.07500926522815549	0.04052659999999997	0.02503146257732456
tw5	MC3_NNI	0.1	900	10	0.9624827999999999	0.0253028295386548	0.9337295000000001	0.025880311536528637	0.38898660000000007	0.07549396323227145	0.03751720000000014	0.0253028295386548
tw5	MC3_NNI	0.1	1000	10	0.9632977	0.0253285167368719	0.9341094	0.025880272604265796	0.3918842	0.07607923223818121	0.036702299999999966	0.0253285167368719
tw5	MC3_NNI	0.1	2000	10	0.9696062999999999	0.025646526931016083	0.9374995	0.02598654273112655	0.4067417000000001	0.07920980537114355	0.03039370000000008	0.025646526931016083
tw5	MC3_NNI	0.1	3000	10	0.9708986	0.025740850599430903	0.9376111000000001	0.025993811753505222	0.4134524	0.0809966832657294	0.029101400000000055	0.025740850599430903
tw5	MC3_NNI	0.1	4000	10	0.9716482000000001	0.02579686707455427	0.9377614000000001	0.026005507205718297	0.41677739999999996	0.08206536164968342	0.028351799999999927	0.02579686707455427
tw5	MC3_NNI	0.1	5000	10	0.9720191	0.025827982146609037	0.9377614000000001	0.026005507205718297	0.4194046	0.08291905759329396	0.027980899999999975	0.025827982146609037
tw5	MC3_NNI	0.1	6000	10	0.9722744999999998	0.02585238893119937	0.9377614000000001	0.026005507205718297	0.4212561	0.08354468517445551	0.02772550000000018	0.02585238893119937
tw5	MC3_NNI	0.1	7000	10	0.9724384	0.025866522129407172	0.9377614000000001	0.026005507205718297	0.4226186	0.08400878848710479	0.027561599999999964	0.025866522129407172
tw5	MC3_NNI	0.1	8000	10	0.9725752	0.025876169390558736	0.9377614000000001	0.026005507205718297	0.4237151	0.08443470287117338	0.027424800000000027	0.025876169390558736
tw5	MC3_NNI	0.1	9000	10	0.9727276	0.025888096239692005	0.9377614000000001	0.026005507205718297	0.4246339	0.08479506605489759	0.027272399999999974	0.025888096239692005
tw5	MC3_NNI	0.1	10000	10	0.9729533	0.025910319516469795	0.9378307000000001	0.02600949626879895	0.4252859	0.08506661425657346	0.02704669999999998	0.025910319516469795
tw5	MC3_NNI	0.1	20000	10	0.9733956000000001	0.025945279076977024	0.9378307000000001	0.02600949626879895	0.4286625	0.08625912068931867	0.02660439999999986	0.025945279076977024
tw5	MC3_NNI	0.1	30000	10	0.9735767000000001	0.025962022009958223	0.9378307000000001	0.02600949626879895	0.4299252	0.08675991864165541	0.026423299999999927	0.025962022009958223
tw5	MC3_NNI	0.1	40000	10	0.9736726000000001	0.025971462818597215	0.9378307000000001	0.02600949626879895	0.4305909	0.08704400398922758	0.02632739999999989	0.025971462818597215
tw5	MC3_NNI	0.1	50000	10	0.9737240000000001	0.025976903273656177	0.9378307000000001	0.02600949626879895	0.4309233	0.08718696449113761	0.026275999999999855	0.025976903273656177
tw5	MC3_NNI	0.1	60000	10	0.9737662	0.025981010437881993	0.9378307000000001	0.02600949626879895	0.431095	0.08726646105170581	0.026233799999999974	0.025981010437881993
tw5	MC3_NNI	0.1	70000	10	0.9737941000000001	0.02598319973472175	0.9378307000000001	0.02600949626879895	0.43132600000000004	0.08735261504563621	0.026205899999999893	0.02598319973472175
tw5	MC3_NNI	0.1	80000	10	0.9758115	0.02398790037509652	0.9397439000000001	0.024132604714346292	0.43156239999999996	0.08742915975884578	0.024188499999999946	0.02398790037509652
tw5	MC3_NNI	0.1	90000	10	0.9758322999999999	0.02398775859014111	0.9397439000000001	0.024132604714346292	0.43182110000000007	0.08752582174896859	0.024167700000000125	0.02398775859014111
tw5	MC3_NNI	0.1	100000	10	0.9758451000000001	0.023989061043849878	0.9397439000000001	0.024132604714346292	0.43207720000000005	0.08760300519627039	0.024154899999999868	0.023989061043849878
tw5	MC3_NNI	0.1	200000	10	0.9759057	0.023994097662666025	0.9397439000000001	0.024132604714346292	0.4331818	0.08794748787553727	0.024094300000000013	0.023994097662666025
tw5	MC3_NNI	0.1	300000	10	0.9759293999999998	0.023996055365737835	0.9397439000000001	0.024132604714346292	0.4337687	0.08811013451723675	0.024070600000000164	0.023996055365737835
tw5	MC3_NNI	0.1	400000	10	0.9779408	0.02199809699385633	0.941657	0.02226199312780017	0.4340086	0.08818727903819235	0.022059199999999946	0.02199809699385633
tw5	MC3_NNI	0.1	500000	10	0.9779498999999999	0.021998550234781887	0.941657	0.02226199312780017	0.43447329999999995	0.08830918627691005	0.022050100000000072	0.021998550234781887
tw5	MC3_NNI	0.1	600000	10	0.9779563999999998	0.021999159895676825	0.941657	0.02226199312780017	0.4348556	0.08841687883018214	0.022043600000000163	0.021999159895676825
tw5	MC3_NNI	0.1	700000	10	0.9779605	0.021999614626548956	0.941657	0.02226199312780017	0.4351726	0.0884995390116305	0.02203949999999999	0.021999614626548956
tw5	MC3_NNI	0.1	800000	10	0.9779642000000001	0.021999914019932995	0.941657	0.02226199312780017	0.43546199999999996	0.0885761632941454	0.02203579999999994	0.021999914019932995
tw5	MC3_NNI	0.1	900000	10	0.9779672000000001	0.02200024677982802	0.941657	0.02226199312780017	0.4357361	0.08864859654619468	0.022032799999999853	0.02200024677982802
tw5	MC3_NNI	0.1	1000000	10	0.9779697	0.02200052415691246	0.941657	0.02226199312780017	0.43600690000000003	0.08872626328526156	0.022030299999999947	0.02200052415691246
tw5	MC3_NNI	0.2	1	10	0.0	0.0	0.0	0.0	0.0	0.0	1.0	0.0
tw5	MC3_NNI	0.2	2	10	0.0	0.0	0.0	0.0	0.0	0.0	1.0	0.0
tw5	MC3_NNI	0.2	3	10	4e-07	3.0550504633038935e-07	0.0	0.0	1e-07	1e-07	0.9999996	3.0550504633038935e-07
tw5	MC3_NNI	0.2	4	10	0.00038720000000000003	0.00020815468607104023	0.00034340000000000005	0.00021345440314554821	9.67e-05	5.207260956267379e-05	0.9996128	0.00020815468607104023
tw5	MC3_NNI	0.2	5	10	0.0016361000000000001	0.000814275075689345	0.0015497	0.0008298413375793926	0.00033539999999999997	0.0001614897451164555	0.9983639	0.000814275075689345
tw5	MC3_NNI	0.2	6	10	0.006518499999999999	0.0021879003341610925	0.006376699999999999	0.0021925145232003468	0.0011841	0.0003656815691281145	0.9934815	0.0021879003341610925
tw5	MC3_NNI	0.2	7	10	0.0212769	0.005251278492900561	0.0210201	0.005246135344655572	0.0039119	0.0009783288069174108	0.9787231	0.005251278492900561
tw5	MC3_NNI	0.2	8	10	0.0353052	0.007380614665459782	0.034870200000000004	0.007339681067548734	0.0073851	0.0017663480873133571	0.9646948	0.007380614665459782
tw5	MC3_NNI	0.2	9	10	0.057178400000000004	0.012673288090573285	0.056459300000000004	0.01258663497793504	0.0121275	0.002895884087804621	0.9428216	0.012673288090573285
tw5	MC3_NNI	0.2	10	10	0.0915789	0.019692766518840252	0.09051899999999999	0.019574687746622625	0.018749500000000002	0.004563444087406888	0.9084211	0.019692766518840252
tw5	MC3_NNI	0.2	20	10	0.40399430000000003	0.0695453805886727	0.40041210000000005	0.06929745782004641	0.09836769999999999	0.02231730310820134	0.5960057	0.0695453805886727
tw5	MC3_NNI	0.2	30	10	0.5728166	0.06508917912051297	0.5675480000000002	0.06496845711779423	0.161881	0.035739014614594826	0.4271834	0.06508917912051297
tw5	MC3_NNI	0.2	40	10	0.6727772999999999	0.057034399151554914	0.6662518	0.056941215205937507	0.2024512	0.04332857889015054	0.3272227000000001	0.057034399151554914
tw5	MC3_NNI	0.2	50	10	0.7393076	0.04855383489493332	0.7312491999999999	0.04856527559568095	0.2288437	0.04837155566194524	0.26069240000000005	0.04855383489493332
tw5	MC3_NNI	0.2	60	10	0.7751539000000001	0.04567236476164893	0.7652446	0.04575007193320391	0.2486679	0.051584912428054	0.22484609999999994	0.04567236476164893
tw5	MC3_NNI	0.2	70	10	0.8017317	0.0424101998892431	0.7906879	0.04271807480848514	0.2642818	0.054191704754469154	0.19826829999999995	0.0424101998892431
tw5	MC3_NNI	0.2	80	10	0.8301244999999999	0.03799287166773672	0.8183818	0.038505273998015156	0.2774198	0.05657716315240039	0.16987550000000007	0.03799287166773672
tw5	MC3_NNI	0.2	90	10	0.8461237	0.03570771506490813	0.8334227000000001	0.036162128150886125	0.2881025	0.05864642358012029	0.15387629999999997	0.03570771506490813
tw5	MC3_NNI	0.2	100	10	0.8604919000000001	0.03348552876972048	0.8470198	0.03412354402813401	0.29786450000000003	0.06008471532469801	0.1395080999999999	0.03348552876972048
tw5	MC3_NNI	0.2	200	10	0.9203284	0.02629279337816099	0.9012931999999999	0.027428534055614413	0.3419085	0.0676153798049017	0.07967159999999995	0.02629279337816099
tw5	MC3_NNI	0.2	300	10	0.9333081	0.02603118186306142	0.9107903	0.027352983309991367	0.35910510000000007	0.07058311378564046	0.06669190000000003	0.02603118186306142
tw5	MC3_NNI	0.2	400	10	0.9449641000000002	0.026548242710394226	0.9203754	0.027739716046852384	0.3693328	0.07236171052010555	0.055035899999999804	0.026548242710394226
tw5	MC3_NNI	0.2	500	10	0.9489057000000001	0.026611611484066284	0.9230824999999999	0.02777167806047096	0.3762428	0.0733132811284407	0.051094299999999926	0.026611611484066284
tw5	MC3_NNI	0.2	600	10	0.9516958000000001	0.026752845900452044	0.9249291	0.027834100239514353	0.381187	0.07401593579253352	0.04830419999999991	0.026752845900452044
tw5	MC3_NNI	0.2	700	10	0.9530257000000001	0.02683639693900389	0.9255188999999998	0.02786221778699606	0.3852156	0.07475161051943222	0.04697429999999991	0.02683639693900389
tw5	MC3_NNI	0.2	800	10	0.9563689	0.026884327005173684	0.9281425999999999	0.02772295597923617	0.3885488	0.07530260177603428	0.043631100000000034	0.026884327005173684
tw5	MC3_NNI	0.2	900	10	0.9577833	0.02696328731032047	0.9289346999999999	0.027750827941222453	0.39121590000000006	0.0758310340660149	0.042216699999999996	0.02696328731032047
tw5	MC3_NNI	0.2	1000	10	0.9600529	0.027081767469174612	0.9307072999999999	0.027816788892901022	0.3936961	0.07630080998848499	0.03994710000000001	0.027081767469174612
tw5	MC3_NNI	0.2	2000	10	0.9658507000000001	0.02745930197180709	0.9335538	0.02780810636718884	0.40669380000000005	0.07915264577269528	0.03414929999999994	0.02745930197180709
tw5	MC3_NNI	0.2	3000	10	0.9693054999999999	0.02777409917621092	0.9357673000000002	0.0278792148207824	0.4125037	0.0808216853068875	0.03069450000000007	0.02777409917621092
tw5	MC3_NNI	0.2	4000	10	0.970065	0.027841371838806115	0.9359176000000001	0.02789122366432375	0.41596489999999997	0.08189481587790931	0.029935000000000045	0.027841371838806115
tw5	MC3_NNI	0.2	5000	10	0.9704694999999999	0.02787155495652233	0.9359176000000001	0.02789122366432375	0.4180217	0.08262484866646758	0.029530500000000126	0.02787155495652233
tw5	MC3_NNI	0.2	6000	10	0.9706813000000001	0.02788923479929128	0.9359176000000001	0.02789122366432375	0.41952799999999996	0.08321239811617283	0.02931869999999992	0.02788923479929128
tw5	MC3_NNI	0.2	7000	10	0.9708465000000001	0.027900464820202066	0.9359176000000001	0.02789122366432375	0.42098969999999997	0.08372040813698493	0.029153499999999943	0.027900464820202066
tw5	MC3_NNI	0.2	8000	10	0.9709825000000001	0.02790882440425927	0.9359176000000001	0.02789122366432375	0.42200689999999996	0.08410627896687885	0.02901749999999992	0.02790882440425927
tw5	MC3_NNI	0.2	9000	10	0.9710780999999999	0.027917355622324495	0.9359176000000001	0.02789122366432375	0.42281569999999996	0.08440084587149191	0.028921900000000056	0.027917355622324495
tw5	MC3_NNI	0.2	10000	10	0.9711599	0.027924980179223048	0.9359176000000001	0.02789122366432375	0.4234783999999999	0.08467980728186224	0.028840100000000035	0.027924980179223048
tw5	MC3_NNI	0.2	20000	10	0.9715128	0.02795438307346055	0.9359176000000001	0.02789122366432375	0.42644340000000003	0.08589218436960502	0.028487200000000046	0.02795438307346055
tw5	MC3_NNI	0.2	30000	10	0.9716393	0.027966485286281106	0.9359176000000001	0.02789122366432375	0.42764579999999996	0.0863844018387579	0.028360700000000016	0.027966485286281106
tw5	MC3_NNI	0.2	40000	10	0.9717169999999999	0.02797469576321509	0.9359176000000001	0.02789122366432375	0.42831450000000004	0.08663159027324975	0.028283000000000058	0.02797469576321509
tw5	MC3_NNI	0.2	50000	10	0.9717636000000001	0.02797938611120694	0.9359176000000001	0.02789122366432375	0.42872600000000005	0.0867901636278879	0.02823639999999994	0.02797938611120694
tw5	MC3_NNI	0.2	60000	10	0.9717949999999999	0.02798262940031825	0.9359176000000001	0.02789122366432375	0.42894380000000004	0.08686605513084818	0.028205000000000147	0.02798262940031825
tw5	MC3_NNI	0.2	70000	10	0.9718171000000002	0.0279847349172326	0.9359176000000001	0.02789122366432375	0.4291893	0.0869602637551006	0.02818289999999979	0.0279847349172326
tw5	MC3_NNI	0.2	80000	10	0.9718346	0.02798644726140772	0.9359176000000001	0.02789122366432375	0.42935219999999996	0.08702103564027874	0.028165400000000007	0.02798644726140772
tw5	MC3_NNI	0.2	90000	10	0.9718514	0.027987863443206158	0.9359176000000001	0.02789122366432375	0.42941909999999994	0.0870486114924618	0.028148599999999968	0.027987863443206158
tw5	MC3_NNI	0.2	100000	10	0.9718622	0.027988946915920618	0.9359176000000001	0.02789122366432375	0.42943180000000003	0.0870669452422547	0.02813779999999999	0.027988946915920618
tw5	MC3_NNI	0.2	200000	10	0.9739146999999999	0.025993870833568092	0.9378307000000001	0.02600949626879895	0.4302701	0.08728855615809872	0.02608530000000009	0.025993870833568092
tw5	MC3_NNI	0.2	300000	10	0.9739353999999999	0.025995831045338362	0.9378307000000001	0.02600949626879895	0.4308185	0.0874424157973247	0.026064600000000104	0.025995831045338362
tw5	MC3_NNI	0.2	400000	10	0.9739471999999999	0.025996916944044636	0.9378307000000001	0.02600949626879895	0.4311758	0.08752581293129727	0.026052800000000098	0.025996916944044636
tw5	MC3_NNI	0.2	500000	10	0.977955	0.021998560402899093	0.941657	0.02226199312780017	0.4318537	0.08768351615745369	0.02204499999999998	0.021998560402899093
tw5	MC3_NNI	0.2	600000	10	0.977961	0.02199911466400409	0.941657	0.02226199312780017	0.43250759999999994	0.08783102314598817	0.02203900000000003	0.02199911466400409
tw5	MC3_NNI	0.2	700000	10	0.9779649999999999	0.021999558385971698	0.941657	0.02226199312780017	0.43301300000000004	0.0879531314722664	0.022035000000000138	0.021999558385971698
tw5	MC3_NNI	0.2	800000	10	0.9779681	0.02199990227273748	0.941657	0.02226199312780017	0.43348519999999996	0.08806915447316262	0.022031899999999993	0.02199990227273748
tw5	MC3_NNI	0.2	900000	10	0.9779709000000001	0.02200021302293331	0.941657	0.02226199312780017	0.4339053	0.08817435142779458	0.022029099999999913	0.02200021302293331
tw5	MC3_NNI	0.2	1000000	10	0.9779730000000001	0.022000334928258602	0.941657	0.02226199312780017	0.4342638	0.08826626306425851	0.022026999999999908	0.022000334928258602
tw5	MC3_NNI	0.3	1	10	0.0	0.0	0.0	0.0	0.0	0.0	1.0	0.0
tw5	MC3_NNI	0.3	2	10	1e-07	1e-07	0.0	0.0	1e-07	1e-07	0.9999999	1e-07
tw5	MC3_NNI	0.3	3	10	1.4000000000000001e-06	1.0022197585581939e-06	0.0	0.0	5e-07	3.073181485764296e-07	0.9999986	1.0022197585581939e-06
tw5	MC3_NNI	0.3	4	10	0.0005358	0.0005100529122878658	0.0005249	0.0005110534316487855	0.0001339	0.0001275190138327963	0.9994642	0.0005100529122878658
tw5	MC3_NNI	0.3	5	10	0.0057069999999999985	0.0024356382827596637	0.0056139	0.0024536735518175374	0.0012439999999999999	0.0004950840332711206	0.994293	0.0024356382827596637
tw5	MC3_NNI	0.3	6	10	0.017600200000000003	0.005377085600128671	0.017350300000000003	0.005320481935251104	0.0035412000000000004	0.0011287008047603522	0.9823998	0.005377085600128671
tw5	MC3_NNI	0.3	7	10	0.03706	0.014140454856741896	0.036586400000000005	0.014098954351456153	0.0078588	0.0028547096517081306	0.96294	0.014140454856741896
tw5	MC3_NNI	0.3	8	10	0.0610913	0.021217940334144904	0.06043440000000001	0.021149909016983187	0.0128693	0.0046402042389197574	0.9389087	0.021217940334144904
tw5	MC3_NNI	0.3	9	10	0.0790157	0.026009960195214957	0.07822910000000001	0.025975441634765537	0.018756000000000002	0.006431789579891431	0.9209843	0.026009960195214957
tw5	MC3_NNI	0.3	10	10	0.1032125	0.028995459469161336	0.10213860000000001	0.028892210417804078	0.02525	0.008160469550760475	0.8967875	0.028995459469161336
tw5	MC3_NNI	0.3	20	10	0.3327454	0.07162068512133132	0.32926320000000003	0.07091760591854308	0.0905909	0.02619108146528339	0.6672545999999999	0.07162068512133132
tw5	MC3_NNI	0.3	30	10	0.4823786	0.07217876362418212	0.47748920000000006	0.07137274515057473	0.13867200000000002	0.03725593207501025	0.5176214	0.07217876362418212
tw5	MC3_NNI	0.3	40	10	0.5636979	0.06956349476452749	0.557605	0.06864543576297617	0.1715878	0.0443741337487405	0.4363021	0.06956349476452749
tw5	MC3_NNI	0.3	50	10	0.6145728000000001	0.06920141212798094	0.6074355	0.06823489915973269	0.1930633	0.04910624111478431	0.38542719999999986	0.06920141212798094
tw5	MC3_NNI	0.3	60	10	0.6546384	0.06808182141368167	0.6464689000000001	0.06690675070382161	0.2087079	0.05199255202995692	0.34536160000000005	0.06808182141368167
tw5	MC3_NNI	0.3	70	10	0.6976576999999999	0.06475071920013278	0.6883794000000002	0.06358004740119165	0.2224716	0.05448448497267618	0.30234230000000006	0.06475071920013278
tw5	MC3_NNI	0.3	80	10	0.7287687	0.06555155092224914	0.7185628	0.0645300553769413	0.2332124	0.056704849825938354	0.27123129999999995	0.06555155092224914
tw5	MC3_NNI	0.3	90	10	0.7497733000000001	0.066049036381069	0.7388103000000001	0.06497330669266332	0.24303259999999996	0.05822558043777285	0.2502266999999999	0.066049036381069
tw5	MC3_NNI	0.3	100	10	0.7674475000000001	0.06703621483186034	0.7556708999999999	0.0660561118892197	0.25157090000000004	0.059922529135070166	0.23255249999999994	0.06703621483186034
tw5	MC3_NNI	0.3	200	10	0.8566672000000001	0.06024958573445408	0.8388686999999999	0.05949036274614383	0.30017059999999995	0.06800861233307963	0.14333279999999993	0.06024958573445408
tw5	MC3_NNI	0.3	300	10	0.8774824000000001	0.059362585245665386	0.8566545	0.05870620773199562	0.32203860000000006	0.07201700306335072	0.1225175999999999	0.059362585245665386
tw5	MC3_NNI	0.3	400	10	0.8924572	0.056941266072604246	0.8694403000000002	0.056214093638329604	0.33533240000000003	0.07429761011906402	0.10754280000000005	0.056941266072604246
tw5	MC3_NNI	0.3	500	10	0.9011497	0.05419620156617169	0.8764407999999999	0.05351912895234541	0.34449849999999993	0.07570109722428804	0.09885029999999995	0.05419620156617169
tw5	MC3_NNI	0.3	600	10	0.9037051999999999	0.05427615088104739	0.8780142999999999	0.05351893094390889	0.3513821	0.07666081332705488	0.09629480000000012	0.05427615088104739
tw5	MC3_NNI	0.3	700	10	0.9053881	0.054382411715850024	0.8787778999999999	0.05355670790945695	0.3570821	0.07745410548826819	0.09461189999999997	0.054382411715850024
tw5	MC3_NNI	0.3	800	10	0.9142808	0.05137782081551446	0.8869005999999999	0.0506252397918491	0.3618129	0.07813476835264253	0.0857192	0.05137782081551446
tw5	MC3_NNI	0.3	900	10	0.9217818000000001	0.04739583976979883	0.8935221999999999	0.04672255054034994	0.3658393	0.07853913499750723	0.0782181999999999	0.04739583976979883
tw5	MC3_NNI	0.3	1000	10	0.9246555000000001	0.047178164102391916	0.8958870999999998	0.04650589441289494	0.3692532	0.07906211171770093	0.07534449999999993	0.047178164102391916
tw5	MC3_NNI	0.3	2000	10	0.9457916	0.04321068176792503	0.9140902000000001	0.04262351489776506	0.3874545	0.08078383642759923	0.054208400000000045	0.04321068176792503
tw5	MC3_NNI	0.3	3000	10	0.9474897999999999	0.0433097735494734	0.9146914	0.042622700254207266	0.3953045	0.08184197397943183	0.05251020000000006	0.0433097735494734
tw5	MC3_NNI	0.3	4000	10	0.9500544	0.04137371354245753	0.9166046	0.04073348173219012	0.4000444000000001	0.08262027022363619	0.049945600000000034	0.04137371354245753
tw5	MC3_NNI	0.3	5000	10	0.9504199999999999	0.041408249989048754	0.9166046	0.04073348173219012	0.4030445	0.08312874380692074	0.04958000000000007	0.041408249989048754
tw5	MC3_NNI	0.3	6000	10	0.9507672000000001	0.04142555475221653	0.9167548999999999	0.040733870700888054	0.4051672	0.08355762828382443	0.049232799999999854	0.04142555475221653
tw5	MC3_NNI	0.3	7000	10	0.9529185	0.04164303316422408	0.9186989999999999	0.04096969351795977	0.4067092	0.08386948599564287	0.0470815	0.04164303316422408
tw5	MC3_NNI	0.3	8000	10	0.953031	0.041652626768975264	0.9186989999999999	0.04096969351795977	0.4081518	0.08411126609144977	0.04696900000000004	0.041652626768975264
tw5	MC3_NNI	0.3	9000	10	0.9531253999999999	0.041661685627124266	0.9186989999999999	0.04096969351795977	0.40903900000000004	0.0842648872385962	0.0468746000000001	0.041661685627124266
tw5	MC3_NNI	0.3	10000	10	0.9532092000000001	0.04166798836298409	0.9186989999999999	0.04096969351795977	0.4098947	0.08444013568756532	0.04679079999999991	0.04166798836298409
tw5	MC3_NNI	0.3	20000	10	0.9553651000000001	0.04176552266787896	0.920462	0.04100608465635855	0.4137236000000001	0.08516343609178764	0.04463489999999992	0.04176552266787896
tw5	MC3_NNI	0.3	30000	10	0.9576578000000001	0.041962435392675246	0.9225256	0.04114471279634035	0.41494870000000006	0.08530361081051742	0.042342199999999885	0.041962435392675246
tw5	MC3_NNI	0.3	40000	10	0.9577292	0.041969433421320645	0.9225256	0.04114471279634035	0.4157031	0.08537489342715976	0.04227080000000005	0.041969433421320645
tw5	MC3_NNI	0.3	50000	10	0.9577756999999998	0.041974244725135376	0.9225256	0.04114471279634035	0.4162317	0.08543566692482712	0.042224300000000214	0.041974244725135376
tw5	MC3_NNI	0.3	60000	10	0.9578043	0.04197729831046247	0.9225256	0.04114471279634035	0.41658760000000006	0.08550101870441856	0.04219569999999995	0.04197729831046247
tw5	MC3_NNI	0.3	70000	10	0.9578287000000001	0.04197978010239638	0.9225256	0.04114471279634035	0.41671050000000004	0.08552022287873072	0.04217129999999991	0.04197978010239638
tw5	MC3_NNI	0.3	80000	10	0.9578452000000001	0.041981273529938974	0.9225256	0.04114471279634035	0.4169015	0.08554637914335643	0.04215479999999994	0.041981273529938974
tw5	MC3_NNI	0.3	90000	10	0.9598568000000001	0.039983448754258855	0.9244387	0.039245642552475375	0.4171894	0.08558055742699713	0.040143199999999934	0.039983448754258855
tw5	MC3_NNI	0.3	100000	10	0.9598679999999999	0.03998435671053813	0.9244387	0.039245642552475375	0.4173796	0.08559564352377338	0.040132000000000057	0.03998435671053813
tw5	MC3_NNI	0.3	200000	10	0.9599224999999999	0.03998873146976671	0.9244387	0.039245642552475375	0.4184678	0.08570291732851208	0.0400775000000001	0.03998873146976671
tw5	MC3_NNI	0.3	300000	10	0.9619427	0.0379911944847604	0.9263519	0.03734790522504426	0.41919310000000004	0.08575973887403886	0.03805729999999996	0.0379911944847604
tw5	MC3_NNI	0.3	400000	10	0.9619538999999999	0.037992325925829344	0.9263519	0.03734790522504426	0.41957199999999994	0.08579468016582122	0.03804610000000008	0.037992325925829344
tw5	MC3_NNI	0.3	500000	10	0.9619612000000002	0.037993024919143595	0.9263519	0.03734790522504426	0.41982749999999996	0.0858116855231073	0.03803879999999982	0.037993024919143595
tw5	MC3_NNI	0.3	600000	10	0.9619666000000002	0.0379936242543696	0.9263519	0.03734790522504426	0.42005689999999996	0.08583378920117776	0.03803339999999977	0.0379936242543696
tw5	MC3_NNI	0.3	700000	10	0.9619709000000001	0.037993990475527095	0.9263519	0.03734790522504426	0.42030580000000006	0.08586223609128495	0.03802909999999993	0.037993990475527095
tw5	MC3_NNI	0.3	800000	10	0.9619742	0.03799435682361263	0.9263519	0.03734790522504426	0.42050470000000006	0.08587971585020658	0.0380258	0.03799435682361263
tw5	MC3_NNI	0.3	900000	10	0.9619764999999999	0.037994612178351456	0.9263519	0.03734790522504426	0.4206818	0.08589464866616804	0.0380235000000001	0.037994612178351456
tw5	MC3_NNI	0.3	1000000	10	0.9619785000000001	0.03799483422000358	0.9263519	0.03734790522504426	0.4208493	0.08590765963987793	0.03802149999999993	0.03799483422000358
tw5	MC3_NNI	0.4	1	10	1e-07	1e-07	0.0	0.0	1e-07	1e-07	0.9999999	1e-07
tw5	MC3_NNI	0.4	2	10	5.000000000000001e-07	5e-07	0.0	0.0	3e-07	2.9999999999999993e-07	0.9999995	5e-07
tw5	MC3_NNI	0.4	3	10	2e-06	1.4220486005134362e-06	0.0	0.0	7.000000000000001e-07	5.174724898753341e-07	0.999998	1.4220486005134362e-06
tw5	MC3_NNI	0.4	4	10	0.0019317999999999998	0.0019127209984150268	0.0019130999999999998	0.0019130999999999996	0.0004828000000000001	0.0004781413040793136	0.9980682	0.0019127209984150268
tw5	MC3_NNI	0.4	5	10	0.0064488	0.003896063368752276	0.0063936999999999996	0.0039033505950372654	0.0016723999999999999	0.0011379476965133327	0.9935512	0.003896063368752276
tw5	MC3_NNI	0.4	6	10	0.0118613	0.005483998936400739	0.011773700000000002	0.005485094612877906	0.0033022999999999998	0.0018427207785711264	0.9881387	0.005483998936400739
tw5	MC3_NNI	0.4	7	10	0.0245913	0.007495735478034605	0.024421900000000003	0.007458582622947427	0.0061281999999999994	0.002437686534401008	0.9754087	0.007495735478034605
tw5	MC3_NNI	0.4	8	10	0.0363257	0.010133637935169734	0.0360903	0.010099915352835609	0.0090166	0.003207235411101315	0.9636743	0.010133637935169734
tw5	MC3_NNI	0.4	9	10	0.046081	0.011925210973209468	0.0456576	0.011845596439371234	0.0112113	0.003580293814913953	0.953919	0.011925210973209468
tw5	MC3_NNI	0.4	10	10	0.0553173	0.011179560167307319	0.05479160000000001	0.01111192752476165	0.014413400000000002	0.004203080058983201	0.9446827	0.011179560167307319
tw5	MC3_NNI	0.4	20	10	0.16725640000000003	0.02967867826729036	0.16569590000000003	0.029615366039514767	0.0489127	0.013017259934452838	0.8327435999999999	0.02967867826729036
tw5	MC3_NNI	0.4	30	10	0.2595971	0.04090115696990326	0.2571712	0.04081151141278102	0.0742462	0.01879168240815305	0.7404029	0.04090115696990326
tw5	MC3_NNI	0.4	40	10	0.3269539	0.05077668157059016	0.32344769999999995	0.050522244646195195	0.09492840000000001	0.023286127842892974	0.6730461	0.05077668157059016
tw5	MC3_NNI	0.4	50	10	0.37383059999999996	0.055258470651053423	0.36928989999999995	0.05490186879868277	0.10910360000000001	0.026139288009176278	0.6261694	0.055258470651053423
tw5	MC3_NNI	0.4	60	10	0.40732360000000006	0.05755325135910607	0.40198389999999995	0.057194907450741524	0.1201478	0.028642532944246086	0.5926764	0.05755325135910607
tw5	MC3_NNI	0.4	70	10	0.4388292	0.06168182698940678	0.4327643	0.06129632251395221	0.13064	0.030637406430701668	0.5611708	0.06168182698940678
tw5	MC3_NNI	0.4	80	10	0.4666938	0.06923961999042007	0.45999229999999997	0.06888190213144202	0.13960559999999997	0.03228021326833032	0.5333062	0.06923961999042007
tw5	MC3_NNI	0.4	90	10	0.4897482	0.07264829666027965	0.48225949999999995	0.072228566939535	0.1475118	0.03401248371269976	0.5102518	0.07264829666027965
tw5	MC3_NNI	0.4	100	10	0.5161274	0.07367744467160744	0.5080957	0.07312909582133198	0.1545234	0.035424075046718656	0.4838726	0.07367744467160744
tw5	MC3_NNI	0.4	200	10	0.6490921	0.08584912963688099	0.6362216	0.08469079791941192	0.1992993	0.04443194582030916	0.35090790000000005	0.08584912963688099
tw5	MC3_NNI	0.4	300	10	0.713839	0.08787690495725635	0.6978599	0.08650889512972382	0.2263608	0.05013722530411466	0.286161	0.08787690495725635
tw5	MC3_NNI	0.4	400	10	0.7518942	0.0880054818212795	0.7331449	0.08617461765733445	0.24548230000000001	0.053897041495604266	0.24810580000000004	0.0880054818212795
tw5	MC3_NNI	0.4	500	10	0.7817679	0.08994515337810037	0.7610843	0.0877901175496359	0.2610923	0.057731357267962365	0.21823210000000004	0.08994515337810037
tw5	MC3_NNI	0.4	600	10	0.7860039000000001	0.0904141099312184	0.7640513999999999	0.08807718344348767	0.27275839999999996	0.06053242265049184	0.2139960999999999	0.0904141099312184
tw5	MC3_NNI	0.4	700	10	0.7929485	0.08962402600112315	0.7700185	0.08715733572406094	0.2820175	0.06287083355000331	0.20705150000000005	0.08962402600112315
tw5	MC3_NNI	0.4	800	10	0.8056975	0.08977560768868247	0.7819784999999999	0.08738385775788339	0.29006229999999994	0.06483678735187472	0.19430250000000004	0.08977560768868247
tw5	MC3_NNI	0.4	900	10	0.8115131000000002	0.08808497006305899	0.7871717	0.08565116437686192	0.2963117	0.06648717023758126	0.1884868999999998	0.08808497006305899
tw5	MC3_NNI	0.4	1000	10	0.8199227	0.08678543091633782	0.7950126000000001	0.08439745157121485	0.3015781	0.06775740761905258	0.1800773	0.08678543091633782
tw5	MC3_NNI	0.4	2000	10	0.8556391999999999	0.08352608714484887	0.8271438000000002	0.08098478258863753	0.33344319999999994	0.0753976428481834	0.14436080000000007	0.08352608714484887
tw5	MC3_NNI	0.4	3000	10	0.8699603999999999	0.08030465404448513	0.8399172	0.07777731198603699	0.3484819	0.07898793472612692	0.13003960000000014	0.08030465404448513
tw5	MC3_NNI	0.4	4000	10	0.8809676	0.0736798545958874	0.8499821000000001	0.07129368703709558	0.35721020000000003	0.0809037093889053	0.11903240000000004	0.0736798545958874
tw5	MC3_NNI	0.4	5000	10	0.8966312999999999	0.06501646083280244	0.8647514000000001	0.06288506696527138	0.36376259999999994	0.0821083858079199	0.10336870000000009	0.06501646083280244
tw5	MC3_NNI	0.4	6000	10	0.8998782999999999	0.0636659592264448	0.867606	0.06156677081799528	0.36939479999999997	0.08301963355667408	0.10012170000000009	0.0636659592264448
tw5	MC3_NNI	0.4	7000	10	0.9101353000000001	0.05960528545953137	0.8774460000000002	0.05763949027822273	0.37336709999999995	0.08362366269762138	0.08986469999999991	0.05960528545953137
tw5	MC3_NNI	0.4	8000	10	0.9146426000000002	0.057750903222027625	0.8816347	0.05587156859342683	0.3765554	0.08405813940444898	0.0853573999999998	0.057750903222027625
tw5	MC3_NNI	0.4	9000	10	0.9187556000000001	0.055188141943758574	0.885492	0.05341631696463793	0.37935030000000003	0.08435259656084493	0.08124439999999988	0.055188141943758574
tw5	MC3_NNI	0.4	10000	10	0.9211196000000001	0.05357242375932686	0.8876246999999999	0.051837362492286064	0.38172039999999996	0.08459372514964295	0.07888039999999985	0.05357242375932686
tw5	MC3_NNI	0.4	20000	10	0.9334980999999999	0.048005199984642866	0.8992584000000001	0.046558243956766436	0.39382219999999996	0.08558534436972515	0.06650190000000011	0.048005199984642866
tw5	MC3_NNI	0.4	30000	10	0.9396488	0.045066258628034435	0.9050597	0.04378363547010331	0.39909570000000005	0.08588772958746785	0.06035120000000005	0.045066258628034435
tw5	MC3_NNI	0.4	40000	10	0.9397207	0.045073902511086054	0.9050597	0.04378363547010331	0.4020137999999999	0.08602423374682791	0.060279300000000036	0.045073902511086054
tw5	MC3_NNI	0.4	50000	10	0.9397661999999999	0.045080195769514775	0.9050597	0.04378363547010331	0.403636	0.08609319578663319	0.060233800000000115	0.045080195769514775
tw5	MC3_NNI	0.4	60000	10	0.9437987000000001	0.044270576227971856	0.9089479	0.043076928097029704	0.40478569999999997	0.08609354823266374	0.0562012999999999	0.044270576227971856
tw5	MC3_NNI	0.4	70000	10	0.9498199000000002	0.04184829119263214	0.9147492999999999	0.040838507321195434	0.4057879	0.08606053649088466	0.05018009999999984	0.04184829119263214
tw5	MC3_NNI	0.4	80000	10	0.9518403	0.04173777614212333	0.9166933	0.04077648065519305	0.4067801999999999	0.08601078209384888	0.04815970000000003	0.04173777614212333
tw5	MC3_NNI	0.4	90000	10	0.9518575	0.0417390911949857	0.9166933	0.04077648065519305	0.40761689999999995	0.08599350063715408	0.04814249999999998	0.0417390911949857
tw5	MC3_NNI	0.4	100000	10	0.9518719000000001	0.04174065646889665	0.9166933	0.04077648065519305	0.4083335	0.0859736426297489	0.048128099999999896	0.04174065646889665
tw5	MC3_NNI	0.4	200000	10	0.9559219000000001	0.04181053477572634	0.9205814999999999	0.0409300989816785	0.41176240000000003	0.08586394502806298	0.0440780999999999	0.04181053477572634
tw5	MC3_NNI	0.4	300000	10	0.9559459	0.0418129752975344	0.9205814999999999	0.0409300989816785	0.4133629	0.08580931053970127	0.044054099999999985	0.0418129752975344
tw5	MC3_NNI	0.4	400000	10	0.9579552	0.039818750277224924	0.9224945999999999	0.039031174369043346	0.4141923	0.08579398849997849	0.04204479999999999	0.039818750277224924
tw5	MC3_NNI	0.4	500000	10	0.9579644	0.039817807437599786	0.9224945999999999	0.039031174369043346	0.4149780999999999	0.08579537002432006	0.04203559999999995	0.039817807437599786
tw5	MC3_NNI	0.4	600000	10	0.9579701	0.039818357583029464	0.9224945999999999	0.039031174369043346	0.41554719999999995	0.08579933134624197	0.04202989999999995	0.039818357583029464
tw5	MC3_NNI	0.4	700000	10	0.9599736	0.03782193599257799	0.9244078	0.037133605842746324	0.4161664	0.08581860903235898	0.04002640000000002	0.03782193599257799
tw5	MC3_NNI	0.4	800000	10	0.9599768	0.03782208843866533	0.9244078	0.037133605842746324	0.4166513	0.08583389510703539	0.040023200000000037	0.03782208843866533
tw5	MC3_NNI	0.4	900000	10	0.9599793999999999	0.037822387832017634	0.9244078	0.037133605842746324	0.4170272	0.08584704251578307	0.04002060000000007	0.037822387832017634
tw5	MC3_NNI	0.4	1000000	10	0.9599812	0.03782259329489599	0.9244078	0.037133605842746324	0.4173329	0.08585551988291465	0.04001880000000002	0.03782259329489599
tw5	MC3_NNI	0.5	1	10	0.0	0.0	0.0	0.0	0.0	0.0	1.0	0.0
tw5	MC3_NNI	0.5	2	10	2.8899999999999998e-05	2.8899999999999998e-05	0.0	0.0	1.4400000000000001e-05	1.4399999999999998e-05	0.9999711	2.8899999999999998e-05
tw5	MC3_NNI	0.5	3	10	6.01e-05	6.01e-05	0.0	0.0	2e-05	1.9999999999999995e-05	0.9999399	6.01e-05
tw5	MC3_NNI	0.5	4	10	0.0001609	0.0001293938389397098	9.95e-05	7.24530882709633e-05	4.02e-05	3.239437536912165e-05	0.9998391	0.0001293938389397098
tw5	MC3_NNI	0.5	5	10	0.0009239000000000001	0.0006444001939788659	0.0008621	0.0006433958941947537	0.0001987	0.00013046558081646582	0.9990761	0.0006444001939788659
tw5	MC3_NNI	0.5	6	10	0.0038696	0.002151171728255195	0.0037748000000000005	0.0021379920371954408	0.000668	0.0003561767663518901	0.9961304	0.002151171728255195
tw5	MC3_NNI	0.5	7	10	0.0072220999999999995	0.003983558625288589	0.0071194	0.003971129599161092	0.0014325000000000002	0.0008260691691512414	0.9927779	0.003983558625288589
tw5	MC3_NNI	0.5	8	10	0.007284999999999998	0.003975410488937659	0.007180799999999999	0.003962435647707382	0.0018893	0.0011831457978156744	0.992715	0.003975410488937659
tw5	MC3_NNI	0.5	9	10	0.0078516	0.003895842471147929	0.0077036	0.003890195074228997	0.0023913	0.0014603116033535066	0.9921484	0.003895842471147929
tw5	MC3_NNI	0.5	10	10	0.012030799999999998	0.0055315908838838275	0.0118437	0.0054946832060132865	0.0031869999999999997	0.001843113308146481	0.9879692	0.0055315908838838275
tw5	MC3_NNI	0.5	20	10	0.04366459999999999	0.014453048355277855	0.042899900000000005	0.014224649588693253	0.0120525	0.005542739662036374	0.9563354000000001	0.014453048355277855
tw5	MC3_NNI	0.5	30	10	0.0740064	0.0195304149664056	0.072819	0.019198286322829265	0.0203752	0.009464619240800621	0.9259936	0.0195304149664056
tw5	MC3_NNI	0.5	40	10	0.0954614	0.02247162014096892	0.09397950000000001	0.022166248498436632	0.027107100000000002	0.011750013386706323	0.9045386	0.02247162014096892
tw5	MC3_NNI	0.5	50	10	0.11086340000000001	0.025254045004139657	0.10905319999999999	0.024938026721722257	0.032387299999999994	0.013493125966827207	0.8891365999999999	0.025254045004139657
tw5	MC3_NNI	0.5	60	10	0.1371483	0.03045187937424114	0.1350579	0.030174348787026226	0.0373327	0.014633460435325001	0.8628517	0.03045187937424114
tw5	MC3_NNI	0.5	70	10	0.1596712	0.03521621593931472	0.15719909999999998	0.03491508778178855	0.0421048	0.015327168498236498	0.8403288	0.03521621593931472
tw5	MC3_NNI	0.5	80	10	0.1786571	0.03889189908949906	0.1757941	0.03857095073107336	0.0460346	0.016014803090474344	0.8213429	0.03889189908949906
tw5	MC3_NNI	0.5	90	10	0.18802579999999997	0.04205799538436314	0.184869	0.04170681803441202	0.0493491	0.016455610121002637	0.8119742000000001	0.04205799538436314
tw5	MC3_NNI	0.5	100	10	0.2043213	0.04789924104526315	0.20079819999999998	0.04747959619335915	0.05263199999999999	0.017193717196180184	0.7956787	0.04789924104526315
tw5	MC3_NNI	0.5	200	10	0.31493519999999997	0.07978708737283245	0.308488	0.07873333221366073	0.076698	0.023153453797555894	0.6850648	0.07978708737283245
tw5	MC3_NNI	0.5	300	10	0.3948208	0.09035487541513432	0.38592240000000005	0.08867156088963611	0.09420330000000002	0.027895659031887617	0.6051792	0.09035487541513432
tw5	MC3_NNI	0.5	400	10	0.4382368	0.09507460599489458	0.4271927	0.0928996693430367	0.1084295	0.03108556181046471	0.5617632	0.09507460599489458
tw5	MC3_NNI	0.5	500	10	0.4766210999999999	0.10052343800885996	0.4640936000000001	0.09800686153464516	0.1196632	0.03356297302047798	0.5233789000000001	0.10052343800885996
tw5	MC3_NNI	0.5	600	10	0.49348169999999997	0.10181919460746201	0.47965670000000005	0.09899129946796671	0.1298166	0.03605826772822011	0.5065183	0.10181919460746201
tw5	MC3_NNI	0.5	700	10	0.5168702000000001	0.10501884144177812	0.5017758	0.10190596629570922	0.1378998	0.03803910166943717	0.48312979999999994	0.10501884144177812
tw5	MC3_NNI	0.5	800	10	0.5334969	0.10745853447130715	0.5173223	0.10411283714872373	0.14494739999999998	0.03961113634690796	0.46650309999999995	0.10745853447130715
tw5	MC3_NNI	0.5	900	10	0.5467505	0.10783590430023757	0.5299663	0.10432311972255026	0.1511467	0.04091022240360253	0.45324949999999997	0.10783590430023757
tw5	MC3_NNI	0.5	1000	10	0.5628433	0.10747853449297055	0.5450510000000001	0.10369921660702701	0.15693790000000002	0.04210676077555717	0.43715669999999995	0.10747853449297055
tw5	MC3_NNI	0.5	2000	10	0.6373376000000001	0.11429923293318969	0.6153702	0.10959481012517579	0.195875	0.05161447024989967	0.36266239999999994	0.11429923293318969
tw5	MC3_NNI	0.5	3000	10	0.6745962000000001	0.11572036053509915	0.6505321000000001	0.11075074570187375	0.21932279999999998	0.05826187045073113	0.3254037999999999	0.11572036053509915
tw5	MC3_NNI	0.5	4000	10	0.7053229999999999	0.11550559604057671	0.6798120000000001	0.11049716818151194	0.23608690000000002	0.06294044652675873	0.2946770000000001	0.11550559604057671
tw5	MC3_NNI	0.5	5000	10	0.724046	0.11539852646055175	0.6977618	0.11053006057959476	0.24850289999999994	0.06617680544763734	0.27595400000000003	0.11539852646055175
tw5	MC3_NNI	0.5	6000	10	0.7387521	0.116607264384195	0.7119019	0.11182333024547148	0.2581503	0.06854260234288193	0.2612479	0.116607264384195
tw5	MC3_NNI	0.5	7000	10	0.7467462000000001	0.11768935404650856	0.7195326	0.11285868865741401	0.2665014	0.07074851370000644	0.25325379999999986	0.11768935404650856
tw5	MC3_NNI	0.5	8000	10	0.7627330000000001	0.11795979747863251	0.7347794999999999	0.11317799564159986	0.2733903999999999	0.07265621057773075	0.2372669999999999	0.11795979747863251
tw5	MC3_NNI	0.5	9000	10	0.769398	0.11657085247903479	0.7411837	0.11190205731939079	0.2794964	0.07428063117861433	0.23060199999999997	0.11657085247903479
tw5	MC3_NNI	0.5	10000	10	0.7734432	0.11673704784455627	0.7450102000000001	0.11203625163310112	0.2845322	0.07564542330105341	0.2265568	0.11673704784455627
tw5	MC3_NNI	0.5	20000	10	0.7968993000000001	0.11558667613508343	0.7673418000000001	0.11119784947568806	0.31261140000000004	0.08385005208654049	0.2031006999999999	0.11558667613508343
tw5	MC3_NNI	0.5	30000	10	0.8053134999999999	0.11662976536899906	0.7752823	0.11226871089439834	0.3256858	0.08745278143125136	0.1946865000000001	0.11662976536899906
tw5	MC3_NNI	0.5	40000	10	0.8115803999999999	0.1124798068611231	0.7812649	0.10822057127341053	0.3330729	0.08939926068727985	0.18841960000000013	0.1124798068611231
tw5	MC3_NNI	0.5	50000	10	0.817643	0.10998512964972433	0.7870663	0.10577554049433062	0.337653	0.09040903319592694	0.182357	0.10998512964972433
tw5	MC3_NNI	0.5	60000	10	0.8276752	0.10810348148580189	0.7968222	0.10410309164752664	0.3412705	0.09112910678887887	0.17232479999999994	0.10810348148580189
tw5	MC3_NNI	0.5	70000	10	0.835712	0.10282890982954808	0.8045677	0.09900058983214302	0.34432549999999995	0.09155651766013166	0.164288	0.10282890982954808
tw5	MC3_NNI	0.5	80000	10	0.839738	0.10179818473638036	0.8084735000000001	0.09809834101748781	0.3471691	0.09187810494894852	0.16026200000000002	0.10179818473638036
tw5	MC3_NNI	0.5	90000	10	0.8397526999999998	0.10179986464071442	0.8084735000000001	0.09809834101748781	0.3494307	0.09214552205591255	0.1602473000000002	0.10179986464071442
tw5	MC3_NNI	0.5	100000	10	0.8457706	0.09798058512131652	0.8143058	0.09440246484162018	0.35129859999999996	0.09231119302882204	0.15422939999999996	0.09798058512131652
tw5	MC3_NNI	0.5	200000	10	0.8598863999999999	0.09084437911018794	0.8278527	0.0874921343757445	0.3611897	0.09266736917504097	0.14011360000000006	0.09084437911018794
tw5	MC3_NNI	0.5	300000	10	0.8799232	0.0814633902762871	0.8472319	0.07846532618091041	0.3658268	0.0923237234435681	0.12007679999999998	0.0814633902762871
tw5	MC3_NNI	0.5	400000	10	0.8859574	0.07807372015761058	0.8530333000000001	0.0752180865288913	0.3691198	0.09188658540974423	0.1140426	0.07807372015761058
tw5	MC3_NNI	0.5	500000	10	0.8899666000000002	0.07653372252299417	0.8569215000000001	0.07375469388290558	0.3715823	0.09156142257984831	0.11003339999999984	0.07653372252299417
tw5	MC3_NNI	0.5	600000	10	0.8959712999999999	0.07336605166788278	0.8627227000000002	0.07073584007748672	0.37358139999999995	0.09123957358846238	0.10402870000000008	0.07336605166788278
tw5	MC3_NNI	0.5	700000	10	0.9039745	0.07058853780501477	0.8704373000000001	0.06807790725763306	0.3754361	0.09090554750379953	0.09602549999999999	0.07058853780501477
tw5	MC3_NNI	0.5	800000	10	0.9079776999999998	0.06818137528648616	0.8742946	0.06578447643601033	0.3771304999999999	0.09057286860941795	0.09202230000000022	0.06818137528648616
tw5	MC3_NNI	0.5	900000	10	0.9099804	0.06766126621802658	0.8762386999999998	0.06530254054442804	0.3784836	0.09032022619770413	0.09001959999999998	0.06766126621802658
tw5	MC3_NNI	0.5	1000000	10	0.9119863	0.06719744298806647	0.8781827999999999	0.06487530587807146	0.3796218	0.09010085473016705	0.08801369999999997	0.06719744298806647
tw5	NNI	0.0	1	10	0.0	0.0	0.0	0.0	0.0	0.0	1.0	0.0
tw5	NNI	0.0	2	10	0.0	0.0	0.0	0.0	0.0	0.0	1.0	0.0
tw5	NNI	0.0	3	10	0.0	0.0	0.0	0.0	0.0	0.0	1.0	0.0
tw5	NNI	0.0	4	10	0.0	0.0	0.0	0.0	0.0	0.0	1.0	0.0
tw5	NNI	0.0	5	10	0.0	0.0	0.0	0.0	0.0	0.0	1.0	0.0
tw5	NNI	0.0	6	10	0.0	0.0	0.0	0.0	0.0	0.0	1.0	0.0
tw5	NNI	0.0	7	10	0.0	0.0	0.0	0.0	0.0	0.0	1.0	0.0
tw5	NNI	0.0	8	10	0.0	0.0	0.0	0.0	0.0	0.0	1.0	0.0
tw5	NNI	0.0	9	10	0.0	0.0	0.0	0.0	0.0	0.0	1.0	0.0
tw5	NNI	0.0	10	10	0.0	0.0	0.0	0.0	0.0	0.0	1.0	0.0
tw5	NNI	0.0	20	10	0.0005283999999999999	0.0005215240955336793	0.0005123	0.0005122999999999999	5.4100000000000014e-05	5.365599272733248e-05	0.9994716	0.0005215240955336793
tw5	NNI	0.0	30	10	0.004918800000000001	0.002859873994116213	0.004797	0.002856934164838634	0.0008496	0.0004861666426694086	0.9950812	0.002859873994116213
tw5	NNI	0.0	40	10	0.014687799999999997	0.003588232235144951	0.0144068	0.003649941962400072	0.0027752	0.0009487497246376412	0.9853122	0.003588232235144951
tw5	NNI	0.0	50	10	0.0267687	0.006071043124812516	0.0263686	0.005996834507934629	0.005291999999999999	0.0014287621137816391	0.9732313	0.006071043124812516
tw5	NNI	0.0	60	10	0.0555407	0.014031290154547838	0.05483080000000001	0.013813636560217507	0.008996500000000001	0.0019710192188588903	0.9444593	0.014031290154547838
tw5	NNI	0.0	70	10	0.08746670000000001	0.016487824641265175	0.0865002	0.016372057148826606	0.014300799999999999	0.003105039365647756	0.9125333	0.016487824641265175
tw5	NNI	0.0	80	10	0.1218062	0.019128183274250934	0.12053320000000003	0.019049564518090405	0.0210797	0.0040939610703517385	0.8781938	0.019128183274250934
tw5	NNI	0.0	90	10	0.16412319999999997	0.028690462120053453	0.1625877	0.028633292867278354	0.0288821	0.005127520861759392	0.8358768000000001	0.028690462120053453
tw5	NNI	0.0	100	10	0.20224390000000003	0.034361041959188474	0.20042770000000001	0.0343337337873248	0.036761499999999996	0.006123733732599563	0.7977561	0.034361041959188474
tw5	NNI	0.0	200	10	0.41854119999999995	0.07661729182875973	0.41407730000000004	0.07646555586116317	0.10026110000000002	0.01704156967956101	0.5814588	0.07661729182875973
tw5	NNI	0.0	300	10	0.4958488	0.08161548904681704	0.49002860000000015	0.08135541508060651	0.1373218	0.02373809461173233	0.5041512	0.08161548904681704
tw5	NNI	0.0	400	10	0.5374052	0.08283659521515839	0.5300644	0.08254074742697963	0.15913670000000002	0.02814169284178034	0.4625948	0.08283659521515839
tw5	NNI	0.0	500	10	0.5728082999999999	0.08253371612014758	0.5642895	0.08219129468424392	0.175509	0.03173617786900831	0.42719170000000006	0.08253371612014758
tw5	NNI	0.0	600	10	0.5989986	0.0825633610530859	0.5891858	0.08226720297026702	0.18780729999999998	0.034173646426921174	0.40100139999999995	0.0825633610530859
tw5	NNI	0.0	700	10	0.6225143	0.08144435681044929	0.6118754000000001	0.08106697905260536	0.198442	0.0362179035386276	0.37748570000000004	0.08144435681044929
tw5	NNI	0.0	800	10	0.6372308	0.08160827260255749	0.6256782000000001	0.08119555505688444	0.20642860000000002	0.037697275924631186	0.3627692	0.08160827260255749
tw5	NNI	0.0	900	10	0.6486858	0.08172548974678043	0.6366001000000001	0.08127458805069392	0.2134776	0.03917461843569408	0.3513142	0.08172548974678043
tw5	NNI	0.0	1000	10	0.6517101000000001	0.08180527575494953	0.6390328999999999	0.08132196681086716	0.21929310000000002	0.04039084472128416	0.34828989999999993	0.08180527575494953
tw5	NNI	0.0	2000	10	0.7117959	0.08750878165183067	0.6949372	0.08725958696718913	0.2519606	0.04946036516089312	0.28820409999999996	0.08750878165183067
tw5	NNI	0.0	3000	10	0.7381298000000001	0.08554926116867793	0.7194227	0.08514356139134133	0.26721340000000005	0.053886320157078	0.26187019999999994	0.08554926116867793
tw5	NNI	0.0	4000	10	0.7578666000000001	0.08518662062217672	0.7378204	0.0845829665367679	0.2761173	0.05603918600964269	0.24213339999999994	0.08518662062217672
tw5	NNI	0.0	5000	10	0.7694282	0.08531631303394836	0.7483387	0.08457478386401916	0.2823217	0.05739831160254919	0.2305718	0.08531631303394836
tw5	NNI	0.0	6000	10	0.7730455	0.08482927165577929	0.7512255000000001	0.08402553783136411	0.2871121	0.05850131876850678	0.22695449999999995	0.08482927165577929
tw5	NNI	0.0	7000	10	0.7778137	0.08441970332742232	0.7554603	0.08353497488770796	0.29083200000000003	0.059299983537753	0.22218629999999995	0.08441970332742232
tw5	NNI	0.0	8000	10	0.7884234999999999	0.08403890922096739	0.7654418	0.0831016374571658	0.2940242	0.05996874848226273	0.21157650000000006	0.08403890922096739
tw5	NNI	0.0	9000	10	0.802421	0.08371109126911837	0.7788008	0.08269368983984744	0.2970835	0.060426280763928454	0.19757899999999995	0.08371109126911837
tw5	NNI	0.0	10000	10	0.8093011000000001	0.08268792818079444	0.7851125000000001	0.08160434393343015	0.29989129999999997	0.06094633872715863	0.1906988999999999	0.08268792818079444
tw5	NNI	0.0	20000	10	0.8392756	0.08220174118745227	0.8131446999999999	0.08086407590615666	0.3183131	0.06476548678346275	0.1607244	0.08220174118745227
tw5	NNI	0.0	30000	10	0.8559810000000001	0.08240420563795406	0.8286895000000001	0.08084308097532734	0.328626	0.06710202183921964	0.1440189999999999	0.08240420563795406
tw5	NNI	0.0	40000	10	0.8648828	0.0820448922159624	0.8368185	0.08035577307439294	0.335082	0.06881650964590143	0.13511720000000005	0.0820448922159624
tw5	NNI	0.0	50000	10	0.8731308999999999	0.08169651325804003	0.8446082	0.07994314781195724	0.33986750000000004	0.07011862841059666	0.12686910000000007	0.08169651325804003
tw5	NNI	0.0	60000	10	0.8795307000000001	0.08107137171407124	0.8505560000000001	0.07924428596070647	0.3440573	0.07133184223629258	0.12046929999999989	0.08107137171407124
tw5	NNI	0.0	70000	10	0.8835037	0.08083748931378722	0.8542198000000001	0.07896889248161792	0.3474116	0.07238111773709432	0.1164963	0.08083748931378722
tw5	NNI	0.0	80000	10	0.8896704	0.08038303965903917	0.8600727000000001	0.07841967856292335	0.35062479999999996	0.07343439734238989	0.11032960000000003	0.08038303965903917
tw5	NNI	0.0	90000	10	0.8939612	0.08035070150558737	0.8640131	0.07829647349181472	0.3531713	0.07424469020042218	0.10603879999999999	0.08035070150558737
tw5	NNI	0.0	100000	10	0.8998573000000001	0.08050436397350696	0.8695903000000001	0.07835681973128511	0.3555821	0.0751234145003259	0.10014269999999992	0.08050436397350696
tw5	NNI	0.0	200000	10	0.9116247000000002	0.08138798742526102	0.8799062000000001	0.07895350751223433	0.3681661	0.07996835098913263	0.08837529999999982	0.08138798742526102
tw5	NNI	0.0	300000	10	0.9141024	0.08159262373036205	0.8819456999999999	0.07907590612556323	0.3749677	0.082786511476347	0.08589760000000002	0.08159262373036205
tw5	NNI	0.0	400000	10	0.9145697	0.08164276672036944	0.8820844000000001	0.0790887940247753	0.37796719999999995	0.08410048639492057	0.08543029999999996	0.08164276672036944
tw5	NNI	0.0	500000	10	0.9169788999999999	0.08188608116000749	0.8841239000000002	0.07925596001037118	0.3792107	0.084731395613439	0.08302110000000007	0.08188608116000749
tw5	NNI	0.0	600000	10	0.9172295	0.08191325813027257	0.8841933000000001	0.07926242174617035	0.3805955	0.08541383953256312	0.08277049999999997	0.08191325813027257
tw5	NNI	0.0	700000	10	0.9173769	0.08192900716385158	0.8841933000000001	0.07926242174617035	0.38167870000000004	0.08598587674626185	0.08262309999999995	0.08192900716385158
tw5	NNI	0.0	800000	10	0.9176297	0.08195679320553265	0.8842626000000001	0.07926893427401291	0.38219149999999996	0.08630077208193962	0.08237030000000001	0.08195679320553265
tw5	NNI	0.0	900000	10	0.9177065000000001	0.08196524246034616	0.8842626000000001	0.07926893427401291	0.38266290000000003	0.08658278803003773	0.08229349999999991	0.08196524246034616
tw5	NNI	0.0	1000000	10	0.9177742	0.08197261673575308	0.8842626000000001	0.07926893427401291	0.38309340000000003	0.08678291704211019	0.08222580000000002	0.08197261673575308
tw5	NNI	0.02	1	10	0.0	0.0	0.0	0.0	0.0	0.0	1.0	0.0
tw5	NNI	0.02	2	10	0.0	0.0	0.0	0.0	0.0	0.0	1.0	0.0
tw5	NNI	0.02	3	10	0.0	0.0	0.0	0.0	0.0	0.0	1.0	0.0
tw5	NNI	0.02	4	10	0.0	0.0	0.0	0.0	0.0	0.0	1.0	0.0
tw5	NNI	0.02	5	10	0.0	0.0	0.0	0.0	0.0	0.0	1.0	0.0
tw5	NNI	0.02	6	10	0.0	0.0	0.0	0.0	0.0	0.0	1.0	0.0
tw5	NNI	0.02	7	10	0.0	0.0	0.0	0.0	0.0	0.0	1.0	0.0
tw5	NNI	0.02	8	10	3e-07	2.9999999999999993e-07	0.0	0.0	0.0	0.0	0.9999997	2.9999999999999993e-07
tw5	NNI	0.02	9	10	1.2999999999999998e-06	1.2999999999999998e-06	0.0	0.0	1e-07	1e-07	0.9999987	1.2999999999999998e-06
tw5	NNI	0.02	10	10	1.2999999999999998e-06	1.2999999999999998e-06	0.0	0.0	2e-07	2e-07	0.9999987	1.2999999999999998e-06
tw5	NNI	0.02	20	10	0.0051903999999999995	0.003516237386753061	0.005181699999999999	0.003517142855753485	0.0006367000000000001	0.0005068164701787467	0.9948096	0.003516237386753061
tw5	NNI	0.02	30	10	0.0304508	0.010004873613283567	0.0301927	0.009978013930693377	0.0044134	0.0018797664760401606	0.9695492	0.010004873613283567
tw5	NNI	0.02	40	10	0.0760583	0.02123727436793358	0.0755317	0.021178205618066676	0.013469	0.004646957587736541	0.9239417	0.02123727436793358
tw5	NNI	0.02	50	10	0.1252604	0.02979477321432961	0.1243722	0.02968177702931173	0.024329200000000002	0.006894524661401007	0.8747396000000001	0.02979477321432961
tw5	NNI	0.02	60	10	0.1880614	0.04196889638032221	0.18699459999999998	0.04178935024572648	0.037793099999999996	0.009350578850115228	0.8119386	0.04196889638032221
tw5	NNI	0.02	70	10	0.23853579999999996	0.05506854030525151	0.2370091	0.05483342497346952	0.0514219	0.011415549674262539	0.7614642	0.05506854030525151
tw5	NNI	0.02	80	10	0.28724549999999993	0.06493995873510135	0.2853787	0.06468976606492285	0.0652195	0.013949416027800829	0.7127545000000001	0.06493995873510135
tw5	NNI	0.02	90	10	0.3162941	0.06984282617713862	0.3138819	0.06957450947716251	0.0774632	0.016039120641453852	0.6837059	0.06984282617713862
tw5	NNI	0.02	100	10	0.35761400000000004	0.07270974196748176	0.3547895	0.07243632298957478	0.08824	0.017985031723939525	0.6423859999999999	0.07270974196748176
tw5	NNI	0.02	200	10	0.5297376	0.07562422572462403	0.5242569	0.0753010485779802	0.15909420000000002	0.02945151647965026	0.47026239999999997	0.07562422572462403
tw5	NNI	0.02	300	10	0.6008523	0.07346855694801234	0.5933638	0.07329932900493245	0.1971372	0.03592934306409982	0.3991477	0.07346855694801234
tw5	NNI	0.02	400	10	0.6384631000000001	0.0744997453198406	0.6291478	0.07442018869661646	0.2195936	0.04016102529324225	0.36153689999999994	0.0744997453198406
tw5	NNI	0.02	500	10	0.6523667	0.07486694101805623	0.6421412999999999	0.07480051424289215	0.23449860000000006	0.04323915129838286	0.34763330000000003	0.07486694101805623
tw5	NNI	0.02	600	10	0.6636709	0.07452674287029082	0.6524121	0.07435599310769928	0.24527119999999997	0.045341737307743775	0.33632910000000005	0.07452674287029082
tw5	NNI	0.02	700	10	0.6763538999999998	0.07548505089345689	0.6642302999999999	0.07539238454233217	0.2524857	0.046884197557871835	0.32364610000000016	0.07548505089345689
tw5	NNI	0.02	800	10	0.682765	0.07514310509436127	0.6698324999999999	0.07510471186583435	0.25881529999999997	0.048331490018195054	0.31723500000000004	0.07514310509436127
tw5	NNI	0.02	900	10	0.6895317	0.07491123000652171	0.6760362	0.07485830639871865	0.2634858	0.0495951679070541	0.31046830000000003	0.07491123000652171
tw5	NNI	0.02	1000	10	0.6970416	0.07552469944567802	0.6828169	0.07554480921993692	0.2675357	0.05069639248398252	0.30295839999999996	0.07552469944567802
tw5	NNI	0.02	2000	10	0.7526197	0.07610201071209177	0.7342561	0.07599825148960117	0.2899703	0.0560003043922382	0.2473803	0.07610201071209177
tw5	NNI	0.02	3000	10	0.7724666	0.07797769156057105	0.7523569	0.07779256134524974	0.30013839999999997	0.05849643591179057	0.2275334	0.07797769156057105
tw5	NNI	0.02	4000	10	0.7841924	0.07649172723681372	0.7631491	0.07616523047230205	0.3066157	0.05983797599352029	0.2158076	0.07649172723681372
tw5	NNI	0.02	5000	10	0.7956722999999999	0.07622929236076728	0.7735795999999999	0.07580393717907327	0.3115742	0.06107589453855298	0.2043277000000001	0.07622929236076728
tw5	NNI	0.02	6000	10	0.8019942	0.07594733712555182	0.7791748999999999	0.0754291011292429	0.31564539999999996	0.0619982966332678	0.1980058	0.07594733712555182
tw5	NNI	0.02	7000	10	0.8048989000000001	0.07604716922125081	0.7816849	0.07546747072090067	0.31888550000000004	0.06261389022346932	0.19510109999999992	0.07604716922125081
tw5	NNI	0.02	8000	10	0.8111862000000001	0.07590749925692454	0.7874209000000001	0.07529008112205454	0.32101340000000006	0.06322331221897329	0.18881379999999992	0.07590749925692454
tw5	NNI	0.02	9000	10	0.8122052	0.07599156462877238	0.7880624	0.07532807237016251	0.3229801	0.06371490864754932	0.18779480000000004	0.07599156462877238
tw5	NNI	0.02	10000	10	0.8126717999999998	0.07601556470001537	0.7882952	0.07532775205383765	0.32449190000000006	0.06401205715062158	0.18732820000000017	0.07601556470001537
tw5	NNI	0.02	20000	10	0.8508765	0.07554982390953079	0.8243271999999999	0.0745044758415075	0.3344008	0.06609614462025921	0.14912349999999996	0.07554982390953079
tw5	NNI	0.02	30000	10	0.8658532999999998	0.07630477639848852	0.8382514000000001	0.07508827629577809	0.3421989	0.06795686452718044	0.13414670000000017	0.07630477639848852
tw5	NNI	0.02	40000	10	0.8770528000000001	0.07340585745108416	0.8484439	0.0721791946672308	0.3470135	0.06911287625942071	0.12294719999999992	0.07340585745108416
tw5	NNI	0.02	50000	10	0.8853341	0.0742074149518242	0.8561418999999999	0.07278440480891339	0.3507778	0.07010126666628626	0.11466589999999999	0.0742074149518242
tw5	NNI	0.02	60000	10	0.8881098999999999	0.07387149104980291	0.8585677	0.07239745108681504	0.3539303	0.07089022241842978	0.1118901000000001	0.07387149104980291
tw5	NNI	0.02	70000	10	0.8942026000000001	0.07423434856470867	0.8642266	0.07264182246523769	0.3560863	0.07143688023657278	0.10579739999999993	0.07423434856470867
tw5	NNI	0.02	80000	10	0.9030168999999999	0.07313875608434665	0.8722578000000001	0.07142014440475147	0.3584014	0.072030625572769	0.0969831000000001	0.07313875608434665
tw5	NNI	0.02	90000	10	0.9050904000000001	0.07298088304834051	0.8741586	0.07122664679960412	0.3610369	0.07282029124151378	0.09490959999999993	0.07298088304834051
tw5	NNI	0.02	100000	10	0.9051772999999999	0.07299171116001993	0.8741586	0.07122664679960412	0.36291799999999996	0.07343373261822148	0.09482270000000015	0.07299171116001993
tw5	NNI	0.02	200000	10	0.9166309	0.07338964802590045	0.8841037999999999	0.07132362408063372	0.3721585	0.07639621847422233	0.08336909999999997	0.07338964802590045
tw5	NNI	0.02	300000	10	0.9231613999999999	0.07371467592129956	0.889945	0.07147819497207987	0.37847510000000006	0.07904469162757792	0.07683860000000009	0.07371467592129956
tw5	NNI	0.02	400000	10	0.9253586	0.07393083792350191	0.8918459000000001	0.07162586749281914	0.3825814	0.08094796723467901	0.07464139999999997	0.07393083792350191
tw5	NNI	0.02	500000	10	0.9256089000000001	0.07395835701790418	0.8919152	0.07163225170221084	0.3851328	0.08218764115456235	0.07439109999999993	0.07395835701790418
tw5	NNI	0.02	600000	10	0.9256562	0.07396346340334381	0.8919152	0.07163225170221084	0.3867732	0.08302472682504491	0.07434379999999996	0.07396346340334381
tw5	NNI	0.02	700000	10	0.9256729	0.07396520655618347	0.8919152	0.07163225170221084	0.3879878	0.083649815558912	0.07432709999999998	0.07396520655618347
tw5	NNI	0.02	800000	10	0.9256902	0.07396701695332408	0.8919152	0.07163225170221084	0.38878989999999997	0.08408941462137523	0.07430979999999998	0.07396701695332408
tw5	NNI	0.02	900000	10	0.9257016	0.07396828209279975	0.8919152	0.07163225170221084	0.3893736	0.08440593531858079	0.07429839999999999	0.07396828209279975
tw5	NNI	0.02	1000000	10	0.9257097	0.07396918195588845	0.8919152	0.07163225170221084	0.3898278	0.08467253771924979	0.07429030000000003	0.07396918195588845
tw5	NNI	0.05	1	10	0.0	0.0	0.0	0.0	0.0	0.0	1.0	0.0
tw5	NNI	0.05	2	10	0.0	0.0	0.0	0.0	0.0	0.0	1.0	0.0
tw5	NNI	0.05	3	10	0.0	0.0	0.0	0.0	0.0	0.0	1.0	0.0
tw5	NNI	0.05	4	10	0.0	0.0	0.0	0.0	0.0	0.0	1.0	0.0
tw5	NNI	0.05	5	10	0.0	0.0	0.0	0.0	0.0	0.0	1.0	0.0
tw5	NNI	0.05	6	10	0.0	0.0	0.0	0.0	0.0	0.0	1.0	0.0
tw5	NNI	0.05	7	10	4e-07	4e-07	0.0	0.0	1e-07	1e-07	0.9999996	4e-07
tw5	NNI	0.05	8	10	0.0002578	0.00017378414452673432	0.00025739999999999997	0.00017384950068633756	3.2300000000000006e-05	2.1722517758717054e-05	0.9997422	0.00017378414452673432
tw5	NNI	0.05	9	10	0.0002578	0.00017378414452673432	0.00025739999999999997	0.00017384950068633756	5.74e-05	3.868137651233328e-05	0.9997422	0.00017378414452673432
tw5	NNI	0.05	10	10	0.0002605	0.00017335956532273867	0.00025739999999999997	0.00017384950068633756	7.77e-05	5.205809788645332e-05	0.9997395	0.00017335956532273867
tw5	NNI	0.05	20	10	0.0239895	0.011147605276719997	0.0237113	0.011041566741736529	0.0040156	0.0020172930388132615	0.9760105	0.011147605276719997
tw5	NNI	0.05	30	10	0.108515	0.03556588163738451	0.107536	0.03544179555929223	0.0186855	0.006099376516861739	0.891485	0.03556588163738451
tw5	NNI	0.05	40	10	0.19187110000000002	0.05759755550531444	0.19033529999999999	0.05747275442523468	0.04027750000000001	0.010958005835663915	0.8081289	0.05759755550531444
tw5	NNI	0.05	50	10	0.2607817	0.07014736054209975	0.2586916	0.06995039163566007	0.05945919999999999	0.014528371646005081	0.7392183	0.07014736054209975
tw5	NNI	0.05	60	10	0.313473	0.07552180457810402	0.3106985	0.07531360211914652	0.0759947	0.017054143045703976	0.686527	0.07552180457810402
tw5	NNI	0.05	70	10	0.3545542	0.0784810999261464	0.3514778	0.0782866548341982	0.09080880000000001	0.01907994607714253	0.6454458000000001	0.0784810999261464
tw5	NNI	0.05	80	10	0.3762431	0.07782605378684071	0.37276690000000007	0.07762008996207817	0.103662	0.02074497561927814	0.6237569000000001	0.07782605378684071
tw5	NNI	0.05	90	10	0.3949208	0.07926995847479394	0.3911173	0.07906042461659729	0.11417540000000001	0.022102574449949387	0.6050792	0.07926995847479394
tw5	NNI	0.05	100	10	0.4175312	0.08049300900185886	0.4134565	0.0802490197392882	0.12369399999999997	0.02335883311868696	0.5824688	0.08049300900185886
tw5	NNI	0.05	200	10	0.5270722000000001	0.07923233122586033	0.5198389999999999	0.0789745929882938	0.1723469	0.02974477469758344	0.4729277999999999	0.07923233122586033
tw5	NNI	0.05	300	10	0.5759537000000001	0.08040617504244725	0.5667416000000001	0.08012843799817058	0.1980055	0.035130642037100444	0.4240462999999999	0.08040617504244725
tw5	NNI	0.05	400	10	0.6006659	0.08200224368006985	0.5897351000000001	0.08191075921112764	0.21549000000000001	0.03955049766479979	0.3993341	0.08200224368006985
tw5	NNI	0.05	500	10	0.6263620999999999	0.08214102978014905	0.6141544999999999	0.08223346018464071	0.22675879999999998	0.04243477989437961	0.3736379000000001	0.08214102978014905
tw5	NNI	0.05	600	10	0.6437023	0.08340256544642707	0.6305094	0.08359100867905722	0.23519990000000002	0.045183655670176924	0.35629770000000005	0.08340256544642707
tw5	NNI	0.05	700	10	0.6630887000000001	0.08200890020141445	0.6493072	0.08216080540038541	0.24137789999999998	0.04706736026718633	0.3369112999999999	0.08200890020141445
tw5	NNI	0.05	800	10	0.6713612	0.08261540564578605	0.6568758	0.0827987027211578	0.24649039999999997	0.0486610947073281	0.3286388	0.08261540564578605
tw5	NNI	0.05	900	10	0.6780353	0.08276937081527601	0.6630109999999999	0.08295201003632562	0.25102070000000004	0.04998618501080517	0.3219647	0.08276937081527601
tw5	NNI	0.05	1000	10	0.6869739	0.08172546345913248	0.6715213999999999	0.08187216720964728	0.25476240000000006	0.05108801317686958	0.3130261	0.08172546345913248
tw5	NNI	0.05	2000	10	0.7339635	0.07938886431753371	0.7148501	0.07942524632164791	0.2780786	0.05652681300334873	0.2660365	0.07938886431753371
tw5	NNI	0.05	3000	10	0.7663163	0.0787092684536721	0.7452867999999999	0.07847457137581433	0.2896766	0.058619464225573854	0.23368370000000005	0.0787092684536721
tw5	NNI	0.05	4000	10	0.7925555	0.07819010180113733	0.7702411	0.07770221602695053	0.2985955	0.06033434565895651	0.20744450000000003	0.07819010180113733
tw5	NNI	0.05	5000	10	0.8073535999999999	0.07787873493140188	0.78404	0.07725131093903843	0.3059155	0.06170157386291788	0.1926464000000001	0.07787873493140188
tw5	NNI	0.05	6000	10	0.8141622999999999	0.07844233548127355	0.7902069	0.07771524167832915	0.3116564	0.06263938727655485	0.1858377000000001	0.07844233548127355
tw5	NNI	0.05	7000	10	0.8224138	0.07739660471935732	0.7978848	0.07661052561043205	0.3161105	0.06345387694490297	0.17758620000000003	0.07739660471935732
tw5	NNI	0.05	8000	10	0.8265977	0.0775493533117316	0.8015659000000002	0.0766851902822978	0.3196452	0.06413664827898494	0.1734023	0.0775493533117316
tw5	NNI	0.05	9000	10	0.8300613	0.07779907811079768	0.8045804999999999	0.07687407077396845	0.3225283	0.06470914447125004	0.1699387	0.07779907811079768
tw5	NNI	0.05	10000	10	0.8365104999999999	0.07651647441655221	0.8106028999999999	0.07556718143648368	0.3248569	0.06511859982429495	0.16348950000000007	0.07651647441655221
tw5	NNI	0.05	20000	10	0.8664226000000002	0.07527294251931137	0.8384283	0.07406759902954269	0.3406321	0.06803932584607064	0.13357739999999985	0.07527294251931137
tw5	NNI	0.05	30000	10	0.8791675000000001	0.07433678233018669	0.8502371	0.07297768777258033	0.3497304	0.07000522835557038	0.1208324999999999	0.07433678233018669
tw5	NNI	0.05	40000	10	0.8879674999999999	0.07435517571363512	0.8582781	0.07283087394206907	0.3547467	0.07113220183636944	0.11203250000000009	0.07435517571363512
tw5	NNI	0.05	50000	10	0.8911633	0.07407750981251551	0.8607451999999999	0.07246228027245931	0.3571072	0.0714950673637777	0.10883670000000001	0.07407750981251551
tw5	NNI	0.05	60000	10	0.8954473000000001	0.07386779685507977	0.8646303	0.07218039578230366	0.35980389999999995	0.07224869574731281	0.10455269999999994	0.07386779685507977
tw5	NNI	0.05	70000	10	0.8975769	0.07356502269669707	0.8665311000000001	0.07184387097317349	0.3616341	0.07274322955199641	0.10242309999999999	0.07356502269669707
tw5	NNI	0.05	80000	10	0.8997835000000001	0.07332426439942419	0.8685012999999999	0.07156472077141081	0.3635247	0.07325346452831503	0.10021649999999993	0.07332426439942419
tw5	NNI	0.05	90000	10	0.9060483000000001	0.07285933073304873	0.8744235	0.07101402548687123	0.36535969999999995	0.0738612884555382	0.09395169999999986	0.07285933073304873
tw5	NNI	0.05	100000	10	0.9085682	0.07305538143974517	0.8765447999999999	0.0711376800069649	0.3671888	0.07444365079034984	0.09143179999999995	0.07305538143974517
tw5	NNI	0.05	200000	10	0.9212461999999999	0.07358325211453426	0.8881135	0.07138767637286329	0.377199	0.07834942799067947	0.0787538000000001	0.07358325211453426
tw5	NNI	0.05	300000	10	0.9234771	0.07375039318003668	0.8900143	0.07148479712607894	0.382346	0.08064041217790384	0.07652289999999995	0.07375039318003668
tw5	NNI	0.05	400000	10	0.9255469	0.07395219544189792	0.8919152	0.07163225170221084	0.3852109	0.0821356137780615	0.07445310000000005	0.07395219544189792
tw5	NNI	0.05	500000	10	0.9257232	0.07397153268683838	0.8919152	0.07163225170221084	0.3873309	0.08317696007488425	0.07427680000000003	0.07397153268683838
tw5	NNI	0.05	600000	10	0.9257408	0.07397348769717732	0.8919152	0.07163225170221084	0.38842940000000004	0.08380271203596111	0.07425919999999997	0.07397348769717732
tw5	NNI	0.05	700000	10	0.9257856	0.07397834230686107	0.8919152	0.07163225170221084	0.38944989999999996	0.08432176145883759	0.07421440000000001	0.07397834230686107
tw5	NNI	0.05	800000	10	0.9257982	0.0739797383487608	0.8919152	0.07163225170221084	0.3902139	0.08470450898984068	0.07420179999999998	0.0739797383487608
tw5	NNI	0.05	900000	10	0.9258046	0.07398044971044715	0.8919152	0.07163225170221084	0.39075879999999996	0.08499967570693694	0.07419540000000002	0.07398044971044715
tw5	NNI	0.05	1000000	10	0.9258411000000001	0.07398450561652156	0.8919152	0.07163225170221084	0.3911341	0.08522267277334254	0.07415889999999992	0.07398450561652156
tw5	NNI	0.1	1	10	0.0	0.0	0.0	0.0	0.0	0.0	1.0	0.0
tw5	NNI	0.1	2	10	0.0	0.0	0.0	0.0	0.0	0.0	1.0	0.0
tw5	NNI	0.1	3	10	3.9e-06	3.9e-06	0.0	0.0	1.2999999999999998e-06	1.2999999999999998e-06	0.9999961	3.9e-06
tw5	NNI	0.1	4	10	3.9e-06	3.9e-06	0.0	0.0	2.0000000000000003e-06	2e-06	0.9999961	3.9e-06
tw5	NNI	0.1	5	10	0.0022519999999999997	0.0018875764885164252	0.0022477	0.0018837736892265537	0.0004511	0.00037824746308909107	0.997748	0.0018875764885164252
tw5	NNI	0.1	6	10	0.0030071	0.0019381105658748045	0.0029925	0.0019363400312617275	0.0008185999999999998	0.0006274477437293969	0.9969929	0.0019381105658748045
tw5	NNI	0.1	7	10	0.004285	0.0020777166206091616	0.004265199999999999	0.0020733882779429206	0.001245	0.0007985858334163794	0.995715	0.0020777166206091616
tw5	NNI	0.1	8	10	0.0081018	0.0038087757111410184	0.0080818	0.0038041431968607892	0.0020250999999999997	0.0011530128885277524	0.9918982	0.0038087757111410184
tw5	NNI	0.1	9	10	0.0107973	0.004035199031439878	0.010724599999999999	0.004026131035566969	0.0027832	0.0014166355510308374	0.9892027	0.004035199031439878
tw5	NNI	0.1	10	10	0.013541999999999998	0.004339951960819638	0.013403600000000002	0.00429546968379995	0.0036639999999999997	0.0016399750675611569	0.9864580000000001	0.004339951960819638
tw5	NNI	0.1	20	10	0.11467900000000002	0.033665233421967464	0.11346839999999998	0.03345437839180728	0.0221903	0.006909857813378733	0.885321	0.033665233421967464
tw5	NNI	0.1	30	10	0.245585	0.06279034660200562	0.24327559999999998	0.06245634248892047	0.0561361	0.015546792058849667	0.7544150000000001	0.06279034660200562
tw5	NNI	0.1	40	10	0.33993409999999996	0.07725128424181697	0.33678179999999996	0.07690439948978502	0.08723510000000001	0.02187207564018559	0.6600659	0.07725128424181697
tw5	NNI	0.1	50	10	0.38292829999999994	0.07988050630800565	0.3790055	0.07952314186536451	0.10905730000000002	0.025815631512731023	0.6170717000000001	0.07988050630800565
tw5	NNI	0.1	60	10	0.4141673	0.08299144647185035	0.40971409999999997	0.08270135384011422	0.1255034	0.028851865436782802	0.5858327	0.08299144647185035
tw5	NNI	0.1	70	10	0.4418127	0.08415342996073698	0.4369401	0.08381663441458252	0.13805559999999997	0.03103373713349894	0.5581872999999999	0.08415342996073698
tw5	NNI	0.1	80	10	0.469186	0.08211251522311729	0.4638460000000001	0.08177626835213257	0.14892639999999996	0.03265525023779995	0.530814	0.08211251522311729
tw5	NNI	0.1	90	10	0.49214399999999997	0.08299317210817873	0.4862432	0.08272655224208379	0.15869550000000004	0.034150897150164464	0.5078560000000001	0.08299317210817873
tw5	NNI	0.1	100	10	0.5046493	0.08202763484434172	0.4982725	0.08170452366345589	0.1669327	0.03538390583523343	0.49535070000000003	0.08202763484434172
tw5	NNI	0.1	200	10	0.5843643	0.08397774640066524	0.5747410000000001	0.08352672200985209	0.2105244	0.04306900791422477	0.41563570000000005	0.08397774640066524
tw5	NNI	0.1	300	10	0.6173789000000001	0.08303123708908192	0.6059189	0.08263106493477161	0.2312538	0.04748442720251673	0.38262109999999994	0.08303123708908192
tw5	NNI	0.1	400	10	0.6321722	0.08246051439929024	0.6191963	0.08207485227550247	0.24179079999999997	0.05003885421612112	0.36782780000000004	0.08246051439929024
tw5	NNI	0.1	500	10	0.6539194	0.08378804149853367	0.6398399	0.0835117021044822	0.2498211	0.05216155021308532	0.34608059999999996	0.08378804149853367
tw5	NNI	0.1	600	10	0.6677541	0.08325159807574599	0.6529374000000001	0.08301094111985748	0.2557319	0.053519350549424846	0.3322459	0.08325159807574599
tw5	NNI	0.1	700	10	0.6852031	0.08175866235620947	0.6697375000000001	0.08145823001831472	0.26053840000000006	0.054835986068598734	0.31479690000000005	0.08175866235620947
tw5	NNI	0.1	800	10	0.6979342	0.08130735063951952	0.6818485	0.08093933678547299	0.2646698	0.055921070157022794	0.30206580000000005	0.08130735063951952
tw5	NNI	0.1	900	10	0.7058731	0.08172251420990287	0.6892653	0.08132255959818967	0.2683644	0.05658805124547054	0.29412689999999997	0.08172251420990287
tw5	NNI	0.1	1000	10	0.7127824	0.08154323101169506	0.6955734	0.08113690322743268	0.2713181	0.05716187534779336	0.28721759999999996	0.08154323101169506
tw5	NNI	0.1	2000	10	0.7701101	0.08248731585919405	0.7497035999999999	0.08193623914906843	0.29136789999999996	0.06091736164828363	0.22988989999999998	0.08248731585919405
tw5	NNI	0.1	3000	10	0.7926589	0.08145109606225893	0.7705897	0.08066857712724604	0.3025308	0.06328279203452107	0.20734109999999994	0.08145109606225893
tw5	NNI	0.1	4000	10	0.8097986	0.08132466071496668	0.7864417	0.08035855922510336	0.3099802	0.06464559351087537	0.19020139999999996	0.08132466071496668
tw5	NNI	0.1	5000	10	0.8248424	0.08214956551493947	0.8005131999999999	0.08103061989832402	0.3154937	0.0656842988777971	0.17515760000000002	0.08214956551493947
tw5	NNI	0.1	6000	10	0.8335393	0.08185213792321562	0.8085652999999999	0.08065233608093582	0.3198127	0.06649517667688386	0.16646070000000002	0.08185213792321562
tw5	NNI	0.1	7000	10	0.8365601999999999	0.0820524017677863	0.8111136999999999	0.08080160287519743	0.3233486	0.06703317621615931	0.16343980000000013	0.0820524017677863
tw5	NNI	0.1	8000	10	0.8376039000000001	0.08207224880588106	0.811799	0.08078217036202975	0.3257787	0.0674709285921722	0.16239609999999993	0.08207224880588106
tw5	NNI	0.1	9000	10	0.8422817	0.08174658878904707	0.8160686	0.08041172562273904	0.3280424	0.0679095860921302	0.15771829999999998	0.08174658878904707
tw5	NNI	0.1	10000	10	0.8469855000000001	0.08159042485709404	0.8204828000000001	0.0802190775541579	0.33005419999999996	0.06829896352813691	0.15301449999999994	0.08159042485709404
tw5	NNI	0.1	20000	10	0.8712095	0.08116667866177188	0.8427203999999999	0.07945283763944494	0.34285679999999996	0.07157930551117565	0.12879050000000003	0.08116667866177188
tw5	NNI	0.1	30000	10	0.8820862999999999	0.08095798581034348	0.8525474000000001	0.07905021105842933	0.3503681	0.07393966518745011	0.11791370000000012	0.08095798581034348
tw5	NNI	0.1	40000	10	0.8903518	0.08052298968683828	0.8602327000000001	0.07849003487011726	0.35559979999999997	0.07558061386990125	0.10964819999999997	0.08052298968683828
tw5	NNI	0.1	50000	10	0.8990511000000001	0.08061640735696012	0.8682885	0.07841012469307347	0.3599291	0.07717867862311455	0.1009488999999999	0.08061640735696012
tw5	NNI	0.1	60000	10	0.9029718000000001	0.08077739302233294	0.8719524000000002	0.07849382672388956	0.36342070000000004	0.07859073008215124	0.0970281999999999	0.08077739302233294
tw5	NNI	0.1	70000	10	0.9055861999999999	0.08099108080218874	0.8742232	0.07863462884884467	0.366378	0.07985945776508462	0.0944138000000001	0.08099108080218874
tw5	NNI	0.1	80000	10	0.9076580999999999	0.08107363629160425	0.8760555	0.07867601713952535	0.3685458999999999	0.08079994201571764	0.09234190000000009	0.08107363629160425
tw5	NNI	0.1	90000	10	0.9080007	0.08110118176588632	0.8762751	0.07868776724814912	0.3705284999999999	0.08157710757481061	0.0919993	0.08110118176588632
tw5	NNI	0.1	100000	10	0.9104284	0.08136781084395582	0.8783147000000001	0.07887235055906615	0.37218870000000004	0.08229022058517443	0.08957159999999997	0.08136781084395582
tw5	NNI	0.1	200000	10	0.9153068000000001	0.08172190124396819	0.8823493000000001	0.07909771706356497	0.37928459999999997	0.08555162596080672	0.08469319999999991	0.08172190124396819
tw5	NNI	0.1	300000	10	0.9174904999999999	0.0819411549379255	0.8842626000000001	0.07926893427401291	0.3819729	0.08671136196017093	0.08250950000000012	0.0819411549379255
tw5	NNI	0.1	400000	10	0.9176386000000001	0.08195722636204815	0.8842626000000001	0.07926893427401291	0.3834957	0.08733521321348883	0.08236139999999992	0.08195722636204815
tw5	NNI	0.1	500000	10	0.9177233000000001	0.0819665625917802	0.8842626000000001	0.07926893427401291	0.38434739999999995	0.08767453916784126	0.08227669999999987	0.0819665625917802
tw5	NNI	0.1	600000	10	0.9177874000000001	0.08197366056215862	0.8842626000000001	0.07926893427401291	0.3845916	0.08782524198748329	0.08221259999999986	0.08197366056215862
tw5	NNI	0.1	700000	10	0.9178251	0.08197784925853106	0.8842626000000001	0.07926893427401291	0.3848985	0.08795781645011556	0.08217490000000005	0.08197784925853106
tw5	NNI	0.1	800000	10	0.9178341	0.08197885000134689	0.8842626000000001	0.07926893427401291	0.3851695	0.08809097963573417	0.08216590000000001	0.08197885000134689
tw5	NNI	0.1	900000	10	0.9178395000000001	0.08197945048489624	0.8842626000000001	0.07926893427401291	0.38543200000000005	0.08820630308455539	0.08216049999999986	0.08197945048489624
tw5	NNI	0.1	1000000	10	0.9178451000000001	0.08198007330937195	0.8842626000000001	0.07926893427401291	0.38570059999999995	0.08829505267431464	0.08215489999999992	0.08198007330937195
tw5	NNI	0.2	1	10	0.0	0.0	0.0	0.0	0.0	0.0	1.0	0.0
tw5	NNI	0.2	2	10	4.1e-06	4.1000000000000006e-06	0.0	0.0	2.0000000000000003e-06	2e-06	0.9999959	4.1000000000000006e-06
tw5	NNI	0.2	3	10	4.1e-06	4.1000000000000006e-06	0.0	0.0	2.7e-06	2.6999999999999996e-06	0.9999959	4.1000000000000006e-06
tw5	NNI	0.2	4	10	0.0001276	0.0001251746513209976	0.00012130000000000001	0.0001213	3.29e-05	3.234826115883202e-05	0.9998724	0.0001251746513209976
tw5	NNI	0.2	5	10	0.0009434000000000002	0.0004407457619384067	0.0008923000000000001	0.00044795012247148924	0.0002139	9.353341054879207e-05	0.9990566	0.0004407457619384067
tw5	NNI	0.2	6	10	0.0030604000000000004	0.0016297616062888871	0.0030021000000000006	0.0016290721179725459	0.0005868	0.0002888928213407565	0.9969396	0.0016297616062888871
tw5	NNI	0.2	7	10	0.0052376	0.002328793751661528	0.005113899999999999	0.0023219614000524066	0.0010811000000000002	0.0005029750258876346	0.9947624	0.002328793751661528
tw5	NNI	0.2	8	10	0.010348600000000001	0.0025860529005502656	0.010114300000000001	0.0025236878485000213	0.0020609	0.0006410377775312638	0.9896514	0.0025860529005502656
tw5	NNI	0.2	9	10	0.0214833	0.007239459352204571	0.021191599999999998	0.007175180250465257	0.0040412	0.0011560040445911558	0.9785167	0.007239459352204571
tw5	NNI	0.2	10	10	0.039451400000000005	0.010736794860250946	0.0390222	0.01070865185912774	0.007169	0.0019450659057671485	0.9605486	0.010736794860250946
tw5	NNI	0.2	20	10	0.19269209999999998	0.033678241459913286	0.1910274	0.033553592340943496	0.047629899999999996	0.010916144109070748	0.8073079000000001	0.033678241459913286
tw5	NNI	0.2	30	10	0.3105115	0.04950072712962013	0.3075397	0.04951389895643219	0.08392649999999999	0.0181740334214933	0.6894885	0.04950072712962013
tw5	NNI	0.2	40	10	0.3784693	0.05623274946645119	0.3747557	0.056350085464797646	0.11063160000000001	0.022956332333463992	0.6215307	0.05623274946645119
tw5	NNI	0.2	50	10	0.4212282	0.05950981855231024	0.4169514	0.05966563735614961	0.13002149999999998	0.026000889812231	0.5787718	0.05950981855231024
tw5	NNI	0.2	60	10	0.44816209999999995	0.06055159291756448	0.44335319999999995	0.06079806157158485	0.1460189	0.028812255894343143	0.5518379	0.06055159291756448
tw5	NNI	0.2	70	10	0.46847320000000003	0.059989645599108736	0.4631562000000001	0.06029973927063587	0.1576975	0.03077985116787712	0.5315268	0.059989645599108736
tw5	NNI	0.2	80	10	0.4964436	0.06191926466262337	0.4905901000000001	0.06226392926396291	0.1670262	0.03243020901834173	0.5035564	0.06191926466262337
tw5	NNI	0.2	90	10	0.5117629	0.06537196612249864	0.5053822	0.06576126237346049	0.1760063	0.03408225162327487	0.4882371	0.06537196612249864
tw5	NNI	0.2	100	10	0.5196571000000001	0.06549756440042467	0.5128929	0.06594683568391367	0.18278429999999998	0.03538896050812393	0.4803428999999999	0.06549756440042467
tw5	NNI	0.2	200	10	0.6088589999999999	0.06712924513834818	0.5985517	0.06759850764428489	0.22259259999999997	0.042913416137924355	0.39114100000000007	0.06712924513834818
tw5	NNI	0.2	300	10	0.6481985	0.06867796138795586	0.6357299	0.06916235195561399	0.24144569999999996	0.0472911048951186	0.3518015	0.06867796138795586
tw5	NNI	0.2	400	10	0.6764042	0.07123570730169901	0.6623829	0.07160880282703454	0.2540769	0.050041323456708135	0.3235958	0.07123570730169901
tw5	NNI	0.2	500	10	0.7040222	0.0737076223861398	0.6888637000000001	0.07402935528589692	0.2635814	0.05238577933523563	0.29597779999999996	0.0737076223861398
tw5	NNI	0.2	600	10	0.7153776000000001	0.0738902045509567	0.6993301	0.07414830372847378	0.27061450000000004	0.05407415550236956	0.28462239999999994	0.0738902045509567
tw5	NNI	0.2	700	10	0.7221358	0.0734071195214742	0.7052007	0.07356834778823022	0.2757521	0.05530649167009641	0.2778642	0.0734071195214742
tw5	NNI	0.2	800	10	0.7325643000000001	0.0752874524950945	0.7149311	0.07545746270897707	0.27976239999999997	0.05636321985049786	0.26743569999999994	0.0752874524950945
tw5	NNI	0.2	900	10	0.741058	0.07615000874633349	0.7227759	0.07621704166806936	0.2833196	0.05724662444239738	0.258942	0.07615000874633349
tw5	NNI	0.2	1000	10	0.7466931000000001	0.07643884442356516	0.7279473999999999	0.07644184745880724	0.28662869999999996	0.05794220623384611	0.2533068999999999	0.07643884442356516
tw5	NNI	0.2	2000	10	0.7950732	0.07831285385537505	0.7731167999999999	0.07781169781320371	0.3044866	0.06196625428053563	0.20492679999999996	0.07831285385537505
tw5	NNI	0.2	3000	10	0.8215587000000001	0.07850600763749796	0.7978544999999999	0.07774519792919689	0.31437060000000006	0.06343725018651633	0.1784412999999999	0.07850600763749796
tw5	NNI	0.2	4000	10	0.8373491999999999	0.07911782013986762	0.8124773	0.07816372837349532	0.3217623	0.06470815551210594	0.1626508000000001	0.07911782013986762
tw5	NNI	0.2	5000	10	0.8424619	0.07952898982613545	0.8169435999999999	0.07847696319404822	0.3267268	0.06554154093563698	0.15753810000000001	0.07952898982613545
tw5	NNI	0.2	6000	10	0.8508622999999998	0.07900780803004359	0.8247997	0.07788697034336216	0.33086230000000005	0.06626757710257375	0.14913770000000015	0.07900780803004359
tw5	NNI	0.2	7000	10	0.8581687	0.07796408080677636	0.8315331	0.07681194691155362	0.33367230000000003	0.06694936533049933	0.1418313	0.07796408080677636
tw5	NNI	0.2	8000	10	0.8608452	0.0780705622684163	0.8339831	0.07686756109055366	0.33664489999999997	0.0675415981550876	0.13915480000000002	0.0780705622684163
tw5	NNI	0.2	9000	10	0.8691072	0.0781621963406579	0.8417517	0.07685918420058133	0.33913069999999995	0.06798803333039163	0.13089280000000003	0.0781621963406579
tw5	NNI	0.2	10000	10	0.8694538999999999	0.07821040716077653	0.8419026000000001	0.07687898864929076	0.3412436	0.06842044505087642	0.1305461000000001	0.07821040716077653
tw5	NNI	0.2	20000	10	0.8914232999999998	0.07509845726423264	0.8619468000000001	0.07350418610283362	0.3550897	0.07172590201253813	0.10857670000000019	0.07509845726423264
tw5	NNI	0.2	30000	10	0.9005874000000003	0.0747472325307395	0.8700547999999999	0.07295403285156117	0.3620749	0.07382339876059321	0.09941259999999974	0.0747472325307395
tw5	NNI	0.2	40000	10	0.9070218000000001	0.07478937008289048	0.8758275	0.07285895246696408	0.3669285	0.07559113890592233	0.0929781999999999	0.07478937008289048
tw5	NNI	0.2	50000	10	0.9100801000000001	0.07491050793690798	0.8782254	0.0728697589130696	0.3700239	0.07678806088585645	0.08991989999999994	0.07491050793690798
tw5	NNI	0.2	60000	10	0.9124245999999999	0.07512572496011084	0.8802774	0.07302637051644045	0.37231049999999993	0.07773416645626298	0.08757540000000008	0.07512572496011084
tw5	NNI	0.2	70000	10	0.9165059000000001	0.07528130741299595	0.8840791000000001	0.07309126104952628	0.37459729999999997	0.07862944037078817	0.0834940999999999	0.07528130741299595
tw5	NNI	0.2	80000	10	0.9206817	0.07565724499155531	0.8879501000000001	0.07335989525050833	0.3758219	0.07929648916026062	0.07931829999999995	0.07565724499155531
tw5	NNI	0.2	90000	10	0.9211676000000001	0.07571093166265137	0.8880888	0.07337310844547279	0.37747109999999995	0.08007937016353074	0.07883239999999991	0.07571093166265137
tw5	NNI	0.2	100000	10	0.9211909	0.07571342200391772	0.8880888	0.07337310844547279	0.37901019999999996	0.08078418162566783	0.07880909999999997	0.07571342200391772
tw5	NNI	0.2	200000	10	0.9215641	0.07575455521990446	0.8880888	0.07337310844547279	0.3857594	0.08413239903868451	0.0784359	0.07575455521990446
tw5	NNI	0.2	300000	10	0.9237016	0.07596670914613408	0.8900021	0.07354106221265473	0.38815140000000004	0.085298968257431	0.07629839999999999	0.07596670914613408
tw5	NNI	0.2	400000	10	0.9238166	0.07597934064470713	0.8900021	0.07354106221265473	0.3892691	0.0858592283233239	0.07618340000000001	0.07597934064470713
tw5	NNI	0.2	500000	10	0.9238353	0.07598141904308653	0.8900021	0.07354106221265473	0.3901968	0.08625723895274594	0.07616469999999997	0.07598141904308653
tw5	NNI	0.2	600000	10	0.9238449	0.07598248625475772	0.8900021	0.07354106221265473	0.3906681	0.08650482874003818	0.07615510000000003	0.07598248625475772
tw5	NNI	0.2	700000	10	0.9238529	0.07598337576857044	0.8900021	0.07354106221265473	0.39112959999999997	0.08672045356818144	0.07614710000000002	0.07598337576857044
tw5	NNI	0.2	800000	10	0.9238614	0.07598432101137707	0.8900021	0.07354106221265473	0.3913638	0.0868407111753468	0.07613859999999995	0.07598432101137707
tw5	NNI	0.2	900000	10	0.9238659	0.0759848213257022	0.8900021	0.07354106221265473	0.3915917	0.08693568861636233	0.07613409999999998	0.0759848213257022
tw5	NNI	0.2	1000000	10	0.9238699	0.07598526608486528	0.8900021	0.07354106221265473	0.39167389999999996	0.0869917863634199	0.07613009999999998	0.07598526608486528
tw5	NNI	0.3	1	10	0.0	0.0	0.0	0.0	0.0	0.0	1.0	0.0
tw5	NNI	0.3	2	10	1.72e-05	1.7199999999999998e-05	0.0	0.0	8.6e-06	8.599999999999999e-06	0.9999828	1.7199999999999998e-05
tw5	NNI	0.3	3	10	0.0007183000000000001	0.0007183000000000001	0.0007011	0.0007010999999999999	0.0002394	0.0002394	0.9992817	0.0007183000000000001
tw5	NNI	0.3	4	10	0.0007183000000000001	0.0007183000000000001	0.0007011	0.0007010999999999999	0.0003549	0.00035490000000000006	0.9992817	0.0007183000000000001
tw5	NNI	0.3	5	10	0.0010888	0.0007341484379121765	0.0010368999999999999	0.000723084096077351	0.0004982000000000001	0.00041971158880566755	0.9989112	0.0007341484379121765
tw5	NNI	0.3	6	10	0.0078306	0.0028250344705861557	0.007767399999999999	0.0028123648775442425	0.0016633	0.0005775875123688568	0.9921694	0.0028250344705861557
tw5	NNI	0.3	7	10	0.012894799999999998	0.004755147495784612	0.0127892	0.004762934417165769	0.0030437	0.0010979095495025485	0.9871052	0.004755147495784612
tw5	NNI	0.3	8	10	0.0162077	0.0047829400327274296	0.015999700000000002	0.004772934941591668	0.0045546	0.0015179956170336374	0.9837923	0.0047829400327274296
tw5	NNI	0.3	9	10	0.029903799999999998	0.007963859361445863	0.029559399999999996	0.007942422496666589	0.006659	0.0020588289066036224	0.9700962	0.007963859361445863
tw5	NNI	0.3	10	10	0.046909799999999995	0.013502057730253975	0.0465004	0.013490738676917913	0.009624400000000002	0.0028957081851135017	0.9530902	0.013502057730253975
tw5	NNI	0.3	20	10	0.1865527	0.041480522761907314	0.184992	0.041418377047178254	0.052092799999999995	0.014446100289466817	0.8134473	0.041480522761907314
tw5	NNI	0.3	30	10	0.2690289	0.05752063387872217	0.2666673	0.05758655106746327	0.08178579999999999	0.02192919970561828	0.7309711	0.05752063387872217
tw5	NNI	0.3	40	10	0.31568310000000005	0.05899015429722149	0.31260940000000004	0.059022686998249516	0.10070090000000001	0.02613692929658043	0.6843169	0.05899015429722149
tw5	NNI	0.3	50	10	0.3487867	0.06177844413116745	0.34493050000000003	0.06180704530881212	0.11491359999999999	0.02912070921610407	0.6512133	0.06177844413116745
tw5	NNI	0.3	60	10	0.376421	0.06347495687189467	0.3716963	0.06341813454526322	0.1261412	0.03177529489986416	0.623579	0.06347495687189467
tw5	NNI	0.3	70	10	0.39756640000000004	0.06248834795102916	0.3922539	0.06248701566413616	0.1355208	0.033694736149665214	0.6024335999999999	0.06248834795102916
tw5	NNI	0.3	80	10	0.41753930000000006	0.06486200050826711	0.4117041	0.06491020928593076	0.14356220000000003	0.035224331161160624	0.5824606999999999	0.06486200050826711
tw5	NNI	0.3	90	10	0.43463890000000005	0.06716981474548916	0.4282737000000001	0.06731108575232363	0.14993019999999999	0.03640041248142358	0.5653611	0.06716981474548916
tw5	NNI	0.3	100	10	0.449068	0.06799269800190148	0.44236000000000003	0.06808035915837499	0.15582980000000002	0.03750278139901389	0.550932	0.06799269800190148
tw5	NNI	0.3	200	10	0.5327301	0.0752061122763377	0.5229455000000001	0.07536500991931791	0.1899773	0.0432387342008297	0.4672699	0.0752061122763377
tw5	NNI	0.3	300	10	0.5790212	0.0782033422893023	0.5671956	0.07823733766391706	0.2085254	0.04714628955783382	0.4209788	0.0782033422893023
tw5	NNI	0.3	400	10	0.614915	0.07838337550682825	0.6013393	0.07831484187447059	0.2211667	0.049341641912294634	0.385085	0.07838337550682825
tw5	NNI	0.3	500	10	0.64827	0.07798180886919147	0.6331701	0.077864460398888	0.2315404	0.05127460659629134	0.35173	0.07798180886919147
tw5	NNI	0.3	600	10	0.6673803	0.08046186214668552	0.6512078	0.08040723477424155	0.24074940000000003	0.053184727049574845	0.33261969999999996	0.08046186214668552
tw5	NNI	0.3	700	10	0.6829713	0.07980678790345955	0.6659748000000001	0.07964134889487717	0.24795799999999996	0.054758156986070214	0.31702870000000005	0.07980678790345955
tw5	NNI	0.3	800	10	0.6947232000000001	0.07858128118519489	0.6770275	0.07829979957860683	0.2542152	0.05602811054239747	0.3052767999999999	0.07858128118519489
tw5	NNI	0.3	900	10	0.6998439999999999	0.0785631263676966	0.6816083000000001	0.07824038967127031	0.2592155	0.05713693572370191	0.3001560000000001	0.0785631263676966
tw5	NNI	0.3	1000	10	0.7045317	0.07895885441700351	0.6857997000000001	0.07861966308176345	0.2636338	0.05817629172510434	0.2954683	0.07895885441700351
tw5	NNI	0.3	2000	10	0.7492849	0.07853701575045857	0.7275813	0.07764095884104386	0.2884257	0.06341276755740913	0.25071509999999997	0.07853701575045857
tw5	NNI	0.3	3000	10	0.7870481	0.0770804856182376	0.7634193	0.07607735024376323	0.3027775	0.06600721490619205	0.21295189999999997	0.0770804856182376
tw5	NNI	0.3	4000	10	0.811704	0.07922393207442642	0.7869398999999999	0.07798866410168566	0.31263499999999994	0.06764703400971184	0.18829600000000002	0.07922393207442642
tw5	NNI	0.3	5000	10	0.8223842000000001	0.07929449039495465	0.7969446	0.07799889718126361	0.3208805	0.06899055677558745	0.17761579999999988	0.07929449039495465
tw5	NNI	0.3	6000	10	0.8308683000000002	0.0798283288442629	0.8049460999999999	0.07853890662233733	0.3264208	0.07018510721526168	0.16913169999999977	0.0798283288442629
tw5	NNI	0.3	7000	10	0.8313057	0.07982606843396044	0.8051788999999999	0.07850576235134307	0.33074200000000004	0.07110984831309311	0.16869429999999996	0.07982606843396044
tw5	NNI	0.3	8000	10	0.8316583	0.07989316731236228	0.8053307999999999	0.07853518361965757	0.3338751	0.07179433016803392	0.16834170000000004	0.07989316731236228
tw5	NNI	0.3	9000	10	0.8339317000000002	0.0796054167320918	0.8073511	0.07820494768753443	0.3365881	0.07243974128097397	0.16606829999999984	0.0796054167320918
tw5	NNI	0.3	10000	10	0.8364174	0.07939647082251901	0.80946	0.07793269665636711	0.33870449999999996	0.07293684326810879	0.16358260000000002	0.07939647082251901
tw5	NNI	0.3	20000	10	0.8506772	0.07804486673144422	0.8220744	0.07638824987714624	0.34901869999999996	0.0752460645373342	0.14932279999999998	0.07804486673144422
tw5	NNI	0.3	30000	10	0.8634923999999998	0.07743381343317945	0.8338929	0.07564747803601915	0.35392290000000004	0.07636415877439566	0.13650760000000017	0.07743381343317945
tw5	NNI	0.3	40000	10	0.8702785000000001	0.07759159235270131	0.8399182	0.07561622106456026	0.3582894	0.07783472782265424	0.12972149999999993	0.07759159235270131
tw5	NNI	0.3	50000	10	0.8765385	0.07611558818960805	0.8456464	0.07411635213413509	0.36176899999999995	0.0789943150905318	0.1234615	0.07611558818960805
tw5	NNI	0.3	60000	10	0.8789726	0.0762077231792159	0.8477669999999999	0.07414321452822083	0.3642852	0.0798840812822346	0.12102740000000001	0.0762077231792159
tw5	NNI	0.3	70000	10	0.8830339	0.07539136480105367	0.8515936	0.07332576560257958	0.3663255	0.08059699330968316	0.11696609999999996	0.07539136480105367
tw5	NNI	0.3	80000	10	0.8870667000000001	0.07565530209120985	0.8554384	0.07356161512368012	0.3679725	0.081105248464264	0.1129332999999999	0.07565530209120985
tw5	NNI	0.3	90000	10	0.8891375	0.07584420901987178	0.8573393000000001	0.07369505333648778	0.36987040000000004	0.08174100928083093	0.11086249999999997	0.07584420901987178
tw5	NNI	0.3	100000	10	0.8931954999999998	0.07625147011191179	0.8611842000000001	0.0740618197111635	0.37131749999999997	0.08232259445043019	0.10680450000000019	0.07625147011191179
tw5	NNI	0.3	200000	10	0.9037072	0.07543327135065946	0.8708075000000001	0.0731224506102606	0.3799467	0.08545775250679262	0.09629279999999996	0.07543327135065946
tw5	NNI	0.3	300000	10	0.9137808	0.07516412392562469	0.880374	0.07277016395474177	0.38311569999999995	0.08634167760345457	0.08621920000000005	0.07516412392562469
tw5	NNI	0.3	400000	10	0.9178077000000002	0.07542761668868005	0.8842314	0.07302698986603058	0.385248	0.08673697452720687	0.08219229999999977	0.07542761668868005
tw5	NNI	0.3	500000	10	0.9238235000000001	0.07597924798584443	0.8900021	0.07354106221265473	0.38683410000000007	0.08696117786990416	0.07617649999999987	0.07597924798584443
tw5	NNI	0.3	600000	10	0.9238332	0.07598032682928156	0.8900021	0.07354106221265473	0.3878116	0.08705266922044631	0.07616679999999998	0.07598032682928156
tw5	NNI	0.3	700000	10	0.9238389	0.07598096076217603	0.8900021	0.07354106221265473	0.3884262	0.08709155822285214	0.07616109999999998	0.07598096076217603
tw5	NNI	0.3	800000	10	0.9238445000000001	0.07598158381889507	0.8900021	0.07354106221265473	0.3889284	0.08714011076385994	0.07615549999999993	0.07598158381889507
tw5	NNI	0.3	900000	10	0.9238478999999999	0.07598196190960207	0.8900021	0.07354106221265473	0.389359	0.08719419266862519	0.07615210000000006	0.07598196190960207
tw5	NNI	0.3	1000000	10	0.9238502000000001	0.07598221778618117	0.8900021	0.07354106221265473	0.3896923	0.08723296637332699	0.07614979999999993	0.07598221778618117
tw5	NNI	0.4	1	10	0.0	0.0	0.0	0.0	0.0	0.0	1.0	0.0
tw5	NNI	0.4	2	10	0.000144	0.000144	0.000144	0.000144	7.2e-05	7.2e-05	0.999856	0.000144
tw5	NNI	0.4	3	10	0.0007696000000000001	0.0007672695050198029	0.0007675000000000001	0.0007675000000000001	0.0002565	0.00025572316846326	0.9992304	0.0007672695050198029
tw5	NNI	0.4	4	10	0.0009739000000000001	0.0009397739734165397	0.0009419999999999999	0.0009419999999999999	0.0003837	0.0003746561697817822	0.9990261	0.0009397739734165397
tw5	NNI	0.4	5	10	0.0036569000000000003	0.002321979622123233	0.0035833	0.0023048653421741485	0.0009555000000000001	0.0006204048722854742	0.9963431	0.002321979622123233
tw5	NNI	0.4	6	10	0.0108246	0.003788839696911033	0.0107434	0.0037730827013346935	0.0023079000000000003	0.0008820193428214094	0.9891754	0.003788839696911033
tw5	NNI	0.4	7	10	0.0129887	0.004616616430653275	0.0128209	0.004602610151859486	0.0033901	0.0011460501874796852	0.9870113	0.004616616430653275
tw5	NNI	0.4	8	10	0.0181279	0.0066834012040610305	0.017906400000000003	0.006668610335328077	0.0046044	0.0015694959360677977	0.9818721	0.0066834012040610305
tw5	NNI	0.4	9	10	0.0230946	0.006872952930307483	0.0227831	0.0068339224533856754	0.0061966	0.0019856137881157946	0.9769054	0.006872952930307483
tw5	NNI	0.4	10	10	0.0276993	0.007152268177997802	0.0272851	0.007071740801638275	0.007789699999999999	0.002380428771134403	0.9723007	0.007152268177997802
tw5	NNI	0.4	20	10	0.07966039999999999	0.01919893272334573	0.0784795	0.018688956614506032	0.0241096	0.00871806496394444	0.9203396	0.01919893272334573
tw5	NNI	0.4	30	10	0.1170506	0.026652279815430422	0.1152782	0.025914671469523462	0.036571000000000006	0.01372689563998762	0.8829494	0.026652279815430422
tw5	NNI	0.4	40	10	0.15598309999999999	0.03242125715241982	0.1535918	0.03149419164114057	0.047462700000000003	0.017539341912176244	0.8440169	0.03242125715241982
tw5	NNI	0.4	50	10	0.1911486	0.036555849231978056	0.188357	0.035582199022669875	0.05731449999999999	0.020772636483417848	0.8088514	0.036555849231978056
tw5	NNI	0.4	60	10	0.21237749999999997	0.039577495053586535	0.20912619999999998	0.03870794597231369	0.0651738	0.023086180930398843	0.7876225	0.039577495053586535
tw5	NNI	0.4	70	10	0.23308879999999998	0.041624555821667464	0.2293852	0.04073150872530994	0.0717084	0.024559023832030097	0.7669112	0.041624555821667464
tw5	NNI	0.4	80	10	0.2638587	0.04876275304005666	0.2594976	0.047811005610331095	0.0784252	0.025862097335590466	0.7361413	0.04876275304005666
tw5	NNI	0.4	90	10	0.2803694	0.053218306686953744	0.27552830000000006	0.05225140889882513	0.08400550000000001	0.02717962399267755	0.7196306	0.053218306686953744
tw5	NNI	0.4	100	10	0.2935333	0.055258798472490635	0.2883272	0.0543196150761194	0.0887435	0.028344740757423686	0.7064667	0.055258798472490635
tw5	NNI	0.4	200	10	0.38677860000000003	0.07263093171755405	0.3790784	0.07154279546400492	0.1233005	0.03633830326842157	0.6132214	0.07263093171755405
tw5	NNI	0.4	300	10	0.44129769999999996	0.08124591874714555	0.43167990000000006	0.0799737115906707	0.141827	0.03983285969453416	0.5587023	0.08124591874714555
tw5	NNI	0.4	400	10	0.4778669	0.08547707760504501	0.4665272	0.0839522639232558	0.1560524	0.042666651535205644	0.5221331	0.08547707760504501
tw5	NNI	0.4	500	10	0.5098272	0.08866879307435181	0.49740150000000005	0.08706237918619678	0.16818380000000002	0.04496411212234831	0.49017279999999996	0.08866879307435181
tw5	NNI	0.4	600	10	0.5422560000000001	0.0896788263297914	0.5288081	0.08809137810193962	0.17820750000000002	0.046795806054306	0.45774399999999993	0.0896788263297914
tw5	NNI	0.4	700	10	0.5569611	0.09078861396678549	0.5426433	0.08911938943300846	0.1869213	0.04843711735460043	0.4430389	0.09078861396678549
tw5	NNI	0.4	800	10	0.5719147	0.09052909808552655	0.5568146999999999	0.08884051983614609	0.194127	0.04984841233401743	0.4280853	0.09052909808552655
tw5	NNI	0.4	900	10	0.5910586	0.09286025606124505	0.5753569	0.09116270833898522	0.2009001	0.05115012641158485	0.4089414	0.09286025606124505
tw5	NNI	0.4	1000	10	0.5985802	0.09364405935275456	0.5824767	0.09184902053999631	0.20671119999999998	0.052310535774524214	0.4014198	0.09364405935275456
tw5	NNI	0.4	2000	10	0.6584169999999999	0.10012693369984586	0.6389884	0.09768473204688187	0.24127510000000002	0.05990220427430956	0.3415830000000001	0.10012693369984586
tw5	NNI	0.4	3000	10	0.6873134999999999	0.10043242732407472	0.6662656	0.09799582568515637	0.26024780000000003	0.06494486212400999	0.3126865000000001	0.10043242732407472
tw5	NNI	0.4	4000	10	0.708681	0.10009154962444243	0.6863531999999999	0.09745587006889037	0.27239840000000004	0.0681373778998804	0.291319	0.10009154962444243
tw5	NNI	0.4	5000	10	0.7286925	0.09986054868801904	0.7055975	0.0972087490250006	0.2813014	0.07036815253321475	0.27130750000000003	0.09986054868801904
tw5	NNI	0.4	6000	10	0.7415597	0.09800623834895522	0.7177554999999999	0.09532306490949023	0.288089	0.07186625799203529	0.25844029999999996	0.09800623834895522
tw5	NNI	0.4	7000	10	0.751712	0.0968566873081622	0.7275163	0.09426768865229249	0.29384029999999994	0.07314958553494642	0.24828799999999995	0.0968566873081622
tw5	NNI	0.4	8000	10	0.7562747000000001	0.09596309808776032	0.7317476999999999	0.09334828230355036	0.2986717	0.07420380362249333	0.24372529999999992	0.09596309808776032
tw5	NNI	0.4	9000	10	0.7624673999999999	0.09599350923314207	0.7376446	0.09332566968908156	0.30239990000000005	0.0749464191824844	0.2375326000000001	0.09599350923314207
tw5	NNI	0.4	10000	10	0.7667312	0.09551122175114062	0.7416932	0.09291672209275477	0.3056017	0.07558296988020662	0.23326880000000005	0.09551122175114062
tw5	NNI	0.4	20000	10	0.8001026	0.08883652682817654	0.7732581000000002	0.0863584486252825	0.32635610000000004	0.0796150236484505	0.1998974	0.08883652682817654
tw5	NNI	0.4	30000	10	0.8109109999999999	0.08835613279047973	0.7831788000000001	0.08573770927437807	0.3351539	0.08148717933630895	0.18908900000000006	0.08835613279047973
tw5	NNI	0.4	40000	10	0.8250273	0.08785592440847559	0.7967177000000001	0.08526671072321639	0.3407413	0.08274640688339419	0.17497269999999998	0.08785592440847559
tw5	NNI	0.4	50000	10	0.8337357999999998	0.0866761879215842	0.8046971	0.08402173695002317	0.3445512	0.08367785541943312	0.1662642000000002	0.0866761879215842
tw5	NNI	0.4	60000	10	0.8360628	0.08631508379391815	0.8067799000000001	0.08364965836477356	0.3482656999999999	0.08456551258929375	0.1639372	0.08631508379391815
tw5	NNI	0.4	70000	10	0.8403885000000001	0.08540483838769193	0.810776	0.0827414822186147	0.3505923	0.08508623033854147	0.1596114999999999	0.08540483838769193
tw5	NNI	0.4	80000	10	0.8426195	0.0851059561121377	0.8127894000000001	0.08243616921691593	0.3522617	0.08542495925639453	0.15738050000000003	0.0851059561121377
tw5	NNI	0.4	90000	10	0.8451286000000001	0.08547973277335655	0.8148983	0.08270225921394167	0.3539274	0.08584857444247074	0.15487139999999988	0.08547973277335655
tw5	NNI	0.4	100000	10	0.8491717	0.08549875960699338	0.8187431999999999	0.08269057088363957	0.35537559999999996	0.08625980661907375	0.15082830000000003	0.08549875960699338
tw5	NNI	0.4	200000	10	0.8655684000000001	0.0831447532441264	0.8342214	0.08047131220561357	0.36414130000000006	0.08834809108156591	0.13443159999999987	0.0831447532441264
tw5	NNI	0.4	300000	10	0.8756582999999999	0.08202055891300128	0.8438803	0.07941065099833201	0.367777	0.08888402313089418	0.12434170000000011	0.08202055891300128
tw5	NNI	0.4	400000	10	0.8817188999999999	0.08233392185990063	0.8496694000000001	0.07970743333274088	0.370394	0.08922661530781546	0.11828110000000014	0.08233392185990063
tw5	NNI	0.4	500000	10	0.8837639999999999	0.08198154212368645	0.8515827000000001	0.07935153495764556	0.3722837	0.08950387725593544	0.11623600000000012	0.08198154212368645
tw5	NNI	0.4	600000	10	0.8838218	0.08199024773428172	0.8515827000000001	0.07935153495764556	0.37355910000000003	0.0896820656232585	0.11617820000000001	0.08199024773428172
tw5	NNI	0.4	700000	10	0.8838313999999998	0.08199160817956377	0.8515827000000001	0.07935153495764556	0.3744419	0.08978574454586008	0.11616860000000018	0.08199160817956377
tw5	NNI	0.4	800000	10	0.8858371999999999	0.08168136418585466	0.8534960000000001	0.0790403612438326	0.3751755	0.08989442813931485	0.11416280000000012	0.08168136418585466
tw5	NNI	0.4	900000	10	0.8878459999999999	0.08141782122988936	0.8554093000000002	0.07877444220530327	0.3757782	0.08992169916899924	0.11215400000000009	0.08141782122988936
tw5	NNI	0.4	1000000	10	0.8898482999999999	0.08120252370025208	0.8573226000000002	0.07855423742700185	0.3763321	0.08997290698728887	0.11015170000000007	0.08120252370025208
tw5	NNI	0.5	1	10	0.0	0.0	0.0	0.0	0.0	0.0	1.0	0.0
tw5	NNI	0.5	2	10	7.499999999999999e-06	7.4999999999999985e-06	0.0	0.0	3.8e-06	3.8e-06	0.9999925	7.4999999999999985e-06
tw5	NNI	0.5	3	10	7.499999999999999e-06	7.4999999999999985e-06	0.0	0.0	5e-06	4.999999999999999e-06	0.9999925	7.4999999999999985e-06
tw5	NNI	0.5	4	10	7.599999999999999e-06	7.4895482729823785e-06	0.0	0.0	5.6e-06	5.600000000000001e-06	0.9999924	7.4895482729823785e-06
tw5	NNI	0.5	5	10	0.0001393	0.00010088905347514719	0.00010200000000000001	0.00010200000000000001	3.09e-05	2.0724354969187555e-05	0.9998607	0.00010088905347514719
tw5	NNI	0.5	6	10	0.0012007	0.0006607293789610252	0.0011621	0.0006598950665741402	0.00020269999999999997	0.00010973807705420918	0.9987993	0.0006607293789610252
tw5	NNI	0.5	7	10	0.0034955	0.001940718928931006	0.0034506000000000003	0.0019440356203869653	0.0005039	0.00027647227910065615	0.9965045	0.001940718928931006
tw5	NNI	0.5	8	10	0.0054835000000000005	0.002349504426469548	0.0054342999999999995	0.0023527436799050875	0.0009078	0.00041893785802776156	0.9945165	0.002349504426469548
tw5	NNI	0.5	9	10	0.005885999999999999	0.0024994565764937336	0.0058243	0.0025041447510965585	0.0011445	0.0005118774430141131	0.994114	0.0024994565764937336
tw5	NNI	0.5	10	10	0.008645900000000002	0.0033575920255444966	0.0085839	0.003361934755299229	0.0016793000000000003	0.0007156587338482869	0.9913541	0.0033575920255444966
tw5	NNI	0.5	20	10	0.0246931	0.0073847785274095325	0.0244462	0.007364940455065924	0.0050367	0.0017708523374666539	0.9753069	0.0073847785274095325
tw5	NNI	0.5	30	10	0.0405767	0.01112415379258625	0.0402164	0.011091591702426363	0.0087918	0.002694061163209015	0.9594233	0.01112415379258625
tw5	NNI	0.5	40	10	0.053954800000000004	0.013898775023400842	0.0534577	0.013853503304258857	0.0117731	0.003155285253700879	0.9460452	0.013898775023400842
tw5	NNI	0.5	50	10	0.07100209999999998	0.016465571601543494	0.0702695	0.016322103786140914	0.014773600000000001	0.003878909704199536	0.9289979	0.016465571601543494
tw5	NNI	0.5	60	10	0.08150109999999999	0.018774464061266243	0.0806138	0.018616858912048267	0.0173549	0.004488732076482672	0.9184989	0.018774464061266243
tw5	NNI	0.5	70	10	0.0888635	0.021122453079996807	0.0877254	0.020971698921906902	0.0196184	0.00504636617819639	0.9111365	0.021122453079996807
tw5	NNI	0.5	80	10	0.0977315	0.023789201092208948	0.0964112	0.0235869991943773	0.0217272	0.005584316641372614	0.9022685	0.023789201092208948
tw5	NNI	0.5	90	10	0.1065693	0.02634873113666429	0.1050882	0.02607958693810587	0.023738799999999997	0.006106208062837907	0.8934307	0.02634873113666429
tw5	NNI	0.5	100	10	0.11323939999999999	0.029556657282506678	0.11151520000000001	0.02925330597150042	0.025656700000000005	0.006665135030806868	0.8867606	0.029556657282506678
tw5	NNI	0.5	200	10	0.1756688	0.05016111071134246	0.17249869999999998	0.049496494505290194	0.03964940000000001	0.010690473176514581	0.8243312	0.05016111071134246
tw5	NNI	0.5	300	10	0.2161036	0.06615059832150674	0.2116423	0.06505953945631476	0.049066099999999994	0.013410614777067039	0.7838963999999999	0.06615059832150674
tw5	NNI	0.5	400	10	0.2591501	0.08108601595774015	0.2534765	0.07964071185242577	0.056185399999999996	0.01504188313210816	0.7408499	0.08108601595774015
tw5	NNI	0.5	500	10	0.2906378	0.09129855678703554	0.2837169	0.08938760056063579	0.0626239	0.016159160567066042	0.7093621999999999	0.09129855678703554
tw5	NNI	0.5	600	10	0.314728	0.09423033087729471	0.3066967	0.0920630754362404	0.0676249	0.01712058623376483	0.685272	0.09423033087729471
tw5	NNI	0.5	700	10	0.3234616	0.09573659878869036	0.3145912	0.09328332061601961	0.07270779999999999	0.018234682661711812	0.6765384	0.09573659878869036
tw5	NNI	0.5	800	10	0.33390770000000003	0.09742961425722788	0.3242996000000001	0.094769557883461	0.07675850000000001	0.01918171374527197	0.6660923	0.09742961425722788
tw5	NNI	0.5	900	10	0.35204409999999997	0.09731716616614973	0.3417123	0.09458386074896123	0.08061199999999999	0.020113568224791278	0.6479559	0.09731716616614973
tw5	NNI	0.5	1000	10	0.37388809999999995	0.0974154220183334	0.36268449999999997	0.09451178697710436	0.0847482	0.021134053330952758	0.6261119	0.0974154220183334
tw5	NNI	0.5	2000	10	0.46909920000000005	0.10590233845123533	0.45364960000000004	0.10195965208096341	0.1206535	0.031434319147231424	0.5309008	0.10590233845123533
tw5	NNI	0.5	3000	10	0.5146346999999999	0.1098645085906626	0.49706970000000006	0.1054791821351019	0.14594020000000002	0.04051578460901929	0.4853653000000001	0.1098645085906626
tw5	NNI	0.5	4000	10	0.5574986	0.11215817625460928	0.5383694	0.1077254776816412	0.16263039999999998	0.045828507981192465	0.44250140000000004	0.11215817625460928
tw5	NNI	0.5	5000	10	0.5779344	0.11447799287560323	0.5580246	0.10996131862808241	0.1756572	0.049762813965584116	0.42206560000000004	0.11447799287560323
tw5	NNI	0.5	6000	10	0.5964632	0.11627512287748112	0.5759059000000001	0.11177372166375044	0.1863837	0.052797955912884435	0.40353680000000003	0.11627512287748112
tw5	NNI	0.5	7000	10	0.6104309000000001	0.11912221902039657	0.5893994	0.11455000096485764	0.1951167	0.05516647159724826	0.3895690999999999	0.11912221902039657
tw5	NNI	0.5	8000	10	0.6169294000000001	0.12038845621692028	0.5954637	0.1156861859289124	0.20214130000000002	0.05717343198647622	0.38307059999999993	0.12038845621692028
tw5	NNI	0.5	9000	10	0.6293112000000001	0.12219595310200199	0.6073003	0.11744703323428159	0.208005	0.05880234548553313	0.37068879999999993	0.12219595310200199
tw5	NNI	0.5	10000	10	0.6355764	0.12271558811660582	0.6133098	0.11797082096205917	0.2131856	0.06027301897149153	0.36442359999999996	0.12271558811660582
tw5	NNI	0.5	20000	10	0.6861533000000001	0.12192900094135384	0.6619451	0.11725638822118249	0.24866880000000005	0.06967513203237499	0.3138466999999999	0.12192900094135384
tw5	NNI	0.5	30000	10	0.6988597999999999	0.12173084440471298	0.6739418	0.11701658204068532	0.2653922	0.07434799413565611	0.3011402000000001	0.12173084440471298
tw5	NNI	0.5	40000	10	0.7094697	0.12205758978723025	0.6838429	0.1172641258248944	0.2750578	0.0771706229139618	0.2905303	0.12205758978723025
tw5	NNI	0.5	50000	10	0.7181046	0.11973623526904645	0.6919939000000002	0.11501334286502492	0.2822773	0.07926259687450317	0.2818954	0.11973623526904645
tw5	NNI	0.5	60000	10	0.7266213	0.11997166561929436	0.7001726000000001	0.1153733205151578	0.28813869999999997	0.08083211394476139	0.2733787	0.11997166561929436
tw5	NNI	0.5	70000	10	0.7309863000000001	0.12053069440244026	0.7042047	0.11589586097892174	0.2925194	0.08202300401800569	0.2690136999999999	0.12053069440244026
tw5	NNI	0.5	80000	10	0.7428345999999999	0.11874536492279977	0.7156527000000001	0.11415617535747048	0.29657420000000007	0.0831930433969091	0.2571654000000001	0.11874536492279977
tw5	NNI	0.5	90000	10	0.7491338	0.11668239948993545	0.7215737000000001	0.11212111847155387	0.2998043	0.08405952037984751	0.25086620000000004	0.11668239948993545
tw5	NNI	0.5	100000	10	0.7491793	0.11669028582049054	0.7215737000000001	0.11212111847155387	0.30278	0.08488276036955653	0.2508207	0.11669028582049054
tw5	NNI	0.5	200000	10	0.7775102	0.11059441108289936	0.7486500000000001	0.10619437114095183	0.31853699999999996	0.08889396472414635	0.22248979999999996	0.11059441108289936
tw5	NNI	0.5	300000	10	0.7936266	0.10832938342770472	0.7642745000000002	0.10415269173960677	0.32730709999999996	0.09092495123274286	0.20637340000000004	0.10832938342770472
tw5	NNI	0.5	400000	10	0.7996673000000001	0.10613908023417512	0.7700760000000001	0.10202289391046826	0.3324514	0.09206813107092666	0.20033269999999992	0.10613908023417512
tw5	NNI	0.5	500000	10	0.7997569	0.1061562613632951	0.7700760000000001	0.10202289391046826	0.3356678	0.09273107475691918	0.2002431	0.1061562613632951
tw5	NNI	0.5	600000	10	0.7997864000000001	0.10616074409144317	0.7700760000000001	0.10202289391046826	0.3377785	0.09316285309776996	0.20021359999999988	0.10616074409144317
tw5	NNI	0.5	700000	10	0.8017938000000001	0.1052565619888217	0.7720201	0.10114811427928078	0.33932090000000004	0.0934794851790666	0.1982061999999999	0.1052565619888217
tw5	NNI	0.5	800000	10	0.8077981000000001	0.1038024082776128	0.7779009	0.09982211393000272	0.3407305	0.09371852445372436	0.19220189999999993	0.1038024082776128
tw5	NNI	0.5	900000	10	0.8098120000000002	0.1029906045380408	0.7798450000000001	0.0990380757042462	0.3417152	0.09375999760959419	0.1901879999999998	0.1029906045380408
tw5	NNI	0.5	1000000	10	0.8158189	0.1016266289574462	0.7856157	0.09770840421615623	0.34251979999999993	0.09374469463611142	0.1841811	0.1016266289574462
tw5	NNI2	0.0	1	10	0.0	0.0	0.0	0.0	0.0	0.0	1.0	0.0
tw5	NNI2	0.0	2	10	0.0	0.0	0.0	0.0	0.0	0.0	1.0	0.0
tw5	NNI2	0.0	3	10	0.0	0.0	0.0	0.0	0.0	0.0	1.0	0.0
tw5	NNI2	0.0	4	10	0.0	0.0	0.0	0.0	0.0	0.0	1.0	0.0
tw5	NNI2	0.0	5	10	0.0	0.0	0.0	0.0	0.0	0.0	1.0	0.0
tw5	NNI2	0.0	6	10	0.0	0.0	0.0	0.0	0.0	0.0	1.0	0.0
tw5	NNI2	0.0	7	10	0.0	0.0	0.0	0.0	0.0	0.0	1.0	0.0
tw5	NNI2	0.0	8	10	0.0	0.0	0.0	0.0	0.0	0.0	1.0	0.0
tw5	NNI2	0.0	9	10	0.0	0.0	0.0	0.0	0.0	0.0	1.0	0.0
tw5	NNI2	0.0	10	10	0.0	0.0	0.0	0.0	0.0	0.0	1.0	0.0
tw5	NNI2	0.0	20	10	0.0002909000000000001	0.00027454137312171283	0.0002885	0.0002747854617697232	0.0001163	0.00010977806398973035	0.9997091	0.00027454137312171283
tw5	NNI2	0.0	30	10	0.0028506	0.0018995779952399954	0.0028063999999999997	0.0019062522288511561	0.0006653999999999999	0.00044923424228841276	0.9971494	0.0018995779952399954
tw5	NNI2	0.0	40	10	0.0061017	0.002151781267539369	0.0059856	0.002158859422112622	0.0016261000000000001	0.0008046809091531595	0.9938983	0.002151781267539369
tw5	NNI2	0.0	50	10	0.021350599999999997	0.0059419672316685	0.0209816	0.005950399079426897	0.0038623000000000004	0.0012978471836939131	0.9786494	0.0059419672316685
tw5	NNI2	0.0	60	10	0.036697	0.0066789809235973845	0.0362149	0.006691305482074812	0.0074100999999999985	0.001757605646895799	0.963303	0.0066789809235973845
tw5	NNI2	0.0	70	10	0.0498202	0.009182209720492726	0.0489875	0.009133549401641303	0.0117462	0.0023284792261617166	0.9501798	0.009182209720492726
tw5	NNI2	0.0	80	10	0.06897630000000002	0.013402976616367308	0.06788749999999999	0.013263494684659845	0.016390899999999996	0.003046252023023994	0.9310237	0.013402976616367308
tw5	NNI2	0.0	90	10	0.08532189999999999	0.015359270969714386	0.08387870000000001	0.01516217215312869	0.021737600000000003	0.004011090650240212	0.9146781	0.015359270969714386
tw5	NNI2	0.0	100	10	0.10841380000000003	0.018058342975416593	0.1067577	0.017811133452016906	0.0275858	0.004992975191428674	0.8915862	0.018058342975416593
tw5	NNI2	0.0	200	10	0.34306369999999997	0.04460944213555641	0.33892559999999994	0.04433845736734145	0.0925314	0.015323646957997086	0.6569363	0.04460944213555641
tw5	NNI2	0.0	300	10	0.47083449999999993	0.058385191463104176	0.4653651999999999	0.058180054612441426	0.1451168	0.026442297887118486	0.5291655000000001	0.058385191463104176
tw5	NNI2	0.0	400	10	0.5619245000000002	0.06600542336408594	0.5551089	0.06577026876154266	0.1829077	0.035668363581143815	0.43807549999999984	0.06600542336408594
tw5	NNI2	0.0	500	10	0.6274683000000001	0.07131483867206972	0.6195704	0.07092360164558918	0.21105449999999998	0.04317104170473793	0.3725316999999999	0.07131483867206972
tw5	NNI2	0.0	600	10	0.6663298999999999	0.06907712498013441	0.6579775999999999	0.06871363203424614	0.2317329	0.048690683426994286	0.3336701000000001	0.06907712498013441
tw5	NNI2	0.0	700	10	0.6968238	0.07123835099498334	0.6879587	0.07072937193997507	0.24783299999999997	0.05296012033932282	0.3031762	0.07123835099498334
tw5	NNI2	0.0	800	10	0.7175355999999999	0.0726118512454636	0.7080061000000001	0.07211796440931575	0.2595207	0.055929160081710096	0.28246440000000006	0.0726118512454636
tw5	NNI2	0.0	900	10	0.7353683	0.07443843999515452	0.7252779	0.07383659595913276	0.2696918	0.05852265858485925	0.2646317	0.07443843999515452
tw5	NNI2	0.0	1000	10	0.7517548	0.07546712330969028	0.7411574000000001	0.07481512466268657	0.2786001	0.06074975048736139	0.24824520000000005	0.07546712330969028
tw5	NNI2	0.0	2000	10	0.8128382000000001	0.0753834392164928	0.7987121000000001	0.0745857502096971	0.3256671	0.07314021154185828	0.18716179999999993	0.0753834392164928
tw5	NNI2	0.0	3000	10	0.83704	0.07443879670530235	0.8202247999999999	0.0735219738838215	0.3413011	0.07745758355347353	0.16296	0.07443879670530235
tw5	NNI2	0.0	4000	10	0.8505436	0.07359250608922985	0.8318432999999998	0.07251133971012165	0.3508282	0.08007548109666417	0.14945640000000004	0.07359250608922985
tw5	NNI2	0.0	5000	10	0.8644277	0.07382745890310731	0.8442902	0.07275590280456058	0.35537599999999997	0.08132156644075282	0.13557229999999998	0.07382745890310731
tw5	NNI2	0.0	6000	10	0.8716718	0.07418508382968761	0.8504614	0.0730161204018522	0.36134020000000006	0.08223681016576458	0.1283282	0.07418508382968761
tw5	NNI2	0.0	7000	10	0.8767193000000001	0.07438804215688462	0.8545594999999999	0.07318562445958145	0.3656871	0.083388166422987	0.12328069999999991	0.07438804215688462
tw5	NNI2	0.0	8000	10	0.8810682999999999	0.07473725305287852	0.8581027999999999	0.07344232371124068	0.3686289	0.08402254058583855	0.11893170000000008	0.07473725305287852
tw5	NNI2	0.0	9000	10	0.8834444999999999	0.07494296259307993	0.8598488999999999	0.073573290516698	0.3707839	0.08470492674657912	0.11655550000000015	0.07494296259307993
tw5	NNI2	0.0	10000	10	0.8860837	0.07484929819815724	0.8619885999999999	0.07343036318644579	0.3724421	0.08481145149885912	0.11391629999999997	0.07484929819815724
tw5	NNI2	0.0	20000	10	0.9010138	0.07479432669569411	0.8734206	0.07308132602856444	0.38226440000000006	0.08702184937668113	0.09898620000000002	0.07479432669569411
tw5	NNI2	0.0	30000	10	0.9104806	0.07479536329333672	0.8812394000000001	0.07290656542699017	0.3852481	0.08723364708929054	0.08951940000000003	0.07479536329333672
tw5	NNI2	0.0	40000	10	0.9116302	0.07489839362389557	0.8814541	0.07292138834456519	0.38631089999999996	0.08732759648364312	0.08836980000000005	0.07489839362389557
tw5	NNI2	0.0	50000	10	0.9162853	0.07527701794912058	0.8853367000000001	0.07317922000951574	0.3876752	0.08761479011151281	0.08371470000000003	0.07527701794912058
tw5	NNI2	0.0	60000	10	0.9168012000000001	0.07532310234668305	0.8854821000000002	0.07318918525262685	0.38824339999999996	0.08762708571582699	0.0831987999999999	0.07532310234668305
tw5	NNI2	0.0	70000	10	0.9194207000000001	0.0755336865812643	0.8875341000000001	0.07332182450576666	0.3889671	0.08764083358805984	0.08057929999999991	0.0755336865812643
tw5	NNI2	0.0	80000	10	0.9197082	0.07556328411011969	0.8876035	0.07332801308810977	0.3891731	0.08751252765156287	0.08029180000000002	0.07556328411011969
tw5	NNI2	0.0	90000	10	0.9204371000000002	0.07563824950563482	0.8879501000000001	0.07335989525050833	0.38951820000000004	0.08754194241591348	0.07956289999999977	0.07563824950563482
tw5	NNI2	0.0	100000	10	0.9226743	0.07585954114927726	0.8899328000000001	0.07353464339884674	0.38985020000000004	0.08751198705025753	0.07732570000000005	0.07585954114927726
tw5	NNI2	0.0	200000	10	0.9232845	0.07592429384565333	0.8899328000000001	0.07353464339884674	0.391466	0.08760184373034369	0.07671550000000005	0.07592429384565333
tw5	NNI2	0.0	300000	10	0.9236147000000001	0.07595833194588406	0.8900021	0.07354106221265473	0.3916576	0.0875659330242329	0.07638529999999988	0.07595833194588406
tw5	NNI2	0.0	400000	10	0.9237005	0.07596774334753313	0.8900021	0.07354106221265473	0.3918361	0.0875440398808191	0.07629949999999996	0.07596774334753313
tw5	NNI2	0.0	500000	10	0.9237558	0.07597377243347427	0.8900021	0.07354106221265473	0.39215330000000004	0.08763663776894659	0.07624419999999998	0.07597377243347427
tw5	NNI2	0.0	600000	10	0.9237960000000001	0.07597790272923656	0.8900021	0.07354106221265473	0.3926094	0.08770877935699099	0.07620399999999994	0.07597790272923656
tw5	NNI2	0.0	700000	10	0.9238217000000001	0.07598053325323241	0.8900021	0.07354106221265473	0.39247679999999996	0.08764698952005646	0.07617829999999992	0.07598053325323241
tw5	NNI2	0.0	800000	10	0.9258389000000001	0.07398333141705336	0.8919152	0.07163225170221084	0.392691	0.08763886581572507	0.07416109999999987	0.07398333141705336
tw5	NNI2	0.0	900000	10	0.9298505	0.06998706384281948	0.8957415000000001	0.06781525617804923	0.39318549999999997	0.08753459326984199	0.07014949999999998	0.06998706384281948
tw5	NNI2	0.0	1000000	10	0.9318626999999999	0.06798830707033379	0.8976546000000001	0.06590721292345608	0.3937894	0.08739392156897666	0.06813730000000007	0.06798830707033379
tw5	NNI2	0.02	1	10	0.0	0.0	0.0	0.0	0.0	0.0	1.0	0.0
tw5	NNI2	0.02	2	10	0.0	0.0	0.0	0.0	0.0	0.0	1.0	0.0
tw5	NNI2	0.02	3	10	0.0	0.0	0.0	0.0	0.0	0.0	1.0	0.0
tw5	NNI2	0.02	4	10	0.0	0.0	0.0	0.0	0.0	0.0	1.0	0.0
tw5	NNI2	0.02	5	10	0.0	0.0	0.0	0.0	0.0	0.0	1.0	0.0
tw5	NNI2	0.02	6	10	0.0	0.0	0.0	0.0	0.0	0.0	1.0	0.0
tw5	NNI2	0.02	7	10	1e-07	1e-07	0.0	0.0	0.0	0.0	0.9999999	1e-07
tw5	NNI2	0.02	8	10	0.0019131999999999999	0.0019130888914701966	0.0019130999999999998	0.0019130999999999996	0.00023909999999999998	0.00023909999999999998	0.9980868	0.0019130888914701966
tw5	NNI2	0.02	9	10	0.0019302999999999998	0.0019112653286937076	0.0019130999999999998	0.0019130999999999996	0.00042699999999999997	0.0004248930845910925	0.9980697	0.0019112653286937076
tw5	NNI2	0.02	10	10	0.0019302999999999998	0.0019112653286937076	0.0019130999999999998	0.0019130999999999996	0.0005773	0.0005735321757902225	0.9980697	0.0019112653286937076
tw5	NNI2	0.02	20	10	0.0061367999999999995	0.0026198226140120417	0.006002499999999999	0.0025916548392013075	0.0019198	0.0012437372159030307	0.9938632	0.0026198226140120417
tw5	NNI2	0.02	30	10	0.0244651	0.01148815095599713	0.0240449	0.011271404400763711	0.0060468	0.002448804836831406	0.9755349	0.01148815095599713
tw5	NNI2	0.02	40	10	0.053427800000000004	0.017246679762783327	0.05254179999999999	0.016911688090259416	0.0134846	0.004608316567058107	0.9465722	0.017246679762783327
tw5	NNI2	0.02	50	10	0.0936965	0.027757696592416784	0.0921024	0.027446679483115785	0.023535099999999996	0.006699420138174481	0.9063035	0.027757696592416784
tw5	NNI2	0.02	60	10	0.1167861	0.03224432153227397	0.1146945	0.03199395929590112	0.0335501	0.009111167091298214	0.8832139	0.03224432153227397
tw5	NNI2	0.02	70	10	0.15965330000000003	0.04010563487066236	0.15693130000000002	0.039847757699092115	0.0444377	0.011529510053240674	0.8403467	0.04010563487066236
tw5	NNI2	0.02	80	10	0.1876996	0.04456439442230385	0.18441599999999997	0.04443266019295066	0.05483769999999999	0.013665042805193761	0.8123004	0.04456439442230385
tw5	NNI2	0.02	90	10	0.22132110000000002	0.04830996079196412	0.21749659999999998	0.048306706018522924	0.0647522	0.015525914674647813	0.7786789	0.04830996079196412
tw5	NNI2	0.02	100	10	0.25126400000000004	0.05225605884360843	0.24689270000000002	0.052293381613535854	0.0748209	0.017377590620905353	0.748736	0.05225605884360843
tw5	NNI2	0.02	200	10	0.5240388	0.07006214597036929	0.5170456999999999	0.06988126458120071	0.1623182	0.032730360538055656	0.4759612	0.07006214597036929
tw5	NNI2	0.02	300	10	0.6354604	0.07141132209036136	0.6270555999999999	0.07106627123048206	0.21873840000000003	0.04431249326624616	0.36453959999999996	0.07141132209036136
tw5	NNI2	0.02	400	10	0.69258	0.06969371501457886	0.6831739	0.06939662472875271	0.2514563	0.05250761076750895	0.30742	0.06969371501457886
tw5	NNI2	0.02	500	10	0.7258519000000001	0.06946501520261035	0.715608	0.06919953374666303	0.27491540000000003	0.05832657921512093	0.2741480999999999	0.06946501520261035
tw5	NNI2	0.02	600	10	0.7486986	0.06903067224698822	0.7377948	0.06872308110457989	0.2909994	0.062300265198864835	0.2513014	0.06903067224698822
tw5	NNI2	0.02	700	10	0.7662471	0.06879662271950565	0.7547135	0.06847702458120128	0.30291440000000003	0.06580261419210907	0.23375290000000004	0.06879662271950565
tw5	NNI2	0.02	800	10	0.776654	0.06822910175658997	0.7645896999999999	0.067942637450205	0.3115724	0.06840434980194364	0.22334600000000004	0.06822910175658997
tw5	NNI2	0.02	900	10	0.7853376000000001	0.06755649104600452	0.7727454	0.06733426123951394	0.31883319999999993	0.07043499697022465	0.21466239999999992	0.06755649104600452
tw5	NNI2	0.02	1000	10	0.792217	0.06767499850116979	0.7789524	0.06741045675910459	0.3237659	0.07180994523345789	0.20778300000000005	0.06767499850116979
tw5	NNI2	0.02	2000	10	0.8424059000000002	0.061396159656311844	0.8245981	0.06112828639226233	0.3533768	0.07884453287152438	0.15759409999999985	0.061396159656311844
tw5	NNI2	0.02	3000	10	0.8625695999999999	0.06073893922027651	0.8424312	0.06045258524952519	0.366614	0.08123191596533963	0.13743040000000006	0.06073893922027651
tw5	NNI2	0.02	4000	10	0.8746133	0.06039888362950097	0.8526260000000001	0.059958550506532794	0.3722237	0.08255390274979937	0.12538669999999996	0.06039888362950097
tw5	NNI2	0.02	5000	10	0.8836550000000001	0.06046638096110378	0.8601772999999999	0.05989700484425094	0.37619769999999997	0.08317564893178371	0.11634499999999992	0.06046638096110378
tw5	NNI2	0.02	6000	10	0.8898072000000001	0.060858728926698205	0.8652735	0.06015020946583089	0.3804988	0.08367335585979566	0.11019279999999987	0.060858728926698205
tw5	NNI2	0.02	7000	10	0.8934469	0.061051469211268326	0.868145	0.060277117538360556	0.3833073	0.08403372689872797	0.10655309999999996	0.061051469211268326
tw5	NNI2	0.02	8000	10	0.8985896999999999	0.061535217201940544	0.8725468	0.06069564589468781	0.3855562	0.08421862590673025	0.10141030000000006	0.061535217201940544
tw5	NNI2	0.02	9000	10	0.9016269000000001	0.06127431493981253	0.8749962	0.06040196167358952	0.3875562	0.08461041132847265	0.09837309999999988	0.06127431493981253
tw5	NNI2	0.02	10000	10	0.9041191000000002	0.06130794781292406	0.8770759	0.060385372017926105	0.38933840000000003	0.08494955405169717	0.09588089999999982	0.06130794781292406
tw5	NNI2	0.02	20000	10	0.9196545	0.06089884816393856	0.889372	0.05964695645024796	0.3952827	0.08539951420731592	0.08034549999999996	0.06089884816393856
tw5	NNI2	0.02	30000	10	0.9250191000000001	0.06111706339848508	0.8934761	0.05970768669674506	0.39731740000000004	0.08533281271315142	0.0749808999999999	0.06111706339848508
tw5	NNI2	0.02	40000	10	0.9360537000000001	0.06180986490395813	0.9033248	0.06017868026963997	0.399519	0.08552634367322802	0.0639462999999999	0.06180986490395813
tw5	NNI2	0.02	50000	10	0.9364863999999999	0.0618554551975275	0.9033248	0.06017868026963997	0.40100309999999995	0.08560596652459453	0.06351360000000006	0.0618554551975275
tw5	NNI2	0.02	60000	10	0.9367260999999999	0.06188059488320137	0.9033248	0.06017868026963997	0.40190859999999995	0.0856530963650209	0.0632739000000001	0.06188059488320137
tw5	NNI2	0.02	70000	10	0.9368855999999999	0.061895896332327414	0.9033248	0.06017868026963997	0.4022234	0.08557999490355986	0.06311440000000013	0.061895896332327414
tw5	NNI2	0.02	80000	10	0.9369787	0.0619046543288862	0.9033248	0.06017868026963997	0.40297649999999996	0.08566550762293096	0.06302129999999995	0.0619046543288862
tw5	NNI2	0.02	90000	10	0.9370677000000003	0.06190940549635591	0.9033248	0.06017868026963997	0.4033799	0.08567960969804893	0.06293229999999972	0.06190940549635591
tw5	NNI2	0.02	100000	10	0.9372733	0.06193206304546763	0.9033941000000001	0.06018481015809184	0.403883	0.08572418829971179	0.06272670000000002	0.06193206304546763
tw5	NNI2	0.02	200000	10	0.9376016999999999	0.061963578659842145	0.9033941000000001	0.06018481015809184	0.40446970000000004	0.0855578356051949	0.06239830000000013	0.061963578659842145
tw5	NNI2	0.02	300000	10	0.9377191999999999	0.061975720448826654	0.9033941000000001	0.06018481015809184	0.4051367	0.0856964893516713	0.062280800000000136	0.061975720448826654
tw5	NNI2	0.02	400000	10	0.9377869999999999	0.061983131644379214	0.9033941000000001	0.06018481015809184	0.40489379999999997	0.08557577314323384	0.062213000000000074	0.061983131644379214
tw5	NNI2	0.02	500000	10	0.9378236	0.06198686036880898	0.9033941000000001	0.06018481015809184	0.4047504	0.08553617177729872	0.06217640000000002	0.06198686036880898
tw5	NNI2	0.02	600000	10	0.9398449999999998	0.05999212349782076	0.9053072	0.058278156257116506	0.4050885	0.0855505845941777	0.06015500000000018	0.05999212349782076
tw5	NNI2	0.02	700000	10	0.9398654000000001	0.05999216523610025	0.9053072	0.058278156257116506	0.4053668	0.08554010160630965	0.06013459999999993	0.05999216523610025
tw5	NNI2	0.02	800000	10	0.9398778	0.059992874903941715	0.9053072	0.058278156257116506	0.4056019	0.08553298288216722	0.060122200000000015	0.059992874903941715
tw5	NNI2	0.02	900000	10	0.9398901000000001	0.059994128821901305	0.9053072	0.058278156257116506	0.4058072999999999	0.08553808886079152	0.06010989999999994	0.059994128821901305
tw5	NNI2	0.02	1000000	10	0.9398978000000001	0.059994761382566646	0.9053072	0.058278156257116506	0.4060142	0.08555165900473365	0.060102199999999883	0.059994761382566646
tw5	NNI2	0.05	1	10	0.0	0.0	0.0	0.0	0.0	0.0	1.0	0.0
tw5	NNI2	0.05	2	10	0.0	0.0	0.0	0.0	0.0	0.0	1.0	0.0
tw5	NNI2	0.05	3	10	0.0	0.0	0.0	0.0	0.0	0.0	1.0	0.0
tw5	NNI2	0.05	4	10	0.0	0.0	0.0	0.0	0.0	0.0	1.0	0.0
tw5	NNI2	0.05	5	10	0.0001302	0.00012876203719350756	0.0001289	0.00012890000000000002	2.61e-05	2.5768391490351115e-05	0.9998698	0.00012876203719350756
tw5	NNI2	0.05	6	10	0.0013325	0.0013187477245899272	0.0013200999999999998	0.0013200999999999998	0.00024370000000000004	0.0002412596135102415	0.9986675	0.0013187477245899272
tw5	NNI2	0.05	7	10	0.0030392	0.0020344059072750346	0.0030221	0.0020347424540821976	0.0006431	0.0004404374958808319	0.9969608	0.0020344059072750346
tw5	NNI2	0.05	8	10	0.0035566999999999994	0.0023546855277179674	0.0035149	0.0023447241507975588	0.0009328999999999999	0.0006194083817105911	0.9964433	0.0023546855277179674
tw5	NNI2	0.05	9	10	0.0059339	0.003022124100143253	0.005881900000000001	0.003015120721555864	0.0014222	0.0008047682730658144	0.9940661	0.003022124100143253
tw5	NNI2	0.05	10	10	0.007231700000000001	0.0032778651523006045	0.007130800000000001	0.0032820261485856568	0.0019306	0.0009942316989068045	0.9927683	0.0032778651523006045
tw5	NNI2	0.05	20	10	0.0662432	0.020630808840071093	0.06534609999999999	0.020523196474802195	0.0163083	0.0054449438504400064	0.9337568	0.020630808840071093
tw5	NNI2	0.05	30	10	0.1469809	0.0397654917352135	0.1449654	0.0396797541880827	0.0407556	0.011383287002541147	0.8530191	0.0397654917352135
tw5	NNI2	0.05	40	10	0.2090309	0.05002437649840769	0.20603500000000002	0.04987669121298601	0.0663522	0.01681156852540668	0.7909691	0.05002437649840769
tw5	NNI2	0.05	50	10	0.27585450000000006	0.05912853420421385	0.27193819999999996	0.0589595293596096	0.089638	0.021332932043621616	0.7241454999999999	0.05912853420421385
tw5	NNI2	0.05	60	10	0.3340613	0.06829113074510887	0.32938670000000003	0.06817701573176987	0.1101121	0.025214788423308696	0.6659387	0.06829113074510887
tw5	NNI2	0.05	70	10	0.3808283	0.07044862018064418	0.37567090000000003	0.07038759291451079	0.1280481	0.028634176017266113	0.6191717	0.07044862018064418
tw5	NNI2	0.05	80	10	0.42638310000000007	0.07464874750805342	0.4208814	0.0745240131579077	0.14463559999999998	0.03148527412235758	0.5736169	0.07464874750805342
tw5	NNI2	0.05	90	10	0.4631046	0.07308112141269986	0.45713989999999993	0.07298359962263211	0.15995379999999998	0.034245246585248065	0.5368954	0.07308112141269986
tw5	NNI2	0.05	100	10	0.49673059999999997	0.07298940952771467	0.49040720000000004	0.07290083995016793	0.1739736	0.036913677158473386	0.5032694	0.07298940952771467
tw5	NNI2	0.05	200	10	0.6748717	0.07443319393374764	0.6661626	0.07425749453776814	0.257877	0.05454417000763896	0.32512830000000004	0.07443319393374764
tw5	NNI2	0.05	300	10	0.7386405	0.06972988510853864	0.7285818	0.06946184661649396	0.2967437	0.06301352671575101	0.26135949999999997	0.06972988510853864
tw5	NNI2	0.05	400	10	0.7727223	0.06629617373206557	0.7613268999999999	0.06605507658654589	0.31656380000000006	0.06823055227874256	0.22727770000000003	0.06629617373206557
tw5	NNI2	0.05	500	10	0.7922236999999999	0.06472641632475534	0.7797969	0.0644863798695249	0.3304438	0.07147011407866771	0.20777630000000014	0.06472641632475534
tw5	NNI2	0.05	600	10	0.8053943	0.06297721893158403	0.7923838	0.06272935851803718	0.3397674	0.07391720685638013	0.1946057	0.06297721893158403
tw5	NNI2	0.05	700	10	0.820313	0.0609168881201629	0.8063328000000001	0.06071044819520131	0.34592860000000003	0.07538797611440876	0.17968700000000004	0.0609168881201629
tw5	NNI2	0.05	800	10	0.8324075000000001	0.06011379614129079	0.8177079	0.059916571146599804	0.3515433	0.07693660414350534	0.16759249999999992	0.06011379614129079
tw5	NNI2	0.05	900	10	0.8429417000000001	0.05957347097306726	0.827618	0.05941065847060703	0.3557754	0.07738094644408416	0.15705829999999987	0.05957347097306726
tw5	NNI2	0.05	1000	10	0.8469372	0.05942863474992506	0.8305726	0.05922770928303369	0.3587947	0.07793354401611811	0.15306280000000005	0.05942863474992506
tw5	NNI2	0.05	2000	10	0.8858884999999999	0.05941426192707344	0.8648647	0.05902935820458796	0.3768609	0.08154258421850648	0.11411150000000014	0.05941426192707344
tw5	NNI2	0.05	3000	10	0.8995949	0.05989252349731698	0.8763466	0.059292532596009834	0.3828711	0.0826797283273032	0.10040510000000002	0.05989252349731698
tw5	NNI2	0.05	4000	10	0.9081337999999999	0.060606655949619545	0.8833131999999999	0.05982386211942894	0.3871657	0.08341385354098362	0.09186620000000012	0.060606655949619545
tw5	NNI2	0.05	5000	10	0.9140249999999999	0.06108505934969331	0.8878360000000001	0.06015933175363939	0.38958670000000006	0.08394853316143569	0.08597500000000013	0.06108505934969331
tw5	NNI2	0.05	6000	10	0.9155687	0.06123063965859829	0.8884496000000001	0.060211833863673896	0.3909506	0.08415517949626683	0.08443129999999999	0.06123063965859829
tw5	NNI2	0.05	7000	10	0.9165804	0.061325345481692065	0.8886782999999999	0.06023547595525967	0.39194520000000005	0.08448140090126346	0.08341960000000004	0.061325345481692065
tw5	NNI2	0.05	8000	10	0.9193852	0.06121384807428971	0.8907904	0.06005363485995942	0.39320269999999996	0.0846280561726232	0.08061479999999999	0.06121384807428971
tw5	NNI2	0.05	9000	10	0.9216238000000001	0.06112313991658333	0.8926689	0.059922894048463085	0.39455049999999997	0.08478305325545114	0.0783761999999999	0.06112313991658333
tw5	NNI2	0.05	10000	10	0.9233238	0.061108451539828405	0.8938631000000001	0.05987179595462476	0.39506889999999995	0.08489893429228398	0.07667619999999997	0.061108451539828405
tw5	NNI2	0.05	20000	10	0.9333939000000001	0.06154818888362552	0.9012728000000001	0.060007970052281846	0.3993424	0.08521167750558344	0.06660609999999989	0.06154818888362552
tw5	NNI2	0.05	30000	10	0.9342685	0.061634718811766756	0.9013421000000001	0.06001420269874085	0.401804	0.08553211054594902	0.06573150000000005	0.061634718811766756
tw5	NNI2	0.05	40000	10	0.9346018	0.06166616033680421	0.9013421000000001	0.06001420269874085	0.4026503	0.08561353288769376	0.06539819999999996	0.06166616033680421
tw5	NNI2	0.05	50000	10	0.9360642	0.06179944310461057	0.9025846	0.06011019480258273	0.4031942	0.085638434559334	0.06393579999999999	0.06179944310461057
tw5	NNI2	0.05	60000	10	0.9370938000000001	0.061906017034031334	0.9033248	0.06017868026963997	0.4031035	0.08551425584950408	0.06290619999999991	0.061906017034031334
tw5	NNI2	0.05	70000	10	0.9372107	0.061918070646092026	0.9033248	0.06017868026963997	0.4035966	0.08561153416998073	0.06278930000000005	0.061918070646092026
tw5	NNI2	0.05	80000	10	0.9394178	0.05994212235088851	0.9053072	0.058278156257116506	0.4041106	0.08566261808010409	0.06058220000000003	0.05994212235088851
tw5	NNI2	0.05	90000	10	0.9394815	0.05994873257584351	0.9053072	0.058278156257116506	0.4044613	0.0856734457758775	0.06051850000000003	0.05994873257584351
tw5	NNI2	0.05	100000	10	0.9395167000000001	0.05995162877669704	0.9053072	0.058278156257116506	0.404961	0.08571183718237392	0.06048329999999991	0.05995162877669704
tw5	NNI2	0.05	200000	10	0.9397344000000001	0.059974193594726874	0.9053072	0.058278156257116506	0.40641810000000006	0.08565299683703749	0.06026559999999992	0.059974193594726874
tw5	NNI2	0.05	300000	10	0.9398175	0.05998307672525458	0.9053072	0.058278156257116506	0.40664749999999994	0.08558541401433749	0.06018250000000003	0.05998307672525458
tw5	NNI2	0.05	400000	10	0.9398558000000001	0.059986881013694246	0.9053072	0.058278156257116506	0.40675799999999995	0.08555901939869734	0.06014419999999987	0.059986881013694246
tw5	NNI2	0.05	500000	10	0.9398785000000001	0.05998928788824625	0.9053072	0.058278156257116506	0.4069013	0.08556943229137245	0.06012149999999994	0.05998928788824625
tw5	NNI2	0.05	600000	10	0.9398949	0.05999088588859885	0.9053072	0.058278156257116506	0.407022	0.08557719984928489	0.06010510000000002	0.05999088588859885
tw5	NNI2	0.05	700000	10	0.9399058000000002	0.05999198444381272	0.9053072	0.058278156257116506	0.40708720000000004	0.08558885855281242	0.060094199999999764	0.05999198444381272
tw5	NNI2	0.05	800000	10	0.9419132000000001	0.057994028028716504	0.9072204000000001	0.05637183951647409	0.40713619999999995	0.08556157169038497	0.05808679999999988	0.057994028028716504
tw5	NNI2	0.05	900000	10	0.9419208999999998	0.05799399382281851	0.9072204000000001	0.05637183951647409	0.40736680000000003	0.0855341620263571	0.05807910000000016	0.05799399382281851
tw5	NNI2	0.05	1000000	10	0.9419269	0.057994548578187734	0.9072204000000001	0.05637183951647409	0.4075335	0.08552208595253169	0.05807309999999999	0.057994548578187734
tw5	NNI2	0.1	1	10	0.0	0.0	0.0	0.0	0.0	0.0	1.0	0.0
tw5	NNI2	0.1	2	10	0.0	0.0	0.0	0.0	0.0	0.0	1.0	0.0
tw5	NNI2	0.1	3	10	0.0016074000000000001	0.0015611907791454856	0.0015709	0.0015645769215137145	0.0005358000000000001	0.0005203598498475197	0.9983926	0.0015611907791454856
tw5	NNI2	0.1	4	10	0.0048530000000000005	0.002429182628878373	0.0047515000000000005	0.0024210351929609686	0.0016137999999999999	0.0008684599370277377	0.995147	0.002429182628878373
tw5	NNI2	0.1	5	10	0.010269400000000001	0.004161706744433906	0.010113	0.004140677660587562	0.0032235	0.0013086813655992305	0.9897306	0.004161706744433906
tw5	NNI2	0.1	6	10	0.0189538	0.00732148712550182	0.0187149	0.007286429813854121	0.005594	0.002081714368281852	0.9810462	0.00732148712550182
tw5	NNI2	0.1	7	10	0.027361299999999995	0.010221586239207473	0.026815900000000004	0.010165692504639752	0.0083782	0.0029742102324258565	0.9726387	0.010221586239207473
tw5	NNI2	0.1	8	10	0.0376197	0.014353537571739357	0.0369858	0.014246268984310709	0.011652099999999999	0.00407020700661117	0.9623803	0.014353537571739357
tw5	NNI2	0.1	9	10	0.05869019999999999	0.019640269634831613	0.05792499999999999	0.01951371311496952	0.0162653	0.005365108807118661	0.9413098	0.019640269634831613
tw5	NNI2	0.1	10	10	0.07101169999999998	0.023623144050344637	0.07008289999999999	0.023516609295205236	0.021047700000000003	0.006771336841668219	0.9289883	0.023623144050344637
tw5	NNI2	0.1	20	10	0.2558895	0.0685121097079033	0.25305600000000006	0.06839389810258417	0.0796119	0.022340813442591263	0.7441105	0.0685121097079033
tw5	NNI2	0.1	30	10	0.362511	0.08186760256156142	0.35829130000000003	0.08161867131933993	0.1284286	0.03435680683979037	0.637489	0.08186760256156142
tw5	NNI2	0.1	40	10	0.44760089999999997	0.09122023110868066	0.44255949999999994	0.09100861895242547	0.1666412	0.04309794742567987	0.5523991	0.09122023110868066
tw5	NNI2	0.1	50	10	0.5096642	0.08959282865656404	0.5040261	0.08926377726335084	0.1941514	0.048357620934772125	0.4903358	0.08959282865656404
tw5	NNI2	0.1	60	10	0.5495939	0.08710491069514967	0.5431801	0.08671905441615597	0.21510249999999997	0.05180267597061629	0.45040610000000003	0.08710491069514967
tw5	NNI2	0.1	70	10	0.5893280000000001	0.08778890681755995	0.5823805	0.08729214870221719	0.2336035	0.05527350177239843	0.4106719999999999	0.08778890681755995
tw5	NNI2	0.1	80	10	0.6112443	0.08524781354590079	0.6038514	0.08479442656739493	0.24927529999999995	0.05840099917392014	0.38875570000000004	0.08524781354590079
tw5	NNI2	0.1	90	10	0.6339607	0.08220023440194342	0.6261952	0.08172549505343414	0.26044959999999995	0.06070691887296611	0.36603929999999996	0.08220023440194342
tw5	NNI2	0.1	100	10	0.6575930999999999	0.07930966298495899	0.6493399999999999	0.07885301884955888	0.26906489999999994	0.062428616659073545	0.34240690000000007	0.07930966298495899
tw5	NNI2	0.1	200	10	0.7557637	0.07471256114009359	0.7447562000000001	0.07424292452689796	0.31789439999999997	0.07318865773255671	0.24423629999999996	0.07471256114009359
tw5	NNI2	0.1	300	10	0.794065	0.07035280855011325	0.7804872	0.06991698134959776	0.33662010000000003	0.07667686731957256	0.20593499999999998	0.07035280855011325
tw5	NNI2	0.1	400	10	0.811913	0.06784408534311921	0.7968906	0.06736664013444967	0.3463563	0.07838438721469558	0.188087	0.06784408534311921
tw5	NNI2	0.1	500	10	0.8274421000000001	0.06615243201852489	0.8109809	0.06559547779644061	0.3539243	0.07961989539166003	0.17255789999999993	0.06615243201852489
tw5	NNI2	0.1	600	10	0.8405077000000001	0.06494288269789247	0.8229960000000001	0.06434638556438116	0.35881280000000004	0.08088080991239173	0.15949229999999992	0.06494288269789247
tw5	NNI2	0.1	700	10	0.8535023	0.06402335828483051	0.8350014	0.06344802430830031	0.3629975	0.08188168160763704	0.14649769999999995	0.06402335828483051
tw5	NNI2	0.1	800	10	0.8615221	0.06380690440373814	0.8422175	0.06322894531484592	0.3667584	0.08257841695990814	0.13847790000000004	0.06380690440373814
tw5	NNI2	0.1	900	10	0.8701772000000002	0.06380872280440102	0.8501518999999998	0.06319580341489807	0.3686741	0.0828187934177114	0.1298227999999998	0.06380872280440102
tw5	NNI2	0.1	1000	10	0.8735214000000001	0.06366045503157094	0.8528995	0.06302654956361202	0.3709468	0.08310459506399817	0.12647859999999989	0.06366045503157094
tw5	NNI2	0.1	2000	10	0.8978062999999998	0.06411510235472345	0.8733437000000001	0.063185093301796	0.3815539	0.08420506849372085	0.10219370000000016	0.06411510235472345
tw5	NNI2	0.1	3000	10	0.9041454999999999	0.06458117398390098	0.8776565999999999	0.06350592996321945	0.3865399	0.08502068946039612	0.09585450000000006	0.06458117398390098
tw5	NNI2	0.1	4000	10	0.9110049	0.06300416584171241	0.8830946000000001	0.06177946658958243	0.3899731	0.08535639319392933	0.0889951	0.06300416584171241
tw5	NNI2	0.1	5000	10	0.9164622	0.06303070285764618	0.8873105000000001	0.06175051115780338	0.3921554	0.08546529510030501	0.0835378	0.06303070285764618
tw5	NNI2	0.1	6000	10	0.9208744000000001	0.06295441979033543	0.8908997000000001	0.061587532822452516	0.3938206	0.08567033439180942	0.07912559999999991	0.06295441979033543
tw5	NNI2	0.1	7000	10	0.9219696000000001	0.0630083911244632	0.8914112000000001	0.061589266598039996	0.3953279	0.08578022652459016	0.07803039999999994	0.0630083911244632
tw5	NNI2	0.1	8000	10	0.9259744	0.06310480113926885	0.8949360000000002	0.061618496064989384	0.39630170000000003	0.08595820797121898	0.07402560000000002	0.06310480113926885
tw5	NNI2	0.1	9000	10	0.9268053	0.06317014469423035	0.8953180000000002	0.061636539975533616	0.3969355	0.08586008774075413	0.07319469999999995	0.06317014469423035
tw5	NNI2	0.1	10000	10	0.9289954999999999	0.06338385544429538	0.8972441	0.06179678371286361	0.39794650000000004	0.08598323994079697	0.07100450000000014	0.06338385544429538
tw5	NNI2	0.1	20000	10	0.9347648	0.06387248500598672	0.9014809000000001	0.06209196030359593	0.40044409999999997	0.08591916076812486	0.06523520000000005	0.06387248500598672
tw5	NNI2	0.1	30000	10	0.9351586999999999	0.06391422943950396	0.9014809000000001	0.06209196030359593	0.40140819999999994	0.08582313027924866	0.0648413000000001	0.06391422943950396
tw5	NNI2	0.1	40000	10	0.9353332999999999	0.06393205748971151	0.9014809000000001	0.06209196030359593	0.4019385	0.0857951063524475	0.06466670000000008	0.06393205748971151
tw5	NNI2	0.1	50000	10	0.9355065999999999	0.06395011310513843	0.9014809000000001	0.06209196030359593	0.4027341	0.08592789324071536	0.06449340000000015	0.06395011310513843
tw5	NNI2	0.1	60000	10	0.9355736000000002	0.06395740645759662	0.9014809000000001	0.06209196030359593	0.4029283	0.08593505833774838	0.06442639999999977	0.06395740645759662
tw5	NNI2	0.1	70000	10	0.9356239000000001	0.06396297156748842	0.9014809000000001	0.06209196030359593	0.4030749	0.08590913126301275	0.06437609999999994	0.06396297156748842
tw5	NNI2	0.1	80000	10	0.9356576999999999	0.06396660215092283	0.9014809000000001	0.06209196030359593	0.4030983000000001	0.08588825773294688	0.06434230000000007	0.06396660215092283
tw5	NNI2	0.1	90000	10	0.9356876999999999	0.06396981126264863	0.9014809000000001	0.06209196030359593	0.4031871000000001	0.08588719720261635	0.0643123000000001	0.06396981126264863
tw5	NNI2	0.1	100000	10	0.9357138999999999	0.06397271312893228	0.9014809000000001	0.06209196030359593	0.40333120000000006	0.08591436175360259	0.06428610000000012	0.06397271312893228
tw5	NNI2	0.1	200000	10	0.9358356999999999	0.06398543216442144	0.9014809000000001	0.06209196030359593	0.40353710000000004	0.08589657046425726	0.06416430000000006	0.06398543216442144
tw5	NNI2	0.1	300000	10	0.9358812999999999	0.06399015540205297	0.9014809000000001	0.06209196030359593	0.4036319	0.08586803610960898	0.06411870000000008	0.06399015540205297
tw5	NNI2	0.1	400000	10	0.9359040000000001	0.06399256277082344	0.9014809000000001	0.06209196030359593	0.40372139999999995	0.0858607620250109	0.06409599999999993	0.06399256277082344
tw5	NNI2	0.1	500000	10	0.9379187999999999	0.061994983043755676	0.9033941000000001	0.06018481015809184	0.4038528	0.08585216670206991	0.06208120000000006	0.061994983043755676
tw5	NNI2	0.1	600000	10	0.9399272	0.059996693151428485	0.9053072	0.058278156257116506	0.4042009999999999	0.08580984104376115	0.06007280000000004	0.059996693151428485
tw5	NNI2	0.1	700000	10	0.9399352999999999	0.059996703466486855	0.9053072	0.058278156257116506	0.40466379999999996	0.0857640441579622	0.06006470000000008	0.059996703466486855
tw5	NNI2	0.1	800000	10	0.9419403000000001	0.057997702978662115	0.9072204000000001	0.05637183951647409	0.40509330000000005	0.08571674686651895	0.058059699999999936	0.057997702978662115
tw5	NNI2	0.1	900000	10	0.9419453000000001	0.05799814692213114	0.9072204000000001	0.05637183951647409	0.4055643	0.08568529461855036	0.058054699999999904	0.05799814692213114
tw5	NNI2	0.1	1000000	10	0.9419493000000001	0.05799859100435114	0.9072204000000001	0.05637183951647409	0.40593900000000005	0.08565399778968612	0.0580506999999999	0.05799859100435114
tw5	NNI2	0.2	1	10	2e-07	2e-07	0.0	0.0	2e-07	2e-07	0.9999998	2e-07
tw5	NNI2	0.2	2	10	6.500000000000001e-05	6.433471501106969e-05	6.42e-05	6.419999999999999e-05	3.2500000000000004e-05	3.2167357505534845e-05	0.999935	6.433471501106969e-05
tw5	NNI2	0.2	3	10	0.0051691	0.003413965929173219	0.005158899999999999	0.003415367396700455	0.0017447	0.001135100779177289	0.9948309	0.003413965929173219
tw5	NNI2	0.2	4	10	0.0210171	0.006508451907498604	0.0207922	0.006559222711063662	0.006437099999999999	0.002238057686924088	0.9789829	0.006508451907498604
tw5	NNI2	0.2	5	10	0.04391	0.01170802685150472	0.0435124	0.011712610923653569	0.013271400000000003	0.003877795995436354	0.95609	0.01170802685150472
tw5	NNI2	0.2	6	10	0.0833478	0.023875412114092977	0.0825409	0.02388310202141999	0.0239281	0.006872324291355548	0.9166522	0.023875412114092977
tw5	NNI2	0.2	7	10	0.1059644	0.029403183813321986	0.10467910000000002	0.029432146493795223	0.033911000000000004	0.009774465554017092	0.8940356	0.029403183813321986
tw5	NNI2	0.2	8	10	0.16702809999999998	0.0449604911451154	0.1652576	0.044917716090944186	0.04708759999999999	0.013048654003127422	0.8329719	0.0449604911451154
tw5	NNI2	0.2	9	10	0.20713950000000003	0.05262735223652979	0.2049863	0.05255131723289362	0.0599622	0.016000165300396118	0.7928605	0.05262735223652979
tw5	NNI2	0.2	10	10	0.2509818999999999	0.06202500844721156	0.2483051	0.0618375770086352	0.07385610000000001	0.019492828015822753	0.7490181	0.06202500844721156
tw5	NNI2	0.2	20	10	0.4820514	0.08580202308521376	0.47694410000000004	0.0852356349838428	0.17812719999999999	0.043584077959681056	0.5179486	0.08580202308521376
tw5	NNI2	0.2	30	10	0.5907880999999999	0.0880912048550251	0.584321	0.08728418790925295	0.23238189999999997	0.05495360937765801	0.4092119000000001	0.0880912048550251
tw5	NNI2	0.2	40	10	0.6449249	0.08587491454609367	0.6375813000000001	0.08507766393152526	0.2641803	0.06203494843357788	0.3550751	0.08587491454609367
tw5	NNI2	0.2	50	10	0.677879	0.08247465348457063	0.6697294	0.08163764551577905	0.2847818	0.06680828911258775	0.322121	0.08247465348457063
tw5	NNI2	0.2	60	10	0.7007538	0.07980825486137245	0.6918773	0.07900604095230102	0.297886	0.06926203440638393	0.2992462	0.07980825486137245
tw5	NNI2	0.2	70	10	0.7191192	0.07739446007647374	0.7097022	0.07658157762830431	0.3084207	0.07146771251085655	0.28088080000000004	0.07739446007647374
tw5	NNI2	0.2	80	10	0.7330698	0.07462367127405202	0.7231974	0.07382835938388145	0.31709519999999997	0.07325176688863325	0.2669302	0.07462367127405202
tw5	NNI2	0.2	90	10	0.7473894999999999	0.07281933750244123	0.7369442	0.07199117930888786	0.3225066	0.0742886934575287	0.25261050000000007	0.07281933750244123
tw5	NNI2	0.2	100	10	0.7578153	0.07171504918015618	0.7469603	0.07086407553996908	0.326884	0.07523760935595973	0.24218470000000003	0.07171504918015618
tw5	NNI2	0.2	200	10	0.8197667	0.06525549568768561	0.8054741	0.06453815895240238	0.3562562	0.08015792635483197	0.18023330000000004	0.06525549568768561
tw5	NNI2	0.2	300	10	0.8460849000000001	0.06298103143706577	0.8291858	0.06233705667289721	0.3663846	0.08188710038789856	0.15391509999999986	0.06298103143706577
tw5	NNI2	0.2	400	10	0.8646497999999999	0.06264708434056075	0.8458874	0.0620605136544074	0.3733569	0.08278823142256794	0.1353502000000001	0.06264708434056075
tw5	NNI2	0.2	500	10	0.8765727	0.0628971148283802	0.8565794	0.06227343031113313	0.37759869999999995	0.08329149250861231	0.12342730000000002	0.0628971148283802
tw5	NNI2	0.2	600	10	0.8842362999999999	0.06308279755863189	0.8631114999999999	0.06239017336661812	0.3799552	0.08367356950379651	0.11576370000000014	0.06308279755863189
tw5	NNI2	0.2	700	10	0.8890456999999999	0.0632827129989875	0.8671268999999999	0.0625463505286635	0.38247249999999994	0.08418047358968309	0.11095430000000006	0.0632827129989875
tw5	NNI2	0.2	800	10	0.8925481	0.06342010459703522	0.8697147	0.06262907505216726	0.38469640000000005	0.08443076817069316	0.10745190000000004	0.06342010459703522
tw5	NNI2	0.2	900	10	0.8969248000000001	0.06344271392783325	0.8734860999999998	0.06261088859357186	0.3866353	0.08463457381171124	0.10307519999999992	0.06344271392783325
tw5	NNI2	0.2	1000	10	0.9027296	0.06398847815856296	0.8786069	0.06308981619290424	0.38773040000000003	0.08486303184179918	0.09727039999999998	0.06398847815856296
tw5	NNI2	0.2	2000	10	0.918501	0.06484825346144643	0.8906967	0.06358412877458755	0.3929591	0.08544074741290987	0.08149899999999999	0.06484825346144643
tw5	NNI2	0.2	3000	10	0.9211902000000001	0.06510634820333062	0.8914738999999999	0.06365324402668815	0.39543809999999996	0.08571688674784761	0.07880979999999993	0.06510634820333062
tw5	NNI2	0.2	4000	10	0.9242453999999999	0.06523086980584167	0.8934745	0.06365914096694991	0.3969912	0.08590559817766373	0.07575460000000012	0.06523086980584167
tw5	NNI2	0.2	5000	10	0.9254152	0.06534399811779026	0.8936892000000001	0.0636733773705568	0.39757129999999996	0.08592037371194977	0.0745848	0.06534399811779026
tw5	NNI2	0.2	6000	10	0.9278441	0.06546418814765995	0.8955957999999999	0.0637243423356151	0.3983657	0.08600969601543641	0.07215590000000005	0.06546418814765995
tw5	NNI2	0.2	7000	10	0.9320232	0.06579781659342673	0.8994223	0.06398563096057842	0.3991483	0.0860689868064566	0.06797679999999995	0.06579781659342673
tw5	NNI2	0.2	8000	10	0.9323598000000001	0.06583343294233814	0.8994985	0.06399314698192299	0.3994803	0.08604944432618701	0.06764019999999993	0.06583343294233814
tw5	NNI2	0.2	9000	10	0.9326943	0.06586711460172417	0.8995678	0.06399937187535515	0.3997935	0.08607806843715897	0.06730570000000002	0.06586711460172417
tw5	NNI2	0.2	10000	10	0.9328021999999999	0.06587858497886682	0.8995678	0.06399937187535515	0.3999565	0.08608250408471191	0.06719780000000009	0.06587858497886682
tw5	NNI2	0.2	20000	10	0.9333423	0.06593299203855886	0.8995678	0.06399937187535515	0.4015004999999999	0.0862107148076734	0.06665770000000004	0.06593299203855886
tw5	NNI2	0.2	30000	10	0.9335288	0.06595313291064261	0.8995678	0.06399937187535515	0.4017478	0.08613768679746267	0.06647119999999995	0.06595313291064261
tw5	NNI2	0.2	40000	10	0.9336278	0.06596307849712427	0.8995678	0.06399937187535515	0.4017912	0.08611220630017816	0.06637219999999999	0.06596307849712427
tw5	NNI2	0.2	50000	10	0.9336944	0.06596989290699205	0.8995678	0.06399937187535515	0.40193020000000007	0.08612272139992377	0.06630559999999996	0.06596989290699205
tw5	NNI2	0.2	60000	10	0.9357352000000001	0.06397552258425787	0.9014809000000001	0.06209196030359593	0.4023671999999999	0.08611686997534868	0.0642647999999999	0.06397552258425787
tw5	NNI2	0.2	70000	10	0.9357650999999999	0.06397838984123207	0.9014809000000001	0.06209196030359593	0.4025327999999999	0.08608552638546285	0.0642349000000001	0.06397838984123207
tw5	NNI2	0.2	80000	10	0.9357868999999999	0.06398036013938618	0.9014809000000001	0.06209196030359593	0.40267980000000003	0.08602953831844297	0.06421310000000013	0.06398036013938618
tw5	NNI2	0.2	90000	10	0.9358055000000002	0.06398230930434338	0.9014809000000001	0.06209196030359593	0.4028032	0.08600115263100966	0.06419449999999982	0.06398230930434338
tw5	NNI2	0.2	100000	10	0.9358223999999999	0.06398407017917299	0.9014809000000001	0.06209196030359593	0.4029127	0.08598380580668147	0.06417760000000006	0.06398407017917299
tw5	NNI2	0.2	200000	10	0.9378944	0.061991720805676054	0.9033941000000001	0.06018481015809184	0.40420639999999997	0.08586103128935216	0.06210559999999998	0.061991720805676054
tw5	NNI2	0.2	300000	10	0.9379199	0.06199443891125325	0.9033941000000001	0.06018481015809184	0.40475200000000006	0.08580522285217322	0.06208009999999997	0.06199443891125325
tw5	NNI2	0.2	400000	10	0.9379341	0.06199601482110675	0.9033941000000001	0.06018481015809184	0.4050112	0.08578363712060709	0.06206590000000001	0.06199601482110675
tw5	NNI2	0.2	500000	10	0.941943	0.057997891793102656	0.9072204000000001	0.05637183951647409	0.4056156000000001	0.08572427918133813	0.058057000000000025	0.057997891793102656
tw5	NNI2	0.2	600000	10	0.9419495	0.05799861339056114	0.9072204000000001	0.05637183951647409	0.40623069999999994	0.0856679313979339	0.058050500000000005	0.05799861339056114
tw5	NNI2	0.2	700000	10	0.9439547000000001	0.05599963513771019	0.9091335	0.05446610507916318	0.40671749999999995	0.08563119094520664	0.056045299999999854	0.05599963513771019
tw5	NNI2	0.2	800000	10	0.9439588999999999	0.05599999037171544	0.9091335	0.05446610507916318	0.40727769999999996	0.08559502686501905	0.056041100000000066	0.05599999037171544
tw5	NNI2	0.2	900000	10	0.9439617	0.05600030126487415	0.9091335	0.05446610507916318	0.4076957	0.08556783420694822	0.056038299999999985	0.05600030126487415
tw5	NNI2	0.2	1000000	10	0.945964	0.054001001093601134	0.9110467	0.05256080622057339	0.4081899	0.08554922032340993	0.05403599999999997	0.054001001093601134
tw5	NNI2	0.3	1	10	0.00022360000000000001	0.00022360000000000004	0.00022360000000000001	0.00022360000000000004	0.00022360000000000001	0.00022360000000000004	0.9997764	0.00022360000000000004
tw5	NNI2	0.3	2	10	0.0008196000000000002	0.000612428738711697	0.0008192000000000002	0.0006124880552123264	0.0005216	0.00035193936346415635	0.9991804	0.000612428738711697
tw5	NNI2	0.3	3	10	0.0029539	0.0013772963648636654	0.0028752	0.0013802386573021025	0.0011337	0.0004906192696763731	0.9970461	0.0013772963648636654
tw5	NNI2	0.3	4	10	0.0243394	0.005720808905895893	0.0238111	0.005708524274081505	0.006517199999999999	0.0014658628312362654	0.9756606	0.005720808905895893
tw5	NNI2	0.3	5	10	0.0702989	0.017065496107285534	0.06936830000000001	0.01683711981179283	0.0178877	0.003986542498205682	0.9297011	0.017065496107285534
tw5	NNI2	0.3	6	10	0.12671990000000002	0.027046911101701303	0.1253311	0.02668675328758113	0.0335987	0.007255504976759218	0.8732801	0.027046911101701303
tw5	NNI2	0.3	7	10	0.1824894	0.0377663190166994	0.18063210000000002	0.0373435818386953	0.050252200000000004	0.010915094200031237	0.8175106	0.0377663190166994
tw5	NNI2	0.3	8	10	0.2350035	0.05071344120650417	0.2328653	0.05036591470408224	0.06698319999999999	0.014917401706880606	0.7649965	0.05071344120650417
tw5	NNI2	0.3	9	10	0.2873509	0.06033999752742785	0.284879	0.05983663362745824	0.08308029999999998	0.019047913261066446	0.7126490999999999	0.06033999752742785
tw5	NNI2	0.3	10	10	0.3255066	0.06568751883428421	0.32274459999999994	0.06519358690634805	0.098695	0.022994158506020608	0.6744934	0.06568751883428421
tw5	NNI2	0.3	20	10	0.5221977999999999	0.08399127428063252	0.5173667	0.08319332777359946	0.19389359999999997	0.047556809144713094	0.47780220000000007	0.08399127428063252
tw5	NNI2	0.3	30	10	0.6060837	0.08149733800779425	0.6002571	0.0804805434668598	0.23743600000000004	0.058521876462662326	0.3939163	0.08149733800779425
tw5	NNI2	0.3	40	10	0.6471425999999999	0.07676093907641654	0.6401190999999999	0.07569318082282357	0.2626171	0.06417082736249999	0.3528574000000001	0.07676093907641654
tw5	NNI2	0.3	50	10	0.6803578	0.0726538193970099	0.6725915	0.07158299515919343	0.27943379999999995	0.06798799644067897	0.3196422	0.0726538193970099
tw5	NNI2	0.3	60	10	0.7017249	0.0709162948014457	0.6930106	0.06988078524302817	0.29090050000000006	0.07026762987990195	0.2982751	0.0709162948014457
tw5	NNI2	0.3	70	10	0.7175855999999999	0.06896372523116773	0.7083562999999999	0.0680313813041942	0.3008555	0.07227393076456483	0.28241440000000007	0.06896372523116773
tw5	NNI2	0.3	80	10	0.7355451000000001	0.06731744401786871	0.7255429	0.06638124734733279	0.3083549	0.07392006521724064	0.26445489999999994	0.06731744401786871
tw5	NNI2	0.3	90	10	0.744874	0.06694872473119509	0.7341407	0.0659965999228664	0.3140989	0.07511411291915934	0.25512599999999996	0.06694872473119509
tw5	NNI2	0.3	100	10	0.7548872000000001	0.06676070774470065	0.7437208999999999	0.0658398102790992	0.31853529999999997	0.07584116274264699	0.2451127999999999	0.06676070774470065
tw5	NNI2	0.3	200	10	0.8176782000000001	0.06668103068919475	0.8023308	0.06587528459863463	0.3438664	0.07984908868027932	0.18232179999999987	0.06668103068919475
tw5	NNI2	0.3	300	10	0.8436439	0.06822961747013616	0.8256334000000001	0.0674482055391312	0.3543306	0.08188700557301845	0.1563561	0.06822961747013616
tw5	NNI2	0.3	400	10	0.8571225	0.06819920238964187	0.8372619	0.0674608649946932	0.3609068	0.0832371462705337	0.1428775	0.06819920238964187
tw5	NNI2	0.3	500	10	0.8637262	0.06859399071279253	0.8423151000000001	0.06772903068641327	0.36503830000000004	0.08416402453847026	0.1362738	0.06859399071279253
tw5	NNI2	0.3	600	10	0.8694917	0.06871335353578985	0.8471787000000001	0.06777321875130486	0.36812979999999995	0.08470485748458847	0.13050830000000002	0.06871335353578985
tw5	NNI2	0.3	700	10	0.8759208999999999	0.06876218928184458	0.8528339	0.06773772062652142	0.37068559999999995	0.08514041745065096	0.12407910000000011	0.06876218928184458
tw5	NNI2	0.3	800	10	0.8803217	0.06877608485675332	0.8562348000000002	0.06766203923780141	0.3729797	0.0853398108235606	0.11967830000000002	0.06877608485675332
tw5	NNI2	0.3	900	10	0.8818020000000001	0.06891036654911459	0.8569674	0.06771992113948286	0.37511590000000006	0.08562170809898491	0.11819799999999991	0.06891036654911459
tw5	NNI2	0.3	1000	10	0.8828208	0.06900102972835502	0.8574259	0.06774794711534315	0.37663409999999997	0.08579217588496438	0.11717920000000004	0.06900102972835502
tw5	NNI2	0.3	2000	10	0.8911239	0.06920309922273872	0.8625417000000001	0.06766668777274712	0.3844902	0.08698892363000399	0.10887610000000003	0.06920309922273872
tw5	NNI2	0.3	3000	10	0.9043305	0.0690825417867399	0.8741287	0.06732924824770518	0.3871898	0.08724017602175427	0.09566949999999996	0.0690825417867399
tw5	NNI2	0.3	4000	10	0.90717	0.06901353067462769	0.8761464	0.06717862925021452	0.3887264	0.08725949450221575	0.09282999999999997	0.06901353067462769
tw5	NNI2	0.3	5000	10	0.9097707000000002	0.06890645761095254	0.8782100000000002	0.06702264526130121	0.38992309999999997	0.08731849488999706	0.09022929999999985	0.06890645761095254
tw5	NNI2	0.3	6000	10	0.9100675	0.06893818510943941	0.8782214000000002	0.06702406413855316	0.3903195	0.08728859896919845	0.08993249999999997	0.06893818510943941
tw5	NNI2	0.3	7000	10	0.9123978999999999	0.06890827977608271	0.8802040000000002	0.06694396396738593	0.3908681	0.0872470344134592	0.08760210000000013	0.06890827977608271
tw5	NNI2	0.3	8000	10	0.9145578000000001	0.06906045373307199	0.8820443000000001	0.06707599810762746	0.39162620000000004	0.08734410093148184	0.08544219999999991	0.06906045373307199
tw5	NNI2	0.3	9000	10	0.9149533999999999	0.06909157149387567	0.8822868000000001	0.0670959941551075	0.3921108	0.08735190462577855	0.08504660000000008	0.06909157149387567
tw5	NNI2	0.3	10000	10	0.9170571000000001	0.06908349923799138	0.8842000999999999	0.06705575587415628	0.392612	0.08738548890659388	0.08294289999999993	0.06908349923799138
tw5	NNI2	0.3	20000	10	0.9234665	0.06940441131949435	0.8899708000000001	0.06731212719146527	0.394483	0.08714599953590016	0.07653350000000003	0.06940441131949435
tw5	NNI2	0.3	30000	10	0.9256160000000001	0.069563556992309	0.8918841000000001	0.06742894144545385	0.3954239	0.08702301758416818	0.0743839999999999	0.069563556992309
tw5	NNI2	0.3	40000	10	0.9276981999999998	0.06977411506916045	0.8938282000000001	0.06765112303146029	0.3961961	0.08696377423035281	0.0723018000000002	0.06977411506916045
tw5	NNI2	0.3	50000	10	0.9277484000000001	0.06977918294563214	0.8938282000000001	0.06765112303146029	0.39643510000000004	0.08686970950931183	0.07225159999999986	0.06977918294563214
tw5	NNI2	0.3	60000	10	0.9277840000000002	0.06978301627059567	0.8938282000000001	0.06765112303146029	0.3966632	0.08682703631138045	0.07221599999999984	0.06978301627059567
tw5	NNI2	0.3	70000	10	0.9278077	0.06978551786200184	0.8938282000000001	0.06765112303146029	0.3968729000000001	0.08680474178989303	0.07219229999999999	0.06978551786200184
tw5	NNI2	0.3	80000	10	0.9298209999999999	0.06998047004653035	0.8957415000000001	0.06781525617804923	0.39698310000000003	0.08677337511029651	0.0701790000000001	0.06998047004653035
tw5	NNI2	0.3	90000	10	0.9318382	0.06798515452276654	0.8976546000000001	0.06590721292345608	0.3971475	0.08672611062806992	0.06816180000000005	0.06798515452276654
tw5	NNI2	0.3	100000	10	0.9318519999999999	0.06798435148685975	0.8976546000000001	0.06590721292345608	0.3974883	0.08668256422078202	0.0681480000000001	0.06798435148685975
tw5	NNI2	0.3	200000	10	0.9359096000000001	0.06399196255107183	0.9014809000000001	0.06209196030359593	0.39902699999999997	0.0864554893662372	0.06409039999999988	0.06399196255107183
tw5	NNI2	0.3	300000	10	0.9359321000000002	0.06399345952351519	0.9014809000000001	0.06209196030359593	0.400656	0.08622210406966417	0.06406789999999984	0.06399345952351519
tw5	NNI2	0.3	400000	10	0.9379442000000001	0.06199524729522058	0.9033941000000001	0.06018481015809184	0.40152279999999996	0.08611437764208973	0.06205579999999988	0.06199524729522058
tw5	NNI2	0.3	500000	10	0.9419513	0.057997035534212135	0.9072204000000001	0.05637183951647409	0.40269940000000004	0.08596192512595328	0.05804869999999995	0.057997035534212135
tw5	NNI2	0.3	600000	10	0.9419573000000001	0.05799747944868906	0.9072204000000001	0.05637183951647409	0.40376580000000006	0.08583671450955911	0.05804269999999989	0.05799747944868906
tw5	NNI2	0.3	700000	10	0.9459609	0.053998656997795366	0.9110467	0.05256080622057339	0.40508820000000006	0.08573586718427707	0.05403910000000001	0.053998656997795366
tw5	NNI2	0.3	800000	10	0.9459644	0.053998934532122435	0.9110467	0.05256080622057339	0.4061044000000001	0.08566702294468066	0.05403559999999996	0.053998934532122435
tw5	NNI2	0.3	900000	10	0.9499663999999999	0.05000015661802137	0.914873	0.04875216460858146	0.40713019999999994	0.08559720984338995	0.05003360000000012	0.05000015661802137
tw5	NNI2	0.3	1000000	10	0.9499689	0.050000323127055886	0.914873	0.04875216460858146	0.4080761	0.08554446421812201	0.050031099999999995	0.050000323127055886
tw5	NNI2	0.4	1	10	5e-07	3.415650255319866e-07	0.0	0.0	5e-07	3.415650255319866e-07	0.9999995	3.415650255319866e-07
tw5	NNI2	0.4	2	10	0.0017754	0.0016953391283162198	0.0017713	0.0016956991743820597	0.0008877	0.0008476695641581099	0.9982246	0.0016953391283162198
tw5	NNI2	0.4	3	10	0.009359200000000002	0.0034614085148486394	0.009267000000000001	0.0034678804766023865	0.0037101999999999994	0.0014182837891856008	0.9906408	0.0034614085148486394
tw5	NNI2	0.4	4	10	0.0282836	0.006173248891071144	0.027867799999999998	0.006101549087094376	0.0097563	0.00215975398830515	0.9717164	0.006173248891071144
tw5	NNI2	0.4	5	10	0.0887414	0.020797150115233472	0.0878092	0.020561523508620547	0.024144199999999998	0.0054723750923261014	0.9112586	0.020797150115233472
tw5	NNI2	0.4	6	10	0.1492485	0.034655446038665966	0.1477042	0.03438651223753613	0.04160660000000001	0.010090095601573302	0.8507515	0.034655446038665966
tw5	NNI2	0.4	7	10	0.2032253	0.04743701564251041	0.2011675	0.04716501592947656	0.059597	0.014998544677549366	0.7967747000000001	0.04743701564251041
tw5	NNI2	0.4	8	10	0.24167700000000006	0.05311025891984837	0.23915629999999996	0.05278242202203515	0.07570770000000002	0.01923461239770638	0.758323	0.05311025891984837
tw5	NNI2	0.4	9	10	0.2831373	0.05721441855027066	0.2803563	0.05692566345117697	0.0903477	0.023068930217960065	0.7168627000000001	0.05721441855027066
tw5	NNI2	0.4	10	10	0.3151078	0.059813423557629974	0.3118991	0.05936964011540092	0.10296670000000001	0.026264588447417605	0.6848922	0.059813423557629974
tw5	NNI2	0.4	20	10	0.470113	0.07152651725789845	0.4649472000000001	0.0709001399691143	0.18146140000000002	0.04653895120152341	0.529887	0.07152651725789845
tw5	NNI2	0.4	30	10	0.5354329999999999	0.07063470001336296	0.5290590999999999	0.0700163161266239	0.2166473	0.055433564186540746	0.46456700000000006	0.07063470001336296
tw5	NNI2	0.4	40	10	0.5801689999999999	0.07336751692010723	0.5727743999999999	0.07258372783822373	0.23804229999999998	0.06116950237405892	0.41983100000000007	0.07336751692010723
tw5	NNI2	0.4	50	10	0.6135439	0.06853721283611797	0.6054212	0.06759774756500561	0.2529677	0.06500766757101298	0.38645609999999997	0.06853721283611797
tw5	NNI2	0.4	60	10	0.6433694000000001	0.06965767478991657	0.6344448	0.06872997925776882	0.26354780000000005	0.06744583040646603	0.3566305999999999	0.06965767478991657
tw5	NNI2	0.4	70	10	0.6580280999999999	0.06876630526960294	0.6484894000000001	0.06784354440544312	0.2731238	0.06969220227317001	0.3419719000000001	0.06876630526960294
tw5	NNI2	0.4	80	10	0.6706859000000001	0.06744492977788125	0.6604897	0.06648097050184945	0.2814102	0.07139151033807248	0.32931409999999994	0.06744492977788125
tw5	NNI2	0.4	90	10	0.6832392	0.06767502062796549	0.6723145	0.066818154453919	0.28698860000000004	0.07263706342696773	0.31676079999999995	0.06767502062796549
tw5	NNI2	0.4	100	10	0.693361	0.06706976912837356	0.6818403	0.0662588070694589	0.2918234	0.07374208221289479	0.306639	0.06706976912837356
tw5	NNI2	0.4	200	10	0.7615947000000001	0.07031149121540833	0.7462218	0.06967075647736924	0.31707399999999997	0.07899342286348204	0.23840529999999993	0.07031149121540833
tw5	NNI2	0.4	300	10	0.7962581	0.06995444977705134	0.7783005000000001	0.06904648109711634	0.3306468	0.08138672612530592	0.20374190000000003	0.06995444977705134
tw5	NNI2	0.4	400	10	0.8043727	0.07064005334464607	0.7849462	0.06957580750500372	0.33974660000000007	0.08307513805494932	0.19562729999999995	0.07064005334464607
tw5	NNI2	0.4	500	10	0.8157586	0.06855366332706078	0.7950888999999999	0.0673942985767672	0.3460198	0.08403071216893129	0.1842414	0.06855366332706078
tw5	NNI2	0.4	600	10	0.8231681999999999	0.06933713296732776	0.8016957	0.06810945872981063	0.3505102	0.08469246922979634	0.1768318000000001	0.06933713296732776
tw5	NNI2	0.4	700	10	0.8266628	0.06980439159518069	0.8042505999999999	0.06847622424465621	0.35444180000000003	0.08525348134081616	0.17333719999999997	0.06980439159518069
tw5	NNI2	0.4	800	10	0.8299591000000002	0.06922365347182836	0.8069578	0.06783250718265132	0.3569428	0.08565876376774169	0.17004089999999983	0.06922365347182836
tw5	NNI2	0.4	900	10	0.8382109999999999	0.07048375571419119	0.814468	0.06897433725024918	0.3595151	0.08604299000156838	0.16178900000000007	0.07048375571419119
tw5	NNI2	0.4	1000	10	0.8393413000000001	0.07066391163010846	0.8149784999999999	0.06906413214304674	0.3618116	0.08630865006426387	0.16065869999999993	0.07066391163010846
tw5	NNI2	0.4	2000	10	0.8567206	0.0698940903900243	0.8289738	0.06789681847264027	0.36996239999999997	0.08733437971869319	0.14327939999999995	0.0698940903900243
tw5	NNI2	0.4	3000	10	0.8640594	0.06910899097564013	0.8350100000000001	0.06697099978929519	0.37393139999999997	0.08760746262330243	0.13594059999999997	0.06910899097564013
tw5	NNI2	0.4	4000	10	0.8691611	0.06911662827061872	0.8391756000000001	0.06688806465202393	0.3763434	0.08778740341810624	0.13083889999999998	0.06911662827061872
tw5	NNI2	0.4	5000	10	0.873696	0.06897741533268537	0.8431509	0.06680538535418466	0.3783054	0.0879940268240723	0.12630399999999997	0.06897741533268537
tw5	NNI2	0.4	6000	10	0.8761868999999999	0.06910268453145972	0.8452529	0.06692545985704294	0.3797476	0.08814378576144775	0.12381310000000012	0.06910268453145972
tw5	NNI2	0.4	7000	10	0.8808292	0.06821115932761866	0.8493568	0.06595878552261084	0.380985	0.08823450226678148	0.11917080000000002	0.06821115932761866
tw5	NNI2	0.4	8000	10	0.8869146000000001	0.06748904093541575	0.8551467	0.0652840225680662	0.3820238	0.08824789464052073	0.11308539999999989	0.06748904093541575
tw5	NNI2	0.4	9000	10	0.8890374000000001	0.06763128996489388	0.8571099	0.0654735355294115	0.38266049999999996	0.08820956015953649	0.11096259999999991	0.06763128996489388
tw5	NNI2	0.4	10000	10	0.8911076999999998	0.0673149459019235	0.8590232	0.0651404739309679	0.38348720000000003	0.08824674471613984	0.10889230000000016	0.0673149459019235
tw5	NNI2	0.4	20000	10	0.9015290000000002	0.06577299595849011	0.8687512	0.06380721122600486	0.3883386	0.08808694711264925	0.09847099999999975	0.06577299595849011
tw5	NNI2	0.4	30000	10	0.9056627	0.06609880247798242	0.8726586	0.06419864221603305	0.3910048	0.0879496877833887	0.09433729999999996	0.06609880247798242
tw5	NNI2	0.4	40000	10	0.9137221	0.06515841110733304	0.8803117	0.06322563511390508	0.39273050000000004	0.08780724602056864	0.08627790000000002	0.06515841110733304
tw5	NNI2	0.4	50000	10	0.9137715	0.06516327306308703	0.8803117	0.06322563511390508	0.39362719999999995	0.08764338124414567	0.08622850000000004	0.06516327306308703
tw5	NNI2	0.4	60000	10	0.9138026	0.06516664557189769	0.8803117	0.06322563511390508	0.39422009999999996	0.08752105593772531	0.08619739999999998	0.06516664557189769
tw5	NNI2	0.4	70000	10	0.9138254000000001	0.06516915259251625	0.8803117	0.06322563511390508	0.3947346	0.0874697534398415	0.08617459999999988	0.06516915259251625
tw5	NNI2	0.4	80000	10	0.9138427	0.06517115527833016	0.8803117	0.06322563511390508	0.3951459	0.0874446981452913	0.08615729999999999	0.06517115527833016
tw5	NNI2	0.4	90000	10	0.9138555	0.06517253407366735	0.8803117	0.06322563511390508	0.3954148	0.08740290474829768	0.08614449999999996	0.06517253407366735
tw5	NNI2	0.4	100000	10	0.9158603000000001	0.06508846918464983	0.882225	0.0631251751835633	0.3956497	0.08737518654503054	0.08413969999999993	0.06508846918464983
tw5	NNI2	0.4	200000	10	0.9159172	0.0650936838589497	0.882225	0.0631251751835633	0.3969055	0.08719412469493955	0.08408280000000001	0.0650936838589497
tw5	NNI2	0.4	300000	10	0.9179356000000001	0.0631318572066433	0.8841381000000001	0.061250736144410727	0.39732549999999994	0.08712707989881471	0.08206439999999993	0.0631318572066433
tw5	NNI2	0.4	400000	10	0.9219471	0.06313215285264712	0.8879954000000001	0.06126012322877293	0.3981616	0.08700363738541816	0.07805289999999998	0.06313215285264712
tw5	NNI2	0.4	500000	10	0.9239538999999999	0.06115609801237232	0.8899086	0.05937453976807829	0.3987736	0.0869047266695866	0.07604610000000012	0.06115609801237232
tw5	NNI2	0.4	600000	10	0.9339571000000001	0.05325308421833946	0.8994745	0.05181639360520953	0.400143	0.08675412592993297	0.0660428999999999	0.05325308421833946
tw5	NNI2	0.4	700000	10	0.9399598000000001	0.04935141712201495	0.9052141	0.04807130842831304	0.4017385	0.08659295318086416	0.06004019999999988	0.04935141712201495
tw5	NNI2	0.4	800000	10	0.9399642	0.049351538342295984	0.9052141	0.04807130842831304	0.40332559999999995	0.08645569107071872	0.06003579999999997	0.049351538342295984
tw5	NNI2	0.4	900000	10	0.9399668	0.049351844363328734	0.9052141	0.04807130842831304	0.4045529	0.08636038476838402	0.06003320000000001	0.049351844363328734
tw5	NNI2	0.4	1000000	10	0.9399691000000001	0.049352109860437234	0.9052141	0.04807130842831304	0.4055423	0.08630182379070045	0.06003089999999989	0.049352109860437234
tw5	NNI2	0.5	1	10	0.0	0.0	0.0	0.0	0.0	0.0	1.0	0.0
tw5	NNI2	0.5	2	10	7.699999999999999e-06	7.480418883101843e-06	0.0	0.0	3.9e-06	3.7901920209345005e-06	0.9999923	7.480418883101843e-06
tw5	NNI2	0.5	3	10	0.0036656999999999996	0.0015905529440348027	0.003579400000000001	0.0015981720196663574	0.0012219	0.0005301880263956679	0.9963343	0.0015905529440348027
tw5	NNI2	0.5	4	10	0.0109879	0.00227486505802481	0.010784399999999998	0.0022173281729745524	0.0033702000000000003	0.000753999304450018	0.9890121	0.00227486505802481
tw5	NNI2	0.5	5	10	0.026486600000000006	0.004068558145365778	0.025957800000000003	0.004007402976714192	0.0070183	0.001359656084374934	0.9735134	0.004068558145365778
tw5	NNI2	0.5	6	10	0.0524843	0.008884642889153044	0.05176240000000001	0.008715339139445782	0.013107299999999999	0.0021994484007991136	0.9475157	0.008884642889153044
tw5	NNI2	0.5	7	10	0.0653711	0.012100462335933006	0.06440820000000001	0.011978016303768055	0.017620200000000003	0.003145440092154567	0.9346289	0.012100462335933006
tw5	NNI2	0.5	8	10	0.08229329999999999	0.014189093274648193	0.08096049999999999	0.013991954069114946	0.0230661	0.004386615342784862	0.9177067	0.014189093274648193
tw5	NNI2	0.5	9	10	0.102487	0.01874376388621619	0.1008472	0.018436355411583446	0.028275700000000004	0.005659105029458673	0.897513	0.01874376388621619
tw5	NNI2	0.5	10	10	0.11606400000000001	0.02132029256053178	0.11393619999999997	0.02102057385557725	0.033495699999999996	0.007109010093692525	0.8839359999999999	0.02132029256053178
tw5	NNI2	0.5	20	10	0.2286871	0.046291395835139325	0.22536879999999998	0.045199487708453806	0.07404920000000001	0.02277686880675217	0.7713129	0.046291395835139325
tw5	NNI2	0.5	30	10	0.29365910000000006	0.05569198067714358	0.2896339	0.05454649145890748	0.0983245	0.0314445040805579	0.7063408999999999	0.05569198067714358
tw5	NNI2	0.5	40	10	0.32552169999999997	0.05989570842779787	0.3207299	0.05846749414379279	0.11427809999999998	0.03661513559458711	0.6744783000000001	0.05989570842779787
tw5	NNI2	0.5	50	10	0.3591496	0.06205091825987213	0.3537184	0.06058825787013337	0.12567520000000001	0.040117987947719085	0.6408503999999999	0.06205091825987213
tw5	NNI2	0.5	60	10	0.38140050000000003	0.06523725519589589	0.3754858	0.06363444122517302	0.13549809999999998	0.04327396791874097	0.6185995	0.06523725519589589
tw5	NNI2	0.5	70	10	0.3993021	0.06735223761975379	0.39274339999999996	0.06559978350611295	0.1428823	0.045575683888584954	0.6006979	0.06735223761975379
tw5	NNI2	0.5	80	10	0.42321200000000003	0.07060916305393923	0.41616870000000006	0.06873232147736448	0.14907200000000004	0.047775022060347255	0.576788	0.07060916305393923
tw5	NNI2	0.5	90	10	0.4351622	0.0728996389137224	0.42765890000000006	0.07100710181797154	0.15464709999999998	0.04953544051539709	0.5648378000000001	0.0728996389137224
tw5	NNI2	0.5	100	10	0.4483975	0.07396748713323682	0.44051870000000004	0.07208209476593723	0.1596996	0.05077573477321622	0.5516025	0.07396748713323682
tw5	NNI2	0.5	200	10	0.5177970999999999	0.08541903989970724	0.5066094999999999	0.08317917190595919	0.1886553	0.05860745527282913	0.4822029000000001	0.08541903989970724
tw5	NNI2	0.5	300	10	0.5533627999999999	0.08963301108133469	0.5400740999999999	0.08700752860764405	0.2040911	0.06232825788774391	0.44663720000000007	0.08963301108133469
tw5	NNI2	0.5	400	10	0.5745199000000001	0.08942757193200788	0.5597779	0.0866134279873572	0.21449440000000003	0.06443172747562596	0.4254800999999999	0.08942757193200788
tw5	NNI2	0.5	500	10	0.5966354	0.09151539614260419	0.5807126	0.08845298656124871	0.22207259999999995	0.06576979146676855	0.40336459999999996	0.09151539614260419
tw5	NNI2	0.5	600	10	0.6105889	0.0920871395122214	0.5936759	0.08894220811446422	0.22879079999999993	0.06731970774013933	0.3894111	0.0920871395122214
tw5	NNI2	0.5	700	10	0.6272911000000001	0.09182703816989005	0.609231	0.08848038855111089	0.23510219999999998	0.06869533601988162	0.3727088999999999	0.09182703816989005
tw5	NNI2	0.5	800	10	0.6369294999999999	0.09348722619769445	0.6181618999999999	0.08996550736963954	0.24057680000000006	0.06992707607704218	0.3630705000000001	0.09348722619769445
tw5	NNI2	0.5	900	10	0.6483551999999999	0.0941030975957044	0.6288353000000001	0.09045201380044927	0.2458114	0.07105879420611264	0.3516448000000001	0.0941030975957044
tw5	NNI2	0.5	1000	10	0.6513215000000001	0.09421664783905112	0.6311846	0.09047976711510947	0.25033890000000003	0.07198080432038809	0.3486784999999999	0.09421664783905112
tw5	NNI2	0.5	2000	10	0.6973515000000001	0.09619755784140259	0.6736183	0.09201435795268885	0.27534460000000005	0.07666527173907797	0.3026484999999999	0.09619755784140259
tw5	NNI2	0.5	3000	10	0.7215615000000001	0.09447819076770515	0.6958194000000001	0.0901249919180394	0.28909250000000003	0.0792047564273552	0.2784384999999999	0.09447819076770515
tw5	NNI2	0.5	4000	10	0.7346427	0.09653211479583708	0.7080350000000001	0.09199022909418153	0.2978588999999999	0.08085949271826062	0.2653573	0.09653211479583708
tw5	NNI2	0.5	5000	10	0.7521607	0.09489848369120552	0.7247812	0.09042944341809622	0.3042161	0.08204462640314857	0.24783929999999998	0.09489848369120552
tw5	NNI2	0.5	6000	10	0.7626968999999999	0.09410602530484787	0.7346979000000001	0.08972623775753173	0.30940920000000005	0.08284880962194528	0.2373031000000001	0.09410602530484787
tw5	NNI2	0.5	7000	10	0.7709077	0.09436592841569814	0.7425194	0.09002300812498498	0.31336630000000004	0.0833677924755451	0.22909230000000003	0.09436592841569814
tw5	NNI2	0.5	8000	10	0.7710953999999999	0.09440262779030865	0.7425194	0.09002300812498498	0.3167417	0.0838090844280486	0.22890460000000012	0.09440262779030865
tw5	NNI2	0.5	9000	10	0.7731694	0.09361291084154291	0.7444327000000001	0.08923526525328052	0.3192107	0.08407915889512824	0.2268306	0.09361291084154291
tw5	NNI2	0.5	10000	10	0.7772197999999999	0.09216832032293477	0.7482901000000001	0.08781776489633392	0.32147749999999997	0.08437027451369745	0.2227802000000001	0.09216832032293477
tw5	NNI2	0.5	20000	10	0.8015572000000001	0.0890913156556924	0.7716084000000001	0.08503537353925128	0.3343355	0.08574086825108548	0.19844279999999992	0.0890913156556924
tw5	NNI2	0.5	30000	10	0.8036854	0.08912789133476805	0.7736011000000002	0.08512498070385816	0.3406445	0.08658149480604964	0.1963146	0.08912789133476805
tw5	NNI2	0.5	40000	10	0.8097456	0.08841085112513684	0.7794408	0.08453556395174755	0.3441352	0.08699805942315929	0.19025440000000005	0.08841085112513684
tw5	NNI2	0.5	50000	10	0.8157831000000002	0.08829572647610602	0.7853101	0.08454500763912018	0.34694820000000004	0.0872066430509613	0.1842168999999998	0.08829572647610602
tw5	NNI2	0.5	60000	10	0.8218076	0.08670931260433078	0.7910499000000001	0.08298708080223492	0.34907649999999996	0.08733164759966584	0.17819240000000003	0.08670931260433078
tw5	NNI2	0.5	70000	10	0.8258235	0.08586927635465565	0.7948765000000001	0.08215508207290377	0.35078249999999994	0.08742430920443249	0.17417649999999996	0.08586927635465565
tw5	NNI2	0.5	80000	10	0.8358377000000001	0.08424078188634845	0.8046811	0.08082469891306603	0.3522636	0.08749784881091521	0.16416229999999987	0.08424078188634845
tw5	NNI2	0.5	90000	10	0.8417415	0.08280217066817216	0.8103756000000001	0.07941695054684485	0.3540327	0.0876111109204319	0.15825849999999997	0.08280217066817216
tw5	NNI2	0.5	100000	10	0.8418660999999998	0.08278837845460758	0.8104518	0.07940598207129401	0.35560739999999996	0.08771563501998944	0.15813390000000016	0.08278837845460758
tw5	NNI2	0.5	200000	10	0.8519208	0.07949651632797781	0.8201590000000001	0.07632240334906767	0.36403620000000003	0.08802248695327801	0.14807919999999997	0.07949651632797781
tw5	NNI2	0.5	300000	10	0.8559408	0.07761026486057683	0.8239855	0.07449210870439753	0.367784	0.08804551576088357	0.14405920000000005	0.07761026486057683
tw5	NNI2	0.5	400000	10	0.8659482000000001	0.0754780799316817	0.8335517000000001	0.07238300111798042	0.3704681	0.08788958954448978	0.13405179999999994	0.0754780799316817
tw5	NNI2	0.5	500000	10	0.8699562000000001	0.07382439700198483	0.8373781000000001	0.07077308342810217	0.3726387	0.08771000691711928	0.13004379999999993	0.07382439700198483
tw5	NNI2	0.5	600000	10	0.8719618	0.07297458808041787	0.8393222000000001	0.06996007023816435	0.3741866	0.08757938953597093	0.1280382	0.07297458808041787
tw5	NNI2	0.5	700000	10	0.8759648999999999	0.07134961232760055	0.8431487000000001	0.0683761057501571	0.3755552999999999	0.08742809696799739	0.12403510000000006	0.07134961232760055
tw5	NNI2	0.5	800000	10	0.8779681	0.07151497555577666	0.8451413999999999	0.06864258195548559	0.3767429	0.08734437741332358	0.12203189999999997	0.07151497555577666
tw5	NNI2	0.5	900000	10	0.8839698	0.06842626080465501	0.8509604000000002	0.06578095126929477	0.37801680000000004	0.08735832648933801	0.11603019999999997	0.06842626080465501
tw5	NNI2	0.5	1000000	10	0.8839721	0.06842634319283278	0.8509604000000002	0.06578095126929477	0.3793043	0.08734266295778179	0.11602789999999996	0.06842634319283278
tw5	TBR	0.0	1	10	0.0	0.0	0.0	0.0	0.0	0.0	1.0	0.0
tw5	TBR	0.0	2	10	0.0	0.0	0.0	0.0	0.0	0.0	1.0	0.0
tw5	TBR	0.0	3	10	0.0	0.0	0.0	0.0	0.0	0.0	1.0	0.0
tw5	TBR	0.0	4	10	0.0	0.0	0.0	0.0	0.0	0.0	1.0	0.0
tw5	TBR	0.0	5	10	0.0	0.0	0.0	0.0	0.0	0.0	1.0	0.0
tw5	TBR	0.0	6	10	0.0	0.0	0.0	0.0	0.0	0.0	1.0	0.0
tw5	TBR	0.0	7	10	0.0	0.0	0.0	0.0	0.0	0.0	1.0	0.0
tw5	TBR	0.0	8	10	0.0	0.0	0.0	0.0	0.0	0.0	1.0	0.0
tw5	TBR	0.0	9	10	0.0	0.0	0.0	0.0	0.0	0.0	1.0	0.0
tw5	TBR	0.0	10	10	0.0	0.0	0.0	0.0	0.0	0.0	1.0	0.0
tw5	TBR	0.0	20	10	0.0001426	0.00012771027975678212	0.0001289	0.00012890000000000002	3.580000000000001e-05	3.19081320181688e-05	0.9998574	0.00012771027975678212
tw5	TBR	0.0	30	10	0.0001778	0.0001255444852543423	0.00013519999999999998	0.0001283527950611127	7.63e-05	6.342660675492931e-05	0.9998222	0.0001255444852543423
tw5	TBR	0.0	40	10	0.004620600000000001	0.0021879448967264026	0.0045454	0.002163459119096083	0.0006148000000000001	0.00021946651478326054	0.9953794	0.0021879448967264026
tw5	TBR	0.0	50	10	0.0077722	0.00287156973641789	0.0076629	0.0028509831499170793	0.00165	0.000636271867120407	0.9922278	0.00287156973641789
tw5	TBR	0.0	60	10	0.0124666	0.004241870947798598	0.0120902	0.004307635032513007	0.0030859999999999998	0.0010782407173003828	0.9875334	0.004241870947798598
tw5	TBR	0.0	70	10	0.0209221	0.007011085741642779	0.020370100000000002	0.007122309735300449	0.004633	0.0015372302726368327	0.9790779000000001	0.007011085741642779
tw5	TBR	0.0	80	10	0.03465139999999999	0.009523869920946585	0.0339501	0.009697270491626898	0.0065872	0.0019802348390475753	0.9653486	0.009523869920946585
tw5	TBR	0.0	90	10	0.0553559	0.009741136346500395	0.0544077	0.009808413957244395	0.009834699999999998	0.002215272062800012	0.9446441	0.009741136346500395
tw5	TBR	0.0	100	10	0.06882519999999999	0.009843095916315036	0.0675428	0.009769315219718432	0.0137386	0.002336273805300512	0.9311748	0.009843095916315036
tw5	TBR	0.0	200	10	0.2914603	0.0355056966371595	0.2878715	0.03539161624115394	0.07095850000000001	0.009440263401751268	0.7085397	0.0355056966371595
tw5	TBR	0.0	300	10	0.4771349000000001	0.044547799444703835	0.4717168	0.04435387243341893	0.1299297	0.019044369471812105	0.5228651	0.044547799444703835
tw5	TBR	0.0	400	10	0.6300312000000001	0.04865162910685633	0.6232304	0.0479989816697998	0.18254689999999996	0.028997907788685565	0.3699687999999999	0.04865162910685633
tw5	TBR	0.0	500	10	0.7132498	0.04747859340582401	0.7058945999999999	0.046959929688618576	0.2246594	0.03900406134727795	0.28675019999999996	0.04747859340582401
tw5	TBR	0.0	600	10	0.768113	0.04222734256037326	0.7600053000000001	0.04175941407104112	0.2557169	0.04658383210023981	0.23188699999999995	0.04222734256037326
tw5	TBR	0.0	700	10	0.8041733000000001	0.04047512566504409	0.7953495	0.04011666786407697	0.27942570000000005	0.0528801565475179	0.1958266999999999	0.04047512566504409
tw5	TBR	0.0	800	10	0.8316507	0.03540512262592331	0.8220549	0.03501550348042674	0.29803579999999996	0.05797430554225437	0.16834930000000004	0.03540512262592331
tw5	TBR	0.0	900	10	0.852364	0.032361647422699466	0.8420807	0.03193396224504215	0.3145998	0.06192938286859029	0.147636	0.032361647422699466
tw5	TBR	0.0	1000	10	0.8773241	0.029406020424566127	0.8666499	0.02893860275497073	0.3282426	0.0651401536523279	0.12267589999999995	0.029406020424566127
tw5	TBR	0.0	2000	10	0.9470227000000001	0.012664269252112422	0.9325743000000001	0.012734603995980568	0.39640030000000004	0.08132906836755505	0.052977299999999894	0.012664269252112422
tw5	TBR	0.0	3000	10	0.9657394	0.00827605281681229	0.9478187	0.008860968705571142	0.41769559999999994	0.08723693911656155	0.034260599999999974	0.00827605281681229
tw5	TBR	0.0	4000	10	0.9742217999999999	0.0062010458863359826	0.9536293	0.007222691086737986	0.4273637	0.0897506688023425	0.025778200000000084	0.0062010458863359826
tw5	TBR	0.0	5000	10	0.9789257000000001	0.005201027137979575	0.9564495000000001	0.0065290674853134825	0.4317406999999999	0.09110935164284117	0.02107429999999988	0.005201027137979575
tw5	TBR	0.0	6000	10	0.9818012999999999	0.004587259583891024	0.9579118000000001	0.006124659248208557	0.43672659999999996	0.09227547764639915	0.018198700000000123	0.004587259583891024
tw5	TBR	0.0	7000	10	0.9844728999999999	0.0039181875045882055	0.9593000999999999	0.005810694652391682	0.43976620000000005	0.09292165183897909	0.015527100000000127	0.0039181875045882055
tw5	TBR	0.0	8000	10	0.9861806	0.0035076774626841365	0.9600472999999999	0.005605875762784767	0.44212570000000007	0.0936841235469312	0.013819400000000037	0.0035076774626841365
tw5	TBR	0.0	9000	10	0.9876826	0.003162736765664964	0.9605987	0.005448249207161258	0.44383359999999994	0.09415377190617484	0.012317400000000034	0.003162736765664964
tw5	TBR	0.0	10000	10	0.9886847000000001	0.002954631498173675	0.9608536000000001	0.005397487720535661	0.44495819999999997	0.09464726062418406	0.011315299999999917	0.002954631498173675
tw5	TBR	0.0	20000	10	0.9939735000000001	0.001427129747663703	0.9623157000000001	0.005012029963664085	0.45325479999999996	0.0968577352906829	0.006026499999999935	0.001427129747663703
tw5	TBR	0.0	30000	10	0.9957745000000001	0.0009080655415650194	0.9625629000000002	0.004941780530335189	0.45592439999999995	0.09746372695512019	0.004225499999999882	0.0009080655415650194
tw5	TBR	0.0	40000	10	0.9967298	0.0006761141225168036	0.9626323000000001	0.0049229863927633686	0.45743030000000007	0.09781490708340136	0.003270200000000001	0.0006761141225168036
tw5	TBR	0.0	50000	10	0.9973271	0.0005558473301585996	0.9627016000000002	0.0049051273473104924	0.45840869999999995	0.09811132680696624	0.002672899999999978	0.0005558473301585996
tw5	TBR	0.0	60000	10	0.9976583000000001	0.000483089640865035	0.9627016000000002	0.0049051273473104924	0.45905319999999994	0.09829058201326649	0.002341699999999891	0.000483089640865035
tw5	TBR	0.0	70000	10	0.9979806	0.0004057179699139744	0.9627016000000002	0.0049051273473104924	0.4599493	0.09849557211954588	0.0020194000000000045	0.0004057179699139744
tw5	TBR	0.0	80000	10	0.9981966	0.0003577632736880541	0.9627016000000002	0.0049051273473104924	0.46029669999999995	0.09853670384876331	0.0018034000000000106	0.0003577632736880541
tw5	TBR	0.0	90000	10	0.9983777999999999	0.0003039218028082561	0.9627016000000002	0.0049051273473104924	0.4606004	0.09861800689689258	0.001622200000000129	0.0003039218028082561
tw5	TBR	0.0	100000	10	0.9984864	0.0002814943141324321	0.9627016000000002	0.0049051273473104924	0.46078729999999996	0.09864462961054245	0.0015136000000000038	0.0002814943141324321
tw5	TBR	0.0	200000	10	0.9991920000000001	0.00014877387763537607	0.9627016000000002	0.0049051273473104924	0.4611299	0.09884282079189612	0.0008079999999999199	0.00014877387763537607
tw5	TBR	0.0	300000	10	0.9994086999999998	0.00011195207804135895	0.9627016000000002	0.0049051273473104924	0.4615577	0.09898895193528193	0.0005913000000001833	0.00011195207804135895
tw5	TBR	0.0	400000	10	0.9995497999999999	8.900446930101326e-05	0.9627016000000002	0.0049051273473104924	0.4618052	0.09901893115749802	0.0004502000000000672	8.900446930101326e-05
tw5	TBR	0.0	500000	10	0.9996260000000001	7.477194958301632e-05	0.9627016000000002	0.0049051273473104924	0.4620468000000001	0.09907263029894336	0.00037399999999987443	7.477194958301632e-05
tw5	TBR	0.0	600000	10	0.9996904999999998	6.451756866673278e-05	0.9627016000000002	0.0049051273473104924	0.4621246	0.09912052742710092	0.00030950000000018463	6.451756866673278e-05
tw5	TBR	0.0	700000	10	0.9997309999999999	5.836608604317816e-05	0.9627016000000002	0.0049051273473104924	0.46214770000000005	0.09914031727461953	0.00026900000000007473	5.836608604317816e-05
tw5	TBR	0.0	800000	10	0.9997608999999998	5.357454826894568e-05	0.9627016000000002	0.0049051273473104924	0.4620959	0.09913185770863751	0.00023910000000015863	5.357454826894568e-05
tw5	TBR	0.0	900000	10	0.9997834000000001	5.0209162510444866e-05	0.9627016000000002	0.0049051273473104924	0.46211450000000004	0.09913497927464016	0.0002165999999999002	5.0209162510444866e-05
tw5	TBR	0.0	1000000	10	0.9998014	4.7019664916807064e-05	0.9627016000000002	0.0049051273473104924	0.46215700000000004	0.09914072786241226	0.00019860000000004874	4.7019664916807064e-05
tw5	TBR	0.02	1	10	0.0	0.0	0.0	0.0	0.0	0.0	1.0	0.0
tw5	TBR	0.02	2	10	0.0	0.0	0.0	0.0	0.0	0.0	1.0	0.0
tw5	TBR	0.02	3	10	0.00029069999999999996	0.00029069999999999996	0.00029069999999999996	0.00029069999999999996	9.69e-05	9.69e-05	0.9997093	0.00029069999999999996
tw5	TBR	0.02	4	10	0.00029069999999999996	0.00029069999999999996	0.00029069999999999996	0.00029069999999999996	0.0001454	0.00014539999999999998	0.9997093	0.00029069999999999996
tw5	TBR	0.02	5	10	0.0002934	0.00029041239642962896	0.00029069999999999996	0.00029069999999999996	0.00017490000000000002	0.00017434515256301857	0.9997066	0.00029041239642962896
tw5	TBR	0.02	6	10	0.0002934	0.00029041239642962896	0.00029069999999999996	0.00029069999999999996	0.0001947	0.0001937020650380372	0.9997066	0.00029041239642962896
tw5	TBR	0.02	7	10	0.0003013	0.0002896319906363936	0.00029069999999999996	0.00029069999999999996	0.0002099	0.00020734996985772628	0.9996987	0.0002896319906363936
tw5	TBR	0.02	8	10	0.0014900999999999998	0.0011935946403848988	0.0014795	0.0011920383592821163	0.00037	0.00025019547913137394	0.9985099	0.0011935946403848988
tw5	TBR	0.02	9	10	0.0015052000000000002	0.001191696715705058	0.0014941999999999998	0.0011901002086659202	0.0004952000000000001	0.00032864529342269437	0.9984948	0.001191696715705058
tw5	TBR	0.02	10	10	0.0015052000000000002	0.001191696715705058	0.0014941999999999998	0.0011901002086659202	0.0005955	0.00040420001237011357	0.9984948	0.001191696715705058
tw5	TBR	0.02	20	10	0.0096579	0.0035320519451635096	0.0095364	0.0034889622181961213	0.0027766999999999996	0.001129770793371627	0.9903421	0.0035320519451635096
tw5	TBR	0.02	30	10	0.037206699999999995	0.010355112066618218	0.0367597	0.010253166829001337	0.008429299999999999	0.0023386210469229745	0.9627933	0.010355112066618218
tw5	TBR	0.02	40	10	0.06244380000000001	0.016534143956471813	0.0614948	0.016406386667528118	0.0168631	0.004289020171580243	0.9375562	0.016534143956471813
tw5	TBR	0.02	50	10	0.11608670000000001	0.02605828580447643	0.11460189999999999	0.02583533034408072	0.0284927	0.006753668812085274	0.8839133	0.02605828580447643
tw5	TBR	0.02	60	10	0.1562056	0.031408732345285406	0.154163	0.031093762605312908	0.041963999999999994	0.009663756395246451	0.8437943999999999	0.031408732345285406
tw5	TBR	0.02	70	10	0.196211	0.03839149620684247	0.1938421	0.038106885700458094	0.0556198	0.012477347325631534	0.803789	0.03839149620684247
tw5	TBR	0.02	80	10	0.2554568	0.05018690824437075	0.25269289999999994	0.049909517092534564	0.0695966	0.0154969172649129	0.7445432000000001	0.05018690824437075
tw5	TBR	0.02	90	10	0.29367909999999997	0.05563994787150085	0.2905291	0.055418070783304366	0.0838246	0.018487926005429114	0.7063209	0.05563994787150085
tw5	TBR	0.02	100	10	0.3399424	0.058219056162279605	0.3363317	0.05800605422828244	0.09862479999999998	0.021699530670193458	0.6600576	0.058219056162279605
tw5	TBR	0.02	200	10	0.6169589	0.06147859329256177	0.6101179	0.061240716958291364	0.2077884	0.04321421052313437	0.3830411	0.06147859329256177
tw5	TBR	0.02	300	10	0.7461375	0.05026146291151458	0.7375849000000001	0.04972982158433711	0.2699267	0.056269952672619944	0.2538625	0.05026146291151458
tw5	TBR	0.02	400	10	0.8184864000000001	0.04143645290540953	0.8087449000000001	0.04085385433562746	0.3077966	0.06491896418017362	0.18151359999999994	0.04143645290540953
tw5	TBR	0.02	500	10	0.8580757999999999	0.03422297997018962	0.8473592999999999	0.03373766411430999	0.33521410000000007	0.07080343940428788	0.14192420000000006	0.03422297997018962
tw5	TBR	0.02	600	10	0.8907346	0.027682224490014437	0.8790006	0.026960062527210706	0.3545342	0.07514697883626312	0.10926539999999996	0.027682224490014437
tw5	TBR	0.02	700	10	0.9111754	0.023387280246702	0.8986991	0.022621545440108387	0.3678984	0.07827238455905122	0.08882460000000003	0.023387280246702
tw5	TBR	0.02	800	10	0.9266887	0.01938214773791709	0.913324	0.018555402737627538	0.3778227	0.08057221613297531	0.07331129999999997	0.01938214773791709
tw5	TBR	0.02	900	10	0.9391177	0.01766782698897129	0.9248894	0.017163874099851567	0.3872684	0.08244976157922539	0.060882299999999945	0.01766782698897129
tw5	TBR	0.02	1000	10	0.9451642999999998	0.015737115094966496	0.9301633	0.015352454154195238	0.3943332	0.08407726430106482	0.054835700000000154	0.015737115094966496
tw5	TBR	0.02	2000	10	0.9713418	0.007944482607864829	0.9510268	0.008214834927400815	0.4288784	0.09153210063471964	0.028658199999999967	0.007944482607864829
tw5	TBR	0.02	3000	10	0.9802338	0.005427924413622579	0.9567021	0.006485752772980338	0.43906729999999994	0.0936540286991376	0.019766199999999956	0.005427924413622579
tw5	TBR	0.02	4000	10	0.984313	0.0043524940717299555	0.9587488000000001	0.005891306046106314	0.44542760000000003	0.09499736307945018	0.015687000000000006	0.0043524940717299555
tw5	TBR	0.02	5000	10	0.9868791000000001	0.0036107608661087192	0.9598514000000001	0.0055851820883477	0.44941909999999996	0.09577501474966678	0.01312089999999988	0.0036107608661087192
tw5	TBR	0.02	6000	10	0.9885534000000001	0.003073479509177399	0.9606691000000002	0.0053805302102426025	0.4526504	0.0962688499338297	0.011446599999999862	0.003073479509177399
tw5	TBR	0.02	7000	10	0.9900515999999999	0.0027605043870842024	0.9612676	0.00527001688422342	0.4540494	0.09654898579215285	0.00994840000000008	0.0027605043870842024
tw5	TBR	0.02	8000	10	0.9915436999999999	0.002324512364872354	0.9618930000000001	0.005102621672565317	0.4548962	0.0969222307645327	0.008456300000000083	0.002324512364872354
tw5	TBR	0.02	9000	10	0.9924935999999999	0.0020262753251553242	0.9621623000000001	0.005037813004447237	0.45541010000000004	0.0971961702144974	0.007506400000000135	0.0020262753251553242
tw5	TBR	0.02	10000	10	0.9932594	0.0017798669688116257	0.9623443000000002	0.004991685633909423	0.4561864	0.0973717029121112	0.0067405999999999855	0.0017798669688116257
tw5	TBR	0.02	20000	10	0.9962486	0.0009013222410560066	0.962696	0.0049064523594503084	0.45969109999999996	0.09844555480743318	0.0037513999999999603	0.0009013222410560066
tw5	TBR	0.02	30000	10	0.9973875	0.0005987783906514306	0.9627016000000002	0.0049051273473104924	0.4604356	0.09869202460901624	0.0026125000000000176	0.0005987783906514306
tw5	TBR	0.02	40000	10	0.9979150999999999	0.0004557770032226976	0.9627016000000002	0.0049051273473104924	0.4611319	0.09879936849060995	0.002084900000000056	0.0004557770032226976
tw5	TBR	0.02	50000	10	0.9982825999999999	0.0003625429691008282	0.9627016000000002	0.0049051273473104924	0.4613683	0.09888630659399264	0.001717400000000091	0.0003625429691008282
tw5	TBR	0.02	60000	10	0.9985279	0.0003102185054298276	0.9627016000000002	0.0049051273473104924	0.4616055	0.09896634134663607	0.0014720999999999762	0.0003102185054298276
tw5	TBR	0.02	70000	10	0.9987213	0.00027057256369082065	0.9627016000000002	0.0049051273473104924	0.4617953	0.09902103158420998	0.001278699999999966	0.00027057256369082065
tw5	TBR	0.02	80000	10	0.9988621	0.00023759103284612434	0.9627016000000002	0.0049051273473104924	0.46214259999999996	0.09909484771304262	0.001137900000000025	0.00023759103284612434
tw5	TBR	0.02	90000	10	0.9989712999999998	0.00021066376843998069	0.9627016000000002	0.0049051273473104924	0.4621395	0.09915277443658457	0.0010287000000002156	0.00021066376843998069
tw5	TBR	0.02	100000	10	0.9990541000000001	0.00019123472778527915	0.9627016000000002	0.0049051273473104924	0.4622694	0.09914695816538642	0.000945899999999944	0.00019123472778527915
tw5	TBR	0.02	200000	10	0.9994905000000001	0.00011930737613408505	0.9627016000000002	0.0049051273473104924	0.4624518999999999	0.0991389034744742	0.0005094999999999406	0.00011930737613408505
tw5	TBR	0.02	300000	10	0.9996525999999999	8.705377648327652e-05	0.9627016000000002	0.0049051273473104924	0.4622609	0.09912885158334188	0.00034740000000010873	8.705377648327652e-05
tw5	TBR	0.02	400000	10	0.9997347	7.010041210847892e-05	0.9627016000000002	0.0049051273473104924	0.4622376	0.0991295548580745	0.00026530000000002385	7.010041210847892e-05
tw5	TBR	0.02	500000	10	0.9997811000000001	6.015211273652315e-05	0.9627016000000002	0.0049051273473104924	0.46225750000000004	0.0991406799563406	0.00021889999999991083	6.015211273652315e-05
tw5	TBR	0.02	600000	10	0.9998106	5.268590365975191e-05	0.9627016000000002	0.0049051273473104924	0.46238619999999997	0.09916253431712782	0.00018940000000000623	5.268590365975191e-05
tw5	TBR	0.02	700000	10	0.9998318999999999	4.633008381890006e-05	0.9627016000000002	0.0049051273473104924	0.46238209999999996	0.09915314509030405	0.00016810000000011538	4.633008381890006e-05
tw5	TBR	0.02	800000	10	0.9998503000000001	4.235932273092138e-05	0.9627016000000002	0.0049051273473104924	0.46243500000000004	0.09914819068388937	0.00014969999999991934	4.235932273092138e-05
tw5	TBR	0.02	900000	10	0.9998647	3.8269526606252395e-05	0.9627016000000002	0.0049051273473104924	0.4624230000000001	0.09913807288076115	0.00013529999999994935	3.8269526606252395e-05
tw5	TBR	0.02	1000000	10	0.9998756999999999	3.593885239000815e-05	0.9627016000000002	0.0049051273473104924	0.46241770000000004	0.09913817015795572	0.00012430000000007713	3.593885239000815e-05
tw5	TBR	0.05	1	10	0.0	0.0	0.0	0.0	0.0	0.0	1.0	0.0
tw5	TBR	0.05	2	10	0.0	0.0	0.0	0.0	0.0	0.0	1.0	0.0
tw5	TBR	0.05	3	10	1.0000000000000002e-06	1e-06	0.0	0.0	3e-07	2.9999999999999993e-07	0.999999	1e-06
tw5	TBR	0.05	4	10	1.6299999999999996e-05	1.4911628571912146e-05	0.0	0.0	4.4e-06	3.780652501002087e-06	0.9999837	1.4911628571912146e-05
tw5	TBR	0.05	5	10	0.0003718	0.0001926144565937066	0.0003483	0.00019122459453625612	7.76e-05	3.9270062105601235e-05	0.9996282	0.0001926144565937066
tw5	TBR	0.05	6	10	0.0022884	0.00188251038185126	0.0022613999999999998	0.0018837315402029967	0.00044589999999999994	0.00031151045818006743	0.9977116	0.00188251038185126
tw5	TBR	0.05	7	10	0.0023064	0.0018812641624420764	0.0022613999999999998	0.0018837315402029967	0.0007115	0.0005351160881320778	0.9976936	0.0018812641624420764
tw5	TBR	0.05	8	10	0.005809300000000001	0.0037816146259090026	0.0057377999999999995	0.00377471142620348	0.0013482999999999998	0.0009318037710686609	0.9941907	0.0037816146259090026
tw5	TBR	0.05	9	10	0.0083572	0.004133484472505545	0.0082664	0.004118466951022754	0.0021268000000000003	0.0012462527815638186	0.9916428	0.004133484472505545
tw5	TBR	0.05	10	10	0.014588399999999998	0.006324747858303215	0.014442199999999999	0.006280165008094045	0.0033694000000000003	0.0017075007284852847	0.9854116	0.006324747858303215
tw5	TBR	0.05	20	10	0.08364209999999998	0.02904284683453818	0.0824613	0.02877195299633539	0.025291200000000003	0.00885861747653411	0.9163579000000001	0.02904284683453818
tw5	TBR	0.05	30	10	0.1743155	0.045540767492983684	0.17202030000000001	0.045290016257215994	0.050858099999999996	0.015541421824309096	0.8256844999999999	0.045540767492983684
tw5	TBR	0.05	40	10	0.2938413	0.06592271711532967	0.29044790000000004	0.06563123290450633	0.0853031	0.022759416948424274	0.7061587	0.06592271711532967
tw5	TBR	0.05	50	10	0.3748004	0.07456997896818501	0.3706899999999999	0.07420194363581949	0.1198517	0.029589966621230843	0.6251996	0.07456997896818501
tw5	TBR	0.05	60	10	0.44534609999999997	0.07965353501291982	0.4406378	0.07922048570832056	0.14913099999999999	0.03527485383102246	0.5546539	0.07965353501291982
tw5	TBR	0.05	70	10	0.5041097999999999	0.0827390548437677	0.49898220000000004	0.08217831336061575	0.1753513	0.04037055759228775	0.49589020000000006	0.0827390548437677
tw5	TBR	0.05	80	10	0.550921	0.08001106059400649	0.545412	0.07945522580646004	0.198759	0.04500593664692099	0.449079	0.08001106059400649
tw5	TBR	0.05	90	10	0.5936658000000001	0.07999580088657432	0.5878811	0.07932940896350413	0.2183622	0.0489497315913195	0.40633419999999987	0.07999580088657432
tw5	TBR	0.05	100	10	0.6287868999999999	0.07773871943296125	0.6226098999999999	0.07702880151842917	0.23575020000000002	0.052560381231029046	0.3712131000000001	0.07773871943296125
tw5	TBR	0.05	200	10	0.8051619999999999	0.053271554921302346	0.7962790999999999	0.05240981697363576	0.3342647	0.07291506320188199	0.19483800000000007	0.053271554921302346
tw5	TBR	0.05	300	10	0.8765422	0.038192904305148385	0.8652927	0.03716232572259468	0.37355679999999997	0.08004924662658883	0.12345779999999995	0.038192904305148385
tw5	TBR	0.05	400	10	0.9115529	0.027924049813516982	0.8985065000000001	0.026990735516819263	0.3965159	0.08467916201449247	0.0884471	0.027924049813516982
tw5	TBR	0.05	500	10	0.9289587000000001	0.022076297234339116	0.9140412	0.021019476820743607	0.41108859999999997	0.08764709878600913	0.07104129999999986	0.022076297234339116
tw5	TBR	0.05	600	10	0.9398813	0.0183866086505309	0.9238484000000001	0.01750099504358411	0.4219353	0.08982260292154258	0.06011869999999997	0.0183866086505309
tw5	TBR	0.05	700	10	0.9509635	0.01456844711716233	0.9339353000000001	0.013850745358242959	0.42789279999999996	0.09132407260700152	0.04903650000000004	0.01456844711716233
tw5	TBR	0.05	800	10	0.9586104000000001	0.012161363787010071	0.9403944000000001	0.011653470576232262	0.4321345	0.09222871939191295	0.041389599999999915	0.012161363787010071
tw5	TBR	0.05	900	10	0.9621286	0.011063320871942369	0.9432695000000001	0.01073763371640967	0.43560239999999995	0.09302998165265502	0.0378714	0.011063320871942369
tw5	TBR	0.05	1000	10	0.9655954	0.010097341449004175	0.9459713000000001	0.00980926663931158	0.43908819999999993	0.09384348846419173	0.03440460000000001	0.010097341449004175
tw5	TBR	0.05	2000	10	0.9813113	0.0055091443619777435	0.9569289000000001	0.006440433447197298	0.4497654	0.09643719185553995	0.018688700000000003	0.0055091443619777435
tw5	TBR	0.05	3000	10	0.9870045	0.0038298805065490565	0.9598474000000001	0.005640261783128699	0.45356060000000004	0.09731753903487511	0.012995500000000049	0.0038298805065490565
tw5	TBR	0.05	4000	10	0.9901668999999998	0.0028490282337433337	0.9612190000000002	0.005304077969931347	0.45556290000000005	0.09791847285578957	0.00983310000000015	0.0028490282337433337
tw5	TBR	0.05	5000	10	0.9915278000000001	0.002412215803870884	0.9615604000000001	0.005211910059768018	0.45731510000000003	0.09821191773964545	0.00847219999999993	0.002412215803870884
tw5	TBR	0.05	6000	10	0.9926464000000002	0.0020407883073840735	0.9618731	0.005131627815052661	0.4584638999999999	0.09844555145803524	0.007353599999999849	0.0020407883073840735
tw5	TBR	0.05	7000	10	0.9934132	0.001771939921228834	0.9619683	0.00511065672459681	0.4593075	0.09858273775624547	0.006586800000000004	0.001771939921228834
tw5	TBR	0.05	8000	10	0.9942552999999998	0.0015060496896775303	0.9621917000000002	0.005045792355022148	0.4594835	0.09862169202859648	0.005744700000000158	0.0015060496896775303
tw5	TBR	0.05	9000	10	0.9950348	0.001294002187873822	0.9624397	0.0049730847749549605	0.4597143	0.09872083866585615	0.004965200000000003	0.001294002187873822
tw5	TBR	0.05	10000	10	0.9956466	0.0011579350797384443	0.9626011	0.0049300438277294556	0.4599882	0.09876273592153402	0.004353399999999952	0.0011579350797384443
tw5	TBR	0.05	20000	10	0.9977841	0.0005354768269703415	0.9627016000000002	0.0049051273473104924	0.4612538	0.09895525199759064	0.0022159000000000484	0.0005354768269703415
tw5	TBR	0.05	30000	10	0.9984284000000001	0.00037901522103706833	0.9627016000000002	0.0049051273473104924	0.46217990000000003	0.09903616390630579	0.0015715999999998953	0.00037901522103706833
tw5	TBR	0.05	40000	10	0.9987446	0.00030478528690064887	0.9627016000000002	0.0049051273473104924	0.46254340000000005	0.09903778620934986	0.0012554000000000176	0.00030478528690064887
tw5	TBR	0.05	50000	10	0.9989619999999999	0.00025446519080875107	0.9627016000000002	0.0049051273473104924	0.4624785	0.0991338389314892	0.0010380000000000944	0.00025446519080875107
tw5	TBR	0.05	60000	10	0.9991102999999999	0.00021884291931276105	0.9627016000000002	0.0049051273473104924	0.4625667	0.09920387478745754	0.0008897000000001043	0.00021884291931276105
tw5	TBR	0.05	70000	10	0.9992364	0.0001901826139968296	0.9627016000000002	0.0049051273473104924	0.46250560000000007	0.09921553100567358	0.0007635999999999754	0.0001901826139968296
tw5	TBR	0.05	80000	10	0.9993193	0.0001690364885000923	0.9627016000000002	0.0049051273473104924	0.462425	0.09924042594494106	0.0006806999999999785	0.0001690364885000923
tw5	TBR	0.05	90000	10	0.9993890999999999	0.00015476077955635153	0.9627016000000002	0.0049051273473104924	0.462448	0.0992265296105611	0.0006109000000000808	0.00015476077955635153
tw5	TBR	0.05	100000	10	0.9994368999999999	0.00014084352625835575	0.9627016000000002	0.0049051273473104924	0.46248670000000003	0.0992160246714265	0.0005631000000001496	0.00014084352625835575
tw5	TBR	0.05	200000	10	0.9996954	8.529793536644636e-05	0.9627016000000002	0.0049051273473104924	0.46240230000000004	0.0991887923565796	0.0003045999999999882	8.529793536644636e-05
tw5	TBR	0.05	300000	10	0.999786	6.196414733985639e-05	0.9627016000000002	0.0049051273473104924	0.4624822	0.09922138630868739	0.00021400000000004749	6.196414733985639e-05
tw5	TBR	0.05	400000	10	0.9998311000000001	5.11614981102879e-05	0.9627016000000002	0.0049051273473104924	0.4623802	0.0992018549749057	0.00016889999999991634	5.11614981102879e-05
tw5	TBR	0.05	500000	10	0.9998604	4.410220453043889e-05	0.9627016000000002	0.0049051273473104924	0.46235029999999994	0.09919072384026978	0.0001396000000000175	4.410220453043889e-05
tw5	TBR	0.05	600000	10	0.9998802999999998	3.844420199024489e-05	0.9627016000000002	0.0049051273473104924	0.46234290000000006	0.09917462038461362	0.0001197000000001669	3.844420199024489e-05
tw5	TBR	0.05	700000	10	0.9998932	3.4344270102723006e-05	0.9627016000000002	0.0049051273473104924	0.46233040000000003	0.0991688260777997	0.00010679999999996248	3.4344270102723006e-05
tw5	TBR	0.05	800000	10	0.9999030000000001	3.117299401012837e-05	0.9627016000000002	0.0049051273473104924	0.4623421	0.09917052355115404	9.699999999990272e-05	3.117299401012837e-05
tw5	TBR	0.05	900000	10	0.9999116000000001	2.8899903882966727e-05	0.9627016000000002	0.0049051273473104924	0.46239549999999996	0.0991763195580085	8.839999999987747e-05	2.8899903882966727e-05
tw5	TBR	0.05	1000000	10	0.9999184000000001	2.668049641383702e-05	0.9627016000000002	0.0049051273473104924	0.46237580000000006	0.09917097872000884	8.159999999990397e-05	2.668049641383702e-05
tw5	TBR	0.1	1	10	0.0	0.0	0.0	0.0	0.0	0.0	1.0	0.0
tw5	TBR	0.1	2	10	1e-07	1e-07	0.0	0.0	0.0	0.0	0.9999999	1e-07
tw5	TBR	0.1	3	10	0.0021446	0.0018907856521092551	0.0020842	0.0018977868092421054	0.0007149	0.0006302559876748495	0.9978554	0.0018907856521092551
tw5	TBR	0.1	4	10	0.007606399999999999	0.00404355061576113	0.0073151	0.003952402665749306	0.0023956999999999997	0.0014439628500145776	0.9923936	0.00404355061576113
tw5	TBR	0.1	5	10	0.0162651	0.0049857546257089085	0.0157671	0.0048525547416913405	0.0051313	0.0020115874938852535	0.9837349	0.0049857546257089085
tw5	TBR	0.1	6	10	0.0334497	0.009122415150544776	0.0327064	0.00894363319561898	0.0096067	0.0030922134397008663	0.9665503	0.009122415150544776
tw5	TBR	0.1	7	10	0.047825400000000004	0.011939844530162209	0.0468302	0.011688629330155772	0.014682499999999998	0.004290156299276545	0.9521746	0.011939844530162209
tw5	TBR	0.1	8	10	0.06497850000000001	0.015778755491870144	0.0636827	0.015549678285382269	0.0203925	0.0053800765447879805	0.9350215	0.015778755491870144
tw5	TBR	0.1	9	10	0.08439319999999999	0.021362196757512244	0.0828598	0.02108015498351207	0.026677600000000003	0.006947785781895633	0.9156068	0.021362196757512244
tw5	TBR	0.1	10	10	0.1085302	0.028214833914016853	0.10688489999999999	0.027938743567729265	0.033604999999999996	0.008856027165470732	0.8914698	0.028214833914016853
tw5	TBR	0.1	20	10	0.3084981	0.06363633305649113	0.30513819999999997	0.0632066537189805	0.10403230000000001	0.0256979383877168	0.6915019	0.06363633305649113
tw5	TBR	0.1	30	10	0.42768269999999997	0.07513953743196719	0.42321020000000004	0.0745266241016964	0.16292990000000002	0.03877019439708521	0.5723173	0.07513953743196719
tw5	TBR	0.1	40	10	0.544945	0.08026963246292669	0.5397685	0.0795239851332428	0.2091507	0.048722002766044464	0.455055	0.08026963246292669
tw5	TBR	0.1	50	10	0.6136821	0.07716742859774309	0.6077227000000001	0.07638286098829151	0.2445583	0.05593713864609292	0.3863179	0.07716742859774309
tw5	TBR	0.1	60	10	0.6670962	0.07480774774473563	0.6604232999999999	0.07396867830628642	0.2710673	0.06172126397982933	0.33290379999999997	0.07480774774473563
tw5	TBR	0.1	70	10	0.7067614999999999	0.06928848986684424	0.6995544	0.06842460631124514	0.29225779999999996	0.06653141843767416	0.29323850000000007	0.06928848986684424
tw5	TBR	0.1	80	10	0.742185	0.06366434984493109	0.734473	0.06273340898861891	0.3083821	0.07002201926226889	0.257815	0.06366434984493109
tw5	TBR	0.1	90	10	0.7714839	0.05867650650406099	0.7632318	0.057702961979202876	0.32202319999999995	0.07288411133479109	0.2285161	0.05867650650406099
tw5	TBR	0.1	100	10	0.7949075999999999	0.05498620986154418	0.7863029	0.053877513009180776	0.3342127	0.07544272917651582	0.20509240000000006	0.05498620986154418
tw5	TBR	0.1	200	10	0.9035582999999999	0.03108476534326028	0.8918521	0.02995280943359997	0.3980368	0.0872167048618045	0.09644170000000007	0.03108476534326028
tw5	TBR	0.1	300	10	0.9361900999999999	0.019972338316031	0.9217458000000001	0.018804172962876557	0.4175839	0.09026233079867813	0.06380990000000009	0.019972338316031
tw5	TBR	0.1	400	10	0.9528186	0.014366197458849941	0.9365242	0.013390304780200733	0.43003459999999993	0.09236606387235037	0.04718140000000004	0.014366197458849941
tw5	TBR	0.1	500	10	0.9622339999999999	0.011435910831916946	0.9443676000000002	0.010771905795684949	0.43924830000000004	0.09383281359465888	0.03776600000000008	0.011435910831916946
tw5	TBR	0.1	600	10	0.9685193000000002	0.00964043344928017	0.9490216	0.009089408750114972	0.44276020000000005	0.09452778041645865	0.031480699999999806	0.00964043344928017
tw5	TBR	0.1	700	10	0.972232	0.00835613068883493	0.9516256000000001	0.008095950981406278	0.445913	0.09522992987816382	0.027768000000000015	0.00835613068883493
tw5	TBR	0.1	800	10	0.9743832000000001	0.007736324303497677	0.9529598	0.0076588085914194234	0.44860430000000007	0.09582290284977107	0.025616799999999884	0.007736324303497677
tw5	TBR	0.1	900	10	0.9762091000000002	0.007280907918735897	0.9540067000000001	0.0073586459292605	0.45093120000000003	0.09642377251888318	0.023790899999999837	0.007280907918735897
tw5	TBR	0.1	1000	10	0.9782877000000001	0.006554772473464578	0.9553832000000002	0.006915497250218359	0.45171479999999997	0.09672755158264543	0.021712299999999907	0.006554772473464578
tw5	TBR	0.1	2000	10	0.9887438	0.003395078113321626	0.9607306	0.005434146675728702	0.4567312	0.0981210150839598	0.01125620000000005	0.003395078113321626
tw5	TBR	0.1	3000	10	0.9924303999999999	0.0023316336485629755	0.9621336000000001	0.00504652700643389	0.4581632	0.0983590955963346	0.007569600000000065	0.0023316336485629755
tw5	TBR	0.1	4000	10	0.9939594999999999	0.0018413869003190678	0.9623367	0.004994013369469931	0.45954559999999994	0.09857440188813951	0.006040500000000115	0.0018413869003190678
tw5	TBR	0.1	5000	10	0.9949950000000001	0.0015002273161091341	0.9625011000000001	0.004952912316001561	0.45989569999999996	0.0985738774033691	0.005004999999999926	0.0015002273161091341
tw5	TBR	0.1	6000	10	0.9956998	0.0012629655911561668	0.9625918	0.004932606407705087	0.460642	0.09870764502250516	0.004300199999999976	0.0012629655911561668
tw5	TBR	0.1	7000	10	0.9963343	0.0010304490720069565	0.9626063	0.004929126120543293	0.4607565	0.0988263012140493	0.003665699999999994	0.0010304490720069565
tw5	TBR	0.1	8000	10	0.9967245000000002	0.0009021379329127022	0.9626209000000001	0.004925662474226179	0.4609985	0.09890319450095858	0.0032754999999997647	0.0009021379329127022
tw5	TBR	0.1	9000	10	0.9970613	0.0007915648222210098	0.9626209000000001	0.004925662474226179	0.4611485999999999	0.09896862554120651	0.002938699999999961	0.0007915648222210098
tw5	TBR	0.1	10000	10	0.9974347	0.0006898812305188661	0.9626959000000002	0.0049064760752159575	0.46133100000000005	0.09902352368772448	0.0025652999999999926	0.0006898812305188661
tw5	TBR	0.1	20000	10	0.9986398999999999	0.00037221046764192913	0.9627016000000002	0.0049051273473104924	0.46186859999999996	0.09913808193280496	0.0013601000000000862	0.00037221046764192913
tw5	TBR	0.1	30000	10	0.9990484000000001	0.0002613246257052734	0.9627016000000002	0.0049051273473104924	0.4621348	0.09915062777072511	0.0009515999999999414	0.0002613246257052734
tw5	TBR	0.1	40000	10	0.9992333999999998	0.00021309086220566413	0.9627016000000002	0.0049051273473104924	0.46232559999999995	0.09915499032616674	0.0007666000000001727	0.00021309086220566413
tw5	TBR	0.1	50000	10	0.9993797999999998	0.00017824713181423488	0.9627016000000002	0.0049051273473104924	0.4623927	0.0991533844887752	0.0006202000000001817	0.00017824713181423488
tw5	TBR	0.1	60000	10	0.9994726999999999	0.00015196593551041273	0.9627016000000002	0.0049051273473104924	0.4623926	0.09918010840925266	0.0005273000000001193	0.00015196593551041273
tw5	TBR	0.1	70000	10	0.9995396000000001	0.00013432036331100156	0.9627016000000002	0.0049051273473104924	0.46237639999999997	0.09917772156926732	0.00046039999999991643	0.00013432036331100156
tw5	TBR	0.1	80000	10	0.9995916000000001	0.00011974261285496116	0.9627016000000002	0.0049051273473104924	0.4624073	0.09918069193133755	0.0004083999999998644	0.00011974261285496116
tw5	TBR	0.1	90000	10	0.9996328999999999	0.0001095105728026075	0.9627016000000002	0.0049051273473104924	0.46236639999999996	0.09919306947790703	0.0003671000000000646	0.0001095105728026075
tw5	TBR	0.1	100000	10	0.9996630000000002	9.995109915464991e-05	0.9627016000000002	0.0049051273473104924	0.4623414	0.099192278502042	0.0003369999999998097	9.995109915464991e-05
tw5	TBR	0.1	200000	10	0.9998144999999999	5.8968965472433455e-05	0.9627016000000002	0.0049051273473104924	0.46233869999999994	0.09918313082755889	0.00018550000000006062	5.8968965472433455e-05
tw5	TBR	0.1	300000	10	0.999869	4.252476402703657e-05	0.9627016000000002	0.0049051273473104924	0.46233640000000004	0.099170250471623	0.00013099999999999223	4.252476402703657e-05
tw5	TBR	0.1	400000	10	0.9998946	3.456401468451594e-05	0.9627016000000002	0.0049051273473104924	0.4623779	0.09919008522724324	0.00010540000000003324	3.456401468451594e-05
tw5	TBR	0.1	500000	10	0.9999109999999998	2.962093854016045e-05	0.9627016000000002	0.0049051273473104924	0.4623959	0.09919916812817087	8.900000000022779e-05	2.962093854016045e-05
tw5	TBR	0.1	600000	10	0.9999230000000001	2.6148295036833937e-05	0.9627016000000002	0.0049051273473104924	0.4624015	0.0992004409057462	7.699999999988272e-05	2.6148295036833937e-05
tw5	TBR	0.1	700000	10	0.9999315000000001	2.330247960101418e-05	0.9627016000000002	0.0049051273473104924	0.46241959999999993	0.09919671608029952	6.849999999991585e-05	2.330247960101418e-05
tw5	TBR	0.1	800000	10	0.9999379000000002	2.1095260131132466e-05	0.9627016000000002	0.0049051273473104924	0.46240699999999996	0.09919792525574536	6.209999999984284e-05	2.1095260131132466e-05
tw5	TBR	0.1	900000	10	0.9999429	1.933531599029197e-05	0.9627016000000002	0.0049051273473104924	0.46243179999999995	0.09919671133950628	5.7100000000032125e-05	1.933531599029197e-05
tw5	TBR	0.1	1000000	10	0.9999469999999999	1.8126101499100705e-05	0.9627016000000002	0.0049051273473104924	0.4624453	0.0991913899628222	5.300000000008076e-05	1.8126101499100705e-05
tw5	TBR	0.2	1	10	0.00011049999999999999	0.0001103889336241032	0.0001104	0.00011039999999999997	0.00011049999999999999	0.0001103889336241032	0.9998895	0.0001103889336241032
tw5	TBR	0.2	2	10	0.0013861	0.000826245301886122	0.0013790999999999999	0.0008272436219155755	0.0006933	0.0004131787896567565	0.9986139	0.000826245301886122
tw5	TBR	0.2	3	10	0.013231300000000001	0.004018042599879255	0.012986600000000001	0.003986704456900043	0.0046292	0.0013124049070313626	0.9867687	0.004018042599879255
tw5	TBR	0.2	4	10	0.045503299999999997	0.010909368305421415	0.0447847	0.010949297126147717	0.0145152	0.00353347722600085	0.9544967	0.010909368305421415
tw5	TBR	0.2	5	10	0.08475469999999999	0.01817357736143939	0.0837051	0.018008317617423344	0.0279016	0.0058473860811667135	0.9152453	0.01817357736143939
tw5	TBR	0.2	6	10	0.1374511	0.030235705493652516	0.1357269	0.029897667031039212	0.0439527	0.009139844046870335	0.8625489	0.030235705493652516
tw5	TBR	0.2	7	10	0.18452090000000002	0.043937563259559324	0.1824163	0.04355439873793843	0.060578599999999996	0.013213317876882989	0.8154791	0.043937563259559324
tw5	TBR	0.2	8	10	0.22793650000000004	0.052579487980527584	0.2253529	0.052101752769929816	0.0770523	0.01744913840282984	0.7720635	0.052579487980527584
tw5	TBR	0.2	9	10	0.25120180000000003	0.05643563526429418	0.24833730000000004	0.055942293565194874	0.09157869999999999	0.021235236946615138	0.7487982	0.05643563526429418
tw5	TBR	0.2	10	10	0.28991240000000007	0.06256437400295972	0.2868003	0.06200756455986282	0.10618140000000001	0.0249486864527084	0.7100875999999999	0.06256437400295972
tw5	TBR	0.2	20	10	0.5291577	0.08480005309197106	0.5243913	0.08426542628663179	0.2141163	0.05209063748485796	0.47084230000000005	0.08480005309197106
tw5	TBR	0.2	30	10	0.6611507999999999	0.07795410752399275	0.6547116	0.07730801113025451	0.2724732	0.06402443453276256	0.3388492000000001	0.07795410752399275
tw5	TBR	0.2	40	10	0.7338116	0.06581764140887052	0.7265402	0.06519959065103263	0.3118636	0.07165067451139435	0.2661884	0.06581764140887052
tw5	TBR	0.2	50	10	0.7741862	0.05909265110350017	0.7661485	0.05839413687981773	0.3366637	0.07607509766058652	0.22581379999999995	0.05909265110350017
tw5	TBR	0.2	60	10	0.8081484999999999	0.0531045947315819	0.7992779	0.05228396280833478	0.35431789999999996	0.07935656545315649	0.19185150000000006	0.0531045947315819
tw5	TBR	0.2	70	10	0.833153	0.048646213685936315	0.8236429000000001	0.04780223574186788	0.36810670000000006	0.08215141126616958	0.16684699999999997	0.048646213685936315
tw5	TBR	0.2	80	10	0.8553699	0.04279849993956174	0.8453124000000001	0.04197638659802279	0.3784684	0.08424949757637198	0.14463009999999998	0.04279849993956174
tw5	TBR	0.2	90	10	0.8737589	0.038579002978433745	0.8631424000000001	0.037676762216753416	0.3865172	0.0858263314988536	0.1262411	0.038579002978433745
tw5	TBR	0.2	100	10	0.8841324	0.0355304364995547	0.8727734	0.0345606273156158	0.39288080000000003	0.08715007999738791	0.11586759999999996	0.0355304364995547
tw5	TBR	0.2	200	10	0.9490656	0.015778779069229514	0.9330676	0.015029396531242805	0.4273097	0.09295760981162327	0.050934400000000046	0.015778779069229514
tw5	TBR	0.2	300	10	0.9658912000000001	0.01071236350806342	0.9467095999999999	0.010333967230234255	0.43809509999999996	0.09469882091374973	0.03410879999999994	0.01071236350806342
tw5	TBR	0.2	400	10	0.9734390000000002	0.008406660360822374	0.9520125000000002	0.008352734885785744	0.4450322	0.09578429205747209	0.026560999999999835	0.008406660360822374
tw5	TBR	0.2	500	10	0.9784052999999998	0.006842461753313317	0.9551931	0.00713569035895538	0.44933569999999995	0.0962862705815955	0.02159470000000019	0.006842461753313317
tw5	TBR	0.2	600	10	0.9813825000000002	0.0058745461578841186	0.9570911000000001	0.006454067520994453	0.4528340999999999	0.09697230313438872	0.018617499999999843	0.0058745461578841186
tw5	TBR	0.2	700	10	0.9837963000000001	0.0051199780404259975	0.9585020999999999	0.0060667559049297475	0.45438140000000005	0.09757795463914991	0.016203699999999932	0.0051199780404259975
tw5	TBR	0.2	800	10	0.9857633	0.004623044542891134	0.9595934000000002	0.005796217278344361	0.45531160000000004	0.0978029500071104	0.014236699999999991	0.004623044542891134
tw5	TBR	0.2	900	10	0.9872892999999998	0.00407734046503082	0.9603793000000002	0.005544456468802366	0.4559025	0.09795144822549702	0.012710700000000186	0.00407734046503082
tw5	TBR	0.2	1000	10	0.9883265	0.003796107138313609	0.9607825	0.005427826721319185	0.4567405	0.09804045049958263	0.011673500000000003	0.003796107138313609
tw5	TBR	0.2	2000	10	0.9933485000000001	0.0020692346102417184	0.9621378	0.0050467788116117475	0.4595853	0.09863399476741722	0.006651499999999921	0.0020692346102417184
tw5	TBR	0.2	3000	10	0.9955565	0.0014130762364430332	0.9625007999999999	0.004952756260238665	0.460386	0.09869435612558827	0.004443500000000045	0.0014130762364430332
tw5	TBR	0.2	4000	10	0.9965917	0.0010447563783007043	0.9626789	0.00491023052740115	0.4610443	0.09868537606139467	0.0034083000000000307	0.0010447563783007043
tw5	TBR	0.2	5000	10	0.9971745999999999	0.0008438837229013083	0.9627016000000002	0.0049051273473104924	0.4615443	0.09875990530406445	0.002825400000000089	0.0008438837229013083
tw5	TBR	0.2	6000	10	0.9976328999999999	0.0006886012787608775	0.9627016000000002	0.0049051273473104924	0.4614634000000001	0.09875645058708822	0.0023671000000000664	0.0006886012787608775
tw5	TBR	0.2	7000	10	0.9979509	0.000590628600165395	0.9627016000000002	0.0049051273473104924	0.46160130000000005	0.09887129034693427	0.002049100000000026	0.000590628600165395
tw5	TBR	0.2	8000	10	0.998185	0.0005276377966412639	0.9627016000000002	0.0049051273473104924	0.46159049999999996	0.09889621316154854	0.001815000000000011	0.0005276377966412639
tw5	TBR	0.2	9000	10	0.9983515000000001	0.00047381255670242434	0.9627016000000002	0.0049051273473104924	0.4616451	0.09892956136424093	0.0016484999999999417	0.00047381255670242434
tw5	TBR	0.2	10000	10	0.9985163	0.0004332122407729907	0.9627016000000002	0.0049051273473104924	0.4617508	0.09898218238302621	0.0014836999999999767	0.0004332122407729907
tw5	TBR	0.2	20000	10	0.9991809	0.00023750403271430195	0.9627016000000002	0.0049051273473104924	0.461757	0.09910270678745359	0.0008190999999999615	0.00023750403271430195
tw5	TBR	0.2	30000	10	0.9994229000000001	0.00017233703735542897	0.9627016000000002	0.0049051273473104924	0.4620346000000001	0.0990979857972457	0.000577099999999886	0.00017233703735542897
tw5	TBR	0.2	40000	10	0.999549	0.0001362708088085377	0.9627016000000002	0.0049051273473104924	0.4620875	0.09910729669428986	0.0004509999999999792	0.0001362708088085377
tw5	TBR	0.2	50000	10	0.9996287	0.00011263353063019429	0.9627016000000002	0.0049051273473104924	0.4622738	0.09912774205615252	0.0003712999999999633	0.00011263353063019429
tw5	TBR	0.2	60000	10	0.9996797	9.763310572409799e-05	0.9627016000000002	0.0049051273473104924	0.4622733	0.09913704793534275	0.0003203000000000511	9.763310572409799e-05
tw5	TBR	0.2	70000	10	0.9997233999999999	8.601526996218135e-05	0.9627016000000002	0.0049051273473104924	0.46222620000000003	0.09914109500076702	0.00027660000000007123	8.601526996218135e-05
tw5	TBR	0.2	80000	10	0.9997541999999999	7.613318739040793e-05	0.9627016000000002	0.0049051273473104924	0.46224060000000006	0.09914582994415627	0.00024580000000007374	7.613318739040793e-05
tw5	TBR	0.2	90000	10	0.9997803	7.095288734239088e-05	0.9627016000000002	0.0049051273473104924	0.4622941	0.099164392967374	0.00021970000000004486	7.095288734239088e-05
tw5	TBR	0.2	100000	10	0.999799	6.511937755640298e-05	0.9627016000000002	0.0049051273473104924	0.4623514	0.09917593390168358	0.00020100000000000673	6.511937755640298e-05
tw5	TBR	0.2	200000	10	0.9998828000000002	3.890438421452115e-05	0.9627016000000002	0.0049051273473104924	0.46244680000000005	0.09920193006621504	0.00011719999999981745	3.890438421452115e-05
tw5	TBR	0.2	300000	10	0.9999147	2.8580898827328285e-05	0.9627016000000002	0.0049051273473104924	0.46246969999999993	0.09920619180351933	8.529999999995486e-05	2.8580898827328285e-05
tw5	TBR	0.2	400000	10	0.9999317	2.3597104342135973e-05	0.9627016000000002	0.0049051273473104924	0.4624637	0.0992081641905936	6.830000000002112e-05	2.3597104342135973e-05
tw5	TBR	0.2	500000	10	0.9999422000000001	1.9897961928019212e-05	0.9627016000000002	0.0049051273473104924	0.46249399999999996	0.09920925445777054	5.779999999988572e-05	1.9897961928019212e-05
tw5	TBR	0.2	600000	10	0.9999500999999998	1.722752964814592e-05	0.9627016000000002	0.0049051273473104924	0.462508	0.09921069454852133	4.990000000015815e-05	1.722752964814592e-05
tw5	TBR	0.2	700000	10	0.9999553999999999	1.5449703341271974e-05	0.9627016000000002	0.0049051273473104924	0.46251630000000005	0.09921172145412052	4.460000000006126e-05	1.5449703341271974e-05
tw5	TBR	0.2	800000	10	0.9999599	1.3986064492913618e-05	0.9627016000000002	0.0049051273473104924	0.46249900000000005	0.09921347732205203	4.009999999998737e-05	1.3986064492913618e-05
tw5	TBR	0.2	900000	10	0.9999638000000001	1.2597883420115188e-05	0.9627016000000002	0.0049051273473104924	0.4624985	0.09921094470798067	3.619999999993073e-05	1.2597883420115188e-05
tw5	TBR	0.2	1000000	10	0.9999667999999999	1.1532369901961077e-05	0.9627016000000002	0.0049051273473104924	0.462489	0.09920233351511669	3.320000000006651e-05	1.1532369901961077e-05
tw5	TBR	0.3	1	10	0.0001052	0.00010288783536777644	0.0001031	0.00010310000000000001	0.0001052	0.00010288783536777644	0.9998948	0.00010288783536777644
tw5	TBR	0.3	2	10	0.00024819999999999996	0.0002186427730848249	0.0002208	0.00022079999999999995	0.0001757	0.00016073982082856752	0.9997518	0.0002186427730848249
tw5	TBR	0.3	3	10	0.0114743	0.0041683051073281305	0.0109655	0.004091004612425765	0.0039067	0.001397054163031786	0.9885257	0.0041683051073281305
tw5	TBR	0.3	4	10	0.073185	0.014897631967680113	0.07193169999999999	0.0146377111591563	0.020539	0.004301495721774513	0.9268149999999999	0.014897631967680113
tw5	TBR	0.3	5	10	0.15054320000000002	0.03338984975234906	0.1487909	0.03304715885937347	0.0444067	0.010026653826509952	0.8494568	0.03338984975234906
tw5	TBR	0.3	6	10	0.21348699999999998	0.04846166908048738	0.21120860000000002	0.04797605602223768	0.0687044	0.01632365709310672	0.786513	0.04846166908048738
tw5	TBR	0.3	7	10	0.2956798	0.06453647391166573	0.29278380000000004	0.06386657477843076	0.09488080000000002	0.023074525377952584	0.7043202	0.06453647391166573
tw5	TBR	0.3	8	10	0.34006529999999996	0.06696704138372846	0.3369321	0.06632965316381673	0.11828020000000002	0.02860772433327909	0.6599347	0.06696704138372846
tw5	TBR	0.3	9	10	0.3788448	0.07031927564470182	0.3754596	0.0696664425392248	0.13934159999999998	0.03326509395454106	0.6211552	0.07031927564470182
tw5	TBR	0.3	10	10	0.42173730000000004	0.07479254219209737	0.41808639999999997	0.07413063536040802	0.1585395	0.03772950055129275	0.5782627	0.07479254219209737
tw5	TBR	0.3	20	10	0.6523725	0.07488527491855643	0.6466386999999999	0.07411971745494657	0.277734	0.06340836883829556	0.3476275	0.07488527491855643
tw5	TBR	0.3	30	10	0.7455539	0.06342185456615093	0.7385138	0.06275190712370599	0.33012410000000003	0.07400516143177673	0.2544461	0.06342185456615093
tw5	TBR	0.3	40	10	0.8081917000000001	0.053947170553761824	0.8000776	0.05309524287964873	0.3589588	0.0791237210588301	0.19180829999999993	0.053947170553761824
tw5	TBR	0.3	50	10	0.839425	0.04676604751170091	0.8300882000000002	0.04582149414019582	0.3770721	0.08218862095359943	0.16057500000000002	0.04676604751170091
tw5	TBR	0.3	60	10	0.8641929000000002	0.038889201278175474	0.8538488	0.03794792843029921	0.39041190000000003	0.08440644091556178	0.13580709999999985	0.038889201278175474
tw5	TBR	0.3	70	10	0.8835998999999999	0.0339370997773659	0.8724345999999998	0.03316442896143062	0.3999865	0.08634118931866246	0.11640010000000012	0.0339370997773659
tw5	TBR	0.3	80	10	0.8972535	0.03095695620167174	0.8853027000000001	0.03015484023283456	0.4061006	0.0877938236056121	0.10274649999999996	0.03095695620167174
tw5	TBR	0.3	90	10	0.9055816	0.028366998246084008	0.8925620999999999	0.0275627937309418	0.41146389999999994	0.08879868787449634	0.09441840000000001	0.028366998246084008
tw5	TBR	0.3	100	10	0.9175288	0.02612421564832139	0.9036379999999999	0.02510966831100898	0.41519390000000006	0.08961736740404855	0.08247119999999997	0.02612421564832139
tw5	TBR	0.3	200	10	0.9607481999999999	0.01270653654865173	0.9420753000000002	0.01209393931599166	0.4386744	0.09461803182529918	0.03925180000000006	0.01270653654865173
tw5	TBR	0.3	300	10	0.9732828	0.008667518295080523	0.9515818000000001	0.008557344867032843	0.44655009999999995	0.09621281391529346	0.026717199999999997	0.008667518295080523
tw5	TBR	0.3	400	10	0.9793766000000002	0.006673426829514867	0.9557108	0.007093458983536241	0.450546	0.0971413141816258	0.020623399999999847	0.006673426829514867
tw5	TBR	0.3	500	10	0.9823850000000002	0.005737067675312109	0.9574570000000001	0.006459390186215542	0.4531721	0.09745435695652606	0.017614999999999825	0.005737067675312109
tw5	TBR	0.3	600	10	0.9848074	0.004963315440308017	0.9584467000000002	0.006091630708603399	0.4545971000000001	0.09776378109486945	0.0151926	0.004963315440308017
tw5	TBR	0.3	700	10	0.9868738	0.004336584953880433	0.9596031	0.005775955602418623	0.4556522	0.09799160330046425	0.013126199999999977	0.004336584953880433
tw5	TBR	0.3	800	10	0.9882612999999999	0.0038189605218930684	0.9602980999999999	0.0055616838266641655	0.45680889999999996	0.09831425661988759	0.011738700000000102	0.0038189605218930684
tw5	TBR	0.3	900	10	0.9895817000000001	0.00340712465952679	0.9609229000000001	0.005378816979493618	0.45709920000000004	0.09831081477344075	0.01041829999999988	0.00340712465952679
tw5	TBR	0.3	1000	10	0.9906319000000001	0.003025399189271467	0.9614179	0.0052397040320358995	0.4571936	0.09832478469702108	0.00936809999999988	0.003025399189271467
tw5	TBR	0.3	2000	10	0.9949166999999999	0.0016405242322704834	0.9624625000000002	0.004965453912897699	0.4604602	0.09875605828840184	0.005083300000000124	0.0016405242322704834
tw5	TBR	0.3	3000	10	0.9965314	0.0010879440876156172	0.9626832000000001	0.004909209469739271	0.46201790000000004	0.09899616863141163	0.003468600000000044	0.0010879440876156172
tw5	TBR	0.3	4000	10	0.9973672	0.0008275915766715973	0.9626946000000001	0.004906784555196106	0.46260200000000007	0.09904381516671185	0.0026327999999999907	0.0008275915766715973
tw5	TBR	0.3	5000	10	0.9978737000000001	0.0006680907631286177	0.9627016000000002	0.0049051273473104924	0.46243660000000003	0.09903761514441536	0.0021262999999999144	0.0006680907631286177
tw5	TBR	0.3	6000	10	0.9982333000000001	0.0005564311887176873	0.9627016000000002	0.0049051273473104924	0.4623705	0.09906983015712255	0.001766699999999899	0.0005564311887176873
tw5	TBR	0.3	7000	10	0.9984617	0.0004736073162441661	0.9627016000000002	0.0049051273473104924	0.46230649999999995	0.09910927722729425	0.0015382999999999925	0.0004736073162441661
tw5	TBR	0.3	8000	10	0.9986212999999999	0.00041353011579166267	0.9627016000000002	0.0049051273473104924	0.46230399999999994	0.0990829289984461	0.001378700000000066	0.00041353011579166267
tw5	TBR	0.3	9000	10	0.9987662	0.00036864071035810957	0.9627016000000002	0.0049051273473104924	0.46221689999999993	0.09907591579036193	0.0012337999999999516	0.00036864071035810957
tw5	TBR	0.3	10000	10	0.9988641999999999	0.00033684361026710733	0.9627016000000002	0.0049051273473104924	0.46213309999999996	0.09909667923603695	0.0011358000000001311	0.00033684361026710733
tw5	TBR	0.3	20000	10	0.9993697000000001	0.00018530191880040102	0.9627016000000002	0.0049051273473104924	0.46253710000000003	0.09916061828820395	0.0006302999999998615	0.00018530191880040102
tw5	TBR	0.3	30000	10	0.9995573000000002	0.00013963858508465554	0.9627016000000002	0.0049051273473104924	0.4625121	0.09918233564640766	0.00044269999999979603	0.00013963858508465554
tw5	TBR	0.3	40000	10	0.9996576000000001	0.00010742658475029029	0.9627016000000002	0.0049051273473104924	0.46241189999999993	0.09916002828138742	0.00034239999999985393	0.00010742658475029029
tw5	TBR	0.3	50000	10	0.9997157000000001	8.99985246792631e-05	0.9627016000000002	0.0049051273473104924	0.4624822	0.09917912589393216	0.0002842999999999041	8.99985246792631e-05
tw5	TBR	0.3	60000	10	0.9997552999999998	7.898692578170692e-05	0.9627016000000002	0.0049051273473104924	0.46248100000000003	0.09916107758031317	0.00024470000000020864	7.898692578170692e-05
tw5	TBR	0.3	70000	10	0.9997823	7.085698428681483e-05	0.9627016000000002	0.0049051273473104924	0.46254059999999997	0.09917114843376126	0.00021769999999998735	7.085698428681483e-05
tw5	TBR	0.3	80000	10	0.9998054999999999	6.345886681762902e-05	0.9627016000000002	0.0049051273473104924	0.4625439	0.09917336532002374	0.00019450000000009737	6.345886681762902e-05
tw5	TBR	0.3	90000	10	0.9998248999999999	5.747645894914544e-05	0.9627016000000002	0.0049051273473104924	0.4625262	0.09916614645026575	0.00017510000000009462	5.747645894914544e-05
tw5	TBR	0.3	100000	10	0.9998384999999999	5.2689288390626785e-05	0.9627016000000002	0.0049051273473104924	0.4625068	0.09916668555784693	0.00016150000000014764	5.2689288390626785e-05
tw5	TBR	0.3	200000	10	0.9999047999999998	3.256951539911287e-05	0.9627016000000002	0.0049051273473104924	0.46249579999999996	0.09917658214874449	9.520000000018403e-05	3.256951539911287e-05
tw5	TBR	0.3	300000	10	0.9999290999999999	2.450462541371732e-05	0.9627016000000002	0.0049051273473104924	0.4625362	0.09918057252392391	7.090000000009589e-05	2.450462541371732e-05
tw5	TBR	0.3	400000	10	0.999943	1.964292352081239e-05	0.9627016000000002	0.0049051273473104924	0.46250460000000004	0.09917648568331776	5.699999999997374e-05	1.964292352081239e-05
tw5	TBR	0.3	500000	10	0.9999519000000001	1.6538473663279328e-05	0.9627016000000002	0.0049051273473104924	0.4624928	0.09917517375665254	4.8099999999884346e-05	1.6538473663279328e-05
tw5	TBR	0.3	600000	10	0.9999582	1.4389656779168056e-05	0.9627016000000002	0.0049051273473104924	0.46249540000000006	0.09918063019788131	4.179999999998074e-05	1.4389656779168056e-05
tw5	TBR	0.3	700000	10	0.9999629000000001	1.2720455966673637e-05	0.9627016000000002	0.0049051273473104924	0.46246849999999995	0.09917419454466636	3.70999999999011e-05	1.2720455966673637e-05
tw5	TBR	0.3	800000	10	0.9999667000000001	1.1430028676936994e-05	0.9627016000000002	0.0049051273473104924	0.4624738	0.09917862100213151	3.329999999990285e-05	1.1430028676936994e-05
tw5	TBR	0.3	900000	10	0.9999698	1.0370685180400336e-05	0.9627016000000002	0.0049051273473104924	0.46248189999999995	0.09917852515309618	3.0199999999980243e-05	1.0370685180400336e-05
tw5	TBR	0.3	1000000	10	0.9999722	9.495964054973389e-06	0.9627016000000002	0.0049051273473104924	0.4624712000000001	0.09918380519181993	2.780000000002225e-05	9.495964054973389e-06
tw5	TBR	0.4	1	10	0.0	0.0	0.0	0.0	0.0	0.0	1.0	0.0
tw5	TBR	0.4	2	10	0.0043927	0.0024337371676315233	0.004274	0.0023727154907405143	0.0021964000000000003	0.001216813280663882	0.9956073	0.0024337371676315233
tw5	TBR	0.4	3	10	0.031095	0.007888478552082568	0.030431800000000002	0.007919391237546819	0.0118189	0.002732496060584738	0.968905	0.007888478552082568
tw5	TBR	0.4	4	10	0.1274741	0.03244475066682162	0.1255475	0.03219825388165914	0.0395058	0.009167028462920796	0.8725259	0.03244475066682162
tw5	TBR	0.4	5	10	0.22485370000000002	0.05022679083164238	0.2224097	0.049934904775016845	0.0730283	0.017131672590750345	0.7751463	0.05022679083164238
tw5	TBR	0.4	6	10	0.31369030000000003	0.07291026685469841	0.3106797	0.0725532102362045	0.10674120000000001	0.026044912986267054	0.6863097	0.07291026685469841
tw5	TBR	0.4	7	10	0.36839150000000004	0.0780225097359374	0.36509260000000004	0.07755356618509987	0.1366132	0.03320957220702087	0.6316085	0.0780225097359374
tw5	TBR	0.4	8	10	0.4111602	0.08323210306857431	0.4076427000000001	0.08273814331317945	0.1611647	0.0397610947610992	0.5888398	0.08323210306857431
tw5	TBR	0.4	9	10	0.4478484	0.08596021971602136	0.4439331	0.08533428774732542	0.1815271	0.044863730074390575	0.5521516	0.08596021971602136
tw5	TBR	0.4	10	10	0.48906030000000006	0.08696081203188914	0.4849705999999999	0.08637779845322908	0.2003094	0.049509624069175785	0.5109397	0.08696081203188914
tw5	TBR	0.4	20	10	0.6945774	0.0724456628891536	0.6887636	0.07180080527050747	0.30995999999999996	0.07300379633446773	0.3054226	0.0724456628891536
tw5	TBR	0.4	30	10	0.7718168999999999	0.057918267720498455	0.7647695999999999	0.05717292633857004	0.3534038	0.08077412704474123	0.22818310000000008	0.057918267720498455
tw5	TBR	0.4	40	10	0.8237097999999999	0.0480272425827953	0.815522	0.04727321608127235	0.37676119999999996	0.08403092965804648	0.17629020000000006	0.0480272425827953
tw5	TBR	0.4	50	10	0.8521923000000001	0.040523874428689835	0.8431466000000001	0.03979149961548181	0.3916626	0.08653050694500754	0.14780769999999988	0.040523874428689835
tw5	TBR	0.4	60	10	0.8747216000000002	0.03507452924343944	0.8649585	0.03437459157615953	0.4027347	0.08833244531956784	0.1252783999999998	0.03507452924343944
tw5	TBR	0.4	70	10	0.8951375	0.02891310730072666	0.8847227999999999	0.028223040143274588	0.41086900000000004	0.08944043560406245	0.10486249999999997	0.02891310730072666
tw5	TBR	0.4	80	10	0.9084934	0.024428762038584306	0.8972202000000001	0.023941884416134745	0.4168367	0.09014815696421949	0.0915066	0.024428762038584306
tw5	TBR	0.4	90	10	0.9156842000000001	0.022526662514944864	0.9036290000000001	0.0221031106709742	0.42083689999999996	0.09098845568427898	0.08431579999999994	0.022526662514944864
tw5	TBR	0.4	100	10	0.9224327000000001	0.02049995871163864	0.9095253	0.020118183987543867	0.4244763	0.0913841953873924	0.0775672999999999	0.02049995871163864
tw5	TBR	0.4	200	10	0.9632104	0.009571344809958058	0.9447205000000001	0.010053059104626364	0.4396597	0.0943937179802472	0.03678959999999998	0.009571344809958058
tw5	TBR	0.4	300	10	0.9741234999999999	0.0067903675178724865	0.9526316000000001	0.007635212182455117	0.4461469	0.09540097003728235	0.02587650000000008	0.0067903675178724865
tw5	TBR	0.4	400	10	0.9817897	0.005531057763112664	0.9576955	0.006309810937914239	0.45032999999999995	0.09620897818649196	0.018210300000000013	0.005531057763112664
tw5	TBR	0.4	500	10	0.9850009	0.004668094634978077	0.9593464	0.005805488801700219	0.4525224	0.09669857700161763	0.014999100000000043	0.004668094634978077
tw5	TBR	0.4	600	10	0.9872358	0.003963896808276755	0.9603519	0.005498827690113185	0.45412859999999994	0.09713852855818277	0.012764200000000003	0.003963896808276755
tw5	TBR	0.4	700	10	0.9886966000000001	0.003507945366355255	0.960886	0.0053591540273525305	0.4550382	0.09738396902340296	0.011303399999999852	0.003507945366355255
tw5	TBR	0.4	800	10	0.9897696999999999	0.003180254920075853	0.9612111000000001	0.00527838183211062	0.4560678	0.09773296636718283	0.010230300000000137	0.003180254920075853
tw5	TBR	0.4	900	10	0.9908224000000001	0.0028734736671066855	0.961462	0.005224664646335359	0.4567889	0.09780347470144742	0.009177599999999897	0.0028734736671066855
tw5	TBR	0.4	1000	10	0.9915122999999999	0.002634089208183099	0.9616525000000001	0.005183089010854856	0.4579384	0.09794597053650433	0.008487700000000098	0.002634089208183099
tw5	TBR	0.4	2000	10	0.9957743999999998	0.0013627093943072877	0.9625868000000001	0.004933149811451317	0.46001459999999994	0.09860217971798481	0.0042256000000001626	0.0013627093943072877
tw5	TBR	0.4	3000	10	0.9970568	0.0009211026821756125	0.9626323000000001	0.0049229863927633686	0.46099009999999996	0.09879192487889213	0.0029432000000000347	0.0009211026821756125
tw5	TBR	0.4	4000	10	0.9977586	0.0007020000506489388	0.9627016000000002	0.0049051273473104924	0.46137500000000004	0.09890184270162904	0.002241399999999949	0.0007020000506489388
tw5	TBR	0.4	5000	10	0.9981465999999999	0.0005742711554657759	0.9627016000000002	0.0049051273473104924	0.4616595	0.09902709225417387	0.001853400000000116	0.0005742711554657759
tw5	TBR	0.4	6000	10	0.9984546	0.00048039750207510114	0.9627016000000002	0.0049051273473104924	0.4615978	0.09906512320699841	0.00154540000000003	0.00048039750207510114
tw5	TBR	0.4	7000	10	0.9986694	0.000403586069575693	0.9627016000000002	0.0049051273473104924	0.46166460000000004	0.09907525036536621	0.0013305999999999596	0.000403586069575693
tw5	TBR	0.4	8000	10	0.9988188000000001	0.00034832784046705544	0.9627016000000002	0.0049051273473104924	0.46179629999999994	0.09908824227649594	0.0011811999999998823	0.00034832784046705544
tw5	TBR	0.4	9000	10	0.9989216000000001	0.0003169444816437828	0.9627016000000002	0.0049051273473104924	0.46185599999999993	0.0990865274593653	0.0010783999999999239	0.0003169444816437828
tw5	TBR	0.4	10000	10	0.9990172000000002	0.0002859347167138363	0.9627016000000002	0.0049051273473104924	0.4619833	0.09910767066748387	0.0009827999999998394	0.0002859347167138363
tw5	TBR	0.4	20000	10	0.9994524	0.00016634383400388898	0.9627016000000002	0.0049051273473104924	0.4622737	0.09915985818051015	0.0005475999999999814	0.00016634383400388898
tw5	TBR	0.4	30000	10	0.9996076	0.0001197078109398041	0.9627016000000002	0.0049051273473104924	0.4623053	0.09919897912154471	0.00039239999999995945	0.0001197078109398041
tw5	TBR	0.4	40000	10	0.9996964	9.406241426721575e-05	0.9627016000000002	0.0049051273473104924	0.462275	0.09917444004592223	0.00030359999999995946	9.406241426721575e-05
tw5	TBR	0.4	50000	10	0.9997490000000001	8.089430690035923e-05	0.9627016000000002	0.0049051273473104924	0.4623092000000001	0.09918863620762655	0.0002509999999998902	8.089430690035923e-05
tw5	TBR	0.4	60000	10	0.9997833999999999	7.053056075206787e-05	0.9627016000000002	0.0049051273473104924	0.46234149999999996	0.09919663851195878	0.00021660000000012225	7.053056075206787e-05
tw5	TBR	0.4	70000	10	0.9998086	6.236045755658385e-05	0.9627016000000002	0.0049051273473104924	0.4623686	0.09919315018714189	0.00019139999999995272	6.236045755658385e-05
tw5	TBR	0.4	80000	10	0.9998286999999999	5.604344544884082e-05	0.9627016000000002	0.0049051273473104924	0.46235469999999995	0.0991854046049395	0.00017130000000009638	5.604344544884082e-05
tw5	TBR	0.4	90000	10	0.9998439000000001	5.144672541139173e-05	0.9627016000000002	0.0049051273473104924	0.46237880000000003	0.09918008354870896	0.00015609999999988133	5.144672541139173e-05
tw5	TBR	0.4	100000	10	0.9998564	4.753366058793066e-05	0.9627016000000002	0.0049051273473104924	0.46235979999999993	0.09918736629887227	0.0001436000000000215	4.753366058793066e-05
tw5	TBR	0.4	200000	10	0.9999147	2.8820922184333052e-05	0.9627016000000002	0.0049051273473104924	0.46248469999999997	0.0991961379013036	8.529999999995486e-05	2.8820922184333052e-05
tw5	TBR	0.4	300000	10	0.9999366999999999	2.1731211552865025e-05	0.9627016000000002	0.0049051273473104924	0.4625354	0.0992017735332276	6.330000000009939e-05	2.1731211552865025e-05
tw5	TBR	0.4	400000	10	0.9999491	1.75413479780956e-05	0.9627016000000002	0.0049051273473104924	0.46253969999999994	0.09919872376542957	5.089999999996486e-05	1.75413479780956e-05
tw5	TBR	0.4	500000	10	0.9999569999999999	1.4818906842279076e-05	0.9627016000000002	0.0049051273473104924	0.4625232	0.09919767584136681	4.300000000012627e-05	1.4818906842279076e-05
tw5	TBR	0.4	600000	10	0.9999625999999999	1.2813361082178625e-05	0.9627016000000002	0.0049051273473104924	0.4625133	0.09919509263848018	3.740000000007626e-05	1.2813361082178625e-05
tw5	TBR	0.4	700000	10	0.9999667000000001	1.1372530256916039e-05	0.9627016000000002	0.0049051273473104924	0.4625139	0.09919767905399242	3.329999999990285e-05	1.1372530256916039e-05
tw5	TBR	0.4	800000	10	0.9999699000000002	1.0305823596390687e-05	0.9627016000000002	0.0049051273473104924	0.4625125	0.09919921191602842	3.0099999999810834e-05	1.0305823596390687e-05
tw5	TBR	0.4	900000	10	0.9999722999999999	9.412816321972893e-06	0.9627016000000002	0.0049051273473104924	0.46251229999999993	0.09919906502035299	2.7700000000074887e-05	9.412816321972893e-06
tw5	TBR	0.4	1000000	10	0.9999746999999999	8.510189970464242e-06	0.9627016000000002	0.0049051273473104924	0.46251230000000004	0.09919867612972462	2.5300000000116896e-05	8.510189970464242e-06
tw5	TBR	0.5	1	10	0.0	0.0	0.0	0.0	0.0	0.0	1.0	0.0
tw5	TBR	0.5	2	10	0.004388899999999999	0.0023208468495118087	0.0043688	0.0023177482741277627	0.0021945000000000003	0.0011604460564800072	0.9956111	0.0023208468495118087
tw5	TBR	0.5	3	10	0.032355800000000004	0.006282331104507837	0.0320738	0.0062469941764019595	0.012059300000000002	0.0025235462307809796	0.9676442	0.006282331104507837
tw5	TBR	0.5	4	10	0.1239195	0.02686499721167552	0.123021	0.02683329989687358	0.0389751	0.008475216524864325	0.8760805	0.02686499721167552
tw5	TBR	0.5	5	10	0.2087463	0.04167281563882836	0.20728939999999998	0.04156637750826983	0.0702846	0.015174489821334281	0.7912537	0.04167281563882836
tw5	TBR	0.5	6	10	0.2851251	0.05527082066082528	0.2831155	0.05509885377619029	0.099691	0.022151006124126977	0.7148749	0.05527082066082528
tw5	TBR	0.5	7	10	0.33559649999999996	0.058896584222827945	0.3332257	0.058642104568124846	0.1249893	0.0279706128265006	0.6644035	0.058896584222827945
tw5	TBR	0.5	8	10	0.37476	0.06077895009769236	0.37193890000000007	0.06046709125548283	0.1479512	0.032872108244190505	0.62524	0.06077895009769236
tw5	TBR	0.5	9	10	0.4129345	0.0614036482345851	0.4097341	0.06105198416530874	0.16688920000000002	0.03691822368960288	0.5870655	0.0614036482345851
tw5	TBR	0.5	10	10	0.4430542	0.06114696299659261	0.43961680000000003	0.06068780454621834	0.183166	0.040296116126054195	0.5569458	0.06114696299659261
tw5	TBR	0.5	20	10	0.6493492999999999	0.05336398284133222	0.6440412	0.0530190494899501	0.2791517	0.06010763758792314	0.3506507000000001	0.05336398284133222
tw5	TBR	0.5	30	10	0.7469219	0.04512698588389828	0.7397469	0.04478856501073807	0.31972300000000003	0.06831261046314134	0.2530781	0.04512698588389828
tw5	TBR	0.5	40	10	0.7979003	0.03635374541304742	0.7896475999999999	0.03606539669242835	0.3438958	0.07362545237677283	0.2020997	0.03635374541304742
tw5	TBR	0.5	50	10	0.8283375	0.033060364238515785	0.8187898	0.03285058459307332	0.3604406	0.07673516862317217	0.17166250000000005	0.033060364238515785
tw5	TBR	0.5	60	10	0.8505860999999999	0.030220242618134108	0.8399387	0.03032334170167705	0.3727455	0.07893345080287571	0.1494139000000001	0.030220242618134108
tw5	TBR	0.5	70	10	0.8708235	0.02490636929259037	0.8592397	0.02513319293994829	0.3806642	0.08036248618005792	0.12917650000000003	0.02490636929259037
tw5	TBR	0.5	80	10	0.8895647999999999	0.022763942805234774	0.8771642	0.022945746620524964	0.3882454	0.08201114995470636	0.11043520000000007	0.022763942805234774
tw5	TBR	0.5	90	10	0.9005571	0.021356955374693894	0.8872869	0.02159334760648391	0.3942361	0.08324133928182692	0.0994429	0.021356955374693894
tw5	TBR	0.5	100	10	0.9071942	0.019852694309057624	0.8930771	0.020213424932977366	0.39890109999999995	0.08435901852142952	0.09280580000000005	0.019852694309057624
tw5	TBR	0.5	200	10	0.9485563000000001	0.011128833753463213	0.9292256999999999	0.012283940687879165	0.42315260000000005	0.08972691743843897	0.05144369999999987	0.011128833753463213
tw5	TBR	0.5	300	10	0.9622449	0.008213235984880345	0.9398630000000001	0.010034622385631761	0.4331684	0.09207053182704851	0.03775510000000004	0.008213235984880345
tw5	TBR	0.5	400	10	0.9714663	0.007369449926781052	0.9468387000000001	0.008864632531144319	0.4388472	0.09341903087448986	0.028533699999999995	0.007369449926781052
tw5	TBR	0.5	500	10	0.9743293	0.00720588749110367	0.9482633	0.008761062246668488	0.44227050000000007	0.09426039859385393	0.025670700000000046	0.00720588749110367
tw5	TBR	0.5	600	10	0.9761787	0.007107905650361743	0.9490461	0.008731180137173764	0.4449299	0.09487042637635935	0.023821300000000045	0.007107905650361743
tw5	TBR	0.5	700	10	0.9774831	0.007104919445082475	0.9495115000000002	0.008724035366286758	0.44650660000000003	0.09526441653724763	0.02251689999999995	0.007104919445082475
tw5	TBR	0.5	800	10	0.9813834	0.004760206261170718	0.9525543000000001	0.0070994277892267085	0.44798140000000003	0.09571321972088169	0.018616599999999983	0.004760206261170718
tw5	TBR	0.5	900	10	0.9855176	0.004141814356052185	0.9557920000000001	0.006175673922739119	0.44878929999999995	0.09597040719629846	0.014482400000000006	0.004141814356052185
tw5	TBR	0.5	1000	10	0.9884090000000001	0.0026687752621755182	0.9580561000000001	0.00553281542646538	0.44988849999999997	0.09618069713215732	0.011590999999999907	0.0026687752621755182
tw5	TBR	0.5	2000	10	0.9942791	0.0020646329587712298	0.9606910000000001	0.005524719745531588	0.45456250000000004	0.09722570110226912	0.005720900000000029	0.0020646329587712298
tw5	TBR	0.5	3000	10	0.9954596	0.0019566740045291174	0.9607885000000002	0.0055068773411072035	0.456736	0.09763268716811324	0.0045404	0.0019566740045291174
tw5	TBR	0.5	4000	10	0.9960167999999999	0.0019344955747917542	0.9607885000000002	0.0055068773411072035	0.45797239999999995	0.09778461784966204	0.003983200000000076	0.0019344955747917542
tw5	TBR	0.5	5000	10	0.9983540000000002	0.0005187963419728823	0.9627016000000002	0.0049051273473104924	0.458854	0.09803341731074267	0.0016459999999998143	0.0005187963419728823
tw5	TBR	0.5	6000	10	0.9985951	0.0004345708087041483	0.9627016000000002	0.0049051273473104924	0.45956210000000003	0.09826960523505954	0.0014049000000000422	0.0004345708087041483
tw5	TBR	0.5	7000	10	0.9987638000000001	0.00037956082223772905	0.9627016000000002	0.0049051273473104924	0.45997279999999996	0.09837457403175318	0.0012361999999999096	0.00037956082223772905
tw5	TBR	0.5	8000	10	0.9989011	0.000331480331241539	0.9627016000000002	0.0049051273473104924	0.4603514000000001	0.09847963753275202	0.0010989000000000138	0.000331480331241539
tw5	TBR	0.5	9000	10	0.9989965999999999	0.00030467181614903666	0.9627016000000002	0.0049051273473104924	0.46074009999999993	0.09856920056684935	0.0010034000000000987	0.00030467181614903666
tw5	TBR	0.5	10000	10	0.9990833	0.0002780693378757638	0.9627016000000002	0.0049051273473104924	0.46089250000000004	0.09862756903548825	0.0009166999999999925	0.0002780693378757638
tw5	TBR	0.5	20000	10	0.9994908	0.00015451463792577204	0.9627016000000002	0.0049051273473104924	0.4616823	0.09891448782380442	0.0005091999999999874	0.00015451463792577204
tw5	TBR	0.5	30000	10	0.9996413000000001	0.00011292613613429663	0.9627016000000002	0.0049051273473104924	0.46194480000000004	0.09901888303773174	0.00035869999999993407	0.00011292613613429663
tw5	TBR	0.5	40000	10	0.9997208000000001	8.884228222592785e-05	0.9627016000000002	0.0049051273473104924	0.46212870000000006	0.09908999392348687	0.00027919999999992395	8.884228222592785e-05
tw5	TBR	0.5	50000	10	0.9997654	7.739913866876124e-05	0.9627016000000002	0.0049051273473104924	0.4622103	0.09911253214481336	0.00023459999999997372	7.739913866876124e-05
tw5	TBR	0.5	60000	10	0.9997978000000002	6.649056741790935e-05	0.9627016000000002	0.0049051273473104924	0.4623507	0.09912363562048829	0.0002021999999998192	6.649056741790935e-05
tw5	TBR	0.5	70000	10	0.9998216	5.9606524624214586e-05	0.9627016000000002	0.0049051273473104924	0.462357	0.09913047895812199	0.00017840000000002298	5.9606524624214586e-05
tw5	TBR	0.5	80000	10	0.9998393999999999	5.4005596417823246e-05	0.9627016000000002	0.0049051273473104924	0.4624021000000001	0.0991514406089605	0.00016060000000006625	5.4005596417823246e-05
tw5	TBR	0.5	90000	10	0.9998526	4.9336306216737185e-05	0.9627016000000002	0.0049051273473104924	0.4624188	0.09915540889082484	0.00014740000000001974	4.9336306216737185e-05
tw5	TBR	0.5	100000	10	0.9998644000000001	4.53341176402739e-05	0.9627016000000002	0.0049051273473104924	0.46246029999999994	0.09915988267462582	0.00013559999999990247	4.53341176402739e-05
tw5	TBR	0.5	200000	10	0.9999191	2.7898805231291093e-05	0.9627016000000002	0.0049051273473104924	0.46244680000000005	0.09918211138795813	8.090000000005038e-05	2.7898805231291093e-05
tw5	TBR	0.5	300000	10	0.9999399	2.1107897416217394e-05	0.9627016000000002	0.0049051273473104924	0.46248069999999997	0.09918157013131129	6.010000000000737e-05	2.1107897416217394e-05
tw5	TBR	0.5	400000	10	0.9999513	1.6914195221765007e-05	0.9627016000000002	0.0049051273473104924	0.462465	0.09918465715836407	4.870000000001262e-05	1.6914195221765007e-05
tw5	TBR	0.5	500000	10	0.9999590000000002	1.424390707948355e-05	0.9627016000000002	0.0049051273473104924	0.4624463	0.09918199423619077	4.0999999999846715e-05	1.424390707948355e-05
tw5	TBR	0.5	600000	10	0.9999642	1.2235467570422571e-05	0.9627016000000002	0.0049051273473104924	0.4624314	0.0991817653395578	3.580000000003025e-05	1.2235467570422571e-05
tw5	TBR	0.5	700000	10	0.9999678000000001	1.0873821775253874e-05	0.9627016000000002	0.0049051273473104924	0.4624505	0.09918440025250945	3.219999999992673e-05	1.0873821775253874e-05
tw5	TBR	0.5	800000	10	0.9999711999999998	9.743145738874724e-06	0.9627016000000002	0.0049051273473104924	0.46244440000000003	0.0991844357873194	2.880000000016203e-05	9.743145738874724e-06
tw5	TBR	0.5	900000	10	0.9999737	8.805364526497547e-06	0.9627016000000002	0.0049051273473104924	0.4624522	0.09918465663003415	2.630000000003463e-05	8.805364526497547e-06
tw5	TBR	0.5	1000000	10	0.9999758999999999	7.958852513607922e-06	0.9627016000000002	0.0049051273473104924	0.4624441	0.0991851051352918	2.410000000008239e-05	7.958852513607922e-06
tw5	rTBR	0.0	1	10	0.0	0.0	0.0	0.0	0.0	0.0	1.0	0.0
tw5	rTBR	0.0	2	10	0.0	0.0	0.0	0.0	0.0	0.0	1.0	0.0
tw5	rTBR	0.0	3	10	0.0	0.0	0.0	0.0	0.0	0.0	1.0	0.0
tw5	rTBR	0.0	4	10	5.7000000000000005e-06	5.7000000000000005e-06	5.7000000000000005e-06	5.7000000000000005e-06	1.4e-06	1.4000000000000001e-06	0.9999943	5.7000000000000005e-06
tw5	rTBR	0.0	5	10	5.7000000000000005e-06	5.7000000000000005e-06	5.7000000000000005e-06	5.7000000000000005e-06	2.3e-06	2.3e-06	0.9999943	5.7000000000000005e-06
tw5	rTBR	0.0	6	10	4.2000000000000004e-05	4.2e-05	4.2000000000000004e-05	4.2e-05	8.000000000000001e-06	8e-06	0.999958	4.2e-05
tw5	rTBR	0.0	7	10	4.2000000000000004e-05	4.2e-05	4.2000000000000004e-05	4.2e-05	1.2e-05	1.1999999999999999e-05	0.999958	4.2e-05
tw5	rTBR	0.0	8	10	4.2000000000000004e-05	4.2e-05	4.2000000000000004e-05	4.2e-05	1.4999999999999999e-05	1.4999999999999997e-05	0.999958	4.2e-05
tw5	rTBR	0.0	9	10	4.2000000000000004e-05	4.2e-05	4.2000000000000004e-05	4.2e-05	1.74e-05	1.74e-05	0.999958	4.2e-05
tw5	rTBR	0.0	10	10	4.2000000000000004e-05	4.2e-05	4.2000000000000004e-05	4.2e-05	1.93e-05	1.93e-05	0.999958	4.2e-05
tw5	rTBR	0.0	20	10	0.0008496	0.000600331874882552	0.0008484	0.0005995901600259965	0.00012309999999999998	8.621658128741182e-05	0.9991504	0.000600331874882552
tw5	rTBR	0.0	30	10	0.0014546	0.0010130506864581522	0.0014382000000000002	0.0010111428165969214	0.0004267	0.0002956874870534768	0.9985454	0.0010130506864581522
tw5	rTBR	0.0	40	10	0.006596500000000001	0.0023205382002649487	0.0065484	0.0023220507277452447	0.0015047	0.0005353354099171014	0.9934035	0.0023205382002649487
tw5	rTBR	0.0	50	10	0.0125253	0.0032280163088187768	0.0124166	0.00322675604628274	0.0032592999999999997	0.0009371767656104155	0.9874747	0.0032280163088187768
tw5	rTBR	0.0	60	10	0.0224108	0.004479683773065534	0.022187799999999997	0.00449020240523743	0.0052158	0.001308645073688389	0.9775892	0.004479683773065534
tw5	rTBR	0.0	70	10	0.0320202	0.006664128799942436	0.0316194	0.006681128803827489	0.0076443	0.0017327518130290777	0.9679798	0.006664128799942436
tw5	rTBR	0.0	80	10	0.0510598	0.011578603634674124	0.05052450000000001	0.011605876200586207	0.0113048	0.00263024140759403	0.9489402	0.011578603634674124
tw5	rTBR	0.0	90	10	0.0722617	0.013528775493616065	0.07153840000000002	0.013557808606277212	0.0158652	0.0036456335245819145	0.9277383	0.013528775493616065
tw5	rTBR	0.0	100	10	0.08924750000000001	0.018296545835667085	0.0882881	0.018288027626139576	0.0205363	0.004695933491508016	0.9107525	0.018296545835667085
tw5	rTBR	0.0	200	10	0.30633370000000004	0.034116115549383534	0.3028227	0.03385180313859876	0.0800544	0.014835077190526813	0.6936663	0.034116115549383534
tw5	rTBR	0.0	300	10	0.4919277	0.04774145330796568	0.48653969999999996	0.04744067164224993	0.13780730000000002	0.025933026851252393	0.5080723	0.04774145330796568
tw5	rTBR	0.0	400	10	0.6182219999999999	0.04808510752844609	0.6120412999999999	0.04786267707051776	0.18610690000000002	0.035047888566756454	0.38177800000000006	0.04808510752844609
tw5	rTBR	0.0	500	10	0.7211314	0.04434406909916038	0.7140877000000001	0.044071208732144186	0.2272274	0.04366253680959099	0.2788686	0.04434406909916038
tw5	rTBR	0.0	600	10	0.7713823	0.03888661317187302	0.7637902000000001	0.038644148587334656	0.25812219999999997	0.050734525612753205	0.22861770000000003	0.03888661317187302
tw5	rTBR	0.0	700	10	0.8117949	0.034368701093824686	0.8036739	0.034144613208284165	0.28234699999999996	0.05675204179508531	0.18820510000000001	0.034368701093824686
tw5	rTBR	0.0	800	10	0.8397494999999999	0.030799409254165175	0.8309365	0.030475318142628865	0.301762	0.06137059126324268	0.16025050000000007	0.030799409254165175
tw5	rTBR	0.0	900	10	0.8642596000000001	0.028644318064146683	0.8549751999999999	0.028522058099263767	0.3175671	0.06511320352354727	0.13574039999999987	0.028644318064146683
tw5	rTBR	0.0	1000	10	0.8842943	0.027132592078756908	0.8745685	0.02707835060020787	0.33180629999999994	0.06874016146831487	0.11570570000000002	0.027132592078756908
tw5	rTBR	0.0	2000	10	0.9531516000000002	0.011167043186886036	0.9395135000000001	0.011390155568394235	0.395271	0.08354249989755713	0.04684839999999979	0.011167043186886036
tw5	rTBR	0.0	3000	10	0.9662497	0.008172831640461793	0.9488404000000001	0.008645041614449032	0.41833289999999995	0.08879207399530534	0.03375030000000001	0.008172831640461793
tw5	rTBR	0.0	4000	10	0.9728562000000001	0.006679021215384449	0.9533079000000001	0.0074106389115019345	0.4309233	0.09139479537333865	0.02714379999999994	0.006679021215384449
tw5	rTBR	0.0	5000	10	0.9782486	0.005332500558316374	0.9567236000000001	0.006493822019940692	0.4374624	0.0929904155075732	0.021751399999999976	0.005332500558316374
tw5	rTBR	0.0	6000	10	0.9815357	0.0046432467401592995	0.9583861	0.006063881143385896	0.4415897999999999	0.09401070610270348	0.01846429999999999	0.0046432467401592995
tw5	rTBR	0.0	7000	10	0.9834749	0.004161861873542233	0.9591778000000002	0.005823590642664824	0.4441967	0.0947984905052173	0.01652509999999996	0.004161861873542233
tw5	rTBR	0.0	8000	10	0.9849903	0.003744711580794087	0.9598160000000002	0.005651676803293765	0.4467468	0.09541487884203387	0.015009700000000015	0.003744711580794087
tw5	rTBR	0.0	9000	10	0.9865725	0.0033658497234890236	0.9603049	0.005514858298673174	0.44786000000000004	0.09566702356751079	0.013427500000000037	0.0033658497234890236
tw5	rTBR	0.0	10000	10	0.9879514	0.0030887529313804213	0.9608274	0.005395594073356926	0.44947210000000004	0.09614815300686862	0.012048599999999965	0.0030887529313804213
tw5	rTBR	0.0	20000	10	0.9938908	0.0014181837978359693	0.9624107000000001	0.004981061029428248	0.454978	0.09748690205150638	0.006109200000000037	0.0014181837978359693
tw5	rTBR	0.0	30000	10	0.9957698	0.0009076816475688669	0.9625573000000001	0.004943078258310072	0.4574502	0.09805510048978697	0.004230199999999962	0.0009076816475688669
tw5	rTBR	0.0	40000	10	0.996711	0.0006568766161836556	0.9626323000000001	0.0049229863927633686	0.4584918	0.09823763758195961	0.0032889999999999864	0.0006568766161836556
tw5	rTBR	0.0	50000	10	0.9973253	0.0005200073300765417	0.9627016000000002	0.0049051273473104924	0.4590039	0.09845997821861427	0.00267470000000003	0.0005200073300765417
tw5	rTBR	0.0	60000	10	0.9977194	0.0004249393996010931	0.9627016000000002	0.0049051273473104924	0.4596698	0.09858683145394667	0.002280599999999966	0.0004249393996010931
tw5	rTBR	0.0	70000	10	0.9980835000000001	0.0003545346010382235	0.9627016000000002	0.0049051273473104924	0.46030329999999997	0.0986635477189524	0.0019164999999998766	0.0003545346010382235
tw5	rTBR	0.0	80000	10	0.9982795000000001	0.0003094974151749897	0.9627016000000002	0.0049051273473104924	0.4603485	0.09873987304588085	0.0017204999999999027	0.0003094974151749897
tw5	rTBR	0.0	90000	10	0.9984767	0.00027240407281993624	0.9627016000000002	0.0049051273473104924	0.46035000000000004	0.09873282990632402	0.0015233000000000052	0.00027240407281993624
tw5	rTBR	0.0	100000	10	0.9985844	0.00025388900461947026	0.9627016000000002	0.0049051273473104924	0.46051729999999996	0.0987659683187202	0.0014155999999999613	0.00025388900461947026
tw5	rTBR	0.0	200000	10	0.9991976000000001	0.00015380414674369451	0.9627016000000002	0.0049051273473104924	0.4609223	0.09887695573950597	0.0008023999999998699	0.00015380414674369451
tw5	rTBR	0.0	300000	10	0.9994436	0.00011476034932753431	0.9627016000000002	0.0049051273473104924	0.46124659999999995	0.09893607831964592	0.0005564000000000124	0.00011476034932753431
tw5	rTBR	0.0	400000	10	0.9995669999999999	9.161901791901961e-05	0.9627016000000002	0.0049051273473104924	0.4613875	0.09896142992311589	0.00043300000000012773	9.161901791901961e-05
tw5	rTBR	0.0	500000	10	0.9996442	7.721842037004393e-05	0.9627016000000002	0.0049051273473104924	0.46161050000000003	0.09898307704543909	0.0003558000000000172	7.721842037004393e-05
tw5	rTBR	0.0	600000	10	0.9996934999999999	6.6126352118085e-05	0.9627016000000002	0.0049051273473104924	0.4616918	0.09900745636946295	0.00030650000000009836	6.6126352118085e-05
tw5	rTBR	0.0	700000	10	0.9997311999999999	5.83456748849237e-05	0.9627016000000002	0.0049051273473104924	0.4617815	0.0990128917738886	0.000268800000000069	5.83456748849237e-05
tw5	rTBR	0.0	800000	10	0.9997633	5.343532955306225e-05	0.9627016000000002	0.0049051273473104924	0.4618025	0.09903275949427039	0.0002366999999999786	5.343532955306225e-05
tw5	rTBR	0.0	900000	10	0.9997858999999998	4.876552744169362e-05	0.9627016000000002	0.0049051273473104924	0.4618835	0.09905582367278788	0.0002141000000002169	4.876552744169362e-05
tw5	rTBR	0.0	1000000	10	0.9998048	4.616944636637758e-05	0.9627016000000002	0.0049051273473104924	0.4619302	0.0990762934551842	0.00019519999999995097	4.616944636637758e-05
tw5	rTBR	0.02	1	10	0.0	0.0	0.0	0.0	0.0	0.0	1.0	0.0
tw5	rTBR	0.02	2	10	0.0	0.0	0.0	0.0	0.0	0.0	1.0	0.0
tw5	rTBR	0.02	3	10	0.0	0.0	0.0	0.0	0.0	0.0	1.0	0.0
tw5	rTBR	0.02	4	10	0.0	0.0	0.0	0.0	0.0	0.0	1.0	0.0
tw5	rTBR	0.02	5	10	0.0	0.0	0.0	0.0	0.0	0.0	1.0	0.0
tw5	rTBR	0.02	6	10	0.0	0.0	0.0	0.0	0.0	0.0	1.0	0.0
tw5	rTBR	0.02	7	10	0.0	0.0	0.0	0.0	0.0	0.0	1.0	0.0
tw5	rTBR	0.02	8	10	8e-07	5.925462944877058e-07	0.0	0.0	1e-07	1e-07	0.9999992	5.925462944877058e-07
tw5	rTBR	0.02	9	10	8e-07	5.925462944877058e-07	0.0	0.0	1e-07	1e-07	0.9999992	5.925462944877058e-07
tw5	rTBR	0.02	10	10	3.44e-05	3.384579409288217e-05	3.33e-05	3.33e-05	3.4e-06	3.3999999999999996e-06	0.9999656	3.384579409288217e-05
tw5	rTBR	0.02	20	10	0.005882	0.003076669678582852	0.0057394	0.0030265146041096327	0.0012705000000000001	0.0007804047418558599	0.994118	0.003076669678582852
tw5	rTBR	0.02	30	10	0.024347100000000003	0.009784036671424415	0.023869500000000002	0.009591763147212414	0.0045845	0.0017869920801291885	0.9756529	0.009784036671424415
tw5	rTBR	0.02	40	10	0.0657571	0.019514151711827552	0.06471400000000001	0.019142770366090925	0.012751299999999998	0.004077117786568786	0.9342429	0.019514151711827552
tw5	rTBR	0.02	50	10	0.1031592	0.029507637518220033	0.1016853	0.029119081040158763	0.0237983	0.006943389758212084	0.8968408	0.029507637518220033
tw5	rTBR	0.02	60	10	0.1382923	0.0356927612079194	0.1364072	0.03530068079349808	0.035136099999999997	0.009103076332817994	0.8617077	0.0356927612079194
tw5	rTBR	0.02	70	10	0.1748726	0.043188454225689114	0.1727113	0.042786096055728196	0.046603700000000005	0.011285252210099494	0.8251274	0.043188454225689114
tw5	rTBR	0.02	80	10	0.21852049999999998	0.04859530631775734	0.2159443	0.04824217639830893	0.0586886	0.01357247603481235	0.7814795	0.04859530631775734
tw5	rTBR	0.02	90	10	0.2735743	0.05337825212346941	0.2705415	0.05304499571815317	0.0726492	0.016207188317259445	0.7264257000000001	0.05337825212346941
tw5	rTBR	0.02	100	10	0.3069776	0.05673688029750431	0.3035034	0.056390209157894694	0.08609800000000001	0.018519309753155848	0.6930224	0.05673688029750431
tw5	rTBR	0.02	200	10	0.5726855000000001	0.06352291661129514	0.5671809999999999	0.06342410452799296	0.1942785	0.039308468092836626	0.42731449999999993	0.06352291661129514
tw5	rTBR	0.02	300	10	0.7309386	0.05227376628422499	0.7234157000000001	0.05196277875215639	0.2561229	0.051017618002117654	0.2690614	0.05227376628422499
tw5	rTBR	0.02	400	10	0.8121322	0.04310448208940174	0.8032978	0.042521026140487236	0.2979244	0.059090178877937626	0.18786780000000003	0.04310448208940174
tw5	rTBR	0.02	500	10	0.8622466999999998	0.03572510947656035	0.8519526000000001	0.035017987641655125	0.3267158	0.06596699648154034	0.1377533000000002	0.03572510947656035
tw5	rTBR	0.02	600	10	0.8878841	0.02992494163085368	0.8766434000000001	0.029191166933851757	0.3479369	0.07075002499951659	0.11211590000000005	0.02992494163085368
tw5	rTBR	0.02	700	10	0.9039577	0.027509181423279194	0.8920536	0.026888992205072404	0.3646824	0.07467412652365685	0.09604230000000002	0.027509181423279194
tw5	rTBR	0.02	800	10	0.9176905	0.023727149149468232	0.9051527	0.023134049923123172	0.3778636	0.07770137226490204	0.08230950000000004	0.023727149149468232
tw5	rTBR	0.02	900	10	0.9294121000000001	0.020551207288380894	0.9161908000000001	0.0200904794289346	0.38739500000000004	0.08024343333285562	0.07058789999999993	0.020551207288380894
tw5	rTBR	0.02	1000	10	0.9386837	0.017119230304640843	0.9247979000000001	0.01678554991549444	0.3947992	0.0821855578399406	0.06131629999999999	0.017119230304640843
tw5	rTBR	0.02	2000	10	0.9685036	0.008558688848441945	0.9491583	0.008691286296630662	0.43114930000000007	0.09058668006820256	0.03149639999999998	0.008558688848441945
tw5	rTBR	0.02	3000	10	0.9775903000000001	0.006157737064593345	0.9549762000000002	0.006946884255709331	0.4420381	0.09371144092104702	0.022409699999999866	0.006157737064593345
tw5	rTBR	0.02	4000	10	0.9827942999999999	0.004820138442110463	0.9578992000000002	0.0061855060725322444	0.4461530000000001	0.09511230103853258	0.0172057000000001	0.004820138442110463
tw5	rTBR	0.02	5000	10	0.9856386	0.004170537908818103	0.9592911000000001	0.005866181141746113	0.4488571	0.09586047991585943	0.014361399999999969	0.004170537908818103
tw5	rTBR	0.02	6000	10	0.9875603	0.003592312505120412	0.9599715000000002	0.005646479159126012	0.451453	0.09659715462959213	0.012439700000000053	0.003592312505120412
tw5	rTBR	0.02	7000	10	0.9891967000000002	0.003074913892380655	0.9605417	0.005471742586639505	0.4532502	0.09705480790481222	0.01080329999999985	0.003074913892380655
tw5	rTBR	0.02	8000	10	0.9906927000000001	0.0026249588358677137	0.9611970000000001	0.005310355303032407	0.4543045	0.09731471382915328	0.009307299999999907	0.0026249588358677137
tw5	rTBR	0.02	9000	10	0.9915769999999998	0.0023236191120271322	0.9615692000000001	0.005205052096654638	0.45534369999999996	0.09757370102782703	0.00842300000000018	0.0023236191120271322
tw5	rTBR	0.02	10000	10	0.9924365999999999	0.002040177999859601	0.9617748	0.005147891507533282	0.45587029999999995	0.09775953426626309	0.007563400000000109	0.002040177999859601
tw5	rTBR	0.02	20000	10	0.9963732000000001	0.0008907063089980295	0.9626790000000002	0.004910206741517549	0.45846339999999997	0.09834168593522392	0.00362679999999993	0.0008907063089980295
tw5	rTBR	0.02	30000	10	0.9973949000000001	0.0005787046540910734	0.9627016000000002	0.0049051273473104924	0.46022679999999994	0.09855311937740874	0.002605099999999916	0.0005787046540910734
tw5	rTBR	0.02	40000	10	0.9980109	0.0004386544691819875	0.9627016000000002	0.0049051273473104924	0.4605224	0.098722933293041	0.001989099999999966	0.0004386544691819875
tw5	rTBR	0.02	50000	10	0.998318	0.000359520452207598	0.9627016000000002	0.0049051273473104924	0.4611079	0.09885986360314393	0.0016819999999999613	0.000359520452207598
tw5	rTBR	0.02	60000	10	0.998555	0.00031209361131272824	0.9627016000000002	0.0049051273473104924	0.46103439999999996	0.09884450812229163	0.0014450000000000296	0.00031209361131272824
tw5	rTBR	0.02	70000	10	0.9987140999999999	0.00028030501045983537	0.9627016000000002	0.0049051273473104924	0.4611955	0.09890756020797624	0.001285900000000062	0.00028030501045983537
tw5	rTBR	0.02	80000	10	0.9988371	0.0002504532535668535	0.9627016000000002	0.0049051273473104924	0.4614706999999999	0.09896743813958316	0.0011628999999999667	0.0002504532535668535
tw5	rTBR	0.02	90000	10	0.9989577999999998	0.00023434299648165084	0.9627016000000002	0.0049051273473104924	0.46137839999999997	0.09895942169014979	0.0010422000000002152	0.00023434299648165084
tw5	rTBR	0.02	100000	10	0.9990311000000001	0.00021271825131954098	0.9627016000000002	0.0049051273473104924	0.46147550000000004	0.09897689115447884	0.0009688999999999393	0.00021271825131954098
tw5	rTBR	0.02	200000	10	0.9994681	0.0001245586385781572	0.9627016000000002	0.0049051273473104924	0.46176570000000006	0.09903251502220539	0.0005319000000000296	0.0001245586385781572
tw5	rTBR	0.02	300000	10	0.9996352	8.815526706392112e-05	0.9627016000000002	0.0049051273473104924	0.4618861000000001	0.09908687163544366	0.00036480000000005397	8.815526706392112e-05
tw5	rTBR	0.02	400000	10	0.9997201	7.134960094881886e-05	0.9627016000000002	0.0049051273473104924	0.4619632	0.09911477539654047	0.0002798999999999996	7.134960094881886e-05
tw5	rTBR	0.02	500000	10	0.9997705	5.997670844215554e-05	0.9627016000000002	0.0049051273473104924	0.4621093	0.09913683371224843	0.0002294999999999936	5.997670844215554e-05
tw5	rTBR	0.02	600000	10	0.9998047999999999	5.169693736899611e-05	0.9627016000000002	0.0049051273473104924	0.4621547	0.09914597145354812	0.000195200000000062	5.169693736899611e-05
tw5	rTBR	0.02	700000	10	0.9998320000000002	4.58364241382153e-05	0.9627016000000002	0.0049051273473104924	0.46217490000000006	0.09913221194752994	0.00016799999999983495	4.58364241382153e-05
tw5	rTBR	0.02	800000	10	0.9998500999999997	4.176640063761744e-05	0.9627016000000002	0.0049051273473104924	0.4621501	0.09913114617240357	0.00014990000000025816	4.176640063761744e-05
tw5	rTBR	0.02	900000	10	0.9998640999999999	3.863201033109832e-05	0.9627016000000002	0.0049051273473104924	0.4621481	0.09912945296793033	0.00013590000000007763	3.863201033109832e-05
tw5	rTBR	0.02	1000000	10	0.9998737999999999	3.655826399963175e-05	0.9627016000000002	0.0049051273473104924	0.46212090000000006	0.09912936875074464	0.00012620000000007625	3.655826399963175e-05
tw5	rTBR	0.05	1	10	0.0	0.0	0.0	0.0	0.0	0.0	1.0	0.0
tw5	rTBR	0.05	2	10	1.9e-06	1.9e-06	0.0	0.0	9.000000000000001e-07	8.999999999999999e-07	0.9999981	1.9e-06
tw5	rTBR	0.05	3	10	0.0017039000000000002	0.0017017899364427376	0.001702	0.0017019999999999997	0.0005685	0.0005671679204609512	0.9982961	0.0017017899364427376
tw5	rTBR	0.05	4	10	0.0017054	0.0017016255770422718	0.001702	0.0017019999999999997	0.0008523000000000001	0.0008508565364123117	0.9982946	0.0017016255770422718
tw5	rTBR	0.05	5	10	0.0017056000000000003	0.0017016033106064018	0.001702	0.0017019999999999997	0.0010226	0.0010210453923961134	0.9982944	0.0017016033106064018
tw5	rTBR	0.05	6	10	0.0017567	0.0016966573087495696	0.0017385999999999999	0.001698322886457892	0.0011446	0.001133616682226502	0.9982433	0.0016966573087495696
tw5	rTBR	0.05	7	10	0.0020586	0.0019860837634791627	0.0020293	0.0019889659516107022	0.0012746	0.0012554232150509598	0.9979414	0.0019860837634791627
tw5	rTBR	0.05	8	10	0.0021995	0.001974143112283853	0.0021582	0.0019785026144929795	0.0013878000000000002	0.001345045342482302	0.9978005	0.001974143112283853
tw5	rTBR	0.05	9	10	0.0027648	0.0019632446035411206	0.0027236	0.001968808845751946	0.0015245999999999999	0.0014100737427524845	0.9972352	0.0019632446035411206
tw5	rTBR	0.05	10	10	0.0029454	0.0019725535576449573	0.0028976	0.001978441649379632	0.001652	0.0014614085594992856	0.9970546	0.0019725535576449573
tw5	rTBR	0.05	20	10	0.0461943	0.015036008645211962	0.045464000000000004	0.014970155060430514	0.0108512	0.004682834684722966	0.9538057	0.015036008645211962
tw5	rTBR	0.05	30	10	0.1160288	0.034026606657078746	0.11432919999999999	0.03397295368338369	0.0287713	0.009251729616131243	0.8839712	0.034026606657078746
tw5	rTBR	0.05	40	10	0.1907758	0.04577944638925493	0.1880158	0.04553302742010463	0.05042169999999999	0.014460100663588446	0.8092242000000001	0.04577944638925493
tw5	rTBR	0.05	50	10	0.2781135	0.062680516352062	0.27461290000000005	0.06232835797923588	0.07481070000000001	0.019611658073168847	0.7218865	0.062680516352062
tw5	rTBR	0.05	60	10	0.3560624	0.07121155550723492	0.3519386	0.07078047829501515	0.10085359999999999	0.024937424876055044	0.6439376	0.07121155550723492
tw5	rTBR	0.05	70	10	0.4216596	0.07517670327600758	0.41710450000000004	0.07468638278000288	0.12495070000000001	0.03025511604305772	0.5783404	0.07517670327600758
tw5	rTBR	0.05	80	10	0.4876435	0.08033622695566565	0.48248560000000007	0.07983320384292909	0.1479161	0.035330792262227385	0.5123565	0.08033622695566565
tw5	rTBR	0.05	90	10	0.5353341	0.07735511361728668	0.5298792000000001	0.07675180771331853	0.16894510000000001	0.0396310507967483	0.46466589999999997	0.07735511361728668
tw5	rTBR	0.05	100	10	0.5667298000000001	0.07638157522317364	0.5609732000000001	0.07572801229044786	0.18713950000000001	0.043173609103054296	0.43327019999999994	0.07638157522317364
tw5	rTBR	0.05	200	10	0.7819699000000001	0.055551162856205503	0.7739681999999999	0.05483910946310732	0.29863169999999994	0.06501862266750111	0.2180300999999999	0.055551162856205503
tw5	rTBR	0.05	300	10	0.8651521000000001	0.03893011325652104	0.8548235	0.038006194536987434	0.347549	0.07473322649382788	0.1348478999999999	0.03893011325652104
tw5	rTBR	0.05	400	10	0.9019976999999999	0.029425896566365566	0.8901593999999999	0.028496161261241253	0.3758702	0.0804731899974975	0.0980023000000001	0.029425896566365566
tw5	rTBR	0.05	500	10	0.9260801999999998	0.023693184661323082	0.9125493	0.022675623676857146	0.3924641	0.08364038543981675	0.0739198000000002	0.023693184661323082
tw5	rTBR	0.05	600	10	0.9366001	0.019468703586040623	0.9220115	0.01865842420120794	0.4045783	0.08631744329354551	0.06339989999999995	0.019468703586040623
tw5	rTBR	0.05	700	10	0.9456091000000001	0.016718407962117012	0.9300601000000001	0.016015975105049186	0.41039909999999996	0.08768987992851093	0.05439089999999991	0.016718407962117012
tw5	rTBR	0.05	800	10	0.9558021	0.013215583882043703	0.9390048	0.01258640136355282	0.4154322	0.08892017371787898	0.04419790000000001	0.013215583882043703
tw5	rTBR	0.05	900	10	0.9610632000000001	0.011501215799306708	0.9431864000000001	0.01106140094221543	0.41964120000000005	0.08984641791595749	0.03893679999999988	0.011501215799306708
tw5	rTBR	0.05	1000	10	0.9652001	0.010287904695914632	0.9464998000000001	0.010015055246755033	0.42357750000000005	0.09097183294737748	0.034799899999999995	0.010287904695914632
tw5	rTBR	0.05	2000	10	0.9817005	0.0053740073610543835	0.9573639	0.006377327781463187	0.4425001	0.09504698713285036	0.018299500000000024	0.0053740073610543835
tw5	rTBR	0.05	3000	10	0.9867950999999999	0.003882199498136766	0.9598734999999999	0.005630932157388423	0.44988350000000005	0.09645646536906918	0.013204900000000075	0.003882199498136766
tw5	rTBR	0.05	4000	10	0.9896709999999999	0.0029796371777636153	0.9612441	0.005278589707382913	0.4533644	0.09729755966646278	0.010329000000000144	0.0029796371777636153
tw5	rTBR	0.05	5000	10	0.9915217000000001	0.002444933655314369	0.9617334000000002	0.0051462687631158716	0.45455049999999997	0.09740141654322988	0.008478299999999939	0.002444933655314369
tw5	rTBR	0.05	6000	10	0.9926954	0.0020511485302954894	0.9620966000000001	0.005058614099182147	0.4558228000000001	0.09772338591302834	0.007304599999999994	0.0020511485302954894
tw5	rTBR	0.05	7000	10	0.9935874	0.0017617232043907736	0.9623152000000001	0.005001995603534423	0.4569573	0.09803114225773697	0.0064125999999999905	0.0017617232043907736
tw5	rTBR	0.05	8000	10	0.9942016	0.0015657905862534783	0.962462	0.004965200810530107	0.45770619999999995	0.09818021752808567	0.005798399999999981	0.0015657905862534783
tw5	rTBR	0.05	9000	10	0.9948007999999999	0.0014071904617199357	0.9624782000000002	0.00496162150197784	0.458387	0.09831282637185354	0.00519920000000007	0.0014071904617199357
tw5	rTBR	0.05	10000	10	0.9953687999999999	0.0012694077254110767	0.9626639000000001	0.004913845143967079	0.4587479	0.09832316454500094	0.0046312000000000575	0.0012694077254110767
tw5	rTBR	0.05	20000	10	0.9975534999999999	0.0005896421372324037	0.9627016000000002	0.0049051273473104924	0.4600275	0.09863524273709451	0.002446500000000129	0.0005896421372324037
tw5	rTBR	0.05	30000	10	0.9982704	0.0004001400365982971	0.9627016000000002	0.0049051273473104924	0.460393	0.09880278333169004	0.0017295999999999978	0.0004001400365982971
tw5	rTBR	0.05	40000	10	0.9986583000000001	0.0003072893334374658	0.9627016000000002	0.0049051273473104924	0.4610405	0.09887249487937594	0.0013416999999998902	0.0003072893334374658
tw5	rTBR	0.05	50000	10	0.9988879	0.0002602139909979996	0.9627016000000002	0.0049051273473104924	0.46113299999999996	0.0988755336841897	0.0011120999999999492	0.0002602139909979996
tw5	rTBR	0.05	60000	10	0.9990325	0.00022862629624199394	0.9627016000000002	0.0049051273473104924	0.46121429999999997	0.0989012907718319	0.00096750000000001	0.00022862629624199394
tw5	rTBR	0.05	70000	10	0.9991515999999999	0.00020569476847450194	0.9627016000000002	0.0049051273473104924	0.46143460000000003	0.09896615574609333	0.0008484000000000824	0.00020569476847450194
tw5	rTBR	0.05	80000	10	0.9992456000000001	0.0001836220272431663	0.9627016000000002	0.0049051273473104924	0.461522	0.09897026692575682	0.0007543999999999329	0.0001836220272431663
tw5	rTBR	0.05	90000	10	0.9993183	0.00016686089016503463	0.9627016000000002	0.0049051273473104924	0.4615448000000001	0.09896970302469112	0.0006817000000000073	0.00016686089016503463
tw5	rTBR	0.05	100000	10	0.9993839	0.00015491484757763156	0.9627016000000002	0.0049051273473104924	0.4615709	0.09899662302303829	0.0006161000000000083	0.00015491484757763156
tw5	rTBR	0.05	200000	10	0.9996744	8.550246260261321e-05	0.9627016000000002	0.0049051273473104924	0.4619547	0.09906763014381752	0.00032560000000003697	8.550246260261321e-05
tw5	rTBR	0.05	300000	10	0.9997727	6.368656757031347e-05	0.9627016000000002	0.0049051273473104924	0.4620259000000001	0.09910899513570903	0.00022730000000004136	6.368656757031347e-05
tw5	rTBR	0.05	400000	10	0.9998208	5.2447815334228166e-05	0.9627016000000002	0.0049051273473104924	0.4620649	0.09910671880390684	0.000179200000000046	5.2447815334228166e-05
tw5	rTBR	0.05	500000	10	0.9998505	4.3642550592536306e-05	0.9627016000000002	0.0049051273473104924	0.4620401	0.09911123244902947	0.0001495000000000246	4.3642550592536306e-05
tw5	rTBR	0.05	600000	10	0.9998711	3.785130263426602e-05	0.9627016000000002	0.0049051273473104924	0.462024	0.09911097741264024	0.00012889999999998736	3.785130263426602e-05
tw5	rTBR	0.05	700000	10	0.9998863	3.380764213409118e-05	0.9627016000000002	0.0049051273473104924	0.4620438	0.09911894379490621	0.00011369999999999436	3.380764213409118e-05
tw5	rTBR	0.05	800000	10	0.9998961999999999	3.120320496359461e-05	0.9627016000000002	0.0049051273473104924	0.46211730000000006	0.09913748996699819	0.00010380000000009826	3.120320496359461e-05
tw5	rTBR	0.05	900000	10	0.9999051000000001	2.8880385500662338e-05	0.9627016000000002	0.0049051273473104924	0.4621018	0.09913878513173113	9.489999999989784e-05	2.8880385500662338e-05
tw5	rTBR	0.05	1000000	10	0.9999127999999999	2.6958733897080956e-05	0.9627016000000002	0.0049051273473104924	0.4621364	0.09914384966829201	8.7200000000065e-05	2.6958733897080956e-05
tw5	rTBR	0.1	1	10	0.0	0.0	0.0	0.0	0.0	0.0	1.0	0.0
tw5	rTBR	0.1	2	10	0.0	0.0	0.0	0.0	0.0	0.0	1.0	0.0
tw5	rTBR	0.1	3	10	9.000000000000001e-07	8.999999999999999e-07	0.0	0.0	3e-07	2.9999999999999993e-07	0.9999991	8.999999999999999e-07
tw5	rTBR	0.1	4	10	0.00033190000000000004	0.00025813202694228656	0.0003306	0.0002574054821137697	8.290000000000001e-05	6.449986218762194e-05	0.9996681	0.00025813202694228656
tw5	rTBR	0.1	5	10	0.0005064000000000001	0.00033728432450316385	0.0005052	0.0003368119092642394	0.0001676	0.00011485364600220578	0.9994936	0.00033728432450316385
tw5	rTBR	0.1	6	10	0.0027467999999999998	0.0018627202438011635	0.002709	0.0018673245090830414	0.0005974	0.00032346444764284204	0.9972532	0.0018627202438011635
tw5	rTBR	0.1	7	10	0.0059813	0.0024980018639348977	0.0058747999999999995	0.002521253272129205	0.001341	0.0005801836682369548	0.9940187	0.0024980018639348977
tw5	rTBR	0.1	8	10	0.010448099999999998	0.002755185129694353	0.010329599999999998	0.002723079442265482	0.0024533	0.0007686725505701371	0.9895519	0.002755185129694353
tw5	rTBR	0.1	9	10	0.0136158	0.004208883580660738	0.0132456	0.004028720150232439	0.0036631	0.0010244512075578156	0.9863842	0.004208883580660738
tw5	rTBR	0.1	10	10	0.0230706	0.00597182278742801	0.022677299999999997	0.005904543367516992	0.0055133	0.0014564833755773983	0.9769294	0.00597182278742801
tw5	rTBR	0.1	20	10	0.1415082	0.028107433912994136	0.13994009999999998	0.02788901195112512	0.0393572	0.008657138677671995	0.8584918	0.028107433912994136
tw5	rTBR	0.1	30	10	0.2715014	0.04836755095934095	0.26866179999999995	0.048134519810122865	0.079342	0.0164575491917843	0.7284986	0.04836755095934095
tw5	rTBR	0.1	40	10	0.3909659	0.05744461041162463	0.38697190000000004	0.05703979276755444	0.12143849999999998	0.024138329698381738	0.6090341	0.05744461041162463
tw5	rTBR	0.1	50	10	0.4808825999999999	0.0661770688584296	0.4763548	0.06564223194268898	0.157743	0.030560694130060444	0.5191174000000001	0.0661770688584296
tw5	rTBR	0.1	60	10	0.555665	0.0707605560589922	0.5504184999999999	0.07022869515759843	0.18799040000000003	0.03694258551416118	0.44433500000000004	0.0707605560589922
tw5	rTBR	0.1	70	10	0.6147196000000001	0.07262040478561563	0.6089042000000001	0.07207081134486185	0.21547109999999997	0.04300826782464817	0.38528039999999986	0.07262040478561563
tw5	rTBR	0.1	80	10	0.6584218	0.06791250207710899	0.6522492	0.06736999414094609	0.239052	0.04826748882725192	0.34157820000000005	0.06791250207710899
tw5	rTBR	0.1	90	10	0.6898734	0.06556957965842257	0.6831914	0.0649609343681433	0.25883120000000004	0.052568013745749737	0.31012660000000003	0.06556957965842257
tw5	rTBR	0.1	100	10	0.725806	0.06565868893891941	0.7187069	0.06492566652316067	0.274937	0.05598527366588864	0.27419400000000005	0.06565868893891941
tw5	rTBR	0.1	200	10	0.8680506000000001	0.03746675834425319	0.8578522	0.036760124620088604	0.3618764	0.07556395347418561	0.13194939999999988	0.03746675834425319
tw5	rTBR	0.1	300	10	0.9237559	0.02260038673585034	0.9106022000000001	0.021684595285235194	0.3933781	0.08243402574644498	0.07624410000000004	0.02260038673585034
tw5	rTBR	0.1	400	10	0.9433638999999999	0.016675621346711158	0.9283659000000002	0.015927825136778023	0.4114038	0.08679755690376441	0.05663610000000008	0.016675621346711158
tw5	rTBR	0.1	500	10	0.9546775999999999	0.013632935246999777	0.9378860000000001	0.012905430127577212	0.42149650000000005	0.08909609695769194	0.045322400000000096	0.013632935246999777
tw5	rTBR	0.1	600	10	0.9621402000000001	0.010827537331370521	0.9441299000000001	0.010398053060763074	0.4296749	0.09093124748260815	0.03785979999999989	0.010827537331370521
tw5	rTBR	0.1	700	10	0.9673751000000002	0.00943344037448104	0.9481874000000001	0.0092781033804209	0.43505770000000005	0.09207046333724211	0.032624899999999846	0.00943344037448104
tw5	rTBR	0.1	800	10	0.971275	0.008170964172673332	0.9510519000000001	0.008282537196415113	0.43831489999999995	0.09287067971473378	0.028725	0.008170964172673332
tw5	rTBR	0.1	900	10	0.9741645	0.007450448012256269	0.9529879000000001	0.007737216841632681	0.44134419999999996	0.09390056892429707	0.02583550000000001	0.007450448012256269
tw5	rTBR	0.1	1000	10	0.9763726	0.006838963368815485	0.9544622	0.0072397984913639335	0.4437742	0.09440363994980984	0.023627399999999965	0.006838963368815485
tw5	rTBR	0.1	2000	10	0.9864048999999999	0.00399378743230589	0.9598647	0.0057252614749604734	0.4538856	0.09667521645341973	0.013595100000000082	0.00399378743230589
tw5	rTBR	0.1	3000	10	0.9908186000000001	0.0026099754924349605	0.9615683	0.0051942622768889	0.4562848	0.09731393163089352	0.009181399999999895	0.0026099754924349605
tw5	rTBR	0.1	4000	10	0.9926137	0.001987114832279872	0.9620410000000001	0.005069544928075665	0.4575436	0.0978403811005115	0.007386299999999957	0.001987114832279872
tw5	rTBR	0.1	5000	10	0.99367	0.001675139397184609	0.9621787000000002	0.005036388097414428	0.45832930000000005	0.09805027552344427	0.006329999999999947	0.001675139397184609
tw5	rTBR	0.1	6000	10	0.9948454999999999	0.001326776789818095	0.9625138000000002	0.004952703546324749	0.4589978	0.09832846537699831	0.005154500000000062	0.001326776789818095
tw5	rTBR	0.1	7000	10	0.995531	0.0011312347040095484	0.9626051	0.004929412618715896	0.45969059999999995	0.0984763266307864	0.004468999999999945	0.0011312347040095484
tw5	rTBR	0.1	8000	10	0.9961356	0.0009588762775017246	0.9626953	0.0049066184102020075	0.4600369000000001	0.09864124640753594	0.00386439999999999	0.0009588762775017246
tw5	rTBR	0.1	9000	10	0.9965534999999999	0.000856670560950944	0.9627016000000002	0.0049051273473104924	0.46017089999999994	0.09867444107393994	0.00344650000000013	0.000856670560950944
tw5	rTBR	0.1	10000	10	0.9968024999999999	0.0007775689501402594	0.9627016000000002	0.0049051273473104924	0.46040369999999997	0.09872036180467307	0.0031975000000000753	0.0007775689501402594
tw5	rTBR	0.1	20000	10	0.9982542000000001	0.00039634513018608483	0.9627016000000002	0.0049051273473104924	0.4609769	0.0988039130885513	0.0017457999999999085	0.00039634513018608483
tw5	rTBR	0.1	30000	10	0.9987990999999999	0.0002852838527969429	0.9627016000000002	0.0049051273473104924	0.46131120000000003	0.09884610578996017	0.0012009000000000603	0.0002852838527969429
tw5	rTBR	0.1	40000	10	0.9990881	0.00023260378567665723	0.9627016000000002	0.0049051273473104924	0.4614789	0.0989482897496858	0.0009118999999999655	0.00023260378567665723
tw5	rTBR	0.1	50000	10	0.9992379	0.00019377136871409598	0.9627016000000002	0.0049051273473104924	0.4617662	0.09893272945523246	0.0007620999999999878	0.00019377136871409598
tw5	rTBR	0.1	60000	10	0.9993611	0.00017029748154984733	0.9627016000000002	0.0049051273473104924	0.4619432	0.09896565976492384	0.0006388999999999978	0.00017029748154984733
tw5	rTBR	0.1	70000	10	0.9994466000000001	0.00015156818780851268	0.9627016000000002	0.0049051273473104924	0.4618423	0.09895453092473554	0.0005533999999999262	0.00015156818780851268
tw5	rTBR	0.1	80000	10	0.9995028999999999	0.00013669596840352796	0.9627016000000002	0.0049051273473104924	0.4619844000000001	0.09898195113321306	0.0004971000000001391	0.00013669596840352796
tw5	rTBR	0.1	90000	10	0.9995496999999999	0.00012381052279816475	0.9627016000000002	0.0049051273473104924	0.46199250000000003	0.09898465162092891	0.0004503000000001256	0.00012381052279816475
tw5	rTBR	0.1	100000	10	0.9995844999999999	0.0001138965661369072	0.9627016000000002	0.0049051273473104924	0.46202509999999997	0.09900204088350345	0.0004155000000001241	0.0001138965661369072
tw5	rTBR	0.1	200000	10	0.9997809999999999	6.538824223223723e-05	0.9627016000000002	0.0049051273473104924	0.4620855	0.09907218425485417	0.00021900000000008024	6.538824223223723e-05
tw5	rTBR	0.1	300000	10	0.9998452999999999	4.8020609001648086e-05	0.9627016000000002	0.0049051273473104924	0.46196270000000006	0.09904456730303564	0.00015470000000006312	4.8020609001648086e-05
tw5	rTBR	0.1	400000	10	0.9998755000000001	3.9427359367148046e-05	0.9627016000000002	0.0049051273473104924	0.4620191	0.09906485493873304	0.00012449999999986083	3.9427359367148046e-05
tw5	rTBR	0.1	500000	10	0.9998967000000001	3.2600289705598276e-05	0.9627016000000002	0.0049051273473104924	0.46205850000000004	0.09908177352854113	0.00010329999999991735	3.2600289705598276e-05
tw5	rTBR	0.1	600000	10	0.9999108	2.824409476136649e-05	0.9627016000000002	0.0049051273473104924	0.4620428	0.09908256980337156	8.920000000001149e-05	2.824409476136649e-05
tw5	rTBR	0.1	700000	10	0.9999216000000001	2.4865058035548477e-05	0.9627016000000002	0.0049051273473104924	0.46204270000000003	0.09908639145771846	7.839999999992298e-05	2.4865058035548477e-05
tw5	rTBR	0.1	800000	10	0.9999287000000001	2.2778669359247423e-05	0.9627016000000002	0.0049051273473104924	0.4620412	0.09908629140376135	7.129999999988534e-05	2.2778669359247423e-05
tw5	rTBR	0.1	900000	10	0.999935	2.0809719951129946e-05	0.9627016000000002	0.0049051273473104924	0.4620825	0.09909322635122161	6.499999999998174e-05	2.0809719951129946e-05
tw5	rTBR	0.1	1000000	10	0.9999398000000002	1.927566110697693e-05	0.9627016000000002	0.0049051273473104924	0.46209500000000003	0.09909477206145191	6.019999999984371e-05	1.927566110697693e-05
tw5	rTBR	0.2	1	10	0.0	0.0	0.0	0.0	0.0	0.0	1.0	0.0
tw5	rTBR	0.2	2	10	0.0	0.0	0.0	0.0	0.0	0.0	1.0	0.0
tw5	rTBR	0.2	3	10	0.0001353	0.00012450417663676988	0.00012539999999999999	0.00012539999999999999	4.5100000000000005e-05	4.150139221225663e-05	0.9998647	0.00012450417663676988
tw5	rTBR	0.2	4	10	0.0021123000000000005	0.00167678456212412	0.0020848000000000004	0.0016797171772520382	0.0005288000000000001	0.00041907879927288136	0.9978877	0.00167678456212412
tw5	rTBR	0.2	5	10	0.0048503	0.002279839970261071	0.004799700000000001	0.002281752898540944	0.0013664999999999999	0.000706016654666635	0.9951497	0.002279839970261071
tw5	rTBR	0.2	6	10	0.0065387	0.0023741316964781506	0.0063839000000000005	0.0023357139401048235	0.002204	0.000965311498371841	0.9934613	0.0023741316964781506
tw5	rTBR	0.2	7	10	0.011577899999999999	0.0037984017266037913	0.011330499999999999	0.0037687139871137292	0.0034994000000000006	0.0012928714828284798	0.9884221	0.0037984017266037913
tw5	rTBR	0.2	8	10	0.018545700000000002	0.005446283138373667	0.018263500000000002	0.005412618961997766	0.0052548	0.0017819639963939909	0.9814543	0.005446283138373667
tw5	rTBR	0.2	9	10	0.0290486	0.007784288608330101	0.028617399999999998	0.007747128834750473	0.007732500000000001	0.002413542814342987	0.9709514	0.007784288608330101
tw5	rTBR	0.2	10	10	0.044837999999999996	0.00990357150841161	0.04420689999999999	0.009844512536264387	0.0112005	0.003031205738279369	0.955162	0.00990357150841161
tw5	rTBR	0.2	20	10	0.2150346	0.03880378029499474	0.21278849999999996	0.038626459482026906	0.0639395	0.014085856742176212	0.7849654	0.03880378029499474
tw5	rTBR	0.2	30	10	0.40218989999999993	0.06217810411005719	0.39838999999999997	0.06192721513160069	0.1261588	0.026168243704833453	0.5978101	0.06217810411005719
tw5	rTBR	0.2	40	10	0.5342627	0.062278882673565815	0.5296589	0.06207790197225311	0.17663750000000003	0.035959323943790214	0.4657373	0.062278882673565815
tw5	rTBR	0.2	50	10	0.6258573000000001	0.058611778824368285	0.6206456000000001	0.05831975124093418	0.2168424	0.044420548433304556	0.37414269999999994	0.058611778824368285
tw5	rTBR	0.2	60	10	0.6894165999999999	0.05799398423058875	0.6835070999999999	0.05758058023991731	0.2500898	0.05212308001959294	0.31058340000000006	0.05799398423058875
tw5	rTBR	0.2	70	10	0.7376450999999999	0.05640366836246854	0.7311485000000001	0.055886154824736724	0.27532059999999997	0.05835752375128868	0.26235490000000006	0.05640366836246854
tw5	rTBR	0.2	80	10	0.7671872	0.05222548032581627	0.7602637000000001	0.05170062713117383	0.2948263	0.06341419988072247	0.23281280000000004	0.05222548032581627
tw5	rTBR	0.2	90	10	0.7988109999999999	0.047495856022979045	0.7913117	0.04696287466074783	0.3097761	0.06713645426781521	0.20118900000000006	0.047495856022979045
tw5	rTBR	0.2	100	10	0.8212075999999999	0.0431707801641599	0.8132666000000001	0.04264529343607438	0.32179080000000004	0.06989267679104713	0.17879240000000007	0.0431707801641599
tw5	rTBR	0.2	200	10	0.9222072000000001	0.022458251523808943	0.9105687000000001	0.0218773990826911	0.3862122	0.08400062839127387	0.07779279999999988	0.022458251523808943
tw5	rTBR	0.2	300	10	0.9495486000000002	0.015101901516917215	0.9347611	0.014613362205301461	0.4101737	0.0885991578728539	0.05045139999999981	0.015101901516917215
tw5	rTBR	0.2	400	10	0.9622813000000001	0.010357124026002584	0.9452418	0.010260957501130194	0.4230666	0.09128627092250935	0.03771869999999988	0.010357124026002584
tw5	rTBR	0.2	500	10	0.9692408	0.008603453350318762	0.9500557000000001	0.008643346116522229	0.43088059999999995	0.09263808840718692	0.030759199999999987	0.008603453350318762
tw5	rTBR	0.2	600	10	0.9734170000000001	0.007463023280741449	0.9527830000000002	0.007735127006067835	0.4354838	0.09344789016437627	0.026582999999999912	0.007463023280741449
tw5	rTBR	0.2	700	10	0.9773103000000001	0.006389466938381215	0.9552245000000001	0.006920051273493407	0.4391381000000001	0.09413933154006351	0.022689699999999924	0.006389466938381215
tw5	rTBR	0.2	800	10	0.9798549	0.0057651186871274926	0.9567207000000002	0.00652738139098163	0.4417229	0.09468352493314534	0.020145100000000027	0.0057651186871274926
tw5	rTBR	0.2	900	10	0.9814613000000001	0.005268289716259388	0.9574698000000001	0.006297315224760466	0.4441616	0.09506509805078016	0.018538699999999908	0.005268289716259388
tw5	rTBR	0.2	1000	10	0.9835182000000001	0.0047749219255979	0.9585524	0.006025157543721705	0.44614010000000004	0.09540870283999252	0.01648179999999988	0.0047749219255979
tw5	rTBR	0.2	2000	10	0.9907318999999999	0.002611509190955383	0.9614743000000001	0.0052427366688485135	0.45437840000000007	0.09731887399942293	0.009268100000000112	0.002611509190955383
tw5	rTBR	0.2	3000	10	0.99292	0.0018755280026938796	0.9618526000000001	0.005155640439147954	0.45738200000000007	0.09812653476053819	0.007079999999999975	0.0018755280026938796
tw5	rTBR	0.2	4000	10	0.9947307999999999	0.0013103902879168048	0.9623126000000001	0.005012469680041294	0.4582921000000001	0.09840393464484931	0.005269200000000085	0.0013103902879168048
tw5	rTBR	0.2	5000	10	0.9958242	0.0010135316450686474	0.9624803	0.00496450431687013	0.4591256	0.09859849308891308	0.004175799999999952	0.0010135316450686474
tw5	rTBR	0.2	6000	10	0.9965291000000001	0.0008405090977100288	0.9626323000000001	0.0049229863927633686	0.4596931000000001	0.09872569130006975	0.0034708999999999435	0.0008405090977100288
tw5	rTBR	0.2	7000	10	0.9970187000000001	0.0007212027307830213	0.9627016000000002	0.0049051273473104924	0.4599041	0.09877892843758057	0.0029812999999998535	0.0007212027307830213
tw5	rTBR	0.2	8000	10	0.9973746	0.0006348811122302071	0.9627016000000002	0.0049051273473104924	0.46026739999999994	0.09889375835547515	0.0026254	0.0006348811122302071
tw5	rTBR	0.2	9000	10	0.9976187	0.0005619945047180944	0.9627016000000002	0.0049051273473104924	0.4607641	0.09891620608681875	0.0023813000000000306	0.0005619945047180944
tw5	rTBR	0.2	10000	10	0.9978067999999999	0.0005031359833859772	0.9627016000000002	0.0049051273473104924	0.46097920000000003	0.09892314046176341	0.0021932000000001173	0.0005031359833859772
tw5	rTBR	0.2	20000	10	0.9988249	0.0002759505370331573	0.9627016000000002	0.0049051273473104924	0.4613143	0.09895915571431478	0.0011750999999999845	0.0002759505370331573
tw5	rTBR	0.2	30000	10	0.9991893	0.00019644258703244318	0.9627016000000002	0.0049051273473104924	0.46147970000000005	0.09901466644639065	0.000810700000000053	0.00019644258703244318
tw5	rTBR	0.2	40000	10	0.9993501	0.0001613250996521533	0.9627016000000002	0.0049051273473104924	0.4615629	0.09902178723902129	0.000649899999999981	0.0001613250996521533
tw5	rTBR	0.2	50000	10	0.9994661	0.0001358457008684711	0.9627016000000002	0.0049051273473104924	0.4618563	0.09909169395946699	0.0005338999999999761	0.0001358457008684711
tw5	rTBR	0.2	60000	10	0.9995455999999999	0.00011967225613687288	0.9627016000000002	0.0049051273473104924	0.461928	0.09909757285389655	0.00045440000000007696	0.00011967225613687288
tw5	rTBR	0.2	70000	10	0.9996013999999999	0.0001054757686759275	0.9627016000000002	0.0049051273473104924	0.46195920000000007	0.09910713179201584	0.00039860000000013773	0.0001054757686759275
tw5	rTBR	0.2	80000	10	0.9996458999999998	9.361783424588137e-05	0.9627016000000002	0.0049051273473104924	0.4620732	0.09911179406102764	0.0003541000000002459	9.361783424588137e-05
tw5	rTBR	0.2	90000	10	0.9996793	8.474236117654979e-05	0.9627016000000002	0.0049051273473104924	0.46211660000000004	0.09909887435151712	0.0003206999999999516	8.474236117654979e-05
tw5	rTBR	0.2	100000	10	0.9997095	7.823912775019846e-05	0.9627016000000002	0.0049051273473104924	0.4620971	0.09908968009764914	0.00029049999999997134	7.823912775019846e-05
tw5	rTBR	0.2	200000	10	0.9998395999999999	4.8038456816736466e-05	0.9627016000000002	0.0049051273473104924	0.4620482	0.0991254070638468	0.0001604000000000605	4.8038456816736466e-05
tw5	rTBR	0.2	300000	10	0.9998823000000001	3.637674776252052e-05	0.9627016000000002	0.0049051273473104924	0.46209559999999994	0.09914174102781667	0.00011769999999988734	3.637674776252052e-05
tw5	rTBR	0.2	400000	10	0.9999045000000001	3.0195750252863126e-05	0.9627016000000002	0.0049051273473104924	0.4620706	0.09913006933499037	9.54999999999151e-05	3.0195750252863126e-05
tw5	rTBR	0.2	500000	10	0.9999189000000002	2.581750052451509e-05	0.9627016000000002	0.0049051273473104924	0.462099	0.09912596318825861	8.109999999983408e-05	2.581750052451509e-05
tw5	rTBR	0.2	600000	10	0.9999299	2.2290730509942097e-05	0.9627016000000002	0.0049051273473104924	0.4621098	0.09912397878670258	7.009999999996186e-05	2.2290730509942097e-05
tw5	rTBR	0.2	700000	10	0.9999377999999999	1.9778102369371575e-05	0.9627016000000002	0.0049051273473104924	0.4621161	0.09912557907920526	6.220000000012327e-05	1.9778102369371575e-05
tw5	rTBR	0.2	800000	10	0.9999439000000001	1.794835182776868e-05	0.9627016000000002	0.0049051273473104924	0.46212010000000003	0.09912923384725282	5.609999999989235e-05	1.794835182776868e-05
tw5	rTBR	0.2	900000	10	0.9999489	1.6317305060713374e-05	0.9627016000000002	0.0049051273473104924	0.4621481	0.09913777418482378	5.109999999997061e-05	1.6317305060713374e-05
tw5	rTBR	0.2	1000000	10	0.999953	1.500370324656957e-05	0.9627016000000002	0.0049051273473104924	0.4621529000000001	0.09913559892843178	4.700000000001925e-05	1.500370324656957e-05
tw5	rTBR	0.3	1	10	0.0	0.0	0.0	0.0	0.0	0.0	1.0	0.0
tw5	rTBR	0.3	2	10	1.6e-06	1.6e-06	0.0	0.0	8e-07	8e-07	0.9999984	1.6e-06
tw5	rTBR	0.3	3	10	7.520000000000001e-05	7.310567693414787e-05	7.31e-05	7.309999999999999e-05	2.56e-05	2.42909219439874e-05	0.9999248	7.310567693414787e-05
tw5	rTBR	0.3	4	10	0.0009860999999999997	0.0007275372682321274	0.0009797	0.0007265188236454106	0.000247	0.00018219568234913438	0.9990139	0.0007275372682321274
tw5	rTBR	0.3	5	10	0.0027204	0.0011094037557775496	0.0026921000000000002	0.0011065543863724005	0.0006855	0.00032273956648941847	0.9972796	0.0011094037557775496
tw5	rTBR	0.3	6	10	0.0056107	0.0018930324176950704	0.0055339	0.001902523122651134	0.0012851000000000002	0.0004478033410127958	0.9943893	0.0018930324176950704
tw5	rTBR	0.3	7	10	0.0098002	0.002561730703168379	0.0096005	0.002532693363244398	0.0022570999999999993	0.0005979638868694329	0.9901998	0.002561730703168379
tw5	rTBR	0.3	8	10	0.0131832	0.0031978810025807196	0.0129097	0.0031926124240189255	0.0032937	0.0008170403913584144	0.9868168	0.0031978810025807196
tw5	rTBR	0.3	9	10	0.026926099999999998	0.0045693228296008045	0.0265668	0.004565149942286185	0.0054943	0.0009668441222175716	0.9730739	0.0045693228296008045
tw5	rTBR	0.3	10	10	0.035657	0.006375841251683314	0.0349697	0.006343315557953724	0.0079831	0.0013345346542272076	0.964343	0.006375841251683314
tw5	rTBR	0.3	20	10	0.2242804	0.029251198994685104	0.2219363	0.029085815031099492	0.0586546	0.0097740967155254	0.7757196	0.029251198994685104
tw5	rTBR	0.3	30	10	0.4089731	0.046545094905538174	0.40524709999999997	0.046343851360707324	0.1161081	0.02051246170093249	0.5910269	0.046545094905538174
tw5	rTBR	0.3	40	10	0.5278723999999999	0.05499281052044692	0.5229156999999999	0.05475929931295282	0.1608174	0.03014512930224199	0.4721276000000001	0.05499281052044692
tw5	rTBR	0.3	50	10	0.6277293	0.0608822630319373	0.6219368	0.06055438649067648	0.1985292	0.038903312087161815	0.37227069999999995	0.0608822630319373
tw5	rTBR	0.3	60	10	0.6952956	0.05655132106408597	0.6886034	0.056193641587164174	0.2304084	0.04662989080364653	0.3047044	0.05655132106408597
tw5	rTBR	0.3	70	10	0.7372547	0.05145504997742095	0.7300288000000001	0.051167732345644895	0.2565956	0.05230845724295238	0.26274529999999996	0.05145504997742095
tw5	rTBR	0.3	80	10	0.7737033999999999	0.0477241158894187	0.7656004	0.04728181062081085	0.27819849999999996	0.05717532461303176	0.22629660000000007	0.0477241158894187
tw5	rTBR	0.3	90	10	0.8170563	0.045125529999977716	0.8083125000000001	0.04447546772628955	0.2949847	0.061039284978528376	0.18294370000000004	0.045125529999977716
tw5	rTBR	0.3	100	10	0.8349285	0.04044286023576967	0.8258525999999999	0.039825247607293314	0.30929400000000007	0.06448641949726917	0.16507150000000004	0.04044286023576967
tw5	rTBR	0.3	200	10	0.9320975	0.01880064700378982	0.9190061	0.018209533433799628	0.3837561	0.08055923025650823	0.06790249999999998	0.01880064700378982
tw5	rTBR	0.3	300	10	0.9547122	0.012946216503330665	0.9383553000000001	0.012543030270100867	0.40962119999999996	0.08637266785181524	0.04528779999999999	0.012946216503330665
tw5	rTBR	0.3	400	10	0.9669464	0.009362201074533708	0.9483358000000001	0.009230364585071017	0.42384320000000003	0.08964654475113794	0.033053600000000016	0.009362201074533708
tw5	rTBR	0.3	500	10	0.9725711	0.007708842146017931	0.9523761000000001	0.00794312862856947	0.4312408	0.09173994743776803	0.02742889999999998	0.007708842146017931
tw5	rTBR	0.3	600	10	0.9758244000000001	0.006970182024085802	0.9542538	0.007394014511451509	0.43581520000000007	0.09289138316559711	0.024175599999999853	0.006970182024085802
tw5	rTBR	0.3	700	10	0.9786756000000001	0.006131510754926372	0.9559419	0.006776545000465451	0.43932960000000004	0.0938381502078268	0.02132439999999991	0.006131510754926372
tw5	rTBR	0.3	800	10	0.9811207999999999	0.005413803493129594	0.9572170000000002	0.006356173039739483	0.44235520000000006	0.09446908655801996	0.018879200000000096	0.005413803493129594
tw5	rTBR	0.3	900	10	0.9828258	0.004980744890297259	0.9580398999999999	0.006119008106711411	0.4450209	0.0949638200654977	0.01717420000000003	0.004980744890297259
tw5	rTBR	0.3	1000	10	0.9842677999999999	0.0046399790511979224	0.9587919000000001	0.005968950491129533	0.44686529999999997	0.09529859778087561	0.015732200000000085	0.0046399790511979224
tw5	rTBR	0.3	2000	10	0.9914375	0.0024982871965942297	0.9614762000000001	0.005240974609957784	0.4540276	0.09726911211915572	0.008562500000000028	0.0024982871965942297
tw5	rTBR	0.3	3000	10	0.9941571	0.0015784090545018174	0.9623081000000001	0.0050075100387096325	0.456371	0.09788749244379147	0.005842899999999984	0.0015784090545018174
tw5	rTBR	0.3	4000	10	0.9955520999999999	0.0011842408299553514	0.9625176000000002	0.004951787565448793	0.45808780000000004	0.09819955784487469	0.00444790000000006	0.0011842408299553514
tw5	rTBR	0.3	5000	10	0.9966022999999999	0.0009115223657888646	0.9626904000000002	0.004907783403714727	0.45899150000000005	0.0983665846754713	0.003397700000000059	0.0009115223657888646
tw5	rTBR	0.3	6000	10	0.9970369	0.0007644393072340297	0.962696	0.0049064523594503084	0.45925320000000003	0.09844395498362395	0.0029630999999999963	0.0007644393072340297
tw5	rTBR	0.3	7000	10	0.9974852000000001	0.0006272852408062338	0.9627016000000002	0.0049051273473104924	0.4597314	0.0985097011634669	0.002514799999999928	0.0006272852408062338
tw5	rTBR	0.3	8000	10	0.9977596999999999	0.0005758555384044788	0.9627016000000002	0.0049051273473104924	0.46004870000000003	0.09854861427348094	0.002240300000000084	0.0005758555384044788
tw5	rTBR	0.3	9000	10	0.9979872999999999	0.0004955150418167627	0.9627016000000002	0.0049051273473104924	0.46034120000000006	0.0985781452887674	0.0020127000000000894	0.0004955150418167627
tw5	rTBR	0.3	10000	10	0.9982283000000001	0.00043532994000719077	0.9627016000000002	0.0049051273473104924	0.46061199999999997	0.09865372479638058	0.0017716999999999317	0.00043532994000719077
tw5	rTBR	0.3	20000	10	0.9989839	0.000234739829977308	0.9627016000000002	0.0049051273473104924	0.46152429999999994	0.09885417958702268	0.0010160999999999643	0.000234739829977308
tw5	rTBR	0.3	30000	10	0.9992713999999999	0.00017510455289467528	0.9627016000000002	0.0049051273473104924	0.4615967	0.09893108807145057	0.0007286000000000792	0.00017510455289467528
tw5	rTBR	0.3	40000	10	0.9994225	0.00014141894026850385	0.9627016000000002	0.0049051273473104924	0.4618398	0.09897592369817351	0.0005775000000000086	0.00014141894026850385
tw5	rTBR	0.3	50000	10	0.9995231	0.00011914701003382406	0.9627016000000002	0.0049051273473104924	0.4619417	0.09900927551587724	0.0004769000000000023	0.00011914701003382406
tw5	rTBR	0.3	60000	10	0.9995963999999999	0.00010431120106041201	0.9627016000000002	0.0049051273473104924	0.4620349	0.09905921636144378	0.00040360000000005947	0.00010431120106041201
tw5	rTBR	0.3	70000	10	0.9996458	9.213248914229171e-05	0.9627016000000002	0.0049051273473104924	0.4619299	0.09906234936425419	0.0003541999999999712	9.213248914229171e-05
tw5	rTBR	0.3	80000	10	0.9996843	8.37743065888562e-05	0.9627016000000002	0.0049051273473104924	0.46201799999999993	0.09905690860016891	0.00031570000000002985	8.37743065888562e-05
tw5	rTBR	0.3	90000	10	0.9997147999999999	7.76364461949184e-05	0.9627016000000002	0.0049051273473104924	0.46213170000000003	0.09908124697450742	0.0002852000000000965	7.76364461949184e-05
tw5	rTBR	0.3	100000	10	0.9997397000000001	7.12680464475149e-05	0.9627016000000002	0.0049051273473104924	0.46211979999999997	0.09908121541238558	0.00026029999999988007	7.12680464475149e-05
tw5	rTBR	0.3	200000	10	0.9998533999999999	4.3366705098626266e-05	0.9627016000000002	0.0049051273473104924	0.4620818	0.09909199690554676	0.00014660000000010776	4.3366705098626266e-05
tw5	rTBR	0.3	300000	10	0.9998947000000001	3.236803979235825e-05	0.9627016000000002	0.0049051273473104924	0.4621454	0.09911204280714046	0.00010529999999986384	3.236803979235825e-05
tw5	rTBR	0.3	400000	10	0.9999157000000001	2.616912939578123e-05	0.9627016000000002	0.0049051273473104924	0.4621429	0.09912137898920248	8.42999999999261e-05	2.616912939578123e-05
tw5	rTBR	0.3	500000	10	0.9999289999999998	2.249345583843104e-05	0.9627016000000002	0.0049051273473104924	0.4621543	0.09912128650732786	7.100000000015427e-05	2.249345583843104e-05
tw5	rTBR	0.3	600000	10	0.9999376000000002	1.9629456323484778e-05	0.9627016000000002	0.0049051273473104924	0.46214180000000005	0.09911976863895516	6.239999999979595e-05	1.9629456323484778e-05
tw5	rTBR	0.3	700000	10	0.9999443999999998	1.7488535927540193e-05	0.9627016000000002	0.0049051273473104924	0.4621377	0.09912181283025784	5.5600000000155525e-05	1.7488535927540193e-05
tw5	rTBR	0.3	800000	10	0.9999502	1.5766208590953962e-05	0.9627016000000002	0.0049051273473104924	0.4621612	0.09912466312486401	4.979999999998874e-05	1.5766208590953962e-05
tw5	rTBR	0.3	900000	10	0.9999547	1.453581783044977e-05	0.9627016000000002	0.0049051273473104924	0.4621486	0.09912862306218344	4.5300000000025875e-05	1.453581783044977e-05
tw5	rTBR	0.3	1000000	10	0.9999581	1.3449039618740007e-05	0.9627016000000002	0.0049051273473104924	0.46214190000000005	0.09912803943233665	4.190000000003913e-05	1.3449039618740007e-05
tw5	rTBR	0.4	1	10	0.0	0.0	0.0	0.0	0.0	0.0	1.0	0.0
tw5	rTBR	0.4	2	10	1e-07	1e-07	0.0	0.0	0.0	0.0	0.9999999	1e-07
tw5	rTBR	0.4	3	10	3.4e-06	2.2861904265976326e-06	0.0	0.0	1.1e-06	7.666666666666666e-07	0.9999966	2.2861904265976326e-06
tw5	rTBR	0.4	4	10	0.0001862	0.00017224206480673902	0.0001702	0.00017020000000000002	4.74e-05	4.3332358963404395e-05	0.9998138	0.00017224206480673902
tw5	rTBR	0.4	5	10	0.0006883	0.000436485714415591	0.0006387999999999999	0.0004353401683996346	0.00017500000000000003	0.00011960806364492693	0.9993117	0.000436485714415591
tw5	rTBR	0.4	6	10	0.004335500000000001	0.002089572567935047	0.0041934	0.0021052763196840033	0.0008348999999999999	0.0003598075241631898	0.9956645	0.002089572567935047
tw5	rTBR	0.4	7	10	0.012845100000000002	0.0017955703052543253	0.012558	0.0017438030724699263	0.0024466	0.0004435197152075404	0.9871549	0.0017955703052543253
tw5	rTBR	0.4	8	10	0.015530200000000003	0.001722901601627002	0.0150699	0.0016669564444753131	0.0039589	0.0005891983338967165	0.9844698	0.001722901601627002
tw5	rTBR	0.4	9	10	0.025282099999999995	0.00482868532015818	0.0247844	0.004773259820662977	0.006184	0.0010466771230900197	0.9747179	0.00482868532015818
tw5	rTBR	0.4	10	10	0.038787600000000005	0.006917732742259803	0.038072	0.006815871836301566	0.0089531	0.001492879919633339	0.9612124	0.006917732742259803
tw5	rTBR	0.4	20	10	0.24569380000000002	0.031140394102908274	0.2432295	0.03110640955039116	0.06362559999999999	0.010364359282549874	0.7543062	0.031140394102908274
tw5	rTBR	0.4	30	10	0.43446560000000006	0.04525042200937652	0.43026369999999997	0.04496879817608106	0.1251325	0.020660540679302446	0.5655344	0.04525042200937652
tw5	rTBR	0.4	40	10	0.567538	0.051911553656836994	0.5624274	0.051758040470636056	0.17652649999999998	0.03057751731047212	0.432462	0.051911553656836994
tw5	rTBR	0.4	50	10	0.6611764000000001	0.051877809312567455	0.6551071000000002	0.051760683292426585	0.21583999999999998	0.03948192191989757	0.3388235999999999	0.051877809312567455
tw5	rTBR	0.4	60	10	0.7206977999999999	0.04798507827272974	0.7138256999999999	0.047873263794697196	0.2465741	0.04691613373586011	0.27930220000000006	0.04798507827272974
tw5	rTBR	0.4	70	10	0.7707781	0.04614880693328437	0.7633751999999999	0.045950767658634144	0.271485	0.052724557927865914	0.22922189999999998	0.04614880693328437
tw5	rTBR	0.4	80	10	0.8064338	0.04272616416430985	0.7983046	0.042638585589215884	0.29100719999999997	0.05717530177927451	0.19356620000000002	0.04272616416430985
tw5	rTBR	0.4	90	10	0.8268979	0.03795374990474883	0.8181322999999999	0.03769258432225097	0.30736600000000003	0.06079393478245451	0.17310210000000004	0.03795374990474883
tw5	rTBR	0.4	100	10	0.8477751	0.03617876884965361	0.8386127	0.036022947571744686	0.3202999	0.06387336801662942	0.1522249	0.03617876884965361
tw5	rTBR	0.4	200	10	0.9318285	0.01835262736761264	0.9185621000000002	0.018371528366499912	0.3852096	0.0803483299344105	0.06817150000000005	0.01835262736761264
tw5	rTBR	0.4	300	10	0.9571047	0.011317622767711517	0.9408027999999999	0.01141538490498191	0.4089695000000001	0.08640210263571266	0.04289529999999997	0.011317622767711517
tw5	rTBR	0.4	400	10	0.9691472999999998	0.008467214822216077	0.9502106000000001	0.008655684028685684	0.42158860000000004	0.08965732976917044	0.030852700000000177	0.008467214822216077
tw5	rTBR	0.4	500	10	0.9757241000000001	0.006852695118548454	0.9545566000000001	0.007360886500355173	0.42856110000000003	0.09144156642680493	0.024275899999999906	0.006852695118548454
tw5	rTBR	0.4	600	10	0.9788684	0.005972181364366702	0.9563742	0.006820775108772047	0.4340104	0.09229976846235555	0.021131600000000028	0.005972181364366702
tw5	rTBR	0.4	700	10	0.9816906999999999	0.005324666120049216	0.9577837	0.00636525234037635	0.43795909999999993	0.09324916319296263	0.018309300000000084	0.005324666120049216
tw5	rTBR	0.4	800	10	0.9833828	0.004841646656986763	0.9586509000000001	0.006047638447177359	0.4404923	0.09404022420232383	0.0166172	0.004841646656986763
tw5	rTBR	0.4	900	10	0.9846346	0.004458480932634641	0.9593212000000001	0.005857241559338695	0.44307949999999996	0.09462116666678408	0.015365399999999974	0.004458480932634641
tw5	rTBR	0.4	1000	10	0.9859035	0.004095193096112131	0.9598340000000002	0.005706867021404994	0.4452909	0.09514930061767254	0.014096499999999956	0.004095193096112131
tw5	rTBR	0.4	2000	10	0.9925363999999999	0.0020953459549943347	0.9620952	0.005057178571759813	0.4529971	0.09707981474212626	0.007463600000000126	0.0020953459549943347
tw5	rTBR	0.4	3000	10	0.9947022999999999	0.0014086697748033237	0.962508	0.0049540737647583155	0.4553833000000001	0.09768371900919712	0.005297700000000072	0.0014086697748033237
tw5	rTBR	0.4	4000	10	0.9959415	0.001053923033770078	0.9626076000000001	0.004928506887260861	0.4566929	0.09805323890332343	0.004058499999999965	0.001053923033770078
tw5	rTBR	0.4	5000	10	0.9966732	0.000832386779755124	0.9626267000000001	0.00492429784289654	0.45794099999999993	0.09828580725448953	0.003326799999999963	0.000832386779755124
tw5	rTBR	0.4	6000	10	0.9971586	0.0007098566083685069	0.9626323000000001	0.0049229863927633686	0.45873800000000003	0.09843557101373467	0.002841399999999994	0.0007098566083685069
tw5	rTBR	0.4	7000	10	0.9975717999999999	0.0006092010213750866	0.9627016000000002	0.0049051273473104924	0.4593066	0.0984795855588806	0.0024282000000001025	0.0006092010213750866
tw5	rTBR	0.4	8000	10	0.9977886999999999	0.0005362542939480996	0.9627016000000002	0.0049051273473104924	0.45977290000000004	0.09858525220464998	0.002211300000000138	0.0005362542939480996
tw5	rTBR	0.4	9000	10	0.998007	0.00048657563075480624	0.9627016000000002	0.0049051273473104924	0.4600755	0.09869011018719712	0.0019930000000000225	0.00048657563075480624
tw5	rTBR	0.4	10000	10	0.9981530000000001	0.00044311493367346877	0.9627016000000002	0.0049051273473104924	0.4602517	0.09872571810864571	0.001846999999999932	0.00044311493367346877
tw5	rTBR	0.4	20000	10	0.9989716	0.00023723304060681654	0.9627016000000002	0.0049051273473104924	0.4612635	0.09899276245634774	0.0010284000000000404	0.00023723304060681654
tw5	rTBR	0.4	30000	10	0.9992749	0.00017443154977112843	0.9627016000000002	0.0049051273473104924	0.4616891000000001	0.09905064354151252	0.000725100000000034	0.00017443154977112843
tw5	rTBR	0.4	40000	10	0.9994363999999999	0.0001392121642194634	0.9627016000000002	0.0049051273473104924	0.46193989999999996	0.09906656338391319	0.0005636000000001085	0.0001392121642194634
tw5	rTBR	0.4	50000	10	0.999536	0.00011640255820021623	0.9627016000000002	0.0049051273473104924	0.4620985	0.09909010364649046	0.00046400000000001995	0.00011640255820021623
tw5	rTBR	0.4	60000	10	0.9996082999999999	0.00010258644593165451	0.9627016000000002	0.0049051273473104924	0.46213750000000003	0.09912601245230458	0.00039170000000010585	0.00010258644593165451
tw5	rTBR	0.4	70000	10	0.9996568	9.06802440814201e-05	0.9627016000000002	0.0049051273473104924	0.4621370999999999	0.09913679743717209	0.00034319999999998796	9.06802440814201e-05
tw5	rTBR	0.4	80000	10	0.9996914	8.123220488890108e-05	0.9627016000000002	0.0049051273473104924	0.4622238	0.09917107096458232	0.0003085999999999922	8.123220488890108e-05
tw5	rTBR	0.4	90000	10	0.999722	7.482082300773964e-05	0.9627016000000002	0.0049051273473104924	0.46216349999999995	0.09916109302412357	0.00027800000000000047	7.482082300773964e-05
tw5	rTBR	0.4	100000	10	0.9997422	6.887360403909414e-05	0.9627016000000002	0.0049051273473104924	0.46221490000000004	0.09917909266119998	0.0002577999999999747	6.887360403909414e-05
tw5	rTBR	0.4	200000	10	0.9998597	4.122918329964044e-05	0.9627016000000002	0.0049051273473104924	0.46221559999999995	0.09917535695806697	0.0001402999999999821	4.122918329964044e-05
tw5	rTBR	0.4	300000	10	0.9998978	3.147337499115018e-05	0.9627016000000002	0.0049051273473104924	0.4621993000000001	0.09916780844564539	0.00010220000000005225	3.147337499115018e-05
tw5	rTBR	0.4	400000	10	0.9999176999999999	2.607299582156885e-05	0.9627016000000002	0.0049051273473104924	0.4622046	0.09916818100683528	8.230000000009063e-05	2.607299582156885e-05
tw5	rTBR	0.4	500000	10	0.9999298999999999	2.2215835193244418e-05	0.9627016000000002	0.0049051273473104924	0.4622362	0.09916514013242982	7.010000000007288e-05	2.2215835193244418e-05
tw5	rTBR	0.4	600000	10	0.9999388	1.9265859267972597e-05	0.9627016000000002	0.0049051273473104924	0.4622135	0.0991567128205818	6.119999999998349e-05	1.9265859267972597e-05
tw5	rTBR	0.4	700000	10	0.9999459999999999	1.701959654829294e-05	0.9627016000000002	0.0049051273473104924	0.46219769999999993	0.09915229440736888	5.4000000000109516e-05	1.701959654829294e-05
tw5	rTBR	0.4	800000	10	0.9999511000000002	1.5206321784780257e-05	0.9627016000000002	0.0049051273473104924	0.462217	0.09915187059175659	4.889999999979633e-05	1.5206321784780257e-05
tw5	rTBR	0.4	900000	10	0.9999556000000002	1.377534028617433e-05	0.9627016000000002	0.0049051273473104924	0.46221639999999997	0.0991505208995338	4.439999999983346e-05	1.377534028617433e-05
tw5	rTBR	0.4	1000000	10	0.9999587	1.2821033066366527e-05	0.9627016000000002	0.0049051273473104924	0.4622108	0.0991488614707759	4.1300000000021875e-05	1.2821033066366527e-05
tw5	rTBR	0.5	1	10	0.0	0.0	0.0	0.0	0.0	0.0	1.0	0.0
tw5	rTBR	0.5	2	10	0.0	0.0	0.0	0.0	0.0	0.0	1.0	0.0
tw5	rTBR	0.5	3	10	2.9100000000000003e-05	2.8767439155328995e-05	0.0	0.0	9.7e-06	9.589403874416108e-06	0.9999709	2.8767439155328995e-05
tw5	rTBR	0.5	4	10	0.0011088	0.0007111368644642183	0.0010073999999999999	0.0007207971698057644	0.00028429999999999997	0.00017767473715253447	0.9988912	0.0007111368644642183
tw5	rTBR	0.5	5	10	0.006271199999999999	0.002295547907484302	0.0061618	0.002239393905105179	0.0014479	0.0004978903817329897	0.9937288	0.002295547907484302
tw5	rTBR	0.5	6	10	0.009898200000000001	0.003647008164387778	0.0097688	0.003572537168145039	0.0028037	0.000989057329537126	0.9901018	0.003647008164387778
tw5	rTBR	0.5	7	10	0.014535200000000002	0.00350486855293224	0.0143211	0.0034526000040227336	0.0043781	0.001304549862340774	0.9854648	0.00350486855293224
tw5	rTBR	0.5	8	10	0.0218501	0.0027093370958389228	0.021589000000000004	0.0026779646085123014	0.006349499999999999	0.0014215525804165275	0.9781499	0.0027093370958389228
tw5	rTBR	0.5	9	10	0.0301438	0.004099808027483997	0.0296902	0.0039945148886386134	0.008593499999999999	0.0016482040343625205	0.9698562	0.004099808027483997
tw5	rTBR	0.5	10	10	0.0400339	0.004161502897458507	0.039502499999999996	0.004058277259708442	0.0110816	0.0018038783538685626	0.9599661	0.004161502897458507
tw5	rTBR	0.5	20	10	0.2218849	0.02658225732888177	0.2195433	0.026499126662778906	0.05628120000000001	0.007485521115682816	0.7781151	0.02658225732888177
tw5	rTBR	0.5	30	10	0.43086349999999995	0.047278190014999985	0.42594660000000006	0.047045468993824356	0.1142957	0.017594887033232757	0.5691365	0.047278190014999985
tw5	rTBR	0.5	40	10	0.5740354999999999	0.054386596717338774	0.5681219	0.05395203589927507	0.1653421	0.02826539488194393	0.4259645000000001	0.054386596717338774
tw5	rTBR	0.5	50	10	0.6713563	0.05373719389461806	0.664408	0.05320263734669969	0.2060391	0.03769474029753871	0.3286437	0.05373719389461806
tw5	rTBR	0.5	60	10	0.7348657000000001	0.052584164966704136	0.7267253	0.052017165364703306	0.2373652	0.04529589754021144	0.26513429999999993	0.052584164966704136
tw5	rTBR	0.5	70	10	0.7894588	0.045593524349845996	0.780747	0.04491335862524645	0.2642693	0.0522661262497678	0.21054119999999998	0.045593524349845996
tw5	rTBR	0.5	80	10	0.8173562999999999	0.04120708647147694	0.8078777	0.04059493276699281	0.2848829	0.057659101527175315	0.18264370000000008	0.04120708647147694
tw5	rTBR	0.5	90	10	0.8408109000000001	0.037313592022642665	0.8310922	0.03682217489738124	0.30189600000000005	0.06212210254651721	0.15918909999999986	0.037313592022642665
tw5	rTBR	0.5	100	10	0.8635256	0.03304326571606115	0.8533127	0.032611459287274394	0.31580430000000004	0.06562958122880092	0.1364744	0.03304326571606115
tw5	rTBR	0.5	200	10	0.9396123	0.015825333572085543	0.9258805999999999	0.015532319408396299	0.3832301	0.08168593179658702	0.060387700000000044	0.015825333572085543
tw5	rTBR	0.5	300	10	0.9610774999999998	0.011010387716707449	0.9444797000000001	0.010821812036653874	0.41092960000000006	0.08756649721607765	0.03892250000000019	0.011010387716707449
tw5	rTBR	0.5	400	10	0.9695446999999999	0.00844715026641135	0.9504210000000001	0.008658138719660754	0.4238614	0.09070661829610646	0.030455300000000074	0.00844715026641135
tw5	rTBR	0.5	500	10	0.9743663999999999	0.0069047688370671365	0.9537506	0.0074697783831472065	0.4331195	0.0927504915552413	0.025633600000000145	0.0069047688370671365
tw5	rTBR	0.5	600	10	0.9785748999999999	0.005864911226854922	0.9562570000000001	0.006680036841215766	0.4381054	0.09386029886203809	0.021425100000000086	0.005864911226854922
tw5	rTBR	0.5	700	10	0.9809911999999998	0.0053017543067261155	0.9574182	0.006284179263657083	0.44233469999999997	0.09472552417825701	0.01900880000000016	0.0053017543067261155
tw5	rTBR	0.5	800	10	0.9829574000000001	0.004890210795729226	0.9582662000000001	0.006096422610023024	0.4447083	0.0950220278215121	0.017042599999999908	0.004890210795729226
tw5	rTBR	0.5	900	10	0.9844394000000001	0.004555504904813278	0.9589837000000001	0.005925631921388445	0.4462132	0.09539532395840421	0.015560599999999924	0.004555504904813278
tw5	rTBR	0.5	1000	10	0.9857988000000001	0.004067713648831349	0.9596527000000001	0.005714025732159218	0.4477326	0.09579789876844319	0.014201199999999914	0.004067713648831349
tw5	rTBR	0.5	2000	10	0.9924232	0.0021325679710412783	0.9620096	0.005080677133786176	0.4537286	0.09723349374666233	0.00757680000000005	0.0021325679710412783
tw5	rTBR	0.5	3000	10	0.9945864	0.0014320919756309887	0.9623761000000002	0.004992450359069955	0.45676510000000003	0.09774389395688327	0.005413600000000018	0.0014320919756309887
tw5	rTBR	0.5	4000	10	0.9959499	0.0010593093709268043	0.9626209000000001	0.004925387308967011	0.4581518	0.09809077875290373	0.004050099999999945	0.0010593093709268043
tw5	rTBR	0.5	5000	10	0.9967854	0.0008370838959679514	0.9627016000000002	0.0049051273473104924	0.45893670000000003	0.09817135675169096	0.0032145999999999564	0.0008370838959679514
tw5	rTBR	0.5	6000	10	0.9972418999999999	0.0007073587562192192	0.9627016000000002	0.0049051273473104924	0.4592762	0.0983284866848305	0.0027581000000000966	0.0007073587562192192
tw5	rTBR	0.5	7000	10	0.9975819999999999	0.0006129849916596651	0.9627016000000002	0.0049051273473104924	0.4596945	0.09844753876605775	0.0024180000000001423	0.0006129849916596651
tw5	rTBR	0.5	8000	10	0.9978106999999999	0.0005343579127222584	0.9627016000000002	0.0049051273473104924	0.4600700000000001	0.09847976303891068	0.0021893000000000606	0.0005343579127222584
tw5	rTBR	0.5	9000	10	0.9980306999999999	0.0004764518875092384	0.9627016000000002	0.0049051273473104924	0.46015569999999995	0.09851567241386856	0.0019693000000000627	0.0004764518875092384
tw5	rTBR	0.5	10000	10	0.9982181999999999	0.0004293552478879121	0.9627016000000002	0.0049051273473104924	0.4600982	0.09853562052981427	0.0017818000000000556	0.0004293552478879121
tw5	rTBR	0.5	20000	10	0.9990544	0.0002307238946350305	0.9627016000000002	0.0049051273473104924	0.46123529999999996	0.09882665967867958	0.0009455999999999909	0.0002307238946350305
tw5	rTBR	0.5	30000	10	0.9993214	0.0001718348173230489	0.9627016000000002	0.0049051273473104924	0.4615947	0.09894067300997997	0.0006785999999999737	0.0001718348173230489
tw5	rTBR	0.5	40000	10	0.9994725000000001	0.00013504207163366296	0.9627016000000002	0.0049051273473104924	0.4616811	0.09894746061762609	0.000527499999999903	0.00013504207163366296
tw5	rTBR	0.5	50000	10	0.9995545	0.00011426287916710249	0.9627016000000002	0.0049051273473104924	0.46181210000000006	0.09897038593880832	0.00044549999999998757	0.00011426287916710249
tw5	rTBR	0.5	60000	10	0.9996187000000001	9.849309620476007e-05	0.9627016000000002	0.0049051273473104924	0.46181849999999997	0.09898872151875014	0.0003812999999999178	9.849309620476007e-05
tw5	rTBR	0.5	70000	10	0.9996624000000001	8.858745835488e-05	0.9627016000000002	0.0049051273473104924	0.4619382999999999	0.09900406109538581	0.00033759999999993795	8.858745835488e-05
tw5	rTBR	0.5	80000	10	0.9997043999999999	8.059214188327082e-05	0.9627016000000002	0.0049051273473104924	0.4619605	0.09901974190099107	0.0002956000000000625	8.059214188327082e-05
tw5	rTBR	0.5	90000	10	0.9997326000000001	7.320294468879909e-05	0.9627016000000002	0.0049051273473104924	0.4619848999999999	0.09902658663807298	0.0002673999999999177	7.320294468879909e-05
tw5	rTBR	0.5	100000	10	0.9997551999999998	6.636160201669593e-05	0.9627016000000002	0.0049051273473104924	0.4620077	0.09903886331728008	0.000244800000000156	6.636160201669593e-05
tw5	rTBR	0.5	200000	10	0.9998606000000001	4.085100297966575e-05	0.9627016000000002	0.0049051273473104924	0.4620832	0.09907081659609844	0.00013939999999990071	4.085100297966575e-05
tw5	rTBR	0.5	300000	10	0.9998977000000002	3.07437617881859e-05	0.9627016000000002	0.0049051273473104924	0.4621988	0.09909799513072345	0.00010229999999977757	3.07437617881859e-05
tw5	rTBR	0.5	400000	10	0.9999185999999998	2.5205025953834073e-05	0.9627016000000002	0.0049051273473104924	0.46221959999999995	0.0991290239943434	8.140000000023129e-05	2.5205025953834073e-05
tw5	rTBR	0.5	500000	10	0.9999311000000001	2.166433320768138e-05	0.9627016000000002	0.0049051273473104924	0.46222620000000003	0.09912596967168144	6.889999999992735e-05	2.166433320768138e-05
tw5	rTBR	0.5	600000	10	0.9999394	1.920717458543889e-05	0.9627016000000002	0.0049051273473104924	0.46218539999999997	0.09912348253289373	6.0599999999966236e-05	1.920717458543889e-05
tw5	rTBR	0.5	700000	10	0.9999461000000001	1.7064225085769198e-05	0.9627016000000002	0.0049051273473104924	0.46218770000000003	0.0991207082652314	5.389999999994011e-05	1.7064225085769198e-05
tw5	rTBR	0.5	800000	10	0.999951	1.5360844884169756e-05	0.9627016000000002	0.0049051273473104924	0.4621766	0.09912816559251852	4.899999999996574e-05	1.5360844884169756e-05
tw5	rTBR	0.5	900000	10	0.9999549999999999	1.4041209191360277e-05	0.9627016000000002	0.0049051273473104924	0.46217549999999996	0.09912532795700266	4.500000000007276e-05	1.4041209191360277e-05
tw5	rTBR	0.5	1000000	10	0.9999587	1.2950375369935625e-05	0.9627016000000002	0.0049051273473104924	0.4621586	0.0991188186858132	4.1300000000021875e-05	1.2950375369935625e-05
