section	statistic	value
summary	numTrees	2027025
summary	numEdges	14189175
summary	meanDegree	14.0000000000
local	numLocalPeaks	280
local	posteriorMassOfLocalPeaks	0.3952602916
local	meanUphillFraction	0.4739380197
local	posteriorWeightedMeanUphillFraction	0.0586346625
local	meanBestNeighborLnLDifference	100.7370756671
local	posteriorWeightedMeanBestNeighborLnLDifference	0.5566219664
local	meanNeighborAbsLnLDifference	30.9337035147
local	posteriorWeightedMeanNeighborAbsLnLDifference	27.7766495455
basin	numPeaks	280
basin	numPeaksMassGreater01	2
basin	numPeaksMassGreater05	2
basin	largestBasinSize	1864922
basin	largestBasinMass	0.9233559875
basin	basinMassEntropy	0.2704953750
basin	effectiveNumBasins	1.3106135351
basin	mapTreeHash	15221016086609522805
basin	mapPeakHash	15221016086609522805
basin	mapPeakId	0
basin	mapBasinMass	0.9233559875
basin	posteriorMassOutsideMapBasin	0.0766440125
ascent	meanAscentLength	11.4695862163
ascent	posteriorWeightedMeanAscentLength	0.7736463438
ascent	meanAscentLengthCredible95	1.2727272727
ascent	posteriorWeightedMeanAscentLengthCredible95	0.7292489374
ascent	maxAscentLength	24
credible95	credible95NumTrees	11
credible95	credible95Mass	0.9583764695
credible95	credible95NumComponents	1
credible95	credible95LargestComponentSize	11
credible95	credible95LargestComponentMass	0.9583764695
credible95	credible95MapComponentSize	11
credible95	credible95MapComponentMass	0.9583764695
barrier	basinGraphEdges	716
barrier	meanBasinGraphDegree	5.1142857143
barrier	mapBasinGraphDegree	279
barrier	basinGraphConnected	1
barrier	minBarrierFromMap	2.0106015235
barrier	meanBarrier	236.8681294347
barrier	posteriorWeightedMeanBarrier	1.2002058003
barrier	maxBarrier	795.6007475771

# peaks
peakId	peakHash	peakTreeProbability	basinNumTrees	basinPosteriorMass
0	15221016086609522805	0.3300044977	1864922	0.9233559875
1	12753113776263123193	0.0652557939	148844	0.0766440125
2	7101475595162272052	0.0000000000	12	0.0000000000
3	5828938690902841381	0.0000000000	120	0.0000000000
4	16252147683104877425	0.0000000000	1457	0.0000000000
5	15543560221096443638	0.0000000000	51	0.0000000000
6	10862080137942277206	0.0000000000	12	0.0000000000
7	15699230950987117142	0.0000000000	18	0.0000000000
8	16646222739238109315	0.0000000000	7	0.0000000000
9	3044221405707721194	0.0000000000	13	0.0000000000
10	12010305432730898257	0.0000000000	21	0.0000000000
11	10410599090111211089	0.0000000000	17	0.0000000000
12	17136526695946439488	0.0000000000	8	0.0000000000
13	14661916232383819031	0.0000000000	29	0.0000000000
14	1746333094194947617	0.0000000000	40	0.0000000000
15	5172449686421620988	0.0000000000	87	0.0000000000
16	3837908184210832560	0.0000000000	39	0.0000000000
17	10071895424287447115	0.0000000000	150	0.0000000000
18	16968536160765131680	0.0000000000	34	0.0000000000
19	14116037184663398353	0.0000000000	21	0.0000000000
20	11729065295256696443	0.0000000000	243	0.0000000000
21	3527693131440776075	0.0000000000	36	0.0000000000
22	15082312819644150228	0.0000000000	45	0.0000000000
23	6630773948500988778	0.0000000000	3295	0.0000000000
24	210871534256336854	0.0000000000	2458	0.0000000000
25	7967647552110568238	0.0000000000	557	0.0000000000
26	1239271681634573515	0.0000000000	615	0.0000000000
27	13658156977738331735	0.0000000000	315	0.0000000000
28	14981057266702632933	0.0000000000	580	0.0000000000
29	305834870244177770	0.0000000000	42	0.0000000000
30	2278029858546778398	0.0000000000	26	0.0000000000
31	17835614444364296807	0.0000000000	23	0.0000000000
32	17313221683668627284	0.0000000000	42	0.0000000000
33	708077508133600748	0.0000000000	19	0.0000000000
34	4118759821342251435	0.0000000000	35	0.0000000000
35	5658102093965673926	0.0000000000	20	0.0000000000
36	17732911286062199044	0.0000000000	5	0.0000000000
37	14594273372401008368	0.0000000000	13	0.0000000000
38	15959628352533747960	0.0000000000	21	0.0000000000
39	2817404472362716850	0.0000000000	10	0.0000000000
40	10212632195046991734	0.0000000000	16	0.0000000000
41	16500513421321807589	0.0000000000	5	0.0000000000
42	6152359985186090799	0.0000000000	34	0.0000000000
43	17630145177793557420	0.0000000000	225	0.0000000000
44	15835671149272531207	0.0000000000	58	0.0000000000
45	11410394594431341826	0.0000000000	13	0.0000000000
46	9372298608938099439	0.0000000000	20	0.0000000000
47	11077722086142534968	0.0000000000	10	0.0000000000
48	12512312586594305063	0.0000000000	51	0.0000000000
49	4232014297461519051	0.0000000000	21	0.0000000000
50	1771766641486952596	0.0000000000	13	0.0000000000
51	8566040098293300612	0.0000000000	9	0.0000000000
52	664481132933813367	0.0000000000	12	0.0000000000
53	2705253413930916220	0.0000000000	14	0.0000000000
54	2864705884638607576	0.0000000000	136	0.0000000000
55	10325476096683265014	0.0000000000	23	0.0000000000
56	1614876650002247621	0.0000000000	9	0.0000000000
57	9273028995056221233	0.0000000000	12	0.0000000000
58	18252216294205614631	0.0000000000	16	0.0000000000
59	7478452869652688431	0.0000000000	13	0.0000000000
60	10560328593161980847	0.0000000000	15	0.0000000000
61	17105417593848424030	0.0000000000	9	0.0000000000
62	2028772486729210858	0.0000000000	9	0.0000000000
63	3547315560768958829	0.0000000000	37	0.0000000000
64	17272363469274922993	0.0000000000	7	0.0000000000
65	6498101273036787806	0.0000000000	14	0.0000000000
66	12655565595841412139	0.0000000000	23	0.0000000000
67	14796411329028507834	0.0000000000	9	0.0000000000
68	11809034166546390600	0.0000000000	8	0.0000000000
69	11585361907028998636	0.0000000000	25	0.0000000000
70	16803996333145386595	0.0000000000	9	0.0000000000
71	5879536763131588660	0.0000000000	16	0.0000000000
72	10423136753760657155	0.0000000000	13	0.0000000000
73	13813404996492676593	0.0000000000	9	0.0000000000
74	5715870996114186474	0.0000000000	9	0.0000000000
75	14945491480311489971	0.0000000000	7	0.0000000000
76	4114976289476013995	0.0000000000	3	0.0000000000
77	7030368669419776724	0.0000000000	14	0.0000000000
78	5723884008305783145	0.0000000000	8	0.0000000000
79	8546715155521256688	0.0000000000	6	0.0000000000
80	7831107507095343043	0.0000000000	13	0.0000000000
81	4304184441709736033	0.0000000000	31	0.0000000000
82	11143971967409006767	0.0000000000	13	0.0000000000
83	8699727242857321070	0.0000000000	18	0.0000000000
84	2180483017528120052	0.0000000000	46	0.0000000000
85	17111254375624499151	0.0000000000	14	0.0000000000
86	8422469961441339776	0.0000000000	13	0.0000000000
87	557406315414297787	0.0000000000	7	0.0000000000
88	16984824116007127196	0.0000000000	37	0.0000000000
89	4732951620417420592	0.0000000000	6	0.0000000000
90	1913391233474358558	0.0000000000	13	0.0000000000
91	1102943590954354427	0.0000000000	15	0.0000000000
92	9796942414009732110	0.0000000000	29	0.0000000000
93	89952029784146691	0.0000000000	15	0.0000000000
94	14966576693656104237	0.0000000000	4	0.0000000000
95	17553819631183574536	0.0000000000	21	0.0000000000
96	1196242235819385383	0.0000000000	6	0.0000000000
97	4004522167842681718	0.0000000000	8	0.0000000000
98	5429774317055184433	0.0000000000	7	0.0000000000
99	14569575916504212203	0.0000000000	3	0.0000000000
100	2368636551627783881	0.0000000000	15	0.0000000000
101	9056861463825976720	0.0000000000	3	0.0000000000
102	10208826479123151425	0.0000000000	3	0.0000000000
103	16843011757629352269	0.0000000000	5	0.0000000000
104	10648092069212644821	0.0000000000	81	0.0000000000
105	13662767098567528716	0.0000000000	29	0.0000000000
106	14885075719774775936	0.0000000000	90	0.0000000000
107	6125164218170224445	0.0000000000	3	0.0000000000
108	17905867889945629384	0.0000000000	12	0.0000000000
109	13114736740414832655	0.0000000000	13	0.0000000000
110	15458311677890411195	0.0000000000	4	0.0000000000
111	15865353190251197041	0.0000000000	4	0.0000000000
112	16867167516496231944	0.0000000000	19	0.0000000000
113	15593933040557681122	0.0000000000	13	0.0000000000
114	9772377511357369067	0.0000000000	17	0.0000000000
115	13890523822809070059	0.0000000000	25	0.0000000000
116	14741304940271439963	0.0000000000	7	0.0000000000
117	18128442164196861380	0.0000000000	5	0.0000000000
118	3045221782057591139	0.0000000000	10	0.0000000000
119	9718556274559440531	0.0000000000	6	0.0000000000
120	7140592579498856083	0.0000000000	11	0.0000000000
121	1532528028839467530	0.0000000000	49	0.0000000000
122	8217744443979320666	0.0000000000	9	0.0000000000
123	1293838347410272114	0.0000000000	3	0.0000000000
124	2828568407993881191	0.0000000000	5	0.0000000000
125	2096466998785471655	0.0000000000	2	0.0000000000
126	11736769587674986510	0.0000000000	1	0.0000000000
127	18335847304438629740	0.0000000000	2	0.0000000000
128	15299624881098287340	0.0000000000	2	0.0000000000
129	843871688574068208	0.0000000000	27	0.0000000000
130	3774862949860648472	0.0000000000	34	0.0000000000
131	4843025929106766022	0.0000000000	9	0.0000000000
132	11900507596997881747	0.0000000000	3	0.0000000000
133	13240020165430802938	0.0000000000	18	0.0000000000
134	3885445131833935639	0.0000000000	6	0.0000000000
135	6501063417948473157	0.0000000000	4	0.0000000000
136	4127441697612473016	0.0000000000	2	0.0000000000
137	8572479704234842661	0.0000000000	12	0.0000000000
138	11138027275689725995	0.0000000000	35	0.0000000000
139	9673084771884511337	0.0000000000	1	0.0000000000
140	16147180964666304992	0.0000000000	31	0.0000000000
141	8184212628098466647	0.0000000000	10	0.0000000000
142	1175715327049537519	0.0000000000	37	0.0000000000
143	2760798961681686897	0.0000000000	3	0.0000000000
144	3691398893405545589	0.0000000000	4	0.0000000000
145	9644021560959724837	0.0000000000	13	0.0000000000
146	6550155639339330390	0.0000000000	8	0.0000000000
147	10448748104294233481	0.0000000000	7	0.0000000000
148	6123593487501246466	0.0000000000	3	0.0000000000
149	4869418722311138739	0.0000000000	8	0.0000000000
150	5473114197301976295	0.0000000000	32	0.0000000000
151	7443028551863111232	0.0000000000	14	0.0000000000
152	15103314686429878655	0.0000000000	9	0.0000000000
153	13219041117034737025	0.0000000000	12	0.0000000000
154	2113235534335953540	0.0000000000	6	0.0000000000
155	1175476278868740861	0.0000000000	7	0.0000000000
156	4298503306759921955	0.0000000000	6	0.0000000000
157	4060372276369201183	0.0000000000	31	0.0000000000
158	7829537813435256528	0.0000000000	6	0.0000000000
159	9057405971203966034	0.0000000000	4	0.0000000000
160	9429347533028529612	0.0000000000	11	0.0000000000
161	15409600207745920212	0.0000000000	13	0.0000000000
162	7906027634024779515	0.0000000000	34	0.0000000000
163	8427962877730165568	0.0000000000	2	0.0000000000
164	2039940966822895999	0.0000000000	18	0.0000000000
165	13462055826191661725	0.0000000000	7	0.0000000000
166	14195427883728256467	0.0000000000	7	0.0000000000
167	3994205113134262466	0.0000000000	17	0.0000000000
168	6560037867822544406	0.0000000000	3	0.0000000000
169	13034858038476675034	0.0000000000	12	0.0000000000
170	4280365925817420695	0.0000000000	3	0.0000000000
171	12293498998766718908	0.0000000000	3	0.0000000000
172	14146380416736157120	0.0000000000	5	0.0000000000
173	10065930550137875708	0.0000000000	7	0.0000000000
174	8805611226525445596	0.0000000000	1	0.0000000000
175	10366695729250769626	0.0000000000	2	0.0000000000
176	1393665182747235182	0.0000000000	2	0.0000000000
177	10845768694574196416	0.0000000000	2	0.0000000000
178	7831179653251874954	0.0000000000	3	0.0000000000
179	10188012188614629676	0.0000000000	3	0.0000000000
180	15340729846944557701	0.0000000000	5	0.0000000000
181	4474893942070555813	0.0000000000	10	0.0000000000
182	4547174512071426890	0.0000000000	5	0.0000000000
183	11688339149006408260	0.0000000000	5	0.0000000000
184	9320668776790261853	0.0000000000	2	0.0000000000
185	13676778451789343109	0.0000000000	2	0.0000000000
186	10759831731994767082	0.0000000000	3	0.0000000000
187	13130127377521294155	0.0000000000	4	0.0000000000
188	10291453303331884426	0.0000000000	6	0.0000000000
189	3751112252397835480	0.0000000000	12	0.0000000000
190	16995391545415583687	0.0000000000	2	0.0000000000
191	91322536462823321	0.0000000000	4	0.0000000000
192	4354706759366429111	0.0000000000	2	0.0000000000
193	13641857772687375611	0.0000000000	4	0.0000000000
194	6375723011747303552	0.0000000000	3	0.0000000000
195	1368076328845123205	0.0000000000	4	0.0000000000
196	17187274373209183406	0.0000000000	4	0.0000000000
197	5812912049439683778	0.0000000000	3	0.0000000000
198	8173136239798350589	0.0000000000	3	0.0000000000
199	14344728840807513986	0.0000000000	3	0.0000000000
200	7976639909079694039	0.0000000000	2	0.0000000000
201	18371674330327410423	0.0000000000	5	0.0000000000
202	9367891856191450711	0.0000000000	1	0.0000000000
203	2550896434966769300	0.0000000000	3	0.0000000000
204	332077529284085442	0.0000000000	8	0.0000000000
205	3913147988987290205	0.0000000000	2	0.0000000000
206	15570564518856557755	0.0000000000	17	0.0000000000
207	14161097397908386750	0.0000000000	7	0.0000000000
208	3066418924290866927	0.0000000000	4	0.0000000000
209	11756278747900829216	0.0000000000	4	0.0000000000
210	18063216169346990274	0.0000000000	4	0.0000000000
211	8520636245244568513	0.0000000000	4	0.0000000000
212	5575402808279569495	0.0000000000	8	0.0000000000
213	1769829683180128768	0.0000000000	2	0.0000000000
214	2147049734007042371	0.0000000000	8	0.0000000000
215	14671475947223475433	0.0000000000	7	0.0000000000
216	7855533398751997867	0.0000000000	3	0.0000000000
217	8416133364986290928	0.0000000000	5	0.0000000000
218	13225181314138185371	0.0000000000	6	0.0000000000
219	16677953902603281723	0.0000000000	7	0.0000000000
220	339315167013275500	0.0000000000	1	0.0000000000
221	14487464661556865152	0.0000000000	1	0.0000000000
222	1454943681584207717	0.0000000000	3	0.0000000000
223	1577933722602047695	0.0000000000	2	0.0000000000
224	16305543228463479985	0.0000000000	4	0.0000000000
225	8543006233821805286	0.0000000000	5	0.0000000000
226	14966095627744374007	0.0000000000	2	0.0000000000
227	2967632487785491629	0.0000000000	4	0.0000000000
228	17810582508830684354	0.0000000000	2	0.0000000000
229	276075007113942644	0.0000000000	3	0.0000000000
230	2681962242798742062	0.0000000000	1	0.0000000000
231	8865006247373495527	0.0000000000	4	0.0000000000
232	16811189129495025739	0.0000000000	8	0.0000000000
233	5968833872771550912	0.0000000000	4	0.0000000000
234	8354792318260452016	0.0000000000	5	0.0000000000
235	16889195450473229822	0.0000000000	3	0.0000000000
236	3539736657177170207	0.0000000000	4	0.0000000000
237	15208334053906501286	0.0000000000	10	0.0000000000
238	15528924478213524472	0.0000000000	3	0.0000000000
239	9635729155376028116	0.0000000000	8	0.0000000000
240	14484576746029815489	0.0000000000	3	0.0000000000
241	7092069914974196231	0.0000000000	3	0.0000000000
242	10613761703278011895	0.0000000000	5	0.0000000000
243	10612257568968467463	0.0000000000	2	0.0000000000
244	6888346760554175873	0.0000000000	3	0.0000000000
245	13742605127623318797	0.0000000000	4	0.0000000000
246	8409198093573859160	0.0000000000	9	0.0000000000
247	3876609355248643362	0.0000000000	2	0.0000000000
248	265518495563092191	0.0000000000	4	0.0000000000
249	12856561312224696800	0.0000000000	2	0.0000000000
250	7680411003577536631	0.0000000000	12	0.0000000000
251	2183924662615308082	0.0000000000	10	0.0000000000
252	15648273210995357689	0.0000000000	2	0.0000000000
253	8269229310485268852	0.0000000000	8	0.0000000000
254	5622008059262025067	0.0000000000	11	0.0000000000
255	499058146448118868	0.0000000000	3	0.0000000000
256	3080397209565477173	0.0000000000	1	0.0000000000
257	760165236290042596	0.0000000000	1	0.0000000000
258	4897407084056646699	0.0000000000	1	0.0000000000
259	4440597929752550193	0.0000000000	5	0.0000000000
260	13059888904303204342	0.0000000000	2	0.0000000000
261	5112073433673893925	0.0000000000	2	0.0000000000
262	3921060156707508196	0.0000000000	5	0.0000000000
263	11280343051271942673	0.0000000000	2	0.0000000000
264	13569224639423091471	0.0000000000	5	0.0000000000
265	17418903967092094376	0.0000000000	5	0.0000000000
266	17655491391806051166	0.0000000000	7	0.0000000000
267	9708521219130937246	0.0000000000	4	0.0000000000
268	2389722988731473702	0.0000000000	3	0.0000000000
269	14265079532518532404	0.0000000000	5	0.0000000000
270	16532345543369673034	0.0000000000	1	0.0000000000
271	2267570377842851033	0.0000000000	3	0.0000000000
272	16942265397203069476	0.0000000000	4	0.0000000000
273	8437221467039278081	0.0000000000	4	0.0000000000
274	1510465307834887730	0.0000000000	5	0.0000000000
275	10627730864276864834	0.0000000000	6	0.0000000000
276	3223144128740513888	0.0000000000	2	0.0000000000
277	14370973643452060459	0.0000000000	6	0.0000000000
278	9013018943794570303	0.0000000000	5	0.0000000000
279	9438531969878130490	0.0000000000	2	0.0000000000

# saddles
peakId1	peakId2	peakHash1	peakHash2	saddleTree1	saddleTree2	saddleLnL	saddleProbability	barrierFromPeak1	barrierFromPeak2
1	0	12753113776263123193	15221016086609522805	12753113776263123193	18030223460971013104	-5103.9897460938	0.0441955060	0.3898100771	2.0106015235
2	0	7101475595162272052	15221016086609522805	7101475595162272052	10569542545150454863	-5384.3823242188	0.0000000000	0.5507705761	282.4031796485
3	0	5828938690902841381	15221016086609522805	5828938690902841381	8380703099261414839	-5413.2846679688	0.0000000000	-0.0000621602	311.3055233985
0	4	15221016086609522805	16252147683104877425	1215342549031279560	5799453882550553347	-5414.9799804688	0.0000000000	313.0008358985	0.7554086254
0	5	15221016086609522805	15543560221096443638	15543560221096443638	17532765074232689072	-5416.4721679688	0.0000000000	314.4930233985	0.0000125119
5	4	15543560221096443638	16252147683104877425	6326438616970730492	15543560221096443638	-5417.1870117188	0.0000000000	0.7148562619	2.9624398754
1	4	12753113776263123193	16252147683104877425	1843850511591329896	8847830154525567836	-5420.0117187500	0.0000000000	316.4117827334	5.7871469067
3	1	5828938690902841381	12753113776263123193	13385548394391111268	14107397978403710390	-5424.1069335938	0.0000000000	10.8222034648	320.5069975771
6	0	10862080137942277206	15221016086609522805	10359035293141396588	10862080137942277206	-5461.0361328125	0.0000000000	0.3454328400	359.0569882423
0	7	15221016086609522805	15699230950987117142	14302718498668965552	15699230950987117142	-5465.6191406250	0.0000000000	363.6399960548	0.2140058642
1	7	12753113776263123193	15699230950987117142	970351415783714590	15699230950987117142	-5465.6196289062	0.0000000000	362.0196928896	0.2144941455
9	0	3044221405707721194	15221016086609522805	3044221405707721194	14832604132001920631	-5472.7407226562	0.0000000000	-0.0000992733	370.7615780860
9	8	3044221405707721194	16646222739238109315	3044221405707721194	16646222739238109315	-5472.7407226562	0.0000000000	-0.0000992733	-0.0000007846
10	0	12010305432730898257	15221016086609522805	5225245868626784452	12010305432730898257	-5473.0498046875	0.0000000000	-0.0000014426	371.0706601173
0	8	15221016086609522805	16646222739238109315	5819999326766742388	16646222739238109315	-5473.4428710938	0.0000000000	371.4637265235	0.7021476529
11	0	10410599090111211089	15221016086609522805	6595018375284975836	10410599090111211089	-5477.5175781250	0.0000000000	2.4605647028	375.5384335548
0	12	15221016086609522805	17136526695946439488	14917934888143967975	17136526695946439488	-5481.0161132812	0.0000000000	379.0369687110	0.9702336818
13	0	14661916232383819031	15221016086609522805	7889909922487390829	14661916232383819031	-5494.6840820312	0.0000000000	0.5949919895	392.7049374610
14	1	1746333094194947617	12753113776263123193	1746333094194947617	9967887353768616825	-5496.7983398438	0.0000000000	0.0000465935	393.1984038271
14	0	1746333094194947617	15221016086609522805	1746333094194947617	5693019179882716874	-5498.3061523438	0.0000000000	1.5078590935	396.3270077735
3	4	5828938690902841381	16252147683104877425	16589074529580174911	17846802999334692899	-5499.6440429688	0.0000000000	86.3593128398	85.4194711254
15	0	5172449686421620988	15221016086609522805	5172449686421620988	15091677532970588498	-5507.3857421875	0.0000000000	0.9981379074	405.4065976173
17	0	10071895424287447115	15221016086609522805	2540237891991595353	10071895424287447115	-5515.5146484375	0.0000000000	0.4173547588	413.5355038673
17	1	10071895424287447115	12753113776263123193	10071895424287447115	14144074007656283808	-5519.0585937500	0.0000000000	3.9613000713	415.4586577334
0	18	15221016086609522805	16968536160765131680	4348376851061643686	16968536160765131680	-5521.5732421875	0.0000000000	419.5940976173	0.3925564508
5	18	15543560221096443638	16968536160765131680	409328806217659284	17666189989634701377	-5524.3994140625	0.0000000000	107.9272586056	3.2187283258
16	0	3837908184210832560	15221016086609522805	3837908184210832560	17822745567565730748	-5532.0463867188	0.0000000000	20.1484365997	430.0672421485
20	0	11729065295256696443	15221016086609522805	11729065295256696443	14135232199524587466	-5539.5566406250	0.0000000000	-0.0000868365	437.5774960548
20	1	11729065295256696443	12753113776263123193	8748362173840732850	11729065295256696443	-5540.7182617188	0.0000000000	1.1615342573	437.1183257021
1	13	12753113776263123193	14661916232383819031	14661916232383819031	15781381554496693806	-5542.2890625000	0.0000000000	438.6891264834	48.1999724583
19	0	14116037184663398353	15221016086609522805	13666040827709081209	14116037184663398353	-5543.4252929688	0.0000000000	18.0186451807	441.4461483985
21	0	3527693131440776075	15221016086609522805	3527693131440776075	16445696708707329065	-5546.8789062500	0.0000000000	1.2594930542	444.8997616798
22	0	15082312819644150228	15221016086609522805	759594570571873614	15082312819644150228	-5547.1723632812	0.0000000000	1.3423172962	445.1932187110
23	0	6630773948500988778	15221016086609522805	6630773948500988778	8726739016671662569	-5550.2055664062	0.0000000000	0.4400268211	448.2264218360
23	1	6630773948500988778	12753113776263123193	3026229348929514062	9382279962220349928	-5551.5297851562	0.0000000000	1.7642455711	447.9298491396
25	0	7967647552110568238	15221016086609522805	3997606900621067966	7967647552110568238	-5554.9873046875	0.0000000000	0.0000205472	453.0081601173
24	26	210871534256336854	1239271681634573515	1239271681634573515	17319268036723888243	-5555.7441406250	0.0000000000	0.9459597662	-0.0001420773
24	0	210871534256336854	15221016086609522805	387688528187652645	9906170210476645049	-5557.0747070312	0.0000000000	2.2765261725	455.0955624610
26	0	1239271681634573515	15221016086609522805	2505460119013392279	12821471242766682293	-5557.0747070312	0.0000000000	1.3304243289	455.0955624610
25	1	7967647552110568238	12753113776263123193	12276943392430094153	14104791593093556381	-5557.1015625000	0.0000000000	2.1142783597	453.5016264834
24	25	210871534256336854	7967647552110568238	13001474363623388107	15153137969462766833	-5558.5434570312	0.0000000000	3.7452761725	3.5561728909
27	0	13658156977738331735	15221016086609522805	5353225972470433902	13658156977738331735	-5560.1088867188	0.0000000000	0.0304403154	458.1297421485
28	0	14981057266702632933	15221016086609522805	468935166911576626	17744517388347191754	-5561.1220703125	0.0000000000	0.3094062679	459.1429257423
29	26	305834870244177770	1239271681634573515	305834870244177770	2046648845923269259	-5562.9326171875	0.0000000000	0.0003653548	7.1883344852
24	29	210871534256336854	305834870244177770	305834870244177770	9426403262908912602	-5562.9477539062	0.0000000000	8.1495730475	0.0155020736
29	1	305834870244177770	12753113776263123193	305834870244177770	4243563707565851741	-5564.2158203125	0.0000000000	1.2835684798	460.6158842959
26	1	1239271681634573515	12753113776263123193	759439567305068423	6117684127475644276	-5565.6367187500	0.0000000000	9.8924360477	462.0367827334
1	19	12753113776263123193	14116037184663398353	13640720249287355485	14116037184663398353	-5568.1943359375	0.0000000000	464.5943999209	42.7876881494
24	1	210871534256336854	12753113776263123193	12474517032170719033	15842635242644659199	-5569.9780273438	0.0000000000	15.1798464850	466.3780913271
0	31	15221016086609522805	17835614444364296807	13103163165960208800	17835614444364296807	-5570.7348632812	0.0000000000	468.7557187110	1.8250038332
30	0	2278029858546778398	15221016086609522805	2278029858546778398	2400982588290601878	-5572.9804687500	0.0000000000	4.7524026208	471.0013241798
0	32	15221016086609522805	17313221683668627284	4805095459863530616	17313221683668627284	-5575.0981445312	0.0000000000	473.1189999610	2.2198253409
29	0	305834870244177770	15221016086609522805	3775239901662950179	14468851089890398119	-5583.8593750000	0.0000000000	20.9271231673	481.8802304298
33	4	708077508133600748	16252147683104877425	708077508133600748	8838015378112129405	-5584.4335937500	0.0000000000	0.0001679860	170.2090219067
34	0	4118759821342251435	15221016086609522805	4118759821342251435	11330241401630359683	-5584.6201171875	0.0000000000	0.0001455201	482.6409726173
33	0	708077508133600748	15221016086609522805	9118803982374676336	11422804162776493448	-5586.5263671875	0.0000000000	2.0929414235	484.5472226173
34	1	4118759821342251435	12753113776263123193	3272674903587262844	4118759821342251435	-5587.0747070312	0.0000000000	2.4547353638	483.4747710146
35	0	5658102093965673926	15221016086609522805	5658102093965673926	7215682747606122567	-5588.1694335938	0.0000000000	0.7931454672	486.1902890235
0	36	15221016086609522805	17732911286062199044	9139150338618319406	17732911286062199044	-5589.6894531250	0.0000000000	487.7103085548	-0.0001559662
1	36	12753113776263123193	17732911286062199044	5350159451995090522	17732911286062199044	-5590.1757812500	0.0000000000	486.5758452334	0.4861721588
39	0	2817404472362716850	15221016086609522805	2817404472362716850	6061402478549461118	-5592.4257812500	0.0000000000	0.0004362648	490.4466366798
40	0	10212632195046991734	15221016086609522805	1186745949445565741	10212632195046991734	-5593.1000976562	0.0000000000	0.0000560286	491.1209530860
39	1	2817404472362716850	12753113776263123193	6541674781324364194	8289430726666538016	-5593.2377929688	0.0000000000	0.8124479836	489.6378569521
30	1	2278029858546778398	12753113776263123193	2278029858546778398	6170222257138926597	-5593.5322265625	0.0000000000	25.3041604333	489.9322905459
40	1	10212632195046991734	12753113776263123193	10212632195046991734	16142050429136591010	-5594.9589843750	0.0000000000	1.8589427473	491.3590483584
0	41	15221016086609522805	16500513421321807589	10602031088835950278	16500513421321807589	-5595.0717773438	0.0000000000	493.0926327735	0.0000082063
0	38	15221016086609522805	15959628352533747960	13078479765410708541	15959628352533747960	-5595.3178710938	0.0000000000	493.3387265235	4.0609021462
1	22	12753113776263123193	15082312819644150228	3739061405396027134	16799245806202865003	-5595.5224609375	0.0000000000	491.9225249209	49.6924149525
1	27	12753113776263123193	13658156977738331735	6294027847271374125	15766030071079994675	-5598.1660156250	0.0000000000	494.5660796084	38.0875692216
28	4	14981057266702632933	16252147683104877425	3223141041074141348	11119914065312267017	-5601.1801757812	0.0000000000	40.3675117366	186.9556039379
26	25	1239271681634573515	7967647552110568238	1384227315752641610	2762502510858660804	-5601.8515625000	0.0000000000	46.1072797977	46.8642783597
1	28	12753113776263123193	14981057266702632933	12341230540728448617	16521147472236481914	-5602.9179687500	0.0000000000	499.3180327334	42.1053047054
37	0	14594273372401008368	15221016086609522805	9312104867891410005	14594273372401008368	-5605.7031250000	0.0000000000	14.6449232340	503.7239804298
30	27	2278029858546778398	13658156977738331735	2278029858546778398	8544036551706606116	-5607.4995117188	0.0000000000	39.2714455895	47.4210653154
16	42	3837908184210832560	6152359985186090799	6152359985186090799	14249272862891029217	-5608.9672851562	0.0000000000	97.0693350372	0.2334831526
0	43	15221016086609522805	17630145177793557420	7944630373532177989	17630145177793557420	-5609.3999023438	0.0000000000	507.4207577735	-0.0001889541
1	43	12753113776263123193	17630145177793557420	1199474790008369856	14854414084669345009	-5613.8110351562	0.0000000000	510.2110991396	4.4109438584
0	44	15221016086609522805	15835671149272531207	8250036196506715626	15835671149272531207	-5614.8471679688	0.0000000000	512.8680233985	-0.0000145968
46	0	9372298608938099439	15221016086609522805	2888983885446526912	9372298608938099439	-5623.9165039062	0.0000000000	0.3814105748	521.9373593360
47	0	11077722086142534968	15221016086609522805	11077722086142534968	11715070026012381015	-5625.3334960938	0.0000000000	0.0000829360	523.3543515235
45	0	11410394594431341826	15221016086609522805	7039463725211064914	11410394594431341826	-5626.0810546875	0.0000000000	2.9160218759	524.1019101173
42	0	6152359985186090799	15221016086609522805	4789401069215885248	6152359985186090799	-5626.3100585938	0.0000000000	17.5762565901	524.3309140235
4	36	16252147683104877425	17732911286062199044	9668948676231322233	17732911286062199044	-5626.9345703125	0.0000000000	212.7099984692	37.2449612213
47	1	11077722086142534968	12753113776263123193	11077722086142534968	15148293943651206851	-5628.7207031250	0.0000000000	3.3872899672	525.1207671084
1	38	12753113776263123193	15959628352533747960	2938783449856652858	9552275743378978497	-5629.3793945312	0.0000000000	525.7794585146	38.1224255837
16	1	3837908184210832560	12753113776263123193	4368131546096705111	7815499762991601444	-5631.2285156250	0.0000000000	119.3305655060	527.6285796084
48	0	12512312586594305063	15221016086609522805	710961591614045153	13818081412708894611	-5631.2978515625	0.0000000000	1.2916383334	529.3187069923
15	13	5172449686421620988	14661916232383819031	3607228885281067219	3685127293784034330	-5631.7583007812	0.0000000000	125.3706965012	137.6692107395
49	0	4232014297461519051	15221016086609522805	4009487650131854262	4232014297461519051	-5633.0019531250	0.0000000000	0.0000728593	531.0228085548
51	0	8566040098293300612	15221016086609522805	5132642834974288182	8566040098293300612	-5635.5703125000	0.0000000000	0.1236584851	533.5911679298
48	1	12512312586594305063	12753113776263123193	12196372879392941785	12512312586594305063	-5636.0107421875	0.0000000000	6.0045289584	532.4108061709
49	1	4232014297461519051	12753113776263123193	7130187357692725767	11369648299023682079	-5636.5263671875	0.0000000000	3.5244869218	532.9264311709
50	0	1771766641486952596	15221016086609522805	1771766641486952596	12382510689940168243	-5637.0942382812	0.0000000000	1.8136958332	535.1150937110
52	0	664481132933813367	15221016086609522805	664481132933813367	10399488861809843747	-5637.7153320312	0.0000000000	0.2034725707	535.7361874610
54	0	2864705884638607576	15221016086609522805	2864705884638607576	18275447470835923481	-5638.1982421875	0.0000000000	0.0000981918	536.2190976173
55	0	10325476096683265014	15221016086609522805	7354935301460214187	10325476096683265014	-5640.1889648438	0.0000000000	0.4792620768	538.2098202735
56	0	1614876650002247621	15221016086609522805	1614876650002247621	2043800198461641822	-5640.4638671875	0.0000000000	0.1824683308	538.4847226173
57	0	9273028995056221233	15221016086609522805	8849554088422945353	9273028995056221233	-5640.6030273438	0.0000000000	0.3215431935	538.6238827735
46	1	9372298608938099439	12753113776263123193	9372298608938099439	11379393113649007157	-5641.0112304688	0.0000000000	17.4761371373	537.4112944521
60	0	10560328593161980847	15221016086609522805	10560328593161980847	14675491460791958850	-5641.1259765625	0.0000000000	-0.0000775522	539.1468319923
59	0	7478452869652688431	15221016086609522805	5503320257309325141	7478452869652688431	-5641.1640625000	0.0000000000	0.3201809143	539.1849179298
62	0	2028772486729210858	15221016086609522805	2028772486729210858	6108539073195161792	-5641.7817382812	0.0000000000	0.5597522910	539.8025937110
51	1	8566040098293300612	12753113776263123193	1398680417782951684	9365724534165905970	-5642.0048828125	0.0000000000	6.5582287976	538.4049467959
0	58	15221016086609522805	18252216294205614631	4527640934024495605	18252216294205614631	-5642.0678710938	0.0000000000	540.0887265235	1.5889750225
0	61	15221016086609522805	17105417593848424030	8886563208313566363	17105417593848424030	-5642.3872070312	0.0000000000	540.4080624610	1.2295473523
66	0	12655565595841412139	15221016086609522805	7927365583279624623	12655565595841412139	-5643.1450195312	0.0000000000	0.0001964963	541.1658749610
15	1	5172449686421620988	12753113776263123193	3514441444720185077	3930228192952593856	-5643.7065429688	0.0000000000	137.3189386887	540.1066069521
63	0	3547315560768958829	15221016086609522805	17151509224977744	3547315560768958829	-5643.9912109375	0.0000000000	1.5659426542	542.0120663673
67	0	14796411329028507834	15221016086609522805	14796411329028507834	16441745359409047360	-5644.0654296875	0.0000000000	0.7254438668	542.0862851173
68	0	11809034166546390600	15221016086609522805	4041699105419852887	11809034166546390600	-5644.3144531250	0.0000000000	0.6219830153	542.3353085548
0	64	15221016086609522805	17272363469274922993	3790046375835076446	8366672406194417741	-5644.3461914062	0.0000000000	542.3670468360	1.7414805199
23	68	6630773948500988778	11809034166546390600	5235697274564314134	11809034166546390600	-5644.4736328125	0.0000000000	94.7080932273	0.7811627028
62	59	2028772486729210858	7478452869652688431	3263375518258112810	6431782433482959442	-5644.6464843750	0.0000000000	3.4244983847	3.8026027893
71	0	5879536763131588660	15221016086609522805	4123167249831642599	5879536763131588660	-5644.7973632812	0.0000000000	-0.0000445317	542.8182187110
69	0	11585361907028998636	15221016086609522805	11585361907028998636	14757323034713894573	-5644.8369140625	0.0000000000	0.5845159688	542.8577694923
72	0	10423136753760657155	15221016086609522805	4266952370991038166	10423136753760657155	-5645.0009765625	0.0000000000	0.0001357668	543.0218319923
73	0	13813404996492676593	15221016086609522805	12563706052158138320	13813404996492676593	-5645.0913085938	0.0000000000	0.0533023295	543.1121640235
1	58	12753113776263123193	18252216294205614631	5951910813356029565	17924158077866545808	-5645.1831054688	0.0000000000	541.5831694521	4.7042093975
74	0	5715870996114186474	15221016086609522805	5715870996114186474	7920981764902614936	-5645.3559570312	0.0000000000	0.1471503618	543.3768124610
0	70	15221016086609522805	16803996333145386595	4938842502104575778	16803996333145386595	-5645.4160156250	0.0000000000	543.4368710548	0.9174387118
63	67	3547315560768958829	14796411329028507834	7784799419052752066	14796411329028507834	-5645.7519531250	0.0000000000	3.3266848417	2.4119673043
75	0	14945491480311489971	15221016086609522805	6401000029059884076	14945491480311489971	-5645.7856445312	0.0000000000	0.0517460132	543.8064999610
50	1	1771766641486952596	12753113776263123193	16834710127663965746	17640144022280649838	-5646.1391601562	0.0000000000	10.8586177082	542.5392241396
34	4	4118759821342251435	16252147683104877425	1974962482442342824	12472812670106057276	-5646.5815429688	0.0000000000	61.9615713013	232.3569711254
76	0	4114976289476013995	15221016086609522805	2982974337548701508	4114976289476013995	-5646.7421875000	0.0000000000	0.6026013384	544.7630429298
66	1	12655565595841412139	12753113776263123193	9922117049211237703	13229600549391524662	-5647.1113281250	0.0000000000	3.9665050901	543.5113921084
77	0	7030368669419776724	15221016086609522805	7030368669419776724	18239820797386193418	-5647.8452148438	0.0000000000	1.6726040502	545.8660702735
77	1	7030368669419776724	12753113776263123193	2806526690188625493	6129011227148571401	-5648.1772460938	0.0000000000	2.0046353002	544.5773100771
78	0	5723884008305783145	15221016086609522805	5723884008305783145	8518551355468693943	-5648.2817382812	0.0000000000	0.8083912061	546.3025937110
1	70	12753113776263123193	16803996333145386595	8418417091712543830	13397501495039230564	-5649.8164062500	0.0000000000	546.2164702334	5.3178293368
79	0	8546715155521256688	15221016086609522805	8546715155521256688	18234317510365412859	-5651.1416015625	0.0000000000	0.3417254610	549.1624569923
71	1	5879536763131588660	12753113776263123193	3190989212479977363	14813905802361761049	-5651.2075195312	0.0000000000	6.4101117183	547.6075835146
23	31	6630773948500988778	17835614444364296807	412499871490294648	486109217666988979	-5657.0888671875	0.0000000000	107.3233276023	88.1790077394
68	31	11809034166546390600	17835614444364296807	412499871490294648	11809034166546390600	-5657.0888671875	0.0000000000	13.3963970778	88.1790077394
34	47	4118759821342251435	11077722086142534968	4258616160407297539	11077722086142534968	-5657.5283203125	0.0000000000	72.9083486451	32.1949071547
24	54	210871534256336854	2864705884638607576	12998668637164607317	16960066059714009938	-5660.5756835938	0.0000000000	105.7775027350	22.3775395981
80	0	7831107507095343043	15221016086609522805	7831107507095343043	13880118696107159810	-5661.4057617188	0.0000000000	-0.0000992261	559.4266171485
81	0	4304184441709736033	15221016086609522805	2784754097608453960	4304184441709736033	-5661.5517578125	0.0000000000	0.0073682896	559.5726132423
82	0	11143971967409006767	15221016086609522805	1642871778108213645	11143971967409006767	-5661.6655273438	0.0000000000	-0.0001220026	559.6863827735
82	1	11143971967409006767	12753113776263123193	6832365825489567783	11143971967409006767	-5662.3647460938	0.0000000000	0.6990967474	558.7648100771
80	1	7831107507095343043	12753113776263123193	7831107507095343043	9121763154265495972	-5662.6987304688	0.0000000000	1.2928695239	559.0987944521
83	0	8699727242857321070	15221016086609522805	6933667038536539703	8699727242857321070	-5664.5834960938	0.0000000000	0.9114848774	562.6043515235
55	1	10325476096683265014	12753113776263123193	633466443276926852	1992952353010389167	-5666.5898437500	0.0000000000	26.8801409831	562.9899077334
86	0	8422469961441339776	15221016086609522805	3129807801592098764	8422469961441339776	-5666.7617187500	0.0000000000	0.0510791027	564.7825741798
87	0	557406315414297787	15221016086609522805	557406315414297787	2889205624465378241	-5666.9282226562	0.0000000000	0.0289979274	564.9490780860
81	1	4304184441709736033	12753113776263123193	8133477138852868571	16264042259021997819	-5667.7724609375	0.0000000000	6.2280714146	564.1725249209
24	87	210871534256336854	557406315414297787	198667711243938550	557406315414297787	-5668.1962890625	0.0000000000	113.3981082037	1.2970643337
89	0	4732951620417420592	15221016086609522805	4732951620417420592	12894190696899213493	-5668.2641601562	0.0000000000	0.1933660910	566.2850155860
26	84	1239271681634573515	2180483017528120052	4066915018272734481	12182895332456239202	-5668.3393554688	0.0000000000	112.5950727664	2.2427480593
84	0	2180483017528120052	15221016086609522805	4066915018272734481	15765027866145538984	-5668.3393554688	0.0000000000	2.2427480593	566.3602108985
91	4	1102943590954354427	16252147683104877425	1102943590954354427	16082769863770234327	-5669.1186523438	0.0000000000	0.4980144619	254.8940805004
91	0	1102943590954354427	15221016086609522805	7745175271503909307	9181965001381106047	-5669.1909179688	0.0000000000	0.5702800869	567.2117733985
54	1	2864705884638607576	12753113776263123193	9417866969747830384	16190487716646519139	-5669.5556640625	0.0000000000	31.3575200668	565.9557280459
93	1	89952029784146691	12753113776263123193	89952029784146691	6104461719966249567	-5669.5957031250	0.0000000000	0.0006210230	565.9957671084
90	1	1913391233474358558	12753113776263123193	1913391233474358558	15152854109092648926	-5669.9443359375	0.0000000000	1.5239759038	566.3443999209
92	0	9796942414009732110	15221016086609522805	9796942414009732110	12638837004102923587	-5670.7294921875	0.0000000000	1.1425945551	568.7503476173
92	1	9796942414009732110	12753113776263123193	3006085358310472957	16983824584188611465	-5670.8266601562	0.0000000000	1.2397625238	567.2267241396
1	73	12753113776263123193	13813404996492676593	3379915011465159344	13813404996492676593	-5670.8364257812	0.0000000000	567.2364897646	25.7984195170
74	1	5715870996114186474	12753113776263123193	5715870996114186474	14425017221865071665	-5671.1748046875	0.0000000000	25.9659980181	567.5748686709
94	0	14966576693656104237	15221016086609522805	7728180856481727769	14966576693656104237	-5671.4072265625	0.0000000000	0.0000034584	569.4280819923
93	0	89952029784146691	15221016086609522805	10185298812251842003	13486358388038956587	-5671.5922851562	0.0000000000	1.9972030543	569.6131405860
53	0	2705253413930916220	15221016086609522805	2705253413930916220	8106157026132893487	-5671.6962890625	0.0000000000	33.7287283955	569.7171444923
52	14	664481132933813367	1746333094194947617	2530458825951532220	15717565043701033162	-5671.7675781250	0.0000000000	34.2557186644	174.9692848747
1	95	12753113776263123193	17553819631183574536	3613202592040085183	17553819631183574536	-5671.8725585938	0.0000000000	568.2726225771	-0.0001121828
0	95	15221016086609522805	17553819631183574536	9417125781676430898	17553819631183574536	-5671.8730468750	0.0000000000	569.8939023048	0.0003760984
4	64	16252147683104877425	17272363469274922993	8366672406194417741	9751211077178789679	-5671.9111328125	0.0000000000	257.6865609692	29.3064219262
0	88	15221016086609522805	16984824116007127196	9060134344902994615	12500078751826723683	-5671.9790039062	0.0000000000	569.9998593360	4.4626177927
96	0	1196242235819385383	15221016086609522805	1196242235819385383	13208357746922197953	-5672.6752929688	0.0000000000	0.0245264136	570.6961483985
97	0	4004522167842681718	15221016086609522805	4004522167842681718	5297938798183530307	-5672.7192382812	0.0000000000	0.0000572816	570.7400937110
65	0	6498101273036787806	15221016086609522805	6498101273036787806	14975935712525730184	-5673.7592773438	0.0000000000	30.7255833327	571.7801327735
99	0	14569575916504212203	15221016086609522805	3198698102772042468	14569575916504212203	-5674.1821289062	0.0000000000	0.1612550218	572.2029843360
24	45	210871534256336854	11410394594431341826	11718215525196882352	17027483293386630528	-5675.2060546875	0.0000000000	120.4078738287	52.0410218759
26	61	1239271681634573515	17105417593848424030	5074209592684157228	17105417593848424030	-5675.2788085938	0.0000000000	119.5345258914	34.1211489148
98	0	5429774317055184433	15221016086609522805	5429774317055184433	7264108394459674265	-5675.3891601562	0.0000000000	2.0841735775	573.4100155860
24	44	210871534256336854	15835671149272531207	2348755304507105321	18059116999200007371	-5675.7695312500	0.0000000000	120.9713503912	60.9223486844
101	0	9056861463825976720	15221016086609522805	9056861463825976720	11665038108243694782	-5676.4477539062	0.0000000000	0.0001142624	574.4686093360
100	0	2368636551627783881	15221016086609522805	2368636551627783881	15206984074329435698	-5676.5034179688	0.0000000000	0.9527285950	574.5242733985
102	0	10208826479123151425	15221016086609522805	8333719020186889676	10208826479123151425	-5676.8881835938	0.0000000000	0.0000614517	574.9090390235
0	103	15221016086609522805	16843011757629352269	16843011757629352269	17568395797703513357	-5676.9345703125	0.0000000000	574.9554257423	-0.0001075147
52	1	664481132933813367	12753113776263123193	3043731936462943687	9650824656637680568	-5677.4731445312	0.0000000000	39.9612850707	573.8732085146
34	36	4118759821342251435	17732911286062199044	17732911286062199044	18184231539017078340	-5679.5395507812	0.0000000000	94.9195791138	89.8499416900
57	1	9273028995056221233	12753113776263123193	2048206065041292811	9273028995056221233	-5681.6562500000	0.0000000000	41.3747658497	578.0563139834
1	44	12753113776263123193	15835671149272531207	3694099570185404571	10271929560393061669	-5681.8725585938	0.0000000000	578.2726225771	67.0253760282
14	74	1746333094194947617	5715870996114186474	5715870996114186474	8969379942648323066	-5682.9970703125	0.0000000000	186.1987770622	37.7882636431
21	1	3527693131440776075	12753113776263123193	2719290067817670666	13713784634551319367	-5684.0532226562	0.0000000000	138.4338094605	580.4532866396
0	85	15221016086609522805	17111254375624499151	12547944271311794759	17111254375624499151	-5685.8227539062	0.0000000000	583.8436093360	19.6956650529
52	73	664481132933813367	13813404996492676593	4701620949357621575	9650824656637680568	-5685.9365234375	0.0000000000	48.4246639769	40.8985171732
69	1	11585361907028998636	12753113776263123193	11130911053531338816	13911222305914414336	-5687.6884765625	0.0000000000	43.4360784688	584.0885405459
104	0	10648092069212644821	15221016086609522805	3487830522918524105	10648092069212644821	-5688.5629882812	0.0000000000	0.0496917075	586.5838437110
1	75	12753113776263123193	14945491480311489971	3154911596866510904	8021886968279284262	-5689.1274414062	0.0000000000	585.5275053896	43.3935428882
90	0	1913391233474358558	15221016086609522805	1913391233474358558	18014573992748023481	-5690.2856445312	0.0000000000	21.8652844975	588.3064999610
105	0	13662767098567528716	15221016086609522805	13662767098567528716	14185000914294231372	-5690.4951171875	0.0000000000	0.2482176883	588.5159726173
72	1	10423136753760657155	12753113776263123193	592395057371706431	9876532930080919731	-5690.5571289062	0.0000000000	45.5562881106	586.9571928896
78	1	5723884008305783145	12753113776263123193	5723884008305783145	7166154291273801016	-5692.8457031250	0.0000000000	45.3723560498	589.2457671084
107	0	6125164218170224445	15221016086609522805	6125164218170224445	14240341819126474312	-5694.3242187500	0.0000000000	1.1516450610	592.3450741798
0	108	15221016086609522805	17905867889945629384	2018225698188843059	17905867889945629384	-5695.7973632812	0.0000000000	593.8182187110	0.0801836585
0	110	15221016086609522805	15458311677890411195	12981715250927919095	15458311677890411195	-5697.4892578125	0.0000000000	595.5101132423	0.4391676394
16	77	3837908184210832560	7030368669419776724	1522573868227820505	7030368669419776724	-5699.1640625000	0.0000000000	187.2661123810	52.9914517065
0	111	15221016086609522805	15865353190251197041	4366376162370662058	15865353190251197041	-5700.1171875000	0.0000000000	598.1380429298	0.3306405704
29	90	305834870244177770	1913391233474358558	1913391233474358558	12250777489413037626	-5700.6523437500	0.0000000000	137.7200919173	32.2319837163
0	112	15221016086609522805	16867167516496231944	378707177027362859	12860504583136539272	-5701.5551757812	0.0000000000	599.5760312110	1.7113567368
0	113	15221016086609522805	15593933040557681122	1665427555195975146	17253291859513938331	-5701.5551757812	0.0000000000	599.5760312110	1.7112863250
1	113	12753113776263123193	15593933040557681122	1665427555195975146	3405412424031420951	-5701.5551757812	0.0000000000	597.9552397646	1.7112863250
54	25	2864705884638607576	7967647552110568238	973761497646923787	2546434366967745693	-5701.6635742188	0.0000000000	63.4654302231	146.6762900784
104	111	10648092069212644821	15865353190251197041	5083178376107066035	15865353190251197041	-5701.9409179688	0.0000000000	13.4276213950	2.1543710391
106	0	14885075719774775936	15221016086609522805	17546399473745333105	17857480436961215266	-5701.9819335938	0.0000000000	11.7140134245	600.0027890235
114	0	9772377511357369067	15221016086609522805	9772377511357369067	14128011610746901498	-5702.2983398438	0.0000000000	1.2704508890	600.3191952735
116	0	14741304940271439963	15221016086609522805	14741304940271439963	15768581334261086437	-5702.3857421875	0.0000000000	0.2784844774	600.4065976173
56	1	1614876650002247621	12753113776263123193	14556094027400364628	16348156361028843588	-5702.4208984375	0.0000000000	62.1394995808	598.8209624209
118	0	3045221782057591139	15221016086609522805	3045221782057591139	5181985122279586204	-5702.5678710938	0.0000000000	0.0000762639	600.5887265235
0	117	15221016086609522805	18128442164196861380	6103670005897127081	18128442164196861380	-5702.7597656250	0.0000000000	600.7806210548	0.4572702844
120	115	7140592579498856083	13890523822809070059	109908053171861384	7140592579498856083	-5703.0458984375	0.0000000000	0.0034907833	1.6608002307
121	0	1532528028839467530	15221016086609522805	1126181796401513079	1532528028839467530	-5703.1044921875	0.0000000000	-0.0001370628	601.1253476173
1	116	12753113776263123193	14741304940271439963	11435650648913902018	14741304940271439963	-5703.1596679688	0.0000000000	599.5597319521	1.0524102587
83	1	8699727242857321070	12753113776263123193	2474477709067711334	6031732450706562320	-5703.5253906250	0.0000000000	39.8533794086	599.9254546084
27	85	13658156977738331735	17111254375624499151	10848655793569016093	12195218771447112369	-5703.8515625000	0.0000000000	143.7731160966	37.7244736466
84	1	2180483017528120052	12753113776263123193	12563282976297195903	15488753511677888498	-5703.9541015625	0.0000000000	37.8574941530	600.3541655459
93	85	89952029784146691	17111254375624499151	89952029784146691	15905033953789220670	-5704.2026367188	0.0000000000	34.6075546168	38.0755478654
120	0	7140592579498856083	15221016086609522805	7140592579498856083	12627992425415837768	-5704.2377929688	0.0000000000	1.1953853146	602.2586483985
122	1	8217744443979320666	12753113776263123193	5432213140250056817	8217744443979320666	-5704.5771484375	0.0000000000	-0.0001801464	600.9772124209
122	0	8217744443979320666	15221016086609522805	8217744443979320666	18415882196486108779	-5704.5776367188	0.0000000000	0.0003081349	602.5984921485
89	28	4732951620417420592	14981057266702632933	4732951620417420592	16927398863352720108	-5704.8310546875	0.0000000000	36.7602606223	144.0183906429
96	31	1196242235819385383	17835614444364296807	1196242235819385383	3849106522536773436	-5705.4799804688	0.0000000000	32.8292139136	136.5701210207
100	27	2368636551627783881	13658156977738331735	3930242063629681080	5629259705683234714	-5705.5004882812	0.0000000000	29.9497989075	145.4220418779
26	90	1239271681634573515	1913391233474358558	821646105921667905	4136533177865790467	-5705.5957031250	0.0000000000	149.8514204227	37.1753430913
1	18	12753113776263123193	16968536160765131680	5419083368801384492	17347714336727214394	-5705.7065429688	0.0000000000	602.1066069521	184.5258572321
118	1	3045221782057591139	12753113776263123193	8747830956959727796	18025871871767249353	-5705.8281250000	0.0000000000	3.2603301701	602.2281889834
119	0	9718556274559440531	15221016086609522805	7882602918225895724	9718556274559440531	-5705.9697265625	0.0000000000	3.1314475824	603.9905819923
1	88	12753113776263123193	16984824116007127196	2007775393934463753	9825257921745813817	-5706.0898437500	0.0000000000	602.4899077334	38.5734576365
83	28	8699727242857321070	14981057266702632933	8699727242857321070	9259394421345678228	-5706.3041992188	0.0000000000	42.6321880024	145.4915351741
53	1	2705253413930916220	12753113776263123193	2705253413930916220	11684051294118492774	-5707.3359375000	0.0000000000	69.3683768330	603.7360014834
123	0	1293838347410272114	15221016086609522805	1293838347410272114	4533400923366959852	-5707.5122070312	0.0000000000	0.0427975030	605.5330624610
1	103	12753113776263123193	16843011757629352269	9298034545052227878	16843011757629352269	-5707.5908203125	0.0000000000	603.9908842959	30.6561424853
50	63	1771766641486952596	3547315560768958829	4421392749301649454	8624712774327256849	-5709.6767578125	0.0000000000	74.3962153644	67.2514895292
50	15	1771766641486952596	5172449686421620988	12602455450732125962	16834710127663965746	-5709.6855468750	0.0000000000	74.4050044269	203.2979425949
93	27	89952029784146691	13658156977738331735	89952029784146691	5533019353060531108	-5709.9702148438	0.0000000000	40.3751327418	149.8917684404
109	0	13114736740414832655	15221016086609522805	1072152898109443055	13114736740414832655	-5710.1582031250	0.0000000000	13.5865722694	608.1790585548
92	27	9796942414009732110	13658156977738331735	7339721115968720041	9796942414009732110	-5710.3637695312	0.0000000000	40.7768718988	150.2853231279
24	84	210871534256336854	2180483017528120052	4607117916340713667	14770927887581735656	-5710.5371093750	0.0000000000	155.7389285162	44.4405019655
124	0	2828568407993881191	15221016086609522805	2828568407993881191	13719822643996292466	-5710.6948242188	0.0000000000	-0.0001241447	608.7156796485
63	1	3547315560768958829	12753113776263123193	3214737125685818375	8493081472553695191	-5710.8452148438	0.0000000000	68.4199465604	607.2452788271
100	1	2368636551627783881	12753113776263123193	5583255628803628266	5734697070121308048	-5711.2036132812	0.0000000000	35.6529239075	607.6036772646
79	1	8546715155521256688	12753113776263123193	8509074686038452999	8546715155521256688	-5714.6254882812	0.0000000000	63.8256121798	611.0255522646
63	45	3547315560768958829	11410394594431341826	14288153042102234472	16121582127581009604	-5717.9340820312	0.0000000000	75.5088137479	94.7690492196
110	4	15458311677890411195	16252147683104877425	12122423778283622615	15458311677890411195	-5718.9321289062	0.0000000000	21.8820387331	304.7075570629
125	126	2096466998785471655	11736769587674986510	2096466998785471655	11736769587674986510	-5723.0351562500	0.0000000000	-0.0000652464	-0.0000840931
128	127	15299624881098287340	18335847304438629740	15299624881098287340	18335847304438629740	-5723.3037109375	0.0000000000	-0.0001912487	-0.0001871030
126	0	11736769587674986510	15221016086609522805	9592274653025583791	11736769587674986510	-5723.3779296875	0.0000000000	0.3426893444	621.3987851173
0	128	15221016086609522805	15299624881098287340	5944953016597275776	15299624881098287340	-5723.5634765625	0.0000000000	621.5843319923	0.2595743763
129	0	843871688574068208	15221016086609522805	1226385062291764669	8684229403596886174	-5724.0068359375	0.0000000000	0.2669031203	622.0276913673
125	0	2096466998785471655	15221016086609522805	2096466998785471655	18359214755902818449	-5724.2939453125	0.0000000000	1.2587238161	622.3148007423
130	131	3774862949860648472	4843025929106766022	3774862949860648472	4843025929106766022	-5724.3750000000	0.0000000000	0.0001540758	0.0001395440
0	127	15221016086609522805	18335847304438629740	14111826542259426294	18335847304438629740	-5724.4858398438	0.0000000000	622.5066952735	1.1819418032
131	0	4843025929106766022	15221016086609522805	4843025929106766022	11129003296790667708	-5724.5004882812	0.0000000000	0.1256278252	622.5213437110
129	104	843871688574068208	10648092069212644821	843871688574068208	1397550893834602244	-5725.3388671875	0.0000000000	1.5989343703	36.8255706138
130	0	3774862949860648472	15221016086609522805	3774862949860648472	9189138632851792997	-5725.3969726562	0.0000000000	1.0221267320	623.4178280860
27	106	13658156977738331735	14885075719774775936	853811541220412633	17863434909932432707	-5726.3588867188	0.0000000000	166.2804403154	36.0909665495
132	0	11900507596997881747	15221016086609522805	8149363642813789805	11900507596997881747	-5726.3613281250	0.0000000000	0.8070898034	624.3821835548
134	0	3885445131833935639	15221016086609522805	2932207470532241039	3885445131833935639	-5727.8574218750	0.0000000000	-0.0001622057	625.8782773048
115	0	13890523822809070059	15221016086609522805	8915355851473952621	13890523822809070059	-5728.2529296875	0.0000000000	26.8678314807	626.2737851173
135	133	6501063417948473157	13240020165430802938	6501063417948473157	16057349327150252317	-5728.4028320312	0.0000000000	0.2715574357	0.7276174619
15	58	5172449686421620988	18252216294205614631	5486050585515673844	17924158077866545808	-5728.4965820312	0.0000000000	222.1089777512	88.0176859600
108	117	17905867889945629384	18128442164196861380	1882048438464212187	18128442164196861380	-5729.2490234375	0.0000000000	33.5318438147	26.9465280969
137	0	8572479704234842661	15221016086609522805	8572479704234842661	15315989956036479519	-5729.2949218750	0.0000000000	0.3861977320	627.3157773048
98	1	5429774317055184433	12753113776263123193	2344502750490097896	11977015803984797738	-5729.4404296875	0.0000000000	56.1354431087	625.8404936709
139	0	9673084771884511337	15221016086609522805	3092253474612958375	9673084771884511337	-5730.3959960938	0.0000000000	0.0092089102	628.4168515235
23	109	6630773948500988778	13114736740414832655	13114736740414832655	13966204215167123543	-5730.4179687500	0.0000000000	180.6524291648	33.8463378944
138	0	11138027275689725995	15221016086609522805	11138027275689725995	17809925222516616116	-5730.5297851562	0.0000000000	1.4809368850	628.5506405860
65	1	6498101273036787806	12753113776263123193	8507916967654361508	16031457259780559954	-5730.7827148438	0.0000000000	87.7490208327	627.1827788271
142	0	1175715327049537519	15221016086609522805	1175715327049537519	14647874369224690421	-5731.4091796875	0.0000000000	0.6021778717	629.4300351173
146	0	6550155639339330390	15221016086609522805	6550155639339330390	12903976037432776507	-5731.5971679688	0.0000000000	0.0000712227	629.6180233985
0	140	15221016086609522805	16147180964666304992	10804285096595861617	16147180964666304992	-5731.6401367188	0.0000000000	629.6609921485	1.2238717199
142	147	1175715327049537519	10448748104294233481	3720780472721961891	10448748104294233481	-5731.6538085938	0.0000000000	0.8468067779	0.0171691003
143	0	2760798961681686897	15221016086609522805	2760798961681686897	7572344098970728092	-5731.8081054688	0.0000000000	0.8155941495	629.8289608985
148	0	6123593487501246466	15221016086609522805	6123593487501246466	14124867824191605686	-5731.8339843750	0.0000000000	-0.0000379543	629.8548398048
145	0	9644021560959724837	15221016086609522805	9644021560959724837	10230139625793198994	-5731.8505859375	0.0000000000	0.3098961566	629.8714413673
65	69	6498101273036787806	11585361907028998636	349935733090393788	14302741772296841076	-5731.9355468750	0.0000000000	88.9018528640	87.6831487813
28	110	14981057266702632933	15458311677890411195	15458311677890411195	18049103337164664722	-5731.9541015625	0.0000000000	171.1414375179	34.9040113894
104	1	10648092069212644821	12753113776263123193	6023323574300648624	16608068951309922898	-5732.1230468750	0.0000000000	43.6097503013	628.5231108584
149	0	4869418722311138739	15221016086609522805	4869418722311138739	11601712065555662566	-5732.1982421875	0.0000000000	-0.0002410580	630.2190976173
144	1	3691398893405545589	12753113776263123193	3691398893405545589	17355672671435052474	-5732.2597656250	0.0000000000	0.7737654684	628.6598296084
138	1	11138027275689725995	12753113776263123193	1182905951424145429	13705814252369746381	-5732.3061523438	0.0000000000	3.2573040725	628.7062163271
147	0	10448748104294233481	15221016086609522805	10448748104294233481	10790314338519759441	-5732.3066406250	0.0000000000	0.6700011316	630.3274960548
130	108	3774862949860648472	17905867889945629384	8611273213658413830	14435146659759593836	-5732.5678710938	0.0000000000	8.1930251695	36.8506914710
131	108	4843025929106766022	17905867889945629384	1462002521049652348	8611273213658413830	-5732.5678710938	0.0000000000	8.1930106377	36.8506914710
151	0	7443028551863111232	15221016086609522805	1279668667430007552	7443028551863111232	-5732.6142578125	0.0000000000	0.0068687602	630.6351132423
144	0	3691398893405545589	15221016086609522805	3691398893405545589	14899600926010415058	-5732.6201171875	0.0000000000	1.1341170309	630.6409726173
153	0	13219041117034737025	15221016086609522805	7611264789040101111	13219041117034737025	-5732.7094726562	0.0000000000	0.0001253351	630.7303280860
17	88	10071895424287447115	16984824116007127196	10771838474687391522	16462757385682935583	-5732.8598632812	0.0000000000	217.7625696025	65.3434771677
26	148	1239271681634573515	6123593487501246466	2863572535493188623	6123593487501246466	-5733.0122070312	0.0000000000	177.2679243289	1.1781847019
149	23	4869418722311138739	6630773948500988778	4869418722311138739	13548619818012585724	-5733.1240234375	0.0000000000	0.9255401920	183.3584838523
150	0	5473114197301976295	15221016086609522805	4846964374533102225	5473114197301976295	-5733.1289062500	0.0000000000	0.5507860258	631.1497616798
154	0	2113235534335953540	15221016086609522805	7152635517419053347	7694471305080145158	-5733.3349609375	0.0000000000	0.5401862631	631.3558163673
159	0	9057405971203966034	15221016086609522805	6084688435634022223	9057405971203966034	-5734.1918945312	0.0000000000	0.0829398681	632.2127499610
160	0	9429347533028529612	15221016086609522805	8948028424751653494	9429347533028529612	-5734.2006835938	0.0000000000	0.0004560432	632.2215390235
133	0	13240020165430802938	15221016086609522805	2273057785695594431	14431071020263235259	-5734.2207031250	0.0000000000	6.5454885557	632.2415585548
52	57	664481132933813367	9273028995056221233	1712930891315458276	13120783662627160198	-5734.5444335938	0.0000000000	97.0325741332	94.2629494435
164	0	2039940966822895999	15221016086609522805	2039940966822895999	15221594785011349986	-5734.6640625000	0.0000000000	0.0047307508	632.6849179298
162	0	7906027634024779515	15221016086609522805	1131797109203851713	15267575866003612595	-5734.7768554688	0.0000000000	0.3923764348	632.7977108985
155	0	1175476278868740861	15221016086609522805	9696983529584395409	14665961819817815423	-5734.9379882812	0.0000000000	1.7624297690	632.9588437110
156	0	4298503306759921955	15221016086609522805	8597334567954047353	11803697683496263967	-5734.9418945312	0.0000000000	1.7027589329	632.9627499610
157	0	4060372276369201183	15221016086609522805	4060372276369201183	16886237973615759508	-5735.0410156250	0.0000000000	1.5153041030	633.0618710548
163	0	8427962877730165568	15221016086609522805	7382428629693577925	8427962877730165568	-5735.0537109375	0.0000000000	0.6477934349	633.0745663673
146	1	6550155639339330390	12753113776263123193	6550155639339330390	17875770737099927105	-5735.1777343750	0.0000000000	3.5806376289	631.5777983584
158	0	7829537813435256528	15221016086609522805	7829537813435256528	11181578420661318702	-5735.3188476562	0.0000000000	1.4530957457	633.3397030860
148	1	6123593487501246466	12753113776263123193	6123593487501246466	18197793793134332355	-5735.3320312500	0.0000000000	3.4980089207	631.7320952334
0	161	15221016086609522805	15409600207745920212	1418450682587715344	15409600207745920212	-5735.5649414062	0.0000000000	633.5857968360	1.2304112130
162	92	7906027634024779515	9796942414009732110	470200899628612514	17666408617434389683	-5735.6567382812	0.0000000000	1.2722592473	66.0698406488
164	1	2039940966822895999	12753113776263123193	2039940966822895999	17975147749320940291	-5735.7763671875	0.0000000000	1.1170354383	632.1764311709
69	32	11585361907028998636	17313221683668627284	10186805448141521233	12472868427127022430	-5735.7832031250	0.0000000000	91.5308050313	162.9048839346
168	0	6560037867822544406	15221016086609522805	4736096540013916213	6560037867822544406	-5736.5585937500	0.0000000000	0.0047667395	634.5794491798
167	0	3994205113134262466	15221016086609522805	3994205113134262466	14894336258018398451	-5736.6503906250	0.0000000000	0.1713490895	634.6712460548
166	0	14195427883728256467	15221016086609522805	14195427883728256467	18242547806316307042	-5736.8754882812	0.0000000000	1.1180059724	634.8963437110
24	166	210871534256336854	14195427883728256467	11200296535023092306	16125697541465565672	-5736.9301757812	0.0000000000	182.1319949225	1.1726934724
170	0	4280365925817420695	15221016086609522805	4280365925817420695	10190808926532809036	-5737.0253906250	0.0000000000	-0.0001167164	635.0462460548
171	0	12293498998766718908	15221016086609522805	3337838493156242135	12293498998766718908	-5737.0776367188	0.0000000000	-0.0001095597	635.0984921485
70	58	16803996333145386595	18252216294205614631	9719602537181749169	10374553490985845608	-5737.1147460938	0.0000000000	92.6161691806	96.6358500225
172	0	14146380416736157120	15221016086609522805	10529043685300260984	14146380416736157120	-5737.4296875000	0.0000000000	0.2542445325	635.4505429298
173	0	10065930550137875708	15221016086609522805	7494408475617625269	10065930550137875708	-5737.4555664062	0.0000000000	-0.0001929087	635.4764218360
174	0	8805611226525445596	15221016086609522805	8805611226525445596	16633461230978741315	-5737.4814453125	0.0000000000	-0.0000230919	635.5023007423
174	1	8805611226525445596	12753113776263123193	8805611226525445596	12037781445209366070	-5737.4814453125	0.0000000000	-0.0000230919	633.8815092959
136	0	4127441697612473016	15221016086609522805	4127441697612473016	11868762014178522410	-5737.5307617188	0.0000000000	8.7696176980	635.5516171485
25	174	7967647552110568238	8805611226525445596	8805611226525445596	17176398299369602398	-5737.6733398438	0.0000000000	182.6860557034	0.1918714394
169	0	13034858038476675034	15221016086609522805	705223099531359486	7823406366297321245	-5737.7568359375	0.0000000000	0.9689307586	635.7776913673
177	0	10845768694574196416	15221016086609522805	10845768694574196416	12534889400396302534	-5737.8310546875	0.0000000000	0.1912103820	635.8519101173
175	0	10366695729250769626	15221016086609522805	1833185734539697790	10366695729250769626	-5737.9008789062	0.0000000000	0.3042716600	635.9217343360
175	1	10366695729250769626	12753113776263123193	4028134601218793237	10366695729250769626	-5737.9023437500	0.0000000000	0.3057365037	634.3024077334
184	0	9320668776790261853	15221016086609522805	9320668776790261853	11885328272528115012	-5737.9062500000	0.0000000000	0.1130896603	635.9271054298
186	0	10759831731994767082	15221016086609522805	10606303397691062286	10759831731994767082	-5737.9067382812	0.0000000000	0.0002843504	635.9275937110
176	0	1393665182747235182	15221016086609522805	1393665182747235182	7752402639640604510	-5737.9335937500	0.0000000000	0.3303276268	635.9544491798
135	0	6501063417948473157	15221016086609522805	6501063417948473157	18284034506819025444	-5737.9638671875	0.0000000000	9.8325925920	635.9847226173
130	117	3774862949860648472	18128442164196861380	7900832432695308482	18187987641010552493	-5738.0278320312	0.0000000000	13.6529861070	35.7253366906
179	0	10188012188614629676	15221016086609522805	3423633658311676934	10188012188614629676	-5738.2187500000	0.0000000000	0.5579367620	636.2396054298
0	190	15221016086609522805	16995391545415583687	8079425103314589569	16995391545415583687	-5738.3793945312	0.0000000000	636.4002499610	0.2860100832
182	0	4547174512071426890	15221016086609522805	4547174512071426890	5354362276334880640	-5738.3891601562	0.0000000000	0.6858168734	636.4100155860
183	0	11688339149006408260	15221016086609522805	11688339149006408260	13912323816322730568	-5738.3940429688	0.0000000000	0.6731023177	636.4148983985
23	184	6630773948500988778	9320668776790261853	6587057442583698232	9320668776790261853	-5738.3959960938	0.0000000000	188.6304565086	0.6028357541
1	190	12753113776263123193	16995391545415583687	16995391545415583687	18444614003888958677	-5738.3999023438	0.0000000000	634.7999663271	0.3065178957
173	1	10065930550137875708	12753113776263123193	4695946873970446587	10065930550137875708	-5738.5170898438	0.0000000000	1.0613305288	634.9171538271
93	30	89952029784146691	2278029858546778398	11018244235704409688	13626648318409079496	-5738.5727539062	0.0000000000	68.9776718043	170.3446877770
42	1	6152359985186090799	12753113776263123193	3749947400032798710	5936582365909581528	-5738.5878906250	0.0000000000	129.8540886213	634.9879546084
194	0	6375723011747303552	15221016086609522805	6375723011747303552	10955177004844153026	-5738.6391601562	0.0000000000	0.0224028113	636.6600155860
1	85	12753113776263123193	17111254375624499151	5583255628803628266	12176053862488658535	-5738.6640625000	0.0000000000	635.0641264834	72.5369736466
179	1	10188012188614629676	12753113776263123193	10188012188614629676	15393825427534601977	-5738.7875976562	0.0000000000	1.1267844182	635.1876616396
193	0	13641857772687375611	15221016086609522805	1559008413946992168	13641857772687375611	-5738.8222656250	0.0000000000	0.2115344420	636.8431210548
191	0	91322536462823321	15221016086609522805	91322536462823321	12057997715447220031	-5738.9506835938	0.0000000000	0.4082501810	636.9715390235
185	0	13676778451789343109	15221016086609522805	11368406717455920504	13676778451789343109	-5739.0444335938	0.0000000000	1.1573109402	637.0652890235
199	0	14344728840807513986	15221016086609522805	14344728840807513986	15286221630600563265	-5739.0991210938	0.0000000000	-0.0000428394	637.1199765235
1	105	12753113776263123193	13662767098567528716	1456790761958344635	2841564487991773354	-5739.1606445312	0.0000000000	635.5607085146	48.9137450321
198	1	8173136239798350589	12753113776263123193	8173136239798350589	15020308300745406106	-5739.2060546875	0.0000000000	0.2058430925	635.6061186709
187	0	13130127377521294155	15221016086609522805	400596823116347400	13130127377521294155	-5739.2084960938	0.0000000000	1.2869592562	637.2293515235
188	0	10291453303331884426	15221016086609522805	7786129964581634252	10291453303331884426	-5739.2084960938	0.0000000000	1.2483279842	637.2293515235
200	0	7976639909079694039	15221016086609522805	7976639909079694039	15551788257104697386	-5739.2099609375	0.0000000000	0.0000198533	637.2308163673
195	0	1368076328845123205	15221016086609522805	1368076328845123205	9437388509761035319	-5739.2436523438	0.0000000000	0.3771131622	637.2645077735
0	201	15221016086609522805	18371674330327410423	18290965045829919971	18371674330327410423	-5739.3188476562	0.0000000000	637.3397030860	0.0576110538
202	0	9367891856191450711	15221016086609522805	9367891856191450711	11845117098644347687	-5739.3266601562	0.0000000000	0.0000350126	637.3475155860
203	0	2550896434966769300	15221016086609522805	1603053905443293243	2550896434966769300	-5739.4096679688	0.0000000000	0.0278747689	637.4305233985
104	31	10648092069212644821	17835614444364296807	13676944748590492579	17062613897111484265	-5739.4829101562	0.0000000000	50.9696135825	170.5730507082
192	0	4354706759366429111	15221016086609522805	4354706759366429111	18329393899139220477	-5739.5014648438	0.0000000000	0.9223857151	637.5223202735
1	108	12753113776263123193	17905867889945629384	9614220961929144163	15086580152998115456	-5739.5043945312	0.0000000000	635.9044585146	43.7872149085
204	0	332077529284085442	15221016086609522805	332077529284085442	18075105928881881441	-5739.5258789062	0.0000000000	-0.0001562155	637.5467343360
205	0	3913147988987290205	15221016086609522805	3913147988987290205	8558675120866561890	-5739.5268554688	0.0000000000	-0.0000945302	637.5477108985
205	1	3913147988987290205	12753113776263123193	2548830930589958546	3913147988987290205	-5739.5268554688	0.0000000000	-0.0000945302	635.9269194521
207	0	14161097397908386750	15221016086609522805	13399314619187251465	14161097397908386750	-5739.5966796875	0.0000000000	0.0001289171	637.6175351173
208	0	3066418924290866927	15221016086609522805	3066418924290866927	14907132718355514337	-5739.5966796875	0.0000000000	0.0001246199	637.6175351173
0	196	15221016086609522805	17187274373209183406	11432289650310843708	17187274373209183406	-5739.8417968750	0.0000000000	637.8626523048	0.8554805504
164	97	2039940966822895999	4004522167842681718	3273817066868293058	5688692882299988605	-5739.8945312500	0.0000000000	5.2351995008	67.1753502504
0	210	15221016086609522805	18063216169346990274	15183052860499766556	18063216169346990274	-5739.9487304688	0.0000000000	637.9695858985	0.0317379200
152	0	15103314686429878655	15221016086609522805	3547849034980236230	18223892814508596043	-5740.0161132812	0.0000000000	7.3577904682	638.0369687110
211	0	8520636245244568513	15221016086609522805	178933634158474488	8520636245244568513	-5740.0664062500	0.0000000000	0.0001890791	638.0872616798
212	0	5575402808279569495	15221016086609522805	3811599967925861059	5575402808279569495	-5740.2812500000	0.0000000000	0.1529022178	638.3021054298
214	0	2147049734007042371	15221016086609522805	2147049734007042371	5232669780263380934	-5740.2861328125	0.0000000000	0.0223788481	638.3069882423
215	0	14671475947223475433	15221016086609522805	4325925654169826257	13565982213469883742	-5740.4038085938	0.0000000000	0.0992348358	638.4246640235
216	1	7855533398751997867	12753113776263123193	7855533398751997867	15149518920467344927	-5740.4150390625	0.0000000000	0.1015820615	636.8151030459
186	68	10759831731994767082	11809034166546390600	3010465775289570934	10759831731994767082	-5740.5898437500	0.0000000000	2.6833898192	96.8973736403
24	58	210871534256336854	18252216294205614631	2603904142376259323	18252216294205614631	-5740.7968750000	0.0000000000	185.9986941412	100.3179789287
222	223	1454943681584207717	1577933722602047695	1454943681584207717	1577933722602047695	-5740.8789062500	0.0000000000	-0.0000061320	-0.0000509398
1	221	12753113776263123193	14487464661556865152	14487464661556865152	16254259145577293857	-5740.8813476562	0.0000000000	637.2814116396	0.0104804966
220	1	339315167013275500	12753113776263123193	339315167013275500	9228131008093355832	-5740.8813476562	0.0000000000	0.0253132329	637.2814116396
225	226	8543006233821805286	14966095627744374007	8543006233821805286	14966095627744374007	-5740.9365234375	0.0000000000	0.0000609548	0.0000145365
198	0	8173136239798350589	15221016086609522805	5498346247976201649	8173136239798350589	-5740.9809570312	0.0000000000	1.9807454363	639.0018124610
0	206	15221016086609522805	15570564518856557755	1457253607117676275	15570564518856557755	-5741.0722656250	0.0000000000	639.0931210548	1.5043925360
227	228	2967632487785491629	17810582508830684354	2967632487785491629	17810582508830684354	-5741.0913085938	0.0000000000	-0.0001848088	-0.0001967309
157	37	4060372276369201183	14594273372401008368	9470013574864245549	14363048338761094916	-5741.1186523438	0.0000000000	7.5929408218	150.0604505778
178	0	7831179653251874954	15221016086609522805	7831179653251874954	11155222699891761185	-5741.1625976562	0.0000000000	3.5129936366	639.1834530860
0	224	15221016086609522805	16305543228463479985	4884408025850538410	9462012688339503448	-5741.2290039062	0.0000000000	639.2498593360	0.3428115623
222	0	1454943681584207717	15221016086609522805	1454943681584207717	9677847995351391243	-5741.3120117188	0.0000000000	0.4330993368	639.3328671485
24	152	210871534256336854	15103314686429878655	4882330532681561543	15785806073273913311	-5741.3242187500	0.0000000000	186.5260378912	8.6658959369
230	0	2681962242798742062	15221016086609522805	2681962242798742062	13057710037185406841	-5741.3676757812	0.0000000000	-0.0002300002	639.3885312110
225	0	8543006233821805286	15221016086609522805	8543006233821805286	17795556242586936701	-5741.3886718750	0.0000000000	0.4522093923	639.4095273048
0	219	15221016086609522805	16677953902603281723	1897773092780776182	16677953902603281723	-5741.4458007812	0.0000000000	639.4666562110	0.7354550289
0	232	15221016086609522805	16811189129495025739	1237397363361579472	16811189129495025739	-5741.4833984375	0.0000000000	639.5042538673	-0.0002027181
220	74	339315167013275500	5715870996114186474	339315167013275500	2755835065803302273	-5741.4921875000	0.0000000000	0.6361530767	96.2833808306
0	228	15221016086609522805	17810582508830684354	14833300521743317490	17810582508830684354	-5741.6655273438	0.0000000000	639.6863827735	0.5740220191
227	0	2967632487785491629	15221016086609522805	2967632487785491629	7282374520681522131	-5741.6655273438	0.0000000000	0.5740339412	639.6863827735
216	0	7855533398751997867	15221016086609522805	2791965121969672408	7855533398751997867	-5741.8266601562	0.0000000000	1.5132031552	639.8475155860
229	0	276075007113942644	15221016086609522805	276075007113942644	16414319728152159206	-5741.9399414062	0.0000000000	0.6115044991	639.9607968360
73	112	13813404996492676593	16867167516496231944	13071498772624087249	14401837561546329576	-5741.9443359375	0.0000000000	96.9063296732	42.1005168931
1	112	12753113776263123193	16867167516496231944	13071498772624087249	16036441405624161347	-5741.9448242188	0.0000000000	638.3448882021	42.1010051743
0	180	15221016086609522805	15340729846944557701	14095737840508409137	15340729846944557701	-5741.9609375000	0.0000000000	639.9817929298	4.2984020564
77	231	7030368669419776724	8865006247373495527	8510230184627414215	16466081321664748271	-5742.0585937500	0.0000000000	95.8859829565	0.6765429745
242	0	10613761703278011895	15221016086609522805	10613761703278011895	11852306990650080025	-5742.1357421875	0.0000000000	-0.0001359024	640.1565976173
225	1	8543006233821805286	12753113776263123193	2809208002826860786	9086183624878911387	-5742.1733398438	0.0000000000	1.2368773611	638.5734038271
141	0	8184212628098466647	15221016086609522805	10692818843947067349	17247976492272747857	-5742.1738281250	0.0000000000	11.4584872736	640.1946835548
200	1	7976639909079694039	12753113776263123193	7976639909079694039	8869011167440068343	-5742.1909179688	0.0000000000	2.9809768845	638.5909819521
241	0	7092069914974196231	15221016086609522805	1874089135897843399	7092069914974196231	-5742.1943359375	0.0000000000	0.0790849430	640.2151913673
240	0	14484576746029815489	15221016086609522805	12637333099979483083	14484576746029815489	-5742.2465820312	0.0000000000	0.2357235544	640.2674374610
223	0	1577933722602047695	15221016086609522805	1577933722602047695	6173183845581822609	-5742.3198242188	0.0000000000	1.4408670290	640.3406796485
232	58	16811189129495025739	18252216294205614631	12429569407371548772	16811189129495025739	-5742.3447265625	0.0000000000	0.8611254069	101.8658304912
226	0	14966095627744374007	15221016086609522805	12527539201166085587	14966095627744374007	-5742.3852539062	0.0000000000	1.4487450052	640.4061093360
233	0	5968833872771550912	15221016086609522805	3406443315700397047	5968833872771550912	-5742.4311523438	0.0000000000	0.8175014657	640.4520077735
181	0	4474893942070555813	15221016086609522805	5671553437637709375	7021156305750038635	-5742.4458007812	0.0000000000	4.7742986785	640.4666562110
231	0	8865006247373495527	15221016086609522805	1974052668504176815	8865006247373495527	-5742.4741210938	0.0000000000	1.0920703182	640.4949765235
237	0	15208334053906501286	15221016086609522805	8219665833893308360	15208334053906501286	-5742.4931640625	0.0000000000	0.5605948308	640.5140194923
211	1	8520636245244568513	12753113776263123193	8520636245244568513	13281811608303302634	-5742.6455078125	0.0000000000	2.5792906416	639.0455717959
81	23	4304184441709736033	6630773948500988778	12214508780472141821	16299809300324359097	-5742.6557617188	0.0000000000	81.1113721959	192.8902221336
246	245	8409198093573859160	13742605127623318797	8409198093573859160	13742605127623318797	-5742.7080078125	0.0000000000	-0.0000090252	0.0000009636
0	238	15221016086609522805	15528924478213524472	5792042419803039209	15528924478213524472	-5742.7353515625	0.0000000000	640.7562069923	0.7983359980
189	133	3751112252397835480	13240020165430802938	3751112252397835480	16803193553147799173	-5742.7368164062	0.0000000000	4.7410415197	15.0616018369
145	1	9644021560959724837	12753113776263123193	15017960934570683998	16104218620281301617	-5742.7407226562	0.0000000000	11.2000328753	639.1407866396
245	0	13742605127623318797	15221016086609522805	620860454168677152	13742605127623318797	-5742.7705078125	0.0000000000	0.0625009636	640.7913632423
246	1	8409198093573859160	12753113776263123193	8409198093573859160	15163683959199007856	-5742.7705078125	0.0000000000	0.0624909748	639.1705717959
247	0	3876609355248643362	15221016086609522805	3876609355248643362	5444805530616162634	-5742.8105468750	0.0000000000	0.0250048933	640.8314023048
248	0	265518495563092191	15221016086609522805	265518495563092191	14240434511608328749	-5742.8354492188	0.0000000000	0.0361999706	640.8563046485
15	243	5172449686421620988	10612257568968467463	1227237888974568016	10612257568968467463	-5742.8437500000	0.0000000000	236.4561457199	0.4298997595
0	235	15221016086609522805	16889195450473229822	15614894188666252611	16889195450473229822	-5742.8481445312	0.0000000000	640.8689999610	0.9992030380
142	1	1175715327049537519	12753113776263123193	10717248689725089868	12515786798757228035	-5742.8784179688	0.0000000000	12.0714161529	639.2784819521
129	96	843871688574068208	1196242235819385383	7173809265310687883	17672561933104052786	-5742.9096679688	0.0000000000	19.1697351516	70.2589014136
96	104	1196242235819385383	10648092069212644821	7173809265310687883	16632300039434637426	-5742.9135742188	0.0000000000	70.2628076636	54.4002776450
63	169	3547315560768958829	13034858038476675034	331231983692357161	16691559811446109821	-5742.9243164062	0.0000000000	100.4990481229	6.1364112274
189	0	3751112252397835480	15221016086609522805	15456330108164711409	17929255283141587694	-5742.9262695312	0.0000000000	4.9304946447	640.9471249610
250	249	7680411003577536631	12856561312224696800	7680411003577536631	12856561312224696800	-5742.9379882812	0.0000000000	0.0001678056	0.0002343644
218	106	13225181314138185371	14885075719774775936	13225181314138185371	13933880811679026713	-5742.9584960938	0.0000000000	2.4950683379	52.6905759245
197	0	5812912049439683778	15221016086609522805	5812912049439683778	7235751019920408020	-5742.9956054688	0.0000000000	4.0083377103	641.0164608985
244	0	6888346760554175873	15221016086609522805	6135140433154501608	6888346760554175873	-5743.0654296875	0.0000000000	0.5578474060	641.0862851173
254	0	5622008059262025067	15221016086609522805	5622008059262025067	13291091116804760417	-5743.1113281250	0.0000000000	0.0000668021	641.1321835548
243	0	10612257568968467463	15221016086609522805	10612257568968467463	16239255479077832483	-5743.1147460938	0.0000000000	0.7008958532	641.1356015235
0	252	15221016086609522805	15648273210995357689	274856217591441803	15648273210995357689	-5743.1499023438	0.0000000000	641.1707577735	0.1574180860
50	79	1771766641486952596	8546715155521256688	4129957941138857735	9225651411167403427	-5743.1972656250	0.0000000000	107.9167231769	92.3973895235
255	1	499058146448118868	12753113776263123193	499058146448118868	16060313657557391013	-5743.2319335938	0.0000000000	-0.0001872696	639.6319975771
78	32	5723884008305783145	17313221683668627284	7531586076214303598	13265154885157768975	-5743.3188476562	0.0000000000	95.8455005811	170.4405284659
257	0	760165236290042596	15221016086609522805	760165236290042596	12548799930105826311	-5743.4189453125	0.0000000000	0.0000961403	641.4398007423
258	0	4897407084056646699	15221016086609522805	4897407084056646699	18429793541151090252	-5743.4189453125	0.0000000000	0.0000132152	641.4398007423
213	0	1769829683180128768	15221016086609522805	1769829683180128768	15137177294621467514	-5743.4194335938	0.0000000000	3.2446238971	641.4402890235
259	0	4440597929752550193	15221016086609522805	3224262926054814369	4440597929752550193	-5743.4755859375	0.0000000000	-0.0000383528	641.4964413673
150	1	5473114197301976295	12753113776263123193	3035768243813693300	8827462521977596257	-5743.4780273438	0.0000000000	10.8999071196	639.8780913271
246	0	8409198093573859160	15221016086609522805	6562131612809155138	8409198093573859160	-5743.4799804688	0.0000000000	0.7719636310	641.5008358985
26	115	1239271681634573515	13890523822809070059	6662018389272509119	14247401286604535903	-5743.5361328125	0.0000000000	187.7918501102	42.1510346057
203	1	2550896434966769300	12753113776263123193	2550896434966769300	7142436177159318038	-5743.6762695312	0.0000000000	4.2944763314	640.0763335146
1	260	12753113776263123193	13059888904303204342	8955060428105266638	13059888904303204342	-5743.6821289062	0.0000000000	640.0821928896	0.0548165117
1	31	12753113776263123193	17835614444364296807	24702519357138906	6230792566627380006	-5743.7080078125	0.0000000000	640.1080717959	174.7981483644
77	116	7030368669419776724	14741304940271439963	1451127332493768611	2326010640474722693	-5743.7353515625	0.0000000000	97.5627407690	41.6280938524
209	0	11756278747900829216	15221016086609522805	4773151561790691936	6608264374264762231	-5743.7382812500	0.0000000000	3.9309804707	641.7591366798
250	0	7680411003577536631	15221016086609522805	7680411003577536631	8843948015064080484	-5743.7382812500	0.0000000000	0.8004607744	641.7591366798
260	0	13059888904303204342	15221016086609522805	11134580875744180524	13059888904303204342	-5743.9272460938	0.0000000000	0.2999336992	641.9481015235
263	0	11280343051271942673	15221016086609522805	11280343051271942673	15002435448906750231	-5744.0078125000	0.0000000000	-0.0000796094	642.0286679298
209	1	11756278747900829216	12753113776263123193	4773151561790691936	12267407090519408748	-5744.0771484375	0.0000000000	4.2698476582	640.4772124209
1	224	12753113776263123193	16305543228463479985	3150696077872118781	4884408025850538410	-5744.2275390625	0.0000000000	640.6276030459	3.3413467185
255	0	499058146448118868	15221016086609522805	499058146448118868	17188075149235376656	-5744.2329101562	0.0000000000	1.0007892929	642.2537655860
14	71	1746333094194947617	5879536763131588660	189285289317828121	749665750756866417	-5744.2587890625	0.0000000000	247.4604958122	99.4613812496
251	0	2183924662615308082	15221016086609522805	2183924662615308082	3351546807339362948	-5744.3251953125	0.0000000000	1.3473476893	642.3460507423
256	0	3080397209565477173	15221016086609522805	3080397209565477173	18053483486736490052	-5744.4575195312	0.0000000000	1.1752646885	642.4783749610
264	0	13569224639423091471	15221016086609522805	9353196121243236755	13569224639423091471	-5744.5341796875	0.0000000000	0.2268909839	642.5550351173
248	50	265518495563092191	1771766641486952596	265518495563092191	12530164736810919421	-5744.5913085938	0.0000000000	1.7920593456	109.3107661457
262	0	3921060156707508196	15221016086609522805	1549380392128839610	3921060156707508196	-5744.9497070312	0.0000000000	1.0174327442	642.9705624610
23	113	6630773948500988778	15593933040557681122	17454900941741412483	17834316599722024183	-5745.0717773438	0.0000000000	195.3062377586	45.2278878875
102	1	10208826479123151425	12753113776263123193	9614220961929144163	14811403807639351581	-5745.1362304688	0.0000000000	68.2481083267	641.5362944521
267	1	9708521219130937246	12753113776263123193	9708521219130937246	17552536171690717663	-5745.1484375000	0.0000000000	0.0455991045	641.5485014834
249	0	12856561312224696800	15221016086609522805	5035154363376011112	12856561312224696800	-5745.1489257812	0.0000000000	2.2111718644	643.1697812110
14	57	1746333094194947617	9273028995056221233	5741102642352848139	16013427303243686815	-5745.2368164062	0.0000000000	248.4385231560	104.9553322560
101	1	9056861463825976720	12753113776263123193	14817960427745548552	16401437085037701046	-5745.3779296875	0.0000000000	68.9302900436	641.7779936709
261	0	5112073433673893925	15221016086609522805	3049895640570717844	5112073433673893925	-5745.4775390625	0.0000000000	1.6551197999	643.4983944923
0	265	15221016086609522805	17418903967092094376	5495301435269082074	17418903967092094376	-5745.7270507812	0.0000000000	643.7479062110	0.8228969133
257	1	760165236290042596	12753113776263123193	760165236290042596	15322355424699608540	-5745.9511718750	0.0000000000	2.5323227028	642.3512358584
0	270	15221016086609522805	16532345543369673034	289889015589141411	16532345543369673034	-5746.1142578125	0.0000000000	644.1351132423	0.0236006784
0	266	15221016086609522805	17655491391806051166	15602361971039130010	17655491391806051166	-5746.2651367188	0.0000000000	644.2859921485	1.1946803926
234	0	8354792318260452016	15221016086609522805	12411512078220983867	13138385682654650288	-5746.2963867188	0.0000000000	4.6472988913	644.3172421485
271	0	2267570377842851033	15221016086609522805	2267570377842851033	13600382162081352388	-5746.3486328125	0.0000000000	0.1240100086	644.3694882423
267	0	9708521219130937246	15221016086609522805	9708521219130937246	15015057130404226159	-5746.3544921875	0.0000000000	1.2516537920	644.3753476173
274	0	1510465307834887730	15221016086609522805	1510465307834887730	9199917069017857849	-5746.4599609375	0.0000000000	0.0947558339	644.4808163673
239	0	9635729155376028116	15221016086609522805	847440425412528697	10028291741928804287	-5746.6040039062	0.0000000000	4.6086106793	644.6248593360
189	122	3751112252397835480	8217744443979320666	112717107317644900	8871823644606185755	-5746.8383789062	0.0000000000	8.8426040197	42.2610503224
0	272	15221016086609522805	16942265397203069476	6776806352259557245	16942265397203069476	-5747.1909179688	0.0000000000	645.2117733985	0.9518511061
273	0	8437221467039278081	15221016086609522805	8437221467039278081	16682598287222917525	-5747.1909179688	0.0000000000	0.9517672410	645.2117733985
276	1	3223144128740513888	12753113776263123193	3223144128740513888	5654354680231926709	-5747.4238281250	0.0000000000	0.6796023803	643.8238921084
277	0	14370973643452060459	15221016086609522805	4915354736063033996	14370973643452060459	-5747.6440429688	0.0000000000	0.6077581847	645.6648983985
24	239	210871534256336854	9635729155376028116	6178169246498399802	15593264656038624140	-5747.9018554688	0.0000000000	193.1036746100	5.9064622418
181	1	4474893942070555813	12753113776263123193	8812708228513314859	9815430329473219346	-5748.1064453125	0.0000000000	10.4349432097	644.5065092959
269	0	14265079532518532404	15221016086609522805	12538156886086452548	15063627374968944764	-5748.7021484375	0.0000000000	3.4714656451	646.7230038673
278	0	9013018943794570303	15221016086609522805	1623391881820874985	9013018943794570303	-5748.7021484375	0.0000000000	0.7197052306	646.7230038673
23	80	6630773948500988778	7831107507095343043	5040330732318153089	8523904926875124782	-5751.3583984375	0.0000000000	201.5928588523	89.9525374926
143	1	2760798961681686897	12753113776263123193	5777132787546004151	14705145831144581536	-5752.5175781250	0.0000000000	21.5250668058	648.9176421084
151	1	7443028551863111232	12753113776263123193	7106665197560111432	11284500323037703086	-5752.8920898438	0.0000000000	20.2847007914	649.2921538271
154	1	2113235534335953540	12753113776263123193	11458756175475479850	14248178161545816028	-5756.1020507812	0.0000000000	23.3072761068	652.5021147646
221	0	14487464661556865152	15221016086609522805	11235860587151679297	14487464661556865152	-5756.7802734375	0.0000000000	15.9094062779	654.8011288673
141	106	8184212628098466647	14885075719774775936	8184212628098466647	17365898730454738238	-5757.7612304688	0.0000000000	27.0458896174	67.4933102995
141	27	8184212628098466647	13658156977738331735	8184212628098466647	15642517984084698699	-5758.2016601562	0.0000000000	27.4863193049	198.1232137529
27	161	13658156977738331735	15409600207745920212	10975761856337733690	16399043914818706325	-5758.2714843750	0.0000000000	198.1930379716	23.9369541818
204	1	332077529284085442	12753113776263123193	3435631140010582784	8696313826721106562	-5758.2822265625	0.0000000000	18.7561914407	654.6822905459
75	32	14945491480311489971	17313221683668627284	5015416696990357905	6893073521033677334	-5758.3549804688	0.0000000000	112.6210819507	185.4766612784
244	140	6888346760554175873	16147180964666304992	4325191071355376988	6888346760554175873	-5761.1665039062	0.0000000000	18.6589216247	30.7502389074
220	0	339315167013275500	15221016086609522805	339315167013275500	15313339793891350592	-5761.3100585938	0.0000000000	20.4540241704	659.3309140235
236	0	3539736657177170207	15221016086609522805	3539736657177170207	16109515041635548979	-5762.5883789062	0.0000000000	20.7285453315	660.6092343360
222	1	1454943681584207717	12753113776263123193	1454943681584207717	9687892013873933206	-5762.8417968750	0.0000000000	21.9628844930	659.2418608584
23	186	6630773948500988778	10759831731994767082	6677594232687872655	10759831731994767082	-5763.0874023438	0.0000000000	213.3218627586	25.1809484129
47	36	11077722086142534968	17732911286062199044	1226115094481776120	2641229562316321177	-5763.3300781250	0.0000000000	137.9966649672	173.6404690338
223	1	1577933722602047695	12753113776263123193	1577933722602047695	10323237890018174497	-5764.1977539062	0.0000000000	23.3187967165	660.5978178896
1	226	12753113776263123193	14966095627744374007	14966095627744374007	17562475394218117674	-5764.5039062500	0.0000000000	660.9039702334	23.5673973490
165	0	13462055826191661725	15221016086609522805	7120509761705007740	13462055826191661725	-5764.6425781250	0.0000000000	29.8582914189	662.6634335548
126	1	11736769587674986510	12753113776263123193	1291043842344387063	11736769587674986510	-5764.8325195312	0.0000000000	41.7972791881	661.2325835146
229	1	276075007113942644	12753113776263123193	276075007113942644	17359134111368296731	-5765.2426757812	0.0000000000	23.9142388741	661.6427397646
97	1	4004522167842681718	12753113776263123193	4004522167842681718	10179949678813195536	-5766.0312500000	0.0000000000	93.3120690004	662.4313139834
165	106	13462055826191661725	14885075719774775936	6649303727536970169	13462055826191661725	-5766.5551757812	0.0000000000	31.7708890751	76.2872556120
1	128	12753113776263123193	15299624881098287340	14228313329224846515	15299624881098287340	-5766.8286132812	0.0000000000	663.2286772646	43.5247110950
23	106	6630773948500988778	14885075719774775936	10812736604475744392	11885673024528773413	-5767.0688476562	0.0000000000	217.3033080711	76.8009274870
109	106	13114736740414832655	14885075719774775936	6702044132943903690	10812736604475744392	-5767.0688476562	0.0000000000	70.4972168006	76.8009274870
276	0	3223144128740513888	15221016086609522805	2738669369061073151	3223144128740513888	-5767.2802734375	0.0000000000	20.5360476928	665.3011288673
162	27	7906027634024779515	13658156977738331735	4696442505712469364	10735552188865317678	-5768.1171875000	0.0000000000	33.7327084660	208.0387410966
162	106	7906027634024779515	14885075719774775936	6112520808901975301	10735552188865317678	-5768.1171875000	0.0000000000	33.7327084660	77.8492673307
162	141	7906027634024779515	8184212628098466647	479238746659955590	10735552188865317678	-5768.1171875000	0.0000000000	33.7327084660	37.4018466486
167	1	3994205113134262466	12753113776263123193	748279756678772025	1256396376479159166	-5768.3452148438	0.0000000000	31.8661733083	664.7452788271
239	152	9635729155376028116	15103314686429878655	9635729155376028116	11793684002004140339	-5768.3735351562	0.0000000000	26.3781419293	35.7152123432
62	1	2028772486729210858	12753113776263123193	1307558326474926910	3432760403980017336	-5768.6562500000	0.0000000000	127.4342640097	665.0563139834
214	215	2147049734007042371	14671475947223475433	4325925654169826257	15579680062107785462	-5769.8842773438	0.0000000000	29.6205233794	29.5797035858
217	0	8416133364986290928	15221016086609522805	8416133364986290928	10332640325047522520	-5769.9936523438	0.0000000000	29.5927622466	668.0145077735
24	112	210871534256336854	16867167516496231944	6159739045218313051	9591910881526062497	-5770.0649414062	0.0000000000	215.2667605475	70.2211223618
268	0	2389722988731473702	15221016086609522805	2389722988731473702	5356691652804356883	-5770.9184570312	0.0000000000	25.7491073035	668.9393124610
1	210	12753113776263123193	18063216169346990274	9398158222610740754	18063216169346990274	-5770.9243164062	0.0000000000	667.3243803896	31.0073238575
273	1	8437221467039278081	12753113776263123193	1622002280893663652	4835336247230112929	-5771.4018554688	0.0000000000	25.1627047410	667.8019194521
1	272	12753113776263123193	16942265397203069476	11692804113578439715	15497795521830233069	-5771.4731445312	0.0000000000	667.8732085146	25.2340776686
275	66	10627730864276864834	12655565595841412139	10627730864276864834	11059047872632762281	-5771.9072265625	0.0000000000	25.5049960000	128.7624035276
92	252	9796942414009732110	15648273210995357689	12038246972985546116	15648273210995357689	-5772.0717773438	0.0000000000	102.4848797113	29.0792930860
165	27	13462055826191661725	13658156977738331735	2803403949940263567	5908445571901135041	-5772.2656250000	0.0000000000	37.4813382939	212.1871785966
1	106	12753113776263123193	14885075719774775936	7281605742715762629	10922875774940248257	-5772.4238281250	0.0000000000	668.8238921084	82.1559079557
105	32	13662767098567528716	17313221683668627284	1981445920271771326	17167978374801126416	-5772.4868164062	0.0000000000	82.2399169071	199.6084972159
106	252	14885075719774775936	15648273210995357689	2256882225082703346	15648273210995357689	-5772.9672851562	0.0000000000	82.6993649870	29.9748008985
146	27	6550155639339330390	13658156977738331735	6337793668188444299	17984336791860531942	-5773.1176757812	0.0000000000	41.5205790352	213.0392293779
215	106	14671475947223475433	14885075719774775936	17405097475959295680	17499098334874374880	-5773.5356445312	0.0000000000	33.2310707733	83.2677243620
162	161	7906027634024779515	15409600207745920212	9809322823657059506	12229498743649295377	-5774.1113281250	0.0000000000	39.7268490910	39.7767979318
120	219	7140592579498856083	16677953902603281723	3020222352930554145	7129980227622707126	-5774.1142578125	0.0000000000	71.0718501583	33.4039120602
1	169	12753113776263123193	13034858038476675034	6244995968141939367	8855540597280669439	-5774.1396484375	0.0000000000	670.5397124209	37.3517432586
191	214	91322536462823321	2147049734007042371	8778432071263551780	12195618212191282756	-5774.2836914062	0.0000000000	35.7412579935	34.0199374419
217	1	8416133364986290928	12753113776263123193	7673647475954597195	10171925785820952799	-5774.6020507812	0.0000000000	34.2011606841	671.0021147646
191	215	91322536462823321	14671475947223475433	14671475947223475433	16374963487074730400	-5774.6176757812	0.0000000000	36.0752423685	34.3131020233
275	0	10627730864276864834	15221016086609522805	10463819986408068599	10627730864276864834	-5774.7114257812	0.0000000000	28.3091952187	672.7322812110
214	106	2147049734007042371	14885075719774775936	9288185953830864601	9992916905419949564	-5775.0322265625	0.0000000000	34.7684725981	84.7643063932
253	0	8269229310485268852	15221016086609522805	8269229310485268852	11283196368271877453	-5775.1840820312	0.0000000000	32.1359594589	673.2049374610
218	0	13225181314138185371	15221016086609522805	9969699585331421932	13225181314138185371	-5775.3574218750	0.0000000000	34.8939941191	673.3782773048
50	138	1771766641486952596	11138027275689725995	12575360577542974792	16529923717550553597	-5775.7768554688	0.0000000000	140.4963130207	46.7280071975
195	97	1368076328845123205	4004522167842681718	12248226374724873955	13878322793702278874	-5776.3784179688	0.0000000000	37.5118787872	103.6592369691
162	252	7906027634024779515	15648273210995357689	5458244164381790970	15648273210995357689	-5776.4619140625	0.0000000000	42.0774350285	33.4694298047
1	196	12753113776263123193	17187274373209183406	8124570017854006068	8763462312609825039	-5776.9633789062	0.0000000000	673.3634428896	37.9770625816
191	106	91322536462823321	14885075719774775936	8778432071263551780	16996134422348885831	-5776.9902343750	0.0000000000	38.4478009622	86.7223142057
191	161	91322536462823321	15409600207745920212	14864836042623111176	15510874045435373505	-5777.0014648438	0.0000000000	38.4590314310	42.6669346505
100	161	2368636551627783881	15409600207745920212	15510874045435373505	17129488778364121259	-5777.1079101562	0.0000000000	101.5572207825	42.7733799630
42	19	6152359985186090799	14116037184663398353	13540225365112350385	18442169449019557788	-5777.6884765625	0.0000000000	168.9546745588	252.2818287744
141	165	8184212628098466647	13462055826191661725	7475444912772504099	16811654276911258579	-5777.7270507812	0.0000000000	47.0117099299	42.9427640751
214	165	2147049734007042371	13462055826191661725	2147049734007042371	16811654276911258579	-5777.7270507812	0.0000000000	37.4632968169	42.9427640751
170	1	4280365925817420695	12753113776263123193	4280365925817420695	13542062928669621087	-5778.8100585938	0.0000000000	41.7845512524	675.2101225771
59	104	7478452869652688431	10648092069212644821	2951639436593233641	11019199333231140894	-5778.8515625000	0.0000000000	138.0076809143	90.3382659263
67	117	14796411329028507834	18128442164196861380	16273646066400267790	17871593543351976220	-5778.9731445312	0.0000000000	135.6331587105	76.6706491906
129	62	843871688574068208	2028772486729210858	11397272890175517623	12024501347233940939	-5779.0566406250	0.0000000000	55.3167078078	137.8346546347
263	1	11280343051271942673	12753113776263123193	11280343051271942673	13477050365203186412	-5779.8178710938	0.0000000000	35.8099789843	676.2179350771
150	58	5473114197301976295	18252216294205614631	2057310104956283780	13355959751245545560	-5779.8505859375	0.0000000000	47.2724657133	139.3716898662
279	0	9438531969878130490	15221016086609522805	9438531969878130490	10644657442819995790	-5779.8691406250	0.0000000000	0.0286306501	677.8899960548
27	215	13658156977738331735	14671475947223475433	3785608750461846368	5145018449963654774	-5779.9243164062	0.0000000000	219.8458700029	39.6197426483
140	266	16147180964666304992	17655491391806051166	3796807240941913634	14311240831542948563	-5781.2207031250	0.0000000000	50.8044381261	36.1502467989
167	183	3994205113134262466	11688339149006408260	1526435218914275321	6791072892457021514	-5781.2763671875	0.0000000000	44.7973256520	43.5554265364
259	1	4440597929752550193	12753113776263123193	4080900834557108983	14072529666584332317	-5781.5683593750	0.0000000000	38.0927350847	677.9684233584
1	165	12753113776263123193	13462055826191661725	2144201227989800887	5109607002133392097	-5782.3457031250	0.0000000000	678.7457671084	47.5614164189
26	219	1239271681634573515	16677953902603281723	6754063641784417768	12891322830478146216	-5783.3906250000	0.0000000000	227.6463422977	42.6802792477
142	106	1175715327049537519	14885075719774775936	7786269314411997198	14244027531193956602	-5783.5205078125	0.0000000000	52.7135059967	93.2525876432
1	215	12753113776263123193	14671475947223475433	5145018449963654774	12698598286873837904	-5783.6582031250	0.0000000000	680.0582671084	43.3536293671
267	69	9708521219130937246	11585361907028998636	10325145021796456143	11906304417585605749	-5784.5073242188	0.0000000000	39.4044858232	140.2549261251
26	266	1239271681634573515	17655491391806051166	9297553031874318151	16137965880039568257	-5786.6987304688	0.0000000000	230.9544477664	41.6282741426
29	115	305834870244177770	13890523822809070059	11083490167210741389	18333208887465221461	-5786.8305664062	0.0000000000	223.8983145736	85.4454681994
115	219	13890523822809070059	16677953902603281723	3020222352930554145	3642573813400458276	-5787.2392578125	0.0000000000	85.8541596057	46.5289120602
265	266	17418903967092094376	17655491391806051166	12672258643132357959	17655491391806051166	-5787.5454101562	0.0000000000	42.6412562883	42.4749538301
26	253	1239271681634573515	8269229310485268852	12565666925355629991	12848078982293379099	-5787.5605468750	0.0000000000	231.8162641727	44.5124243026
23	210	6630773948500988778	18063216169346990274	2647962848260776841	14542121807576293704	-5787.5634765625	0.0000000000	237.7979369773	47.6464840138
115	265	13890523822809070059	17418903967092094376	7949456975485766633	12672258643132357959	-5788.4433593750	0.0000000000	87.0582611682	43.5392055070
150	197	5473114197301976295	5812912049439683778	14087241536150034273	15740128828915398652	-5788.9130859375	0.0000000000	56.3349657133	49.9258181791
104	185	10648092069212644821	13676778451789343109	5074388310256573250	9005769949679898892	-5789.5356445312	0.0000000000	101.0223479575	51.6485218777
121	1	1532528028839467530	12753113776263123193	1233751660465355509	11330500836980510031	-5789.8896484375	0.0000000000	86.7850191872	686.2897124209
259	146	4440597929752550193	6550155639339330390	11448574808818079983	12409649177999317974	-5790.4062500000	0.0000000000	46.9306257097	58.8091532539
138	224	11138027275689725995	16305543228463479985	4753852239719590456	16305543228463479985	-5790.5317382812	0.0000000000	61.4828900100	49.6455459373
278	269	9013018943794570303	14265079532518532404	2559034614417945296	5065448737823239123	-5793.2739257812	0.0000000000	45.2914825743	48.0432429888
271	1	2267570377842851033	12753113776263123193	466073091249754225	3556803533813452580	-5793.3779296875	0.0000000000	47.1533068836	689.7779936709
1	152	12753113776263123193	15103314686429878655	14440899893657969171	16373728416144645823	-5793.6108398438	0.0000000000	690.0109038271	60.9525170307
213	130	1769829683180128768	3774862949860648472	1206882918361844910	1769829683180128768	-5796.3208007812	0.0000000000	56.1459910846	71.9459548570
1	153	12753113776263123193	13219041117034737025	9727099923026171250	16776160374935965861	-5796.3598632812	0.0000000000	692.7599272646	63.6505159601
150	249	5473114197301976295	12856561312224696800	4871957605305258224	12856561312224696800	-5796.6206054688	0.0000000000	64.0424852446	53.6828515519
42	231	6152359985186090799	8865006247373495527	3627809853293565824	8865006247373495527	-5798.1464843750	0.0000000000	189.4126823713	56.7644335995
169	67	13034858038476675034	14796411329028507834	6319821172572546390	6448802589205626990	-5799.1171875000	0.0000000000	62.3292823211	155.7772016793
1	140	12753113776263123193	16147180964666304992	4325191071355376988	14472682139322263137	-5799.3500976562	0.0000000000	695.7501616396	68.9338326574
147	1	10448748104294233481	12753113776263123193	4348835241570032712	5875865313755710630	-5801.0722656250	0.0000000000	69.4356261316	697.4723296084
250	1	7680411003577536631	12753113776263123193	5761872541298914725	7612473048960649018	-5802.7626953125	0.0000000000	59.8248748369	699.1627592959
254	1	5622008059262025067	12753113776263123193	1166297785141689432	13703462158876817633	-5802.8730468750	0.0000000000	59.7617855521	699.2731108584
23	162	6630773948500988778	7906027634024779515	13950348959931888791	15230574374311059241	-5803.6904296875	0.0000000000	253.9248901023	69.3059506535
46	13	9372298608938099439	14661916232383819031	5879595018104994503	7553704920843267504	-5806.5346679688	0.0000000000	182.9995746373	312.4455779270
150	46	5473114197301976295	9372298608938099439	7553704920843267504	8725528387016425102	-5806.5346679688	0.0000000000	73.9565477446	182.9995746373
155	1	1175476278868740861	12753113776263123193	3946142738801735978	16179318673505943519	-5806.7856445312	0.0000000000	73.6100860190	703.1857085146
156	1	4298503306759921955	12753113776263123193	5297582820482377582	9978909954427362406	-5806.7856445312	0.0000000000	73.5465089329	703.1857085146
262	1	3921060156707508196	12753113776263123193	6660841600691918675	12796256788203242100	-5807.1699218750	0.0000000000	63.2376475880	703.5699858584
63	138	3547315560768958829	11138027275689725995	1815735335578166544	11717672323734703999	-5807.8491210938	0.0000000000	165.4238528104	78.8002728225
181	133	4474893942070555813	13240020165430802938	8851163130684419550	12832304009535590933	-5808.3212890625	0.0000000000	70.6497869597	80.6460744932
192	211	4354706759366429111	8520636245244568513	9264013493928548959	11681098662760264028	-5809.9394531250	0.0000000000	71.3603739963	69.8732359541
138	13	11138027275689725995	14661916232383819031	226990777319442273	6865576954369417800	-5810.0605468750	0.0000000000	81.0116986037	315.9714568333
122	133	8217744443979320666	13240020165430802938	5787263229280660423	11889769512088222798	-5810.9443359375	0.0000000000	106.3670073536	83.2691213682
23	201	6630773948500988778	18371674330327410423	3182660000492770044	7983759241432972722	-5811.6098632812	0.0000000000	261.8443236961	72.3486266788
62	104	2028772486729210858	10648092069212644821	8862793758087203568	17080117956040187159	-5811.7500000000	0.0000000000	170.5280140097	123.2367034263
158	1	7829537813435256528	12753113776263123193	3118974882933319393	3714468288290680722	-5811.8486328125	0.0000000000	77.9828809020	708.2486967959
23	160	6630773948500988778	9429347533028529612	5603646086560394187	10103716031357635422	-5812.5844726562	0.0000000000	262.8189330711	78.3842451057
183	1	11688339149006408260	12753113776263123193	6507305160438116364	6941733669090052912	-5813.6040039062	0.0000000000	75.8830632552	710.0040678896
1	115	12753113776263123193	13890523822809070059	5067477500363765452	11914203191247822795	-5814.0727539062	0.0000000000	710.4728178896	112.6876556994
189	1	3751112252397835480	12753113776263123193	6746676247179466133	9287261840885652619	-5814.2490234375	0.0000000000	76.2532485510	710.6490874209
159	1	9057405971203966034	12753113776263123193	8011982875158070215	15218109796443489728	-5814.5795898438	0.0000000000	80.4706351806	710.9796538271
212	1	5575402808279569495	12753113776263123193	4886984609065741766	13059161206306576443	-5814.7949218750	0.0000000000	74.6665740928	711.1949858584
275	1	10627730864276864834	12753113776263123193	10627730864276864834	10859044708423148785	-5815.3725585938	0.0000000000	68.9703280312	711.7726225771
65	267	6498101273036787806	9708521219130937246	621504031461976825	9708521219130937246	-5815.7333984375	0.0000000000	172.6997044265	70.6305600420
24	195	210871534256336854	1368076328845123205	1599787219439451392	8451467261167035519	-5816.6435546875	0.0000000000	261.8453738287	77.7770155060
63	130	3547315560768958829	3774862949860648472	264186142739282112	4807336250809436001	-5818.1035156250	0.0000000000	175.6782473417	93.7286697008
217	106	8416133364986290928	14885075719774775936	7468817895906527205	10171925785820952799	-5818.7163085938	0.0000000000	78.3154184966	128.4483884245
23	187	6630773948500988778	13130127377521294155	7221231426657480136	11363794641250774434	-5819.0400390625	0.0000000000	269.2744994773	81.1185022249
189	23	3751112252397835480	6630773948500988778	1588619911213335221	14866501628123088112	-5819.3222656250	0.0000000000	81.3264907385	269.5567260398
42	116	6152359985186090799	14741304940271439963	13456700734848404161	14300324152998911453	-5819.7792968750	0.0000000000	211.0454948713	117.6720391649
1	237	12753113776263123193	15208334053906501286	4240068234803544168	11810705235030337728	-5820.6386718750	0.0000000000	717.0387358584	78.7061026433
115	266	13890523822809070059	17655491391806051166	9297553031874318151	9618886051889780850	-5820.7968750000	0.0000000000	119.4117767932	75.7264186739
15	23	5172449686421620988	6630773948500988778	9264929809114662158	13556321064214957573	-5820.8281250000	0.0000000000	314.4405207199	271.0625854148
236	273	3539736657177170207	8437221467039278081	4761267593004413626	9254573737586913334	-5821.0390625000	0.0000000000	79.1792289252	74.7999117723
1	133	12753113776263123193	13240020165430802938	6390724801933359663	16013607371229374971	-5821.2734375000	0.0000000000	717.6735014834	93.5982229307
189	157	3751112252397835480	4060372276369201183	8807191678858366934	17358062559844587700	-5822.0043945312	0.0000000000	84.0086196447	88.4786830093
251	122	2183924662615308082	8217744443979320666	10202246747727730513	17334401437717875894	-5822.1850585938	0.0000000000	79.2072109706	117.6077300099
1	232	12753113776263123193	16811189129495025739	11225085237443203765	12659691418857866352	-5822.2998046875	0.0000000000	718.6998686709	80.8162035319
233	95	5968833872771550912	17553819631183574536	3722951477349418558	12015676905163830923	-5822.4916992188	0.0000000000	80.8780483407	150.6190284422
248	1	265518495563092191	12753113776263123193	5574117703717955333	7863460140597228884	-5822.6757812500	0.0000000000	79.8765320019	719.0758452334
248	63	265518495563092191	3547315560768958829	5574117703717955333	8724272653405466254	-5822.6757812500	0.0000000000	79.8765320019	180.2505129667
251	133	2183924662615308082	13240020165430802938	12052451118993264740	18083370431861820273	-5822.9204101562	0.0000000000	79.9425625331	95.2451955869
1	252	12753113776263123193	15648273210995357689	11413751964809453197	14468408002351831489	-5823.1572265625	0.0000000000	719.5572905459	80.1647423047
137	1	8572479704234842661	12753113776263123193	10432345631873334807	10605194026407004716	-5823.6918945312	0.0000000000	94.7831703883	720.0919585146
142	160	1175715327049537519	9429347533028529612	5248408664663275182	15795072948188858067	-5824.4931640625	0.0000000000	93.6861622467	90.2929365120
129	111	843871688574068208	15865353190251197041	767034697334105157	4909378625663356083	-5824.8300781250	0.0000000000	101.0901453078	125.0435311954
133	206	13240020165430802938	15570564518856557755	3134863118080548470	15770969897648062538	-5825.0434570312	0.0000000000	97.3682424619	85.4755839422
181	206	4474893942070555813	15570564518856557755	3134863118080548470	8851163130684419550	-5825.0434570312	0.0000000000	87.3719549285	85.4755839422
1	172	12753113776263123193	14146380416736157120	8699679831187251023	17255584521941095494	-5825.1279296875	0.0000000000	721.5279936709	87.9524867200
158	265	7829537813435256528	17418903967092094376	3714468288290680722	8245426948447922479	-5825.1289062500	0.0000000000	91.2631543395	80.2247523820
219	265	16677953902603281723	17418903967092094376	11593425562882922018	11863340672382192323	-5825.2890625000	0.0000000000	84.5787167477	80.3849086320
138	169	11138027275689725995	13034858038476675034	4973696068061919046	13965724896104026135	-5826.5458984375	0.0000000000	97.4970501662	89.7579932586
217	215	8416133364986290928	14671475947223475433	9244450886370932143	17405097475959295680	-5826.5981445312	0.0000000000	86.1972544341	86.2935707733
250	166	7680411003577536631	14195427883728256467	7054158344749412689	15418715776643115395	-5829.3549804688	0.0000000000	86.4171599931	93.5974981599
197	1	5812912049439683778	12753113776263123193	5812912049439683778	15046868827578989346	-5830.1210937500	0.0000000000	91.1338259916	726.5211577334
274	1	1510465307834887730	12753113776263123193	2612984648236081323	6835631839190816641	-5830.1635742188	0.0000000000	83.7983691151	726.5636382021
1	238	12753113776263123193	15528924478213524472	8375816681740065575	17030916759553249694	-5830.2246093750	0.0000000000	726.6246733584	88.2875938105
23	172	6630773948500988778	14146380416736157120	12109740751085877071	13342262541468694042	-5830.5732421875	0.0000000000	280.8077026023	93.3977992200
1	207	12753113776263123193	14161097397908386750	1913370634202759085	14059062750123476460	-5830.8793945312	0.0000000000	727.2794585146	91.2828437609
24	171	210871534256336854	12293498998766718908	11985620573173616795	17363899582113080479	-5832.8432617188	0.0000000000	278.0450808600	95.7655154403
217	264	8416133364986290928	13569224639423091471	9244450886370932143	14271981692872386103	-5833.4672851562	0.0000000000	93.0663950591	89.1599964527
264	106	13569224639423091471	14885075719774775936	9992916905419949564	14271981692872386103	-5833.4672851562	0.0000000000	89.1599964527	143.1993649870
124	1	2828568407993881191	12753113776263123193	10750407938857206930	14867207303687050441	-5833.9125976562	0.0000000000	123.2176492928	730.3126616396
98	32	5429774317055184433	17313221683668627284	629338801024930532	13366539809711862215	-5834.4599609375	0.0000000000	161.1549743587	261.5816417471
98	105	5429774317055184433	13662767098567528716	11161425111809148983	13366539809711862215	-5834.4599609375	0.0000000000	161.1549743587	144.2130614383
231	19	8865006247373495527	14116037184663398353	16843315423951500382	17008099550504696800	-5834.7124023438	0.0000000000	93.3303515682	309.3057545557
212	159	5575402808279569495	9057405971203966034	4886984609065741766	9567360331820835624	-5836.4443359375	0.0000000000	96.3159881553	102.3353812744
1	12	12753113776263123193	17136526695946439488	1639695791463654038	11756119460457827022	-5836.7060546875	0.0000000000	733.1061186709	356.6601750880
134	1	3885445131833935639	12753113776263123193	16005787418623329752	16933091320822566968	-5836.9477539062	0.0000000000	109.0901698256	733.3478178896
28	206	14981057266702632933	15570564518856557755	594779174397936385	6980910837624036287	-5837.2768554688	0.0000000000	276.4641914241	97.7089823797
26	262	1239271681634573515	3921060156707508196	4349709013478882723	14848900435226135424	-5837.5317382812	0.0000000000	281.7874555789	93.5994639942
34	83	4118759821342251435	8699727242857321070	2980352686027912877	10366604466055522760	-5837.5346679688	0.0000000000	252.9146963013	173.8626567524
34	178	4118759821342251435	7831179653251874954	10366604466055522760	16813744520381663716	-5837.5346679688	0.0000000000	252.9146963013	99.8850639491
184	186	9320668776790261853	10759831731994767082	5014586802272060085	16419544258532191120	-5837.5761718750	0.0000000000	99.7830115353	99.6697179442
194	1	6375723011747303552	12753113776263123193	6375723011747303552	9730474603385113914	-5838.5776367188	0.0000000000	99.9608793738	734.9777007021
1	193	12753113776263123193	13641857772687375611	13641857772687375611	17093902612698604413	-5839.2753906250	0.0000000000	735.6754546084	100.6646594420
1	218	12753113776263123193	13225181314138185371	5770764364115252616	7577270027944795398	-5841.2983398438	0.0000000000	737.6984038271	100.8349120879
164	199	2039940966822895999	14344728840807513986	8566663770318692056	9404617026586457637	-5841.4453125000	0.0000000000	106.7859807508	102.3461485668
173	4	10065930550137875708	16252147683104877425	11200682465015551186	16683816627647621464	-5844.0346679688	0.0000000000	106.5789086538	429.8100961254
24	254	210871534256336854	5622008059262025067	325770153034357346	18325941523532916665	-5845.2729492188	0.0000000000	290.4747683600	102.1616878959
54	150	2864705884638607576	5473114197301976295	3680704878666052922	12922777468835940611	-5851.9672851562	0.0000000000	213.7691411606	119.3891649321
208	1	3066418924290866927	12753113776263123193	3625711039153073174	12066378353348738244	-5852.2451171875	0.0000000000	112.6485621199	748.6451811709
26	158	1239271681634573515	7829537813435256528	6007209451223128398	11743172966620651276	-5853.4033203125	0.0000000000	297.6590376102	119.5375684020
132	1	11900507596997881747	12753113776263123193	11652611542361150510	17255484132552414052	-5854.0063476562	0.0000000000	128.4521093347	750.4064116396
23	69	6630773948500988778	11585361907028998636	4867117377848718190	10268142674444868449	-5854.8696289062	0.0000000000	305.1040893211	210.6172308126
131	1	4843025929106766022	12753113776263123193	5055678365246969387	17849869730716093764	-5855.9667968750	0.0000000000	131.5919364190	752.3668608584
46	138	9372298608938099439	11138027275689725995	5848838783189157314	11529211483020132673	-5858.3984375000	0.0000000000	234.8633441685	129.3495892287
1	180	12753113776263123193	15340729846944557701	1982637283621468668	7803140955969316869	-5859.7221679688	0.0000000000	756.1222319521	122.0596325251
141	218	8184212628098466647	13225181314138185371	14576967059393999134	16558053688931786278	-5860.1147460938	0.0000000000	129.3994052424	119.6513183379
142	214	1175715327049537519	2147049734007042371	809090834996104142	13556537514866596130	-5860.7773437500	0.0000000000	129.9703419342	120.5135897856
189	181	3751112252397835480	4474893942070555813	13676799749167497508	14866501628123088112	-5861.2236328125	0.0000000000	123.2278579260	123.5521307097
162	218	7906027634024779515	13225181314138185371	3363712537489451316	13225181314138185371	-5861.4790039062	0.0000000000	127.0945248723	121.0155761504
194	240	6375723011747303552	14484576746029815489	9708665717370102822	15644154110504687831	-5862.1953125000	0.0000000000	123.5785551550	120.1844540232
54	247	2864705884638607576	3876609355248643362	13058960116067370445	15906798985306467199	-5862.3916015625	0.0000000000	224.1934575668	119.6060595808
26	35	1239271681634573515	5658102093965673926	13156959808048192089	13288168420649369605	-5862.9814453125	0.0000000000	307.2371626102	275.6051571860
34	28	4118759821342251435	14981057266702632933	4695885808335307994	15414770763822325748	-5862.9990234375	0.0000000000	278.3790517701	302.1863593929
160	1	9429347533028529612	12753113776263123193	4660152201438933473	7474066750496866020	-5863.2338867188	0.0000000000	129.0336591682	759.6339507021
135	11	6501063417948473157	10410599090111211089	10354465834374951947	13386709288707437136	-5863.5747070312	0.0000000000	135.4434324357	388.5176936091
1	206	12753113776263123193	15570564518856557755	52450915433575809	3134863118080548470	-5863.8198242188	0.0000000000	760.2198882021	124.2519511297
251	189	2183924662615308082	3751112252397835480	16074510897677010508	17334401437717875894	-5863.9589843750	0.0000000000	120.9811367518	125.9632094885
140	4	16147180964666304992	16252147683104877425	1368732329993937825	9432278272584577763	-5864.1567382812	0.0000000000	133.7404732824	449.9321664379
246	147	8409198093573859160	10448748104294233481	4348835241570032712	14172937544480829444	-5864.2192382812	0.0000000000	121.5112214435	132.5825987878
89	1	4732951620417420592	12753113776263123193	12638756886143449501	14842443172370067923	-5864.9233398438	0.0000000000	196.8525457785	761.3234038271
268	1	2389722988731473702	12753113776263123193	7628860379788206821	13163986701658349158	-5865.3525390625	0.0000000000	120.1831893348	761.7526030459
47	4	11077722086142534968	16252147683104877425	12111330911211157445	13393270356158521492	-5867.9130859375	0.0000000000	242.5796727797	453.6885140942
162	193	7906027634024779515	13641857772687375611	1495943995343614018	2391757809779995802	-5869.3701171875	0.0000000000	134.9856381535	130.7593860045
264	88	13569224639423091471	16984824116007127196	493811676179529786	12589885770988729376	-5870.9501953125	0.0000000000	126.6429066089	203.4338091990
1	235	12753113776263123193	16889195450473229822	1487164455734419558	12327152291840953806	-5871.5649414062	0.0000000000	767.9650053896	129.7159999130
193	106	13641857772687375611	14885075719774775936	1534154811149417922	8118073580447619991	-5874.3774414062	0.0000000000	135.7667102232	184.1095212370
1	245	12753113776263123193	13742605127623318797	4342753184707682530	17247204276664262723	-5876.8134765625	0.0000000000	773.2135405459	134.1054697136
1	265	12753113776263123193	17418903967092094376	2250835960551952571	11863340672382192323	-5877.4062500000	0.0000000000	773.8063139834	132.5020961320
253	277	8269229310485268852	14370973643452060459	1470890690466861551	4145916991265312047	-5881.3442382812	0.0000000000	138.2961157089	134.3079534972
234	239	8354792318260452016	9635729155376028116	12989395901798415275	16695208491047168529	-5886.4291992188	0.0000000000	144.7801113913	144.4338059918
1	277	12753113776263123193	14370973643452060459	2636329278517634450	9292460774665726223	-5893.8120117188	0.0000000000	790.2120757021	146.7757269347
54	212	2864705884638607576	5575402808279569495	11719124228663861354	17511988694645583225	-5897.4228515625	0.0000000000	259.2247075668	157.2945037803
1	269	12753113776263123193	14265079532518532404	11186655089563592355	12538156886086452548	-5898.0170898438	0.0000000000	794.4171538271	152.7864070513
278	1	9013018943794570303	12753113776263123193	7675151280839178815	18122155728863077711	-5899.2006835938	0.0000000000	151.2182403868	795.6007475771
254	238	5622008059262025067	15528924478213524472	8375816681740065575	9848843580404948462	-5901.1347656250	0.0000000000	158.0235043021	159.1977500605
268	43	2389722988731473702	17630145177793557420	7628860379788206821	11166113131280932545	-5912.0781250000	0.0000000000	166.9087752723	302.6780337022
94	4	14966576693656104237	16252147683104877425	3062555450710008901	15686702276750695875	-5920.4277343750	0.0000000000	249.0205112709	506.2031625317
