cycle	numReps	meanDiscoveredMass	seDiscoveredMass	meanUndiscoveredMass	seUndiscoveredMass	meanCredible95MassDiscovered	seCredible95MassDiscovered	tau95Fraction	meanTau95	seTau95	meanMeanTrueP	seMeanTrueP	mapFirstHitCycle_rep1	mapFirstHitCycle_rep2	mapFirstHitCycle_rep3	mapFirstHitCycle_rep4	mapFirstHitCycle_rep5	mapFirstHitCycle_rep6	mapFirstHitCycle_rep7	mapFirstHitCycle_rep8	mapFirstHitCycle_rep9	mapFirstHitCycle_rep10	mapFirstHitCycle_rep11	mapFirstHitCycle_rep12	mapFirstHitCycle_rep13	mapFirstHitCycle_rep14	mapFirstHitCycle_rep15	mapFirstHitCycle_rep16	mapFirstHitCycle_rep17	mapFirstHitCycle_rep18	mapFirstHitCycle_rep19	mapFirstHitCycle_rep20	mapFirstHitCycle_rep21	mapFirstHitCycle_rep22	mapFirstHitCycle_rep23	mapFirstHitCycle_rep24	mapFirstHitCycle_rep25	mapFirstHitCycle_rep26	mapFirstHitCycle_rep27	mapFirstHitCycle_rep28	mapFirstHitCycle_rep29	mapFirstHitCycle_rep30	mapFirstHitCycle_rep31	mapFirstHitCycle_rep32	mapFirstHitCycle_rep33	mapFirstHitCycle_rep34	mapFirstHitCycle_rep35	mapFirstHitCycle_rep36	mapFirstHitCycle_rep37	mapFirstHitCycle_rep38	mapFirstHitCycle_rep39	mapFirstHitCycle_rep40	mapFirstHitCycle_rep41	mapFirstHitCycle_rep42	mapFirstHitCycle_rep43	mapFirstHitCycle_rep44	mapFirstHitCycle_rep45	mapFirstHitCycle_rep46	mapFirstHitCycle_rep47	mapFirstHitCycle_rep48	mapFirstHitCycle_rep49	mapFirstHitCycle_rep50	alignment	twist	method	power	dataset	source_file	baseTau95	speedupTau95
1000000	50	0.999994	0.0	6e-06	0.0	0.953254	0.0	1.0	234.64	13.442053	0.359119	0.000106	50	71	76	60	65	85	65	55	109	50	36	71	90	44	36	72	75	58	91	77	40	35	44	85	57	77	57	39	73	131	58	77	61	82	71	58	87	39	35	50	121	70	85	34	63	87	98	77	93	101	vert.atpase6	tw0	MC3_NNI	0.0	vert.atpase6.tw0	vert.atpase6.tw0.conv_mc3_NNI_0.000000.tsv	765.0	3.260313672008183
1000000	50	0.999994	0.0	6e-06	0.0	0.953254	0.0	1.0	167.8	13.135153	0.359345	8.2e-05	56	13	33	11	74	36	36	33	21	55	55	55	50	18	13	47	29	43	51	29	56	18	23	36	51	60	32	67	34	26	52	8	5	61	38	41	30	40	54	41	35	26	38	66	25	64	18	30	30	29	vert.atpase6	tw0	MC3_NNI	0.02	vert.atpase6.tw0	vert.atpase6.tw0.conv_mc3_NNI_0.020000.tsv	765.0	4.558998808104887
1000000	50	0.999994	0.0	6e-06	0.0	0.953254	0.0	1.0	127.6	7.542532	0.359186	8.5e-05	46	39	29	33	33	22	25	43	20	13	13	33	25	26	36	30	26	48	34	34	33	32	24	33	12	32	39	31	51	25	16	63	15	25	24	16	45	18	17	13	25	17	23	23	31	33	16	36	22	30	vert.atpase6	tw0	MC3_NNI	0.05	vert.atpase6.tw0	vert.atpase6.tw0.conv_mc3_NNI_0.050000.tsv	765.0	5.995297805642633
1000000	50	0.999994	0.0	6e-06	0.0	0.953254	0.0	1.0	615.38	291.7421	0.359114	0.000127	185	15	30	39	79	29	21	18	12	23	21	24	29	16	34	47	23	13	37	11	16	18	13611	5206	47	55	24	20	28	27	25	17	20	21	24	8	39	65	22	20	69	28	17	22	49	1151	8	31	31	49	vert.atpase6	tw0	MC3_NNI	0.1	vert.atpase6.tw0	vert.atpase6.tw0.conv_mc3_NNI_0.100000.tsv	765.0	1.2431343235074264
1000000	50	0.639987	0.06857	0.360013	0.06857	0.610083	0.065366	0.64	141367.4375	50587.895341	0.19732	0.024092	11	-1	-1	-1	123	106	19	-1	30	-1	822979	-1	248793	-1	-1	768181	33	-1	24	11	-1	20	14	-1	16	10	17	-1	16	8177	34	262	214238	-1	994577	303212	737900	131	43	-1	25	92	-1	418654	29	-1	97	27	-1	-1	vert.atpase6	tw0	MC3_NNI	0.2	vert.atpase6.tw0	vert.atpase6.tw0.conv_mc3_NNI_0.200000.tsv	765.0	0.00541143005439283
1000000	50	0.179999	0.054884	0.820001	0.054884	0.171586	0.052318	0.18	10635.444444	10226.688543	0.063949	0.019509	2173	-1	-1	-1	-1	-1	-1	-1	-1	-1	-1	-1	21	-1	-1	-1	-1	-1	-1	-1	9	-1	-1	-1	106	-1	-1	-1	-1	8	-1	-1	-1	-1	-1	29	-1	-1	92393	-1	-1	-1	-1	-1	20	-1	-1	9	-1	-1	vert.atpase6	tw0	MC3_NNI	0.3	vert.atpase6.tw0	vert.atpase6.tw0.conv_mc3_NNI_0.300000.tsv	765.0	0.07192929303782652
1000000	50	0.119999	0.046423	0.880001	0.046423	0.114391	0.044253	0.12	216.5	52.973421	0.043129	0.016685	-1	-1	-1	-1	-1	7	-1	21	-1	-1	-1	-1	-1	-1	154	-1	-1	-1	-1	-1	-1	-1	-1	-1	73	19	-1	-1	-1	-1	-1	-1	-1	26	-1	-1	-1	-1	-1	-1	-1	-1	-1	-1	-1	-1	-1	-1	-1	-1	vert.atpase6	tw0	MC3_NNI	0.4	vert.atpase6.tw0	vert.atpase6.tw0.conv_mc3_NNI_0.400000.tsv	765.0	3.533487297921478
1000000	50	0.02	0.02	0.98	0.02	0.019065	0.019065	0.02	457.0	0.0	0.007168	0.007168	-1	-1	-1	-1	380	-1	-1	-1	-1	-1	-1	-1	-1	-1	-1	-1	-1	-1	-1	-1	-1	-1	-1	-1	-1	-1	-1	-1	-1	-1	-1	-1	-1	-1	-1	-1	-1	-1	-1	-1	-1	-1	-1	-1	-1	-1	-1	-1	-1	-1	vert.atpase6	tw0	MC3_NNI	0.5	vert.atpase6.tw0	vert.atpase6.tw0.conv_mc3_NNI_0.500000.tsv	765.0	1.6739606126914661
1000000	50	0.999977	2e-06	2.3e-05	2e-06	0.953254	0.0	1.0	765.0	79.400488	0.358967	0.000201	185	73	253	280	102	128	105	154	139	66	114	110	87	64	64	75	69	109	298	41	118	51	117	68	136	90	177	572	117	187	102	145	238	105	161	178	167	1047	45	216	161	121	80	57	133	82	637	156	158	143	vert.atpase6	tw0	NNI	0.0	vert.atpase6.tw0	vert.atpase6.tw0.conv_NNI_0.000000.tsv	765.0	1.0
1000000	50	0.999989	1e-06	1.1e-05	1e-06	0.953254	0.0	1.0	512.04	55.83689	0.358966	0.000168	55	50	39	55	104	47	52	150	58	35	32	16	47	52	92	31	66	189	39	81	152	42	28	34	70	463	18	38	346	61	107	37	45	63	70	76	112	112	62	75	81	48	151	41	326	224	49	76	63	77	vert.atpase6	tw0	NNI	0.02	vert.atpase6.tw0	vert.atpase6.tw0.conv_NNI_0.020000.tsv	765.0	1.4940239043824701
1000000	50	0.999991	1e-06	9e-06	1e-06	0.953254	0.0	1.0	371.3	43.371817	0.359121	0.000131	38	37	81	23	319	21	29	18	51	34	52	47	266	52	28	78	783	20	74	32	39	65	29	17	41	21	49	266	42	61	60	11	7	15	200	49	29	22	55	22	45	42	35	73	689	42	1058	27	23	16	vert.atpase6	tw0	NNI	0.05	vert.atpase6.tw0	vert.atpase6.tw0.conv_NNI_0.050000.tsv	765.0	2.060328575276057
1000000	50	0.999994	0.0	6e-06	0.0	0.953254	0.0	1.0	18402.94	5295.818669	0.352789	0.001913	21	43577	48829	85583	217	126136	73	105	21	33	115517	5097	38	174	101	38	14	25	50	19	39345	53	6464	28075	171814	40	433	956	21	142	28	18	49	5120	11390	38629	49	66972	40	30	2101	453	63043	21	28	48055	272	18	196	16	vert.atpase6	tw0	NNI	0.1	vert.atpase6.tw0	vert.atpase6.tw0.conv_NNI_0.100000.tsv	765.0	0.04156944488217644
1000000	50	0.259998	0.062662	0.740002	0.062662	0.247846	0.059733	0.26	135916.461538	61244.516744	0.080722	0.020231	-1	-1	-1	-1	-1	71	12	-1	-1	-1	97541	-1	-1	201147	-1	-1	310200	-1	-1	-1	6	-1	-1	-1	-1	503782	-1	-1	-1	-1	-1	-1	22	651347	-1	-1	-1	11	-1	45	-1	121	-1	-1	-1	33	-1	-1	-1	-1	vert.atpase6	tw0	NNI	0.2	vert.atpase6.tw0	vert.atpase6.tw0.conv_NNI_0.200000.tsv	765.0	0.005628457299016121
1000000	50	0.0	0.0	1.0	0.0	0.0	0.0	0.0	0.0	0.0	0.0	0.0	-1	-1	-1	-1	-1	-1	-1	-1	-1	-1	-1	-1	-1	-1	-1	-1	-1	-1	-1	-1	-1	-1	-1	-1	-1	-1	-1	-1	-1	-1	-1	-1	-1	-1	-1	-1	-1	-1	-1	-1	-1	-1	-1	-1	-1	-1	-1	-1	-1	-1	vert.atpase6	tw0	NNI	0.3	vert.atpase6.tw0	vert.atpase6.tw0.conv_NNI_0.300000.tsv	765.0	
1000000	50	0.04	0.027994	0.96	0.027994	0.03813	0.026686	0.04	390.0	262.0	0.014383	0.010066	-1	-1	-1	-1	-1	-1	-1	60	-1	-1	-1	-1	-1	-1	-1	-1	-1	-1	-1	-1	-1	-1	-1	-1	-1	-1	-1	-1	-1	-1	91	-1	-1	-1	-1	-1	-1	-1	-1	-1	-1	-1	-1	-1	-1	-1	-1	-1	-1	-1	vert.atpase6	tw0	NNI	0.4	vert.atpase6.tw0	vert.atpase6.tw0.conv_NNI_0.400000.tsv	765.0	1.9615384615384615
1000000	50	0.02	0.02	0.98	0.02	0.019065	0.019065	0.02	36.0	0.0	0.007178	0.007178	-1	-1	-1	-1	-1	-1	-1	35	-1	-1	-1	-1	-1	-1	-1	-1	-1	-1	-1	-1	-1	-1	-1	-1	-1	-1	-1	-1	-1	-1	-1	-1	-1	-1	-1	-1	-1	-1	-1	-1	-1	-1	-1	-1	-1	-1	-1	-1	-1	-1	vert.atpase6	tw0	NNI	0.5	vert.atpase6.tw0	vert.atpase6.tw0.conv_NNI_0.500000.tsv	765.0	21.25
1000000	50	0.999953	3e-06	4.7e-05	3e-06	0.953254	0.0	1.0	1054.72	104.782173	0.358852	0.000397	53	191	220	242	246	105	107	181	114	226	100	82	139	257	113	204	413	206	134	162	95	226	129	209	176	455	381	438	134	502	528	379	276	198	64	498	94	146	110	97	634	196	220	260	150	31	89	313	173	339	vert.atpase6	tw0	NNI2	0.0	vert.atpase6.tw0	vert.atpase6.tw0.conv_NNI2_0.000000.tsv	765.0	0.7253109830097088
1000000	50	0.999984	1e-06	1.6e-05	1e-06	0.953254	0.0	1.0	471.4	53.589087	0.359696	0.000206	116	92	148	44	160	37	92	67	46	19	36	110	41	79	15	78	35	31	152	62	65	16	53	19	23	66	18	53	28	160	110	23	111	275	63	30	24	172	33	29	54	158	89	106	14	34	137	80	285	83	vert.atpase6	tw0	NNI2	0.02	vert.atpase6.tw0	vert.atpase6.tw0.conv_NNI2_0.020000.tsv	765.0	1.622825625795503
1000000	50	0.999989	1e-06	1.1e-05	1e-06	0.953254	0.0	1.0	295.2	25.129558	0.359463	0.000206	23	49	19	70	8	37	23	51	37	363	111	26	25	8	47	17	11	20	38	20	6	19	121	105	28	32	48	424	87	20	22	153	22	17	43	30	14	40	23	29	25	202	11	20	115	32	43	33	13	13	vert.atpase6	tw0	NNI2	0.05	vert.atpase6.tw0	vert.atpase6.tw0.conv_NNI2_0.050000.tsv	765.0	2.5914634146341466
1000000	50	0.999993	0.0	7e-06	0.0	0.953254	0.0	1.0	3516.44	1557.483593	0.357997	0.000569	21	14	6647	13282	51825	17	30	10	28	14	23	2249	43	5361	10	11	9	20	37	322	8240	154	12	13	9	14	56746	16	9	12	8	11	36	19	68	11	26	24	24	8	81	14	26	18	318	34	33	7687	16	15246	vert.atpase6	tw0	NNI2	0.1	vert.atpase6.tw0	vert.atpase6.tw0.conv_NNI2_0.100000.tsv	765.0	0.2175495671758938
1000000	50	0.559997	0.070912	0.440003	0.070912	0.533822	0.067598	0.56	28003.892857	15500.658484	0.195556	0.024955	-1	7	13	10	16	-1	14	-1	-1	-1	9	270021	128	15	9	21	259697	18	-1	-1	-1	14	33	-1	251298	16	-1	15	10	-1	-1	-1	29	10	-1	-1	9	13	-1	-1	16	5	-1	-1	-1	-1	13	6	21	-1	vert.atpase6	tw0	NNI2	0.2	vert.atpase6.tw0	vert.atpase6.tw0.conv_NNI2_0.200000.tsv	765.0	0.027317630584662682
1000000	50	0.419998	0.070508	0.580002	0.070508	0.400367	0.067212	0.42	70.52381	6.487211	0.150833	0.025321	-1	-1	-1	5	8	11	16	-1	-1	5	-1	4	-1	-1	21	-1	5	5	-1	-1	13	11	-1	-1	-1	17	-1	-1	12	-1	-1	-1	-1	6	-1	7	-1	10	-1	-1	-1	14	6	-1	-1	-1	14	12	-1	6	vert.atpase6	tw0	NNI2	0.3	vert.atpase6.tw0	vert.atpase6.tw0.conv_NNI2_0.300000.tsv	765.0	10.847400331887911
1000000	50	0.259999	0.062662	0.740001	0.062662	0.247846	0.059733	0.26	83.384615	16.147374	0.093368	0.022503	-1	-1	-1	-1	-1	7	10	-1	-1	6	-1	9	-1	-1	4	-1	-1	11	-1	-1	6	-1	-1	-1	-1	-1	4	-1	-1	-1	-1	-1	-1	-1	-1	-1	10	-1	7	-1	-1	-1	-1	9	6	5	-1	-1	-1	-1	vert.atpase6	tw0	NNI2	0.4	vert.atpase6.tw0	vert.atpase6.tw0.conv_NNI2_0.400000.tsv	765.0	9.174354285859568
1000000	50	0.359999	0.068571	0.640001	0.068571	0.343172	0.065366	0.36	6600.0	5404.742286	0.12841	0.024469	11	-1	-1	5	-1	-1	-1	-1	21596	4	114	5	6	-1	6	-1	-1	-1	-1	-1	-1	7	-1	-1	-1	96158	11	-1	7	-1	-1	6	10	-1	-1	13	-1	-1	-1	-1	9	-1	-1	-1	25	-1	21	-1	-1	-1	vert.atpase6	tw0	NNI2	0.5	vert.atpase6.tw0	vert.atpase6.tw0.conv_NNI2_0.500000.tsv	765.0	0.1159090909090909
1000000	50	0.999941	4e-06	5.9e-05	4e-06	0.953254	0.0	1.0	1938.42	209.433239	0.360041	0.000325	612	233	53	91	167	62	206	542	326	303	268	232	188	140	134	272	68	173	422	100	535	147	146	235	249	215	350	147	151	152	153	162	492	144	198	184	422	221	455	317	139	174	90	270	257	342	70	392	66	108	vert.atpase6	tw0	TBR	0.0	vert.atpase6.tw0	vert.atpase6.tw0.conv_TBR_0.000000.tsv	765.0	0.39465131395672765
1000000	50	0.999979	2e-06	2.1e-05	2e-06	0.953254	0.0	1.0	428.84	41.523137	0.359387	0.000248	58	182	142	36	140	46	129	197	195	100	36	72	29	26	61	74	82	122	42	43	80	39	94	120	82	85	57	28	35	63	82	43	47	37	61	36	33	138	32	31	35	137	40	93	145	145	112	122	47	78	vert.atpase6	tw0	TBR	0.02	vert.atpase6.tw0	vert.atpase6.tw0.conv_TBR_0.020000.tsv	765.0	1.7838821005503218
1000000	50	0.999989	1e-06	1.1e-05	1e-06	0.953254	0.0	1.0	262.82	22.584692	0.359204	0.000169	36	4	15	51	21	35	24	45	26	25	50	30	21	39	142	39	12	26	72	12	117	18	33	30	28	8	59	27	50	18	10	57	18	154	18	11	40	34	39	50	54	47	21	117	84	41	51	76	93	54	vert.atpase6	tw0	TBR	0.05	vert.atpase6.tw0	vert.atpase6.tw0.conv_TBR_0.050000.tsv	765.0	2.9107373868046573
1000000	50	0.999991	1e-06	9e-06	1e-06	0.953254	0.0	1.0	240.52	23.665789	0.359008	0.000132	25	29	18	6	32	31	20	5	33	9	14	9	13	67	14	22	13	13	66	27	9	6	9	21	11	20	33	15	12	17	7	29	38	10	22	6	11	14	19	26	17	11	32	9	11	11	12	30	14	25	vert.atpase6	tw0	TBR	0.1	vert.atpase6.tw0	vert.atpase6.tw0.conv_TBR_0.100000.tsv	765.0	3.180608681190753
1000000	50	0.999994	0.0	6e-06	0.0	0.953254	0.0	1.0	170.02	19.39275	0.359142	0.000117	4	15	16	9	8	12	18	18	4	36	17	14	4	10	18	13	21	31	12	6	15	18	12	17	3	5	41	9	12	14	7	7	39	30	43	34	5	11	12	7	21	11	17	13	7	67	6	23	9	18	vert.atpase6	tw0	TBR	0.2	vert.atpase6.tw0	vert.atpase6.tw0.conv_TBR_0.200000.tsv	765.0	4.499470650511705
1000000	50	0.999995	0.0	5e-06	0.0	0.953254	0.0	1.0	130.84	13.565273	0.359202	9.4e-05	6	21	10	7	16	13	30	13	11	27	13	6	16	13	24	11	5	12	4	31	7	9	24	15	8	6	8	15	13	15	10	10	11	10	8	8	19	7	12	8	36	5	14	7	5	5	4	12	12	61	vert.atpase6	tw0	TBR	0.3	vert.atpase6.tw0	vert.atpase6.tw0.conv_TBR_0.300000.tsv	765.0	5.8468358300214
1000000	50	0.999996	0.0	4e-06	0.0	0.953254	0.0	1.0	132.86	13.641803	0.359215	8.5e-05	13	4	7	25	11	5	12	12	18	17	8	4	13	6	5	9	6	7	15	5	7	10	17	12	5	11	19	11	10	5	12	4	5	15	16	6	6	13	6	25	3	14	20	5	8	10	8	20	10	8	vert.atpase6	tw0	TBR	0.4	vert.atpase6.tw0	vert.atpase6.tw0.conv_TBR_0.400000.tsv	765.0	5.757940689447538
1000000	50	0.999995	0.0	5e-06	0.0	0.953254	0.0	1.0	108.02	11.775952	0.359057	8e-05	7	15	4	22	11	5	8	4	11	4	5	12	8	22	5	12	14	18	18	3	5	4	11	15	3	16	12	8	11	5	6	9	5	5	15	8	4	13	5	7	7	13	8	12	23	6	25	6	5	5	vert.atpase6	tw0	TBR	0.5	vert.atpase6.tw0	vert.atpase6.tw0.conv_TBR_0.500000.tsv	765.0	7.0820218478059624
1000000	50	0.999938	4e-06	6.2e-05	4e-06	0.953254	0.0	1.0	1584.24	136.066153	0.354847	0.000377	212	280	366	71	59	145	365	668	476	145	786	168	223	194	187	66	140	284	361	187	175	370	133	137	167	138	73	438	100	194	221	437	313	264	53	166	297	402	466	97	209	93	336	137	473	559	169	509	199	86	vert.atpase6	tw0	rTBR	0.0	vert.atpase6.tw0	vert.atpase6.tw0.conv_rTBR_0.000000.tsv	765.0	0.48288138160884714
1000000	50	0.999976	2e-06	2.4e-05	2e-06	0.953254	0.0	1.0	528.94	47.868642	0.355159	0.000243	38	118	86	105	39	67	199	128	83	212	16	23	68	78	69	95	52	115	85	55	97	173	107	127	52	56	48	32	84	73	42	134	83	43	90	32	54	78	118	47	53	49	160	148	52	34	48	14	60	153	vert.atpase6	tw0	rTBR	0.02	vert.atpase6.tw0	vert.atpase6.tw0.conv_rTBR_0.020000.tsv	765.0	1.4462888040231405
1000000	50	0.999985	1e-06	1.5e-05	1e-06	0.953254	0.0	1.0	373.06	37.164383	0.355604	0.000149	39	129	29	81	85	10	31	56	57	66	26	40	28	21	22	20	41	19	25	32	31	31	22	20	118	27	26	80	54	12	57	39	23	55	167	122	23	110	70	55	42	19	18	100	40	27	9	39	75	27	vert.atpase6	tw0	rTBR	0.05	vert.atpase6.tw0	vert.atpase6.tw0.conv_rTBR_0.050000.tsv	765.0	2.0506084812094567
1000000	50	0.99999	1e-06	1e-05	1e-06	0.953254	0.0	1.0	328.2	30.543766	0.355202	0.000144	17	23	15	32	19	27	18	33	59	19	20	44	15	17	22	24	17	22	49	18	22	25	36	66	45	35	91	17	25	20	45	83	38	65	24	17	73	15	20	17	124	41	74	45	15	8	29	48	24	25	vert.atpase6	tw0	rTBR	0.1	vert.atpase6.tw0	vert.atpase6.tw0.conv_rTBR_0.100000.tsv	765.0	2.330895795246801
1000000	50	0.99999	1e-06	1e-05	1e-06	0.953254	0.0	1.0	277.16	21.929914	0.355317	0.000126	48	49	56	27	25	48	9	30	21	18	10	21	81	68	21	58	11	32	34	19	79	44	38	31	67	27	15	22	19	16	20	28	79	28	17	26	26	21	32	34	40	51	19	44	36	22	48	12	16	15	vert.atpase6	tw0	rTBR	0.2	vert.atpase6.tw0	vert.atpase6.tw0.conv_rTBR_0.200000.tsv	765.0	2.760138548131043
1000000	50	0.999991	1e-06	9e-06	1e-06	0.953254	0.0	1.0	236.16	22.725287	0.35517	0.000135	17	40	29	12	8	17	9	13	11	21	26	19	80	29	19	38	26	18	15	20	18	35	30	24	23	24	25	11	21	33	21	25	18	41	31	11	21	12	22	29	45	11	34	25	19	23	44	26	32	70	vert.atpase6	tw0	rTBR	0.3	vert.atpase6.tw0	vert.atpase6.tw0.conv_rTBR_0.300000.tsv	765.0	3.239329268292683
1000000	50	0.999992	1e-06	8e-06	1e-06	0.953254	0.0	1.0	226.66	17.589389	0.355079	0.000131	15	132	28	29	10	49	41	16	16	43	8	33	13	36	12	19	58	37	20	22	21	23	16	35	21	26	39	33	22	19	5	82	27	27	24	44	18	39	14	49	64	36	56	14	32	22	30	20	19	25	vert.atpase6	tw0	rTBR	0.4	vert.atpase6.tw0	vert.atpase6.tw0.conv_rTBR_0.400000.tsv	765.0	3.3750992676255183
1000000	50	0.999993	0.0	7e-06	0.0	0.953254	0.0	1.0	207.52	17.860348	0.355395	0.000124	37	18	10	19	21	26	47	20	19	25	18	28	21	20	42	20	25	28	35	19	17	12	28	26	22	25	10	24	41	29	15	33	21	41	26	29	43	19	19	19	20	22	22	26	29	27	20	18	43	27	vert.atpase6	tw0	rTBR	0.5	vert.atpase6.tw0	vert.atpase6.tw0.conv_rTBR_0.500000.tsv	765.0	3.68639167309175
1000000	50	0.999995	0.0	5e-06	0.0	0.972046	0.0	1.0	146.92	5.452791	0.244116	4.2e-05	68	50	112	70	63	51	53	89	65	68	45	33	58	87	63	104	72	98	31	128	89	90	91	89	45	70	50	62	60	83	73	86	117	51	86	32	104	92	39	53	58	39	69	55	67	88	51	64	78	52	vert.atpase6	tw5	MC3_NNI	0.0	vert.atpase6.tw5	vert.atpase6.tw5.conv_mc3_NNI_0.000000.tsv	283.46	1.929349305744623
1000000	50	0.999995	0.0	5e-06	0.0	0.972046	0.0	1.0	104.64	7.161847	0.244174	3.6e-05	37	41	18	25	30	46	22	34	36	44	35	35	75	52	40	30	14	16	37	18	20	45	55	50	34	44	28	25	72	22	102	40	31	57	39	43	18	35	34	22	26	29	49	38	79	42	23	34	37	51	vert.atpase6	tw5	MC3_NNI	0.02	vert.atpase6.tw5	vert.atpase6.tw5.conv_mc3_NNI_0.020000.tsv	283.46	2.708906727828746
1000000	50	0.999996	0.0	4e-06	0.0	0.972046	0.0	1.0	73.88	5.480551	0.244262	3.1e-05	17	29	19	26	20	22	9	32	16	23	58	20	31	19	33	19	23	17	13	12	47	19	14	38	25	31	15	7	30	24	18	23	16	13	20	19	60	24	13	27	18	16	11	22	29	19	27	44	33	15	vert.atpase6	tw5	MC3_NNI	0.05	vert.atpase6.tw5	vert.atpase6.tw5.conv_mc3_NNI_0.050000.tsv	283.46	3.836762317271251
1000000	50	0.999997	0.0	3e-06	0.0	0.972046	0.0	1.0	49.08	2.713359	0.24427	2.3e-05	12	16	13	17	18	22	13	26	12	19	15	14	16	17	26	25	25	22	15	33	11	17	15	16	12	10	14	16	13	15	16	20	36	18	17	17	23	21	25	14	22	24	19	14	14	24	23	18	20	16	vert.atpase6	tw5	MC3_NNI	0.1	vert.atpase6.tw5	vert.atpase6.tw5.conv_mc3_NNI_0.100000.tsv	283.46	5.775468622656886
1000000	50	0.999996	0.0	4e-06	0.0	0.972046	0.0	1.0	68.42	5.610347	0.24419	2.3e-05	23	24	27	9	31	8	11	10	26	13	15	10	16	56	14	16	30	35	76	43	20	8	52	17	11	14	36	23	53	13	30	13	13	21	13	153	21	36	17	75	35	21	15	11	15	7	13	15	18	18	vert.atpase6	tw5	MC3_NNI	0.2	vert.atpase6.tw5	vert.atpase6.tw5.conv_mc3_NNI_0.200000.tsv	283.46	4.1429406606255474
1000000	50	0.999996	0.0	4e-06	0.0	0.972046	0.0	1.0	471.96	141.003867	0.24412	4e-05	37	765	1669	65	28	31	36	26	948	357	31	20	805	6584	11	23	24	19	26	15	298	407	113	20	69	18	24	1846	16	11	281	180	11	13	1094	760	388	16	23	121	718	477	122	81	1428	25	81	162	1081	190	vert.atpase6	tw5	MC3_NNI	0.3	vert.atpase6.tw5	vert.atpase6.tw5.conv_mc3_NNI_0.300000.tsv	283.46	0.6006017459106704
1000000	50	0.979997	0.02	0.020003	0.02	0.952605	0.019441	0.98	17540.918367	5106.205675	0.235126	0.004952	8	25198	103	184237	5395	41	-1	26	4065	4995	72481	3117	3906	908	15363	2364	3840	142572	4799	62997	13	2065	2062	14629	10268	4024	6675	25898	64928	6447	50090	433	57627	15043	17	896	4124	805	8067	140	3480	135	6	7036	24	6708	6664	7853	13375	1915	vert.atpase6	tw5	MC3_NNI	0.4	vert.atpase6.tw5	vert.atpase6.tw5.conv_mc3_NNI_0.400000.tsv	283.46	0.016159929261929506
1000000	50	0.779994	0.059178	0.220006	0.059178	0.758196	0.057524	0.78	261137.307692	40755.322405	0.140716	0.013186	26	138819	436833	622883	-1	981523	199821	-1	708151	65979	-1	-1	285192	42317	66216	321046	275462	148104	588698	468477	154908	92134	210034	-1	30254	19675	37037	-1	281111	32614	-1	-1	-1	363059	264756	8877	143824	216657	245558	62753	-1	92237	239915	52075	661212	98535	896545	-1	586766	43187	vert.atpase6	tw5	MC3_NNI	0.5	vert.atpase6.tw5	vert.atpase6.tw5.conv_mc3_NNI_0.500000.tsv	283.46	0.0010854825857909533
1000000	50	0.999984	2e-06	1.6e-05	2e-06	0.972046	0.0	1.0	283.46	24.625509	0.244206	7e-05	101	112	70	139	129	118	70	80	55	68	118	165	150	31	93	145	107	119	133	98	57	283	94	53	52	81	196	104	129	149	125	66	110	98	76	126	82	215	72	82	68	107	80	70	137	58	135	150	35	127	vert.atpase6	tw5	NNI	0.0	vert.atpase6.tw5	vert.atpase6.tw5.conv_NNI_0.000000.tsv	283.46	1.0
1000000	50	0.999991	1e-06	9e-06	1e-06	0.972046	0.0	1.0	177.16	13.888635	0.244213	6.7e-05	66	64	54	73	123	26	39	71	48	55	40	20	28	45	72	50	83	69	31	95	74	53	35	35	55	48	72	64	68	89	115	24	44	69	64	52	49	40	46	138	40	56	81	74	55	28	80	69	64	46	vert.atpase6	tw5	NNI	0.02	vert.atpase6.tw5	vert.atpase6.tw5.conv_NNI_0.020000.tsv	283.46	1.600022578460149
1000000	50	0.999993	1e-06	7e-06	1e-06	0.972046	0.0	1.0	103.94	7.860904	0.24412	4.7e-05	28	20	42	27	48	25	24	23	31	42	24	31	40	27	53	29	15	43	54	29	12	29	66	18	64	19	21	31	40	36	34	25	42	40	32	13	27	20	28	24	57	54	33	16	38	26	64	43	16	42	vert.atpase6	tw5	NNI	0.05	vert.atpase6.tw5	vert.atpase6.tw5.conv_NNI_0.050000.tsv	283.46	2.727150279007119
1000000	50	0.999995	0.0	5e-06	0.0	0.972046	0.0	1.0	78.54	6.539189	0.244261	3.8e-05	14	26	8	17	30	28	20	22	9	34	29	36	23	29	12	24	18	28	16	20	14	12	55	70	31	32	11	29	35	33	18	26	28	26	24	32	36	62	37	10	20	30	17	32	44	24	20	17	33	22	vert.atpase6	tw5	NNI	0.1	vert.atpase6.tw5	vert.atpase6.tw5.conv_NNI_0.100000.tsv	283.46	3.6091163738222556
1000000	50	0.999996	0.0	4e-06	0.0	0.972046	0.0	1.0	281.36	91.784311	0.244192	3.5e-05	50	18	25	23	43	18	10	49	139	82	13	16	104	22	474	97	11	39	111	19	40	39	8	16	24	177	57	874	362	1192	15	789	52	150	18	17	58	145	1514	39	26	37	29	754	10	32	13	4152	22	25	vert.atpase6	tw5	NNI	0.2	vert.atpase6.tw5	vert.atpase6.tw5.conv_NNI_0.200000.tsv	283.46	1.007463747512084
1000000	50	0.999996	0.0	4e-06	0.0	0.972046	0.0	1.0	21808.62	11358.435178	0.238906	0.002772	2051	79587	387	11	16	20566	632	56	2182	833	87	461	339	98890	3179	216	2493	3656	408	69	747	41	22939	3	490	15	1668	345655	13185	607	5530	1339	32	30	121	8	2284	62	450286	7	90	4100	2960	2917	4023	59	42	12395	391	530	vert.atpase6	tw5	NNI	0.3	vert.atpase6.tw5	vert.atpase6.tw5.conv_NNI_0.300000.tsv	283.46	0.012997612870507167
1000000	50	0.899997	0.042857	0.100003	0.042857	0.874842	0.041659	0.9	56204.622222	13483.38785	0.207462	0.010315	-1	2185	8826	32740	5344	153365	10809	-1	32628	11627	242836	24369	5119	50797	747	42229	10651	122523	518	264862	3024	2504	11	15269	-1	297	9531	63186	75013	3818	5040	98419	10374	10066	238104	186459	4114	18535	47974	-1	340515	1457	31187	10739	309167	4247	2145	-1	6858	7733	vert.atpase6	tw5	NNI	0.4	vert.atpase6.tw5	vert.atpase6.tw5.conv_NNI_0.400000.tsv	283.46	0.00504335744630352
1000000	50	0.459997	0.071199	0.540003	0.071199	0.447141	0.069209	0.46	284046.73913	61108.883171	0.080421	0.014174	84197	768357	79095	188670	-1	-1	-1	-1	-1	-1	46357	-1	-1	-1	222204	192886	-1	806702	370365	279894	-1	-1	319495	-1	-1	-1	117241	973244	10102	142055	-1	732136	-1	668202	-1	17100	-1	-1	-1	49533	72044	-1	200953	190528	-1	-1	895	-1	-1	-1	vert.atpase6	tw5	NNI	0.5	vert.atpase6.tw5	vert.atpase6.tw5.conv_NNI_0.500000.tsv	283.46	0.000997934357099831
1000000	50	0.999958	3e-06	4.2e-05	3e-06	0.972046	0.0	1.0	727.12	61.148782	0.244122	0.000145	121	51	54	83	113	164	357	76	117	176	222	147	185	93	410	91	177	124	122	694	433	158	160	126	46	236	106	59	224	247	329	126	258	251	278	185	175	116	346	133	281	62	167	32	623	273	321	363	259	66	vert.atpase6	tw5	NNI2	0.0	vert.atpase6.tw5	vert.atpase6.tw5.conv_NNI2_0.000000.tsv	283.46	0.389839366266916
1000000	50	0.999981	1e-06	1.9e-05	1e-06	0.972046	0.0	1.0	374.88	35.477796	0.244431	0.000119	133	162	204	61	85	86	49	65	151	51	40	62	69	165	24	116	153	82	25	58	98	74	95	46	30	21	45	101	37	65	40	73	133	64	65	31	43	28	168	152	100	208	33	37	46	118	158	90	16	144	vert.atpase6	tw5	NNI2	0.02	vert.atpase6.tw5	vert.atpase6.tw5.conv_NNI2_0.020000.tsv	283.46	0.7561352966282543
1000000	50	0.999991	1e-06	9e-06	1e-06	0.972046	0.0	1.0	201.88	16.815485	0.244217	7.6e-05	67	59	82	68	31	51	60	13	43	27	20	165	20	24	37	18	16	43	26	50	42	32	43	45	45	12	178	17	18	15	20	53	25	31	14	22	30	26	24	25	32	33	17	58	17	25	18	27	39	34	vert.atpase6	tw5	NNI2	0.05	vert.atpase6.tw5	vert.atpase6.tw5.conv_NNI2_0.050000.tsv	283.46	1.4041014464038042
1000000	50	0.999995	0.0	5e-06	0.0	0.972046	0.0	1.0	81.88	6.713109	0.244264	4.6e-05	11	48	18	13	17	24	19	9	15	4	12	9	17	32	19	13	13	6	15	9	13	36	50	18	10	13	18	26	30	31	7	31	24	8	6	17	27	8	17	30	12	40	5	11	7	11	16	21	39	8	vert.atpase6	tw5	NNI2	0.1	vert.atpase6.tw5	vert.atpase6.tw5.conv_NNI2_0.100000.tsv	283.46	3.461895456765999
1000000	50	0.999996	0.0	4e-06	0.0	0.972046	0.0	1.0	48.52	4.393617	0.244193	2.8e-05	12	6	13	9	8	13	17	7	8	4	6	7	6	24	16	28	33	11	12	9	6	158	37	10	15	15	15	4	8	7	16	15	10	12	8	12	11	5	13	8	15	17	12	4	14	7	16	6	5	15	vert.atpase6	tw5	NNI2	0.2	vert.atpase6.tw5	vert.atpase6.tw5.conv_NNI2_0.200000.tsv	283.46	5.8421269579554815
1000000	50	0.999996	0.0	4e-06	0.0	0.972046	0.0	1.0	1137.26	688.948873	0.243985	0.000171	105	8	10	8	31567	11	11	10	10	689	16	7	6	7	18	4	7	17	12	6	6	7	12	6	11	1128	8	9	5	10	12748	7	7	7933	5	9	5	713	10	17	8	11	9	9	6	6	11	10	3	16	vert.atpase6	tw5	NNI2	0.3	vert.atpase6.tw5	vert.atpase6.tw5.conv_NNI2_0.300000.tsv	283.46	0.2492481930253416
1000000	50	0.939996	0.033927	0.060004	0.033927	0.913723	0.032978	0.94	7849.744681	6613.729893	0.227799	0.00836	12596	-1	18	20	13431	-1	7	1113	11	21086	11	6	6	20	9	12	60	14	4	37	198	113	56	7	310787	3919	6	22	7	8	4	4	203	4	8	5	6	7	12	471	11	3	5	126	17	7	-1	16	3102	12	vert.atpase6	tw5	NNI2	0.4	vert.atpase6.tw5	vert.atpase6.tw5.conv_NNI2_0.400000.tsv	283.46	0.03611072863122591
1000000	50	0.599998	0.069985	0.400002	0.069985	0.583228	0.068029	0.6	33044.3	19776.571339	0.141725	0.01678	347	24	-1	5044	5	-1	-1	-1	807	-1	64	1990	297	568484	5	-1	157131	4833	6	12	25	24	1343	10094	-1	447	133553	-1	245	5553	-1	-1	-1	2829	3	-1	-1	26	-1	-1	9916	83287	69	9	-1	4099	-1	-1	-1	-1	vert.atpase6	tw5	NNI2	0.5	vert.atpase6.tw5	vert.atpase6.tw5.conv_NNI2_0.500000.tsv	283.46	0.008578181411014909
1000000	50	0.999948	5e-06	5.2e-05	5e-06	0.972046	0.0	1.0	880.52	79.477597	0.244198	0.000165	201	152	153	68	105	431	229	80	205	290	75	448	83	71	243	216	141	64	95	196	151	519	162	214	414	223	275	252	165	418	257	490	45	66	165	154	85	253	150	212	183	169	114	380	278	90	242	223	178	216	vert.atpase6	tw5	TBR	0.0	vert.atpase6.tw5	vert.atpase6.tw5.conv_TBR_0.000000.tsv	283.46	0.321923408894744
1000000	50	0.999974	2e-06	2.6e-05	2e-06	0.972046	0.0	1.0	316.98	25.798441	0.244191	9e-05	80	166	38	69	69	48	180	48	131	90	48	76	24	63	74	56	18	37	143	77	159	82	74	163	72	126	60	194	40	46	75	125	63	124	33	52	43	61	46	134	134	23	104	255	73	126	69	146	79	130	vert.atpase6	tw5	TBR	0.02	vert.atpase6.tw5	vert.atpase6.tw5.conv_TBR_0.020000.tsv	283.46	0.894252003280964
1000000	50	0.999988	1e-06	1.2e-05	1e-06	0.972046	0.0	1.0	154.9	14.29429	0.244248	6.7e-05	13	23	43	18	51	28	24	77	44	38	59	23	15	27	50	48	23	37	19	25	38	40	13	37	98	19	52	29	75	33	23	9	33	20	32	96	32	10	10	27	28	22	22	33	73	27	36	67	12	8	vert.atpase6	tw5	TBR	0.05	vert.atpase6.tw5	vert.atpase6.tw5.conv_TBR_0.050000.tsv	283.46	1.829954809554551
1000000	50	0.999993	1e-06	7e-06	1e-06	0.972046	0.0	1.0	104.0	8.240814	0.244269	4.7e-05	10	8	21	16	16	48	10	5	14	11	12	8	45	16	36	11	8	33	22	21	25	16	57	10	5	17	36	24	6	17	14	9	14	43	35	27	58	46	33	12	7	17	37	10	9	13	16	43	5	14	vert.atpase6	tw5	TBR	0.1	vert.atpase6.tw5	vert.atpase6.tw5.conv_TBR_0.100000.tsv	283.46	2.7255769230769227
1000000	50	0.999995	0.0	5e-06	0.0	0.972046	0.0	1.0	79.34	7.257233	0.244253	3.6e-05	23	9	6	12	8	13	9	10	4	12	30	33	6	9	19	7	10	19	34	7	4	19	6	20	5	3	8	44	8	7	11	27	5	4	9	7	13	8	13	23	13	7	16	6	10	15	3	6	4	10	vert.atpase6	tw5	TBR	0.2	vert.atpase6.tw5	vert.atpase6.tw5.conv_TBR_0.200000.tsv	283.46	3.572724981094025
1000000	50	0.999996	0.0	4e-06	0.0	0.972046	0.0	1.0	57.84	6.118914	0.244281	3.5e-05	4	5	26	12	3	6	7	6	5	5	20	9	27	5	5	5	8	7	12	6	3	4	19	6	11	6	4	5	6	27	20	12	8	5	13	4	7	15	5	5	14	9	18	21	6	9	19	10	7	10	vert.atpase6	tw5	TBR	0.3	vert.atpase6.tw5	vert.atpase6.tw5.conv_TBR_0.300000.tsv	283.46	4.900760719225449
1000000	50	0.999996	0.0	4e-06	0.0	0.972046	0.0	1.0	63.7	6.523818	0.244227	3.3e-05	19	22	5	6	5	5	14	13	9	5	12	8	11	8	6	18	11	8	4	4	4	7	8	7	4	13	7	15	9	6	5	9	10	7	17	7	17	6	13	15	11	30	23	5	5	12	19	3	10	12	vert.atpase6	tw5	TBR	0.4	vert.atpase6.tw5	vert.atpase6.tw5.conv_TBR_0.400000.tsv	283.46	4.449921507064364
1000000	50	0.999997	0.0	3e-06	0.0	0.972046	0.0	1.0	139.74	39.401852	0.244198	3.4e-05	105	8	12	20	8	1412	11	14	3	3	9	10	43	39	4	33	784	16	93	4	5	5	22	26	7	979	8	20	9	31	206	6	15	9	11	13	6	43	6	6	14	4	17	6	117	3	9	799	4	9	vert.atpase6	tw5	TBR	0.5	vert.atpase6.tw5	vert.atpase6.tw5.conv_TBR_0.500000.tsv	283.46	2.028481465578932
1000000	50	0.999946	5e-06	5.4e-05	5e-06	0.972046	0.0	1.0	760.3	57.325958	0.245232	0.000163	175	178	203	239	195	419	489	248	233	173	196	244	108	252	609	170	157	142	83	348	146	109	317	115	151	470	57	356	163	231	238	256	69	297	347	160	344	323	147	176	98	169	112	280	178	793	133	152	205	119	vert.atpase6	tw5	rTBR	0.0	vert.atpase6.tw5	vert.atpase6.tw5.conv_rTBR_0.000000.tsv	283.46	0.37282651584900695
1000000	50	0.999976	2e-06	2.4e-05	2e-06	0.972046	0.0	1.0	398.16	36.688366	0.245289	9.1e-05	75	20	66	93	15	66	146	77	78	43	98	83	31	44	56	89	39	89	55	42	85	31	84	163	46	46	122	137	17	23	175	37	110	95	61	78	49	39	30	90	67	42	58	43	142	101	36	95	123	81	vert.atpase6	tw5	rTBR	0.02	vert.atpase6.tw5	vert.atpase6.tw5.conv_rTBR_0.020000.tsv	283.46	0.7119248543299175
1000000	50	0.999986	2e-06	1.4e-05	2e-06	0.972046	0.0	1.0	184.32	15.381395	0.245138	6.9e-05	23	73	29	42	49	47	79	55	19	24	25	49	27	47	43	33	26	91	88	16	25	64	36	58	56	19	28	43	57	46	45	19	108	71	39	19	28	16	27	32	29	46	13	104	128	59	36	41	22	21	vert.atpase6	tw5	rTBR	0.05	vert.atpase6.tw5	vert.atpase6.tw5.conv_rTBR_0.050000.tsv	283.46	1.5378689236111112
1000000	50	0.999991	1e-06	9e-06	1e-06	0.972046	0.0	1.0	132.56	10.376196	0.24527	6.1e-05	66	62	55	28	8	14	16	42	25	39	40	10	14	42	25	41	67	65	33	53	12	20	21	17	30	16	37	29	14	19	28	48	33	8	27	16	37	30	13	13	48	32	19	55	10	17	44	23	119	18	vert.atpase6	tw5	rTBR	0.1	vert.atpase6.tw5	vert.atpase6.tw5.conv_rTBR_0.100000.tsv	283.46	2.138352444176222
1000000	50	0.999992	1e-06	8e-06	1e-06	0.972046	0.0	1.0	128.0	10.613853	0.245365	6.3e-05	53	41	12	24	34	22	43	23	38	18	37	45	18	52	27	35	11	16	14	27	10	28	18	51	21	12	24	15	39	25	12	21	28	20	14	33	13	22	30	25	25	23	15	13	24	33	21	58	20	67	vert.atpase6	tw5	rTBR	0.2	vert.atpase6.tw5	vert.atpase6.tw5.conv_rTBR_0.200000.tsv	283.46	2.21453125
1000000	50	0.999992	1e-06	8e-06	1e-06	0.972046	0.0	1.0	99.0	8.069545	0.245254	4.3e-05	14	17	43	23	27	19	14	40	24	25	45	15	23	20	28	19	47	12	40	13	22	21	23	20	23	44	14	23	17	32	35	34	32	54	16	31	15	21	12	43	16	22	24	20	26	14	9	72	77	45	vert.atpase6	tw5	rTBR	0.3	vert.atpase6.tw5	vert.atpase6.tw5.conv_rTBR_0.300000.tsv	283.46	2.863232323232323
1000000	50	0.999991	1e-06	9e-06	1e-06	0.972046	0.0	1.0	100.26	7.269214	0.245319	4.8e-05	24	28	19	11	40	11	17	24	20	15	56	54	46	16	19	15	7	18	16	25	9	22	50	54	24	69	19	26	24	15	19	30	14	18	15	13	30	23	80	46	19	13	19	22	45	17	12	17	21	7	vert.atpase6	tw5	rTBR	0.4	vert.atpase6.tw5	vert.atpase6.tw5.conv_rTBR_0.400000.tsv	283.46	2.8272491522042684
1000000	50	0.999992	1e-06	8e-06	1e-06	0.972046	0.0	1.0	81.48	6.792387	0.245257	4.1e-05	11	36	23	71	19	45	65	17	22	12	20	50	31	20	38	17	14	12	27	22	28	39	19	31	16	41	73	19	15	41	28	22	27	20	35	23	21	12	26	8	28	10	23	25	10	16	32	72	4	10	vert.atpase6	tw5	rTBR	0.5	vert.atpase6.tw5	vert.atpase6.tw5.conv_rTBR_0.500000.tsv	283.46	3.4788905252822775
1000000	50	0.999968	1e-06	3.2e-05	1e-06	0.967427	0.0	1.0	76.9	4.188249	0.935977	7.1e-05	84	30	44	39	62	88	69	50	136	64	40	75	56	113	82	63	26	103	137	77	49	37	105	64	85	80	103	63	89	54	76	94	114	77	74	48	109	88	68	85	99	50	47	58	69	81	86	185	87	83	vert.atpase8	tw0	MC3_NNI	0.0	vert.atpase8.tw0	vert.atpase8.tw0.conv_mc3_NNI_0.000000.tsv	295.08	3.8371911573472035
1000000	50	0.999971	1e-06	2.9e-05	1e-06	0.967427	0.0	1.0	45.5	2.881362	0.935932	4.9e-05	40	135	38	42	38	40	71	41	28	55	33	56	35	24	33	50	54	32	38	34	22	48	18	32	29	46	43	89	24	34	37	37	62	43	41	49	56	20	76	82	52	45	28	51	23	67	43	62	60	39	vert.atpase8	tw0	MC3_NNI	0.02	vert.atpase8.tw0	vert.atpase8.tw0.conv_mc3_NNI_0.020000.tsv	295.08	6.485274725274725
1000000	50	0.999971	1e-06	2.9e-05	1e-06	0.967427	0.0	1.0	35.4	1.852301	0.936067	5.3e-05	46	38	48	28	18	24	33	24	29	41	38	19	62	46	34	25	22	46	44	39	32	41	44	19	42	23	29	35	20	19	17	27	39	55	18	19	31	70	35	40	49	35	48	28	21	37	65	32	36	60	vert.atpase8	tw0	MC3_NNI	0.05	vert.atpase8.tw0	vert.atpase8.tw0.conv_mc3_NNI_0.050000.tsv	295.08	8.335593220338984
1000000	50	0.999973	1e-06	2.7e-05	1e-06	0.967427	0.0	1.0	24.82	1.521731	0.936097	4.8e-05	18	28	21	35	56	38	32	22	24	26	11	21	30	10	10	20	14	44	24	24	36	36	9	22	16	34	41	15	37	17	11	19	31	18	18	31	27	23	17	30	15	22	17	17	21	48	17	18	23	47	vert.atpase8	tw0	MC3_NNI	0.1	vert.atpase8.tw0	vert.atpase8.tw0.conv_mc3_NNI_0.100000.tsv	295.08	11.88879935535858
1000000	50	0.999977	1e-06	2.3e-05	1e-06	0.967427	0.0	1.0	66.56	11.29324	0.935927	3.9e-05	45	25	87	20	20	192	15	26	16	21	126	24	333	154	14	31	155	12	10	16	26	63	47	150	10	30	36	11	24	10	13	187	11	19	31	14	115	13	50	15	21	42	111	14	12	205	275	257	153	21	vert.atpase8	tw0	MC3_NNI	0.2	vert.atpase8.tw0	vert.atpase8.tw0.conv_mc3_NNI_0.200000.tsv	295.08	4.433293269230769
1000000	50	0.999979	1e-06	2.1e-05	1e-06	0.967427	0.0	1.0	1509.08	423.458449	0.93462	0.000391	573	561	330	511	10	9022	340	2395	313	1282	15	17	4379	47	190	1153	48	5001	22	1171	422	1894	4158	25	24	713	488	693	7382	53	47	17	4159	30	42	5	9	77	14	57	239	344	39	44	10188	14610	56	44	2177	24	vert.atpase8	tw0	MC3_NNI	0.3	vert.atpase8.tw0	vert.atpase8.tw0.conv_mc3_NNI_0.300000.tsv	295.08	0.19553635327484295
1000000	50	0.999906	4.4e-05	9.4e-05	4.4e-05	0.967427	0.0	1.0	159329.68	30698.079788	0.786521	0.028714	110894	29365	28590	44098	200104	24050	40	187491	757385	663	7	80417	507091	96714	197216	707928	33482	306729	68127	399492	41400	86027	835895	35	95994	14662	31300	296795	1624	16684	96939	146074	49	44794	171726	79833	53603	132218	190715	82878	6	38486	207100	268090	11955	810499	353745	24732	3151	49592	vert.atpase8	tw0	MC3_NNI	0.4	vert.atpase8.tw0	vert.atpase8.tw0.conv_mc3_NNI_0.400000.tsv	295.08	0.001852008991670604
1000000	50	0.199903	0.057115	0.800097	0.057115	0.193485	0.055282	0.2	44160.3	42932.20111	0.179051	0.051741	187	-1	-1	-1	11	-1	-1	-1	-1	27	-1	-1	-1	-1	-1	-1	24	-1	-1	-1	-1	-1	430512	610	-1	-1	-1	-1	-1	-1	108	-1	651	5318	-1	-1	-1	-1	4155	-1	-1	-1	-1	-1	-1	-1	-1	-1	-1	-1	vert.atpase8	tw0	MC3_NNI	0.5	vert.atpase8.tw0	vert.atpase8.tw0.conv_mc3_NNI_0.500000.tsv	295.08	0.006682019823234896
1000000	50	0.999651	7.9e-05	0.000349	7.9e-05	0.967427	0.0	1.0	295.08	58.284796	0.935832	0.000227	529	125	56	121	2542	201	126	756	150	42	521	157	85	173	757	98	708	694	764	450	34	460	1134	84	56	146	166	50	40	477	155	170	66	68	347	105	119	121	118	81	91	120	80	603	85	278	93	80	96	176	vert.atpase8	tw0	NNI	0.0	vert.atpase8.tw0	vert.atpase8.tw0.conv_NNI_0.000000.tsv	295.08	1.0
1000000	50	0.99983	4.9e-05	0.00017	4.9e-05	0.967427	0.0	1.0	379.08	97.939585	0.935717	0.000253	37	106	669	346	62	51	49	44	45	26	1873	37	663	471	176	288	83	639	12	72	60	1255	62	91	103	953	56	24	64	70	1670	98	230	76	70	55	40	340	318	97	210	63	584	4192	47	71	290	786	1030	200	vert.atpase8	tw0	NNI	0.02	vert.atpase8.tw0	vert.atpase8.tw0.conv_NNI_0.020000.tsv	295.08	0.7784108895220007
1000000	50	0.999852	5e-05	0.000148	5e-05	0.967427	0.0	1.0	456.46	116.624225	0.935415	0.000222	372	2489	3866	464	43	49	34	224	629	40	2848	31	17	43	1850	22	1065	35	172	890	34	630	37	73	47	35	289	23	134	60	34	154	1223	35	245	46	31	290	525	39	574	36	21	58	56	202	19	42	2312	336	vert.atpase8	tw0	NNI	0.05	vert.atpase8.tw0	vert.atpase8.tw0.conv_NNI_0.050000.tsv	295.08	0.6464531393769443
1000000	50	0.999956	3e-06	4.4e-05	3e-06	0.967427	0.0	1.0	294.48	68.71358	0.935709	0.000202	235	1842	44	18	527	11	29	113	238	88	364	31	26	674	60	24	128	13	26	14	1562	22	14	1344	435	395	40	42	17	35	47	849	556	29	366	105	1026	257	106	30	25	10	39	110	28	2091	402	36	175	26	vert.atpase8	tw0	NNI	0.1	vert.atpase8.tw0	vert.atpase8.tw0.conv_NNI_0.100000.tsv	295.08	1.0020374898125508
1000000	50	0.999935	2.3e-05	6.5e-05	2.3e-05	0.967427	0.0	1.0	2155.86	930.200367	0.934003	0.000867	5931	562	184	9	100	68	20	317	10	15	3551	2728	422	62	731	813	239	40	167	42600	9	1000	2445	8	432	191	120	19	10442	31	918	42	1081	21	8	14	379	17272	10	104	2275	2077	363	8	57	508	575	320	7184	1311	vert.atpase8	tw0	NNI	0.2	vert.atpase8.tw0	vert.atpase8.tw0.conv_NNI_0.200000.tsv	295.08	0.13687345189390776
1000000	50	0.959953	0.027993	0.040047	0.027993	0.92873	0.027082	0.96	102733.375	35016.586898	0.806375	0.039273	8	3490	923128	48	3099	3533	918	54	19058	1445	22495	26	60	1385	58001	-1	1105	26335	74	2425	8020	982509	38	15218	56678	194942	9	37743	297	19978	48979	47263	471533	845065	3116	312001	4841	587980	14991	14582	13479	668	-1	237	7352	13650	3986	8372	3146	147842	vert.atpase8	tw0	NNI	0.3	vert.atpase8.tw0	vert.atpase8.tw0.conv_NNI_0.300000.tsv	295.08	0.002872289555366014
1000000	50	0.599765	0.069958	0.400235	0.069958	0.580456	0.067706	0.6	234509.966667	51609.605357	0.429943	0.057823	-1	92819	15901	-1	250989	19001	-1	40827	-1	-1	-1	208470	329336	277	1035	807	16	45172	-1	190872	961336	-1	44826	-1	-1	-1	137980	20965	45	-1	-1	-1	-1	212429	559686	865635	-1	267556	-1	176960	403439	679	87692	261676	-1	-1	310136	910938	-1	617799	vert.atpase8	tw0	NNI	0.4	vert.atpase8.tw0	vert.atpase8.tw0.conv_NNI_0.400000.tsv	295.08	0.0012582834077112311
1000000	50	0.099966	0.042843	0.900034	0.042843	0.096743	0.041461	0.1	121958.0	121054.583153	0.0823	0.036731	-1	-1	6	-1	-1	-1	-1	-1	-1	-1	-1	-1	-1	663	-1	-1	-1	-1	-1	-1	-1	-1	-1	-1	-1	-1	-1	-1	-1	-1	-1	-1	-1	-1	-1	2283	-1	-1	-1	664	-1	-1	-1	-1	-1	-1	606174	-1	-1	-1	vert.atpase8	tw0	NNI	0.5	vert.atpase8.tw0	vert.atpase8.tw0.conv_NNI_0.500000.tsv	295.08	0.0024195214746060116
1000000	50	0.999643	6.7e-05	0.000357	6.7e-05	0.967427	0.0	1.0	489.84	81.761691	0.935837	0.000373	454	180	292	763	1095	262	331	87	229	94	60	146	225	118	2733	422	208	574	554	401	377	161	334	224	1121	98	772	289	474	328	1346	220	115	556	112	203	42	67	1025	1285	1929	83	53	116	76	272	453	2347	547	239	vert.atpase8	tw0	NNI2	0.0	vert.atpase8.tw0	vert.atpase8.tw0.conv_NNI2_0.000000.tsv	295.08	0.6024007839294463
1000000	50	0.999829	3.4e-05	0.000171	3.4e-05	0.967427	0.0	1.0	255.36	43.575866	0.935717	0.000281	668	108	81	822	191	56	40	47	124	823	368	86	176	1413	520	195	35	182	116	217	223	363	695	54	52	156	197	71	250	1285	55	141	733	82	156	279	129	30	207	57	39	188	63	91	394	116	103	40	216	35	vert.atpase8	tw0	NNI2	0.02	vert.atpase8.tw0	vert.atpase8.tw0.conv_NNI2_0.020000.tsv	295.08	1.1555451127819547
1000000	50	0.999902	2.2e-05	9.8e-05	2.2e-05	0.967427	0.0	1.0	151.02	41.853286	0.936093	0.000233	49	9	1247	12	558	30	26	16	39	12	46	556	395	253	15	31	23	104	49	87	28	157	1610	25	72	22	40	125	31	18	118	371	57	201	43	7	137	17	314	107	12	60	43	56	30	27	27	144	27	68	vert.atpase8	tw0	NNI2	0.05	vert.atpase8.tw0	vert.atpase8.tw0.conv_NNI2_0.050000.tsv	295.08	1.953913388955105
1000000	50	0.999946	4e-06	5.4e-05	4e-06	0.967427	0.0	1.0	256.12	69.199909	0.935768	0.000211	53	18	894	641	23	55	267	343	25	551	50	13	26	55	34	11	31	18	25	19	24	257	10	1859	24	31	29	1540	12	1017	6	2314	31	19	27	34	618	209	15	273	184	50	33	57	62	642	13	34	19	211	vert.atpase8	tw0	NNI2	0.1	vert.atpase8.tw0	vert.atpase8.tw0.conv_NNI2_0.100000.tsv	295.08	1.1521161955333437
1000000	50	0.999964	2e-06	3.6e-05	2e-06	0.967427	0.0	1.0	7391.02	5397.366469	0.929289	0.005058	3749	4	704	363	65482	29	8	11	12	8	6975	114	33	9	17	16	15	199	234	28	10	7	12	78	24584	402	262951	32	27	11	5	194	2090	20	3	7	10	217	6	109	215	10	12	126	10	74	214	9	27	69	vert.atpase8	tw0	NNI2	0.2	vert.atpase8.tw0	vert.atpase8.tw0.conv_NNI2_0.200000.tsv	295.08	0.03992412413983455
1000000	50	0.919972	0.038755	0.080028	0.038755	0.890033	0.037494	0.92	23993.782609	18826.580491	0.840595	0.038944	13	91	24	7	-1	290	2471	7276	57	17	9	507	1060	13	4	10	95729	194	14	2	6	18	-1	2781	-1	5765	11	-1	7	2231	17	9	123810	137	53	19	5	213	881	290	857654	30	6	8	1583	30	7	211	137	7	vert.atpase8	tw0	NNI2	0.3	vert.atpase8.tw0	vert.atpase8.tw0.conv_NNI2_0.300000.tsv	295.08	0.01229818594294158
1000000	50	0.659945	0.067667	0.340055	0.067667	0.638502	0.065468	0.66	59154.909091	31207.826928	0.581213	0.062603	987013	-1	-1	5293	-1	55	6	183	358	45433	9	-1	142	-1	207910	-1	98332	236551	-1	11	-1	266	9	27	4	-1	5	6662	-1	697	5	364	-1	-1	-1	7	7	214852	6	-1	5	-1	5	-1	7	67	44966	-1	6	102849	vert.atpase8	tw0	NNI2	0.4	vert.atpase8.tw0	vert.atpase8.tw0.conv_NNI2_0.400000.tsv	295.08	0.004988258870385016
1000000	50	0.259994	0.062661	0.740006	0.062661	0.251531	0.060621	0.26	17002.076923	15967.010397	0.239238	0.057781	6	-1	-1	-1	-1	-1	-1	5	-1	-1	-1	6915	-1	-1	-1	-1	5	-1	-1	-1	-1	5	-1	-1	153	-1	-1	-1	-1	4436	-1	-1	-1	-1	180	10	-1	-1	636	-1	-1	-1	-1	198	-1	-1	4	208474	-1	-1	vert.atpase8	tw0	NNI2	0.5	vert.atpase8.tw0	vert.atpase8.tw0.conv_NNI2_0.500000.tsv	295.08	0.017355526700436396
1000000	50	0.999755	1.3e-05	0.000245	1.3e-05	0.967427	0.0	1.0	169.12	13.175941	0.935504	0.000333	134	123	77	308	150	139	182	167	103	210	514	144	175	80	163	173	83	242	68	261	149	72	55	305	84	76	84	96	129	73	164	220	110	58	200	87	66	344	185	154	197	312	234	322	200	308	148	233	196	99	vert.atpase8	tw0	TBR	0.0	vert.atpase8.tw0	vert.atpase8.tw0.conv_TBR_0.000000.tsv	295.08	1.7447965941343424
1000000	50	0.999857	7e-06	0.000143	7e-06	0.967427	0.0	1.0	86.86	7.720844	0.936468	0.000223	46	26	166	60	83	26	30	238	210	46	38	134	156	19	116	35	142	87	156	119	52	213	30	68	95	59	50	81	51	105	101	63	92	151	47	31	47	36	110	9	152	42	104	113	99	85	72	16	142	94	vert.atpase8	tw0	TBR	0.02	vert.atpase8.tw0	vert.atpase8.tw0.conv_TBR_0.020000.tsv	295.08	3.397190881878885
1000000	50	0.999924	3e-06	7.6e-05	3e-06	0.967427	0.0	1.0	57.7	5.755937	0.935996	0.000163	189	27	76	35	54	42	154	49	55	55	57	19	53	21	18	20	64	97	78	65	28	57	38	105	36	51	66	33	65	52	164	16	40	42	60	65	59	31	41	32	79	22	6	44	15	116	168	64	8	54	vert.atpase8	tw0	TBR	0.05	vert.atpase8.tw0	vert.atpase8.tw0.conv_TBR_0.050000.tsv	295.08	5.114038128249566
1000000	50	0.999944	2e-06	5.6e-05	2e-06	0.967427	0.0	1.0	22.08	2.270097	0.936268	0.000104	12	4	6	9	9	5	7	27	11	27	24	10	11	54	10	9	84	29	15	31	25	28	16	8	24	43	12	15	47	10	12	30	11	24	33	23	21	8	12	39	12	24	24	26	49	23	35	9	9	58	vert.atpase8	tw0	TBR	0.1	vert.atpase8.tw0	vert.atpase8.tw0.conv_TBR_0.100000.tsv	295.08	13.36413043478261
1000000	50	0.999964	1e-06	3.6e-05	1e-06	0.967427	0.0	1.0	11.92	0.811066	0.935991	6.3e-05	10	6	8	11	8	30	6	7	11	16	9	10	4	13	26	19	13	12	18	6	11	17	7	16	13	6	16	4	9	21	18	18	8	5	14	4	6	12	7	13	19	15	18	18	7	8	12	9	8	14	vert.atpase8	tw0	TBR	0.2	vert.atpase8.tw0	vert.atpase8.tw0.conv_TBR_0.200000.tsv	295.08	24.75503355704698
1000000	50	0.999973	1e-06	2.7e-05	1e-06	0.967427	0.0	1.0	8.22	0.532449	0.936076	5.5e-05	9	5	4	8	11	9	5	6	19	10	5	7	7	10	7	5	19	5	9	10	5	8	5	11	5	8	20	6	6	11	5	11	6	9	6	9	8	10	11	10	3	15	6	6	7	2	9	8	8	7	vert.atpase8	tw0	TBR	0.3	vert.atpase8.tw0	vert.atpase8.tw0.conv_TBR_0.300000.tsv	295.08	35.897810218978094
1000000	50	0.999977	1e-06	2.3e-05	1e-06	0.967427	0.0	1.0	5.68	0.25784	0.936081	3.1e-05	6	4	3	5	9	7	4	5	7	3	4	6	9	8	5	5	6	8	7	4	7	4	3	8	7	3	4	4	8	5	5	6	6	10	4	7	4	4	7	7	8	7	7	4	6	3	6	7	4	4	vert.atpase8	tw0	TBR	0.4	vert.atpase8.tw0	vert.atpase8.tw0.conv_TBR_0.400000.tsv	295.08	51.95070422535211
1000000	50	0.999978	1e-06	2.2e-05	1e-06	0.967427	0.0	1.0	5.5	0.210442	0.936103	3.1e-05	4	7	9	5	7	5	6	7	7	7	7	7	5	5	7	6	4	7	6	4	5	7	6	4	4	4	4	7	5	10	4	5	6	5	4	4	7	5	6	4	5	3	5	5	5	7	4	4	6	3	vert.atpase8	tw0	TBR	0.5	vert.atpase8.tw0	vert.atpase8.tw0.conv_TBR_0.500000.tsv	295.08	53.65090909090909
1000000	50	0.99974	1e-05	0.00026	1e-05	0.967427	0.0	1.0	197.5	16.350454	0.936648	0.000339	67	52	262	86	312	266	114	414	376	227	127	53	207	275	366	70	165	100	304	291	209	566	57	92	132	36	236	105	113	240	213	362	179	104	299	225	152	51	118	329	135	162	119	186	251	178	416	80	170	226	vert.atpase8	tw0	rTBR	0.0	vert.atpase8.tw0	vert.atpase8.tw0.conv_rTBR_0.000000.tsv	295.08	1.4940759493670885
1000000	50	0.999848	7e-06	0.000152	7e-06	0.967427	0.0	1.0	92.96	7.250163	0.936546	0.000231	65	82	113	81	36	117	44	65	54	298	172	121	46	109	168	126	90	119	65	87	59	33	113	18	34	110	55	166	87	129	54	144	58	111	30	205	108	57	59	108	82	163	54	59	56	72	89	123	63	91	vert.atpase8	tw0	rTBR	0.02	vert.atpase8.tw0	vert.atpase8.tw0.conv_rTBR_0.020000.tsv	295.08	3.174268502581756
1000000	50	0.999906	3e-06	9.4e-05	3e-06	0.967427	0.0	1.0	61.72	5.540503	0.936781	0.000152	32	16	57	65	53	22	32	25	14	109	55	16	39	122	53	56	136	33	39	118	31	65	83	65	48	41	35	81	109	31	66	75	150	69	75	50	41	204	31	10	44	56	40	39	53	108	100	37	45	112	vert.atpase8	tw0	rTBR	0.05	vert.atpase8.tw0	vert.atpase8.tw0.conv_rTBR_0.050000.tsv	295.08	4.780946208684381
1000000	50	0.999925	3e-06	7.5e-05	3e-06	0.967427	0.0	1.0	42.88	3.852976	0.936948	0.000123	69	9	17	53	23	74	33	35	26	31	27	17	79	58	6	23	20	29	44	22	66	33	102	52	66	32	27	49	33	30	52	147	77	29	27	72	33	61	104	59	37	13	49	43	18	22	35	42	14	25	vert.atpase8	tw0	rTBR	0.1	vert.atpase8.tw0	vert.atpase8.tw0.conv_rTBR_0.100000.tsv	295.08	6.881529850746268
1000000	50	0.999947	1e-06	5.3e-05	1e-06	0.967427	0.0	1.0	27.34	1.86998	0.936742	0.000108	10	17	33	29	47	32	18	19	34	41	48	42	43	25	15	23	20	61	18	10	49	36	44	6	32	21	40	23	12	13	15	39	13	11	12	17	21	20	44	26	22	39	24	29	22	11	43	48	18	32	vert.atpase8	tw0	rTBR	0.2	vert.atpase8.tw0	vert.atpase8.tw0.conv_rTBR_0.200000.tsv	295.08	10.792977322604242
1000000	50	0.999953	2e-06	4.7e-05	2e-06	0.967427	0.0	1.0	23.4	1.786571	0.936753	8.5e-05	19	24	17	59	20	23	23	8	33	30	11	9	23	19	9	57	42	6	19	23	10	16	16	29	18	24	31	18	19	14	18	26	27	37	22	22	34	29	20	26	21	71	24	23	12	25	11	24	20	9	vert.atpase8	tw0	rTBR	0.3	vert.atpase8.tw0	vert.atpase8.tw0.conv_rTBR_0.300000.tsv	295.08	12.61025641025641
1000000	50	0.999953	2e-06	4.7e-05	2e-06	0.967427	0.0	1.0	23.6	1.59949	0.936859	9.4e-05	20	22	18	29	31	13	18	16	22	29	13	37	42	12	10	16	15	48	20	24	10	31	38	14	12	56	20	20	18	18	29	14	31	15	23	24	24	18	19	48	12	49	43	21	15	21	26	9	19	28	vert.atpase8	tw0	rTBR	0.4	vert.atpase8.tw0	vert.atpase8.tw0.conv_rTBR_0.400000.tsv	295.08	12.503389830508473
1000000	50	0.999953	1e-06	4.7e-05	1e-06	0.967427	0.0	1.0	22.52	1.466424	0.937009	0.000109	17	22	15	44	17	42	15	13	11	21	10	20	15	16	30	26	10	15	29	37	21	39	9	11	30	12	20	24	37	27	12	49	24	23	12	20	29	33	32	11	20	36	14	19	15	41	33	14	14	20	vert.atpase8	tw0	rTBR	0.5	vert.atpase8.tw0	vert.atpase8.tw0.conv_rTBR_0.500000.tsv	295.08	13.103019538188276
1000000	50	0.999905	1e-06	9.5e-05	1e-06	0.95228	0.0	1.0	530.12	29.147656	0.126122	3.7e-05	215	51	73	83	81	29	73	88	48	141	116	17	48	157	299	145	81	130	66	80	48	66	120	85	44	100	245	47	120	304	139	240	198	40	36	81	63	71	93	189	95	109	95	410	117	48	137	95	247	130	vert.atpase8	tw5	MC3_NNI	0.0	vert.atpase8.tw5	vert.atpase8.tw5.conv_mc3_NNI_0.000000.tsv	2098.88	3.95925450841319
1000000	50	0.999908	1e-06	9.2e-05	1e-06	0.95228	0.0	1.0	512.18	30.681414	0.126185	3.6e-05	68	42	88	127	44	35	63	70	77	44	61	82	170	95	50	85	215	136	78	74	85	138	73	67	90	106	256	142	58	39	97	43	60	28	123	58	119	75	57	60	189	87	93	98	123	159	111	89	75	50	vert.atpase8	tw5	MC3_NNI	0.02	vert.atpase8.tw5	vert.atpase8.tw5.conv_mc3_NNI_0.020000.tsv	2098.88	4.0979343199656375
1000000	50	0.999913	1e-06	8.7e-05	1e-06	0.95228	0.0	1.0	444.36	23.377868	0.126122	3.4e-05	19	38	25	110	36	37	45	125	113	38	35	62	110	52	97	69	100	58	34	51	16	46	98	59	39	265	55	84	97	80	45	43	62	46	61	50	59	37	45	48	32	25	68	57	53	43	63	160	85	91	vert.atpase8	tw5	MC3_NNI	0.05	vert.atpase8.tw5	vert.atpase8.tw5.conv_mc3_NNI_0.050000.tsv	2098.88	4.723377441713926
1000000	50	0.99992	1e-06	8e-05	1e-06	0.95228	0.0	1.0	336.2	15.655214	0.126152	3.3e-05	13	64	82	23	13	95	116	24	23	60	52	26	30	32	12	79	46	72	18	34	60	49	36	46	20	16	82	13	42	27	56	19	33	42	54	46	77	29	19	117	25	63	48	10	22	27	32	45	29	66	vert.atpase8	tw5	MC3_NNI	0.1	vert.atpase8.tw5	vert.atpase8.tw5.conv_mc3_NNI_0.100000.tsv	2098.88	6.242950624628198
1000000	50	0.999926	1e-06	7.4e-05	1e-06	0.95228	0.0	1.0	313.52	19.235898	0.126161	3e-05	29	26	32	8	19	32	19	26	10	83	22	32	35	28	33	24	16	21	33	39	23	96	30	24	18	45	49	32	31	19	65	77	30	25	30	32	33	66	22	99	13	44	61	27	47	28	28	20	78	42	vert.atpase8	tw5	MC3_NNI	0.2	vert.atpase8.tw5	vert.atpase8.tw5.conv_mc3_NNI_0.200000.tsv	2098.88	6.6945649400357246
1000000	50	0.99993	1e-06	7e-05	1e-06	0.95228	0.0	1.0	262.98	15.537696	0.126161	2e-05	101	17	24	82	49	24	21	45	193	32	27	99	26	78	22	83	20	23	149	15	14	38	33	66	84	39	25	11	30	17	21	15	22	80	29	9	46	27	23	31	29	19	18	18	15	26	50	85	94	30	vert.atpase8	tw5	MC3_NNI	0.3	vert.atpase8.tw5	vert.atpase8.tw5.conv_mc3_NNI_0.300000.tsv	2098.88	7.98113925013309
1000000	50	0.999931	1e-06	6.9e-05	1e-06	0.95228	0.0	1.0	296.94	14.038996	0.126163	2.3e-05	44	13	24	167	67	79	8	9	31	157	51	79	32	28	31	262	19	31	46	40	40	126	115	24	30	19	98	60	26	36	65	20	62	14	7	46	14	29	17	12	98	63	49	44	35	18	10	131	8	73	vert.atpase8	tw5	MC3_NNI	0.4	vert.atpase8.tw5	vert.atpase8.tw5.conv_mc3_NNI_0.400000.tsv	2098.88	7.068363979255069
1000000	50	0.999933	1e-06	6.7e-05	1e-06	0.95228	0.0	1.0	411.72	21.344541	0.12614	2.6e-05	308	336	74	196	297	452	70	220	173	99	64	13	88	89	475	334	168	52	53	204	150	178	132	127	62	54	34	51	122	29	199	175	188	143	50	66	147	422	43	203	275	160	238	297	116	185	107	40	38	454	vert.atpase8	tw5	MC3_NNI	0.5	vert.atpase8.tw5	vert.atpase8.tw5.conv_mc3_NNI_0.500000.tsv	2098.88	5.097833479063441
1000000	50	0.999761	1.3e-05	0.000239	1.3e-05	0.95228	0.0	1.0	2098.88	215.212075	0.126104	0.000115	417	248	105	129	287	81	273	136	172	1110	90	653	151	108	54	2729	67	101	277	593	138	260	223	197	191	106	80	114	1620	303	132	154	37	225	55	94	107	1950	466	116	93	175	173	1639	64	90	159	2594	1127	821	vert.atpase8	tw5	NNI	0.0	vert.atpase8.tw5	vert.atpase8.tw5.conv_NNI_0.000000.tsv	2098.88	1.0
1000000	50	0.99981	5e-06	0.00019	5e-06	0.95228	0.0	1.0	1702.9	143.558479	0.126157	9.9e-05	54	158	171	2162	695	1929	186	169	309	84	40	274	350	86	109	327	78	1091	563	903	523	223	173	162	756	1514	62	340	162	90	70	808	151	176	1093	361	121	2281	112	103	113	76	163	458	1679	51	44	67	307	78	vert.atpase8	tw5	NNI	0.02	vert.atpase8.tw5	vert.atpase8.tw5.conv_NNI_0.020000.tsv	2098.88	1.23253273827001
1000000	50	0.999842	5e-06	0.000158	5e-06	0.95228	0.0	1.0	1345.46	119.875096	0.126225	8.1e-05	181	624	114	836	92	188	40	34	79	262	465	823	548	22	651	55	572	46	44	38	71	1676	78	164	45	73	78	57	39	58	399	53	96	235	83	71	594	1098	93	50	45	930	712	358	359	56	56	397	95	2559	vert.atpase8	tw5	NNI	0.05	vert.atpase8.tw5	vert.atpase8.tw5.conv_NNI_0.050000.tsv	2098.88	1.559972054167348
1000000	50	0.999875	3e-06	0.000125	3e-06	0.95228	0.0	1.0	1049.4	88.54407	0.126071	8.3e-05	111	1467	21	482	280	359	31	991	36	24	294	1850	187	30	30	157	280	339	470	47	594	941	1098	139	488	92	26	321	48	657	1038	1493	32	62	50	213	81	118	1850	22	807	44	68	62	759	93	51	19	208	68	vert.atpase8	tw5	NNI	0.1	vert.atpase8.tw5	vert.atpase8.tw5.conv_NNI_0.100000.tsv	2098.88	2.0000762340384983
1000000	50	0.999906	3e-06	9.4e-05	3e-06	0.95228	0.0	1.0	676.52	72.20622	0.12615	6.3e-05	155	28	112	439	22	143	1090	300	132	240	109	22	13	75	29	418	298	232	527	378	30	1400	104	16	74	257	42	710	62	132	47	18	895	1114	40	48	25	1031	312	1084	64	255	30	257	214	362	259	32	202	221	vert.atpase8	tw5	NNI	0.2	vert.atpase8.tw5	vert.atpase8.tw5.conv_NNI_0.200000.tsv	2098.88	3.102465559037427
1000000	50	0.999917	3e-06	8.3e-05	3e-06	0.95228	0.0	1.0	508.5	44.601247	0.126211	5.8e-05	240	299	331	74	667	288	78	24	94	297	17	174	14	27	241	188	83	15	1124	433	19	37	16	224	30	18	319	479	12	62	19	163	196	248	217	27	16	223	35	30	34	29	498	16	86	15	68	20	41	28	vert.atpase8	tw5	NNI	0.3	vert.atpase8.tw5	vert.atpase8.tw5.conv_NNI_0.300000.tsv	2098.88	4.127590953785644
1000000	50	0.999919	3e-06	8.1e-05	3e-06	0.95228	0.0	1.0	595.62	53.518899	0.126131	4.7e-05	149	73	34	27	186	30	13	215	18	83	15	432	50	172	10	88	20	123	60	81	14	279	63	26	13	49	46	59	31	387	86	42	571	181	183	78	95	157	77	87	177	100	77	68	28	258	57	51	372	501	vert.atpase8	tw5	NNI	0.4	vert.atpase8.tw5	vert.atpase8.tw5.conv_NNI_0.400000.tsv	2098.88	3.5238574930324704
1000000	50	0.999912	3e-06	8.8e-05	3e-06	0.95228	0.0	1.0	684.48	66.569413	0.126186	5.5e-05	130	51	96	107	163	50	209	72	435	535	310	93	33	32	58	1909	83	29	84	174	241	71	182	420	244	299	436	356	68	625	411	1140	425	107	563	90	272	156	349	248	530	102	71	23	18	169	105	31	396	143	vert.atpase8	tw5	NNI	0.5	vert.atpase8.tw5	vert.atpase8.tw5.conv_NNI_0.500000.tsv	2098.88	3.0663861617578307
1000000	50	0.99967	9e-06	0.00033	9e-06	0.95228	0.0	1.0	3787.4	300.687719	0.126208	0.000147	123	123	1445	553	228	748	83	221	129	34	152	237	882	1003	190	830	112	119	277	91	171	59	192	116	103	254	118	105	91	510	248	192	109	2432	133	7067	2201	129	144	165	166	144	287	438	1141	187	115	1897	488	126	vert.atpase8	tw5	NNI2	0.0	vert.atpase8.tw5	vert.atpase8.tw5.conv_NNI2_0.000000.tsv	2098.88	0.5541743676400697
1000000	50	0.999742	5e-06	0.000258	5e-06	0.95228	0.0	1.0	2897.68	240.494468	0.126062	0.000128	263	132	165	88	1674	200	600	192	66	71	466	44	1399	396	66	82	53	337	296	128	1177	139	135	78	687	614	1414	1515	130	276	222	671	736	70	130	90	111	194	2784	67	417	435	267	69	172	166	83	858	280	177	vert.atpase8	tw5	NNI2	0.02	vert.atpase8.tw5	vert.atpase8.tw5.conv_NNI2_0.020000.tsv	2098.88	0.7243311890892025
1000000	50	0.999795	6e-06	0.000205	6e-06	0.95228	0.0	1.0	1703.76	98.994135	0.126049	0.000101	459	68	45	634	1031	21	810	88	155	308	60	93	1234	177	881	112	1043	260	711	65	154	90	257	186	119	1138	730	748	163	74	92	1764	174	522	636	45	30	179	32	216	286	394	538	65	355	44	638	108	117	79	vert.atpase8	tw5	NNI2	0.05	vert.atpase8.tw5	vert.atpase8.tw5.conv_NNI2_0.050000.tsv	2098.88	1.2319105977367706
1000000	50	0.999857	3e-06	0.000143	3e-06	0.95228	0.0	1.0	1027.34	62.680431	0.126224	7.9e-05	74	235	92	130	621	84	85	177	370	96	95	38	314	1799	233	90	251	114	198	65	131	524	404	818	73	56	68	132	22	117	81	147	470	46	26	51	897	28	15	45	51	31	310	37	178	56	35	46	49	46	vert.atpase8	tw5	NNI2	0.1	vert.atpase8.tw5	vert.atpase8.tw5.conv_NNI2_0.100000.tsv	2098.88	2.0430237311892854
1000000	50	0.999906	2e-06	9.4e-05	2e-06	0.95228	0.0	1.0	591.18	38.239542	0.126294	5e-05	397	490	18	124	81	18	63	217	19	180	88	14	10	47	75	47	284	28	135	28	76	19	128	232	112	90	17	115	82	57	18	45	283	23	20	16	30	4	442	68	12	34	146	30	12	5	20	256	25	21	vert.atpase8	tw5	NNI2	0.2	vert.atpase8.tw5	vert.atpase8.tw5.conv_NNI2_0.200000.tsv	2098.88	3.5503230826482635
1000000	50	0.999917	2e-06	8.3e-05	2e-06	0.95228	0.0	1.0	381.74	22.069922	0.126195	3.8e-05	7	267	196	99	87	58	60	15	78	49	4	7	8	20	24	40	11	21	70	17	24	42	83	31	36	65	28	39	16	15	67	154	12	43	10	133	20	41	6	125	106	60	68	55	9	140	11	180	25	230	vert.atpase8	tw5	NNI2	0.3	vert.atpase8.tw5	vert.atpase8.tw5.conv_NNI2_0.300000.tsv	2098.88	5.49819248703306
1000000	50	0.999922	2e-06	7.8e-05	2e-06	0.95228	0.0	1.0	326.2	22.296005	0.126087	4.1e-05	22	21	24	17	46	10	14	104	238	146	13	57	17	9	7	115	27	101	53	12	114	35	105	117	4	10	64	95	15	15	14	109	20	96	37	5	11	113	71	9	128	6	72	28	10	263	128	39	80	71	vert.atpase8	tw5	NNI2	0.4	vert.atpase8.tw5	vert.atpase8.tw5.conv_NNI2_0.400000.tsv	2098.88	6.434334763948498
1000000	50	0.99992	2e-06	8e-05	2e-06	0.95228	0.0	1.0	357.8	32.528957	0.126166	2.9e-05	20	58	12	9	690	50	82	101	85	8	164	61	816	412	21	41	204	29	19	89	8	47	80	41	23	13	50	78	110	36	54	66	112	135	71	41	250	14	123	90	51	17	87	14	1171	29	14	520	17	78	vert.atpase8	tw5	NNI2	0.5	vert.atpase8.tw5	vert.atpase8.tw5.conv_NNI2_0.500000.tsv	2098.88	5.866070430408049
1000000	50	0.999566	1.1e-05	0.000434	1.1e-05	0.95228	0.0	1.0	4331.28	216.764853	0.12599	0.000135	302	329	224	319	1272	821	339	227	206	840	233	509	334	608	123	640	114	541	192	124	197	656	679	261	212	939	117	95	109	148	1386	157	212	577	279	249	376	1161	340	1008	171	915	344	199	38	350	499	485	362	520	vert.atpase8	tw5	TBR	0.0	vert.atpase8.tw5	vert.atpase8.tw5.conv_TBR_0.000000.tsv	2098.88	0.4845865425463143
1000000	50	0.999688	7e-06	0.000312	7e-06	0.95228	0.0	1.0	2602.18	156.164193	0.126307	0.000115	81	172	110	108	169	52	222	104	134	378	125	82	817	256	318	106	107	179	157	172	57	217	207	113	115	28	122	144	208	49	211	136	158	269	909	118	171	381	654	118	505	93	54	96	129	218	510	104	95	541	vert.atpase8	tw5	TBR	0.02	vert.atpase8.tw5	vert.atpase8.tw5.conv_TBR_0.020000.tsv	2098.88	0.8065852477538065
1000000	50	0.999773	5e-06	0.000227	5e-06	0.95228	0.0	1.0	1706.8	87.98537	0.126204	9.5e-05	78	69	193	104	28	339	29	65	83	43	73	230	206	336	285	26	240	100	422	119	50	171	458	344	381	51	284	94	87	27	140	91	12	371	124	70	229	678	108	76	103	297	188	220	141	239	85	243	126	234	vert.atpase8	tw5	TBR	0.05	vert.atpase8.tw5	vert.atpase8.tw5.conv_TBR_0.050000.tsv	2098.88	1.229716428404031
1000000	50	0.999845	3e-06	0.000155	3e-06	0.95228	0.0	1.0	1027.56	59.066874	0.126153	6.1e-05	66	65	133	49	20	69	84	245	36	68	157	154	11	12	82	62	91	91	20	78	69	108	73	42	20	68	131	269	41	140	13	141	46	90	57	280	113	241	12	378	394	11	19	61	42	18	149	132	32	177	vert.atpase8	tw5	TBR	0.1	vert.atpase8.tw5	vert.atpase8.tw5.conv_TBR_0.100000.tsv	2098.88	2.0425863209934216
1000000	50	0.999903	2e-06	9.7e-05	2e-06	0.95228	0.0	1.0	597.28	36.173562	0.126152	4.3e-05	35	27	20	98	15	179	136	28	108	15	52	28	28	40	109	21	7	74	74	34	21	13	22	33	49	196	18	20	20	11	24	23	39	22	15	85	67	211	10	5	180	20	21	26	69	14	25	40	28	71	vert.atpase8	tw5	TBR	0.2	vert.atpase8.tw5	vert.atpase8.tw5.conv_TBR_0.200000.tsv	2098.88	3.5140637556924728
1000000	50	0.999916	1e-06	8.4e-05	1e-06	0.95228	0.0	1.0	476.24	27.202994	0.12624	4e-05	27	3	32	29	15	80	98	39	19	11	7	58	43	62	55	7	16	16	64	24	18	21	3	90	11	34	45	18	36	68	9	37	15	59	48	12	141	26	17	5	21	48	18	67	19	28	14	9	40	13	vert.atpase8	tw5	TBR	0.3	vert.atpase8.tw5	vert.atpase8.tw5.conv_TBR_0.300000.tsv	2098.88	4.4071896522761635
1000000	50	0.999926	1e-06	7.4e-05	1e-06	0.95228	0.0	1.0	359.16	19.205683	0.126126	3.6e-05	58	17	2	16	14	13	26	6	34	44	21	27	93	47	27	16	55	3	10	9	8	14	24	19	10	13	35	40	5	49	11	13	10	6	3	11	11	14	44	13	19	17	6	11	30	31	14	59	3	57	vert.atpase8	tw5	TBR	0.4	vert.atpase8.tw5	vert.atpase8.tw5.conv_TBR_0.400000.tsv	2098.88	5.843857890633701
1000000	50	0.999931	1e-06	6.9e-05	1e-06	0.95228	0.0	1.0	348.46	18.621673	0.126203	2.6e-05	12	6	24	6	5	60	5	10	9	59	10	89	34	23	10	9	10	15	6	19	20	51	15	14	33	68	18	9	5	11	3	39	18	8	8	9	25	6	32	8	8	18	28	18	39	131	23	13	15	8	vert.atpase8	tw5	TBR	0.5	vert.atpase8.tw5	vert.atpase8.tw5.conv_TBR_0.500000.tsv	2098.88	6.023302531137004
1000000	50	0.999579	1.1e-05	0.000421	1.1e-05	0.95228	0.0	1.0	4392.78	266.73061	0.126357	0.000129	379	662	1308	466	105	407	19	304	397	191	1083	479	592	126	98	431	167	115	953	195	164	265	458	818	671	178	259	187	366	464	234	405	1563	820	446	41	416	229	447	81	41	359	410	173	152	286	257	184	1234	178	vert.atpase8	tw5	rTBR	0.0	vert.atpase8.tw5	vert.atpase8.tw5.conv_rTBR_0.000000.tsv	2098.88	0.47780221181119936
1000000	50	0.99969	7e-06	0.00031	7e-06	0.95228	0.0	1.0	3003.78	212.649877	0.126456	0.000112	119	180	313	63	284	310	197	307	164	879	318	468	182	151	82	387	107	439	161	134	37	192	309	957	234	196	261	74	339	178	244	111	312	89	109	48	49	102	408	701	76	62	166	151	221	388	73	211	98	313	vert.atpase8	tw5	rTBR	0.02	vert.atpase8.tw5	vert.atpase8.tw5.conv_rTBR_0.020000.tsv	2098.88	0.6987462463962074
1000000	50	0.999775	5e-06	0.000225	5e-06	0.95228	0.0	1.0	1709.66	89.963487	0.126564	9.2e-05	97	51	57	148	248	383	275	124	702	56	166	188	63	65	285	286	73	38	522	23	77	348	598	192	53	221	463	212	208	121	55	103	626	80	134	295	71	34	18	579	94	116	115	65	76	104	79	139	123	19	vert.atpase8	tw5	rTBR	0.05	vert.atpase8.tw5	vert.atpase8.tw5.conv_rTBR_0.050000.tsv	2098.88	1.2276593006796672
1000000	50	0.999833	3e-06	0.000167	3e-06	0.95228	0.0	1.0	1179.72	61.583234	0.126584	7e-05	72	24	70	22	127	28	35	18	51	256	147	33	173	99	62	123	71	53	28	111	24	75	62	62	143	142	78	227	99	49	32	187	18	48	235	121	39	33	170	42	29	259	21	32	121	264	148	288	203	23	vert.atpase8	tw5	rTBR	0.1	vert.atpase8.tw5	vert.atpase8.tw5.conv_rTBR_0.100000.tsv	2098.88	1.779134031804157
1000000	50	0.999873	2e-06	0.000127	2e-06	0.95228	0.0	1.0	792.5	42.02061	0.126411	5.9e-05	44	49	38	38	20	46	60	94	29	132	67	112	49	70	32	85	48	133	58	81	39	57	17	77	12	13	24	37	30	37	31	60	65	49	43	158	37	122	179	38	99	67	67	63	44	72	275	54	32	79	vert.atpase8	tw5	rTBR	0.2	vert.atpase8.tw5	vert.atpase8.tw5.conv_rTBR_0.200000.tsv	2098.88	2.648429022082019
1000000	50	0.999886	2e-06	0.000114	2e-06	0.95228	0.0	1.0	720.06	50.9119	0.126481	5.1e-05	32	19	34	114	12	52	22	9	16	61	76	11	101	31	26	31	62	56	27	126	49	117	98	12	54	107	62	48	25	13	121	36	32	6	103	15	18	28	99	67	11	31	22	32	35	140	26	84	29	121	vert.atpase8	tw5	rTBR	0.3	vert.atpase8.tw5	vert.atpase8.tw5.conv_rTBR_0.300000.tsv	2098.88	2.914868205427326
1000000	50	0.999891	2e-06	0.000109	2e-06	0.95228	0.0	1.0	605.62	35.156036	0.126459	3.9e-05	56	56	25	25	34	23	19	20	66	30	21	38	21	28	98	163	46	22	50	119	20	156	97	45	173	18	66	36	55	130	50	69	16	76	111	33	45	37	46	40	30	82	29	37	107	168	53	49	28	17	vert.atpase8	tw5	rTBR	0.4	vert.atpase8.tw5	vert.atpase8.tw5.conv_rTBR_0.400000.tsv	2098.88	3.4656715432119154
1000000	50	0.99989	2e-06	0.00011	2e-06	0.95228	0.0	1.0	547.4	28.410619	0.126419	4.2e-05	82	16	5	77	36	29	41	172	96	88	16	29	49	26	70	17	67	67	98	24	26	17	107	87	42	34	87	136	27	14	21	75	100	46	14	63	53	15	29	8	128	48	91	38	36	78	21	22	30	38	vert.atpase8	tw5	rTBR	0.5	vert.atpase8.tw5	vert.atpase8.tw5.conv_rTBR_0.500000.tsv	2098.88	3.834271099744246
1000000	50	0.999999	0.0	1e-06	0.0	0.999248	0.0	1.0	66.68	3.347304	0.998438	7e-06	77	59	72	117	96	65	86	96	58	75	84	55	74	42	28	51	69	78	80	57	66	90	44	70	24	59	50	60	47	49	63	35	65	41	72	64	138	106	68	68	82	31	36	86	91	94	18	58	82	58	vert.coi	tw0	MC3_NNI	0.0	vert.coi.tw0	vert.coi.tw0.conv_mc3_NNI_0.000000.tsv	218.12	3.2711457708458305
1000000	50	0.999999	0.0	1e-06	0.0	0.999248	0.0	1.0	32.82	1.542511	0.998456	8e-06	37	43	28	28	54	47	36	60	35	29	26	21	21	40	28	40	38	39	45	49	36	18	53	37	24	21	17	35	34	41	30	17	31	35	19	28	35	33	47	20	32	21	36	13	24	38	43	15	42	22	vert.coi	tw0	MC3_NNI	0.02	vert.coi.tw0	vert.coi.tw0.conv_mc3_NNI_0.020000.tsv	218.12	6.645947592931139
1000000	50	0.999999	0.0	1e-06	0.0	0.999248	0.0	1.0	17.66	0.844966	0.998483	5e-06	19	27	13	17	13	27	13	7	25	12	16	12	17	29	15	15	22	13	24	12	17	12	26	22	20	30	15	16	11	17	25	26	19	25	18	24	17	14	14	12	9	13	20	5	11	20	19	12	22	24	vert.coi	tw0	MC3_NNI	0.05	vert.coi.tw0	vert.coi.tw0.conv_mc3_NNI_0.050000.tsv	218.12	12.351075877689695
1000000	50	0.999999	0.0	1e-06	0.0	0.999248	0.0	1.0	13.9	0.7	0.998485	5e-06	6	15	15	28	13	19	9	15	7	19	13	14	21	12	17	17	20	23	10	17	15	18	15	14	9	20	9	10	10	14	12	9	12	9	23	19	17	13	12	5	13	6	12	15	6	11	18	18	12	9	vert.coi	tw0	MC3_NNI	0.1	vert.coi.tw0	vert.coi.tw0.conv_mc3_NNI_0.100000.tsv	218.12	15.692086330935252
1000000	50	0.999999	0.0	1e-06	0.0	0.999248	0.0	1.0	19.98	3.583806	0.998474	5e-06	12	15	33	16	12	16	15	14	54	18	10	7	9	8	18	14	13	98	15	13	9	19	11	12	22	9	10	13	135	9	10	8	19	8	15	8	12	7	11	44	8	103	7	9	16	12	13	14	8	8	vert.coi	tw0	MC3_NNI	0.2	vert.coi.tw0	vert.coi.tw0.conv_mc3_NNI_0.200000.tsv	218.12	10.916916916916916
1000000	50	0.999999	0.0	1e-06	0.0	0.999248	0.0	1.0	321.82	100.002003	0.998178	0.000101	293	9	122	60	13	13	10	6	16	8	12	19	8	10	15	34	7	17	800	11	4226	1638	385	7	1497	1414	823	6	18	6	50	14	8	33	36	44	9	704	70	37	751	609	9	73	62	5	86	89	1110	789	vert.coi	tw0	MC3_NNI	0.3	vert.coi.tw0	vert.coi.tw0.conv_mc3_NNI_0.300000.tsv	218.12	0.6777701820893668
1000000	50	0.959999	0.027994	0.040001	0.027994	0.959278	0.027973	0.96	32112.395833	15932.188885	0.927777	0.031064	2253	76	7200	60009	14	603	1055	-1	578	3955	87	78	2457	978	28	74811	3878	133027	3554	29460	27879	13169	21	12240	32797	29	5415	11	956	595	6974	608	128	25745	755008	19049	7	49831	22481	54152	4135	5437	125	90715	603	81914	-1	22	7235	13	vert.coi	tw0	MC3_NNI	0.4	vert.coi.tw0	vert.coi.tw0.conv_mc3_NNI_0.400000.tsv	218.12	0.006792392605470161
1000000	50	0.659999	0.067673	0.340001	0.067673	0.659504	0.067622	0.66	123018.030303	31954.046238	0.577934	0.062851	-1	-1	-1	15	8619	478	383	13	23760	134550	594369	423556	220	172160	-1	-1	-1	636999	33036	61219	7324	-1	-1	149064	-1	139420	12813	4554	228640	-1	37930	544392	2363	-1	3502	-1	-1	-1	15491	44514	-1	24333	-1	213693	7756	175728	-1	8699	11839	338163	vert.coi	tw0	MC3_NNI	0.5	vert.coi.tw0	vert.coi.tw0.conv_mc3_NNI_0.500000.tsv	218.12	0.001773073422349218
1000000	50	0.999994	1e-06	6e-06	1e-06	0.999248	0.0	1.0	218.12	47.735142	0.998299	5.4e-05	79	75	58	81	375	158	88	190	148	105	101	78	505	76	210	62	154	54	133	247	99	206	62	102	2134	130	550	58	131	39	179	54	54	893	70	77	95	105	100	148	126	354	59	121	60	194	777	765	94	93	vert.coi	tw0	NNI	0.0	vert.coi.tw0	vert.coi.tw0.conv_NNI_0.000000.tsv	218.12	1.0
1000000	50	0.999997	1e-06	3e-06	1e-06	0.999248	0.0	1.0	162.16	44.088134	0.998317	4.6e-05	62	38	55	102	36	68	672	61	54	43	106	54	38	70	61	25	55	59	44	70	75	372	32	1507	66	48	46	74	91	85	42	210	335	91	925	77	41	35	21	27	326	22	1390	60	162	15	36	39	64	21	vert.coi	tw0	NNI	0.02	vert.coi.tw0	vert.coi.tw0.conv_NNI_0.020000.tsv	218.12	1.3450912678835718
1000000	50	0.999998	0.0	2e-06	0.0	0.999248	0.0	1.0	91.76	43.102569	0.998405	4.6e-05	51	47	118	16	18	107	20	18	44	55	37	50	22	33	19	18	22	36	18	30	19	29	210	32	40	31	4	15	2095	16	42	677	46	32	48	11	19	103	18	9	32	36	38	34	16	66	18	20	26	27	vert.coi	tw0	NNI	0.05	vert.coi.tw0	vert.coi.tw0.conv_NNI_0.050000.tsv	218.12	2.3770706190061026
1000000	50	0.999999	0.0	1e-06	0.0	0.999248	0.0	1.0	34.78	12.834465	0.998458	1.4e-05	8	18	262	23	14	18	17	9	20	10	17	22	11	15	26	10	26	23	11	30	43	14	15	18	15	11	16	22	14	23	17	35	20	9	614	17	8	13	14	16	16	17	45	14	11	21	22	17	16	16	vert.coi	tw0	NNI	0.1	vert.coi.tw0	vert.coi.tw0.conv_NNI_0.100000.tsv	218.12	6.27142035652674
1000000	50	0.999999	0.0	1e-06	0.0	0.999248	0.0	1.0	149.04	47.024014	0.998347	4.8e-05	10	10	13	929	12	7	91	191	480	12	416	9	12	10	15	134	79	48	1775	10	15	13	25	12	71	14	7	7	16	10	106	11	7	10	632	46	8	6	64	10	9	1139	13	37	13	371	76	12	414	15	vert.coi	tw0	NNI	0.2	vert.coi.tw0	vert.coi.tw0.conv_NNI_0.200000.tsv	218.12	1.4634997316156737
1000000	50	0.999999	0.0	1e-06	0.0	0.999248	0.0	1.0	20615.14	16071.073258	0.977914	0.016047	2896	9	798919	13	20	25	21	15	42	170	264	518	1403	1720	99	16	1040	2452	10235	2806	195	31	114	2136	894	3938	79	173	2829	9	918	2568	1601	77	13	9	677	2415	1105	551	520	13	11	693	107311	3758	62897	3365	5	9169	vert.coi	tw0	NNI	0.3	vert.coi.tw0	vert.coi.tw0.conv_NNI_0.300000.tsv	218.12	0.010580573306802671
1000000	50	0.739999	0.062662	0.260001	0.062662	0.739444	0.062615	0.74	124521.216216	38565.986098	0.646882	0.061699	35206	-1	-1	3487	21907	-1	978120	63063	6810	55062	23333	-1	17798	35545	466906	9	654001	34511	3244	308	-1	-1	135	34469	32	-1	61	13994	133	2827	2688	89	80767	-1	-1	1306	268572	552660	-1	439221	26	-1	10	35	28037	-1	219909	559215	3789	-1	vert.coi	tw0	NNI	0.4	vert.coi.tw0	vert.coi.tw0.conv_NNI_0.400000.tsv	218.12	0.0017516693671031885
1000000	50	0.2	0.057143	0.8	0.057143	0.19985	0.0571	0.2	164583.0	72342.731392	0.16683	0.049636	-1	52290	-1	425027	-1	-1	-1	-1	103712	-1	-1	640226	-1	-1	-1	-1	-1	10925	-1	43205	-1	-1	-1	-1	-1	871	-1	961	368609	-1	-1	-1	-1	-1	-1	-1	-1	-1	-1	-1	-1	4	-1	-1	-1	-1	-1	-1	-1	-1	vert.coi	tw0	NNI	0.5	vert.coi.tw0	vert.coi.tw0.conv_NNI_0.500000.tsv	218.12	0.0013252887600785014
1000000	50	0.999984	2e-06	1.6e-05	2e-06	0.999248	0.0	1.0	187.94	13.451998	0.998213	7.5e-05	75	242	109	157	223	176	250	58	300	301	447	375	132	300	352	174	177	341	161	78	100	213	111	144	187	178	129	253	210	379	69	47	101	146	258	113	219	191	159	54	281	107	276	50	163	230	158	112	216	115	vert.coi	tw0	NNI2	0.0	vert.coi.tw0	vert.coi.tw0.conv_NNI2_0.000000.tsv	218.12	1.1605831648398426
1000000	50	0.99999	2e-06	1e-05	2e-06	0.999248	0.0	1.0	78.12	6.861108	0.998385	3.1e-05	36	31	44	78	40	87	62	146	105	138	92	84	151	100	250	124	92	105	67	136	48	16	66	13	57	72	70	87	86	144	103	63	106	40	74	27	34	25	20	57	49	32	167	45	122	20	142	110	13	30	vert.coi	tw0	NNI2	0.02	vert.coi.tw0	vert.coi.tw0.conv_NNI2_0.020000.tsv	218.12	2.792114695340502
1000000	50	0.999996	1e-06	4e-06	1e-06	0.999248	0.0	1.0	29.6	2.756069	0.99844	2.3e-05	9	36	26	10	26	22	17	13	24	7	38	34	19	21	13	16	65	44	7	44	22	16	34	25	11	43	51	32	27	67	55	12	19	47	69	47	83	10	22	25	7	21	12	15	27	61	73	30	17	9	vert.coi	tw0	NNI2	0.05	vert.coi.tw0	vert.coi.tw0.conv_NNI2_0.050000.tsv	218.12	7.368918918918919
1000000	50	0.999999	0.0	1e-06	0.0	0.999248	0.0	1.0	12.32	0.738692	0.998475	1.4e-05	16	18	18	16	8	7	8	15	12	8	17	16	8	12	13	16	16	16	12	31	11	10	7	7	18	6	11	12	11	12	11	10	7	8	25	7	13	11	5	9	10	10	17	8	12	8	13	4	19	21	vert.coi	tw0	NNI2	0.1	vert.coi.tw0	vert.coi.tw0.conv_NNI2_0.100000.tsv	218.12	17.704545454545453
1000000	50	0.999999	0.0	1e-06	0.0	0.999248	0.0	1.0	6.64	0.256762	0.998479	6e-06	7	5	8	9	4	7	2	5	8	4	6	4	10	8	5	7	6	5	5	6	9	8	8	8	5	10	7	8	8	8	9	7	8	5	6	7	10	5	9	8	8	5	6	4	6	6	6	5	7	5	vert.coi	tw0	NNI2	0.2	vert.coi.tw0	vert.coi.tw0.conv_NNI2_0.200000.tsv	218.12	32.84939759036145
1000000	50	0.999999	0.0	1e-06	0.0	0.999248	0.0	1.0	2278.54	1987.244833	0.996224	0.001985	6	7	6	99294	4	8	5	5	7	7	5	5	4	6	91	6	1160	3	6	6	7	9	186	8	7221	5	7	6	240	817	7	8	4629	6	7	8	7	7	7	5	4	32	6	6	8	6	7	9	5	6	vert.coi	tw0	NNI2	0.3	vert.coi.tw0	vert.coi.tw0.conv_NNI2_0.300000.tsv	218.12	0.09572796615376514
1000000	50	0.799999	0.057143	0.200001	0.057143	0.799399	0.0571	0.8	11696.425	6481.830551	0.78946	0.056626	-1	14	5	5445	5	12	248	404	1147	7	483	408	5	5	-1	19491	5	124	5	6	6	4	8	-1	10	7	-1	95	7	8	-1	7	-1	152516	17	-1	16	4	70696	-1	205603	7	6	-1	7809	-1	5	6	3186	15	vert.coi	tw0	NNI2	0.4	vert.coi.tw0	vert.coi.tw0.conv_NNI2_0.400000.tsv	218.12	0.0186484331750941
1000000	50	0.599999	0.069985	0.400001	0.069985	0.599549	0.069933	0.6	37117.433333	14618.028159	0.576863	0.067847	134691	6	5	-1	-1	2013	70352	30	6	1561	-1	-1	-1	1926	-1	-1	-1	1841	5	-1	-1	-1	5	6	33	210401	-1	320518	-1	10	6	212509	22801	8	-1	-1	-1	-1	-1	-1	176	5	575	-1	6	4	102173	4	31842	5	vert.coi	tw0	NNI2	0.5	vert.coi.tw0	vert.coi.tw0.conv_NNI2_0.500000.tsv	218.12	0.005876483916415525
1000000	50	0.999983	2e-06	1.7e-05	2e-06	0.999248	0.0	1.0	197.06	18.903027	0.998322	5.5e-05	172	171	218	25	188	177	190	252	109	282	185	144	75	327	711	59	120	199	89	77	243	131	65	110	176	88	224	63	136	280	186	171	127	292	61	120	253	228	249	149	338	143	209	666	75	389	405	165	254	87	vert.coi	tw0	TBR	0.0	vert.coi.tw0	vert.coi.tw0.conv_TBR_0.000000.tsv	218.12	1.1068710037552014
1000000	50	0.999992	1e-06	8e-06	1e-06	0.999248	0.0	1.0	61.12	4.774904	0.998478	2.7e-05	21	35	51	87	62	20	40	37	135	67	23	80	60	51	80	106	40	53	88	77	74	75	19	43	35	50	70	66	115	148	63	12	36	44	37	162	42	21	35	74	69	83	98	5	74	91	57	54	72	19	vert.coi	tw0	TBR	0.02	vert.coi.tw0	vert.coi.tw0.conv_TBR_0.020000.tsv	218.12	3.568717277486911
1000000	50	0.999998	0.0	2e-06	0.0	0.999248	0.0	1.0	20.78	1.313133	0.998487	1.6e-05	16	9	30	19	26	29	33	25	18	14	13	17	18	29	16	33	25	22	12	9	15	12	40	28	22	19	18	14	22	5	9	36	28	4	48	20	25	31	34	14	17	9	22	31	18	23	16	11	12	23	vert.coi	tw0	TBR	0.05	vert.coi.tw0	vert.coi.tw0.conv_TBR_0.050000.tsv	218.12	10.496631376323387
1000000	50	0.999999	0.0	1e-06	0.0	0.999248	0.0	1.0	10.26	0.739448	0.99847	1e-05	14	12	4	5	12	6	5	9	10	8	12	12	4	12	10	5	8	3	23	12	12	16	7	10	10	9	9	7	7	7	4	5	12	16	11	8	10	11	4	14	22	18	5	21	8	24	8	9	4	19	vert.coi	tw0	TBR	0.1	vert.coi.tw0	vert.coi.tw0.conv_TBR_0.100000.tsv	218.12	21.25925925925926
1000000	50	0.999999	0.0	1e-06	0.0	0.999248	0.0	1.0	5.68	0.323804	0.998497	7e-06	5	3	6	8	5	4	4	7	4	4	4	6	4	5	4	8	6	6	5	14	4	5	3	6	4	4	7	9	9	5	9	3	7	7	5	6	3	6	5	6	3	5	6	7	13	4	6	7	3	5	vert.coi	tw0	TBR	0.2	vert.coi.tw0	vert.coi.tw0.conv_TBR_0.200000.tsv	218.12	38.40140845070423
1000000	50	0.999999	0.0	1e-06	0.0	0.999248	0.0	1.0	5.18	0.240221	0.998494	5e-06	4	7	6	8	5	4	5	6	3	3	4	4	4	5	5	7	3	4	4	6	5	4	9	5	6	5	5	3	7	7	5	7	4	4	4	4	4	12	6	4	7	5	6	6	6	5	4	3	6	4	vert.coi	tw0	TBR	0.3	vert.coi.tw0	vert.coi.tw0.conv_TBR_0.300000.tsv	218.12	42.10810810810811
1000000	50	0.999999	0.0	1e-06	0.0	0.999248	0.0	1.0	5.08	0.207689	0.998506	4e-06	5	9	5	4	5	4	5	5	4	6	8	5	5	5	5	9	6	8	3	5	5	5	6	7	7	5	5	7	4	5	3	7	3	4	3	3	5	5	3	6	6	5	4	4	4	4	4	4	5	5	vert.coi	tw0	TBR	0.4	vert.coi.tw0	vert.coi.tw0.conv_TBR_0.400000.tsv	218.12	42.93700787401575
1000000	50	0.999999	0.0	1e-06	0.0	0.999248	0.0	1.0	7.58	1.789103	0.998499	4e-06	7	7	4	4	4	6	4	4	4	4	5	5	3	6	3	5	5	5	6	5	5	5	5	4	4	2	5	5	5	5	5	5	4	7	4	4	5	14	5	5	5	4	9	3	4	18	6	86	41	4	vert.coi	tw0	TBR	0.5	vert.coi.tw0	vert.coi.tw0.conv_TBR_0.500000.tsv	218.12	28.775725593667545
1000000	50	0.999983	2e-06	1.7e-05	2e-06	0.999248	0.0	1.0	186.02	17.517093	0.998348	5e-05	21	312	188	177	117	132	266	45	62	117	98	47	157	135	215	184	177	93	151	155	304	81	133	293	234	212	83	276	376	127	72	125	150	309	334	109	341	355	154	98	131	94	151	86	133	154	180	157	698	502	vert.coi	tw0	rTBR	0.0	vert.coi.tw0	vert.coi.tw0.conv_rTBR_0.000000.tsv	218.12	1.1725620900978388
1000000	50	0.99999	2e-06	1e-05	2e-06	0.999248	0.0	1.0	65.18	5.254478	0.998376	3.3e-05	17	42	36	124	29	37	81	57	109	22	27	81	190	26	75	75	76	45	33	70	59	38	29	126	64	117	91	164	118	55	54	47	37	39	28	44	68	62	93	87	90	67	92	41	40	26	68	64	16	83	vert.coi	tw0	rTBR	0.02	vert.coi.tw0	vert.coi.tw0.conv_rTBR_0.020000.tsv	218.12	3.346425283829395
1000000	50	0.999997	1e-06	3e-06	1e-06	0.999248	0.0	1.0	33.38	2.48093	0.998439	2.1e-05	11	52	15	32	17	66	42	18	15	44	30	25	42	21	34	26	30	54	27	17	8	30	30	63	30	19	25	23	24	27	20	43	50	45	28	28	94	21	31	9	38	42	32	62	72	36	24	16	24	57	vert.coi	tw0	rTBR	0.05	vert.coi.tw0	vert.coi.tw0.conv_rTBR_0.050000.tsv	218.12	6.534451767525464
1000000	50	0.999998	0.0	2e-06	0.0	0.999248	0.0	1.0	23.66	1.484783	0.998439	1.9e-05	25	17	12	10	15	21	14	23	32	57	31	28	32	10	40	20	12	12	42	23	21	31	31	52	10	19	20	27	34	14	30	40	16	18	25	22	18	14	26	31	27	10	26	26	11	24	23	12	27	22	vert.coi	tw0	rTBR	0.1	vert.coi.tw0	vert.coi.tw0.conv_rTBR_0.100000.tsv	218.12	9.218934911242604
1000000	50	0.999997	1e-06	3e-06	1e-06	0.999248	0.0	1.0	20.42	1.432022	0.998447	1.4e-05	31	19	14	18	19	23	17	14	18	10	15	22	24	16	31	11	14	11	21	31	22	25	19	32	18	19	16	26	16	52	33	16	10	17	19	15	14	18	19	15	17	18	68	16	16	11	15	13	20	27	vert.coi	tw0	rTBR	0.2	vert.coi.tw0	vert.coi.tw0.conv_rTBR_0.200000.tsv	218.12	10.681684622918706
1000000	50	0.999998	0.0	2e-06	0.0	0.999248	0.0	1.0	19.76	1.291593	0.99843	1.4e-05	15	13	10	20	22	16	12	19	23	21	16	22	25	50	9	23	24	17	24	20	7	19	23	15	18	11	34	7	44	23	13	12	16	23	7	26	21	29	10	17	40	22	29	8	19	27	17	14	8	28	vert.coi	tw0	rTBR	0.3	vert.coi.tw0	vert.coi.tw0.conv_rTBR_0.300000.tsv	218.12	11.038461538461538
1000000	50	0.999998	0.0	2e-06	0.0	0.999248	0.0	1.0	21.66	1.195095	0.998465	1.2e-05	41	22	11	10	24	22	29	27	20	14	36	22	16	30	7	16	35	27	14	13	20	24	20	28	14	17	22	13	15	11	48	30	28	7	16	25	28	26	28	29	23	13	19	11	21	21	27	23	17	23	vert.coi	tw0	rTBR	0.4	vert.coi.tw0	vert.coi.tw0.conv_rTBR_0.400000.tsv	218.12	10.070175438596491
1000000	50	0.999998	0.0	2e-06	0.0	0.999248	0.0	1.0	24.2	1.528505	0.998434	1.4e-05	39	15	14	34	17	25	29	14	20	25	34	10	17	30	11	30	21	30	26	30	12	36	19	11	14	19	37	19	11	53	38	34	36	21	22	12	17	13	30	11	20	23	11	26	15	26	25	55	33	40	vert.coi	tw0	rTBR	0.5	vert.coi.tw0	vert.coi.tw0.conv_rTBR_0.500000.tsv	218.12	9.013223140495867
1000000	50	0.999989	1e-06	1.1e-05	1e-06	0.950427	0.0	1.0	92.82	6.329374	0.903701	0.000187	92	151	121	73	37	71	51	182	74	80	55	91	81	99	200	89	59	201	59	97	107	51	24	155	143	94	110	76	44	61	112	74	148	63	69	131	73	68	31	109	201	97	52	104	113	25	42	74	86	141	vert.coi	tw5	MC3_NNI	0.0	vert.coi.tw5	vert.coi.tw5.conv_mc3_NNI_0.000000.tsv	37995.88	409.3501400560224
1000000	50	0.99999	1e-06	1e-05	1e-06	0.950427	0.0	1.0	106.98	25.332749	0.90383	0.000154	66	117	75	102	36	296	28	55	88	75	103	146	97	59	55	1042	54	55	49	79	67	55	100	51	44	62	67	51	79	52	32	46	64	41	70	45	59	118	65	63	77	64	29	87	855	60	33	74	76	86	vert.coi	tw5	MC3_NNI	0.02	vert.coi.tw5	vert.coi.tw5.conv_mc3_NNI_0.020000.tsv	37995.88	355.16806879790613
1000000	50	0.999991	1e-06	9e-06	1e-06	0.950427	0.0	1.0	645.64	280.827158	0.903366	0.000317	34	27	42	20	157	35	1858	26	18	35	33	224	49	33	43	56	56	44	75	60	73	74	10180	14	32	39	29	37	42	35	5861	22	41	41	18	44	46	562	43	28	9	37	101	7122	58	43	58	25	14	4629	vert.coi	tw5	MC3_NNI	0.05	vert.coi.tw5	vert.coi.tw5.conv_mc3_NNI_0.050000.tsv	37995.88	58.849947339074404
1000000	50	0.999993	0.0	7e-06	0.0	0.950427	0.0	1.0	71.04	20.516135	0.903876	0.00011	12	511	94	171	44	19	23	52	24	27	34	25	38	49	11	25	101	15	18	24	25	57	8	18	47	98	28	12	28	304	31	54	900	31	39	38	42	18	17	33	25	23	28	45	40	138	12	19	47	30	vert.coi	tw5	MC3_NNI	0.1	vert.coi.tw5	vert.coi.tw5.conv_mc3_NNI_0.100000.tsv	37995.88	534.8519144144143
1000000	50	0.999994	0.0	6e-06	0.0	0.950427	0.0	1.0	106.48	49.965165	0.903975	9.4e-05	35	11	12	2073	136	13	26	786	17	15	1304	15	17	36	10	7	20	42	24	9	7	20	28	10	25	8	13	9	12	11	22	13	15	90	24	17	23	14	16	18	10	36	31	13	15	14	11	18	17	156	vert.coi	tw5	MC3_NNI	0.2	vert.coi.tw5	vert.coi.tw5.conv_mc3_NNI_0.200000.tsv	37995.88	356.83583771600297
1000000	50	0.999993	0.0	7e-06	0.0	0.950427	0.0	1.0	23.1	3.630849	0.904382	8.9e-05	5	35	16	12	10	27	17	17	12	8	7	14	6	14	38	16	13	17	17	22	8	24	7	15	22	19	18	21	13	16	59	23	14	11	13	22	28	17	11	11	14	20	29	41	17	10	165	40	101	23	vert.coi	tw5	MC3_NNI	0.3	vert.coi.tw5	vert.coi.tw5.conv_mc3_NNI_0.300000.tsv	37995.88	1644.84329004329
1000000	50	0.999993	0.0	7e-06	0.0	0.950427	0.0	1.0	186.4	59.02028	0.903974	0.000127	251	19	15	65	331	11	14	422	33	86	13	50	6	32	423	52	11	32	22	130	12	37	185	432	1032	9	149	108	407	100	29	2767	13	8	11	22	375	451	199	168	13	11	87	24	21	129	7	45	286	165	vert.coi	tw5	MC3_NNI	0.4	vert.coi.tw5	vert.coi.tw5.conv_mc3_NNI_0.400000.tsv	37995.88	203.84055793991413
1000000	50	0.999994	0.0	6e-06	0.0	0.950427	0.0	1.0	962.14	212.296027	0.902945	0.000258	2443	1595	949	10	6991	5998	18	3392	575	213	18	134	6	477	3542	1838	103	22	2559	2948	214	469	238	1237	23	11	1456	946	94	16	323	141	1532	218	92	353	498	7	27	131	2642	69	339	42	131	175	273	630	19	1930	vert.coi	tw5	MC3_NNI	0.5	vert.coi.tw5	vert.coi.tw5.conv_mc3_NNI_0.500000.tsv	37995.88	39.49100962437899
1000000	50	0.999139	0.00013	0.000861	0.00013	0.950427	0.0	1.0	37995.88	11136.92378	0.869425	0.010069	71424	113053	287	143726	435	74014	102	31996	684	89418	56	45	52	491415	538	3643	438	37720	56897	58513	134	5286	63708	7782	26669	150	232	86	58	12934	203847	9019	245	6931	16167	54	48	140	151	70007	49029	151	171	22613	95640	2732	44197	59	86845	253	vert.coi	tw5	NNI	0.0	vert.coi.tw5	vert.coi.tw5.conv_NNI_0.000000.tsv	37995.88	1.0
1000000	50	0.998889	0.000128	0.001111	0.000128	0.950427	0.0	1.0	44560.64	11483.274694	0.865766	0.010393	53	36164	34	38	72	74366	200	53	102	248358	54	150	24528	263	72	44	3847	186772	81405	1701	38239	54	39	105	329232	99	11999	7301	40	72	30	49	215004	18681	47	72112	79164	738	52461	1697	235	37210	70857	186677	177	3919	247162	58	196198	100	vert.coi	tw5	NNI	0.02	vert.coi.tw5	vert.coi.tw5.conv_NNI_0.020000.tsv	37995.88	0.8526780584838997
1000000	50	0.999074	0.000131	0.000926	0.000131	0.950427	0.0	1.0	37299.92	9613.67795	0.871759	0.008696	2997	180103	201	3005	35	74696	110	170148	60	419	88	25548	250696	108	50	306	16357	9578	49	15516	9729	24	29	42337	33	145366	51	67912	42	987	1301	142	10393	10865	36194	53612	24	88488	4095	28	85201	25	309761	23252	120050	6953	80711	17231	20	70	vert.coi	tw5	NNI	0.05	vert.coi.tw5	vert.coi.tw5.conv_NNI_0.050000.tsv	37995.88	1.018658485058413
1000000	50	0.99893	0.000129	0.00107	0.000129	0.950427	0.0	1.0	12452.84	2977.421748	0.894859	0.002706	26	18	23	11051	41148	670	8	37	27	17	45210	5851	34670	23	17	19	49613	8062	20027	62213	10735	13	633	32803	24	211	29	20253	1151	11342	42254	30	9200	3899	19659	498	57699	16	20	37	18	21	65	36	64	94149	5	1904	17	37127	vert.coi	tw5	NNI	0.1	vert.coi.tw5	vert.coi.tw5.conv_NNI_0.100000.tsv	37995.88	3.0511818990688067
1000000	50	0.999043	0.000131	0.000957	0.000131	0.950427	0.0	1.0	12523.32	2911.013299	0.894818	0.002634	12	21596	29933	18	76184	76804	20	11192	13088	26726	16	12404	14	12920	39	140	80	2940	64583	3432	8	50	36	629	40166	15178	336	128	31020	17	299	21	16	17304	24	19822	14806	14	14	36013	1320	10	69311	11	6590	8710	12	5391	19	6750	vert.coi	tw5	NNI	0.2	vert.coi.tw5	vert.coi.tw5.conv_NNI_0.200000.tsv	37995.88	3.034010150662923
1000000	50	0.998823	0.000126	0.001177	0.000126	0.950427	0.0	1.0	13313.22	3657.36292	0.894088	0.003314	38798	18	4072	92	45	48	24	83895	95441	1899	482	13	18	3292	12	938	158	28528	8036	26504	16460	9	77666	39	5104	1093	407	7	33738	505	6	15	10	30137	40	25292	101139	756	10	13	13	11	58	9170	299	19862	52	51412	11	14	vert.coi	tw5	NNI	0.3	vert.coi.tw5	vert.coi.tw5.conv_NNI_0.300000.tsv	37995.88	2.8539962533481757
1000000	50	0.998786	0.000124	0.001214	0.000124	0.950427	0.0	1.0	14451.24	6809.108469	0.892026	0.006154	106	8	1720	11	3264	115	14	27	24956	13742	10	273	320485	5	13	13	357	37129	17	38744	657	33	7159	12	325	27	12	131	22	46460	18	28	90319	1645	12881	12814	1737	11	21787	3228	74	80164	22	89	1656	41	50	40	36	75	vert.coi	tw5	NNI	0.4	vert.coi.tw5	vert.coi.tw5.conv_NNI_0.400000.tsv	37995.88	2.6292470403923813
1000000	50	0.998604	0.000112	0.001396	0.000112	0.950427	0.0	1.0	15327.6	6173.233045	0.887452	0.006394	138	1456	176	994	44	1465	1505	37	653	7467	966	130	156752	35517	18675	4068	1543	2074	943	18	175	79	11710	257175	43	2232	1868	252	21	8907	590	26489	569	2789	1530	12333	1760	2034	794	26250	16809	1331	90	2583	78697	66423	3776	1881	1664	905	vert.coi	tw5	NNI	0.5	vert.coi.tw5	vert.coi.tw5.conv_NNI_0.500000.tsv	37995.88	2.478919074088572
1000000	50	0.999919	5e-06	8.1e-05	5e-06	0.950427	0.0	1.0	321.06	40.4714	0.904626	0.00044	246	193	665	994	620	61	476	42	77	116	1465	102	134	426	385	290	296	77	807	239	179	99	275	239	529	407	278	133	130	97	84	819	84	179	186	850	407	151	161	499	303	159	139	370	281	304	24	656	100	220	vert.coi	tw5	NNI2	0.0	vert.coi.tw5	vert.coi.tw5.conv_NNI2_0.000000.tsv	37995.88	118.34510683361364
1000000	50	0.999947	3e-06	5.3e-05	3e-06	0.950427	0.0	1.0	182.86	18.880548	0.903989	0.000391	93	166	106	108	151	198	297	201	68	296	135	159	103	272	239	62	163	355	125	109	105	57	108	94	563	684	444	438	34	45	103	222	129	208	205	175	191	107	41	123	322	162	192	222	37	309	173	122	61	61	vert.coi	tw5	NNI2	0.02	vert.coi.tw5	vert.coi.tw5.conv_NNI2_0.020000.tsv	37995.88	207.78672208246743
1000000	50	0.999967	3e-06	3.3e-05	3e-06	0.950427	0.0	1.0	96.8	10.535189	0.904203	0.000261	37	23	91	114	78	43	73	134	80	222	105	179	75	17	170	72	44	95	84	155	86	44	53	34	61	169	77	54	192	52	54	61	50	68	236	52	78	43	73	125	16	295	132	154	85	144	18	390	28	25	vert.coi	tw5	NNI2	0.05	vert.coi.tw5	vert.coi.tw5.conv_NNI2_0.050000.tsv	37995.88	392.51942148760327
1000000	50	0.999982	1e-06	1.8e-05	1e-06	0.950427	0.0	1.0	42.46	5.731632	0.904307	0.000151	102	5	199	28	11	28	103	13	26	190	88	18	69	43	14	16	10	21	18	12	28	117	29	45	32	11	46	28	16	26	18	47	49	69	16	28	32	20	27	24	60	68	33	20	31	68	41	12	33	35	vert.coi	tw5	NNI2	0.1	vert.coi.tw5	vert.coi.tw5.conv_NNI2_0.100000.tsv	37995.88	894.8629298162977
1000000	50	0.999991	1e-06	9e-06	1e-06	0.950427	0.0	1.0	15.56	1.233598	0.904456	7.3e-05	8	21	10	13	18	15	17	32	8	34	9	11	26	16	12	23	47	10	16	17	13	8	11	6	23	9	11	22	14	10	18	14	12	5	23	10	16	39	8	24	8	13	9	11	21	22	11	6	8	10	vert.coi	tw5	NNI2	0.2	vert.coi.tw5	vert.coi.tw5.conv_NNI2_0.200000.tsv	37995.88	2441.8946015424162
1000000	50	0.999993	0.0	7e-06	0.0	0.950427	0.0	1.0	10.8	0.957036	0.90444	4.5e-05	7	11	9	8	6	5	15	8	9	12	25	6	21	9	12	23	5	11	13	6	12	22	13	7	7	10	13	6	9	5	9	43	9	9	7	17	6	11	8	5	9	5	18	5	13	12	10	7	4	8	vert.coi	tw5	NNI2	0.3	vert.coi.tw5	vert.coi.tw5.conv_NNI2_0.300000.tsv	37995.88	3518.1370370370364
1000000	50	0.999994	0.0	6e-06	0.0	0.950427	0.0	1.0	16.04	4.218323	0.904435	4.5e-05	5	5	57	211	18	10	10	10	20	12	21	5	6	14	6	6	9	5	6	13	8	5	12	8	16	5	8	13	7	7	11	17	10	5	15	17	32	24	3	11	5	7	6	7	7	6	36	5	7	33	vert.coi	tw5	NNI2	0.4	vert.coi.tw5	vert.coi.tw5.conv_NNI2_0.400000.tsv	37995.88	2368.8204488778056
1000000	50	0.999993	0.0	7e-06	0.0	0.950427	0.0	1.0	170.32	62.509614	0.904315	6.4e-05	11	22	11	14	13	62	108	15	35	72	9	12	159	20	11	35	11	15	55	1761	2452	26	8	49	6	25	738	12	6	14	6	7	253	486	18	4	12	22	19	71	623	9	11	9	11	603	6	12	496	51	vert.coi	tw5	NNI2	0.5	vert.coi.tw5	vert.coi.tw5.conv_NNI2_0.500000.tsv	37995.88	223.08525129168623
1000000	50	0.9999	1.4e-05	0.0001	1.4e-05	0.950427	0.0	1.0	310.38	26.926141	0.903873	0.000399	348	330	169	332	135	407	350	269	517	89	372	150	216	110	283	244	316	330	95	339	861	88	542	137	398	312	391	110	179	353	139	178	229	262	232	395	238	310	675	285	334	154	950	498	104	760	275	385	99	245	vert.coi	tw5	TBR	0.0	vert.coi.tw5	vert.coi.tw5.conv_TBR_0.000000.tsv	37995.88	122.41729492879695
1000000	50	0.999938	4e-06	6.2e-05	4e-06	0.950427	0.0	1.0	161.44	17.500068	0.904418	0.000237	174	45	16	76	25	158	79	44	563	110	97	115	119	160	367	184	97	100	96	75	176	128	195	73	33	291	53	277	211	77	79	223	122	323	96	543	178	264	66	300	42	157	100	86	446	108	184	261	69	211	vert.coi	tw5	TBR	0.02	vert.coi.tw5	vert.coi.tw5.conv_TBR_0.020000.tsv	37995.88	235.35604558969274
1000000	50	0.999968	2e-06	3.2e-05	2e-06	0.950427	0.0	1.0	61.66	5.693147	0.904359	0.000161	34	54	38	11	30	34	95	10	54	59	41	88	202	68	54	38	41	29	44	28	39	35	39	40	58	47	27	53	184	79	46	51	83	157	137	15	86	34	67	58	68	56	68	54	53	82	63	141	67	44	vert.coi	tw5	TBR	0.05	vert.coi.tw5	vert.coi.tw5.conv_TBR_0.050000.tsv	37995.88	616.216023353876
1000000	50	0.999981	1e-06	1.9e-05	1e-06	0.950427	0.0	1.0	29.82	3.308948	0.904446	0.000129	4	11	65	51	23	37	17	91	31	17	27	20	9	116	71	6	22	93	24	16	10	35	15	46	27	12	5	22	16	19	20	36	30	20	50	19	6	18	13	14	18	27	32	18	40	32	36	53	36	15	vert.coi	tw5	TBR	0.1	vert.coi.tw5	vert.coi.tw5.conv_TBR_0.100000.tsv	37995.88	1274.1743796109993
1000000	50	0.99999	0.0	1e-05	0.0	0.950427	0.0	1.0	14.56	1.650519	0.904473	6.3e-05	5	7	7	16	19	10	22	12	16	12	6	15	57	30	8	7	29	8	5	23	5	6	21	6	5	10	54	12	29	16	7	20	10	14	6	13	26	16	39	10	3	10	5	6	11	24	6	7	7	10	vert.coi	tw5	TBR	0.2	vert.coi.tw5	vert.coi.tw5.conv_TBR_0.200000.tsv	37995.88	2609.6071428571427
1000000	50	0.999992	0.0	8e-06	0.0	0.950427	0.0	1.0	13.1	2.201159	0.904434	5.3e-05	9	5	9	7	5	7	11	12	7	20	5	4	15	8	8	12	7	10	24	75	12	14	5	4	17	20	7	12	6	4	5	8	6	13	14	6	9	11	4	5	7	17	16	12	17	91	11	4	31	7	vert.coi	tw5	TBR	0.3	vert.coi.tw5	vert.coi.tw5.conv_TBR_0.300000.tsv	37995.88	2900.448854961832
1000000	50	0.999993	0.0	7e-06	0.0	0.950427	0.0	1.0	18.48	8.029041	0.904425	5e-05	4	10	7	11	9	9	5	246	334	4	17	11	5	14	7	7	3	7	6	6	4	4	11	7	6	5	4	6	4	10	4	13	14	4	7	5	4	8	8	7	2	6	9	7	9	8	9	5	4	8	vert.coi	tw5	TBR	0.4	vert.coi.tw5	vert.coi.tw5.conv_TBR_0.400000.tsv	37995.88	2056.054112554112
1000000	50	0.999993	0.0	7e-06	0.0	0.950427	0.0	1.0	40.72	19.153814	0.904486	5.1e-05	4	196	13	6	4	351	4	18	11	4	5	5	22	5	186	4	10	7	32	8	9	4	32	6	4	4	12	10	883	5	7	5	8	7	10	14	11	6	3	9	5	7	7	11	24	6	9	6	8	9	vert.coi	tw5	TBR	0.5	vert.coi.tw5	vert.coi.tw5.conv_TBR_0.500000.tsv	37995.88	933.1011787819253
1000000	50	0.999884	1.9e-05	0.000116	1.9e-05	0.950427	0.0	1.0	245.56	21.706261	0.905302	0.000422	68	359	180	106	388	73	34	95	236	99	238	131	468	549	245	53	498	120	211	72	237	132	158	246	73	433	281	138	540	183	183	479	279	540	172	154	275	227	649	198	218	77	360	131	344	336	361	380	149	122	vert.coi	tw5	rTBR	0.0	vert.coi.tw5	vert.coi.tw5.conv_rTBR_0.000000.tsv	37995.88	154.73155237009283
1000000	50	0.999943	4e-06	5.7e-05	4e-06	0.950427	0.0	1.0	193.14	17.123084	0.905798	0.000263	178	410	320	223	537	41	96	90	233	122	65	83	254	458	158	284	83	289	314	50	131	124	158	81	211	349	363	150	155	132	38	54	34	48	103	131	228	88	283	182	86	278	400	349	291	242	105	124	231	220	vert.coi	tw5	rTBR	0.02	vert.coi.tw5	vert.coi.tw5.conv_rTBR_0.020000.tsv	37995.88	196.7271409340375
1000000	50	0.999961	4e-06	3.9e-05	4e-06	0.950427	0.0	1.0	101.74	11.579426	0.905918	0.000183	29	95	64	55	31	73	76	416	55	89	37	67	121	285	53	143	52	180	45	51	57	233	146	145	117	46	330	19	31	55	61	189	195	88	48	213	56	30	85	188	41	94	39	89	66	60	77	70	82	120	vert.coi	tw5	rTBR	0.05	vert.coi.tw5	vert.coi.tw5.conv_rTBR_0.050000.tsv	37995.88	373.46058580695893
1000000	50	0.999974	2e-06	2.6e-05	2e-06	0.950427	0.0	1.0	52.96	6.938268	0.905877	0.000117	23	147	8	11	45	40	25	53	111	46	59	31	32	37	9	14	40	27	33	42	13	47	33	39	81	43	43	42	117	48	99	44	66	69	56	16	38	28	19	15	98	22	20	203	44	95	13	274	50	40	vert.coi	tw5	rTBR	0.1	vert.coi.tw5	vert.coi.tw5.conv_rTBR_0.100000.tsv	37995.88	717.4448640483383
1000000	50	0.999981	1e-06	1.9e-05	1e-06	0.950427	0.0	1.0	32.12	2.56883	0.90591	0.000121	46	8	61	28	27	26	24	12	59	22	22	28	50	57	43	21	31	31	33	9	56	10	49	13	24	7	23	27	45	80	37	26	5	33	19	13	30	67	28	25	44	25	21	46	35	63	14	20	70	13	vert.coi	tw5	rTBR	0.2	vert.coi.tw5	vert.coi.tw5.conv_rTBR_0.200000.tsv	37995.88	1182.9352428393524
1000000	50	0.999983	1e-06	1.7e-05	1e-06	0.950427	0.0	1.0	34.74	3.031644	0.90597	0.000129	16	21	40	28	18	23	12	36	49	52	72	20	22	19	44	82	25	23	24	26	27	32	23	45	22	28	36	43	89	50	76	30	84	13	47	43	23	9	16	75	42	17	11	10	58	60	40	16	9	11	vert.coi	tw5	rTBR	0.3	vert.coi.tw5	vert.coi.tw5.conv_rTBR_0.300000.tsv	37995.88	1093.7213586643636
1000000	50	0.999982	1e-06	1.8e-05	1e-06	0.950427	0.0	1.0	42.24	7.037947	0.906114	9.8e-05	37	31	47	25	11	18	18	24	28	44	314	26	50	51	12	42	34	15	87	28	12	136	32	63	22	23	14	17	57	30	63	169	29	25	36	14	104	10	33	33	28	11	7	22	30	34	49	29	18	20	vert.coi	tw5	rTBR	0.4	vert.coi.tw5	vert.coi.tw5.conv_rTBR_0.400000.tsv	37995.88	899.5236742424241
1000000	50	0.999984	1e-06	1.6e-05	1e-06	0.950427	0.0	1.0	38.44	4.515204	0.906116	0.000104	5	6	40	43	30	31	60	37	48	14	11	46	25	19	211	27	9	107	24	30	50	39	31	91	31	20	52	47	27	38	26	22	38	38	18	14	74	35	36	25	25	19	29	66	30	13	23	50	39	53	vert.coi	tw5	rTBR	0.5	vert.coi.tw5	vert.coi.tw5.conv_rTBR_0.500000.tsv	37995.88	988.4464099895941
1000000	50	0.999994	0.0	6e-06	0.0	0.990797	0.0	1.0	71.58	2.326965	0.594123	6.3e-05	107	30	56	40	59	44	60	58	57	76	69	64	47	64	48	52	62	36	90	57	96	66	73	64	64	79	79	56	105	43	67	82	37	59	47	67	33	72	42	77	54	46	86	61	61	55	55	54	61	71	vert.coii	tw0	MC3_NNI	0.0	vert.coii.tw0	vert.coii.tw0.conv_mc3_NNI_0.000000.tsv	114.14	1.5945794914780664
1000000	50	0.999995	0.0	5e-06	0.0	0.990797	0.0	1.0	43.4	1.934225	0.594109	6.3e-05	32	20	26	34	24	28	35	36	44	50	32	53	46	38	52	38	33	50	27	43	33	48	59	29	37	18	22	37	26	40	36	28	24	38	31	22	33	43	46	30	44	34	31	47	19	50	33	41	33	68	vert.coii	tw0	MC3_NNI	0.02	vert.coii.tw0	vert.coii.tw0.conv_mc3_NNI_0.020000.tsv	114.14	2.6299539170506914
1000000	50	0.999995	0.0	5e-06	0.0	0.990797	0.0	1.0	28.22	1.45442	0.594163	5e-05	27	27	28	28	20	15	21	25	41	18	24	20	36	21	11	11	20	23	26	32	12	8	22	13	27	24	21	43	26	16	19	13	18	16	33	22	10	13	37	15	19	33	34	24	19	16	29	29	13	36	vert.coii	tw0	MC3_NNI	0.05	vert.coii.tw0	vert.coii.tw0.conv_mc3_NNI_0.050000.tsv	114.14	4.044649184975195
1000000	50	0.999995	0.0	5e-06	0.0	0.990797	0.0	1.0	20.86	1.150336	0.594168	4.1e-05	11	17	11	13	19	18	13	26	17	13	15	19	24	19	15	13	18	13	12	6	30	16	15	16	17	18	23	13	15	18	9	17	15	8	11	14	12	19	15	20	14	17	20	12	13	13	16	18	18	13	vert.coii	tw0	MC3_NNI	0.1	vert.coii.tw0	vert.coii.tw0.conv_mc3_NNI_0.100000.tsv	114.14	5.471716203259827
1000000	50	0.999995	0.0	5e-06	0.0	0.990797	0.0	1.0	28.68	9.270733	0.594155	4e-05	14	16	38	15	18	21	6	11	475	12	8	27	11	16	14	12	10	13	13	10	11	9	11	50	10	16	14	12	11	16	7	25	10	10	9	33	15	10	24	16	19	33	18	43	18	7	14	16	29	9	vert.coii	tw0	MC3_NNI	0.2	vert.coii.tw0	vert.coii.tw0.conv_mc3_NNI_0.200000.tsv	114.14	3.9797768479776847
1000000	50	0.999995	0.0	5e-06	0.0	0.990797	0.0	1.0	17337.22	10923.071679	0.583849	0.006494	276	1983	96	9942	9	73	414052	10	3528	19834	11	8	9	283	34442	8	23	366302	1347	1532	7	37	11	61	31	844	450	86	124	755	472	1132	11	168	46	36	14	94	15	11	867	80	80	165	2885	18	3827	560	92	8	vert.coii	tw0	MC3_NNI	0.3	vert.coii.tw0	vert.coii.tw0.conv_mc3_NNI_0.300000.tsv	114.14	0.0065835237714004895
1000000	50	0.819992	0.054883	0.180008	0.054883	0.812453	0.054379	0.82	62718.292683	20998.156288	0.456611	0.032222	-1	14	1528	2646	9	-1	7186	65927	62365	838	-1	56	9	-1	888	73	-1	16209	70513	-1	26437	102	294	116	-1	387899	83	38	991	4712	-1	6400	872	15	4073	168754	148066	170679	12532	176	4067	20	29769	157149	50	687859	280651	1534	-1	249787	vert.coii	tw0	MC3_NNI	0.4	vert.coii.tw0	vert.coii.tw0.conv_mc3_NNI_0.400000.tsv	114.14	0.0018198837231890724
1000000	50	0.299986	0.065462	0.700014	0.065462	0.297239	0.064863	0.3	85451.2	47014.249902	0.163017	0.036502	-1	-1	-1	10	-1	-1	-1	-1	-1	-1	-1	55	-1	-1	-1	-1	21	-1	3176	-1	7	-1	-1	-1	-1	-1	35745	-1	-1	144469	113944	-1	-1	-1	-1	697352	56520	-1	1005	5344	-1	-1	-1	-1	-1	221417	6	-1	2682	-1	vert.coii	tw0	MC3_NNI	0.5	vert.coii.tw0	vert.coii.tw0.conv_mc3_NNI_0.500000.tsv	114.14	0.001335733143595409
1000000	50	0.999969	6e-06	3.1e-05	6e-06	0.990797	0.0	1.0	114.14	7.056565	0.594101	0.000145	154	73	59	53	144	45	67	133	92	88	80	135	327	95	77	89	120	65	54	82	65	120	72	54	91	72	146	174	80	154	57	123	99	59	71	98	88	69	93	68	39	64	81	60	63	52	137	80	119	103	vert.coii	tw0	NNI	0.0	vert.coii.tw0	vert.coii.tw0.conv_NNI_0.000000.tsv	114.14	1.0
1000000	50	0.999981	4e-06	1.9e-05	4e-06	0.990797	0.0	1.0	64.9	3.496383	0.593887	0.000111	30	21	61	61	65	65	56	45	53	74	28	31	54	44	93	27	27	21	34	59	34	26	66	71	24	57	52	61	59	19	53	11	27	76	65	55	28	49	77	45	49	45	73	51	47	26	40	39	74	60	vert.coii	tw0	NNI	0.02	vert.coii.tw0	vert.coii.tw0.conv_NNI_0.020000.tsv	114.14	1.7587057010785823
1000000	50	0.999991	1e-06	9e-06	1e-06	0.990797	0.0	1.0	37.18	2.780059	0.594228	9.1e-05	27	34	23	23	53	24	29	25	22	35	27	13	113	23	32	54	19	21	29	49	23	25	40	30	29	46	18	40	14	35	25	34	20	84	34	23	17	30	11	23	32	34	8	16	23	18	31	26	12	23	vert.coii	tw0	NNI	0.05	vert.coii.tw0	vert.coii.tw0.conv_NNI_0.050000.tsv	114.14	3.06993006993007
1000000	50	0.999994	0.0	6e-06	0.0	0.990797	0.0	1.0	29.34	1.890386	0.594199	7e-05	43	18	22	21	20	17	23	17	9	19	17	31	20	13	13	65	17	23	16	13	21	27	12	20	22	13	13	20	12	18	46	19	16	14	15	16	19	26	31	21	18	54	13	9	33	15	11	26	13	19	vert.coii	tw0	NNI	0.1	vert.coii.tw0	vert.coii.tw0.conv_NNI_0.100000.tsv	114.14	3.8902522154055896
1000000	50	0.999993	2e-06	7e-06	2e-06	0.990797	0.0	1.0	1235.88	955.992081	0.593457	0.00057	15	47903	239	1637	11	14	14	9	204	128	13	10	13	21	6	2830	13	74	24	269	966	10	819	461	42	39	317	13	12	22	1588	52	22	21	8	49	16	10	1434	22	22	57	8	20	1696	28	12	411	17	17	vert.coii	tw0	NNI	0.2	vert.coii.tw0	vert.coii.tw0.conv_NNI_0.200000.tsv	114.14	0.0923552448457779
1000000	50	0.919995	0.038756	0.080005	0.038756	0.911533	0.038399	0.92	53486.065217	11379.531388	0.517342	0.022665	142	55537	172414	9582	17583	97	1208	202270	30	-1	19	139937	20	7	21544	196206	95285	260561	184942	21068	19683	35371	7834	70885	1216	167538	144	75784	2628	468	46991	486	160	79462	95807	224913	2049	681	213021	1106	25	9	1971	56	14	45	33440	-1	-1	-1	vert.coii	tw0	NNI	0.3	vert.coii.tw0	vert.coii.tw0.conv_NNI_0.300000.tsv	114.14	0.0021340137760539873
1000000	50	0.379996	0.06934	0.620004	0.06934	0.376503	0.068703	0.38	119875.263158	49986.185053	0.198717	0.037921	-1	8	-1	16297	-1	-1	496	6	-1	-1	-1	725083	-1	-1	122	-1	-1	903	6918	-1	100779	184	193519	743	10	-1	51091	-1	-1	-1	-1	-1	-1	-1	-1	-1	-1	-1	-1	-1	-1	160075	-1	464808	-1	-1	8	131	556414	-1	vert.coii	tw0	NNI	0.4	vert.coii.tw0	vert.coii.tw0.conv_NNI_0.400000.tsv	114.14	0.0009521564081954029
1000000	50	0.06	0.033926	0.94	0.033926	0.059448	0.033614	0.06	6724.666667	6703.669675	0.035403	0.020019	-1	-1	-1	-1	32	-1	-1	-1	-1	-1	-1	-1	-1	-1	10	-1	-1	-1	-1	-1	-1	-1	-1	-1	20131	-1	-1	-1	-1	-1	-1	-1	-1	-1	-1	-1	-1	-1	-1	-1	-1	-1	-1	-1	-1	-1	-1	-1	-1	-1	vert.coii	tw0	NNI	0.5	vert.coii.tw0	vert.coii.tw0.conv_NNI_0.500000.tsv	114.14	0.016973332010658603
1000000	50	0.999924	8e-06	7.6e-05	8e-06	0.990797	0.0	1.0	307.86	28.08615	0.59394	0.000387	120	262	79	29	149	172	83	171	124	91	49	114	377	71	61	169	229	96	158	29	407	303	275	234	55	354	262	215	152	41	174	106	381	209	150	343	383	102	255	311	295	292	215	132	80	116	258	142	354	70	vert.coii	tw0	NNI2	0.0	vert.coii.tw0	vert.coii.tw0.conv_NNI2_0.000000.tsv	114.14	0.3707529396478919
1000000	50	0.999969	3e-06	3.1e-05	3e-06	0.990797	0.0	1.0	172.38	29.888594	0.594033	0.000256	38	100	19	88	52	22	96	67	35	91	61	102	38	75	254	156	107	126	68	92	83	137	28	61	45	19	19	17	158	96	41	90	161	67	61	205	51	62	32	42	101	48	57	141	27	11	22	76	257	25	vert.coii	tw0	NNI2	0.02	vert.coii.tw0	vert.coii.tw0.conv_NNI2_0.020000.tsv	114.14	0.6621417797888386
1000000	50	0.99999	1e-06	1e-05	1e-06	0.990797	0.0	1.0	64.78	6.593459	0.594247	0.000181	27	65	29	58	37	50	6	24	29	8	23	55	20	23	14	16	18	51	26	45	63	46	18	28	31	33	40	16	13	25	11	45	34	84	26	41	24	60	40	14	30	69	15	67	61	19	10	21	27	18	vert.coii	tw0	NNI2	0.05	vert.coii.tw0	vert.coii.tw0.conv_NNI2_0.050000.tsv	114.14	1.7619635690027786
1000000	50	0.999994	0.0	6e-06	0.0	0.990797	0.0	1.0	36.4	3.629471	0.594159	0.000132	8	28	5	10	14	12	24	47	7	12	18	7	34	9	19	17	8	12	25	7	7	14	8	34	58	17	20	18	5	24	47	6	22	6	13	20	12	6	11	14	15	33	20	5	37	12	12	11	25	13	vert.coii	tw0	NNI2	0.1	vert.coii.tw0	vert.coii.tw0.conv_NNI2_0.100000.tsv	114.14	3.1357142857142857
1000000	50	0.999995	0.0	5e-06	0.0	0.990797	0.0	1.0	17.2	2.143048	0.594258	7.1e-05	14	8	6	17	17	9	9	7	12	7	6	52	5	5	6	9	8	6	6	5	10	13	5	8	5	8	5	15	19	23	6	8	4	6	8	7	10	6	9	7	7	10	11	18	5	10	9	8	7	8	vert.coii	tw0	NNI2	0.2	vert.coii.tw0	vert.coii.tw0.conv_NNI2_0.200000.tsv	114.14	6.6360465116279075
1000000	50	0.939995	0.033927	0.060005	0.033927	0.931349	0.033614	0.94	24851.276596	20866.004673	0.544544	0.022845	12	7	7	8	18	10	4	9	5	6	-1	2591	-1	2046	9	9	6	6	9	5	9	7	5	8	137	609	10	191496	9	6	11	14	11	6	5	8	7	-1	11	7	966250	3	63	5	7	1586	2025	7	818	6	vert.coii	tw0	NNI2	0.3	vert.coii.tw0	vert.coii.tw0.conv_NNI2_0.300000.tsv	114.14	0.004592923005748996
1000000	50	0.499998	0.071428	0.500002	0.071428	0.495398	0.070771	0.5	2605.76	1211.733933	0.296292	0.042329	-1	-1	4	-1	8	4	-1	34	5	-1	15787	8	-1	26	-1	3	-1	-1	-1	-1	1917	12	-1	6	-1	4	-1	8	-1	-1	-1	22598	-1	6	-1	5	20	6	-1	-1	-1	11974	10	6	-1	581	11963	-1	108	-1	vert.coii	tw0	NNI2	0.4	vert.coii.tw0	vert.coii.tw0.conv_NNI2_0.400000.tsv	114.14	0.04380295959720005
1000000	50	0.459998	0.071199	0.540002	0.071199	0.455767	0.070544	0.46	686.478261	563.631249	0.273141	0.042278	-1	-1	-1	-1	5	7	4	251	5	4	10	-1	-1	2374	6	9	-1	-1	-1	-1	-1	8	-1	5	-1	20	-1	-1	-1	4	-1	-1	-1	-1	5	4	-1	4	40	38	-1	-1	-1	4	-1	53	-1	5	-1	12878	vert.coii	tw0	NNI2	0.5	vert.coii.tw0	vert.coii.tw0.conv_NNI2_0.500000.tsv	114.14	0.16626892136938332
1000000	50	0.999886	1e-05	0.000114	1e-05	0.990797	0.0	1.0	335.32	38.113851	0.594284	0.000315	162	97	335	105	643	371	147	47	189	185	223	176	177	170	62	248	260	118	84	242	316	125	179	456	180	258	121	117	324	324	195	117	267	144	211	445	224	467	84	161	419	320	216	132	262	152	292	377	136	124	vert.coii	tw0	TBR	0.0	vert.coii.tw0	vert.coii.tw0.conv_TBR_0.000000.tsv	114.14	0.3403912680424669
1000000	50	0.999969	5e-06	3.1e-05	5e-06	0.990797	0.0	1.0	108.12	11.06071	0.594211	0.000193	61	96	76	219	153	104	58	95	27	80	78	73	241	71	90	88	79	39	48	57	78	35	60	66	28	17	170	47	16	122	43	41	20	26	117	89	93	56	25	34	116	24	41	52	17	45	64	66	177	72	vert.coii	tw0	TBR	0.02	vert.coii.tw0	vert.coii.tw0.conv_TBR_0.020000.tsv	114.14	1.0556788753237143
1000000	50	0.999988	1e-06	1.2e-05	1e-06	0.990797	0.0	1.0	49.78	4.028499	0.594189	0.000158	21	18	38	30	25	27	26	15	65	16	33	11	55	22	20	79	33	17	28	24	21	14	75	43	24	42	30	63	12	16	43	62	68	10	10	35	15	29	31	79	23	13	12	13	115	9	15	22	18	25	vert.coii	tw0	TBR	0.05	vert.coii.tw0	vert.coii.tw0.conv_TBR_0.050000.tsv	114.14	2.292888710325432
1000000	50	0.999993	0.0	7e-06	0.0	0.990797	0.0	1.0	33.7	3.016722	0.594189	9.9e-05	12	5	28	10	7	9	5	18	11	18	35	3	29	22	16	10	29	6	28	6	13	4	12	13	19	11	18	28	9	21	19	7	16	6	14	34	21	14	4	21	14	8	31	7	28	50	30	6	13	9	vert.coii	tw0	TBR	0.1	vert.coii.tw0	vert.coii.tw0.conv_TBR_0.100000.tsv	114.14	3.3869436201780414
1000000	50	0.999995	0.0	5e-06	0.0	0.990797	0.0	1.0	16.94	1.63817	0.594142	7.5e-05	6	8	6	6	3	3	12	4	4	22	20	3	13	13	4	5	13	10	3	9	12	8	10	5	10	11	3	6	12	9	8	18	5	4	8	7	3	12	5	6	8	6	5	9	13	7	9	9	4	11	vert.coii	tw0	TBR	0.2	vert.coii.tw0	vert.coii.tw0.conv_TBR_0.200000.tsv	114.14	6.737898465171192
1000000	50	0.999995	0.0	5e-06	0.0	0.990797	0.0	1.0	13.68	1.35238	0.594146	8e-05	8	6	5	7	9	3	3	6	10	5	7	4	14	6	8	3	6	5	5	4	7	6	7	4	3	10	11	5	8	5	4	11	22	10	7	5	5	5	5	11	9	7	3	5	5	11	10	13	3	12	vert.coii	tw0	TBR	0.3	vert.coii.tw0	vert.coii.tw0.conv_TBR_0.300000.tsv	114.14	8.34356725146199
1000000	50	0.999996	0.0	4e-06	0.0	0.990797	0.0	1.0	14.54	1.525621	0.594166	5.5e-05	16	5	4	4	4	5	17	11	3	6	3	4	5	12	3	11	8	5	13	9	5	9	21	6	3	5	6	7	9	5	12	6	5	15	4	6	7	4	12	9	4	8	16	3	6	5	5	3	6	10	vert.coii	tw0	TBR	0.4	vert.coii.tw0	vert.coii.tw0.conv_TBR_0.400000.tsv	114.14	7.850068775790922
1000000	50	0.999996	0.0	4e-06	0.0	0.990797	0.0	1.0	17.16	3.252674	0.594172	6.3e-05	4	6	7	5	55	6	4	4	5	4	7	5	6	12	5	4	10	6	9	5	5	5	6	5	10	93	6	9	7	12	6	5	7	6	6	6	5	9	6	13	4	7	7	6	5	69	9	6	50	4	vert.coii	tw0	TBR	0.5	vert.coii.tw0	vert.coii.tw0.conv_TBR_0.500000.tsv	114.14	6.651515151515151
1000000	50	0.999905	9e-06	9.5e-05	9e-06	0.990797	0.0	1.0	290.4	24.712585	0.594274	0.000327	174	274	689	507	183	35	61	124	236	218	227	252	184	207	241	58	190	74	85	244	232	153	264	85	302	220	325	218	146	332	216	131	194	153	185	45	212	149	105	141	168	209	129	257	197	242	145	355	357	276	vert.coii	tw0	rTBR	0.0	vert.coii.tw0	vert.coii.tw0.conv_rTBR_0.000000.tsv	114.14	0.39304407713498624
1000000	50	0.999972	4e-06	2.8e-05	4e-06	0.990797	0.0	1.0	117.84	12.846324	0.594385	0.000159	70	47	73	54	52	97	25	23	97	21	57	31	29	64	52	65	194	19	36	49	72	76	255	119	46	71	65	20	48	40	49	43	28	57	122	21	82	151	20	51	147	71	104	36	21	78	76	33	96	72	vert.coii	tw0	rTBR	0.02	vert.coii.tw0	vert.coii.tw0.conv_rTBR_0.020000.tsv	114.14	0.968601493550577
1000000	50	0.999987	1e-06	1.3e-05	1e-06	0.990797	0.0	1.0	64.08	6.378013	0.594353	0.000154	76	82	11	12	36	33	87	42	21	86	43	48	18	72	39	23	15	27	6	74	41	18	16	54	59	16	47	70	26	31	16	12	7	24	43	26	20	37	40	54	13	41	18	30	69	30	38	22	36	38	vert.coii	tw0	rTBR	0.05	vert.coii.tw0	vert.coii.tw0.conv_rTBR_0.050000.tsv	114.14	1.7812109862671661
1000000	50	0.99999	1e-06	1e-05	1e-06	0.990797	0.0	1.0	46.64	3.763711	0.594382	0.000148	10	14	18	29	48	20	36	32	55	21	31	12	14	34	21	14	32	26	70	61	32	34	40	10	29	30	35	11	7	13	16	19	45	11	35	47	33	20	16	64	17	53	30	46	19	18	39	50	13	22	vert.coii	tw0	rTBR	0.1	vert.coii.tw0	vert.coii.tw0.conv_rTBR_0.100000.tsv	114.14	2.447255574614065
1000000	50	0.999991	1e-06	9e-06	1e-06	0.990797	0.0	1.0	40.58	3.871833	0.594526	0.000102	10	23	11	9	35	21	26	37	30	14	27	29	17	35	9	28	17	31	24	11	17	61	30	25	16	21	29	16	10	17	14	14	11	18	44	10	22	13	23	26	17	39	55	7	12	20	24	11	25	8	vert.coii	tw0	rTBR	0.2	vert.coii.tw0	vert.coii.tw0.conv_rTBR_0.200000.tsv	114.14	2.8127156234598325
1000000	50	0.999992	1e-06	8e-06	1e-06	0.990797	0.0	1.0	34.38	2.818436	0.594446	0.000124	18	10	23	48	15	18	10	27	15	13	16	21	26	10	12	11	10	7	30	23	16	20	21	27	11	14	25	31	19	15	14	12	33	15	14	23	37	37	15	11	17	18	18	16	12	22	42	41	21	34	vert.coii	tw0	rTBR	0.3	vert.coii.tw0	vert.coii.tw0.conv_rTBR_0.300000.tsv	114.14	3.3199534613147175
1000000	50	0.999992	0.0	8e-06	0.0	0.990797	0.0	1.0	35.24	3.2194	0.594472	0.000113	14	71	7	36	13	9	31	33	18	28	15	14	32	22	33	16	8	25	57	30	9	34	9	15	23	68	36	32	22	7	19	9	10	37	11	17	21	38	12	23	12	11	17	10	18	16	13	23	26	19	vert.coii	tw0	rTBR	0.4	vert.coii.tw0	vert.coii.tw0.conv_rTBR_0.400000.tsv	114.14	3.238933030646992
1000000	50	0.999992	0.0	8e-06	0.0	0.990797	0.0	1.0	38.54	3.755943	0.594417	8.9e-05	50	19	26	18	29	19	30	16	19	12	10	34	30	23	13	16	30	30	31	17	15	21	27	18	35	16	18	7	24	7	16	19	27	24	38	24	18	10	18	25	34	28	22	37	28	37	30	13	26	25	vert.coii	tw0	rTBR	0.5	vert.coii.tw0	vert.coii.tw0.conv_rTBR_0.500000.tsv	114.14	2.9615983393876495
1000000	50	0.999984	1e-06	1.6e-05	1e-06	0.981644	0.0	1.0	131.04	6.086114	0.409981	8.5e-05	21	37	64	51	53	31	63	118	75	101	79	90	63	72	65	46	48	93	106	57	86	70	80	72	32	101	73	98	37	99	55	82	137	60	61	60	74	110	66	99	135	63	53	65	89	52	56	59	37	105	vert.coii	tw5	MC3_NNI	0.0	vert.coii.tw5	vert.coii.tw5.conv_mc3_NNI_0.000000.tsv	223.1	1.7025335775335777
1000000	50	0.999986	1e-06	1.4e-05	1e-06	0.981644	0.0	1.0	92.88	5.881527	0.4102	7.2e-05	84	38	67	52	22	53	46	69	47	41	48	39	44	40	61	29	54	58	25	59	48	70	45	28	42	27	48	26	59	49	14	66	51	50	56	54	33	64	58	72	60	41	53	80	51	34	77	44	57	41	vert.coii	tw5	MC3_NNI	0.02	vert.coii.tw5	vert.coii.tw5.conv_mc3_NNI_0.020000.tsv	223.1	2.4020241171403964
1000000	50	0.999987	1e-06	1.3e-05	1e-06	0.981644	0.0	1.0	75.4	5.962673	0.410276	5.9e-05	45	45	34	28	31	35	57	12	66	57	47	25	15	19	29	59	47	28	24	15	28	30	58	48	27	16	24	22	31	53	22	30	44	47	9	31	32	25	25	40	40	57	24	47	32	41	11	34	41	23	vert.coii	tw5	MC3_NNI	0.05	vert.coii.tw5	vert.coii.tw5.conv_mc3_NNI_0.050000.tsv	223.1	2.958885941644562
1000000	50	0.999988	0.0	1.2e-05	0.0	0.981644	0.0	1.0	50.0	3.214254	0.410157	5.6e-05	21	31	11	25	13	38	12	12	33	17	25	27	16	17	36	13	20	23	17	24	20	24	47	14	9	20	36	19	24	22	34	13	19	11	19	27	15	16	20	22	29	8	21	15	18	27	17	24	25	27	vert.coii	tw5	MC3_NNI	0.1	vert.coii.tw5	vert.coii.tw5.conv_mc3_NNI_0.100000.tsv	223.1	4.462
1000000	50	0.99999	0.0	1e-05	0.0	0.981644	0.0	1.0	37.1	2.192799	0.410235	4.1e-05	17	11	18	16	17	14	14	11	17	22	10	7	24	19	11	18	9	17	19	11	17	15	13	13	17	16	11	10	14	19	8	19	15	15	21	21	17	19	15	9	21	15	12	11	19	20	47	12	12	14	vert.coii	tw5	MC3_NNI	0.2	vert.coii.tw5	vert.coii.tw5.conv_mc3_NNI_0.200000.tsv	223.1	6.013477088948787
1000000	50	0.999991	0.0	9e-06	0.0	0.981644	0.0	1.0	33.2	2.442314	0.410161	3.7e-05	19	11	11	12	5	31	9	9	13	7	15	6	15	7	14	8	10	8	11	8	15	30	20	31	7	11	12	14	13	42	18	7	17	13	15	12	28	15	14	9	8	47	8	8	14	12	7	16	18	17	vert.coii	tw5	MC3_NNI	0.3	vert.coii.tw5	vert.coii.tw5.conv_mc3_NNI_0.300000.tsv	223.1	6.719879518072289
1000000	50	0.99999	0.0	1e-05	0.0	0.981644	0.0	1.0	73.2	11.172415	0.410131	4e-05	34	12	46	28	7	72	14	488	7	32	12	169	78	7	27	77	127	71	15	16	20	108	33	20	124	7	23	27	17	151	10	8	14	11	15	35	169	23	26	219	71	25	27	106	28	53	27	33	68	9	vert.coii	tw5	MC3_NNI	0.4	vert.coii.tw5	vert.coii.tw5.conv_mc3_NNI_0.400000.tsv	223.1	3.047814207650273
1000000	50	0.99999	0.0	1e-05	0.0	0.981644	0.0	1.0	1810.86	397.04477	0.4094	0.000162	583	18	7124	442	223	1997	285	5987	1422	466	61	15668	75	5525	4268	26	52	58	665	5733	1099	283	13	4963	1189	2702	787	3404	57	690	23	4556	4984	277	3737	52	874	33	185	31	2229	2720	40	123	11	1110	206	7	766	1940	vert.coii	tw5	MC3_NNI	0.5	vert.coii.tw5	vert.coii.tw5.conv_mc3_NNI_0.500000.tsv	223.1	0.12320113095435319
1000000	50	0.999959	2e-06	4.1e-05	2e-06	0.981644	0.0	1.0	223.1	17.789409	0.410177	0.000152	83	45	308	63	98	70	76	120	136	165	102	110	101	295	129	90	89	154	99	87	116	176	75	88	218	69	179	393	86	30	124	258	85	22	77	383	70	148	110	171	160	197	122	280	85	91	139	165	155	55	vert.coii	tw5	NNI	0.0	vert.coii.tw5	vert.coii.tw5.conv_NNI_0.000000.tsv	223.1	1.0
1000000	50	0.999969	1e-06	3.1e-05	1e-06	0.981644	0.0	1.0	155.48	11.833341	0.410118	0.000139	52	54	68	71	198	81	35	69	73	53	69	57	55	140	36	72	387	59	61	83	113	98	81	67	100	60	36	69	60	32	48	114	138	65	66	135	62	78	105	57	67	66	65	87	75	65	114	82	53	55	vert.coii	tw5	NNI	0.02	vert.coii.tw5	vert.coii.tw5.conv_NNI_0.020000.tsv	223.1	1.4349112426035504
1000000	50	0.999977	1e-06	2.3e-05	1e-06	0.981644	0.0	1.0	125.14	11.112523	0.410211	0.000121	121	87	35	54	62	21	55	25	39	63	61	35	53	43	41	26	185	39	26	41	42	24	63	23	232	38	158	140	52	37	48	35	95	24	100	36	110	36	70	44	19	34	38	69	44	49	56	36	56	87	vert.coii	tw5	NNI	0.05	vert.coii.tw5	vert.coii.tw5.conv_NNI_0.050000.tsv	223.1	1.7828032603484096
1000000	50	0.999983	1e-06	1.7e-05	1e-06	0.981644	0.0	1.0	77.88	7.224484	0.410043	9.2e-05	162	24	21	37	26	31	17	28	26	29	35	31	152	17	7	17	18	32	20	37	29	33	21	19	49	197	35	17	25	36	33	18	30	35	17	24	53	33	31	33	89	45	22	16	31	30	50	18	44	27	vert.coii	tw5	NNI	0.1	vert.coii.tw5	vert.coii.tw5.conv_NNI_0.100000.tsv	223.1	2.8646635850025683
1000000	50	0.999987	1e-06	1.3e-05	1e-06	0.981644	0.0	1.0	54.14	6.898033	0.410185	5.8e-05	17	23	12	26	15	50	17	81	17	327	14	33	30	14	10	10	26	15	24	26	12	36	82	14	21	9	28	16	30	27	11	15	42	13	35	19	49	17	83	24	14	71	11	19	24	13	24	22	20	26	vert.coii	tw5	NNI	0.2	vert.coii.tw5	vert.coii.tw5.conv_NNI_0.200000.tsv	223.1	4.12079793128925
1000000	50	0.999989	0.0	1.1e-05	0.0	0.981644	0.0	1.0	54.28	6.994811	0.410136	5.7e-05	15	27	74	27	15	305	10	57	26	13	19	20	25	11	17	70	12	20	21	13	18	22	11	6	9	27	27	23	138	86	15	13	12	12	47	20	16	38	19	18	15	9	28	24	72	10	23	31	58	9	vert.coii	tw5	NNI	0.3	vert.coii.tw5	vert.coii.tw5.conv_NNI_0.300000.tsv	223.1	4.110169491525424
1000000	50	0.99999	0.0	1e-05	0.0	0.981644	0.0	1.0	325.68	65.144163	0.410062	5.9e-05	2194	405	87	811	42	35	109	715	39	79	79	55	70	866	225	22	403	1730	24	136	75	98	553	105	346	55	105	10	76	273	179	205	546	37	287	69	1078	74	40	76	106	339	30	35	1322	114	9	33	756	134	vert.coii	tw5	NNI	0.4	vert.coii.tw5	vert.coii.tw5.conv_NNI_0.400000.tsv	223.1	0.6850282485875706
1000000	50	0.999987	1e-06	1.3e-05	1e-06	0.981644	0.0	1.0	3453.54	566.803452	0.408732	0.000226	865	3180	835	3213	14	1093	224	6279	9870	6211	2133	2457	10171	3743	3229	8804	536	5948	21	3653	1667	8332	558	1444	4850	3942	1987	2511	463	13606	996	5169	2704	10	18909	5351	133	7	576	4742	826	1607	17	23	1256	536	70	760	4947	11354	vert.coii	tw5	NNI	0.5	vert.coii.tw5	vert.coii.tw5.conv_NNI_0.500000.tsv	223.1	0.06460038105827644
1000000	50	0.999922	4e-06	7.8e-05	4e-06	0.981644	0.0	1.0	830.9	90.063108	0.409549	0.000431	399	196	519	71	112	96	211	371	75	49	377	286	552	145	314	329	338	194	221	164	786	144	77	109	197	157	194	352	278	105	403	64	46	280	86	277	130	126	147	203	316	144	345	161	47	192	141	114	275	47	vert.coii	tw5	NNI2	0.0	vert.coii.tw5	vert.coii.tw5.conv_NNI2_0.000000.tsv	223.1	0.2685040317727765
1000000	50	0.99995	3e-06	5e-05	3e-06	0.981644	0.0	1.0	349.3	26.512658	0.409918	0.000295	173	33	48	119	208	158	174	101	41	41	75	38	173	128	64	98	118	103	85	74	282	267	85	131	67	67	85	64	93	179	249	98	219	73	94	199	71	181	495	32	531	155	120	31	116	78	105	61	70	145	vert.coii	tw5	NNI2	0.02	vert.coii.tw5	vert.coii.tw5.conv_NNI2_0.020000.tsv	223.1	0.6387059833953621
1000000	50	0.999972	1e-06	2.8e-05	1e-06	0.981644	0.0	1.0	245.86	29.30827	0.409862	0.000224	118	183	96	149	29	56	41	19	14	39	63	17	101	19	100	64	31	30	48	16	59	117	22	60	78	101	88	32	55	104	20	70	186	37	99	116	120	38	80	57	95	75	48	79	16	30	105	58	103	112	vert.coii	tw5	NNI2	0.05	vert.coii.tw5	vert.coii.tw5.conv_NNI2_0.050000.tsv	223.1	0.907426990970471
1000000	50	0.999982	1e-06	1.8e-05	1e-06	0.981644	0.0	1.0	135.64	14.424208	0.410189	0.000153	51	18	15	58	36	65	54	56	18	37	13	25	38	13	19	21	44	54	35	20	74	34	24	8	19	13	6	18	52	17	137	62	36	16	20	20	14	34	63	17	12	118	23	27	36	9	15	30	26	22	vert.coii	tw5	NNI2	0.1	vert.coii.tw5	vert.coii.tw5.conv_NNI2_0.100000.tsv	223.1	1.6447950457092304
1000000	50	0.999988	0.0	1.2e-05	0.0	0.981644	0.0	1.0	57.18	5.194871	0.410135	8e-05	24	9	8	5	15	17	26	13	8	15	10	8	6	30	8	8	12	22	18	11	21	4	11	7	12	22	6	14	8	6	14	6	18	19	6	11	5	16	8	24	6	9	15	17	14	19	8	13	22	10	vert.coii	tw5	NNI2	0.2	vert.coii.tw5	vert.coii.tw5.conv_NNI2_0.200000.tsv	223.1	3.9017138859741167
1000000	50	0.99999	0.0	1e-05	0.0	0.981644	0.0	1.0	35.28	4.489538	0.410185	5.6e-05	10	11	13	6	14	5	10	5	10	7	97	13	10	11	9	15	5	8	8	10	12	10	8	7	7	11	19	166	8	9	7	12	10	8	87	7	18	9	11	9	7	23	4	6	8	10	17	7	15	21	vert.coii	tw5	NNI2	0.3	vert.coii.tw5	vert.coii.tw5.conv_NNI2_0.300000.tsv	223.1	6.323696145124716
1000000	50	0.99999	0.0	1e-05	0.0	0.981644	0.0	1.0	1393.66	582.008185	0.409589	0.000256	20397	9	171	7	10	14	3	9	6	11	9	263	5197	7	10	8	6	58	6	14	7	11	9	4	14	8	10	13	34	5	13	6	9	11	9	7	5	8	38	15	9	7436	6	10937	8971	37	5	5	14914	12	vert.coii	tw5	NNI2	0.4	vert.coii.tw5	vert.coii.tw5.conv_NNI2_0.400000.tsv	223.1	0.16008208601811058
1000000	50	0.99999	0.0	1e-05	0.0	0.981644	0.0	1.0	3938.7	1286.506782	0.408543	0.000544	118	11	5	13666	389	23	27	7	38148	296	40260	1143	6	1771	596	11	16	30	614	13	904	1427	2576	5089	2337	4320	809	116	10	6	443	34247	48	5405	5825	11944	716	4883	1382	9	5	271	8	6484	45	2312	6694	101	16	630	vert.coii	tw5	NNI2	0.5	vert.coii.tw5	vert.coii.tw5.conv_NNI2_0.500000.tsv	223.1	0.0566430548150405
1000000	50	0.999873	8e-06	0.000127	8e-06	0.981644	0.0	1.0	754.98	81.98229	0.409644	0.000345	357	308	144	390	138	320	154	451	258	171	318	215	198	204	375	126	310	53	233	117	201	108	353	197	265	126	138	201	349	206	357	122	260	80	255	182	171	363	262	182	188	295	406	78	173	222	236	183	420	131	vert.coii	tw5	TBR	0.0	vert.coii.tw5	vert.coii.tw5.conv_TBR_0.000000.tsv	223.1	0.2955045166759384
1000000	50	0.999933	4e-06	6.7e-05	4e-06	0.981644	0.0	1.0	454.36	39.989119	0.410221	0.000255	108	28	89	80	133	48	53	234	88	117	255	147	63	198	95	84	95	124	53	109	185	65	163	84	63	125	120	93	141	317	8	45	149	98	67	124	123	63	33	56	262	151	80	55	157	105	71	123	118	175	vert.coii	tw5	TBR	0.02	vert.coii.tw5	vert.coii.tw5.conv_TBR_0.020000.tsv	223.1	0.49102033629720926
1000000	50	0.999966	2e-06	3.4e-05	2e-06	0.981644	0.0	1.0	242.8	24.930025	0.409693	0.000187	50	113	61	159	21	33	31	56	73	73	47	130	67	31	29	30	122	37	14	29	32	69	34	30	56	41	31	38	36	41	92	29	88	161	70	40	32	69	43	159	87	49	24	55	47	73	28	74	35	57	vert.coii	tw5	TBR	0.05	vert.coii.tw5	vert.coii.tw5.conv_TBR_0.050000.tsv	223.1	0.9188632619439867
1000000	50	0.999977	1e-06	2.3e-05	1e-06	0.981644	0.0	1.0	123.12	13.259287	0.410261	0.000138	10	53	12	42	11	31	47	23	8	6	21	17	23	21	30	11	14	10	23	65	32	5	90	22	11	22	20	54	56	33	22	28	46	19	59	17	9	32	46	14	37	20	33	27	10	43	14	31	73	13	vert.coii	tw5	TBR	0.1	vert.coii.tw5	vert.coii.tw5.conv_TBR_0.100000.tsv	223.1	1.8120532813515269
1000000	50	0.999987	1e-06	1.3e-05	1e-06	0.981644	0.0	1.0	66.24	7.998396	0.410069	9.4e-05	27	4	14	4	6	14	71	9	19	19	15	5	5	13	13	9	5	8	8	31	8	20	20	22	23	10	15	25	23	16	11	43	17	4	15	14	6	10	15	4	23	7	27	10	6	4	12	8	6	29	vert.coii	tw5	TBR	0.2	vert.coii.tw5	vert.coii.tw5.conv_TBR_0.200000.tsv	223.1	3.368055555555556
1000000	50	0.999988	0.0	1.2e-05	0.0	0.981644	0.0	1.0	51.8	5.688944	0.41003	9.7e-05	10	17	11	27	12	5	4	18	15	7	14	17	7	11	4	6	5	31	5	9	8	7	6	5	4	8	8	22	6	7	4	7	4	12	22	11	4	6	11	9	12	11	31	7	10	4	6	7	6	14	vert.coii	tw5	TBR	0.3	vert.coii.tw5	vert.coii.tw5.conv_TBR_0.300000.tsv	223.1	4.306949806949807
1000000	50	0.999991	0.0	9e-06	0.0	0.981644	0.0	1.0	44.7	4.324137	0.410239	7.3e-05	5	8	19	22	3	7	4	7	14	28	12	4	5	5	5	5	7	10	5	19	11	5	3	7	16	7	14	3	5	6	4	16	6	5	11	10	8	10	10	5	4	4	36	4	6	5	10	4	8	4	vert.coii	tw5	TBR	0.4	vert.coii.tw5	vert.coii.tw5.conv_TBR_0.400000.tsv	223.1	4.991051454138702
1000000	50	0.99999	0.0	1e-05	0.0	0.981644	0.0	1.0	42.56	5.466496	0.410215	7.9e-05	14	9	5	4	12	15	10	4	6	18	7	12	10	7	9	25	5	14	13	15	5	5	5	11	7	3	4	12	12	11	22	7	8	7	15	14	6	4	7	3	4	5	9	24	11	10	7	23	11	4	vert.coii	tw5	TBR	0.5	vert.coii.tw5	vert.coii.tw5.conv_TBR_0.500000.tsv	223.1	5.242011278195489
1000000	50	0.99989	8e-06	0.00011	8e-06	0.981644	0.0	1.0	864.24	97.035022	0.411413	0.000338	98	213	209	202	247	276	321	112	289	95	339	81	320	591	85	92	293	419	361	202	276	98	249	133	142	153	268	212	34	359	271	186	220	162	158	198	107	81	129	142	399	85	269	68	95	43	203	118	107	250	vert.coii	tw5	rTBR	0.0	vert.coii.tw5	vert.coii.tw5.conv_rTBR_0.000000.tsv	223.1	0.25814588540220307
1000000	50	0.99993	5e-06	7e-05	5e-06	0.981644	0.0	1.0	396.72	41.638356	0.41161	0.000285	69	113	55	90	171	202	55	173	139	50	117	143	58	127	110	99	94	50	106	77	82	206	96	168	62	178	51	185	143	77	58	216	40	136	66	82	88	44	144	85	96	100	165	436	70	222	72	34	174	113	vert.coii	tw5	rTBR	0.02	vert.coii.tw5	vert.coii.tw5.conv_rTBR_0.020000.tsv	223.1	0.5623613631780601
1000000	50	0.999959	2e-06	4.1e-05	2e-06	0.981644	0.0	1.0	196.88	19.826011	0.411853	0.000209	194	123	44	56	57	124	66	89	88	51	138	45	107	23	154	28	43	54	51	78	60	43	24	105	29	55	14	69	49	68	22	38	68	151	71	128	40	69	61	45	80	43	15	26	22	56	39	55	52	65	vert.coii	tw5	rTBR	0.05	vert.coii.tw5	vert.coii.tw5.conv_rTBR_0.050000.tsv	223.1	1.1331775700934579
1000000	50	0.999972	1e-06	2.8e-05	1e-06	0.981644	0.0	1.0	189.92	19.37903	0.411899	0.000148	14	16	13	19	37	59	51	21	75	58	39	41	89	18	19	30	26	32	43	20	23	60	40	63	47	67	14	24	61	56	43	78	37	24	61	42	21	21	12	55	37	64	41	58	20	48	15	15	78	37	vert.coii	tw5	rTBR	0.1	vert.coii.tw5	vert.coii.tw5.conv_rTBR_0.100000.tsv	223.1	1.1747051390058973
1000000	50	0.999979	1e-06	2.1e-05	1e-06	0.981644	0.0	1.0	117.58	11.435715	0.411807	0.000118	29	19	22	31	71	42	24	24	11	20	26	15	39	30	26	21	38	20	28	21	24	26	23	21	25	25	27	20	30	18	25	59	23	27	10	30	13	27	28	27	31	24	13	31	18	30	17	39	10	27	vert.coii	tw5	rTBR	0.2	vert.coii.tw5	vert.coii.tw5.conv_rTBR_0.200000.tsv	223.1	1.897431535975506
1000000	50	0.99998	1e-06	2e-05	1e-06	0.981644	0.0	1.0	94.3	7.934489	0.411817	0.000118	32	23	35	49	33	29	31	12	26	56	27	23	21	32	14	25	8	21	15	44	15	38	31	13	41	11	11	13	17	23	22	18	10	12	9	26	69	17	52	40	27	27	47	13	23	20	21	14	22	11	vert.coii	tw5	rTBR	0.3	vert.coii.tw5	vert.coii.tw5.conv_rTBR_0.300000.tsv	223.1	2.3658536585365852
1000000	50	0.99998	1e-06	2e-05	1e-06	0.981644	0.0	1.0	104.58	11.314036	0.412	0.000132	18	43	23	12	32	10	22	18	15	20	12	69	14	51	6	48	9	34	15	28	20	17	30	19	30	19	34	11	27	24	17	32	16	17	16	25	11	20	50	24	25	14	14	33	46	44	18	21	19	74	vert.coii	tw5	rTBR	0.4	vert.coii.tw5	vert.coii.tw5.conv_rTBR_0.400000.tsv	223.1	2.133295085102314
1000000	50	0.99998	1e-06	2e-05	1e-06	0.981644	0.0	1.0	89.74	10.706123	0.412151	0.000136	9	38	23	22	42	19	34	19	17	25	14	35	24	17	21	13	26	10	24	30	14	60	21	9	43	13	22	19	13	17	18	34	12	26	24	26	27	32	16	23	15	30	24	19	34	22	23	11	18	38	vert.coii	tw5	rTBR	0.5	vert.coii.tw5	vert.coii.tw5.conv_rTBR_0.500000.tsv	223.1	2.4860708714062847
1000000	50	0.999993	1e-06	7e-06	1e-06	0.988368	0.0	1.0	63.28	2.594663	0.976833	3.4e-05	86	84	51	57	72	59	55	49	55	48	43	23	52	40	43	72	40	88	51	66	55	48	32	91	57	75	64	98	68	81	62	71	76	78	89	81	63	35	76	86	64	98	45	72	54	47	70	33	79	82	vert.coiii	tw0	MC3_NNI	0.0	vert.coiii.tw0	vert.coiii.tw0.conv_mc3_NNI_0.000000.tsv	89.58	1.4156131479140328
1000000	50	0.999994	0.0	6e-06	0.0	0.988368	0.0	1.0	34.08	1.297986	0.97684	3.4e-05	32	23	29	19	47	48	20	30	46	29	19	32	38	30	20	50	30	28	38	20	35	33	34	29	45	36	31	38	21	41	43	50	49	40	36	32	53	31	29	39	36	29	34	18	49	32	29	37	39	28	vert.coiii	tw0	MC3_NNI	0.02	vert.coiii.tw0	vert.coiii.tw0.conv_mc3_NNI_0.020000.tsv	89.58	2.6285211267605635
1000000	50	0.999995	0.0	5e-06	0.0	0.988368	0.0	1.0	20.7	0.782069	0.97687	2.3e-05	16	31	15	20	22	30	18	23	29	25	19	23	19	16	26	23	17	27	21	18	24	26	13	25	23	19	17	25	19	23	21	21	14	31	19	18	26	18	18	17	16	10	22	13	19	36	11	13	25	15	vert.coiii	tw0	MC3_NNI	0.05	vert.coiii.tw0	vert.coiii.tw0.conv_mc3_NNI_0.050000.tsv	89.58	4.327536231884058
1000000	50	0.999995	0.0	5e-06	0.0	0.988368	0.0	1.0	14.82	0.583228	0.97691	2.4e-05	13	15	17	16	20	9	15	22	14	21	10	14	16	9	11	11	13	15	15	13	13	17	17	11	13	17	17	9	8	14	23	11	19	15	10	17	27	21	14	9	20	20	17	12	13	16	15	9	15	13	vert.coiii	tw0	MC3_NNI	0.1	vert.coiii.tw0	vert.coiii.tw0.conv_mc3_NNI_0.100000.tsv	89.58	6.044534412955465
1000000	50	0.999995	0.0	5e-06	0.0	0.988368	0.0	1.0	12.02	0.646807	0.976921	1.8e-05	13	10	10	10	13	12	11	12	13	15	22	14	9	12	11	9	5	16	9	12	12	12	10	6	7	15	12	15	8	6	14	33	7	12	8	11	10	14	13	9	6	15	9	15	15	11	10	14	21	13	vert.coiii	tw0	MC3_NNI	0.2	vert.coiii.tw0	vert.coiii.tw0.conv_mc3_NNI_0.200000.tsv	89.58	7.452579034941764
1000000	50	0.999995	0.0	5e-06	0.0	0.988368	0.0	1.0	636.16	188.074571	0.976264	0.000184	78	21	14	28	40	2497	26	44	9	2237	17	157	1162	49	10	7278	5044	21	984	146	329	8	102	27	24	23	844	300	11	9	22	76	1304	11	12	7	782	2074	16	36	12	216	13	22	10	874	1781	768	1474	759	vert.coiii	tw0	MC3_NNI	0.3	vert.coiii.tw0	vert.coiii.tw0.conv_mc3_NNI_0.300000.tsv	89.58	0.14081363179074446
1000000	50	0.759996	0.061012	0.240004	0.061012	0.75116	0.060302	0.76	156854.184211	39356.008009	0.626001	0.058084	84	185	-1	443	-1	162150	-1	-1	100304	189	1007	242044	377	10759	451635	70047	35143	786466	475707	272197	18113	5	41387	184	16	587608	-1	157788	49	-1	807931	-1	2877	1765	801918	-1	30	329044	78402	13	56	-1	4946	183338	-1	21785	51050	-1	263417	-1	vert.coiii	tw0	MC3_NNI	0.4	vert.coiii.tw0	vert.coiii.tw0.conv_mc3_NNI_0.400000.tsv	89.58	0.000571103668356702
1000000	50	0.159999	0.052372	0.840001	0.052372	0.158139	0.051763	0.16	51885.375	33155.625027	0.148201	0.048757	-1	-1	-1	8	-1	-1	-1	238681	-1	-1	-1	-1	-1	11257	161209	-1	-1	3681	-1	-1	-1	228	-1	-1	-1	-1	-1	-1	-1	-1	-1	-1	-1	-1	-1	8	-1	-1	-1	-1	-1	-1	-1	-1	-1	-1	-1	11	-1	-1	vert.coiii	tw0	MC3_NNI	0.5	vert.coiii.tw0	vert.coiii.tw0.conv_mc3_NNI_0.500000.tsv	89.58	0.0017264980738792
1000000	50	0.999983	1e-06	1.7e-05	1e-06	0.988368	0.0	1.0	89.58	4.869907	0.976782	8.6e-05	145	79	170	54	76	109	95	93	49	72	152	77	96	75	109	60	58	52	135	106	73	63	80	97	107	107	52	75	75	42	125	43	131	84	70	133	61	71	89	49	64	137	44	89	162	101	24	132	126	111	vert.coiii	tw0	NNI	0.0	vert.coiii.tw0	vert.coiii.tw0.conv_NNI_0.000000.tsv	89.58	1.0
1000000	50	0.999989	0.0	1.1e-05	0.0	0.988368	0.0	1.0	53.48	2.680883	0.976872	6e-05	65	36	77	63	45	52	32	74	56	104	82	81	70	76	82	96	62	38	32	63	49	84	59	30	36	64	39	45	36	50	44	37	39	52	26	29	31	38	47	51	29	59	51	34	45	74	57	65	50	38	vert.coiii	tw0	NNI	0.02	vert.coiii.tw0	vert.coiii.tw0.conv_NNI_0.020000.tsv	89.58	1.6750186985789082
1000000	50	0.99999	1e-06	1e-05	1e-06	0.988368	0.0	1.0	28.18	1.317911	0.976865	4e-05	25	30	20	38	36	28	26	27	31	11	12	21	30	32	27	31	19	50	29	45	12	32	27	38	23	39	27	21	33	38	46	20	19	32	35	40	26	29	19	18	9	32	18	24	27	23	22	45	28	39	vert.coiii	tw0	NNI	0.05	vert.coiii.tw0	vert.coiii.tw0.conv_NNI_0.050000.tsv	89.58	3.1788502484031227
1000000	50	0.999994	0.0	6e-06	0.0	0.988368	0.0	1.0	22.36	2.270801	0.976833	3.4e-05	30	47	16	15	18	16	16	23	10	14	18	18	17	17	19	18	13	18	16	24	22	21	20	16	26	20	7	20	17	18	27	16	24	14	28	12	14	12	13	102	31	16	34	21	14	23	20	83	26	18	vert.coiii	tw0	NNI	0.1	vert.coiii.tw0	vert.coiii.tw0.conv_NNI_0.100000.tsv	89.58	4.006261180679785
1000000	50	0.999995	0.0	5e-06	0.0	0.988368	0.0	1.0	497.4	422.279332	0.976419	0.000415	552	11	11	13	19	41	21103	17	20	22	18	7	21	20	51	219	13	46	11	1869	16	13	11	195	10	35	26	13	18	10	14	97	13	10	15	17	21	21	8	23	7	83	14	11	15	23	9	8	18	12	vert.coiii	tw0	NNI	0.2	vert.coiii.tw0	vert.coiii.tw0.conv_NNI_0.200000.tsv	89.58	0.18009650180940892
1000000	50	0.979996	0.02	0.020004	0.02	0.968601	0.019767	0.98	13145.22449	5653.168173	0.944789	0.020027	7369	1444	135	3930	3072	2767	602	27	4175	12	1318	71253	12	13	191	307	15	-1	5709	29	3522	7969	3526	222	15	996	15	184	116	212845	13	34	893	41125	43	1564	1287	48	98	121929	334	10499	127792	921	19	726	697	58	186	4060	vert.coiii	tw0	NNI	0.3	vert.coiii.tw0	vert.coiii.tw0.conv_NNI_0.300000.tsv	89.58	0.006814642082997245
1000000	50	0.399998	0.069985	0.600002	0.069985	0.395347	0.069171	0.4	152322.5	57491.963759	0.331244	0.062033	-1	-1	-1	6	7	-1	-1	-1	-1	-1	-1	193	-1	-1	-1	-1	-1	3247	219560	405	2438	3720	-1	8	-1	-1	842431	-1	7	33	468975	-1	133195	-1	-1	-1	1187	-1	-1	910	91382	-1	587707	-1	-1	-1	-1	88672	-1	602367	vert.coiii	tw0	NNI	0.4	vert.coiii.tw0	vert.coiii.tw0.conv_NNI_0.400000.tsv	89.58	0.0005880943393129708
1000000	50	0.04	0.027994	0.96	0.027994	0.039535	0.027669	0.04	313672.0	313510.0	0.026821	0.020711	-1	-1	-1	-1	-1	-1	-1	-1	-1	-1	-1	-1	-1	-1	-1	-1	-1	-1	-1	-1	-1	-1	-1	-1	-1	-1	-1	-1	-1	162	-1	-1	-1	-1	-1	627182	-1	-1	-1	-1	-1	-1	-1	-1	-1	-1	-1	-1	-1	-1	vert.coiii	tw0	NNI	0.5	vert.coiii.tw0	vert.coiii.tw0.conv_NNI_0.500000.tsv	89.58	0.00028558494223265065
1000000	50	0.99997	2e-06	3e-05	2e-06	0.988368	0.0	1.0	199.4	18.88539	0.976764	0.000228	466	74	224	282	241	42	88	63	106	61	199	137	324	209	100	341	227	106	129	192	81	444	294	165	203	87	54	87	91	144	306	104	326	424	367	208	94	140	149	223	212	497	52	46	105	632	281	84	216	243	vert.coiii	tw0	NNI2	0.0	vert.coiii.tw0	vert.coiii.tw0.conv_NNI2_0.000000.tsv	89.58	0.449247743229689
1000000	50	0.999978	2e-06	2.2e-05	2e-06	0.988368	0.0	1.0	88.38	8.669011	0.976829	0.000166	316	40	28	22	55	139	67	17	81	61	57	59	117	25	99	25	182	223	89	46	109	65	117	174	165	72	164	86	24	80	190	107	44	52	43	25	100	95	201	84	28	27	69	63	66	74	81	102	33	131	vert.coiii	tw0	NNI2	0.02	vert.coiii.tw0	vert.coiii.tw0.conv_NNI2_0.020000.tsv	89.58	1.0135777325186694
1000000	50	0.999984	1e-06	1.6e-05	1e-06	0.988368	0.0	1.0	40.16	3.825944	0.976884	0.000112	86	23	12	47	58	76	71	33	33	23	12	26	99	48	45	134	36	47	24	24	32	23	55	27	22	17	79	11	23	30	14	15	47	73	38	19	28	70	53	47	17	10	49	61	91	38	27	10	18	7	vert.coiii	tw0	NNI2	0.05	vert.coiii.tw0	vert.coiii.tw0.conv_NNI2_0.050000.tsv	89.58	2.2305776892430282
1000000	50	0.999991	1e-06	9e-06	1e-06	0.988368	0.0	1.0	17.3	1.524025	0.976959	6.2e-05	19	19	21	28	7	7	17	6	43	10	13	32	8	18	21	12	15	9	18	37	6	6	13	21	15	11	6	7	13	9	18	15	20	6	10	17	11	50	36	22	8	18	11	48	9	28	13	21	13	24	vert.coiii	tw0	NNI2	0.1	vert.coiii.tw0	vert.coiii.tw0.conv_NNI2_0.100000.tsv	89.58	5.178034682080924
1000000	50	0.999995	0.0	5e-06	0.0	0.988368	0.0	1.0	8.4	0.469476	0.976991	2.9e-05	11	7	7	5	9	21	7	13	6	6	14	10	5	9	8	7	17	3	4	12	10	7	9	8	12	7	8	11	8	11	12	8	6	7	12	6	7	10	8	5	10	6	6	7	6	5	5	8	8	6	vert.coiii	tw0	NNI2	0.2	vert.coiii.tw0	vert.coiii.tw0.conv_NNI2_0.200000.tsv	89.58	10.664285714285713
1000000	50	0.999995	0.0	5e-06	0.0	0.988368	0.0	1.0	1913.94	981.833666	0.975049	0.000967	11	9	10	20	6	37682	4	3	6	868	6	7	6	5	9	6	7	8	6	8	10	5	5	9645	7	10	6	6	6	6	1569	4	10	7	7	8	8	28	7	6	7	7	9	4	304	11	7	6	23844	21451	vert.coiii	tw0	NNI2	0.3	vert.coiii.tw0	vert.coiii.tw0.conv_NNI2_0.300000.tsv	89.58	0.04680397504623969
1000000	50	0.799997	0.057143	0.200003	0.057143	0.790695	0.056478	0.8	34764.925	15900.965805	0.754352	0.05529	35	13	-1	184	5965	5	12	-1	7	-1	411859	1784	7	3	12	35	197	-1	8811	6	94	164	47	-1	4	167	-1	3715	397231	-1	-1	4	16831	-1	7	2845	2272	69466	6	77	103631	7	82	37243	5	312647	15107	-1	4	6	vert.coiii	tw0	NNI2	0.4	vert.coiii.tw0	vert.coiii.tw0.conv_NNI2_0.400000.tsv	89.58	0.002576735028192927
1000000	50	0.379998	0.069341	0.620002	0.069341	0.37558	0.068534	0.38	47297.105263	34087.664658	0.353669	0.065724	-1	4	-1	4	5	-1	-1	-1	-1	5219	-1	-1	-1	-1	-1	-1	-1	-1	-1	2928	10847	-1	-1	-1	-1	267553	-1	-1	-1	-1	5	606753	478	-1	-1	-1	2	9	1093	50	351	-1	2742	-1	-1	563	-1	13	26	-1	vert.coiii	tw0	NNI2	0.5	vert.coiii.tw0	vert.coiii.tw0.conv_NNI2_0.500000.tsv	89.58	0.0018939848327266962
1000000	50	0.999957	3e-06	4.3e-05	3e-06	0.988368	0.0	1.0	197.84	11.912277	0.976638	0.00021	381	390	124	89	220	135	92	98	109	182	237	142	176	244	158	82	209	136	139	175	179	222	155	130	67	176	149	122	281	139	209	321	227	174	311	69	216	286	244	326	297	200	169	137	129	253	230	303	405	248	vert.coiii	tw0	TBR	0.0	vert.coiii.tw0	vert.coiii.tw0.conv_TBR_0.000000.tsv	89.58	0.4527901334411646
1000000	50	0.999977	2e-06	2.3e-05	2e-06	0.988368	0.0	1.0	64.74	4.670604	0.976951	0.000123	47	80	59	64	50	109	69	19	44	97	98	88	134	40	96	48	64	86	55	60	35	105	37	62	34	72	76	50	60	68	25	18	123	23	44	35	53	38	54	48	107	70	49	48	204	59	55	69	52	57	vert.coiii	tw0	TBR	0.02	vert.coiii.tw0	vert.coiii.tw0.conv_TBR_0.020000.tsv	89.58	1.3836886005560705
1000000	50	0.999986	1e-06	1.4e-05	1e-06	0.988368	0.0	1.0	27.4	1.996936	0.976947	9.4e-05	38	45	23	9	28	24	6	46	13	60	7	25	42	17	13	7	37	24	41	16	18	29	11	35	37	19	8	21	36	14	49	17	26	19	33	40	49	32	41	44	19	7	17	19	16	43	44	52	18	36	vert.coiii	tw0	TBR	0.05	vert.coiii.tw0	vert.coiii.tw0.conv_TBR_0.050000.tsv	89.58	3.269343065693431
1000000	50	0.999991	1e-06	9e-06	1e-06	0.988368	0.0	1.0	14.78	0.966496	0.97689	5.3e-05	23	4	8	12	12	20	22	10	15	20	24	8	6	17	8	13	8	28	16	26	4	19	22	14	18	11	16	13	23	9	28	8	11	14	8	18	5	8	7	16	29	27	21	12	7	13	16	15	10	17	vert.coiii	tw0	TBR	0.1	vert.coiii.tw0	vert.coiii.tw0.conv_TBR_0.100000.tsv	89.58	6.060893098782138
1000000	50	0.999993	0.0	7e-06	0.0	0.988368	0.0	1.0	7.34	0.364339	0.976932	3.3e-05	11	8	6	6	10	7	7	7	5	10	8	14	4	6	7	7	8	5	8	7	13	9	5	9	5	7	7	4	7	10	8	10	8	11	13	7	8	4	3	4	6	4	12	6	6	6	5	6	9	4	vert.coiii	tw0	TBR	0.2	vert.coiii.tw0	vert.coiii.tw0.conv_TBR_0.200000.tsv	89.58	12.204359673024523
1000000	50	0.999994	0.0	6e-06	0.0	0.988368	0.0	1.0	5.92	0.233588	0.976867	2.7e-05	5	10	4	9	6	6	4	6	4	6	6	8	7	3	4	5	5	4	8	5	6	6	6	6	5	5	7	5	5	6	6	5	5	5	8	4	5	5	6	8	9	7	11	5	5	7	4	7	5	7	vert.coiii	tw0	TBR	0.3	vert.coiii.tw0	vert.coiii.tw0.conv_TBR_0.300000.tsv	89.58	15.131756756756756
1000000	50	0.999995	0.0	5e-06	0.0	0.988368	0.0	1.0	5.3	0.225425	0.976909	2.2e-05	8	9	5	6	4	5	5	7	8	6	7	3	3	4	6	3	7	6	5	6	5	4	5	5	6	3	5	4	7	4	3	6	5	8	5	8	3	3	4	7	5	6	5	5	8	5	3	5	6	4	vert.coiii	tw0	TBR	0.4	vert.coiii.tw0	vert.coiii.tw0.conv_TBR_0.400000.tsv	89.58	16.90188679245283
1000000	50	0.999995	0.0	5e-06	0.0	0.988368	0.0	1.0	3696.22	3674.167759	0.973306	0.003592	7	6	3	5	5	183729	5	8	5	8	4	4	4	6	4	5	3	739	5	5	4	13	5	4	69	6	4	7	4	4	5	5	5	3	23	4	4	16	7	4	4	4	5	5	5	5	6	7	5	9	vert.coiii	tw0	TBR	0.5	vert.coiii.tw0	vert.coiii.tw0.conv_TBR_0.500000.tsv	89.58	0.024235570393537183
1000000	50	0.999958	3e-06	4.2e-05	3e-06	0.988368	0.0	1.0	210.28	18.484324	0.976729	0.000175	244	129	43	202	310	170	133	137	189	157	161	178	264	107	101	471	749	319	258	118	205	196	228	127	110	238	449	318	128	328	154	151	161	269	99	204	129	617	94	240	77	253	182	168	189	107	213	122	155	163	vert.coiii	tw0	rTBR	0.0	vert.coiii.tw0	vert.coiii.tw0.conv_rTBR_0.000000.tsv	89.58	0.4260034240060871
1000000	50	0.999976	1e-06	2.4e-05	1e-06	0.988368	0.0	1.0	77.12	7.185112	0.976801	0.000144	101	88	158	85	48	22	302	62	84	37	53	118	59	31	31	25	94	107	115	28	51	160	131	148	122	50	30	62	108	20	28	44	92	50	80	32	93	47	46	75	111	55	91	84	162	40	25	71	45	55	vert.coiii	tw0	rTBR	0.02	vert.coiii.tw0	vert.coiii.tw0.conv_rTBR_0.020000.tsv	89.58	1.1615663900414936
1000000	50	0.999984	1e-06	1.6e-05	1e-06	0.988368	0.0	1.0	35.14	2.603296	0.976944	9.2e-05	47	46	40	96	38	44	34	25	84	25	25	40	20	51	19	26	42	47	28	22	17	38	31	28	81	38	24	38	17	4	25	41	10	25	32	64	22	30	24	18	41	39	20	65	40	15	29	32	53	17	vert.coiii	tw0	rTBR	0.05	vert.coiii.tw0	vert.coiii.tw0.conv_rTBR_0.050000.tsv	89.58	2.5492316448491747
1000000	50	0.999987	1e-06	1.3e-05	1e-06	0.988368	0.0	1.0	27.9	1.997601	0.976865	7.5e-05	38	29	25	11	16	38	27	43	44	11	11	17	28	50	6	17	33	38	40	40	16	50	16	15	21	53	22	15	32	53	11	18	18	32	25	71	48	17	28	45	24	21	15	12	14	21	36	28	31	25	vert.coiii	tw0	rTBR	0.1	vert.coiii.tw0	vert.coiii.tw0.conv_rTBR_0.100000.tsv	89.58	3.210752688172043
1000000	50	0.999991	0.0	9e-06	0.0	0.988368	0.0	1.0	21.82	1.299196	0.976963	5.9e-05	43	23	21	26	16	11	26	6	31	13	20	29	30	23	17	15	25	49	13	26	21	15	18	12	30	15	26	39	19	13	32	12	23	14	19	14	26	30	17	16	31	41	23	15	33	10	16	14	17	17	vert.coiii	tw0	rTBR	0.2	vert.coiii.tw0	vert.coiii.tw0.conv_rTBR_0.200000.tsv	89.58	4.1054078826764435
1000000	50	0.99999	0.0	1e-05	0.0	0.988368	0.0	1.0	19.88	1.111586	0.97682	4.6e-05	18	23	17	14	28	14	23	11	21	29	35	16	20	24	7	23	12	16	20	19	20	37	22	19	15	19	30	23	15	20	15	8	28	31	28	14	45	22	21	21	23	15	19	11	25	7	6	16	20	9	vert.coiii	tw0	rTBR	0.3	vert.coiii.tw0	vert.coiii.tw0.conv_rTBR_0.300000.tsv	89.58	4.506036217303823
1000000	50	0.99999	1e-06	1e-05	1e-06	0.988368	0.0	1.0	20.74	1.392343	0.976875	5.6e-05	14	13	28	7	45	6	19	20	23	51	15	24	22	17	19	17	30	26	33	20	24	12	14	20	8	23	17	14	14	28	11	33	18	18	13	16	31	8	15	15	10	20	47	16	15	15	29	30	21	33	vert.coiii	tw0	rTBR	0.4	vert.coiii.tw0	vert.coiii.tw0.conv_rTBR_0.400000.tsv	89.58	4.319189971070395
1000000	50	0.999989	1e-06	1.1e-05	1e-06	0.988368	0.0	1.0	20.1	1.132543	0.977035	5.1e-05	28	38	29	15	11	20	22	26	13	23	20	14	30	21	22	15	22	31	10	12	17	16	19	15	27	9	14	6	11	22	38	20	13	23	37	12	14	13	26	31	12	26	13	34	11	16	17	26	22	23	vert.coiii	tw0	rTBR	0.5	vert.coiii.tw0	vert.coiii.tw0.conv_rTBR_0.500000.tsv	89.58	4.456716417910448
1000000	50	0.999975	1e-06	2.5e-05	1e-06	0.963732	0.0	1.0	1879.64	518.301857	0.472634	0.001321	61	144	114	61	43	53	54	178	65	102	81	41	51	56	90	63	95	51	58	37	71	77	75	42	101	55	103	51	82	38	95	44	64	70	34	59	72	56	96	72	85	88	70	79	52	71	77	38	141	16047	vert.coiii	tw2	MC3_NNI	0.0	vert.coiii.tw2	vert.coiii.tw2.conv_mc3_NNI_0.000000.tsv	328564.282609	174.80170809782723
1000000	50	0.999978	1e-06	2.2e-05	1e-06	0.963732	0.0	1.0	1307.7	480.616873	0.47575	0.001218	36	53	51	39	24	66	38	48	79	71	58	72	51	34	25	87	31	69	68	44	43	51	63	171	58	47	43	72	54	40	138	55	29	120	197	28	40	94	78	38	88	86	39	31	27	42	62	189	31	55	vert.coiii	tw2	MC3_NNI	0.02	vert.coiii.tw2	vert.coiii.tw2.conv_mc3_NNI_0.020000.tsv	328564.282609	251.25356168004893
1000000	50	0.999979	1e-06	2.1e-05	1e-06	0.963732	0.0	1.0	529.12	352.594726	0.472255	0.001236	41	49	36	26	23	37	17	39	42	21	43	34	54	27	85	41	21	41	35	104	55	32	32	31	30	20	56	69	27	594	51	31	27	42	41	46	48	27	14	43	64	31	25	51	61	35	47	45	56	51	vert.coiii	tw2	MC3_NNI	0.05	vert.coiii.tw2	vert.coiii.tw2.conv_mc3_NNI_0.050000.tsv	328564.282609	620.9636426689598
1000000	50	0.999982	1e-06	1.8e-05	1e-06	0.963732	0.0	1.0	540.96	257.969068	0.473851	0.001054	13	601	44	19	29	26	36	24	18	26	24	17	29	24	50	20	38	12	13	15	22	19	11	25	18	36	50	26	44	42	11	22	20	43	13	84	15	26	42	15	23	24	52	25	32	24	128	12	21	16	vert.coiii	tw2	MC3_NNI	0.1	vert.coiii.tw2	vert.coiii.tw2.conv_mc3_NNI_0.100000.tsv	328564.282609	607.3726016877403
1000000	50	0.999985	0.0	1.5e-05	0.0	0.963732	0.0	1.0	563.94	175.89245	0.474053	0.000904	10	46	43	14	18	32	13	30	17	10	14	20	14	10	13	8	14	15	10	7	27	28	18	18	9	16	23	14	34	26	16	29	18	10	35	7	15	15	16	12	20	15	10	18	20	14	37	17	13	35	vert.coiii	tw2	MC3_NNI	0.2	vert.coiii.tw2	vert.coiii.tw2.conv_mc3_NNI_0.200000.tsv	328564.282609	582.6227659130403
1000000	50	0.999985	0.0	1.5e-05	0.0	0.963732	0.0	1.0	387.34	197.948855	0.475627	0.000784	16	14	25	16	9	8	8	9	13	301	47	24	9	5	23	20	7	116	21	13	14	10	88	18	23	10	41	7	1036	16	25	6	67	17	51	42	18	15	23	12	24	52	124	32	45	27	17	23	18	17	vert.coiii	tw2	MC3_NNI	0.3	vert.coiii.tw2	vert.coiii.tw2.conv_mc3_NNI_0.300000.tsv	328564.282609	848.2580745830537
1000000	50	0.999985	0.0	1.5e-05	0.0	0.963732	0.0	1.0	1308.7	457.854469	0.477074	0.001004	269	24	592	11	15	61	15	55	103	167	178	17	9	183	76	46	748	8	16	49	10	38	421	47	16	199	180	68	71	174	49	14	16	391	11	31	67	40	12	29	371	75	5775	58	36	13	121	6	58	20	vert.coiii	tw2	MC3_NNI	0.4	vert.coiii.tw2	vert.coiii.tw2.conv_mc3_NNI_0.400000.tsv	328564.282609	251.0615745464965
1000000	50	0.999986	0.0	1.4e-05	0.0	0.963732	0.0	1.0	4292.84	1038.250729	0.476666	0.001629	15	742	33	916	10635	461	83	860	13	599	16	322	18	594	644	151	1049	77	9	891	130	130	31	26	2489	38	129	3439	898	549	557	132	185	532	24	31	241	1387	16	9374	104	276	206	4077	78	1168	29	6	109	52	vert.coiii	tw2	MC3_NNI	0.5	vert.coiii.tw2	vert.coiii.tw2.conv_mc3_NNI_0.500000.tsv	328564.282609	76.53774252219975
1000000	50	0.975448	0.011842	0.024552	0.011842	0.939638	0.011673	0.92	328564.282609	37694.663069	0.482367	0.007986	423434	95	140	88579	260078	169113	123	55	16486	266907	63285	69	313	47	52	101	103	77	50	183	140	68	72	229231	268145	114	420324	33782	50368	565111	228	169	150221	427934	62441	185320	214842	151	75354	81	89	234391	107	66	6893	122	105	108	773720	66	vert.coiii	tw2	NNI	0.0	vert.coiii.tw2	vert.coiii.tw2.conv_NNI_0.000000.tsv	328564.282609	1.0
1000000	50	0.929352	0.023637	0.070648	0.023637	0.895065	0.022832	0.82	321645.04878	43048.118568	0.472001	0.009004	81	96	56578	274986	28	248	-1	978542	116	62207	230295	143	27	61	109343	42	106306	25103	286028	79	87	52	301799	215	358950	51	116	85	191150	78	297411	11197	105	40	52	481822	77	116	101	25	225	94741	60152	69	-1	83	98115	53	183460	38381	vert.coiii	tw2	NNI	0.02	vert.coiii.tw2	vert.coiii.tw2.conv_NNI_0.020000.tsv	328564.282609	1.0215120172228507
1000000	50	0.987705	0.00856	0.012295	0.00856	0.951685	0.008431	0.96	244478.458333	28621.485918	0.471114	0.006738	28498	55559	186734	38	344135	153	45	183317	136428	24	27	56526	12	72	196473	119363	291302	106387	25	22	85	77	44	137676	60	604882	36	1366	16	22515	57	32	190480	89	20	203250	259326	130935	259857	51	306217	161	378112	32	24	270	42272	22112	137	47	vert.coiii	tw2	NNI	0.05	vert.coiii.tw2	vert.coiii.tw2.conv_NNI_0.050000.tsv	328564.282609	1.3439396045334517
1000000	50	0.993851	0.006116	0.006149	0.006116	0.957709	0.006024	0.98	203882.632653	28879.895412	0.477917	0.005423	28	100726	52	56	47	21	357	114205	122560	181804	9984	146981	17	156634	135	94	44	162599	51105	238814	606	22	58910	24	2363	108793	51628	18	18	22	17	37	35	32	12	34	60	10	41098	24	75	21	144533	115089	11	197935	17	17	17	14	vert.coiii	tw2	NNI	0.1	vert.coiii.tw2	vert.coiii.tw2.conv_NNI_0.100000.tsv	328564.282609	1.6115363939222969
1000000	50	0.999979	1e-06	2.1e-05	1e-06	0.963732	0.0	1.0	170570.34	23695.826673	0.479312	0.005223	156010	295	17	58645	11244	167253	425743	26	19	24	74692	18	41	121207	39518	122	46	32918	8	8	10	7487	126	175350	70136	120482	110453	135526	19	37568	39	103	9	34	189460	43	43525	15	53	14	61	22	87744	33	29	79504	51	41	43	116129	vert.coiii	tw2	NNI	0.2	vert.coiii.tw2	vert.coiii.tw2.conv_NNI_0.200000.tsv	328564.282609	1.9262685564735347
1000000	50	0.999982	1e-06	1.8e-05	1e-06	0.963732	0.0	1.0	178763.2	26813.876327	0.473179	0.006364	401127	220617	116	33995	166	55	85	101428	11	122946	45	31	18	83	31021	33	27	14	57	11	11	12863	39	5867	54803	137348	51	23	231721	11	78	17725	110488	51	20	18	96936	366798	28	9	70	20	30376	189812	323847	9	9	32347	86106	16	vert.coiii	tw2	NNI	0.3	vert.coiii.tw2	vert.coiii.tw2.conv_NNI_0.300000.tsv	328564.282609	1.8379861325429392
1000000	50	0.981621	0.010375	0.018379	0.010375	0.945661	0.010218	0.94	240442.234043	33970.219342	0.477541	0.008052	78	172506	246226	28	39571	131	15736	258	13	8	76292	16219	11	274505	151184	278752	257251	70	266	157	7	9	18	195	97093	144112	29	271330	59	19	65	87361	14	1060	9	18	63	13	57	40	134851	171727	481433	66	82	25	126689	94	53666	28402	vert.coiii	tw2	NNI	0.4	vert.coiii.tw2	vert.coiii.tw2.conv_NNI_0.400000.tsv	328564.282609	1.3664998743533572
1000000	50	0.91104	0.024772	0.08896	0.024772	0.876994	0.02398	0.76	391337.184211	39338.731992	0.462846	0.011171	33	262	462	300190	60	3721	551	233	206	680840	192440	462946	236	302994	509	356258	1051	543382	234601	42080	438	1478	1048	-1	297235	305550	408692	74	888	551	597	2743	328655	607818	44	291	4	829	-1	3163	267927	860	10	17	220	394	818097	98010	514	1084	vert.coiii	tw2	NNI	0.5	vert.coiii.tw2	vert.coiii.tw2.conv_NNI_0.500000.tsv	328564.282609	0.839593823090028
1000000	50	0.999862	6e-06	0.000138	6e-06	0.963732	0.0	1.0	59693.54	11529.960335	0.475994	0.003303	16745	45	279	40435	222	116150	136	174	298	127	445	218	182	1197	33	33377	114	161	476	131	16703	98	87	120	13776	213	83	7598	17551	22144	2992	116	83	479	219	185	160	93	240	53379	97	158	171	2449	309	7516	288	386	240	240	vert.coiii	tw2	NNI2	0.0	vert.coiii.tw2	vert.coiii.tw2.conv_NNI2_0.000000.tsv	328564.282609	5.504184918652839
1000000	50	0.999907	4e-06	9.3e-05	4e-06	0.963732	0.0	1.0	41355.76	6297.550484	0.4723	0.00266	122	47240	37264	181	76	362	9496	61982	94	58	10013	113	71	87	73	107	35	66	135	317	63	218	70	86	5513	22581	156	8668	19681	38	109	512	206	97	24279	160	69	38277	25	29	168	497	7929	122	106	51	31560	15474	72	295	vert.coiii	tw2	NNI2	0.02	vert.coiii.tw2	vert.coiii.tw2.conv_NNI2_0.020000.tsv	328564.282609	7.944825161210916
1000000	50	0.999943	2e-06	5.7e-05	2e-06	0.963732	0.0	1.0	39130.82	6377.36453	0.476093	0.002478	183	34	50	33189	90	65832	103	313	147	14	21	86	36	40183	105	1421	115	80	46	96702	192	2787	43	32465	59	2602	13912	48122	57847	146	110	1687	13	150	101	1268	98	27	4508	34	171	15	133	41620	64	66	87	23342	25359	63	vert.coiii	tw2	NNI2	0.05	vert.coiii.tw2	vert.coiii.tw2.conv_NNI2_0.050000.tsv	328564.282609	8.396560118315946
1000000	50	0.999967	1e-06	3.3e-05	1e-06	0.963732	0.0	1.0	16559.76	2470.529297	0.474267	0.001783	7994	21973	21	43	19	2393	41	26090	12857	24	3709	8647	20	8	18	14	18245	29	69	22079	14	25272	26	9336	23	13	15316	6237	21	4674	8	1474	13	35	62	2198	43	38	20	24	2465	16	29	48	4304	86	46	518	34	34469	vert.coiii	tw2	NNI2	0.1	vert.coiii.tw2	vert.coiii.tw2.conv_NNI2_0.100000.tsv	328564.282609	19.84112587434842
1000000	50	0.999981	1e-06	1.9e-05	1e-06	0.963732	0.0	1.0	7510.3	1098.917934	0.472819	0.001513	149	13	9	17	1092	663	13496	2539	13	40	272	470	7306	3440	11	2268	156	4	7	17	10	15	11213	6149	9	13	20	12478	4155	15	13	9	1620	6	14	17	10	7	4	672	13	5008	24	15	1997	11	11758	26	11	12	vert.coiii	tw2	NNI2	0.2	vert.coiii.tw2	vert.coiii.tw2.conv_NNI2_0.200000.tsv	328564.282609	43.748489755269425
1000000	50	0.999984	0.0	1.6e-05	0.0	0.963732	0.0	1.0	3965.88	676.07435	0.475108	0.00092	5	3370	19	8	10	24	15	454	2363	15	10	2033	3721	8	4770	1151	6	978	6	13	14	158	404	8	11	5	1920	316	4	832	5	3256	8	4	17	7	12	4	1544	56	186	7	1633	15	17	19	4	8	728	10	vert.coiii	tw2	NNI2	0.3	vert.coiii.tw2	vert.coiii.tw2.conv_NNI2_0.300000.tsv	328564.282609	82.84776206264435
1000000	50	0.999985	0.0	1.5e-05	0.0	0.963732	0.0	1.0	6601.78	875.406097	0.474112	0.001042	12	8	16	6	3424	10	9	7	10	8	6	13	955	307	8	2537	9232	85	7	25	21	5	6	8	1863	2590	4	6	6969	334	27	1484	4726	8606	7	7	8006	7583	5	5	472	6	4549	5	812	906	6	8	5	6	vert.coiii	tw2	NNI2	0.4	vert.coiii.tw2	vert.coiii.tw2.conv_NNI2_0.400000.tsv	328564.282609	49.76904450148293
1000000	50	0.999986	0.0	1.4e-05	0.0	0.963732	0.0	1.0	6976.2	1249.968263	0.475456	0.001248	1530	4530	3202	108	4893	4	4	6940	4480	6	6931	5	515	3605	2218	32	10	59	6	904	1854	6	2790	1084	734	40	49	8159	3492	8	9118	4	2895	12294	14238	691	5	7	637	296	5	75	6	1060	6	169	1316	5	8088	2068	vert.coiii	tw2	NNI2	0.5	vert.coiii.tw2	vert.coiii.tw2.conv_NNI2_0.500000.tsv	328564.282609	47.09788747584645
1000000	50	0.999766	1.2e-05	0.000234	1.2e-05	0.963732	0.0	1.0	3543.8	560.239625	0.475713	0.001106	1698	178	622	77	132	184	3163	267	597	247	152	1804	3700	89	95	190	1979	679	2153	184	4612	244	1110	266	412	124	197	1261	122	1350	1359	285	68	37	528	74	2084	3074	846	234	3774	3126	872	3404	3195	546	115	95	109	4296	vert.coiii	tw2	TBR	0.0	vert.coiii.tw2	vert.coiii.tw2.conv_TBR_0.000000.tsv	328564.282609	92.71524426011625
1000000	50	0.999882	5e-06	0.000118	5e-06	0.963732	0.0	1.0	2261.92	307.879654	0.474442	0.000869	200	175	2983	1475	88	19	99	1911	711	118	118	145	1342	46	77	2118	185	2346	33	155	59	99	1069	65	107	105	800	136	83	54	131	516	270	144	50	99	181	906	166	38	249	131	35	966	125	18	328	50	50	2209	vert.coiii	tw2	TBR	0.02	vert.coiii.tw2	vert.coiii.tw2.conv_TBR_0.020000.tsv	328564.282609	145.25902004005445
1000000	50	0.999926	2e-06	7.4e-05	2e-06	0.963732	0.0	1.0	1422.58	230.969027	0.475187	0.000597	407	750	1966	62	51	255	56	56	30	48	120	43	1083	1585	126	63	879	44	91	546	38	76	59	43	498	42	464	53	29	64	175	56	107	22	2193	63	29	2567	27	526	222	36	43	873	38	33	28	65	85	119	vert.coiii	tw2	TBR	0.05	vert.coiii.tw2	vert.coiii.tw2.conv_TBR_0.050000.tsv	328564.282609	230.96365941388183
1000000	50	0.999959	2e-06	4.1e-05	2e-06	0.963732	0.0	1.0	698.28	125.017024	0.475084	0.000504	23	33	18	19	1146	196	11	41	13	94	210	22	23	419	115	562	50	768	1176	9	33	18	16	433	28	47	129	1360	794	33	1189	13	13	8	13	156	8	14	70	14	244	24	22	27	126	27	409	662	21	11	vert.coiii	tw2	TBR	0.1	vert.coiii.tw2	vert.coiii.tw2.conv_TBR_0.100000.tsv	328564.282609	470.5337151414905
1000000	50	0.999976	1e-06	2.4e-05	1e-06	0.963732	0.0	1.0	471.44	67.932747	0.474568	0.000298	8	7	13	9	14	45	235	4	478	9	11	178	278	13	5	198	3	99	140	14	45	106	75	8	13	18	290	120	571	11	16	7	10	14	18	38	5	8	9	6	614	10	131	53	108	208	18	7	5	7	vert.coiii	tw2	TBR	0.2	vert.coiii.tw2	vert.coiii.tw2.conv_TBR_0.200000.tsv	328564.282609	696.9376434095536
1000000	50	0.999982	1e-06	1.8e-05	1e-06	0.963732	0.0	1.0	255.96	41.266777	0.475042	0.000281	10	4	266	14	6	5	5	10	34	245	523	7	137	4	470	4	8	4	5	6	134	6	5	3	23	5	7	5	6	5	8	9	5	164	4	4	10	64	6	32	5	8	141	9	67	10	4	119	5	27	vert.coiii	tw2	TBR	0.3	vert.coiii.tw2	vert.coiii.tw2.conv_TBR_0.300000.tsv	328564.282609	1283.6548000039068
1000000	50	0.999984	0.0	1.6e-05	0.0	0.963732	0.0	1.0	253.32	35.859595	0.474346	0.000192	7	5	4	6	246	7	5	7	4	6	4	4	5	4	3	111	6	617	227	9	249	97	4	6	4	10	78	5	5	6	5	5	4	192	76	240	85	77	14	214	3	6	5	4	8	5	8	3	255	594	vert.coiii	tw2	TBR	0.4	vert.coiii.tw2	vert.coiii.tw2.conv_TBR_0.400000.tsv	328564.282609	1297.0325383270172
1000000	50	0.999984	0.0	1.6e-05	0.0	0.963732	0.0	1.0	207.12	29.768023	0.474907	0.000216	274	43	6	7	5	11	20	8	27	5	6	7	5	5	4	5	5	87	4	35	39	3	105	3	19	4	6	5	18	7	3	5	58	5	289	4	5	104	412	165	4	4	7	13	8	4	25	6	51	234	vert.coiii	tw2	TBR	0.5	vert.coiii.tw2	vert.coiii.tw2.conv_TBR_0.500000.tsv	328564.282609	1586.347444037273
1000000	50	0.999753	1.4e-05	0.000247	1.4e-05	0.963732	0.0	1.0	4494.8	567.238548	0.469693	0.001049	222	215	5794	144	582	5844	501	160	207	357	156	121	196	191	2557	263	120	179	129	197	112	360	170	238	2456	365	502	372	305	302	123	191	1904	6870	200	187	138	162	263	68	227	84	1655	1385	170	5032	1170	7484	1019	246	vert.coiii	tw2	rTBR	0.0	vert.coiii.tw2	vert.coiii.tw2.conv_rTBR_0.000000.tsv	328564.282609	73.09875469631574
1000000	50	0.999853	7e-06	0.000147	7e-06	0.963732	0.0	1.0	3239.92	425.690861	0.470735	0.000855	1276	139	134	2633	48	41	205	208	31	624	76	123	50	104	5057	30	43	36	70	138	186	107	2226	102	6928	2673	101	1650	1850	69	1772	857	48	4973	47	89	1151	69	197	146	53	51	108	73	218	61	171	81	78	313	vert.coiii	tw2	rTBR	0.02	vert.coiii.tw2	vert.coiii.tw2.conv_rTBR_0.020000.tsv	328564.282609	101.41123318137484
1000000	50	0.999909	3e-06	9.1e-05	3e-06	0.963732	0.0	1.0	1819.6	249.930532	0.470251	0.000657	53	55	185	120	173	19	68	12	19	52	59	22	99	869	663	50	28	388	64	33	71	47	302	28	554	108	69	13	91	27	111	37	97	135	149	93	120	4218	29	175	80	2598	3068	53	10	3718	27	37	87	20	vert.coiii	tw2	rTBR	0.05	vert.coiii.tw2	vert.coiii.tw2.conv_rTBR_0.050000.tsv	328564.282609	180.56951121620136
1000000	50	0.999944	2e-06	5.6e-05	2e-06	0.963732	0.0	1.0	1205.36	164.545416	0.47082	0.000453	16	12	18	28	1822	17	63	12	169	114	33	1119	16	22	27	639	489	1014	37	18	23	216	36	35	34	316	26	21	14	30	1280	343	1156	30	15	391	23	94	38	720	349	40	42	243	40	69	82	39	129	33	vert.coiii	tw2	rTBR	0.1	vert.coiii.tw2	vert.coiii.tw2.conv_rTBR_0.100000.tsv	328564.282609	272.5860179606093
1000000	50	0.999961	1e-06	3.9e-05	1e-06	0.963732	0.0	1.0	670.52	94.414446	0.469818	0.000434	32	12	36	188	64	44	36	179	11	19	25	40	33	800	2030	120	523	46	27	88	15	403	36	11	218	124	349	548	120	13	12	760	528	39	5	598	18	235	577	12	308	470	438	9	44	457	330	36	15	163	vert.coiii	tw2	rTBR	0.2	vert.coiii.tw2	vert.coiii.tw2.conv_rTBR_0.200000.tsv	328564.282609	490.01414217174727
1000000	50	0.999966	1e-06	3.4e-05	1e-06	0.963732	0.0	1.0	702.34	91.397877	0.47116	0.000312	524	115	19	27	17	15	522	8	190	472	543	26	21	878	179	7	116	713	12	17	928	9	24	18	16	275	28	675	9	20	26	465	13	922	12	450	13	101	40	28	14	18	19	18	56	28	285	46	13	516	vert.coiii	tw2	rTBR	0.3	vert.coiii.tw2	vert.coiii.tw2.conv_rTBR_0.300000.tsv	328564.282609	467.8137121750149
1000000	50	0.999964	1e-06	3.6e-05	1e-06	0.963732	0.0	1.0	559.48	84.290311	0.470404	0.000373	27	44	408	20	19	421	44	508	364	100	12	17	18	23	529	27	27	152	27	14	18	9	272	16	78	41	16	13	17	12	265	136	376	1019	304	13	53	35	170	417	5	22	10	52	16	15	8	15	213	9	vert.coiii	tw2	rTBR	0.4	vert.coiii.tw2	vert.coiii.tw2.conv_rTBR_0.400000.tsv	328564.282609	587.2672528222635
1000000	50	0.999964	1e-06	3.6e-05	1e-06	0.963732	0.0	1.0	574.06	79.616599	0.470628	0.000334	13	456	855	27	13	21	1033	22	8	9	93	22	23	414	29	45	513	22	98	32	12	30	25	44	149	42	770	49	23	118	33	125	140	57	610	17	18	203	191	48	306	22	22	19	264	122	19	23	9	20	vert.coiii	tw2	rTBR	0.5	vert.coiii.tw2	vert.coiii.tw2.conv_rTBR_0.500000.tsv	328564.282609	572.351814460161
1000000	50	0.999999	0.0	1e-06	0.0	0.952471	0.0	1.0	76.06	3.25569	0.455245	2.6e-05	59	57	44	116	67	76	105	66	60	75	21	85	67	66	106	53	33	62	42	53	48	93	89	48	60	68	56	48	60	66	74	96	54	71	61	42	73	47	33	80	52	97	64	78	82	63	75	48	57	68	vert.nd1	tw0	MC3_NNI	0.0	vert.nd1.tw0	vert.nd1.tw0.conv_mc3_NNI_0.000000.tsv	106.96	1.4062582171969495
1000000	50	0.999999	0.0	1e-06	0.0	0.952471	0.0	1.0	35.78	1.481392	0.455242	2.8e-05	22	34	36	23	17	43	30	29	17	37	29	48	25	31	22	39	17	44	31	31	25	44	16	27	33	30	24	14	32	35	31	20	43	13	24	24	21	30	38	45	25	24	27	24	21	37	45	21	43	31	vert.nd1	tw0	MC3_NNI	0.02	vert.nd1.tw0	vert.nd1.tw0.conv_mc3_NNI_0.020000.tsv	106.96	2.989379541643376
1000000	50	0.999999	0.0	1e-06	0.0	0.952471	0.0	1.0	22.72	0.853344	0.455269	2.3e-05	22	28	20	17	19	13	17	26	23	24	23	12	26	16	19	16	19	19	15	15	11	19	14	21	12	17	14	17	34	18	19	20	13	13	16	12	20	17	23	16	18	16	13	15	11	20	13	25	19	17	vert.nd1	tw0	MC3_NNI	0.05	vert.nd1.tw0	vert.nd1.tw0.conv_mc3_NNI_0.050000.tsv	106.96	4.707746478873239
1000000	50	0.999999	0.0	1e-06	0.0	0.952471	0.0	1.0	16.72	0.883888	0.455317	2e-05	11	11	22	10	12	8	16	10	12	7	10	20	20	8	16	18	15	11	23	10	15	13	9	14	15	10	15	8	14	13	8	13	15	14	12	7	14	15	11	9	13	14	10	14	13	22	7	9	14	14	vert.nd1	tw0	MC3_NNI	0.1	vert.nd1.tw0	vert.nd1.tw0.conv_mc3_NNI_0.100000.tsv	106.96	6.3971291866028706
1000000	50	0.999999	0.0	1e-06	0.0	0.952471	0.0	1.0	19.46	2.143278	0.455254	1.4e-05	14	14	13	9	12	10	9	12	10	12	79	11	10	24	10	10	15	10	12	11	12	10	75	18	11	13	11	7	13	7	10	35	36	15	48	12	15	22	17	45	7	17	12	22	8	11	10	7	17	8	vert.nd1	tw0	MC3_NNI	0.2	vert.nd1.tw0	vert.nd1.tw0.conv_mc3_NNI_0.200000.tsv	106.96	5.496402877697841
1000000	50	0.979999	0.02	0.020001	0.02	0.933422	0.019049	0.98	52073.857143	19725.838256	0.422942	0.012326	4051	18974	22	7	10	8	36	7	14	6	10	39325	24	104	6	6769	379947	1743	9	11	53391	489	2713	1626	23	112	167	49	73	8	667092	75	47326	14	5648	28	9	222877	-1	287	2341	198309	10	159922	35	111157	59800	240	566616	29	vert.nd1	tw0	MC3_NNI	0.3	vert.nd1.tw0	vert.nd1.tw0.conv_mc3_NNI_0.300000.tsv	106.96	0.0020540057116621335
1000000	50	0.499999	0.071428	0.500001	0.071428	0.476236	0.068034	0.5	154819.72	52123.834238	0.192395	0.029889	6	-1	26250	-1	31607	65858	-1	38279	-1	1641	-1	-1	474	-1	-1	-1	-1	-1	-1	416	52	-1	25908	-1	1929	-1	707236	598	645827	368557	124	-1	-1	96	-1	-1	-1	607	800655	10	-1	-1	-1	284053	250601	271	619308	95	-1	-1	vert.nd1	tw0	MC3_NNI	0.4	vert.nd1.tw0	vert.nd1.tw0.conv_mc3_NNI_0.400000.tsv	106.96	0.0006908680625439704
1000000	50	0.22	0.059178	0.78	0.059178	0.209544	0.056365	0.22	130573.636364	51914.209984	0.087081	0.023953	1068	22795	-1	-1	-1	-1	-1	48886	-1	-1	-1	-1	-1	-1	-1	45305	-1	-1	1331	-1	-1	-1	-1	-1	-1	-1	-1	5052	375526	168970	-1	-1	-1	-1	-1	-1	-1	-1	-1	-1	-1	-1	7	297021	-1	470339	-1	-1	-1	-1	vert.nd1	tw0	MC3_NNI	0.5	vert.nd1.tw0	vert.nd1.tw0.conv_mc3_NNI_0.500000.tsv	106.96	0.0008191546393165286
1000000	50	0.999998	0.0	2e-06	0.0	0.952471	0.0	1.0	106.96	5.093169	0.455234	6.4e-05	62	52	44	60	104	119	129	125	44	141	128	105	146	56	121	82	99	86	61	64	109	105	106	52	79	97	62	88	68	131	135	88	49	49	72	117	74	111	154	116	164	108	80	77	127	42	64	121	25	121	vert.nd1	tw0	NNI	0.0	vert.nd1.tw0	vert.nd1.tw0.conv_NNI_0.000000.tsv	106.96	1.0
1000000	50	0.999998	0.0	2e-06	0.0	0.952471	0.0	1.0	48.28	2.397625	0.455338	5e-05	47	33	42	30	22	72	31	57	19	40	35	65	26	37	49	25	63	26	13	53	37	60	34	48	52	21	28	51	30	36	38	35	59	57	35	56	22	36	24	31	70	25	18	47	50	77	35	57	25	58	vert.nd1	tw0	NNI	0.02	vert.nd1.tw0	vert.nd1.tw0.conv_NNI_0.020000.tsv	106.96	2.2154101077050536
1000000	50	0.999999	0.0	1e-06	0.0	0.952471	0.0	1.0	32.02	1.840694	0.455301	4e-05	12	27	35	33	33	15	28	15	37	13	40	18	21	24	14	23	23	32	19	16	27	36	43	28	60	38	35	24	17	12	28	25	19	27	16	19	63	24	19	25	33	28	27	17	17	35	20	24	8	21	vert.nd1	tw0	NNI	0.05	vert.nd1.tw0	vert.nd1.tw0.conv_NNI_0.050000.tsv	106.96	3.3404122423485316
1000000	50	0.999999	0.0	1e-06	0.0	0.952471	0.0	1.0	30.54	5.639526	0.455233	2.7e-05	22	7	17	17	17	17	16	17	14	26	25	9	13	189	15	20	16	13	19	24	13	45	16	10	238	18	17	17	27	23	17	14	12	32	15	12	13	18	13	13	15	15	18	20	18	15	18	18	22	15	vert.nd1	tw0	NNI	0.1	vert.nd1.tw0	vert.nd1.tw0.conv_NNI_0.100000.tsv	106.96	3.502292075965946
1000000	50	0.999999	0.0	1e-06	0.0	0.952471	0.0	1.0	1127.52	526.372619	0.454765	0.000245	45	24	8	3689	28	7	14	45	16	61	9	8375	62	76	13	181	13	13	2251	17	14	13	15	8708	8	12	16	6	15	7	18	19	9	13	14	10	108	167	22508	5	8	17	16	10	8342	1075	11	12	19	133	vert.nd1	tw0	NNI	0.2	vert.nd1.tw0	vert.nd1.tw0.conv_NNI_0.200000.tsv	106.96	0.09486306229601249
1000000	50	0.759999	0.061012	0.240001	0.061012	0.723878	0.058112	0.76	155229.763158	38047.726865	0.292317	0.026887	-1	9	-1	714275	8309	13	311642	128732	-1	-1	-1	564288	180174	356	180975	-1	3631	-1	-1	50	-1	10	71992	6001	160844	733962	946	-1	22	12	10896	526716	232411	34998	1172	287957	59	10	2186	21	452870	58	738092	475	-1	95504	-1	2753	254	445981	vert.nd1	tw0	NNI	0.3	vert.nd1.tw0	vert.nd1.tw0.conv_NNI_0.300000.tsv	106.96	0.000689043117917607
1000000	50	0.22	0.059178	0.78	0.059178	0.209544	0.056365	0.22	198826.818182	104488.099627	0.080256	0.023826	49565	-1	254	-1	-1	-1	-1	-1	398	-1	53	-1	-1	-1	-1	-1	-1	-1	-1	763824	-1	-1	-1	-1	-1	983954	17965	-1	-1	-1	-1	-1	-1	454	-1	-1	103314	-1	-1	-1	1305	-1	-1	-1	-1	-1	-1	-1	-1	265986	vert.nd1	tw0	NNI	0.4	vert.nd1.tw0	vert.nd1.tw0.conv_NNI_0.400000.tsv	106.96	0.0005379555986360557
1000000	50	0.12	0.046423	0.88	0.046423	0.114297	0.044217	0.12	83231.333333	65770.887332	0.050084	0.019656	-1	-1	86674	-1	-1	-1	-1	-1	-1	61	-1	-1	-1	-1	-1	1173	-1	-1	-1	-1	-1	-1	-1	-1	-1	-1	-1	-1	-1	-1	-1	-1	6285	-1	-1	-1	-1	-1	-1	-1	-1	-1	-1	485	-1	-1	404703	-1	-1	-1	vert.nd1	tw0	NNI	0.5	vert.nd1.tw0	vert.nd1.tw0.conv_NNI_0.500000.tsv	106.96	0.0012850929537805676
1000000	50	0.999988	4e-06	1.2e-05	4e-06	0.952471	0.0	1.0	322.3	26.21989	0.455537	0.000121	47	111	248	541	96	778	136	213	129	560	128	114	808	271	299	131	203	457	159	106	282	192	111	314	160	181	172	214	179	72	116	88	443	80	47	165	107	45	109	346	447	274	235	460	649	176	167	77	210	99	vert.nd1	tw0	NNI2	0.0	vert.nd1.tw0	vert.nd1.tw0.conv_NNI2_0.000000.tsv	106.96	0.3318647223084083
1000000	50	0.999997	1e-06	3e-06	1e-06	0.952471	0.0	1.0	110.38	10.698956	0.455266	8.8e-05	58	18	56	258	70	36	22	18	25	69	137	40	80	85	26	115	85	82	20	72	68	72	172	136	133	33	42	53	175	66	80	27	344	41	75	16	58	19	81	63	52	117	58	50	94	32	16	85	127	32	vert.nd1	tw0	NNI2	0.02	vert.nd1.tw0	vert.nd1.tw0.conv_NNI2_0.020000.tsv	106.96	0.9690161261098025
1000000	50	0.999999	0.0	1e-06	0.0	0.952471	0.0	1.0	36.88	2.749492	0.455258	6e-05	19	28	10	24	13	26	60	10	29	44	16	28	13	22	27	22	62	44	17	35	58	23	17	27	8	12	9	22	17	19	6	19	81	12	23	67	14	14	6	56	16	20	18	33	14	29	10	11	4	11	vert.nd1	tw0	NNI2	0.05	vert.nd1.tw0	vert.nd1.tw0.conv_NNI2_0.050000.tsv	106.96	2.900216919739696
1000000	50	0.999999	0.0	1e-06	0.0	0.952471	0.0	1.0	17.48	1.30907	0.455265	3.3e-05	23	8	16	25	11	7	20	12	10	9	7	22	10	8	8	7	9	9	10	7	11	40	11	27	14	9	38	21	19	7	13	5	14	52	3	19	9	9	14	15	10	14	7	5	14	6	9	7	7	7	vert.nd1	tw0	NNI2	0.1	vert.nd1.tw0	vert.nd1.tw0.conv_NNI2_0.100000.tsv	106.96	6.118993135011441
1000000	50	0.999999	0.0	1e-06	0.0	0.952471	0.0	1.0	44.0	30.618122	0.455272	2.7e-05	6	17	12	5	11	5	6	6	11	7	5	9	8	6	5	8	4	8	12	10	1537	7	9	4	11	6	5	7	6	6	10	12	9	78	6	7	14	6	11	6	17	8	5	18	15	8	2	12	113	8	vert.nd1	tw0	NNI2	0.2	vert.nd1.tw0	vert.nd1.tw0.conv_NNI2_0.200000.tsv	106.96	2.4309090909090907
1000000	50	0.879999	0.046423	0.120001	0.046423	0.838175	0.044217	0.88	9323.272727	8343.365906	0.3969	0.021203	30	5	5	366560	-1	-1	16	6959	7	6	11	7	6	-1	-1	16	9	7	8	4	-1	5	7	9	12	6	10	16	96	7	9	15	4	8	7	5	5	11	5	5	2943	11	6	-1	7	4	6	8	31	33256	vert.nd1	tw0	NNI2	0.3	vert.nd1.tw0	vert.nd1.tw0.conv_NNI2_0.300000.tsv	106.96	0.011472366317274631
1000000	50	0.7	0.065465	0.3	0.065465	0.66673	0.062354	0.7	10492.285714	7061.83569	0.315366	0.029579	6	255	27	2383	7	42282	-1	16	9	-1	-1	5	-1	1041	7	7	26689	-1	7	-1	10	-1	81	24	8	7	2775	4	-1	6	11	-1	244050	9	4	26090	71	-1	-1	205	21010	6	4	72	-1	7	-1	6	-1	-1	vert.nd1	tw0	NNI2	0.4	vert.nd1.tw0	vert.nd1.tw0.conv_NNI2_0.400000.tsv	106.96	0.010194156251128562
1000000	50	0.36	0.068571	0.64	0.068571	0.34289	0.065312	0.36	56384.222222	31404.204393	0.154671	0.029891	-1	-1	-1	1251	7	-1	-1	-1	227196	-1	14196	4	4	5522	5	-1	-1	5	-1	5	3551	-1	79990	-1	4	-1	-1	-1	-1	-1	-1	8570	528528	4	-1	-1	-1	146054	-1	-1	-1	-1	-1	-1	-1	5	-1	-1	-1	-1	vert.nd1	tw0	NNI2	0.5	vert.nd1.tw0	vert.nd1.tw0.conv_NNI2_0.500000.tsv	106.96	0.0018969845780415207
1000000	50	0.999984	6e-06	1.6e-05	6e-06	0.952471	0.0	1.0	237.2	13.882334	0.455375	0.000127	283	179	303	235	185	78	181	130	200	311	146	110	148	172	587	153	73	112	146	199	149	341	161	146	279	231	43	138	58	120	108	117	112	77	240	134	92	237	165	163	321	185	240	211	111	297	316	106	105	107	vert.nd1	tw0	TBR	0.0	vert.nd1.tw0	vert.nd1.tw0.conv_TBR_0.000000.tsv	106.96	0.4509274873524452
1000000	50	0.999997	1e-06	3e-06	1e-06	0.952471	0.0	1.0	69.76	4.992857	0.455248	6.7e-05	57	24	33	109	39	30	102	68	67	83	22	42	57	25	26	126	27	81	7	33	59	75	53	49	53	106	36	23	37	14	21	29	32	50	50	25	80	30	80	22	65	114	87	42	55	41	96	109	63	34	vert.nd1	tw0	TBR	0.02	vert.nd1.tw0	vert.nd1.tw0.conv_TBR_0.020000.tsv	106.96	1.5332568807339448
1000000	50	0.999999	0.0	1e-06	0.0	0.952471	0.0	1.0	34.96	2.349809	0.455327	4.7e-05	20	41	20	44	30	15	29	53	11	32	15	45	48	36	23	14	19	63	18	9	39	45	30	54	7	21	30	12	16	33	19	23	29	8	28	15	23	20	6	46	14	18	22	33	9	55	5	41	44	15	vert.nd1	tw0	TBR	0.05	vert.nd1.tw0	vert.nd1.tw0.conv_TBR_0.050000.tsv	106.96	3.0594965675057204
1000000	50	0.999999	0.0	1e-06	0.0	0.952471	0.0	1.0	23.68	2.662581	0.455224	3.6e-05	14	21	13	31	9	14	8	9	7	9	9	20	17	15	10	11	20	11	13	21	3	9	7	30	17	22	11	4	14	19	11	15	8	12	29	8	13	20	7	13	5	17	8	17	4	10	30	8	30	11	vert.nd1	tw0	TBR	0.1	vert.nd1.tw0	vert.nd1.tw0.conv_TBR_0.100000.tsv	106.96	4.516891891891892
1000000	50	0.999999	0.0	1e-06	0.0	0.952471	0.0	1.0	12.44	0.957957	0.455293	2.8e-05	6	5	11	4	13	3	4	7	7	13	5	7	12	17	10	6	7	4	19	6	9	10	8	10	18	6	15	6	5	10	5	5	5	5	4	3	7	9	5	4	6	5	24	8	7	3	4	4	4	5	vert.nd1	tw0	TBR	0.2	vert.nd1.tw0	vert.nd1.tw0.conv_TBR_0.200000.tsv	106.96	8.59807073954984
1000000	50	0.999999	0.0	1e-06	0.0	0.952471	0.0	1.0	12.38	0.971802	0.455296	2.6e-05	5	27	29	3	5	4	5	10	6	5	18	8	22	13	11	3	6	5	7	8	7	3	5	7	2	6	4	3	15	9	9	4	9	4	7	9	5	4	13	6	7	7	8	6	8	4	7	6	4	14	vert.nd1	tw0	TBR	0.3	vert.nd1.tw0	vert.nd1.tw0.conv_TBR_0.300000.tsv	106.96	8.63974151857835
1000000	50	0.999999	0.0	1e-06	0.0	0.952471	0.0	1.0	10.3	0.784675	0.455281	2.3e-05	4	5	5	5	13	6	12	4	6	9	10	6	12	5	5	4	6	6	10	5	6	5	4	12	4	5	4	5	7	4	4	4	4	7	8	6	6	9	6	9	5	5	5	5	3	7	6	24	5	8	vert.nd1	tw0	TBR	0.4	vert.nd1.tw0	vert.nd1.tw0.conv_TBR_0.400000.tsv	106.96	10.384466019417474
1000000	50	0.999999	0.0	1e-06	0.0	0.952471	0.0	1.0	10.62	0.889802	0.45528	2.4e-05	6	4	7	4	4	8	5	6	5	8	9	10	3	17	3	8	3	6	4	6	5	10	5	7	7	5	3	6	6	13	8	4	7	5	11	13	6	3	5	6	19	4	18	4	4	7	4	4	12	4	vert.nd1	tw0	TBR	0.5	vert.nd1.tw0	vert.nd1.tw0.conv_TBR_0.500000.tsv	106.96	10.07156308851224
1000000	50	0.999973	7e-06	2.7e-05	7e-06	0.952471	0.0	1.0	245.62	15.220874	0.454463	0.000152	195	152	122	258	56	263	211	219	135	161	86	148	215	60	164	160	178	143	144	381	105	279	173	147	255	167	199	335	266	204	137	155	104	158	255	118	113	120	152	63	195	173	173	453	255	213	205	106	57	54	vert.nd1	tw0	rTBR	0.0	vert.nd1.tw0	vert.nd1.tw0.conv_rTBR_0.000000.tsv	106.96	0.4354694243139809
1000000	50	0.999999	0.0	1e-06	0.0	0.952471	0.0	1.0	98.74	7.383977	0.454685	9.5e-05	49	38	87	26	132	93	48	51	66	30	59	50	66	46	115	78	82	71	40	119	88	49	42	202	23	65	84	71	95	67	103	77	62	57	66	162	60	183	70	160	38	20	88	158	70	47	44	115	11	63	vert.nd1	tw0	rTBR	0.02	vert.nd1.tw0	vert.nd1.tw0.conv_rTBR_0.020000.tsv	106.96	1.0832489366011748
1000000	50	0.999999	0.0	1e-06	0.0	0.952471	0.0	1.0	53.52	5.002631	0.454708	6.1e-05	21	20	17	102	27	51	91	24	23	13	59	39	17	15	33	30	49	11	41	41	19	38	26	51	40	55	21	34	28	12	39	76	161	20	27	47	63	14	9	14	10	20	68	41	41	19	15	9	21	22	vert.nd1	tw0	rTBR	0.05	vert.nd1.tw0	vert.nd1.tw0.conv_rTBR_0.050000.tsv	106.96	1.998505231689088
1000000	50	0.999999	0.0	1e-06	0.0	0.952471	0.0	1.0	35.96	3.037314	0.454672	5.1e-05	13	14	21	46	10	34	9	11	47	19	16	13	20	36	15	13	17	8	33	26	32	23	10	38	9	16	12	19	39	39	12	58	20	11	16	22	14	18	77	82	20	22	44	27	30	25	11	12	9	14	vert.nd1	tw0	rTBR	0.1	vert.nd1.tw0	vert.nd1.tw0.conv_rTBR_0.100000.tsv	106.96	2.9744160177975525
1000000	50	0.999999	0.0	1e-06	0.0	0.952471	0.0	1.0	29.84	2.31893	0.454647	4.6e-05	30	63	16	5	21	12	20	16	34	15	18	14	25	21	16	25	17	20	17	16	15	17	9	14	22	15	28	17	27	22	7	16	12	15	27	16	45	27	31	14	17	40	15	11	20	20	16	13	14	13	vert.nd1	tw0	rTBR	0.2	vert.nd1.tw0	vert.nd1.tw0.conv_rTBR_0.200000.tsv	106.96	3.584450402144772
1000000	50	0.999999	0.0	1e-06	0.0	0.952471	0.0	1.0	26.28	1.828357	0.454732	4.1e-05	6	6	69	9	24	56	22	24	19	11	28	19	31	31	50	36	14	13	18	10	8	15	23	21	28	13	12	22	19	9	50	16	12	22	21	9	23	19	11	41	14	15	13	12	45	16	16	5	37	18	vert.nd1	tw0	rTBR	0.3	vert.nd1.tw0	vert.nd1.tw0.conv_rTBR_0.300000.tsv	106.96	4.070015220700152
1000000	50	0.999999	0.0	1e-06	0.0	0.952471	0.0	1.0	28.84	1.551657	0.454713	4.8e-05	47	45	26	12	43	39	12	20	25	17	15	34	44	15	31	32	22	13	21	25	12	34	17	19	18	17	11	11	51	8	39	18	19	20	16	16	11	25	34	14	18	17	11	11	11	22	22	31	44	4	vert.nd1	tw0	rTBR	0.4	vert.nd1.tw0	vert.nd1.tw0.conv_rTBR_0.400000.tsv	106.96	3.7087378640776696
1000000	50	0.999999	0.0	1e-06	0.0	0.952471	0.0	1.0	33.24	2.023245	0.454665	4e-05	9	49	9	22	19	52	14	25	16	10	12	16	53	41	19	8	39	23	23	17	30	27	51	13	26	25	19	60	40	27	28	23	30	9	16	18	45	23	26	25	20	26	11	18	14	40	33	19	37	26	vert.nd1	tw0	rTBR	0.5	vert.nd1.tw0	vert.nd1.tw0.conv_rTBR_0.500000.tsv	106.96	3.217809867629362
1000000	50	0.99998	1e-06	2e-05	1e-06	0.951616	0.0	1.0	671.5	129.033086	0.622633	0.000707	49	148	41	102	53	152	90	93	238	155	101	99	63	112	84	121	139	53	95	228	71	140	604	36	396	280	703	212	128	275	90	226	90	326	39	59	339	1832	72	316	93	566	77	271	111	136	48	57	83	1434	vert.nd1	tw5	MC3_NNI	0.0	vert.nd1.tw5	vert.nd1.tw5.conv_mc3_NNI_0.000000.tsv	108729.96	161.92101265822785
1000000	50	0.99998	1e-06	2e-05	1e-06	0.951616	0.0	1.0	610.92	138.74168	0.622441	0.000505	228	719	84	149	142	157	615	83	735	64	33	88	24	130	43	191	83	58	54	97	52	130	77	52	139	121	24	68	43	92	70	237	52	94	64	40	38	145	2233	45	215	69	63	164	35	31	141	152	280	96	vert.nd1	tw5	MC3_NNI	0.02	vert.nd1.tw5	vert.nd1.tw5.conv_mc3_NNI_0.020000.tsv	108729.96	177.97741111765865
1000000	50	0.999982	1e-06	1.8e-05	1e-06	0.951616	0.0	1.0	419.36	117.164133	0.62293	0.000475	22	72	124	33	39	66	25	128	153	104	52	44	33	236	111	31	45	22	63	53	27	48	18	364	46	32	37	201	133	215	163	79	113	38	46	38	70	36	108	80	117	55	121	95	28	113	33	88	27	40	vert.nd1	tw5	MC3_NNI	0.05	vert.nd1.tw5	vert.nd1.tw5.conv_mc3_NNI_0.050000.tsv	108729.96	259.27594429607024
1000000	50	0.999983	1e-06	1.7e-05	1e-06	0.951616	0.0	1.0	333.6	181.390891	0.623123	0.0004	23	90	36	45	33	32	30	28	38	58	49	27	38	38	47	80	20	110	22	29	48	53	74	48	34	34	12	33	36	52	48	35	14	25	35	32	106	22	38	87	59	20	11	48	16	10	39	414	33	18	vert.nd1	tw5	MC3_NNI	0.1	vert.nd1.tw5	vert.nd1.tw5.conv_mc3_NNI_0.100000.tsv	108729.96	325.92913669064745
1000000	50	0.999985	0.0	1.5e-05	0.0	0.951616	0.0	1.0	191.88	38.110191	0.623324	0.000288	27	75	56	51	100	10	35	38	19	44	10	11	22	19	15	26	351	44	11	138	17	16	16	12	108	29	30	36	14	10	67	12	20	26	9	22	26	37	32	39	8	17	17	17	43	14	48	19	328	14	vert.nd1	tw5	MC3_NNI	0.2	vert.nd1.tw5	vert.nd1.tw5.conv_mc3_NNI_0.200000.tsv	108729.96	566.6560350218888
1000000	50	0.999985	0.0	1.5e-05	0.0	0.951616	0.0	1.0	229.26	45.189947	0.623186	0.000273	96	62	33	28	27	29	14	6	29	16	58	23	39	56	28	58	6	78	63	11	44	288	15	11	10	83	28	15	61	64	28	166	24	59	72	83	9	11	52	63	53	13	41	11	78	8	18	61	87	15	vert.nd1	tw5	MC3_NNI	0.3	vert.nd1.tw5	vert.nd1.tw5.conv_mc3_NNI_0.300000.tsv	108729.96	474.26485213294956
1000000	50	0.999986	1e-06	1.4e-05	1e-06	0.951616	0.0	1.0	910.78	214.177467	0.623252	0.000293	44	111	272	60	60	14	33	38	111	92	71	291	971	148	1217	47	27	14	68	18	1401	66	96	18	10	264	37	25	74	257	27	86	11	60	231	137	380	221	102	108	334	575	424	124	21	317	732	10	1263	613	vert.nd1	tw5	MC3_NNI	0.4	vert.nd1.tw5	vert.nd1.tw5.conv_mc3_NNI_0.400000.tsv	108729.96	119.38114583104593
1000000	50	0.999985	1e-06	1.5e-05	1e-06	0.951616	0.0	1.0	4775.52	976.41254	0.621732	0.00047	6038	140	235	432	1082	395	1411	268	1307	447	169	3044	106	3154	1811	2269	1089	255	114	303	1076	1696	868	73	925	23437	746	1285	1234	6697	865	940	3898	300	80	4904	1320	2805	277	1588	276	14	1377	59	493	10	1193	191	404	366	vert.nd1	tw5	MC3_NNI	0.5	vert.nd1.tw5	vert.nd1.tw5.conv_mc3_NNI_0.500000.tsv	108729.96	22.76819278319429
1000000	50	0.999665	4.3e-05	0.000335	4.3e-05	0.951616	0.0	1.0	108729.96	23247.985172	0.621538	0.003608	17679	1153	7037	509	10483	347	14995	3668	1086	310	93	229	13912	140	224	368	8393	210	42812	3657	413	41210	132	76	30094	36	4363	2927	423	111	535	9063	16753	14644	25420	449	2019	17610	8715	66	72	36	15704	676	68	8650	9511	80	113	10967	vert.nd1	tw5	NNI	0.0	vert.nd1.tw5	vert.nd1.tw5.conv_NNI_0.000000.tsv	108729.96	1.0
1000000	50	0.999721	4.3e-05	0.000279	4.3e-05	0.951616	0.0	1.0	54264.3	11224.056823	0.618094	0.003152	2652	268	3797	12375	39	174	133	4849	3390	130	17527	1218	2880	95	107	105	163	25422	113	1775	77	14150	387	31952	50	17441	15815	14346	47	81	1839	166	167	14526	34	23	47	16310	19721	21420	45	17937	5543	5270	237	118	96	121	212	240	vert.nd1	tw5	NNI	0.02	vert.nd1.tw5	vert.nd1.tw5.conv_NNI_0.020000.tsv	108729.96	2.0037107269420225
1000000	50	0.999851	2.8e-05	0.000149	2.8e-05	0.951616	0.0	1.0	26489.54	4920.998838	0.624348	0.001921	8241	2941	70	2761	14906	49	93	1442	106	107	1812	42	177	70	2521	1115	23	3739	4825	1261	130	905	61	3689	261	3725	292	1193	2115	1233	3077	35	3701	53	685	3682	643	17384	4437	5409	50	197	28	3706	26	667	5622	68	109	28	vert.nd1	tw5	NNI	0.05	vert.nd1.tw5	vert.nd1.tw5.conv_NNI_0.050000.tsv	108729.96	4.104637528624506
1000000	50	0.999914	2.1e-05	8.6e-05	2.1e-05	0.951616	0.0	1.0	23757.54	4996.448837	0.619467	0.00208	11	2867	2717	15	2637	4701	27	101	2217	10109	34	183	22	28	4243	291	757	14151	5409	1772	74	1854	134	108	17	8101	1103	2518	57	2219	6015	24	10700	73	292	23	603	17	42	2393	9	203	4750	74	4224	106	54	33	1284	68	vert.nd1	tw5	NNI	0.1	vert.nd1.tw5	vert.nd1.tw5.conv_NNI_0.100000.tsv	108729.96	4.576650612815974
1000000	50	0.99996	1e-05	4e-05	1e-05	0.951616	0.0	1.0	18928.92	3191.106347	0.622639	0.001601	139	2306	19	1237	982	104	17	2205	11	8351	44	21	35	857	1202	553	383	113	53	130	1428	3145	29	18	1865	23	11	2869	2467	47	1360	2480	49	13	124	125	31	17	16	30	6	15	1209	25	301	241	5230	12	3379	28	vert.nd1	tw5	NNI	0.2	vert.nd1.tw5	vert.nd1.tw5.conv_NNI_0.200000.tsv	108729.96	5.744118523402287
1000000	50	0.99995	1.4e-05	5e-05	1.4e-05	0.951616	0.0	1.0	14198.48	2783.389642	0.619826	0.001548	11	5100	2580	36	4352	11	9	12	18	705	2221	483	751	3842	3464	67	2537	358	3244	4193	1227	37	1424	175	112	457	235	2065	145	1825	26	246	13	47	1801	16	661	60	2027	11	261	104	3254	156	476	142	766	20	211	620	vert.nd1	tw5	NNI	0.3	vert.nd1.tw5	vert.nd1.tw5.conv_NNI_0.300000.tsv	108729.96	7.657859151120403
1000000	50	0.999949	1.1e-05	5.1e-05	1.1e-05	0.951616	0.0	1.0	20034.5	3705.970707	0.619369	0.001906	80	29	313	481	846	287	63	582	543	195	3185	183	847	2571	1073	52	798	3400	423	4422	1364	819	23	22645	451	14402	102	6410	1450	175	1065	49	6	99	197	95	1842	3948	23	917	1657	75	5278	37	64	14	327	4247	4114	1880	vert.nd1	tw5	NNI	0.4	vert.nd1.tw5	vert.nd1.tw5.conv_NNI_0.400000.tsv	108729.96	5.427136190072126
1000000	50	0.999924	1.4e-05	7.6e-05	1.4e-05	0.951616	0.0	1.0	20657.82	3434.329542	0.621443	0.002166	310	4649	19207	3320	4177	10972	72113	4962	5122	7105	974	2886	1589	596	1078	3567	944	1357	1055	14058	6238	410	2025	6041	648	900	3970	1440	6846	10121	10	1883	10083	8383	425	1237	2005	1258	1163	100344	9522	1488	1762	1380	153	1332	1976	4089	206	1002	vert.nd1	tw5	NNI	0.5	vert.nd1.tw5	vert.nd1.tw5.conv_NNI_0.500000.tsv	108729.96	5.263380163056896
1000000	50	0.999837	1.2e-05	0.000163	1.2e-05	0.951616	0.0	1.0	29207.06	5809.386435	0.623274	0.002106	263	12801	373	124	377	111	3611	2952	4891	1652	230	1530	1938	11725	95	2319	5039	294	407	1494	163	2394	4907	429	193	178	349	85	108	634	539	6312	285	349	2141	159	920	400	44	138	522	159	1428	675	7303	481	324	4836	194	1118	vert.nd1	tw5	NNI2	0.0	vert.nd1.tw5	vert.nd1.tw5.conv_NNI2_0.000000.tsv	108729.96	3.722728682722602
1000000	50	0.999897	4e-06	0.000103	4e-06	0.951616	0.0	1.0	11037.66	2241.17558	0.620439	0.001636	140	19	218	111	3738	151	2542	242	89	4056	65	91	196	4190	1667	1823	1360	188	215	266	242	1661	234	112	106	526	1382	2164	1417	1097	5003	1678	108	7056	84	163	6842	85	1470	3464	185	373	7867	179	353	163	140	3152	137	1728	vert.nd1	tw5	NNI2	0.02	vert.nd1.tw5	vert.nd1.tw5.conv_NNI2_0.020000.tsv	108729.96	9.850816205608798
1000000	50	0.999932	3e-06	6.8e-05	3e-06	0.951616	0.0	1.0	7890.78	1909.062843	0.621096	0.001114	635	38	245	46	29	122	3227	116	1638	1813	50	377	1039	2015	44	40	9	70	218	825	224	58	627	103	30	62	1155	195	4106	92	86	105	121	34	245	517	139	19	41	336	99	708	41	655	217	42	13	30	847	101	vert.nd1	tw5	NNI2	0.05	vert.nd1.tw5	vert.nd1.tw5.conv_NNI2_0.050000.tsv	108729.96	13.77936781915096
1000000	50	0.999963	2e-06	3.7e-05	2e-06	0.951616	0.0	1.0	2910.78	567.08105	0.622368	0.000773	25	462	61	46	35	391	1035	761	3	678	6	52	11	160	57	2336	836	39	21	356	23	95	21	263	517	9	604	253	41	42	16	598	75	69	23	58	454	14	210	1582	23	70	25	42	166	889	18	604	56	1067	vert.nd1	tw5	NNI2	0.1	vert.nd1.tw5	vert.nd1.tw5.conv_NNI2_0.100000.tsv	108729.96	37.3542349473337
1000000	50	0.999978	1e-06	2.2e-05	1e-06	0.951616	0.0	1.0	1320.6	241.862531	0.623527	0.000455	31	15	14	12	9	12	15	9	413	4	25	205	19	325	18	26	112	59	119	19	46	11	541	9	5	24	233	10	306	111	44	36	11	116	583	4	93	961	4	6	119	17	304	12	684	24	30	276	28	13	vert.nd1	tw5	NNI2	0.2	vert.nd1.tw5	vert.nd1.tw5.conv_NNI2_0.200000.tsv	108729.96	82.33375738300774
1000000	50	0.999977	1e-06	2.3e-05	1e-06	0.951616	0.0	1.0	1166.36	247.160427	0.622634	0.000465	15	13	47	25	23	13	74	6	124	14	157	14	16	26	42	59	129	301	18	9	15	220	254	173	19	6	8	9	171	6	30	5	268	21	52	23	21	30	7	9	422	15	17	12	12	73	6	23	9	109	vert.nd1	tw5	NNI2	0.3	vert.nd1.tw5	vert.nd1.tw5.conv_NNI2_0.300000.tsv	108729.96	93.2216125381529
1000000	50	0.999971	2e-06	2.9e-05	2e-06	0.951616	0.0	1.0	1551.14	286.695209	0.623384	0.000408	9	151	536	6	226	53	43	198	8	271	50	14	850	3	8	24	6	70	5	49	87	217	108	239	297	34	201	585	10	22	14	39	11	26	205	328	224	10	344	3	91	5	509	1867	44	5	44	195	43	68	vert.nd1	tw5	NNI2	0.4	vert.nd1.tw5	vert.nd1.tw5.conv_NNI2_0.400000.tsv	108729.96	70.09680621994146
1000000	50	0.999965	2e-06	3.5e-05	2e-06	0.951616	0.0	1.0	1741.28	345.71396	0.622949	0.000462	742	20	94	16	213	315	4116	270	44	2233	2641	22	12	563	14695	857	3507	525	126	72	864	1575	252	1643	22	3	168	5	696	209	1203	57	78	387	282	95	3578	33	153	45	34	5	3708	3518	113	181	1111	156	477	130	vert.nd1	tw5	NNI2	0.5	vert.nd1.tw5	vert.nd1.tw5.conv_NNI2_0.500000.tsv	108729.96	62.44254801065883
1000000	50	0.999799	1.5e-05	0.000201	1.5e-05	0.951616	0.0	1.0	5785.16	793.486717	0.621164	0.000958	261	1450	351	534	999	469	108	558	382	290	109	263	90	78	802	146	338	963	784	428	218	219	567	254	1008	1048	170	306	727	2022	409	142	197	535	282	246	272	1309	1036	1773	378	1630	201	329	369	433	343	1086	1101	657	vert.nd1	tw5	TBR	0.0	vert.nd1.tw5	vert.nd1.tw5.conv_TBR_0.000000.tsv	108729.96	18.79463316485629
1000000	50	0.999897	5e-06	0.000103	5e-06	0.951616	0.0	1.0	2214.96	335.004272	0.622302	0.000562	261	579	232	114	335	151	58	448	737	155	377	225	544	198	256	103	330	59	187	32	240	191	680	591	1411	351	98	113	21	158	436	687	49	41	132	361	261	92	175	177	46	252	169	409	243	742	19	208	63	63	vert.nd1	tw5	TBR	0.02	vert.nd1.tw5	vert.nd1.tw5.conv_TBR_0.020000.tsv	108729.96	49.08890454003684
1000000	50	0.99993	4e-06	7e-05	4e-06	0.951616	0.0	1.0	2060.72	361.695067	0.623213	0.000517	174	370	40	266	57	24	45	104	63	41	110	293	154	38	207	71	135	26	74	37	28	100	145	67	117	250	141	71	58	156	84	282	22	24	119	15	350	46	225	71	46	34	16	47	65	84	79	33	55	101	vert.nd1	tw5	TBR	0.05	vert.nd1.tw5	vert.nd1.tw5.conv_TBR_0.050000.tsv	108729.96	52.76309251135526
1000000	50	0.999958	2e-06	4.2e-05	2e-06	0.951616	0.0	1.0	927.5	122.877305	0.623	0.000349	89	51	18	18	37	8	20	23	8	24	18	90	174	85	95	71	71	42	38	59	80	57	218	108	27	326	80	21	42	103	68	50	22	104	88	35	7	11	70	24	135	29	45	35	17	37	60	23	126	28	vert.nd1	tw5	TBR	0.1	vert.nd1.tw5	vert.nd1.tw5.conv_TBR_0.100000.tsv	108729.96	117.22906738544475
1000000	50	0.999974	1e-06	2.6e-05	1e-06	0.951616	0.0	1.0	340.64	57.861339	0.623395	0.000264	21	10	40	16	13	6	26	10	14	3	42	43	83	51	44	82	77	92	13	6	18	6	39	8	25	39	8	75	40	53	8	6	108	31	67	33	17	62	6	4	4	26	26	22	3	44	27	117	148	38	vert.nd1	tw5	TBR	0.2	vert.nd1.tw5	vert.nd1.tw5.conv_TBR_0.200000.tsv	108729.96	319.19316580554255
1000000	50	0.999978	1e-06	2.2e-05	1e-06	0.951616	0.0	1.0	316.04	63.430103	0.623181	0.000214	147	10	5	6	123	33	16	13	10	5	12	29	99	31	14	11	25	35	22	32	20	11	49	4	8	13	121	33	5	57	7	48	4	3	34	7	12	12	7	6	4	7	35	26	32	11	6	6	7	16	vert.nd1	tw5	TBR	0.3	vert.nd1.tw5	vert.nd1.tw5.conv_TBR_0.300000.tsv	108729.96	344.0386027085179
1000000	50	0.999973	1e-06	2.7e-05	1e-06	0.951616	0.0	1.0	336.36	60.458221	0.623595	0.000189	62	5	13	11	6	54	169	16	13	6	38	26	12	47	15	4	34	4	188	6	5	58	17	19	22	10	126	6	11	25	6	14	38	28	11	4	6	43	5	115	69	6	11	46	7	6	8	12	2	5	vert.nd1	tw5	TBR	0.4	vert.nd1.tw5	vert.nd1.tw5.conv_TBR_0.400000.tsv	108729.96	323.2547270781306
1000000	50	0.999974	1e-06	2.6e-05	1e-06	0.951616	0.0	1.0	312.28	51.073033	0.623149	0.000175	6	32	5	8	4	16	3	4	139	7	126	15	18	82	10	4	8	8	5	4	30	15	25	176	318	79	282	6	3	69	27	4	3	67	69	4	5	64	6	16	6	27	13	80	3	7	12	13	6	23	vert.nd1	tw5	TBR	0.5	vert.nd1.tw5	vert.nd1.tw5.conv_TBR_0.500000.tsv	108729.96	348.1809914179583
1000000	50	0.999827	1.1e-05	0.000173	1.1e-05	0.951616	0.0	1.0	6976.88	1116.67914	0.622218	0.000864	273	137	1915	251	263	135	459	417	566	189	450	324	1371	584	436	1724	103	980	680	58	779	460	353	378	115	154	1170	192	270	1466	161	349	1105	1106	332	250	532	295	213	551	466	179	482	266	161	295	367	334	956	619	vert.nd1	tw5	rTBR	0.0	vert.nd1.tw5	vert.nd1.tw5.conv_rTBR_0.000000.tsv	108729.96	15.584324225155084
1000000	50	0.999888	4e-06	0.000112	4e-06	0.951616	0.0	1.0	3016.94	384.290196	0.622158	0.000594	86	370	91	1421	1427	193	327	53	371	38	281	149	219	147	851	111	206	120	98	102	722	411	456	73	239	258	184	615	103	201	34	74	216	90	218	81	414	204	79	517	498	107	150	228	240	89	469	79	215	59	vert.nd1	tw5	rTBR	0.02	vert.nd1.tw5	vert.nd1.tw5.conv_rTBR_0.020000.tsv	108729.96	36.039815176967394
1000000	50	0.999922	4e-06	7.8e-05	4e-06	0.951616	0.0	1.0	1640.3	245.976105	0.622367	0.000523	52	51	17	90	76	44	176	141	118	73	136	63	44	121	83	108	78	165	437	134	37	68	40	50	85	102	280	111	192	67	259	97	195	206	98	100	145	339	198	709	149	225	64	72	85	248	124	39	121	109	vert.nd1	tw5	rTBR	0.05	vert.nd1.tw5	vert.nd1.tw5.conv_rTBR_0.050000.tsv	108729.96	66.28663049442176
1000000	50	0.99995	3e-06	5e-05	3e-06	0.951616	0.0	1.0	1384.02	225.864258	0.621323	0.000489	31	101	17	161	29	65	33	33	46	157	134	28	173	34	75	35	57	31	31	180	296	422	75	100	201	201	316	41	37	69	116	37	29	147	93	136	13	35	38	24	79	64	22	107	272	28	16	128	13	77	vert.nd1	tw5	rTBR	0.1	vert.nd1.tw5	vert.nd1.tw5.conv_rTBR_0.100000.tsv	108729.96	78.56097455239086
1000000	50	0.999958	2e-06	4.2e-05	2e-06	0.951616	0.0	1.0	783.98	106.445795	0.622489	0.000299	17	16	46	56	34	27	84	118	53	79	12	41	22	88	16	34	24	94	31	24	50	52	90	53	16	124	24	17	239	43	16	200	122	59	33	14	67	41	131	32	101	17	215	166	7	56	42	19	9	9	vert.nd1	tw5	rTBR	0.2	vert.nd1.tw5	vert.nd1.tw5.conv_rTBR_0.200000.tsv	108729.96	138.68971147223144
1000000	50	0.999964	2e-06	3.6e-05	2e-06	0.951616	0.0	1.0	685.94	95.065822	0.62211	0.000326	20	337	81	17	35	18	25	90	20	64	26	54	40	79	24	149	53	109	34	25	114	46	81	23	101	59	11	60	83	24	14	77	29	60	154	227	170	49	17	66	56	17	132	18	40	48	177	65	38	106	vert.nd1	tw5	rTBR	0.3	vert.nd1.tw5	vert.nd1.tw5.conv_rTBR_0.300000.tsv	108729.96	158.51234801877715
1000000	50	0.999962	2e-06	3.8e-05	2e-06	0.951616	0.0	1.0	630.62	93.706227	0.622544	0.000295	23	31	28	43	81	122	129	13	28	132	38	19	21	19	25	225	203	24	50	80	36	19	181	16	66	87	16	61	82	171	22	19	61	40	7	53	21	220	76	43	53	39	11	46	19	19	112	227	15	93	vert.nd1	tw5	rTBR	0.4	vert.nd1.tw5	vert.nd1.tw5.conv_rTBR_0.400000.tsv	108729.96	172.41755732453777
1000000	50	0.999963	2e-06	3.7e-05	2e-06	0.951616	0.0	1.0	801.92	131.11487	0.621577	0.000272	45	94	8	25	29	56	212	55	10	36	20	17	44	47	102	25	28	44	46	139	30	28	142	23	63	68	171	12	27	68	175	16	17	38	43	126	15	68	88	21	67	20	28	13	42	63	31	56	127	16	vert.nd1	tw5	rTBR	0.5	vert.nd1.tw5	vert.nd1.tw5.conv_rTBR_0.500000.tsv	108729.96	135.58704110135676
1000000	50	0.999998	0.0	2e-06	0.0	0.984643	0.0	1.0	63.78	2.200054	0.484911	1.6e-05	72	41	44	47	55	66	69	65	32	52	45	59	77	113	67	65	49	54	78	43	68	58	41	51	86	49	72	90	71	68	71	79	51	65	42	66	72	33	74	81	69	30	51	64	80	47	49	39	65	49	vert.nd2	tw0	MC3_NNI	0.0	vert.nd2.tw0	vert.nd2.tw0.conv_mc3_NNI_0.000000.tsv	93.8	1.4706804640953277
1000000	50	0.999998	0.0	2e-06	0.0	0.984643	0.0	1.0	26.94	1.03032	0.48491	1.4e-05	33	38	12	27	13	27	28	14	24	26	31	21	21	22	24	34	19	19	24	19	20	23	22	36	30	10	28	21	32	29	27	27	11	27	33	10	17	19	26	19	18	23	24	23	27	14	32	25	32	18	vert.nd2	tw0	MC3_NNI	0.02	vert.nd2.tw0	vert.nd2.tw0.conv_mc3_NNI_0.020000.tsv	93.8	3.4818114328136596
1000000	50	0.999999	0.0	1e-06	0.0	0.984643	0.0	1.0	18.7	0.694145	0.484915	1.2e-05	16	20	16	18	16	19	11	19	15	18	17	7	12	15	9	21	17	14	17	19	9	21	17	23	20	13	20	13	11	13	18	14	18	28	14	10	15	18	10	16	8	17	11	26	19	18	15	18	20	15	vert.nd2	tw0	MC3_NNI	0.05	vert.nd2.tw0	vert.nd2.tw0.conv_mc3_NNI_0.050000.tsv	93.8	5.016042780748663
1000000	50	0.999999	0.0	1e-06	0.0	0.984643	0.0	1.0	15.0	0.523723	0.484918	1.1e-05	15	15	15	22	16	7	11	13	12	11	14	15	16	7	22	19	13	11	12	9	17	8	10	22	15	16	10	11	10	11	8	5	14	15	11	13	19	7	11	18	14	11	14	12	11	15	14	9	15	18	vert.nd2	tw0	MC3_NNI	0.1	vert.nd2.tw0	vert.nd2.tw0.conv_mc3_NNI_0.100000.tsv	93.8	6.253333333333333
1000000	50	0.999998	0.0	2e-06	0.0	0.984643	0.0	1.0	15.78	1.633399	0.484892	1e-05	10	12	8	16	12	13	11	23	16	10	15	15	11	15	9	25	20	7	9	10	11	36	16	10	12	86	11	11	10	14	9	15	13	11	15	12	11	18	9	8	11	16	10	30	8	8	8	14	14	11	vert.nd2	tw0	MC3_NNI	0.2	vert.nd2.tw0	vert.nd2.tw0.conv_mc3_NNI_0.200000.tsv	93.8	5.944233206590621
1000000	50	0.979999	0.02	0.020001	0.02	0.96495	0.019693	0.98	12149.755102	5514.807605	0.469453	0.009932	8	-1	13	188	5461	12032	100	370	111	23673	32	11	260	876	10	14758	10	795	16	36	13	12	552	11	503	4626	542	154	4383	100	8030	35449	118057	3783	352	1106	26	11	487	299	11	166197	4737	54	10	25	186679	315	9	7	vert.nd2	tw0	MC3_NNI	0.3	vert.nd2.tw0	vert.nd2.tw0.conv_mc3_NNI_0.300000.tsv	93.8	0.007720320221479967
1000000	50	0.639997	0.068571	0.360003	0.068571	0.630172	0.067518	0.64	145998.34375	44549.538898	0.265029	0.031548	3448	-1	5271	529852	981034	-1	541122	-1	-1	-1	-1	10	14035	-1	-1	1815	160	25	461294	61	-1	-1	58086	5	1812	392825	11	-1	626334	101	284794	-1	6872	299	-1	-1	6517	501	37	5308	43474	-1	2805	18	795	-1	-1	-1	247931	455283	vert.nd2	tw0	MC3_NNI	0.4	vert.nd2.tw0	vert.nd2.tw0.conv_mc3_NNI_0.400000.tsv	93.8	0.0006424730417532562
1000000	50	0.24	0.061012	0.76	0.061012	0.236314	0.060075	0.24	66727.916667	26075.907246	0.108618	0.027768	-1	33025	-1	10814	8	-1	-1	164	-1	-1	127	-1	-1	-1	265280	1353	-1	-1	-1	-1	-1	-1	-1	-1	-1	-1	-1	-1	147143	19961	44648	-1	-1	-1	-1	-1	-1	-1	-1	-1	-1	-1	-1	72549	-1	205658	-1	-1	-1	-1	vert.nd2	tw0	MC3_NNI	0.5	vert.nd2.tw0	vert.nd2.tw0.conv_mc3_NNI_0.500000.tsv	93.8	0.0014057085053037236
1000000	50	0.999993	1e-06	7e-06	1e-06	0.984643	0.0	1.0	93.8	4.299786	0.484919	2.8e-05	96	94	92	94	101	78	70	117	34	154	126	73	71	144	93	57	109	73	92	121	112	78	80	109	69	49	57	117	37	150	89	48	111	52	72	128	64	79	72	103	62	138	72	114	86	59	99	58	45	115	vert.nd2	tw0	NNI	0.0	vert.nd2.tw0	vert.nd2.tw0.conv_NNI_0.000000.tsv	93.8	1.0
1000000	50	0.999997	0.0	3e-06	0.0	0.984643	0.0	1.0	39.36	1.838091	0.484919	2.5e-05	40	21	38	29	30	15	73	59	23	43	44	49	39	43	17	29	43	36	32	35	45	25	54	24	45	21	20	43	56	37	22	36	30	47	41	35	26	25	74	44	30	37	34	43	57	24	48	42	28	13	vert.nd2	tw0	NNI	0.02	vert.nd2.tw0	vert.nd2.tw0.conv_NNI_0.020000.tsv	93.8	2.383130081300813
1000000	50	0.999997	0.0	3e-06	0.0	0.984643	0.0	1.0	24.52	1.511923	0.484912	2.2e-05	23	23	21	28	23	14	52	14	19	17	26	21	31	28	69	18	20	22	23	26	15	26	29	19	13	18	21	20	17	33	35	15	22	36	11	24	8	13	19	26	8	27	10	30	22	15	20	14	12	22	vert.nd2	tw0	NNI	0.05	vert.nd2.tw0	vert.nd2.tw0.conv_NNI_0.050000.tsv	93.8	3.8254486133768353
1000000	50	0.999998	0.0	2e-06	0.0	0.984643	0.0	1.0	19.3	1.047543	0.484912	1.5e-05	15	11	24	16	10	22	11	20	11	9	9	13	16	15	15	18	20	16	16	10	16	16	10	16	17	22	11	18	30	17	13	21	20	18	12	12	20	17	27	52	18	15	14	9	12	11	14	24	12	16	vert.nd2	tw0	NNI	0.1	vert.nd2.tw0	vert.nd2.tw0.conv_NNI_0.100000.tsv	93.8	4.860103626943005
1000000	50	0.999998	0.0	2e-06	0.0	0.984643	0.0	1.0	24405.14	19267.96512	0.47309	0.009344	35	15	13	27	61	11	10	12	50	12	13	18	10	17	17	105	60	1052	40	11071	267160	15	20	23	17	6128	18	931567	523	28	8	11	660	18	13	11	11	20	16	5	19	9	539	308	21	12	6	13	17	351	vert.nd2	tw0	NNI	0.2	vert.nd2.tw0	vert.nd2.tw0.conv_NNI_0.200000.tsv	93.8	0.0038434526497287047
1000000	50	0.879999	0.046423	0.120001	0.046423	0.866486	0.04571	0.88	36399.318182	21522.399907	0.411184	0.02355	19329	290507	232222	1039	30	11	-1	-1	903	120	207	43	11	8	-1	31041	17	21	13	484	10	-1	-1	207	11	775	-1	719	21905	1541	1705	18	15	4087	93989	179	886361	27	1043	11	147	13	6145	1573	26	168	587	339	3927	12	vert.nd2	tw0	NNI	0.3	vert.nd2.tw0	vert.nd2.tw0.conv_NNI_0.300000.tsv	93.8	0.0025769713468530154
1000000	50	0.2	0.057143	0.8	0.057143	0.196929	0.056265	0.2	188478.6	84471.939978	0.078698	0.023816	-1	-1	-1	-1	28	-1	-1	-1	-1	7	-1	8	216426	333876	832328	-1	-1	-1	-1	-1	-1	-1	-1	-1	-1	-1	-1	-1	-1	-1	-1	-1	-1	148	-1	-1	355270	-1	4873	-1	-1	-1	141818	-1	-1	-1	-1	-1	-1	-1	vert.nd2	tw0	NNI	0.4	vert.nd2.tw0	vert.nd2.tw0.conv_NNI_0.400000.tsv	93.8	0.0004976692314140704
1000000	50	0.04	0.027994	0.96	0.027994	0.039386	0.027564	0.04	251838.0	241892.0	0.01451	0.010694	-1	-1	-1	-1	-1	-1	-1	493729	-1	-1	-1	-1	-1	-1	-1	-1	-1	-1	-1	-1	-1	-1	-1	-1	-1	-1	9944	-1	-1	-1	-1	-1	-1	-1	-1	-1	-1	-1	-1	-1	-1	-1	-1	-1	-1	-1	-1	-1	-1	-1	vert.nd2	tw0	NNI	0.5	vert.nd2.tw0	vert.nd2.tw0.conv_NNI_0.500000.tsv	93.8	0.00037246166186199065
1000000	50	0.999968	3e-06	3.2e-05	3e-06	0.984643	0.0	1.0	262.22	21.245625	0.484776	9.9e-05	74	291	46	99	262	94	273	413	168	354	141	158	300	209	205	262	133	342	251	169	216	268	70	769	165	154	426	386	133	319	67	851	236	308	144	214	33	74	225	162	116	57	473	186	35	191	87	109	88	460	vert.nd2	tw0	NNI2	0.0	vert.nd2.tw0	vert.nd2.tw0.conv_NNI2_0.000000.tsv	93.8	0.35771489588894817
1000000	50	0.999994	1e-06	6e-06	1e-06	0.984643	0.0	1.0	68.44	6.475962	0.484892	4.8e-05	27	45	17	20	29	71	51	59	32	52	134	33	41	32	65	22	30	156	22	60	21	77	33	32	17	38	30	27	54	112	51	31	92	29	48	32	40	180	43	23	23	18	55	96	47	7	42	46	36	28	vert.nd2	tw0	NNI2	0.02	vert.nd2.tw0	vert.nd2.tw0.conv_NNI2_0.020000.tsv	93.8	1.3705435417884277
1000000	50	0.999997	0.0	3e-06	0.0	0.984643	0.0	1.0	32.1	2.804988	0.484862	2.9e-05	6	8	23	7	8	33	19	20	7	15	14	39	15	27	6	11	26	12	9	36	18	27	9	19	38	26	8	42	12	35	54	12	16	10	14	7	36	43	12	22	10	5	17	105	27	10	20	29	6	12	vert.nd2	tw0	NNI2	0.05	vert.nd2.tw0	vert.nd2.tw0.conv_NNI2_0.050000.tsv	93.8	2.922118380062305
1000000	50	0.999998	0.0	2e-06	0.0	0.984643	0.0	1.0	16.48	1.27783	0.484905	2.4e-05	7	11	8	14	7	6	55	8	23	6	14	19	7	11	5	7	13	6	20	15	5	15	14	7	4	9	5	11	12	7	33	11	8	37	4	10	21	15	20	7	7	6	6	17	20	14	10	7	6	16	vert.nd2	tw0	NNI2	0.1	vert.nd2.tw0	vert.nd2.tw0.conv_NNI2_0.100000.tsv	93.8	5.691747572815534
1000000	50	0.999999	0.0	1e-06	0.0	0.984643	0.0	1.0	12.6	3.121224	0.484905	1.6e-05	7	9	10	13	9	5	5	7	5	9	2	164	13	4	6	7	7	10	6	5	6	6	9	8	7	5	16	8	10	6	10	5	10	4	14	11	13	4	9	7	6	7	4	6	7	11	7	9	8	15	vert.nd2	tw0	NNI2	0.2	vert.nd2.tw0	vert.nd2.tw0.conv_NNI2_0.200000.tsv	93.8	7.444444444444445
1000000	50	0.959999	0.027994	0.040001	0.027994	0.945258	0.027564	0.96	166.083333	148.017615	0.465454	0.013573	-1	6	3	7	6	9	7	14	6	18	6	7	102	10	10	11	4	5	7	4	5	8	5	9	7112	9	8	5	7	3	7	7	11	14	9	6	10	6	8	6	6	-1	6	8	396	5	5	5	5	6	vert.nd2	tw0	NNI2	0.3	vert.nd2.tw0	vert.nd2.tw0.conv_NNI2_0.300000.tsv	93.8	0.5647767196483225
1000000	50	0.659999	0.067673	0.340001	0.067673	0.649865	0.066633	0.66	2780.060606	999.25658	0.319172	0.032728	26	-1	21272	-1	-1	-1	7	34	5	465	-1	8	6	58	-1	12663	5	12768	5	-1	15777	21	-1	-1	6	74	5	6	6	1747	4866	15088	5341	6	5	5	-1	-1	1089	7	-1	5	27	-1	-1	-1	-1	305	-1	6	vert.nd2	tw0	NNI2	0.4	vert.nd2.tw0	vert.nd2.tw0.conv_NNI2_0.400000.tsv	93.8	0.03374027163204945
1000000	50	0.479999	0.071371	0.520001	0.071371	0.472629	0.070275	0.48	831.416667	359.76798	0.23257	0.034581	5	-1	-1	6	8	6	4	9	-1	-1	6166	6	-1	6	-1	-1	-1	214	-1	5	6184	-1	428	20	-1	-1	-1	121	-1	-1	-1	-1	2119	-1	206	-1	-1	-1	-1	68	-1	2228	6	-1	136	1133	-1	-1	12	843	vert.nd2	tw0	NNI2	0.5	vert.nd2.tw0	vert.nd2.tw0.conv_NNI2_0.500000.tsv	93.8	0.11281948476984284
1000000	50	0.999957	3e-06	4.3e-05	3e-06	0.984643	0.0	1.0	232.06	17.144629	0.484804	6.7e-05	98	147	209	383	159	205	374	78	106	101	188	517	181	174	81	328	231	192	86	148	124	79	105	40	222	137	275	187	145	137	95	236	295	91	120	75	282	223	91	100	198	60	144	111	251	213	90	306	205	327	vert.nd2	tw0	TBR	0.0	vert.nd2.tw0	vert.nd2.tw0.conv_TBR_0.000000.tsv	93.8	0.4042058088425407
1000000	50	0.999991	1e-06	9e-06	1e-06	0.984643	0.0	1.0	52.48	3.755294	0.484969	4.1e-05	26	19	41	30	82	18	30	63	84	23	12	28	81	112	17	31	53	64	49	21	38	69	18	30	51	47	29	11	16	50	31	10	35	58	23	23	84	82	26	119	118	30	31	76	13	31	37	26	43	33	vert.nd2	tw0	TBR	0.02	vert.nd2.tw0	vert.nd2.tw0.conv_TBR_0.020000.tsv	93.8	1.7873475609756098
1000000	50	0.999995	1e-06	5e-06	1e-06	0.984643	0.0	1.0	28.7	2.44035	0.484993	2.7e-05	13	5	19	16	30	36	6	15	52	12	34	25	17	14	12	13	36	30	7	18	7	10	14	39	21	26	3	10	18	16	33	33	80	24	42	63	21	45	14	32	18	4	6	55	8	63	17	24	20	26	vert.nd2	tw0	TBR	0.05	vert.nd2.tw0	vert.nd2.tw0.conv_TBR_0.050000.tsv	93.8	3.268292682926829
1000000	50	0.999997	0.0	3e-06	0.0	0.984643	0.0	1.0	18.88	1.327154	0.484924	2.5e-05	4	30	25	38	11	33	5	7	6	36	8	17	14	18	4	9	4	6	22	5	4	12	14	3	25	28	35	18	12	15	7	12	20	4	37	13	27	10	8	14	10	21	6	8	31	8	21	5	16	9	vert.nd2	tw0	TBR	0.1	vert.nd2.tw0	vert.nd2.tw0.conv_TBR_0.100000.tsv	93.8	4.968220338983051
1000000	50	0.999998	0.0	2e-06	0.0	0.984643	0.0	1.0	13.84	0.91042	0.484924	1.6e-05	10	5	10	5	6	6	19	5	11	8	17	7	5	7	15	15	6	29	16	11	13	10	24	8	4	12	10	5	6	4	5	14	12	5	12	14	5	15	5	15	5	7	7	18	13	4	7	20	7	6	vert.nd2	tw0	TBR	0.2	vert.nd2.tw0	vert.nd2.tw0.conv_TBR_0.200000.tsv	93.8	6.777456647398844
1000000	50	0.999999	0.0	1e-06	0.0	0.984643	0.0	1.0	10.84	0.810825	0.484912	1.2e-05	13	8	6	6	9	6	10	4	11	9	6	13	4	5	5	9	5	20	5	5	6	7	7	4	4	18	10	7	8	12	4	5	6	7	5	6	10	23	9	10	13	6	31	4	13	4	6	5	4	5	vert.nd2	tw0	TBR	0.3	vert.nd2.tw0	vert.nd2.tw0.conv_TBR_0.300000.tsv	93.8	8.653136531365314
1000000	50	0.999999	0.0	1e-06	0.0	0.984643	0.0	1.0	9.96	0.66453	0.484915	1.2e-05	16	8	5	18	6	5	4	13	5	5	5	5	10	5	5	5	5	4	11	15	7	6	6	5	5	7	4	4	5	4	7	11	7	32	13	6	13	7	5	10	15	4	7	11	7	9	9	12	4	7	vert.nd2	tw0	TBR	0.4	vert.nd2.tw0	vert.nd2.tw0.conv_TBR_0.400000.tsv	93.8	9.417670682730922
1000000	50	0.999998	0.0	2e-06	0.0	0.984643	0.0	1.0	107.34	80.089035	0.484849	3.9e-05	104	3	3	16	6	3	5	4	119	4	5	19	8	9	5	20	3	8	5	13	22	3	7	550	13	14	4	14	5	7	5	3993	4	7	9	6	11	4	8	4	9	112	10	5	6	27	5	5	3	15	vert.nd2	tw0	TBR	0.5	vert.nd2.tw0	vert.nd2.tw0.conv_TBR_0.500000.tsv	93.8	0.87385876653624
1000000	50	0.999957	4e-06	4.3e-05	4e-06	0.984643	0.0	1.0	245.22	15.819809	0.4852	7.6e-05	177	390	141	172	106	212	167	97	165	293	247	80	41	257	139	54	215	123	581	621	266	56	127	282	209	309	193	135	77	271	289	176	111	171	115	210	242	392	274	142	201	185	379	201	174	316	136	234	272	201	vert.nd2	tw0	rTBR	0.0	vert.nd2.tw0	vert.nd2.tw0.conv_rTBR_0.000000.tsv	93.8	0.3825136612021858
1000000	50	0.99999	1e-06	1e-05	1e-06	0.984643	0.0	1.0	61.36	4.147363	0.485114	4.4e-05	17	18	71	64	64	95	38	24	74	16	36	57	54	37	49	110	48	40	35	67	45	78	27	26	81	87	45	26	12	38	75	64	53	50	31	94	44	79	42	61	20	134	23	37	51	34	38	19	35	46	vert.nd2	tw0	rTBR	0.02	vert.nd2.tw0	vert.nd2.tw0.conv_rTBR_0.020000.tsv	93.8	1.5286831812255541
1000000	50	0.999993	1e-06	7e-06	1e-06	0.984643	0.0	1.0	44.3	3.584234	0.485102	3.2e-05	143	22	10	13	48	15	31	20	21	29	37	21	14	65	20	40	14	26	16	10	17	29	23	92	19	35	41	49	61	72	41	31	28	41	16	25	18	25	38	12	31	70	29	63	41	16	29	20	54	45	vert.nd2	tw0	rTBR	0.05	vert.nd2.tw0	vert.nd2.tw0.conv_rTBR_0.050000.tsv	93.8	2.1173814898419865
1000000	50	0.999995	1e-06	5e-06	1e-06	0.984643	0.0	1.0	35.7	2.762615	0.485135	2.7e-05	20	22	18	13	48	29	32	91	19	53	13	16	14	47	34	44	46	68	27	37	7	24	16	21	29	12	26	15	24	15	9	15	17	19	28	12	27	31	17	85	27	14	34	23	52	18	42	12	9	37	vert.nd2	tw0	rTBR	0.1	vert.nd2.tw0	vert.nd2.tw0.conv_rTBR_0.100000.tsv	93.8	2.6274509803921564
1000000	50	0.999996	1e-06	4e-06	1e-06	0.984643	0.0	1.0	31.0	2.547668	0.485165	2.1e-05	25	71	36	23	26	22	9	27	9	59	16	14	20	25	29	25	24	68	43	17	15	50	18	14	14	13	9	14	36	24	22	34	12	29	13	19	12	18	7	13	43	15	53	23	18	18	14	13	14	16	vert.nd2	tw0	rTBR	0.2	vert.nd2.tw0	vert.nd2.tw0.conv_rTBR_0.200000.tsv	93.8	3.0258064516129033
1000000	50	0.999996	1e-06	4e-06	1e-06	0.984643	0.0	1.0	30.48	1.83842	0.485108	2.5e-05	21	14	15	48	24	39	19	20	12	22	49	9	13	32	17	31	17	30	55	25	46	48	15	16	42	31	18	37	10	45	30	17	12	28	5	61	14	28	31	11	37	36	24	15	10	20	44	22	18	13	vert.nd2	tw0	rTBR	0.3	vert.nd2.tw0	vert.nd2.tw0.conv_rTBR_0.300000.tsv	93.8	3.0774278215223094
1000000	50	0.999997	0.0	3e-06	0.0	0.984643	0.0	1.0	28.76	1.455057	0.485161	2.4e-05	17	32	49	23	27	24	9	28	11	21	14	39	48	11	17	23	22	20	24	40	28	41	32	23	20	14	22	32	11	13	18	17	21	57	16	26	12	37	19	19	43	19	16	16	14	16	22	28	41	30	vert.nd2	tw0	rTBR	0.4	vert.nd2.tw0	vert.nd2.tw0.conv_rTBR_0.400000.tsv	93.8	3.261474269819193
1000000	50	0.999996	0.0	4e-06	0.0	0.984643	0.0	1.0	28.1	1.525631	0.48514	2.4e-05	20	35	10	13	19	23	17	20	20	12	10	27	40	30	34	13	63	24	20	26	11	25	23	35	21	23	22	12	37	25	35	23	24	28	12	11	36	25	15	14	20	33	27	14	20	11	13	27	59	44	vert.nd2	tw0	rTBR	0.5	vert.nd2.tw0	vert.nd2.tw0.conv_rTBR_0.500000.tsv	93.8	3.3380782918149463
1000000	50	0.999979	1e-06	2.1e-05	1e-06	0.956091	0.0	1.0	437.82	49.800481	0.362535	0.000148	107	143	479	94	77	90	184	182	85	55	92	144	150	37	104	218	163	124	99	48	74	41	107	58	188	84	72	254	114	530	46	80	85	136	179	272	141	102	154	285	72	103	205	145	202	401	88	86	91	128	vert.nd2	tw5	MC3_NNI	0.0	vert.nd2.tw5	vert.nd2.tw5.conv_mc3_NNI_0.000000.tsv	3663.42	8.367411264903385
1000000	50	0.99998	1e-06	2e-05	1e-06	0.956091	0.0	1.0	278.66	28.502325	0.36301	0.000155	62	35	1192	71	316	121	61	112	72	75	177	55	169	31	167	92	48	170	51	37	111	111	83	81	76	171	65	65	101	277	70	178	89	151	107	38	138	53	47	71	54	84	102	48	205	73	53	106	99	43	vert.nd2	tw5	MC3_NNI	0.02	vert.nd2.tw5	vert.nd2.tw5.conv_mc3_NNI_0.020000.tsv	3663.42	13.146558530108376
1000000	50	0.999982	1e-06	1.8e-05	1e-06	0.956091	0.0	1.0	250.34	27.449406	0.362686	0.000114	49	37	85	98	27	97	26	103	45	62	59	56	80	43	50	66	80	84	114	39	47	44	66	106	30	74	98	52	17	39	61	45	23	41	420	16	267	46	55	66	42	41	77	17	38	195	119	67	530	172	vert.nd2	tw5	MC3_NNI	0.05	vert.nd2.tw5	vert.nd2.tw5.conv_mc3_NNI_0.050000.tsv	3663.42	14.633778061835903
1000000	50	0.999983	1e-06	1.7e-05	1e-06	0.956091	0.0	1.0	213.04	21.532907	0.362582	9.5e-05	38	64	61	103	45	18	49	314	51	212	219	19	25	32	25	24	24	77	9	47	27	41	52	39	44	18	16	39	63	36	25	39	24	48	40	36	283	222	7	37	28	64	216	90	12	49	27	114	21	16	vert.nd2	tw5	MC3_NNI	0.1	vert.nd2.tw5	vert.nd2.tw5.conv_mc3_NNI_0.100000.tsv	3663.42	17.19592564776568
1000000	50	0.999985	0.0	1.5e-05	0.0	0.956091	0.0	1.0	132.98	14.317379	0.362704	8.8e-05	201	13	34	71	45	89	17	45	50	42	9	68	17	10	38	29	93	43	24	18	20	43	21	24	25	21	28	18	7	18	31	166	36	30	36	110	301	186	128	99	12	23	59	46	19	52	88	12	48	240	vert.nd2	tw5	MC3_NNI	0.2	vert.nd2.tw5	vert.nd2.tw5.conv_mc3_NNI_0.200000.tsv	3663.42	27.548653932922246
1000000	50	0.999985	0.0	1.5e-05	0.0	0.956091	0.0	1.0	140.84	16.180774	0.362733	7.7e-05	23	89	47	8	45	17	145	37	143	35	136	61	10	37	12	30	26	10	96	27	87	62	43	36	40	115	35	44	185	348	66	8	71	48	41	127	54	14	22	40	13	117	58	14	17	25	115	312	27	10	vert.nd2	tw5	MC3_NNI	0.3	vert.nd2.tw5	vert.nd2.tw5.conv_mc3_NNI_0.300000.tsv	3663.42	26.01121840386254
1000000	50	0.999986	0.0	1.4e-05	0.0	0.956091	0.0	1.0	216.38	20.720056	0.362693	8.1e-05	40	24	43	12	17	27	350	21	103	47	389	142	169	194	392	13	300	139	20	267	39	95	213	97	326	37	293	132	21	134	66	50	209	400	34	26	92	45	162	93	208	68	19	58	223	27	109	332	78	227	vert.nd2	tw5	MC3_NNI	0.4	vert.nd2.tw5	vert.nd2.tw5.conv_mc3_NNI_0.400000.tsv	3663.42	16.930492651816248
1000000	50	0.999985	1e-06	1.5e-05	1e-06	0.956091	0.0	1.0	598.46	76.339747	0.362562	8.1e-05	286	228	157	743	272	256	56	1684	125	822	333	509	168	2859	2146	671	1041	472	192	78	56	280	445	113	308	677	272	1043	451	122	637	525	755	335	700	30	372	235	799	663	693	363	704	228	48	1475	163	30	524	539	vert.nd2	tw5	MC3_NNI	0.5	vert.nd2.tw5	vert.nd2.tw5.conv_mc3_NNI_0.500000.tsv	3663.42	6.121411623166126
1000000	50	0.999578	0.000299	0.000422	0.000299	0.956091	0.0	1.0	3663.42	666.941518	0.360721	0.000797	8447	67	316	224	284	639	2658	11016	130	71	392	100	47	630	4006	26630	25	2149	7253	787	235	2011	195	1404	97	3663	13622	626	2175	3865	711	1164	1304	4916	8617	8078	162	2546	1667	58	1405	433	10519	145	2452	6697	379	57	7733	841	vert.nd2	tw5	NNI	0.0	vert.nd2.tw5	vert.nd2.tw5.conv_NNI_0.000000.tsv	3663.42	1.0
1000000	50	0.999041	0.000503	0.000959	0.000503	0.956091	0.0	1.0	2682.04	802.843565	0.361494	0.000781	2101	171	41	1665	68	96	1303	26	369	271	1097	82	13102	242	802	28	64	99	59	96	213	25668	1717	1643	191	138	72	212	71	56	552	11700	61	204	142	118	255	7960	86	22	1119	1328	368	153	26545	859	218	7939	918	76	vert.nd2	tw5	NNI	0.02	vert.nd2.tw5	vert.nd2.tw5.conv_NNI_0.020000.tsv	3663.42	1.3659080401485437
1000000	50	0.999953	3e-06	4.7e-05	3e-06	0.956091	0.0	1.0	2553.76	566.333794	0.361824	0.000616	11243	91	270	2495	118	937	424	41	19629	2442	33	2170	4768	63	65	1790	15200	775	1234	589	5447	31	60	7434	3472	24	9457	47	3135	145	78	51	3394	2060	411	1184	6837	172	56	1189	292	25	56	1897	103	1765	31	136	3747	653	vert.nd2	tw5	NNI	0.05	vert.nd2.tw5	vert.nd2.tw5.conv_NNI_0.050000.tsv	3663.42	1.4345200801954763
1000000	50	0.999935	2e-05	6.5e-05	2e-05	0.956091	0.0	1.0	1601.88	272.53481	0.363193	0.000417	570	61	935	1441	76	3415	33	4447	1062	1812	619	3128	741	211	22	40	2796	35	48	34	79	3875	896	25	31	665	38	4828	524	77	16	418	1158	27	4369	518	5479	2842	1207	38	3285	9743	34	1456	22	708	3782	136	1334	82	vert.nd2	tw5	NNI	0.1	vert.nd2.tw5	vert.nd2.tw5.conv_NNI_0.100000.tsv	3663.42	2.2869503333583037
1000000	50	0.99997	8e-06	3e-05	8e-06	0.956091	0.0	1.0	821.16	176.114808	0.362688	0.000314	22	295	1986	19	28	63	786	191	404	58	36	134	1110	274	10	163	25	336	1851	3485	31	2715	30	15	478	834	87	650	42	23	2488	32	497	1946	2189	416	167	19	1614	30	25	58	3114	48	164	407	540	18	69	6848	vert.nd2	tw5	NNI	0.2	vert.nd2.tw5	vert.nd2.tw5.conv_NNI_0.200000.tsv	3663.42	4.461274294899898
1000000	50	0.999977	2e-06	2.3e-05	2e-06	0.956091	0.0	1.0	915.98	151.915209	0.362841	0.000337	72	1565	98	2491	1119	1961	57	17	1020	14	25	2092	26	184	436	1537	33	2302	451	3917	25	35	13	309	456	384	62	1613	691	55	2298	1026	1560	180	105	3070	154	19	312	180	39	3386	1792	272	1026	67	28	397	261	3446	vert.nd2	tw5	NNI	0.3	vert.nd2.tw5	vert.nd2.tw5.conv_NNI_0.300000.tsv	3663.42	3.9994541365532
1000000	50	0.999972	2e-06	2.8e-05	2e-06	0.956091	0.0	1.0	2269.16	780.105532	0.362371	0.000472	6586	8086	328	547	3422	13867	1512	660	44	1971	3475	34	806	681	19	3042	324	2106	248	1519	14	48	156	1084	47	1496	4426	512	65	97	36134	24	220	348	39	2198	45	4721	984	832	394	449	2308	71	779	557	1660	980	19	69	vert.nd2	tw5	NNI	0.4	vert.nd2.tw5	vert.nd2.tw5.conv_NNI_0.400000.tsv	3663.42	1.6144388231768585
1000000	50	0.999961	3e-06	3.9e-05	3e-06	0.956091	0.0	1.0	1577.24	313.987223	0.362285	0.000305	1431	416	279	2702	423	373	89	1020	47	487	834	86	1909	761	411	3857	1389	612	229	5292	129	936	2996	110	393	178	1587	2328	3924	30	1647	3520	389	5794	235	3386	12991	41	324	1215	376	1145	988	401	2066	13	385	4786	1227	58	vert.nd2	tw5	NNI	0.5	vert.nd2.tw5	vert.nd2.tw5.conv_NNI_0.500000.tsv	3663.42	2.322677588699247
1000000	50	0.999861	9e-06	0.000139	9e-06	0.956091	0.0	1.0	2541.86	261.738718	0.362677	0.000387	125	187	438	173	161	713	269	791	197	772	567	152	1098	1289	1230	241	1794	361	154	1023	278	998	628	406	195	724	371	4265	150	63	1364	49	179	698	590	282	502	482	98	131	206	205	944	163	432	964	307	98	46	210	vert.nd2	tw5	NNI2	0.0	vert.nd2.tw5	vert.nd2.tw5.conv_NNI2_0.000000.tsv	3663.42	1.4412359453313714
1000000	50	0.999924	4e-06	7.6e-05	4e-06	0.956091	0.0	1.0	1621.72	172.092199	0.362447	0.000345	286	890	177	640	380	633	221	133	676	52	86	206	171	102	394	507	282	191	156	476	2325	127	314	138	708	153	76	311	103	134	223	4059	342	195	151	215	197	387	197	537	1374	388	965	425	262	34	81	428	5163	512	vert.nd2	tw5	NNI2	0.02	vert.nd2.tw5	vert.nd2.tw5.conv_NNI2_0.020000.tsv	3663.42	2.2589719557013543
1000000	50	0.999952	2e-06	4.8e-05	2e-06	0.956091	0.0	1.0	913.46	131.531249	0.36305	0.00026	3638	51	98	24	1072	206	13	303	154	149	261	163	194	98	192	51	73	35	29	20	85	95	814	103	143	120	24	355	365	42	49	115	51	149	77	89	411	74	84	59	229	31	384	152	71	130	91	128	81	746	vert.nd2	tw5	NNI2	0.05	vert.nd2.tw5	vert.nd2.tw5.conv_NNI2_0.050000.tsv	3663.42	4.010487596610689
1000000	50	0.99997	1e-06	3e-05	1e-06	0.956091	0.0	1.0	361.14	36.955075	0.362863	0.000188	12	223	69	49	59	42	118	30	96	12	94	92	144	84	55	130	61	27	24	73	24	192	110	85	220	100	67	47	172	32	30	124	42	77	153	33	84	17	9	19	17	38	140	122	16	12	42	34	48	52	vert.nd2	tw5	NNI2	0.1	vert.nd2.tw5	vert.nd2.tw5.conv_NNI2_0.100000.tsv	3663.42	10.144043861106496
1000000	50	0.999981	1e-06	1.9e-05	1e-06	0.956091	0.0	1.0	188.92	27.903066	0.362701	9.3e-05	24	125	9	26	70	6	79	481	89	46	30	16	12	18	48	11	111	7	13	63	14	51	17	24	13	10	12	8	54	8	16	934	31	41	31	3	7	25	21	312	9	84	130	30	9	21	100	37	29	15	vert.nd2	tw5	NNI2	0.2	vert.nd2.tw5	vert.nd2.tw5.conv_NNI2_0.200000.tsv	3663.42	19.39138259580775
1000000	50	0.999985	0.0	1.5e-05	0.0	0.956091	0.0	1.0	109.82	15.979111	0.362961	7.4e-05	31	17	10	14	24	38	9	10	185	214	7	22	35	14	12	10	10	4	9	15	41	140	26	9	69	23	6	10	597	8	37	18	17	17	13	4	5	11	31	6	22	26	55	44	45	60	32	20	30	23	vert.nd2	tw5	NNI2	0.3	vert.nd2.tw5	vert.nd2.tw5.conv_NNI2_0.300000.tsv	3663.42	33.35840466217447
1000000	50	0.999985	0.0	1.5e-05	0.0	0.956091	0.0	1.0	198.78	61.514951	0.362729	7e-05	21	5	14	22	7	21	59	14	6	8	9	37	9	24	123	27	10	16	460	14	11	6	15	22	2941	32	27	32	12	19	27	847	111	50	11	9	9	872	7	9	10	13	180	4	38	10	8	30	268	11	vert.nd2	tw5	NNI2	0.4	vert.nd2.tw5	vert.nd2.tw5.conv_NNI2_0.400000.tsv	3663.42	18.429520072441896
1000000	50	0.999984	1e-06	1.6e-05	1e-06	0.956091	0.0	1.0	453.68	167.167042	0.362673	9.1e-05	172	6812	27	10	10	13	22	79	20	276	74	19	24	129	9	10	6	37	9	8	9	18	191	7	109	1797	43	6	24	29	1336	865	6	253	33	29	14	29	22	14	29	65	4637	1215	19	20	10	17	762	450	vert.nd2	tw5	NNI2	0.5	vert.nd2.tw5	vert.nd2.tw5.conv_NNI2_0.500000.tsv	3663.42	8.07489860694763
1000000	50	0.999807	1e-05	0.000193	1e-05	0.956091	0.0	1.0	2669.16	238.419155	0.362788	0.000557	1279	199	329	212	267	795	380	209	393	800	39	374	106	289	134	766	339	460	266	935	591	106	294	431	610	150	394	126	915	969	453	207	254	414	1492	309	213	151	185	83	554	1351	256	340	107	770	249	162	36	132	vert.nd2	tw5	TBR	0.0	vert.nd2.tw5	vert.nd2.tw5.conv_TBR_0.000000.tsv	3663.42	1.3724992132356248
1000000	50	0.999902	5e-06	9.8e-05	5e-06	0.956091	0.0	1.0	1046.98	109.180515	0.363135	0.000364	86	116	43	439	539	139	444	47	88	413	381	41	124	112	146	382	322	108	314	114	59	86	616	205	300	596	48	77	208	90	123	424	144	453	161	134	100	109	327	92	159	291	98	241	192	530	804	378	110	200	vert.nd2	tw5	TBR	0.02	vert.nd2.tw5	vert.nd2.tw5.conv_TBR_0.020000.tsv	3663.42	3.4990353206364975
1000000	50	0.999944	3e-06	5.6e-05	3e-06	0.956091	0.0	1.0	809.06	79.161753	0.363032	0.00026	174	72	216	236	14	298	51	35	180	121	193	186	216	109	137	109	106	81	16	208	28	66	91	40	144	45	51	108	97	124	98	97	109	73	54	36	142	153	784	147	22	83	203	312	50	146	113	207	650	50	vert.nd2	tw5	TBR	0.05	vert.nd2.tw5	vert.nd2.tw5.conv_TBR_0.050000.tsv	3663.42	4.527995451511631
1000000	50	0.999967	1e-06	3.3e-05	1e-06	0.956091	0.0	1.0	368.42	42.588013	0.362488	0.000154	139	130	23	10	12	65	21	41	39	100	81	43	31	73	27	152	90	86	48	34	150	121	36	160	17	36	12	40	48	18	29	6	97	44	116	147	15	35	6	54	80	62	55	38	12	9	31	27	117	36	vert.nd2	tw5	TBR	0.1	vert.nd2.tw5	vert.nd2.tw5.conv_TBR_0.100000.tsv	3663.42	9.943596981705662
1000000	50	0.99998	1e-06	2e-05	1e-06	0.956091	0.0	1.0	196.92	18.305388	0.36283	0.000126	24	68	36	17	27	26	10	22	40	22	11	56	8	67	48	113	32	47	4	9	23	23	13	15	19	45	13	129	55	14	24	71	8	90	19	25	18	11	12	4	7	24	4	17	122	31	16	36	32	14	vert.nd2	tw5	TBR	0.2	vert.nd2.tw5	vert.nd2.tw5.conv_TBR_0.200000.tsv	3663.42	18.603595368677638
1000000	50	0.999981	1e-06	1.9e-05	1e-06	0.956091	0.0	1.0	177.62	23.941048	0.362926	0.000113	103	26	53	9	8	10	7	20	21	29	11	24	38	69	17	34	11	24	19	28	10	7	9	23	16	8	7	30	7	8	18	12	5	35	10	18	18	14	39	7	33	8	26	39	15	4	20	10	35	19	vert.nd2	tw5	TBR	0.3	vert.nd2.tw5	vert.nd2.tw5.conv_TBR_0.300000.tsv	3663.42	20.625042224974663
1000000	50	0.999984	0.0	1.6e-05	0.0	0.956091	0.0	1.0	147.6	15.638806	0.36281	0.000106	27	15	27	9	4	21	24	7	19	14	10	4	21	40	36	10	5	37	5	12	30	21	12	40	4	7	10	7	49	21	17	7	12	61	30	7	5	48	10	6	13	9	12	5	16	13	20	9	4	10	vert.nd2	tw5	TBR	0.4	vert.nd2.tw5	vert.nd2.tw5.conv_TBR_0.400000.tsv	3663.42	24.819918699186992
1000000	50	0.999984	1e-06	1.6e-05	1e-06	0.956091	0.0	1.0	101.8	9.886746	0.36284	0.0001	19	33	25	6	11	15	7	47	4	32	20	64	9	5	3	9	7	50	5	74	19	15	26	14	29	26	65	7	18	4	26	11	30	24	3	5	43	5	32	57	4	5	14	21	9	5	14	23	4	11	vert.nd2	tw5	TBR	0.5	vert.nd2.tw5	vert.nd2.tw5.conv_TBR_0.500000.tsv	3663.42	35.986444007858545
1000000	50	0.999818	1.3e-05	0.000182	1.3e-05	0.956091	0.0	1.0	2073.16	248.169646	0.36288	0.000472	485	749	457	337	85	832	270	205	343	440	370	1070	137	665	889	345	255	409	315	146	116	82	1397	167	127	53	1033	86	519	701	1282	451	188	311	450	918	383	89	768	332	832	664	585	836	34	1004	425	144	268	345	vert.nd2	tw5	rTBR	0.0	vert.nd2.tw5	vert.nd2.tw5.conv_rTBR_0.000000.tsv	3663.42	1.7670705589534819
1000000	50	0.999906	5e-06	9.4e-05	5e-06	0.956091	0.0	1.0	1343.8	144.86013	0.362956	0.000349	128	765	280	341	163	364	125	258	293	125	149	298	428	281	37	316	251	545	178	39	339	149	266	150	113	266	112	84	50	730	335	434	89	301	135	120	558	378	234	77	180	182	286	511	187	294	387	126	53	73	vert.nd2	tw5	rTBR	0.02	vert.nd2.tw5	vert.nd2.tw5.conv_rTBR_0.020000.tsv	3663.42	2.726164607828546
1000000	50	0.999938	3e-06	6.2e-05	3e-06	0.956091	0.0	1.0	701.04	75.535638	0.362892	0.000315	102	123	128	140	35	68	201	120	164	70	156	134	213	372	26	325	143	47	53	144	192	46	52	117	432	131	157	28	89	39	117	260	222	23	205	260	159	66	67	78	101	176	70	113	130	276	31	221	80	107	vert.nd2	tw5	rTBR	0.05	vert.nd2.tw5	vert.nd2.tw5.conv_rTBR_0.050000.tsv	3663.42	5.225693255734338
1000000	50	0.999958	2e-06	4.2e-05	2e-06	0.956091	0.0	1.0	421.2	40.54775	0.363388	0.000173	255	16	44	95	96	80	145	152	230	66	17	45	26	32	58	60	148	88	99	86	37	83	79	37	20	123	184	112	67	75	47	87	10	41	25	80	104	158	59	43	35	32	30	39	67	83	42	124	57	79	vert.nd2	tw5	rTBR	0.1	vert.nd2.tw5	vert.nd2.tw5.conv_rTBR_0.100000.tsv	3663.42	8.697578347578348
1000000	50	0.999971	1e-06	2.9e-05	1e-06	0.956091	0.0	1.0	262.18	31.863455	0.362916	0.000146	70	66	97	33	161	97	98	116	35	61	33	15	48	75	42	94	15	197	119	22	27	76	20	76	82	44	49	31	121	18	40	61	177	28	23	183	45	33	69	37	23	43	47	39	83	151	95	22	137	37	vert.nd2	tw5	rTBR	0.2	vert.nd2.tw5	vert.nd2.tw5.conv_rTBR_0.200000.tsv	3663.42	13.972919368372873
1000000	50	0.999974	1e-06	2.6e-05	1e-06	0.956091	0.0	1.0	249.26	28.160369	0.363123	0.000139	48	60	76	47	14	124	32	58	67	89	92	9	79	27	89	24	182	117	21	106	43	25	94	42	136	77	38	44	214	88	46	74	23	66	96	30	95	55	64	35	28	14	27	52	125	53	89	65	16	29	vert.nd2	tw5	rTBR	0.3	vert.nd2.tw5	vert.nd2.tw5.conv_rTBR_0.300000.tsv	3663.42	14.697183663644388
1000000	50	0.999973	1e-06	2.7e-05	1e-06	0.956091	0.0	1.0	194.66	19.449749	0.362814	0.000177	62	146	65	14	12	15	43	11	17	58	74	16	68	21	24	60	36	18	65	80	58	33	24	44	111	16	101	27	32	39	30	18	87	31	46	39	25	132	12	50	34	68	34	40	92	19	27	71	79	139	vert.nd2	tw5	rTBR	0.4	vert.nd2.tw5	vert.nd2.tw5.conv_rTBR_0.400000.tsv	3663.42	18.819582862426795
1000000	50	0.999972	1e-06	2.8e-05	1e-06	0.956091	0.0	1.0	276.18	30.621957	0.363364	0.000128	50	16	18	57	28	107	22	205	78	24	115	50	84	101	72	55	12	51	18	92	23	51	77	52	47	62	40	121	66	28	24	96	68	34	40	71	31	31	26	8	41	37	100	90	41	61	34	35	37	53	vert.nd2	tw5	rTBR	0.5	vert.nd2.tw5	vert.nd2.tw5.conv_rTBR_0.500000.tsv	3663.42	13.264610036932435
1000000	50	0.99997	1e-06	3e-05	1e-06	0.966169	0.0	1.0	143.64	7.569151	0.277463	4.5e-05	71	83	51	42	79	64	59	79	19	33	40	75	61	38	88	41	59	61	114	65	42	56	50	64	53	59	42	55	61	51	38	70	90	50	46	95	52	59	55	37	72	93	51	66	67	60	43	82	83	16	vert.nd3	tw0	MC3_NNI	0.0	vert.nd3.tw0	vert.nd3.tw0.conv_mc3_NNI_0.000000.tsv	329.06	2.290866054023949
1000000	50	0.999971	1e-06	2.9e-05	1e-06	0.966169	0.0	1.0	121.6	10.519603	0.277562	4.9e-05	62	36	50	31	96	65	22	43	58	40	41	33	16	38	53	65	48	35	55	75	55	54	35	58	61	47	22	47	48	67	59	43	42	48	53	46	37	67	36	47	86	40	44	44	31	25	71	70	26	49	vert.nd3	tw0	MC3_NNI	0.02	vert.nd3.tw0	vert.nd3.tw0.conv_mc3_NNI_0.020000.tsv	329.06	2.7060855263157895
1000000	50	0.999974	1e-06	2.6e-05	1e-06	0.966169	0.0	1.0	86.68	7.774287	0.277483	4e-05	17	41	31	22	33	31	33	22	30	31	29	17	27	13	35	13	17	25	19	36	15	21	27	34	24	33	24	37	23	23	24	32	20	43	21	20	23	17	15	17	30	23	26	17	21	28	45	19	39	31	vert.nd3	tw0	MC3_NNI	0.05	vert.nd3.tw0	vert.nd3.tw0.conv_mc3_NNI_0.050000.tsv	329.06	3.7962621135209966
1000000	50	0.999976	1e-06	2.4e-05	1e-06	0.966169	0.0	1.0	80.66	7.805681	0.27753	4.1e-05	31	31	32	15	18	23	9	18	20	14	25	13	20	20	24	15	16	21	11	13	11	26	18	39	25	15	16	25	21	27	9	19	20	24	14	6	17	11	21	8	19	14	24	21	17	11	14	20	20	17	vert.nd3	tw0	MC3_NNI	0.1	vert.nd3.tw0	vert.nd3.tw0.conv_mc3_NNI_0.100000.tsv	329.06	4.079593354822713
1000000	50	0.99998	1e-06	2e-05	1e-06	0.966169	0.0	1.0	80.06	5.985248	0.277426	3.3e-05	17	11	13	13	12	13	11	17	17	15	26	13	23	14	19	33	12	12	12	8	13	10	30	12	19	25	15	17	21	14	20	17	17	23	22	19	10	9	12	27	18	6	8	12	14	13	12	13	14	9	vert.nd3	tw0	MC3_NNI	0.2	vert.nd3.tw0	vert.nd3.tw0.conv_mc3_NNI_0.200000.tsv	329.06	4.110167374469148
1000000	50	0.99998	0.0	2e-05	0.0	0.966169	0.0	1.0	423.94	97.892879	0.277393	3.2e-05	41	342	255	57	311	18	1109	656	13	16	6	74	9	1158	74	22	29	13	353	723	1079	180	30	585	229	17	13	1646	441	3745	11	17	13	2088	14	7	12	63	17	38	294	38	19	1411	49	23	350	18	132	11	vert.nd3	tw0	MC3_NNI	0.3	vert.nd3.tw0	vert.nd3.tw0.conv_mc3_NNI_0.300000.tsv	329.06	0.7761947445393216
1000000	50	0.979978	0.02	0.020022	0.02	0.946845	0.019323	0.98	38572.122449	9857.599477	0.26142	0.005973	159348	23107	13284	43	1624	26019	14	1172	35	24844	197	1615	1243	275	104050	409	12	42314	1094	13	3315	1926	21	17	8	732	31747	15	1470	127833	-1	117010	24727	5654	6967	1975	2054	10512	538	150944	187461	35989	9	20973	61246	66730	102131	364288	27827	132814	vert.nd3	tw0	MC3_NNI	0.4	vert.nd3.tw0	vert.nd3.tw0.conv_mc3_NNI_0.400000.tsv	329.06	0.008531031716885235
1000000	50	0.139994	0.049568	0.860006	0.049568	0.135264	0.047893	0.14	394381.571429	111460.793663	0.023523	0.009263	-1	-1	-1	-1	-1	-1	-1	-1	-1	-1	-1	101686	-1	-1	214529	-1	-1	-1	-1	-1	14060	-1	-1	-1	-1	-1	-1	-1	583718	-1	-1	-1	-1	-1	-1	737119	-1	-1	-1	-1	389741	-1	-1	-1	719584	-1	-1	-1	-1	-1	vert.nd3	tw0	MC3_NNI	0.5	vert.nd3.tw0	vert.nd3.tw0.conv_mc3_NNI_0.500000.tsv	329.06	0.0008343696152122063
1000000	50	0.99992	3e-06	8e-05	3e-06	0.966169	0.0	1.0	329.06	36.602525	0.277507	9.6e-05	109	35	122	88	60	102	101	90	53	101	87	143	74	92	109	139	100	71	117	67	51	196	48	79	168	39	125	91	46	74	70	118	108	87	104	70	69	85	124	112	80	121	75	99	78	137	107	59	162	97	vert.nd3	tw0	NNI	0.0	vert.nd3.tw0	vert.nd3.tw0.conv_NNI_0.000000.tsv	329.06	1.0
1000000	50	0.999937	3e-06	6.3e-05	3e-06	0.966169	0.0	1.0	185.3	18.62152	0.277518	7.4e-05	76	26	43	75	71	37	83	105	50	33	37	55	52	64	49	52	53	26	51	80	37	51	64	29	51	68	50	55	41	63	79	110	51	54	68	54	83	72	66	74	47	80	55	53	44	127	74	43	74	66	vert.nd3	tw0	NNI	0.02	vert.nd3.tw0	vert.nd3.tw0.conv_NNI_0.020000.tsv	329.06	1.775822989746357
1000000	50	0.999949	2e-06	5.1e-05	2e-06	0.966169	0.0	1.0	169.92	16.908272	0.277396	6.6e-05	26	28	38	40	30	40	28	30	34	17	48	31	51	64	42	35	102	58	41	33	29	42	49	40	14	34	15	25	59	29	40	56	34	54	21	29	28	26	43	25	54	39	26	20	48	18	22	19	45	33	vert.nd3	tw0	NNI	0.05	vert.nd3.tw0	vert.nd3.tw0.conv_NNI_0.050000.tsv	329.06	1.9365583804143127
1000000	50	0.999964	1e-06	3.6e-05	1e-06	0.966169	0.0	1.0	128.36	13.085613	0.277486	6.5e-05	27	23	37	31	39	34	25	14	41	12	20	31	17	31	24	31	18	29	29	18	20	22	45	28	16	25	29	27	20	42	18	29	24	23	18	23	15	11	31	37	65	18	26	15	29	37	18	20	14	20	vert.nd3	tw0	NNI	0.1	vert.nd3.tw0	vert.nd3.tw0.conv_NNI_0.100000.tsv	329.06	2.563571205983172
1000000	50	0.999975	1e-06	2.5e-05	1e-06	0.966169	0.0	1.0	113.84	18.175142	0.27739	4.2e-05	17	26	125	821	39	48	16	326	65	120	25	34	11	12	10	75	18	36	34	16	10	29	36	26	17	33	12	22	120	21	54	20	47	23	12	22	19	14	13	14	8	29	190	36	14	19	44	20	19	12	vert.nd3	tw0	NNI	0.2	vert.nd3.tw0	vert.nd3.tw0.conv_NNI_0.200000.tsv	329.06	2.890548137737175
1000000	50	0.999978	1e-06	2.2e-05	1e-06	0.966169	0.0	1.0	8471.26	3608.288843	0.275096	0.001003	476	754	493	143	185	1216	225	9	20	47	531	2956	15	3842	19	19	127201	2686	11	3911	2048	18413	31196	24	234	21	33	305	1346	40	77	18	48	30	17	16	5791	41	741	30	19	50	8602	83	6	102326	12279	7987	84103	59	vert.nd3	tw0	NNI	0.3	vert.nd3.tw0	vert.nd3.tw0.conv_NNI_0.300000.tsv	329.06	0.03884428054386242
1000000	50	0.819981	0.054883	0.180019	0.054883	0.792258	0.053027	0.82	93794.073171	23117.808504	0.206155	0.014759	134054	22409	45185	-1	205468	251852	26202	-1	45053	274844	-1	2257	17	3850	-1	155	99027	11333	134931	8838	9173	15332	7277	59956	2290	80671	555	-1	256672	155237	97647	124486	972	84794	-1	8231	2540	5	114226	695676	6657	338772	-1	21	-1	134	5321	-1	2354	509404	vert.nd3	tw0	NNI	0.4	vert.nd3.tw0	vert.nd3.tw0.conv_NNI_0.400000.tsv	329.06	0.0035083240217116556
1000000	50	0.099997	0.042856	0.900003	0.042856	0.096617	0.041407	0.1	183388.2	89719.795548	0.022672	0.009973	-1	-1	-1	-1	30546	-1	-1	-1	-1	-1	-1	64854	-1	-1	-1	-1	-1	-1	-1	-1	-1	-1	528902	-1	-1	-1	-1	-1	-1	-1	-1	-1	-1	-1	-1	-1	-1	-1	-1	-1	-1	-1	172928	-1	-1	-1	-1	-1	-1	119330	vert.nd3	tw0	NNI	0.5	vert.nd3.tw0	vert.nd3.tw0.conv_NNI_0.500000.tsv	329.06	0.0017943357315247108
1000000	50	0.999881	4e-06	0.000119	4e-06	0.966169	0.0	1.0	1065.56	123.865962	0.277386	0.000198	357	109	259	288	276	80	337	522	109	275	78	86	158	47	220	391	268	117	216	165	367	151	207	146	283	258	315	48	334	94	179	357	138	37	120	84	109	106	187	124	112	125	128	177	58	101	105	233	142	337	vert.nd3	tw0	NNI2	0.0	vert.nd3.tw0	vert.nd3.tw0.conv_NNI2_0.000000.tsv	329.06	0.30881414467510043
1000000	50	0.999916	3e-06	8.4e-05	3e-06	0.966169	0.0	1.0	626.02	52.507877	0.277368	0.000165	34	123	39	87	132	242	430	299	98	93	86	154	87	25	52	57	73	180	198	80	106	44	88	206	91	107	87	179	74	308	332	127	120	235	144	43	84	39	96	21	64	26	110	392	65	43	44	96	33	22	vert.nd3	tw0	NNI2	0.02	vert.nd3.tw0	vert.nd3.tw0.conv_NNI2_0.020000.tsv	329.06	0.5256381585252867
1000000	50	0.999943	2e-06	5.7e-05	2e-06	0.966169	0.0	1.0	346.52	24.68175	0.277422	0.000161	13	169	69	15	37	119	58	55	115	33	97	33	39	18	67	16	14	15	33	15	87	54	62	110	22	26	149	27	35	44	100	151	17	74	180	36	47	107	18	64	50	30	56	67	16	69	39	7	19	59	vert.nd3	tw0	NNI2	0.05	vert.nd3.tw0	vert.nd3.tw0.conv_NNI2_0.050000.tsv	329.06	0.9496132979337413
1000000	50	0.999962	1e-06	3.8e-05	1e-06	0.966169	0.0	1.0	226.48	23.718868	0.277557	0.000106	65	9	12	47	36	31	10	71	13	120	56	16	73	16	30	35	24	23	44	21	19	51	8	26	30	8	25	35	24	23	43	15	19	9	86	78	9	33	10	46	13	13	9	43	23	41	26	16	14	9	vert.nd3	tw0	NNI2	0.1	vert.nd3.tw0	vert.nd3.tw0.conv_NNI2_0.100000.tsv	329.06	1.4529318262098199
1000000	50	0.999976	1e-06	2.4e-05	1e-06	0.966169	0.0	1.0	124.66	12.69834	0.277464	6.3e-05	9	14	18	20	31	20	17	14	12	18	16	8	5	30	11	33	35	9	9	25	8	11	16	20	29	7	11	48	10	19	30	10	10	13	18	11	10	24	23	8	7	23	20	11	12	82	21	10	26	9	vert.nd3	tw0	NNI2	0.2	vert.nd3.tw0	vert.nd3.tw0.conv_NNI2_0.200000.tsv	329.06	2.639659874859618
1000000	50	0.99998	1e-06	2e-05	1e-06	0.966169	0.0	1.0	428.18	263.327481	0.277346	7.8e-05	22	12904	7	42	7	27	5	25	16	2937	139	7	10	6	378	16	9	10	241	26	8	17	12	10	8	20	99	9	8	13	21	14	172	6	8	8	6	8	13	8	6	27	9	17	22	13	8	7	27	4	vert.nd3	tw0	NNI2	0.3	vert.nd3.tw0	vert.nd3.tw0.conv_NNI2_0.300000.tsv	329.06	0.7685085711616609
1000000	50	0.939983	0.033926	0.060017	0.033926	0.908199	0.032779	0.94	22011.425532	8777.516518	0.255062	0.009486	17	3318	7	4	6791	-1	5	3152	18704	27114	36	182266	16	56	-1	135	-1	7	8	842	5595	15191	124353	23	8	19107	228	13	81401	10	917	51990	351379	16	32903	8	9510	20	41	23775	5024	954	173	1337	10	6	214	10	64813	6	vert.nd3	tw0	NNI2	0.4	vert.nd3.tw0	vert.nd3.tw0.conv_NNI2_0.400000.tsv	329.06	0.014949508814030045
1000000	50	0.479987	0.07137	0.520013	0.07137	0.463761	0.068957	0.48	197848.458333	50948.180375	0.106813	0.017241	15372	329702	198030	417400	327105	-1	-1	-1	-1	-1	-1	694003	18	-1	6462	-1	-1	-1	-1	-1	-1	-1	-1	-1	-1	-1	772204	11	-1	-1	14242	-1	1124	5	-1	579472	-1	-1	526029	415276	8	15	177126	63000	517	-1	222	6	-1	210164	vert.nd3	tw0	NNI2	0.5	vert.nd3.tw0	vert.nd3.tw0.conv_NNI2_0.500000.tsv	329.06	0.0016631921359031114
1000000	50	0.999834	6e-06	0.000166	6e-06	0.966169	0.0	1.0	1158.4	124.425216	0.277292	0.000205	118	174	339	134	246	223	289	89	292	113	187	127	42	288	213	165	59	155	108	152	142	169	302	394	185	274	171	82	156	208	342	162	110	110	53	230	414	82	113	199	134	107	243	357	702	107	98	315	216	227	vert.nd3	tw0	TBR	0.0	vert.nd3.tw0	vert.nd3.tw0.conv_TBR_0.000000.tsv	329.06	0.284064226519337
1000000	50	0.999894	4e-06	0.000106	4e-06	0.966169	0.0	1.0	489.48	49.765599	0.277344	0.000144	249	139	76	69	42	34	83	34	81	150	34	85	164	72	85	59	85	35	44	77	164	204	54	73	92	65	84	130	93	63	55	74	33	60	261	167	50	34	69	98	234	31	33	118	92	137	38	165	82	92	vert.nd3	tw0	TBR	0.02	vert.nd3.tw0	vert.nd3.tw0.conv_TBR_0.020000.tsv	329.06	0.6722644438996486
1000000	50	0.999932	2e-06	6.8e-05	2e-06	0.966169	0.0	1.0	341.54	29.974468	0.277544	0.000111	19	65	61	13	67	42	39	51	83	63	67	54	61	17	30	27	57	38	42	80	42	26	53	28	55	72	47	80	45	56	25	141	93	65	88	21	34	13	25	18	29	54	60	57	94	16	37	17	42	93	vert.nd3	tw0	TBR	0.05	vert.nd3.tw0	vert.nd3.tw0.conv_TBR_0.050000.tsv	329.06	0.9634596240557475
1000000	50	0.999956	2e-06	4.4e-05	2e-06	0.966169	0.0	1.0	230.52	28.511612	0.27738	6.8e-05	57	20	17	17	61	7	19	6	66	3	25	21	10	17	11	28	5	17	96	5	47	39	40	68	14	21	23	17	28	97	16	22	35	45	10	30	43	14	9	26	21	35	12	35	22	47	16	18	9	70	vert.nd3	tw0	TBR	0.1	vert.nd3.tw0	vert.nd3.tw0.conv_TBR_0.100000.tsv	329.06	1.4274683324657296
1000000	50	0.999972	1e-06	2.8e-05	1e-06	0.966169	0.0	1.0	120.46	12.214819	0.277427	7e-05	6	13	13	11	4	22	9	10	11	8	7	11	33	22	62	18	24	28	11	19	14	11	18	17	22	16	12	7	12	10	15	13	13	32	39	6	85	15	6	14	18	12	22	7	11	8	10	31	19	22	vert.nd3	tw0	TBR	0.2	vert.nd3.tw0	vert.nd3.tw0.conv_TBR_0.200000.tsv	329.06	2.731695168520671
1000000	50	0.999977	1e-06	2.3e-05	1e-06	0.966169	0.0	1.0	86.04	9.246774	0.27748	4.9e-05	15	23	2	4	8	20	6	48	13	13	7	6	16	16	13	11	8	19	18	3	8	9	5	9	8	16	9	26	6	7	6	6	3	9	9	17	6	24	8	11	13	9	13	5	33	9	10	6	7	3	vert.nd3	tw0	TBR	0.3	vert.nd3.tw0	vert.nd3.tw0.conv_TBR_0.300000.tsv	329.06	3.824500232450023
1000000	50	0.99998	1e-06	2e-05	1e-06	0.966169	0.0	1.0	92.64	8.243823	0.277414	4.2e-05	4	8	12	7	12	6	5	12	7	6	23	10	25	4	19	6	12	17	4	13	14	9	6	8	6	3	12	8	6	5	23	17	9	12	7	7	11	6	14	8	27	4	43	10	5	4	6	6	9	3	vert.nd3	tw0	TBR	0.4	vert.nd3.tw0	vert.nd3.tw0.conv_TBR_0.400000.tsv	329.06	3.5520293609671847
1000000	50	0.999981	1e-06	1.9e-05	1e-06	0.966169	0.0	1.0	102.54	10.774543	0.277377	5.1e-05	3	11	75	6	11	9	15	5	6	5	5	6	12	8	4	5	17	7	76	6	6	6	143	5	7	4	13	6	8	15	8	8	8	34	4	45	6	216	24	8	20	92	12	7	5	7	8	4	5	8	vert.nd3	tw0	TBR	0.5	vert.nd3.tw0	vert.nd3.tw0.conv_TBR_0.500000.tsv	329.06	3.2090891359469476
1000000	50	0.99982	7e-06	0.00018	7e-06	0.966169	0.0	1.0	1172.94	118.147923	0.280067	0.000272	121	400	98	223	198	94	41	198	153	286	109	377	145	331	222	48	73	175	242	84	125	325	331	241	124	163	71	196	238	112	144	182	300	84	244	134	120	211	74	119	155	323	295	88	136	155	403	227	267	108	vert.nd3	tw0	rTBR	0.0	vert.nd3.tw0	vert.nd3.tw0.conv_rTBR_0.000000.tsv	329.06	0.2805429092707214
1000000	50	0.999893	4e-06	0.000107	4e-06	0.966169	0.0	1.0	508.96	47.960034	0.279875	0.000145	145	49	31	94	81	185	75	29	59	75	122	57	60	319	127	96	90	123	44	148	101	113	33	112	172	128	42	103	120	115	169	149	163	114	80	87	46	65	109	83	131	100	114	52	85	123	138	153	71	50	vert.nd3	tw0	rTBR	0.02	vert.nd3.tw0	vert.nd3.tw0.conv_rTBR_0.020000.tsv	329.06	0.6465341087708268
1000000	50	0.999928	3e-06	7.2e-05	3e-06	0.966169	0.0	1.0	363.1	38.27226	0.279966	0.000113	36	13	54	30	28	34	19	68	49	22	5	70	73	54	61	28	92	29	30	98	23	107	34	50	61	51	12	26	19	79	25	42	11	129	67	42	44	59	48	42	45	69	46	27	32	78	19	59	26	94	vert.nd3	tw0	rTBR	0.05	vert.nd3.tw0	vert.nd3.tw0.conv_rTBR_0.050000.tsv	329.06	0.9062517212889011
1000000	50	0.999947	2e-06	5.3e-05	2e-06	0.966169	0.0	1.0	273.16	26.051571	0.279978	9.7e-05	28	29	19	41	54	22	30	14	48	30	36	26	18	9	17	31	33	44	44	58	26	39	48	45	24	48	46	20	44	50	23	27	30	23	21	33	55	32	10	26	19	65	26	56	49	40	55	13	17	55	vert.nd3	tw0	rTBR	0.1	vert.nd3.tw0	vert.nd3.tw0.conv_rTBR_0.100000.tsv	329.06	1.2046419680773173
1000000	50	0.999956	2e-06	4.4e-05	2e-06	0.966169	0.0	1.0	170.74	16.942371	0.279977	9e-05	43	14	26	36	14	24	41	24	16	66	19	47	31	21	16	47	32	22	33	19	13	22	22	35	28	7	39	39	22	22	25	66	17	18	18	15	43	12	27	63	55	27	13	16	56	13	29	19	23	10	vert.nd3	tw0	rTBR	0.2	vert.nd3.tw0	vert.nd3.tw0.conv_rTBR_0.200000.tsv	329.06	1.9272578189059388
1000000	50	0.999963	1e-06	3.7e-05	1e-06	0.966169	0.0	1.0	157.56	14.727959	0.279987	6.7e-05	30	58	24	22	17	29	7	10	18	24	27	49	23	25	34	36	28	26	16	56	19	31	39	52	15	30	44	10	44	32	17	13	58	16	31	59	44	29	18	11	51	35	16	37	8	34	36	22	24	25	vert.nd3	tw0	rTBR	0.3	vert.nd3.tw0	vert.nd3.tw0.conv_rTBR_0.300000.tsv	329.06	2.0884742320385885
1000000	50	0.999964	1e-06	3.6e-05	1e-06	0.966169	0.0	1.0	186.7	17.126284	0.279941	7.1e-05	21	26	32	25	18	21	14	8	27	22	29	22	22	35	10	26	31	11	24	20	24	59	13	21	23	15	27	36	21	24	32	32	21	11	22	25	63	45	20	16	10	15	13	12	18	29	58	31	43	51	vert.nd3	tw0	rTBR	0.4	vert.nd3.tw0	vert.nd3.tw0.conv_rTBR_0.400000.tsv	329.06	1.7625066952329942
1000000	50	0.999963	1e-06	3.7e-05	1e-06	0.966169	0.0	1.0	145.92	15.676183	0.279942	7.2e-05	24	44	22	21	6	31	20	13	39	14	16	14	13	27	18	42	16	26	27	23	21	23	24	37	22	6	21	28	15	67	17	77	15	23	33	46	37	20	15	37	17	10	18	29	17	20	16	39	14	14	vert.nd3	tw0	rTBR	0.5	vert.nd3.tw0	vert.nd3.tw0.conv_rTBR_0.500000.tsv	329.06	2.255071271929825
1000000	50	0.999931	2e-06	6.9e-05	2e-06	0.956646	0.0	1.0	907.18	156.338434	0.19846	8.9e-05	210	314	82	67	202	174	234	58	131	53	42	74	112	232	216	37	91	70	35	1426	64	118	93	85	64	86	153	291	152	108	156	95	172	180	127	90	357	123	85	77	68	96	86	85	225	86	330	145	198	93	vert.nd3	tw5	MC3_NNI	0.0	vert.nd3.tw5	vert.nd3.tw5.conv_mc3_NNI_0.000000.tsv	23685.66	26.109107343636325
1000000	50	0.999933	2e-06	6.7e-05	2e-06	0.956646	0.0	1.0	1204.5	161.843427	0.198456	8.2e-05	66	73	59	102	83	305	46	119	31	90	343	54	55	30	41	46	125	97	64	83	51	48	538	33	79	145	104	73	30	104	93	105	57	74	130	60	67	35	48	55	43	16	70	66	75	133	38	62	82	91	vert.nd3	tw5	MC3_NNI	0.02	vert.nd3.tw5	vert.nd3.tw5.conv_mc3_NNI_0.020000.tsv	23685.66	19.664308841843088
1000000	50	0.999934	2e-06	6.6e-05	2e-06	0.956646	0.0	1.0	734.96	125.746421	0.198477	8.2e-05	38	45	72	83	67	80	25	47	41	73	45	32	57	129	55	31	115	84	32	50	60	70	27	21	64	95	30	49	228	49	50	86	54	31	50	84	36	73	33	62	51	29	91	21	106	102	42	36	42	93	vert.nd3	tw5	MC3_NNI	0.05	vert.nd3.tw5	vert.nd3.tw5.conv_mc3_NNI_0.050000.tsv	23685.66	32.227141613149016
1000000	50	0.999937	2e-06	6.3e-05	2e-06	0.956646	0.0	1.0	609.34	84.183074	0.198462	6.9e-05	105	53	131	25	23	30	59	36	100	10	50	181	36	249	28	18	78	81	26	22	25	59	44	37	45	87	15	129	31	24	29	85	100	24	38	58	8	1363	47	90	25	40	404	35	46	558	47	30	45	30	vert.nd3	tw5	MC3_NNI	0.1	vert.nd3.tw5	vert.nd3.tw5.conv_mc3_NNI_0.100000.tsv	23685.66	38.871007975842716
1000000	50	0.999946	1e-06	5.4e-05	1e-06	0.956646	0.0	1.0	512.08	100.008142	0.198522	4.7e-05	24	19	28	20	36	985	77	126	383	38	113	35	53	23	13	27	20	19	18	45	136	21	30	17	20	29	40	39	16	22	37	17	16	20	89	65	25	15	24	34	18	20	10	12	30	152	49	43	14	9	vert.nd3	tw5	MC3_NNI	0.2	vert.nd3.tw5	vert.nd3.tw5.conv_mc3_NNI_0.200000.tsv	23685.66	46.25382752694891
1000000	50	0.999942	2e-06	5.8e-05	2e-06	0.956646	0.0	1.0	1722.64	682.320682	0.198312	0.000126	1365	31	27	45	26	26	67	19	23	50	25	14	27477	26	34	30	52	33	100	8	79	62	18	1148	36	63	26	10	133	28	10	47	20	16162	33	20	11	71	21	22	25	40	107	30	105	78	64	9	17	14	vert.nd3	tw5	MC3_NNI	0.3	vert.nd3.tw5	vert.nd3.tw5.conv_mc3_NNI_0.300000.tsv	23685.66	13.749628477221009
1000000	50	0.999941	2e-06	5.9e-05	2e-06	0.956646	0.0	1.0	2017.66	315.05601	0.198379	6.3e-05	6578	29	32	162	48	165	89	59	242	2932	19	68	45	1511	132	690	16	452	171	41	22	54	34	30	57	9	40	23	95	16	22	111	21	137	279	1138	90	888	56	716	1873	21	50	799	81	225	4944	55	1114	165	vert.nd3	tw5	MC3_NNI	0.4	vert.nd3.tw5	vert.nd3.tw5.conv_mc3_NNI_0.400000.tsv	23685.66	11.739173101513634
1000000	50	0.999933	2e-06	6.7e-05	2e-06	0.956646	0.0	1.0	26765.16	13017.694226	0.193651	0.002561	3842	2515	202923	61	35	7300	75	499	250	859	54	7968	198	197	1451	112	9646	313	51654	9189	15534	2184	17	4686	26269	721	5651	632	218	93	178296	35	5	3532	13861	926	7209	7354	45	1753	447	90	634	181	29	918	43621	146	601650	59	vert.nd3	tw5	MC3_NNI	0.5	vert.nd3.tw5	vert.nd3.tw5.conv_mc3_NNI_0.500000.tsv	23685.66	0.8849437104056168
1000000	50	0.99984	3e-06	0.00016	3e-06	0.956646	0.0	1.0	23685.66	5637.724512	0.19504	0.001118	99	54632	442	83	189	143	498	131299	4084	185	141	134	8060	75	65914	53	289	176	161	1148	933	82	247	537	2971	109	160	89	189	83	77	213	222	81	2264	854	214	92040	734	194	95519	23424	74	3328	147058	253	130	528	137130	110	vert.nd3	tw5	NNI	0.0	vert.nd3.tw5	vert.nd3.tw5.conv_NNI_0.000000.tsv	23685.66	1.0
1000000	50	0.999857	3e-06	0.000143	3e-06	0.956646	0.0	1.0	21331.16	3792.03723	0.196289	0.000878	77	10651	66782	64000	104	41	485	37	145	106	175	197	351	100255	156	121	72	95	23616	60	153	1200	92	148	102	618	183	183	40379	63	281	1653	83	124065	1911	131	4447	201	80	65	95	111	184	4632	78	60899	95	51	1553	209	vert.nd3	tw5	NNI	0.02	vert.nd3.tw5	vert.nd3.tw5.conv_NNI_0.020000.tsv	23685.66	1.1103784323027908
1000000	50	0.999885	3e-06	0.000115	3e-06	0.956646	0.0	1.0	20124.38	5559.867992	0.195805	0.001054	42	22	100	72	27940	1872	121	51	172	55665	35265	53	21282	164	185737	100	481	49	44	338	164965	17129	24502	73	80	84	4567	59	1269	6251	38037	112	63	70	39	7937	105	851	82	181	74	2689	256	75	2226	31	153	53	6002	90812	vert.nd3	tw5	NNI	0.05	vert.nd3.tw5	vert.nd3.tw5.conv_NNI_0.050000.tsv	23685.66	1.1769634642160405
1000000	50	0.999902	2e-06	9.8e-05	2e-06	0.956646	0.0	1.0	23103.02	6809.500879	0.195264	0.001342	60	257285	82	385	43	22368	182	20	138	289	52	19455	35	1092	31	45	475	27	2961	40	1039	21	121	59263	1055	168218	11128	5449	40	25	40	3586	57	72741	30	983	136	14	8	3983	28432	38661	134	85	37	135540	115	30	723	30	vert.nd3	tw5	NNI	0.1	vert.nd3.tw5	vert.nd3.tw5.conv_NNI_0.100000.tsv	23685.66	1.0252192137651268
1000000	50	0.99992	2e-06	8e-05	2e-06	0.956646	0.0	1.0	10808.16	4951.809767	0.197002	0.000991	506	115	13	31	10	28	70	71	24	396	20	24274	31	20	167	83	242557	2636	427	3066	45	5179	164	7843	1577	11309	1489	20	28	23	41	139	46	19	50	2337	50	135	4219	13	27	38630	32	36	140	80	1495	59040	5816	2321	vert.nd3	tw5	NNI	0.2	vert.nd3.tw5	vert.nd3.tw5.conv_NNI_0.200000.tsv	23685.66	2.191460896211751
1000000	50	0.999924	2e-06	7.6e-05	2e-06	0.956646	0.0	1.0	66499.88	16300.885878	0.185932	0.003226	29	33	18	46104	41735	2386	33	18	40	20757	676	214743	187804	17	30	42	306	50	286823	23	17	112304	94	215950	67118	26	11165	249208	65033	76	792	419224	19	25	22	12617	181	8	549	101177	23	51	47947	22	452779	104820	319402	358	1145	211362	vert.nd3	tw5	NNI	0.3	vert.nd3.tw5	vert.nd3.tw5.conv_NNI_0.300000.tsv	23685.66	0.3561759810694395
1000000	50	0.819928	0.054879	0.180072	0.054879	0.78445	0.052504	0.82	107959.853659	36648.334777	0.14591	0.011445	159	13	812088	-1	954980	21899	5	1717	174	-1	449609	190271	67	69	-1	140205	-1	357	229	-1	65388	583	53	44	-1	34	9	6	796524	4880	291029	121	132446	259483	34	360	47	43777	41	112467	632	-1	-1	22	-1	17870	18	259	8	73	vert.nd3	tw5	NNI	0.4	vert.nd3.tw5	vert.nd3.tw5.conv_NNI_0.400000.tsv	23685.66	0.21939322069491765
1000000	50	0.699938	0.06546	0.300062	0.06546	0.669652	0.062627	0.7	100843.028571	37087.580493	0.125327	0.01279	48	-1	1072	6	124085	70	709	-1	-1	10842	212305	152	922070	131697	2210	-1	-1	-1	2301	31887	161110	871	196	-1	908468	-1	367136	101328	-1	83246	871	96	-1	-1	891	25378	-1	-1	80541	24	3517	-1	76585	13826	4290	17	-1	43	105	133522	vert.nd3	tw5	NNI	0.5	vert.nd3.tw5	vert.nd3.tw5.conv_NNI_0.500000.tsv	23685.66	0.23487652379781282
1000000	50	0.999784	5e-06	0.000216	5e-06	0.956646	0.0	1.0	10847.32	2446.894133	0.197294	0.000521	183	341	167	52	437	543	213	1513	78	60172	91349	491	881	138	275	709	45695	25403	371	159	380	558	439	20135	267	2303	3932	197	92	311	3437	163	301	471	82	9686	229	11277	131	59	589	182	3229	20116	457	19459	25801	104	16701	150	vert.nd3	tw5	NNI2	0.0	vert.nd3.tw5	vert.nd3.tw5.conv_NNI2_0.000000.tsv	23685.66	2.1835494850340913
1000000	50	0.999817	4e-06	0.000183	4e-06	0.956646	0.0	1.0	7044.76	1479.480299	0.197609	0.000317	314	41	58	47	27	194	166	8672	71	221	94	253	10827	774	149	115	18350	109	44	78	1485	245	34524	168	125	55	2677	200	137	627	147	98	55	138	137	191	15633	5126	519	34900	35447	2319	255	114	12129	33709	207	835	180	21210	vert.nd3	tw5	NNI2	0.02	vert.nd3.tw5	vert.nd3.tw5.conv_NNI2_0.020000.tsv	23685.66	3.362167057500894
1000000	50	0.999858	3e-06	0.000142	3e-06	0.956646	0.0	1.0	4380.98	1133.646036	0.197843	0.000233	144	101	89	107	205	16905	134	131	133	313	107	301	154	163	37	127	31	66	15	90	1409	136	93	54	191	260	10054	159	60	270	8712	119	13931	293	159	390	168	7238	409	49991	16059	153	81	126	93	387	131	43	1500	105	vert.nd3	tw5	NNI2	0.05	vert.nd3.tw5	vert.nd3.tw5.conv_NNI2_0.050000.tsv	23685.66	5.406475263525513
1000000	50	0.999895	2e-06	0.000105	2e-06	0.956646	0.0	1.0	2261.34	488.343097	0.198334	0.000131	51	127	5960	7813	100	14	69	34	5098	84	85	32	250	25	103	117	1114	266	479	18	57	33	13729	56	83	98	212	127	599	146	35	17	156	42	20	100	4269	39	11	149	10	33	42	15147	68	7873	195	192	991	328	vert.nd3	tw5	NNI2	0.1	vert.nd3.tw5	vert.nd3.tw5.conv_NNI2_0.100000.tsv	23685.66	10.474170182281302
1000000	50	0.99992	1e-06	8e-05	1e-06	0.956646	0.0	1.0	943.06	238.242316	0.198453	5.9e-05	5810	389	16	18	11	16	24	36	21	39	12	3732	23	14	34	32	17	28	621	7	37	6263	19	6	32	24	61	51	827	6407	18	1391	11	79	22	7	30	97	14	40	21	26	83	48	29	280	107	18	17	12	vert.nd3	tw5	NNI2	0.2	vert.nd3.tw5	vert.nd3.tw5.conv_NNI2_0.200000.tsv	23685.66	25.115750853604226
1000000	50	0.999931	2e-06	6.9e-05	2e-06	0.956646	0.0	1.0	3519.36	1636.723283	0.197824	0.00033	34	4	10	14091	77351	137	33	11	5	22124	40	128	327	16	15713	34	21	6	697	78	29	271	16	325	6	2114	15	79	2849	10	11	1262	79	504	50	8	3889	42	22	23	6013	24	52	21	9496	4022	2105	6	10	4	vert.nd3	tw5	NNI2	0.3	vert.nd3.tw5	vert.nd3.tw5.conv_NNI2_0.300000.tsv	23685.66	6.730104337152209
1000000	50	0.959933	0.027992	0.040067	0.027992	0.91838	0.026781	0.96	38183.625	18741.363199	0.183406	0.006428	1434	445	32457	-1	43	32577	14	724	279	27	7052	1915	15	12	34632	463	18	663887	7718	542745	194	9842	9	98201	12	25	274	32138	4035	10	2337	5	464	15	13	5	6049	2144	6819	1583	7	73	62	-1	9	12	332201	8	59	28	vert.nd3	tw5	NNI2	0.4	vert.nd3.tw5	vert.nd3.tw5.conv_NNI2_0.400000.tsv	23685.66	0.6203093603606258
1000000	50	0.899936	0.042854	0.100064	0.042854	0.860981	0.040999	0.9	78203.2	21426.141513	0.164821	0.00873	619379	-1	4001	53	54091	51397	9	64670	41433	8116	84494	73	54	-1	46	9157	2566	28	4727	6393	-1	13902	46	17514	7	89693	233718	363202	2466	-1	7	13679	-1	7	6	62	10	4	64638	14826	472984	13285	13	322311	144910	313434	355516	2277	50189	72248	vert.nd3	tw5	NNI2	0.5	vert.nd3.tw5	vert.nd3.tw5.conv_NNI2_0.500000.tsv	23685.66	0.3028732839576897
1000000	50	0.999635	1.3e-05	0.000365	1.3e-05	0.956646	0.0	1.0	3444.14	400.721769	0.198725	0.000237	553	132	153	496	258	354	128	824	177	211	407	263	187	361	495	296	486	185	207	180	200	388	190	112	139	125	587	427	653	151	198	240	188	188	384	80	115	501	157	214	729	215	61	417	183	268	425	194	342	460	vert.nd3	tw5	TBR	0.0	vert.nd3.tw5	vert.nd3.tw5.conv_TBR_0.000000.tsv	23685.66	6.877089781483912
1000000	50	0.999743	5e-06	0.000257	5e-06	0.956646	0.0	1.0	2236.64	253.476099	0.198796	0.000178	297	147	221	180	131	68	360	107	287	337	103	62	102	249	121	192	249	92	515	180	86	56	174	80	39	438	343	128	397	505	123	227	113	287	178	59	271	73	419	151	122	40	104	272	127	54	577	144	420	79	vert.nd3	tw5	TBR	0.02	vert.nd3.tw5	vert.nd3.tw5.conv_TBR_0.020000.tsv	23685.66	10.589840117318836
1000000	50	0.999825	4e-06	0.000175	4e-06	0.956646	0.0	1.0	1254.14	123.561423	0.198389	0.000122	175	192	102	112	56	119	179	82	78	68	41	110	263	33	123	306	47	143	53	177	327	152	64	57	149	155	21	88	64	80	92	85	163	17	96	165	166	76	116	203	67	132	70	29	93	25	29	175	93	27	vert.nd3	tw5	TBR	0.05	vert.nd3.tw5	vert.nd3.tw5.conv_TBR_0.050000.tsv	23685.66	18.88597764204953
1000000	50	0.999883	3e-06	0.000117	3e-06	0.956646	0.0	1.0	582.24	54.922911	0.198614	9.9e-05	16	141	32	32	16	19	46	186	33	7	22	50	94	59	22	20	310	77	32	59	44	152	53	28	22	31	140	107	12	42	56	65	42	20	58	137	58	29	77	21	43	66	36	46	45	61	176	11	63	42	vert.nd3	tw5	TBR	0.1	vert.nd3.tw5	vert.nd3.tw5.conv_TBR_0.100000.tsv	23685.66	40.68023495465787
1000000	50	0.999926	1e-06	7.4e-05	1e-06	0.956646	0.0	1.0	307.2	27.979103	0.198476	6.8e-05	48	27	5	16	32	13	22	29	14	37	21	26	36	30	64	35	15	40	17	16	20	88	45	14	9	20	19	11	20	64	22	38	32	37	18	30	25	16	101	44	29	27	23	12	30	30	26	11	37	5	vert.nd3	tw5	TBR	0.2	vert.nd3.tw5	vert.nd3.tw5.conv_TBR_0.200000.tsv	23685.66	77.1017578125
1000000	50	0.999941	1e-06	5.9e-05	1e-06	0.956646	0.0	1.0	200.78	17.665077	0.198539	5.5e-05	14	11	6	10	8	24	7	9	18	15	8	62	21	18	37	15	18	15	50	6	9	24	4	10	29	8	9	72	28	12	49	15	18	8	10	8	20	20	20	46	5	22	29	65	14	11	9	27	6	9	vert.nd3	tw5	TBR	0.3	vert.nd3.tw5	vert.nd3.tw5.conv_TBR_0.300000.tsv	23685.66	117.96822392668592
1000000	50	0.999948	1e-06	5.2e-05	1e-06	0.956646	0.0	1.0	162.86	14.760814	0.198529	5.7e-05	25	14	11	17	27	13	36	6	58	11	31	3	24	7	14	17	19	13	8	9	11	16	10	16	16	25	21	25	18	14	11	19	12	20	5	16	15	43	19	20	25	28	15	8	9	13	17	16	10	13	vert.nd3	tw5	TBR	0.4	vert.nd3.tw5	vert.nd3.tw5.conv_TBR_0.400000.tsv	23685.66	145.4357116541815
1000000	50	0.999951	1e-06	4.9e-05	1e-06	0.956646	0.0	1.0	164.58	14.272568	0.198458	4e-05	6	16	18	13	4	16	58	10	4	16	10	11	31	29	16	14	11	16	10	11	11	16	22	7	11	15	13	9	13	11	7	4	8	6	5	5	6	15	5	6	8	14	9	21	5	8	16	17	8	14	vert.nd3	tw5	TBR	0.5	vert.nd3.tw5	vert.nd3.tw5.conv_TBR_0.500000.tsv	23685.66	143.91578563616477
1000000	50	0.999626	1.5e-05	0.000374	1.5e-05	0.956646	0.0	1.0	3086.9	336.819125	0.196484	0.000205	336	215	334	174	613	317	269	743	192	267	120	283	384	448	550	145	193	185	275	880	103	623	345	314	400	318	238	483	257	522	278	137	202	339	1019	305	115	43	692	1019	297	389	91	192	684	274	267	694	144	383	vert.nd3	tw5	rTBR	0.0	vert.nd3.tw5	vert.nd3.tw5.conv_rTBR_0.000000.tsv	23685.66	7.672959927435291
1000000	50	0.999741	7e-06	0.000259	7e-06	0.956646	0.0	1.0	2089.06	198.525397	0.196682	0.000174	452	191	419	78	172	186	64	167	310	59	36	103	146	46	100	104	289	119	102	254	318	266	131	211	292	173	425	61	262	220	149	218	134	264	382	299	128	35	149	441	101	292	71	326	176	361	647	137	91	188	vert.nd3	tw5	rTBR	0.02	vert.nd3.tw5	vert.nd3.tw5.conv_rTBR_0.020000.tsv	23685.66	11.337951040180752
1000000	50	0.999808	5e-06	0.000192	5e-06	0.956646	0.0	1.0	1085.86	116.866112	0.196424	0.000141	86	19	39	94	238	99	110	89	86	76	86	37	117	71	112	82	45	133	98	45	91	166	264	201	71	259	414	171	71	90	142	83	190	171	375	26	52	44	38	143	90	82	34	152	144	230	82	139	58	122	vert.nd3	tw5	rTBR	0.05	vert.nd3.tw5	vert.nd3.tw5.conv_rTBR_0.050000.tsv	23685.66	21.81281196471
1000000	50	0.999866	3e-06	0.000134	3e-06	0.956646	0.0	1.0	720.54	59.274086	0.196615	0.000106	22	41	54	93	32	149	39	93	55	251	48	90	14	18	61	85	44	24	116	40	104	16	70	89	94	123	31	21	90	80	37	48	10	64	39	99	151	75	14	239	48	164	11	144	142	28	32	27	54	54	vert.nd3	tw5	rTBR	0.1	vert.nd3.tw5	vert.nd3.tw5.conv_rTBR_0.100000.tsv	23685.66	32.87209592805396
1000000	50	0.999894	2e-06	0.000106	2e-06	0.956646	0.0	1.0	483.7	47.827899	0.196424	7.8e-05	44	21	86	61	30	128	45	44	7	154	34	10	5	24	41	25	34	12	16	38	56	52	90	62	35	19	24	35	28	20	77	26	26	31	31	89	21	45	39	9	38	73	35	82	45	53	17	23	30	43	vert.nd3	tw5	rTBR	0.2	vert.nd3.tw5	vert.nd3.tw5.conv_rTBR_0.200000.tsv	23685.66	48.96766590862104
1000000	50	0.999909	2e-06	9.1e-05	2e-06	0.956646	0.0	1.0	428.04	45.219022	0.196484	6.4e-05	16	19	43	26	81	19	13	17	22	19	116	62	25	47	60	14	19	47	86	35	18	41	39	14	35	19	11	26	63	25	71	25	24	33	34	42	56	26	26	13	38	143	18	58	40	22	49	43	18	79	vert.nd3	tw5	rTBR	0.3	vert.nd3.tw5	vert.nd3.tw5.conv_rTBR_0.300000.tsv	23685.66	55.33515559293524
1000000	50	0.999912	2e-06	8.8e-05	2e-06	0.956646	0.0	1.0	339.0	36.201917	0.196544	7.3e-05	26	91	18	79	24	24	43	17	32	20	37	32	52	25	30	17	23	19	39	23	47	64	31	7	20	64	56	24	18	26	13	11	22	72	78	37	38	65	50	36	23	17	41	28	12	22	64	36	48	54	vert.nd3	tw5	rTBR	0.4	vert.nd3.tw5	vert.nd3.tw5.conv_rTBR_0.400000.tsv	23685.66	69.869203539823
1000000	50	0.999911	2e-06	8.9e-05	2e-06	0.956646	0.0	1.0	339.22	39.803397	0.196552	6.9e-05	32	38	28	36	34	68	19	31	69	36	52	32	96	47	15	88	21	54	65	32	16	80	64	31	14	50	19	46	42	25	14	12	28	78	33	8	11	46	73	17	14	73	17	16	81	15	62	43	65	61	vert.nd3	tw5	rTBR	0.5	vert.nd3.tw5	vert.nd3.tw5.conv_rTBR_0.500000.tsv	23685.66	69.82389010081953
1000000	50	0.999999	0.0	1e-06	0.0	0.999942	0.0	1.0	58.68	2.061392	0.999825	3e-06	83	69	55	59	71	68	66	48	38	70	31	83	83	68	54	62	62	53	65	58	88	55	42	73	72	28	45	38	63	66	71	69	71	66	69	59	60	49	67	48	50	62	45	23	60	40	42	51	71	45	vert.nd4	tw0	MC3_NNI	0.0	vert.nd4.tw0	vert.nd4.tw0.conv_mc3_NNI_0.000000.tsv	84.18	1.4345603271983642
1000000	50	0.999999	0.0	1e-06	0.0	0.999942	0.0	1.0	20.2	0.760236	0.999865	2e-06	30	16	24	24	17	12	19	19	26	10	6	22	12	22	31	29	26	21	17	26	14	22	21	18	22	12	22	18	17	18	27	24	24	22	21	20	17	15	24	20	24	28	19	23	17	14	22	11	24	21	vert.nd4	tw0	MC3_NNI	0.02	vert.nd4.tw0	vert.nd4.tw0.conv_mc3_NNI_0.020000.tsv	84.18	4.167326732673268
1000000	50	1.0	0.0	0.0	0.0	0.999942	0.0	1.0	12.84	0.451175	0.999873	2e-06	14	8	14	11	13	11	14	10	14	11	22	11	14	15	15	11	11	15	14	12	13	10	13	16	15	7	17	7	17	10	12	14	12	8	12	14	20	12	10	12	17	14	15	18	13	7	9	12	16	10	vert.nd4	tw0	MC3_NNI	0.05	vert.nd4.tw0	vert.nd4.tw0.conv_mc3_NNI_0.050000.tsv	84.18	6.556074766355141
1000000	50	1.0	0.0	0.0	0.0	0.999942	0.0	1.0	10.44	0.301236	0.999876	1e-06	10	9	8	7	10	11	12	13	14	10	14	13	8	8	13	9	8	13	9	7	12	9	10	10	9	10	10	9	14	8	12	12	7	13	11	11	8	11	8	12	12	9	10	12	10	16	12	11	10	8	vert.nd4	tw0	MC3_NNI	0.1	vert.nd4.tw0	vert.nd4.tw0.conv_mc3_NNI_0.100000.tsv	84.18	8.063218390804598
1000000	50	1.0	0.0	0.0	0.0	0.999942	0.0	1.0	51.82	32.042659	0.999832	3.2e-05	1608	95	8	10	6	9	12	12	12	6	12	10	7	22	11	131	46	12	15	6	11	11	8	10	8	14	13	163	9	11	12	9	6	25	11	19	9	9	18	11	16	19	9	9	12	11	54	10	8	6	vert.nd4	tw0	MC3_NNI	0.2	vert.nd4.tw0	vert.nd4.tw0.conv_mc3_NNI_0.200000.tsv	84.18	1.624469316866075
1000000	50	0.9	0.042857	0.1	0.042857	0.899948	0.042855	0.9	25554.8	21101.932227	0.876898	0.045863	11	9	1193	19	187	5813	5	10	85	7	780	8	12	30268	2608	26964	12	13278	5	-1	23669	216	1594	-1	7033	10	8	950509	1001	6	9	30	70303	-1	9	10	33	11	71	-1	9	13364	-1	10	9	6	42	10	32	688	vert.nd4	tw0	MC3_NNI	0.3	vert.nd4.tw0	vert.nd4.tw0.conv_mc3_NNI_0.300000.tsv	84.18	0.0032940973907054647
1000000	50	0.42	0.070508	0.58	0.070508	0.419976	0.070504	0.42	104496.52381	51989.082394	0.376067	0.066701	17	-1	58758	-1	-1	107	8	12	-1	141	5745	-1	-1	-1	-1	-1	-1	-1	-1	-1	-1	23280	-1	91604	10312	-1	-1	-1	61916	-1	-1	-1	40	4582	-1	-1	278054	-1	1376	-1	10	-1	795415	796043	66693	-1	-1	14	-1	300	vert.nd4	tw0	MC3_NNI	0.4	vert.nd4.tw0	vert.nd4.tw0.conv_mc3_NNI_0.400000.tsv	84.18	0.0008055770367353046
1000000	50	0.24	0.061012	0.76	0.061012	0.239986	0.061008	0.24	2924.5	1425.439494	0.239271	0.060827	-1	-1	-1	7	-1	-1	-1	1740	-1	1754	-1	-1	9	17580	3328	-1	-1	-1	-1	311	-1	4586	-1	-1	-1	-1	-1	-1	-1	-1	-1	-1	-1	-1	-1	909	-1	-1	4758	-1	-1	-1	-1	-1	-1	-1	105	-1	-1	7	vert.nd4	tw0	MC3_NNI	0.5	vert.nd4.tw0	vert.nd4.tw0.conv_mc3_NNI_0.500000.tsv	84.18	0.028784407591041207
1000000	50	0.999994	1e-06	6e-06	1e-06	0.999942	0.0	1.0	84.18	4.296718	0.999794	8e-06	147	52	103	40	161	92	84	116	64	109	66	92	126	92	88	136	70	117	47	88	61	50	91	56	45	72	52	113	75	85	122	42	99	76	91	59	120	98	65	31	106	70	91	83	59	135	78	102	54	38	vert.nd4	tw0	NNI	0.0	vert.nd4.tw0	vert.nd4.tw0.conv_NNI_0.000000.tsv	84.18	1.0
1000000	50	0.999997	1e-06	3e-06	1e-06	0.999942	0.0	1.0	28.84	1.459762	0.999853	4e-06	28	22	29	46	35	27	36	24	27	10	29	24	33	18	21	23	26	25	31	30	27	22	26	56	41	41	47	22	49	52	22	45	17	27	25	16	11	31	25	27	30	27	43	22	13	20	20	35	34	25	vert.nd4	tw0	NNI	0.02	vert.nd4.tw0	vert.nd4.tw0.conv_NNI_0.020000.tsv	84.18	2.918862690707351
1000000	50	0.999999	0.0	1e-06	0.0	0.999942	0.0	1.0	16.02	0.560969	0.999869	2e-06	13	15	10	24	16	14	11	20	19	20	12	14	14	17	18	25	24	22	17	16	14	13	19	16	19	18	8	19	10	10	20	9	15	12	12	17	13	16	17	15	16	21	16	14	14	23	16	14	16	18	vert.nd4	tw0	NNI	0.05	vert.nd4.tw0	vert.nd4.tw0.conv_NNI_0.050000.tsv	84.18	5.2546816479400755
1000000	50	1.0	0.0	0.0	0.0	0.999942	0.0	1.0	18.02	3.929531	0.999865	4e-06	10	16	11	20	9	12	11	15	63	8	18	11	12	14	14	10	11	10	12	13	19	12	21	24	12	15	13	9	9	202	11	9	18	10	13	13	11	21	20	8	8	10	17	25	12	13	13	15	7	11	vert.nd4	tw0	NNI	0.1	vert.nd4.tw0	vert.nd4.tw0.conv_NNI_0.100000.tsv	84.18	4.671476137624862
1000000	50	0.9	0.042857	0.1	0.042857	0.899948	0.042855	0.9	3786.955556	3154.1095	0.896487	0.042784	218	44	1584	13	8	-1	482	8	325	10	13	18	15	13	13	14	279	37	245	400	9	11	10	12	15	-1	107	12	9	36	8	175	25076	10	-1	619	9	10	13	12	15	9	10	140395	8	12	-1	-1	62	10	vert.nd4	tw0	NNI	0.2	vert.nd4.tw0	vert.nd4.tw0.conv_NNI_0.200000.tsv	84.18	0.022228937930530074
1000000	50	0.68	0.066639	0.32	0.066639	0.67996	0.066636	0.68	110404.823529	35298.279874	0.604856	0.063906	-1	332483	877	855300	9	157	-1	1115	72892	18190	-1	12	322744	95355	17	8	9	18967	525510	-1	-1	228609	-1	-1	2572	7	-1	-1	-1	397517	8	2162	-1	5135	-1	6961	771	533341	5168	11	7	-1	278796	-1	48259	-1	604	-1	169	22	vert.nd4	tw0	NNI	0.3	vert.nd4.tw0	vert.nd4.tw0.conv_NNI_0.300000.tsv	84.18	0.0007624666867737755
1000000	50	0.14	0.04957	0.86	0.04957	0.139992	0.049567	0.14	142617.142857	83291.050287	0.120019	0.043872	-1	130263	-1	-1	-1	-1	-1	84702	-1	-1	-1	113947	-1	-1	-1	-1	-1	-1	-1	-1	-1	-1	-1	-1	-1	-1	-1	-1	-1	-1	-1	1160	-1	39562	-1	-1	-1	-1	-1	-1	-1	-1	152	-1	-1	-1	-1	628534	-1	-1	vert.nd4	tw0	NNI	0.4	vert.nd4.tw0	vert.nd4.tw0.conv_NNI_0.400000.tsv	84.18	0.0005902516227267713
1000000	50	0.0	0.0	1.0	0.0	0.0	0.0	0.0	0.0	0.0	0.0	0.0	-1	-1	-1	-1	-1	-1	-1	-1	-1	-1	-1	-1	-1	-1	-1	-1	-1	-1	-1	-1	-1	-1	-1	-1	-1	-1	-1	-1	-1	-1	-1	-1	-1	-1	-1	-1	-1	-1	-1	-1	-1	-1	-1	-1	-1	-1	-1	-1	-1	-1	vert.nd4	tw0	NNI	0.5	vert.nd4.tw0	vert.nd4.tw0.conv_NNI_0.500000.tsv	84.18	
1000000	50	0.99998	3e-06	2e-05	3e-06	0.999942	0.0	1.0	199.5	15.676272	0.999666	2.8e-05	101	134	195	351	189	101	73	120	68	375	234	117	75	176	78	214	328	306	222	183	167	257	143	223	267	176	489	119	111	140	505	164	321	177	277	80	92	48	225	83	265	119	162	126	254	138	165	225	338	479	vert.nd4	tw0	NNI2	0.0	vert.nd4.tw0	vert.nd4.tw0.conv_NNI2_0.000000.tsv	84.18	0.42195488721804514
1000000	50	0.99999	2e-06	1e-05	2e-06	0.999942	0.0	1.0	35.86	3.862431	0.999844	1e-05	47	8	29	38	10	18	23	17	84	32	69	13	39	41	28	60	56	22	12	27	36	43	59	22	23	22	13	44	15	34	10	29	22	10	46	39	24	182	47	33	42	42	31	26	27	59	71	12	30	27	vert.nd4	tw0	NNI2	0.02	vert.nd4.tw0	vert.nd4.tw0.conv_NNI2_0.020000.tsv	84.18	2.347462353597323
1000000	50	0.999998	0.0	2e-06	0.0	0.999942	0.0	1.0	10.92	0.753138	0.999878	3e-06	11	6	5	5	18	13	14	9	5	18	6	12	16	10	6	14	11	6	6	9	13	11	15	10	9	11	21	5	8	15	7	9	7	22	9	4	9	11	11	13	7	9	32	10	18	5	11	12	16	6	vert.nd4	tw0	NNI2	0.05	vert.nd4.tw0	vert.nd4.tw0.conv_NNI2_0.050000.tsv	84.18	7.70879120879121
1000000	50	1.0	0.0	0.0	0.0	0.999942	0.0	1.0	7.7	0.393052	0.999878	2e-06	6	9	6	9	7	11	7	7	7	5	8	8	7	4	10	8	4	7	10	8	8	6	7	7	10	6	7	11	14	7	13	6	11	5	7	7	5	6	6	8	8	9	8	7	20	5	4	5	7	7	vert.nd4	tw0	NNI2	0.1	vert.nd4.tw0	vert.nd4.tw0.conv_NNI2_0.100000.tsv	84.18	10.932467532467532
1000000	50	0.999999	0.0	1e-06	0.0	0.999942	0.0	1.0	6.2	0.145686	0.99988	1e-06	6	6	6	5	5	6	6	6	5	6	4	5	6	7	7	5	5	8	7	6	7	6	6	7	6	5	6	8	6	6	7	6	7	8	8	6	6	7	8	7	6	5	9	6	5	6	6	5	7	5	vert.nd4	tw0	NNI2	0.2	vert.nd4.tw0	vert.nd4.tw0.conv_NNI2_0.200000.tsv	84.18	13.57741935483871
1000000	50	0.959999	0.027994	0.040001	0.027994	0.959944	0.027993	0.96	18077.666667	18039.976726	0.942536	0.032481	6	6	19	-1	5	6	4	4	11	5	5	865956	6	8	7	5	6	8	5	4	5	5	4	5	6	60	6	757	5	6	16	7	5	6	5	693	5	3	4	-1	4	4	5	7	5	6	4	4	5	5	vert.nd4	tw0	NNI2	0.3	vert.nd4.tw0	vert.nd4.tw0.conv_NNI2_0.300000.tsv	84.18	0.0046565744103284614
1000000	50	0.5	0.071429	0.5	0.071429	0.499971	0.071424	0.5	11359.16	7243.188671	0.494262	0.0707	7	-1	3	5	-1	-1	-1	-1	167292	-1	6	-1	-1	50077	-1	-1	-1	-1	-1	5	1493	-1	-1	-1	-1	-1	5	-1	5	4	6	-1	5	-1	7	17	64865	4	6	-1	5	5	-1	-1	5	120	-1	23	5	4	vert.nd4	tw0	NNI2	0.4	vert.nd4.tw0	vert.nd4.tw0.conv_NNI2_0.400000.tsv	84.18	0.007410759246282296
1000000	50	0.4	0.069985	0.6	0.069985	0.399977	0.069981	0.4	111901.15	51560.962712	0.355198	0.065379	-1	1185	-1	-1	-1	4	-1	-1	-1	494934	-1	-1	712065	-1	-1	11081	-1	-1	85	-1	-1	-1	-1	-1	-1	-1	-1	-1	5	7953	-1	5	12738	-1	-1	-1	4	4	-1	3504	-1	580510	4	-1	4	6	4	413920	8	-1	vert.nd4	tw0	NNI2	0.5	vert.nd4.tw0	vert.nd4.tw0.conv_NNI2_0.500000.tsv	84.18	0.0007522710892604768
1000000	50	0.999973	3e-06	2.7e-05	3e-06	0.999942	0.0	1.0	190.8	14.110179	0.999691	1.9e-05	145	178	314	130	305	94	116	89	186	180	141	378	200	333	157	131	251	197	40	132	117	353	141	82	236	68	252	70	94	213	64	147	400	30	132	168	227	186	380	194	250	145	173	255	429	184	170	56	308	319	vert.nd4	tw0	TBR	0.0	vert.nd4.tw0	vert.nd4.tw0.conv_TBR_0.000000.tsv	84.18	0.44119496855345913
1000000	50	0.999996	1e-06	4e-06	1e-06	0.999942	0.0	1.0	29.18	2.476616	0.999846	7e-06	49	31	15	50	33	45	22	24	58	68	17	19	26	26	16	25	34	17	25	18	16	25	12	26	15	85	33	26	58	15	32	34	30	23	44	16	22	14	11	35	15	11	17	16	16	53	39	16	9	77	vert.nd4	tw0	TBR	0.02	vert.nd4.tw0	vert.nd4.tw0.conv_TBR_0.020000.tsv	84.18	2.8848526387936944
1000000	50	0.999998	0.0	2e-06	0.0	0.999942	0.0	1.0	10.68	0.875256	0.999876	3e-06	6	12	7	6	6	5	19	29	17	12	5	9	9	5	7	8	10	21	14	11	22	18	8	8	12	14	13	26	4	12	4	7	5	5	6	7	22	12	5	5	6	8	5	5	13	16	19	4	15	10	vert.nd4	tw0	TBR	0.05	vert.nd4.tw0	vert.nd4.tw0.conv_TBR_0.050000.tsv	84.18	7.882022471910113
1000000	50	0.999999	0.0	1e-06	0.0	0.999942	0.0	1.0	5.96	0.29549	0.999878	2e-06	6	4	3	4	8	10	5	6	5	6	5	4	6	11	4	3	7	9	5	9	6	5	4	5	5	6	11	6	7	5	6	7	4	4	6	5	7	7	4	3	6	6	4	5	5	5	10	11	5	8	vert.nd4	tw0	TBR	0.1	vert.nd4.tw0	vert.nd4.tw0.conv_TBR_0.100000.tsv	84.18	14.124161073825505
1000000	50	1.0	0.0	0.0	0.0	0.999942	0.0	1.0	4.6	0.139971	0.999878	2e-06	3	7	4	4	4	5	4	5	5	6	4	5	5	3	5	5	6	4	3	3	5	4	5	5	3	4	3	6	5	5	7	4	4	6	5	5	6	5	5	5	4	4	4	4	3	5	5	5	4	5	vert.nd4	tw0	TBR	0.2	vert.nd4.tw0	vert.nd4.tw0.conv_TBR_0.200000.tsv	84.18	18.300000000000004
1000000	50	1.0	0.0	0.0	0.0	0.999942	0.0	1.0	4.5	0.104002	0.999879	1e-06	4	5	3	3	5	4	3	5	5	5	5	5	5	4	4	4	4	5	5	6	5	4	5	5	4	6	5	5	4	4	5	4	5	4	5	5	5	4	4	4	5	4	5	4	4	3	5	6	4	4	vert.nd4	tw0	TBR	0.3	vert.nd4.tw0	vert.nd4.tw0.conv_TBR_0.300000.tsv	84.18	18.706666666666667
1000000	50	1.0	0.0	0.0	0.0	0.999942	0.0	1.0	4.56	0.091071	0.99988	1e-06	5	5	4	5	5	6	4	4	5	4	4	4	5	5	4	5	5	5	4	4	5	5	5	5	5	5	4	5	5	4	4	4	6	5	5	4	4	4	4	5	5	5	5	4	5	4	5	3	3	4	vert.nd4	tw0	TBR	0.4	vert.nd4.tw0	vert.nd4.tw0.conv_TBR_0.400000.tsv	84.18	18.460526315789476
1000000	50	1.0	0.0	0.0	0.0	0.999942	0.0	1.0	15.78	8.614382	0.999867	9e-06	3	6	178	4	5	5	4	4	3	5	4	4	3	4	5	4	4	3	6	4	5	3	4	5	4	6	6	5	4	5	4	4	4	5	5	4	4	4	4	402	4	5	4	2	5	9	5	2	4	4	vert.nd4	tw0	TBR	0.5	vert.nd4.tw0	vert.nd4.tw0.conv_TBR_0.500000.tsv	84.18	5.334600760456275
1000000	50	0.999972	3e-06	2.8e-05	3e-06	0.999942	0.0	1.0	195.6	15.544958	0.999697	2.1e-05	307	70	346	138	61	470	57	58	121	196	99	83	466	180	219	159	219	92	262	270	119	216	94	72	187	148	162	245	374	177	220	126	89	195	243	117	154	285	233	59	451	158	409	259	323	111	194	183	69	235	vert.nd4	tw0	rTBR	0.0	vert.nd4.tw0	vert.nd4.tw0.conv_rTBR_0.000000.tsv	84.18	0.43036809815950927
1000000	50	0.999994	1e-06	6e-06	1e-06	0.999942	0.0	1.0	40.0	2.77025	0.999845	7e-06	17	30	23	46	40	31	43	25	62	17	52	51	32	25	66	55	33	20	31	39	16	25	34	15	65	99	23	89	26	82	20	62	38	58	46	47	41	39	31	23	49	44	19	41	19	72	17	33	48	41	vert.nd4	tw0	rTBR	0.02	vert.nd4.tw0	vert.nd4.tw0.conv_rTBR_0.020000.tsv	84.18	2.1045000000000003
1000000	50	0.999995	1e-06	5e-06	1e-06	0.999942	0.0	1.0	22.74	1.455969	0.999865	5e-06	36	45	8	31	29	11	30	20	18	11	29	33	41	19	16	13	26	16	10	30	14	12	46	30	31	44	21	11	20	23	22	22	27	13	11	12	18	16	42	25	37	14	12	20	20	24	16	13	32	17	vert.nd4	tw0	rTBR	0.05	vert.nd4.tw0	vert.nd4.tw0.conv_rTBR_0.050000.tsv	84.18	3.701846965699209
1000000	50	0.999997	1e-06	3e-06	1e-06	0.999942	0.0	1.0	17.88	1.242328	0.999866	5e-06	22	8	12	18	11	24	36	11	23	20	27	15	13	21	14	26	15	23	19	15	8	17	12	7	11	16	38	34	6	22	38	37	14	13	9	16	8	17	16	8	14	34	28	10	6	13	24	13	17	15	vert.nd4	tw0	rTBR	0.1	vert.nd4.tw0	vert.nd4.tw0.conv_rTBR_0.100000.tsv	84.18	4.708053691275168
1000000	50	0.999997	0.0	3e-06	0.0	0.999942	0.0	1.0	17.94	0.824329	0.999863	5e-06	33	21	10	18	18	19	21	18	23	16	15	19	10	31	11	17	27	11	22	17	14	12	22	20	14	14	19	14	22	27	23	28	12	20	17	10	11	10	30	10	23	15	21	15	17	17	12	14	21	16	vert.nd4	tw0	rTBR	0.2	vert.nd4.tw0	vert.nd4.tw0.conv_rTBR_0.200000.tsv	84.18	4.6923076923076925
1000000	50	0.999997	0.0	3e-06	0.0	0.999942	0.0	1.0	18.02	0.847801	0.999871	4e-06	16	16	23	18	14	23	16	19	21	37	17	16	9	19	17	27	17	16	19	13	15	18	23	13	12	12	15	21	30	23	15	21	20	17	24	20	15	22	25	15	5	10	11	20	11	16	19	14	34	12	vert.nd4	tw0	rTBR	0.3	vert.nd4.tw0	vert.nd4.tw0.conv_rTBR_0.300000.tsv	84.18	4.671476137624862
1000000	50	0.999997	0.0	3e-06	0.0	0.999942	0.0	1.0	18.92	1.192439	0.999869	3e-06	12	11	19	24	16	14	29	9	13	7	21	25	23	34	17	10	26	15	11	10	38	15	8	20	18	23	28	23	37	16	26	19	34	14	10	20	21	10	35	21	16	36	14	18	14	18	15	20	5	8	vert.nd4	tw0	rTBR	0.4	vert.nd4.tw0	vert.nd4.tw0.conv_rTBR_0.400000.tsv	84.18	4.449260042283298
1000000	50	0.999997	0.0	3e-06	0.0	0.999942	0.0	1.0	21.76	1.398705	0.999861	4e-06	27	41	20	17	19	26	9	25	20	9	22	15	6	29	43	12	19	41	19	12	16	22	47	14	38	25	8	21	28	31	20	24	11	28	11	22	30	16	12	26	43	13	24	21	19	12	10	18	27	20	vert.nd4	tw0	rTBR	0.5	vert.nd4.tw0	vert.nd4.tw0.conv_rTBR_0.500000.tsv	84.18	3.8685661764705883
1000000	50	0.999997	0.0	3e-06	0.0	0.996343	0.0	1.0	131.12	12.156149	0.74508	8.8e-05	45	118	108	70	76	79	44	86	72	67	245	83	18	107	86	71	68	66	36	60	107	87	91	49	112	77	64	81	55	201	528	42	60	63	68	86	68	150	74	42	49	61	72	135	35	68	88	60	77	58	vert.nd4	tw5	MC3_NNI	0.0	vert.nd4.tw5	vert.nd4.tw5.conv_mc3_NNI_0.000000.tsv	505.58	3.8558572300183034
1000000	50	0.999998	0.0	2e-06	0.0	0.996343	0.0	1.0	89.6	6.847851	0.745306	8.9e-05	15	63	145	67	60	54	46	25	86	51	69	47	33	37	64	32	31	52	76	76	89	61	119	39	15	23	42	29	50	48	68	49	80	20	47	159	28	29	30	25	73	43	34	18	106	126	79	54	41	44	vert.nd4	tw5	MC3_NNI	0.02	vert.nd4.tw5	vert.nd4.tw5.conv_mc3_NNI_0.020000.tsv	505.58	5.642633928571429
1000000	50	0.999998	0.0	2e-06	0.0	0.996343	0.0	1.0	54.96	5.377501	0.74523	5.9e-05	33	16	66	22	34	60	33	22	21	42	24	26	20	34	37	109	42	24	22	22	90	28	23	113	29	73	39	32	33	21	36	23	36	15	34	16	36	21	12	26	23	9	24	38	21	25	27	12	26	18	vert.nd4	tw5	MC3_NNI	0.05	vert.nd4.tw5	vert.nd4.tw5.conv_mc3_NNI_0.050000.tsv	505.58	9.1990538573508
1000000	50	0.999998	0.0	2e-06	0.0	0.996343	0.0	1.0	41.16	4.575477	0.745312	5.2e-05	24	80	19	75	17	10	16	25	14	25	22	8	25	12	11	18	19	19	19	28	12	51	105	19	21	16	19	14	17	16	54	13	87	18	19	23	14	15	22	10	61	17	29	20	70	35	14	59	28	22	vert.nd4	tw5	MC3_NNI	0.1	vert.nd4.tw5	vert.nd4.tw5.conv_mc3_NNI_0.100000.tsv	505.58	12.283284742468416
1000000	50	0.999999	0.0	1e-06	0.0	0.996343	0.0	1.0	27.98	2.814901	0.745302	4.9e-05	32	13	12	14	8	15	9	19	6	7	17	23	23	11	9	11	37	20	11	20	7	14	16	10	15	10	18	13	73	33	24	18	12	13	28	20	62	10	14	23	9	17	25	13	11	45	29	10	27	15	vert.nd4	tw5	MC3_NNI	0.2	vert.nd4.tw5	vert.nd4.tw5.conv_mc3_NNI_0.200000.tsv	505.58	18.069335239456755
1000000	50	0.999998	0.0	2e-06	0.0	0.996343	0.0	1.0	47.8	7.896473	0.745307	3.7e-05	15	80	25	11	252	13	11	55	124	7	15	80	120	7	27	19	12	9	24	32	12	24	79	14	20	150	11	10	15	79	8	5	6	7	8	34	70	227	24	20	92	9	7	7	10	11	49	9	42	13	vert.nd4	tw5	MC3_NNI	0.3	vert.nd4.tw5	vert.nd4.tw5.conv_mc3_NNI_0.300000.tsv	505.58	10.576987447698745
1000000	50	0.999998	0.0	2e-06	0.0	0.996343	0.0	1.0	311.0	66.935193	0.745104	6.4e-05	228	16	211	30	1771	23	115	14	40	416	13	260	7	174	11	154	47	8	7	49	1152	715	31	370	254	987	1519	431	773	278	21	409	724	109	435	285	9	93	189	5	2176	14	170	215	37	18	299	18	13	20	vert.nd4	tw5	MC3_NNI	0.4	vert.nd4.tw5	vert.nd4.tw5.conv_mc3_NNI_0.400000.tsv	505.58	1.6256591639871383
1000000	50	0.999998	0.0	2e-06	0.0	0.996343	0.0	1.0	8301.56	2058.784266	0.739192	0.001517	250	3916	1293	4644	4710	15368	7340	2793	5869	3826	13800	23023	19416	6103	2087	13967	125	12	1875	29	52750	1477	8102	55277	7496	15	3084	22118	8623	10120	34	3244	29	421	5398	397	61	13883	71605	2538	912	13	928	7571	1484	310	834	248	3198	2166	vert.nd4	tw5	MC3_NNI	0.5	vert.nd4.tw5	vert.nd4.tw5.conv_mc3_NNI_0.500000.tsv	505.58	0.06090180640747041
1000000	50	0.999983	8e-06	1.7e-05	8e-06	0.996343	0.0	1.0	505.58	64.589296	0.745191	0.000261	61	102	146	473	351	160	1278	133	732	92	1454	76	91	1250	541	92	139	428	95	669	273	82	393	104	1152	158	192	689	116	88	1066	826	421	431	1012	89	1298	83	96	1584	1485	547	781	194	216	141	63	222	38	75	vert.nd4	tw5	NNI	0.0	vert.nd4.tw5	vert.nd4.tw5.conv_NNI_0.000000.tsv	505.58	1.0
1000000	50	0.999993	1e-06	7e-06	1e-06	0.996343	0.0	1.0	340.54	75.75197	0.745132	0.000229	31	105	52	18	149	98	278	2965	92	29	113	382	147	316	18	171	390	96	120	34	32	1007	68	46	968	45	150	34	461	97	397	93	228	29	215	39	622	207	2292	34	69	92	647	29	266	291	49	58	60	276	vert.nd4	tw5	NNI	0.02	vert.nd4.tw5	vert.nd4.tw5.conv_NNI_0.020000.tsv	505.58	1.4846420391143476
1000000	50	0.999996	0.0	4e-06	0.0	0.996343	0.0	1.0	224.18	31.066666	0.745102	0.000171	175	349	248	29	211	418	531	45	25	121	34	284	26	19	161	525	109	287	322	35	173	216	246	33	59	176	143	232	146	126	148	743	15	44	13	30	27	303	44	45	329	493	216	24	32	24	29	23	1192	444	vert.nd4	tw5	NNI	0.05	vert.nd4.tw5	vert.nd4.tw5.conv_NNI_0.050000.tsv	505.58	2.2552413239361226
1000000	50	0.999997	0.0	3e-06	0.0	0.996343	0.0	1.0	189.26	44.650359	0.745001	0.000126	446	20	26	26	72	58	21	143	19	1254	12	15	20	77	27	25	27	26	36	426	130	17	124	81	47	1141	70	588	1491	21	72	52	104	13	21	203	402	17	85	14	149	10	83	135	82	19	20	240	30	172	vert.nd4	tw5	NNI	0.1	vert.nd4.tw5	vert.nd4.tw5.conv_NNI_0.100000.tsv	505.58	2.671351579837261
1000000	50	0.999998	0.0	2e-06	0.0	0.996343	0.0	1.0	117.14	22.231014	0.745302	9.8e-05	24	434	147	486	222	80	324	10	76	264	60	7	13	10	203	36	159	27	17	17	153	28	17	13	25	420	53	32	395	18	14	156	54	69	14	10	12	77	32	10	24	37	14	31	128	9	198	770	25	73	vert.nd4	tw5	NNI	0.2	vert.nd4.tw5	vert.nd4.tw5.conv_NNI_0.200000.tsv	505.58	4.316032098343862
1000000	50	0.999998	0.0	2e-06	0.0	0.996343	0.0	1.0	297.38	117.194333	0.745178	0.000133	15	41	10	11	2010	11	928	11	35	5558	11	275	12	23	267	125	83	411	28	22	518	552	527	10	96	7	180	132	18	43	187	10	18	23	188	16	179	17	579	15	124	179	47	437	15	23	226	6	9	379	vert.nd4	tw5	NNI	0.3	vert.nd4.tw5	vert.nd4.tw5.conv_NNI_0.300000.tsv	505.58	1.700114331831327
1000000	50	0.999998	0.0	2e-06	0.0	0.996343	0.0	1.0	5076.9	3228.980907	0.741546	0.002432	507	119	453	379	158578	90	224	1808	6190	36815	1624	636	404	11867	2044	1229	11	270	2672	452	42	403	4354	194	138	6	830	236	580	7	8	786	2212	438	252	629	9779	152	554	255	48	102	566	1239	32	830	18	2152	296	120	vert.nd4	tw5	NNI	0.4	vert.nd4.tw5	vert.nd4.tw5.conv_NNI_0.400000.tsv	505.58	0.0995843920502669
1000000	50	0.939894	0.033923	0.060106	0.033923	0.936562	0.033803	0.94	51155.638298	16813.273291	0.664953	0.026733	54541	57	25698	3473	184436	588	3690	963	215924	260676	353	3259	2706	12584	59133	5192	2131	222684	41105	-1	20360	1392	8097	312	5280	24080	167	8	1548	51914	70348	-1	116771	33	3974	10589	-1	701819	14671	32715	9481	37629	13884	46	12285	50745	42736	65414	5971	2624	vert.nd4	tw5	NNI	0.5	vert.nd4.tw5	vert.nd4.tw5.conv_NNI_0.500000.tsv	505.58	0.00988317254600196
1000000	50	0.999972	3e-06	2.8e-05	3e-06	0.996343	0.0	1.0	678.0	66.131786	0.745212	0.00053	371	165	56	169	296	92	160	225	197	574	269	398	159	429	228	204	625	214	152	303	222	196	375	480	138	129	183	136	169	366	249	330	364	156	87	73	174	178	242	115	153	380	818	147	207	360	114	184	103	117	vert.nd4	tw5	NNI2	0.0	vert.nd4.tw5	vert.nd4.tw5.conv_NNI2_0.000000.tsv	505.58	0.745693215339233
1000000	50	0.999986	2e-06	1.4e-05	2e-06	0.996343	0.0	1.0	323.42	50.081257	0.745176	0.000381	105	207	62	76	92	43	46	97	22	30	90	150	165	106	46	202	170	110	64	84	204	173	29	147	55	106	157	276	100	188	83	61	50	88	52	24	162	72	322	114	199	41	149	184	191	152	386	153	50	137	vert.nd4	tw5	NNI2	0.02	vert.nd4.tw5	vert.nd4.tw5.conv_NNI2_0.020000.tsv	505.58	1.563230474305856
1000000	50	0.999992	1e-06	8e-06	1e-06	0.996343	0.0	1.0	142.06	17.132173	0.74573	0.000246	109	80	101	101	90	122	65	12	27	37	101	60	41	46	31	51	20	18	67	23	26	123	32	7	55	25	37	53	64	73	28	23	62	42	17	22	22	41	73	96	25	89	11	52	54	188	21	29	24	30	vert.nd4	tw5	NNI2	0.05	vert.nd4.tw5	vert.nd4.tw5.conv_NNI2_0.050000.tsv	505.58	3.5589187667182878
1000000	50	0.999997	0.0	3e-06	0.0	0.996343	0.0	1.0	54.14	7.923615	0.745666	0.000129	21	20	19	32	24	33	10	35	37	13	15	9	10	16	8	12	16	30	16	13	20	12	29	6	17	13	32	40	16	4	9	7	17	18	13	16	20	21	25	28	11	8	9	10	31	15	16	16	11	21	vert.nd4	tw5	NNI2	0.1	vert.nd4.tw5	vert.nd4.tw5.conv_NNI2_0.100000.tsv	505.58	9.338381972663464
1000000	50	0.999998	0.0	2e-06	0.0	0.996343	0.0	1.0	21.98	2.704869	0.745325	6.1e-05	3	8	6	3	8	8	10	9	6	5	8	11	15	5	8	10	14	8	10	8	15	6	9	9	18	8	6	14	4	6	11	16	13	23	10	13	10	7	10	12	9	11	7	6	5	13	9	8	6	7	vert.nd4	tw5	NNI2	0.2	vert.nd4.tw5	vert.nd4.tw5.conv_NNI2_0.200000.tsv	505.58	23.00181983621474
1000000	50	0.999998	0.0	2e-06	0.0	0.996343	0.0	1.0	37.68	10.18492	0.745326	5.2e-05	4	236	7	9	19	8	74	8	12	9	7	6	5	15	8	17	185	5	7	8	28	7	8	7	11	67	18	310	5	10	7	13	4	12	7	10	15	11	6	7	4	8	9	8	8	15	298	120	8	5	vert.nd4	tw5	NNI2	0.3	vert.nd4.tw5	vert.nd4.tw5.conv_NNI2_0.300000.tsv	505.58	13.417728237791932
1000000	50	0.999998	0.0	2e-06	0.0	0.996343	0.0	1.0	117.58	88.245534	0.745162	7.6e-05	10	6	8	6	7	2	6	9	5	8	54	156	6	12	7	5	7	31	9	6	9	6	11	7	8	12	5	85	30	6	5	195	59	25	11	5	7	69	5	4	173	13	39	8	4431	7	6	7	7	14	vert.nd4	tw5	NNI2	0.4	vert.nd4.tw5	vert.nd4.tw5.conv_NNI2_0.400000.tsv	505.58	4.299880932131315
1000000	50	0.959998	0.027994	0.040002	0.027994	0.956489	0.027892	0.96	42942.458333	22723.839638	0.684732	0.025745	42878	2326	145	22207	16708	1107	814381	6	363	198	338	163	8	77396	9	6	26	585	520	6	78093	-1	7	43	44	-1	71	5	3289	1038	88	74890	144113	10	93	8	13	147	580	740672	7	16	43	13311	72	430	6	18433	4720	1430	vert.nd4	tw5	NNI2	0.5	vert.nd4.tw5	vert.nd4.tw5.conv_NNI2_0.500000.tsv	505.58	0.01177342936632663
1000000	50	0.999952	5e-06	4.8e-05	5e-06	0.996343	0.0	1.0	763.4	80.481292	0.74568	0.000372	109	335	227	113	443	231	306	139	161	213	170	335	1230	479	201	407	83	352	150	532	386	383	604	502	331	138	98	149	1111	303	517	420	219	337	191	191	620	329	442	163	233	208	565	68	375	945	579	192	80	106	vert.nd4	tw5	TBR	0.0	vert.nd4.tw5	vert.nd4.tw5.conv_TBR_0.000000.tsv	505.58	0.6622740372019911
1000000	50	0.999985	2e-06	1.5e-05	2e-06	0.996343	0.0	1.0	244.0	30.503329	0.745092	0.000251	54	68	29	97	852	79	64	71	123	162	104	147	91	94	147	268	35	136	121	49	258	90	88	204	28	153	27	48	44	133	40	24	263	103	71	65	372	114	90	105	163	86	104	73	53	38	459	52	57	90	vert.nd4	tw5	TBR	0.02	vert.nd4.tw5	vert.nd4.tw5.conv_TBR_0.020000.tsv	505.58	2.072049180327869
1000000	50	0.999993	1e-06	7e-06	1e-06	0.996343	0.0	1.0	139.16	16.556948	0.745065	0.000192	12	78	23	31	12	37	15	11	23	126	37	45	43	69	34	21	19	9	59	46	11	19	34	54	120	38	12	48	242	26	122	246	34	33	14	22	34	22	98	103	31	20	31	37	88	49	24	132	92	38	vert.nd4	tw5	TBR	0.05	vert.nd4.tw5	vert.nd4.tw5.conv_TBR_0.050000.tsv	505.58	3.6330842196033344
1000000	50	0.999997	0.0	3e-06	0.0	0.996343	0.0	1.0	67.32	9.410218	0.745235	0.000146	40	6	37	62	14	23	18	11	10	11	10	111	11	9	17	7	24	19	48	19	8	28	17	35	125	10	24	78	66	21	8	13	8	51	83	5	23	16	37	19	17	56	33	60	8	15	9	11	7	28	vert.nd4	tw5	TBR	0.1	vert.nd4.tw5	vert.nd4.tw5.conv_TBR_0.100000.tsv	505.58	7.51010101010101
1000000	50	0.999998	0.0	2e-06	0.0	0.996343	0.0	1.0	35.8	4.057948	0.745392	0.000115	22	15	15	8	29	4	9	9	6	4	10	15	3	11	7	12	14	4	10	29	6	10	5	7	11	14	27	31	52	15	4	17	8	61	17	17	13	11	13	6	8	14	3	37	7	5	7	6	25	23	vert.nd4	tw5	TBR	0.2	vert.nd4.tw5	vert.nd4.tw5.conv_TBR_0.200000.tsv	505.58	14.122346368715084
1000000	50	0.999998	0.0	2e-06	0.0	0.996343	0.0	1.0	23.7	2.526311	0.745256	7e-05	4	7	25	10	5	6	14	8	8	20	10	11	9	4	6	5	5	4	13	7	14	12	20	8	23	4	4	15	9	5	6	20	12	8	12	8	5	15	15	7	10	7	4	23	6	11	9	13	18	5	vert.nd4	tw5	TBR	0.3	vert.nd4.tw5	vert.nd4.tw5.conv_TBR_0.300000.tsv	505.58	21.332489451476793
1000000	50	0.999998	0.0	2e-06	0.0	0.996343	0.0	1.0	19.82	2.555936	0.745366	7.2e-05	5	5	5	5	3	3	4	6	12	3	8	6	6	3	11	7	4	3	4	6	4	9	6	20	34	4	7	6	7	10	11	4	4	16	13	5	6	8	6	5	5	5	10	6	9	6	12	6	11	8	vert.nd4	tw5	TBR	0.4	vert.nd4.tw5	vert.nd4.tw5.conv_TBR_0.400000.tsv	505.58	25.508577194752775
1000000	50	0.999998	0.0	2e-06	0.0	0.996343	0.0	1.0	20.14	2.447658	0.745146	6.5e-05	4	6	6	7	21	2	5	13	13	11	5	6	15	11	4	54	9	3	18	16	6	13	6	6	4	8	25	10	6	4	4	8	5	8	5	25	5	6	7	9	15	13	11	5	12	4	6	4	9	5	vert.nd4	tw5	TBR	0.5	vert.nd4.tw5	vert.nd4.tw5.conv_TBR_0.500000.tsv	505.58	25.103277060575966
1000000	50	0.999945	1.2e-05	5.5e-05	1.2e-05	0.996343	0.0	1.0	636.58	62.237334	0.740116	0.000432	427	182	689	120	253	145	243	347	247	403	307	116	284	993	391	424	469	223	178	72	373	151	196	74	407	342	87	46	84	414	357	501	433	304	202	333	300	298	643	340	330	812	262	201	202	853	59	216	174	131	vert.nd4	tw5	rTBR	0.0	vert.nd4.tw5	vert.nd4.tw5.conv_rTBR_0.000000.tsv	505.58	0.794212824782431
1000000	50	0.999982	4e-06	1.8e-05	4e-06	0.996343	0.0	1.0	272.06	26.903416	0.739876	0.000297	73	71	167	82	108	143	38	210	167	78	78	383	29	170	66	95	201	133	75	42	123	65	55	113	49	356	81	56	41	113	123	28	156	406	113	86	64	219	136	607	86	217	103	134	60	12	85	273	115	64	vert.nd4	tw5	rTBR	0.02	vert.nd4.tw5	vert.nd4.tw5.conv_rTBR_0.020000.tsv	505.58	1.8583400720429317
1000000	50	0.999994	1e-06	6e-06	1e-06	0.996343	0.0	1.0	132.6	15.822485	0.739883	0.000223	64	50	17	50	27	14	164	13	72	44	73	80	39	55	75	41	28	28	137	58	24	51	49	74	37	64	13	3	36	59	131	48	78	168	24	16	103	39	32	27	28	104	67	32	78	121	58	171	30	36	vert.nd4	tw5	rTBR	0.05	vert.nd4.tw5	vert.nd4.tw5.conv_rTBR_0.050000.tsv	505.58	3.812820512820513
1000000	50	0.999995	0.0	5e-06	0.0	0.996343	0.0	1.0	74.88	7.520836	0.739697	0.0002	38	27	26	45	50	20	26	13	27	52	12	30	56	21	10	66	21	13	40	11	18	29	26	13	39	30	102	100	54	55	38	76	51	30	25	28	35	124	7	60	16	29	67	31	68	44	46	15	47	37	vert.nd4	tw5	rTBR	0.1	vert.nd4.tw5	vert.nd4.tw5.conv_rTBR_0.100000.tsv	505.58	6.7518696581196584
1000000	50	0.999996	0.0	4e-06	0.0	0.996343	0.0	1.0	69.86	6.604761	0.73978	0.000179	22	36	43	15	37	64	13	53	24	14	23	14	18	45	38	9	15	21	11	38	83	16	157	63	26	17	20	12	41	12	13	24	8	39	19	24	4	15	38	38	17	31	19	26	10	14	32	52	57	35	vert.nd4	tw5	rTBR	0.2	vert.nd4.tw5	vert.nd4.tw5.conv_rTBR_0.200000.tsv	505.58	7.23704551961065
1000000	50	0.999996	0.0	4e-06	0.0	0.996343	0.0	1.0	78.88	7.412545	0.739917	0.000144	18	28	81	15	66	29	9	22	27	13	53	10	24	17	42	23	12	68	13	28	41	39	78	102	80	47	21	50	17	21	27	52	26	52	48	23	15	32	21	25	22	23	49	19	31	55	11	31	65	40	vert.nd4	tw5	rTBR	0.3	vert.nd4.tw5	vert.nd4.tw5.conv_rTBR_0.300000.tsv	505.58	6.4094827586206895
1000000	50	0.999996	0.0	4e-06	0.0	0.996343	0.0	1.0	65.0	6.928321	0.740089	0.000143	15	72	27	32	18	21	27	11	14	18	55	29	14	35	20	36	26	39	35	15	38	14	61	40	28	12	21	7	30	33	49	13	13	10	32	20	52	39	17	32	29	75	45	35	24	32	20	93	45	20	vert.nd4	tw5	rTBR	0.4	vert.nd4.tw5	vert.nd4.tw5.conv_rTBR_0.400000.tsv	505.58	7.778153846153846
1000000	50	0.999996	0.0	4e-06	0.0	0.996343	0.0	1.0	62.68	6.672664	0.739791	0.000123	20	65	20	51	31	21	26	45	24	17	36	35	23	22	54	14	18	23	29	23	26	16	27	27	28	14	5	30	16	54	37	39	13	49	12	15	33	18	31	53	48	43	20	45	37	24	26	54	44	29	vert.nd4	tw5	rTBR	0.5	vert.nd4.tw5	vert.nd4.tw5.conv_rTBR_0.500000.tsv	505.58	8.066049776643267
1000000	50	0.999961	1e-06	3.9e-05	1e-06	0.952336	0.0	1.0	472.98	22.643258	0.196394	5.7e-05	61	121	70	44	162	60	78	70	72	58	79	107	98	104	81	62	78	112	95	65	44	53	55	96	107	83	105	75	64	113	61	65	55	73	75	81	67	108	70	100	27	114	58	52	67	69	110	60	76	75	vert.nd4l	tw0	MC3_NNI	0.0	vert.nd4l.tw0	vert.nd4l.tw0.conv_mc3_NNI_0.000000.tsv	1043.12	2.205420948031629
1000000	50	0.999964	1e-06	3.6e-05	1e-06	0.952336	0.0	1.0	402.26	21.664582	0.196422	4.5e-05	85	22	33	40	72	59	62	56	59	28	52	32	50	37	45	44	54	127	75	55	52	27	50	61	12	53	23	46	54	59	81	48	54	60	71	61	40	45	24	84	52	31	50	82	56	58	47	37	43	53	vert.nd4l	tw0	MC3_NNI	0.02	vert.nd4l.tw0	vert.nd4l.tw0.conv_mc3_NNI_0.020000.tsv	1043.12	2.593148709789688
1000000	50	0.999966	1e-06	3.4e-05	1e-06	0.952336	0.0	1.0	338.94	17.099192	0.196417	4.4e-05	50	34	25	21	20	86	35	23	42	24	22	20	33	27	18	28	39	28	30	36	19	37	31	37	34	34	24	25	38	46	51	21	27	81	20	16	26	32	40	34	39	39	37	29	18	27	32	27	32	38	vert.nd4l	tw0	MC3_NNI	0.05	vert.nd4l.tw0	vert.nd4l.tw0.conv_mc3_NNI_0.050000.tsv	1043.12	3.0775948545465273
1000000	50	0.999968	1e-06	3.2e-05	1e-06	0.952336	0.0	1.0	289.02	14.673522	0.196441	4.4e-05	22	69	19	35	19	10	26	37	30	23	18	33	21	37	27	38	42	33	18	25	27	33	18	42	33	25	35	18	36	22	46	19	21	26	13	18	28	18	21	28	9	26	24	38	28	28	40	15	40	26	vert.nd4l	tw0	MC3_NNI	0.1	vert.nd4l.tw0	vert.nd4l.tw0.conv_mc3_NNI_0.100000.tsv	1043.12	3.6091619957096395
1000000	50	0.999969	1e-06	3.1e-05	1e-06	0.952336	0.0	1.0	347.94	36.454729	0.196402	3.2e-05	25	308	16	27	91	24	20	35	38	162	20	13	21	38	26	34	16	1125	16	18	42	20	28	5	29	20	12	15	56	27	24	19	18	28	29	28	15	228	8	29	64	29	33	64	51	36	85	21	25	23	vert.nd4l	tw0	MC3_NNI	0.2	vert.nd4l.tw0	vert.nd4l.tw0.conv_mc3_NNI_0.200000.tsv	1043.12	2.997988158877967
1000000	50	0.999968	1e-06	3.2e-05	1e-06	0.952336	0.0	1.0	14100.24	8346.623058	0.193742	0.001635	45	71	7872	42	6098	107	1442	1198	22	13559	21081	99	39	44063	13117	414799	28	109	33	149	14	250	44	17653	639	15	1231	5585	85	66	64219	57	35	10321	154	27	35	29	8631	5672	53	6056	4813	10230	97	255	15811	36	36	14827	vert.nd4l	tw0	MC3_NNI	0.3	vert.nd4l.tw0	vert.nd4l.tw0.conv_mc3_NNI_0.300000.tsv	1043.12	0.07397888262894815
1000000	50	0.879964	0.046421	0.120036	0.046421	0.838056	0.04421	0.88	143707.181818	30505.625563	0.147998	0.009415	176444	-1	535925	710207	65973	533739	-1	69920	3511	342418	111	99095	245304	-1	169967	-1	13902	436347	64725	376	150862	29678	584286	36	250731	42803	-1	24	392912	3378	-1	7557	169220	531	116	59467	22	16754	158881	888	214161	17	5	1923	667752	5361	15572	469	295	69909	vert.nd4l	tw0	MC3_NNI	0.4	vert.nd4l.tw0	vert.nd4l.tw0.conv_mc3_NNI_0.400000.tsv	1043.12	0.007258649058479721
1000000	50	0.23999	0.061009	0.76001	0.061009	0.228561	0.058104	0.24	51649.25	20145.224663	0.044726	0.011408	-1	-1	-1	-1	-1	-1	217725	-1	-1	-1	-1	12276	-1	17	37673	-1	-1	-1	-1	-1	-1	-1	76157	-1	1352	-1	-1	690	-1	24014	-1	-1	-1	115865	-1	-1	2803	-1	134	-1	-1	-1	-1	-1	-1	-1	-1	-1	-1	128343	vert.nd4l	tw0	MC3_NNI	0.5	vert.nd4l.tw0	vert.nd4l.tw0.conv_mc3_NNI_0.500000.tsv	1043.12	0.020196227437958923
1000000	50	0.999907	3e-06	9.3e-05	3e-06	0.952336	0.0	1.0	1043.12	63.339755	0.196269	0.000108	95	235	42	66	60	45	120	80	92	92	177	236	250	124	157	113	158	157	50	146	161	137	152	68	127	146	57	122	40	73	142	97	209	69	74	291	83	85	374	106	113	74	65	100	72	98	110	76	70	142	vert.nd4l	tw0	NNI	0.0	vert.nd4l.tw0	vert.nd4l.tw0.conv_NNI_0.000000.tsv	1043.12	1.0
1000000	50	0.999924	3e-06	7.6e-05	3e-06	0.952336	0.0	1.0	902.38	60.1344	0.196193	9.3e-05	104	79	63	49	75	58	114	46	63	78	74	34	30	64	38	51	174	91	47	61	73	61	69	39	63	102	61	67	57	43	48	126	64	109	57	156	76	31	60	41	60	85	75	113	59	62	82	38	62	39	vert.nd4l	tw0	NNI	0.02	vert.nd4l.tw0	vert.nd4l.tw0.conv_NNI_0.020000.tsv	1043.12	1.1559653361111726
1000000	50	0.999939	2e-06	6.1e-05	2e-06	0.952336	0.0	1.0	670.9	37.468487	0.196218	8.6e-05	84	60	67	64	132	104	37	37	98	54	79	55	50	98	37	92	19	37	43	55	23	63	59	22	50	43	80	20	99	91	123	63	60	35	33	63	77	39	50	57	41	41	65	144	54	39	40	75	106	39	vert.nd4l	tw0	NNI	0.05	vert.nd4l.tw0	vert.nd4l.tw0.conv_NNI_0.050000.tsv	1043.12	1.5548069757042777
1000000	50	0.999951	2e-06	4.9e-05	2e-06	0.952336	0.0	1.0	471.3	23.712018	0.19639	5.8e-05	37	45	47	71	37	53	23	62	100	24	32	80	37	32	27	69	28	81	22	47	27	47	32	32	33	26	52	26	85	32	53	59	71	56	24	39	81	28	22	27	34	31	34	49	39	22	35	70	47	26	vert.nd4l	tw0	NNI	0.1	vert.nd4l.tw0	vert.nd4l.tw0.conv_NNI_0.100000.tsv	1043.12	2.213282410354339
1000000	50	0.99996	1e-06	4e-05	1e-06	0.952336	0.0	1.0	878.06	187.788034	0.196331	6.1e-05	57	23	2423	59	21	23	23	65	23	28	19	275	31	15	1661	25	124	18	1131	959	24	20	19	20	43	45	38	46	33	96	50	26	85	230	17	381	360	15	9	7405	1310	30	790	24	18	28	1324	5178	967	47	vert.nd4l	tw0	NNI	0.2	vert.nd4l.tw0	vert.nd4l.tw0.conv_NNI_0.200000.tsv	1043.12	1.1879825980001366
1000000	50	0.959958	0.027993	0.040042	0.027993	0.914243	0.02666	0.96	85656.166667	27264.403017	0.172409	0.007187	1289	40458	71	45	261	29459	446	653648	22	1887	13416	91	3190	-1	10209	198167	17122	816811	169107	2634	190	539601	343	55	50	31	164	563207	74	162	177	81543	-1	234472	66	158899	159	30081	51	37	54477	3189	183	1390	398895	58348	8742	3038	1071	1548	vert.nd4l	tw0	NNI	0.3	vert.nd4l.tw0	vert.nd4l.tw0.conv_NNI_0.300000.tsv	1043.12	0.012177990687527155
1000000	50	0.499977	0.071425	0.500023	0.071425	0.476168	0.068024	0.5	150238.6	48390.963502	0.083494	0.01282	-1	461	17215	-1	542829	2283	4139	-1	661620	-1	-1	-1	-1	-1	9	-1	-1	-1	-1	-1	7	117035	35747	20288	649678	-1	-1	-1	677557	-1	-1	254164	482885	19009	-1	-1	722	-1	1060	-1	191904	-1	6197	-1	5473	3847	54550	-1	582	150	vert.nd4l	tw0	NNI	0.4	vert.nd4l.tw0	vert.nd4l.tw0.conv_NNI_0.400000.tsv	1043.12	0.006943089192790667
1000000	50	0.179992	0.054882	0.820008	0.054882	0.171421	0.052268	0.18	90999.0	43000.312801	0.032158	0.009912	189230	31018	-1	-1	395851	-1	-1	-1	-1	-1	-1	-1	-1	-1	-1	-1	-1	-1	-1	-1	95040	-1	-1	-1	51408	44737	-1	-1	-1	-1	-1	-1	-1	-1	-1	-1	-1	-1	52	-1	-1	5704	-1	-1	3474	-1	-1	-1	-1	-1	vert.nd4l	tw0	NNI	0.5	vert.nd4l.tw0	vert.nd4l.tw0.conv_NNI_0.500000.tsv	1043.12	0.0114629831097045
1000000	50	0.999847	4e-06	0.000153	4e-06	0.952336	0.0	1.0	2093.8	104.226609	0.196445	0.000159	255	227	91	176	207	621	158	226	238	84	54	218	241	406	639	170	59	133	58	186	199	209	227	141	58	249	242	130	139	83	79	132	219	110	182	82	193	291	209	91	115	207	378	181	325	402	56	94	552	127	vert.nd4l	tw0	NNI2	0.0	vert.nd4l.tw0	vert.nd4l.tw0.conv_NNI2_0.000000.tsv	1043.12	0.4981946699780303
1000000	50	0.999905	2e-06	9.5e-05	2e-06	0.952336	0.0	1.0	1539.36	101.450797	0.196176	0.000151	132	162	79	130	212	38	27	64	258	259	105	72	40	110	111	113	44	153	76	92	58	221	73	255	61	36	113	186	155	171	46	60	184	105	85	282	79	179	145	283	51	106	74	146	86	132	169	185	67	177	vert.nd4l	tw0	NNI2	0.02	vert.nd4l.tw0	vert.nd4l.tw0.conv_NNI2_0.020000.tsv	1043.12	0.6776322627585489
1000000	50	0.999929	2e-06	7.1e-05	2e-06	0.952336	0.0	1.0	898.88	45.388793	0.196431	0.000134	255	106	118	10	50	100	48	74	98	15	91	106	156	60	45	106	141	14	45	27	166	33	113	37	29	24	56	43	23	94	161	79	64	91	117	50	178	40	13	51	23	74	17	38	28	188	29	74	46	57	vert.nd4l	tw0	NNI2	0.05	vert.nd4l.tw0	vert.nd4l.tw0.conv_NNI2_0.050000.tsv	1043.12	1.1604663581345673
1000000	50	0.999952	1e-06	4.8e-05	1e-06	0.952336	0.0	1.0	549.98	30.932995	0.196318	9.1e-05	19	63	93	12	74	21	6	20	9	8	61	27	54	20	41	52	25	34	19	95	34	21	51	63	20	17	14	81	16	89	30	36	16	37	85	20	57	54	42	29	34	21	79	78	14	53	53	17	138	14	vert.nd4l	tw0	NNI2	0.1	vert.nd4l.tw0	vert.nd4l.tw0.conv_NNI2_0.100000.tsv	1043.12	1.896650787301356
1000000	50	0.999965	1e-06	3.5e-05	1e-06	0.952336	0.0	1.0	384.96	19.639963	0.196353	5.2e-05	8	15	42	21	10	148	46	22	68	9	8	186	20	13	31	13	30	8	32	10	73	10	19	22	40	12	36	15	43	10	43	25	15	18	12	25	9	17	148	293	18	24	14	9	44	8	29	6	35	41	vert.nd4l	tw0	NNI2	0.2	vert.nd4l.tw0	vert.nd4l.tw0.conv_NNI2_0.200000.tsv	1043.12	2.709684123025769
1000000	50	0.999971	1e-06	2.9e-05	1e-06	0.952336	0.0	1.0	6570.08	2564.880562	0.195182	0.000511	53	67	23	5	21235	5770	14	11	10386	47	24	25	13	10	70	13775	1566	10	36	23932	76134	12	11	15788	8	7365	9	13	9	12	309	51	18	13	7	19	29	118	3	5	15	5	4	8622	20	30	161	31788	97928	54	vert.nd4l	tw0	NNI2	0.3	vert.nd4l.tw0	vert.nd4l.tw0.conv_NNI2_0.300000.tsv	1043.12	0.1587682341767528
1000000	50	0.559985	0.070911	0.440015	0.070911	0.533308	0.067532	0.56	15435.178571	10802.685793	0.108332	0.013768	69	-1	6	240	-1	-1	14	-1	2430	297942	-1	324	6	11	-1	5	-1	-1	4	1277	-1	-1	11	11	-1	-1	11	-1	15175	-1	-1	7	9	8	5	2706	-1	5	25	40	-1	-1	-1	-1	21	57461	-1	72	48709	-1	vert.nd4l	tw0	NNI2	0.4	vert.nd4l.tw0	vert.nd4l.tw0.conv_NNI2_0.400000.tsv	1043.12	0.0675806888272637
1000000	50	0.35999	0.06857	0.64001	0.06857	0.342841	0.065303	0.36	30759.166667	13183.535472	0.068528	0.013084	-1	-1	-1	111474	184	-1	7	-1	-1	-1	23	-1	-1	7	-1	133619	-1	-1	-1	-1	-1	-1	152610	-1	125510	-1	26782	15	-1	24	-1	14	-1	-1	8	-1	6	-1	-1	11	-1	-1	44	13	-1	-1	-1	3	-1	-1	vert.nd4l	tw0	NNI2	0.5	vert.nd4l.tw0	vert.nd4l.tw0.conv_NNI2_0.500000.tsv	1043.12	0.033912492210626505
1000000	50	0.999764	6e-06	0.000236	6e-06	0.952336	0.0	1.0	3194.16	185.046417	0.196503	0.000178	138	67	249	392	80	524	136	172	210	486	355	148	355	203	374	132	324	280	209	200	465	217	145	47	134	114	221	424	198	68	254	387	495	308	235	226	212	279	641	120	675	159	299	319	346	357	107	570	154	250	vert.nd4l	tw0	TBR	0.0	vert.nd4l.tw0	vert.nd4l.tw0.conv_TBR_0.000000.tsv	1043.12	0.32657099206051043
1000000	50	0.99988	3e-06	0.00012	3e-06	0.952336	0.0	1.0	1738.2	102.057819	0.196416	0.000128	53	90	127	121	267	90	95	113	159	74	153	28	41	143	68	228	188	154	216	85	68	56	82	123	303	111	289	220	69	65	136	134	95	67	161	137	65	91	235	52	111	168	279	131	192	75	88	113	148	251	vert.nd4l	tw0	TBR	0.02	vert.nd4l.tw0	vert.nd4l.tw0.conv_TBR_0.020000.tsv	1043.12	0.6001150615579334
1000000	50	0.999919	2e-06	8.1e-05	2e-06	0.952336	0.0	1.0	916.6	42.246768	0.196317	0.000147	50	171	117	77	17	39	36	32	58	47	23	127	101	50	139	13	11	7	35	39	29	21	84	12	68	80	60	8	94	85	89	27	59	28	54	11	50	36	28	77	142	23	73	61	55	45	29	147	17	32	vert.nd4l	tw0	TBR	0.05	vert.nd4l.tw0	vert.nd4l.tw0.conv_TBR_0.050000.tsv	1043.12	1.1380318568623171
1000000	50	0.999941	2e-06	5.9e-05	2e-06	0.952336	0.0	1.0	667.62	37.766251	0.196448	8.1e-05	48	9	107	9	61	66	29	98	11	23	76	17	61	63	45	36	69	57	27	43	69	52	14	38	75	40	28	22	41	21	65	16	30	14	43	69	42	26	49	60	24	50	34	93	82	29	11	28	46	52	vert.nd4l	tw0	TBR	0.1	vert.nd4l.tw0	vert.nd4l.tw0.conv_TBR_0.100000.tsv	1043.12	1.5624457026452172
1000000	50	0.999963	1e-06	3.7e-05	1e-06	0.952336	0.0	1.0	450.3	20.668368	0.196418	5.6e-05	10	18	18	8	14	46	14	11	25	36	23	45	15	47	32	12	10	21	6	28	8	4	19	16	15	32	13	30	10	26	34	53	17	7	50	34	22	38	15	17	36	22	59	7	11	9	23	32	20	20	vert.nd4l	tw0	TBR	0.2	vert.nd4l.tw0	vert.nd4l.tw0.conv_TBR_0.200000.tsv	1043.12	2.316500111037086
1000000	50	0.999968	1e-06	3.2e-05	1e-06	0.952336	0.0	1.0	341.8	14.931708	0.196445	6.1e-05	13	49	10	5	9	15	17	8	10	26	4	17	4	24	17	7	27	11	4	9	22	8	9	31	4	4	7	4	13	8	11	41	13	12	23	12	12	8	7	26	30	17	15	16	14	20	9	14	16	5	vert.nd4l	tw0	TBR	0.3	vert.nd4l.tw0	vert.nd4l.tw0.conv_TBR_0.300000.tsv	1043.12	3.0518431831480393
1000000	50	0.999972	1e-06	2.8e-05	1e-06	0.952336	0.0	1.0	288.84	16.492803	0.196379	4.9e-05	17	5	35	18	10	5	4	5	14	7	9	11	13	5	16	11	6	4	5	19	30	24	4	7	6	51	16	24	5	9	7	9	8	8	4	28	12	13	9	14	10	9	29	3	31	15	19	8	16	11	vert.nd4l	tw0	TBR	0.4	vert.nd4l.tw0	vert.nd4l.tw0.conv_TBR_0.400000.tsv	1043.12	3.611411161888935
1000000	50	0.999973	1e-06	2.7e-05	1e-06	0.952336	0.0	1.0	247.8	13.220238	0.19645	3.3e-05	5	12	6	6	9	9	10	5	5	9	9	7	9	12	7	7	12	4	7	11	25	12	7	7	10	9	7	48	16	11	18	8	6	13	15	5	17	6	9	4	15	12	5	6	3	6	12	31	7	6	vert.nd4l	tw0	TBR	0.5	vert.nd4l.tw0	vert.nd4l.tw0.conv_TBR_0.500000.tsv	1043.12	4.209523809523809
1000000	50	0.999778	6e-06	0.000222	6e-06	0.952336	0.0	1.0	3059.44	167.859135	0.193647	0.000222	237	498	65	434	516	833	172	505	97	62	242	221	231	174	245	232	188	203	172	134	198	107	79	130	201	502	223	444	110	222	225	366	432	138	217	316	205	394	127	90	188	341	123	154	221	117	177	349	318	89	vert.nd4l	tw0	rTBR	0.0	vert.nd4l.tw0	vert.nd4l.tw0.conv_rTBR_0.000000.tsv	1043.12	0.34095128520252066
1000000	50	0.999879	4e-06	0.000121	4e-06	0.952336	0.0	1.0	1642.38	82.803386	0.193842	0.000168	105	31	81	42	66	88	92	62	103	47	85	117	186	247	66	47	239	153	64	111	118	190	252	132	122	143	381	224	120	233	134	226	325	33	101	105	142	58	324	78	92	201	49	60	67	103	36	216	165	168	vert.nd4l	tw0	rTBR	0.02	vert.nd4l.tw0	vert.nd4l.tw0.conv_rTBR_0.020000.tsv	1043.12	0.6351270716886469
1000000	50	0.999913	3e-06	8.7e-05	3e-06	0.952336	0.0	1.0	1003.58	46.277804	0.193714	0.000124	41	71	84	47	18	55	129	136	31	62	240	97	25	88	97	86	142	62	80	120	81	53	69	10	45	93	57	21	62	47	34	386	80	77	143	335	75	106	40	127	31	56	159	69	71	68	105	26	70	182	vert.nd4l	tw0	rTBR	0.05	vert.nd4l.tw0	vert.nd4l.tw0.conv_rTBR_0.050000.tsv	1043.12	1.0393989517527251
1000000	50	0.99993	2e-06	7e-05	2e-06	0.952336	0.0	1.0	775.74	38.588629	0.193776	0.000116	76	36	27	26	21	34	38	21	14	41	28	46	69	33	26	91	36	19	67	53	30	127	16	42	42	34	71	83	131	57	50	39	55	15	72	37	97	149	17	28	26	54	79	25	65	70	104	109	39	17	vert.nd4l	tw0	rTBR	0.1	vert.nd4l.tw0	vert.nd4l.tw0.conv_rTBR_0.100000.tsv	1043.12	1.344677340345992
1000000	50	0.99995	2e-06	5e-05	2e-06	0.952336	0.0	1.0	571.76	30.118983	0.193749	8.3e-05	10	68	20	17	159	80	45	32	29	31	31	62	38	8	22	15	42	11	15	76	35	9	24	72	13	30	23	18	18	27	33	37	24	21	22	14	49	40	13	7	30	18	44	22	23	14	15	26	30	44	vert.nd4l	tw0	rTBR	0.2	vert.nd4l.tw0	vert.nd4l.tw0.conv_rTBR_0.200000.tsv	1043.12	1.824401846928781
1000000	50	0.999952	1e-06	4.8e-05	1e-06	0.952336	0.0	1.0	523.28	26.784279	0.193811	8.3e-05	40	16	16	38	23	44	23	46	26	25	36	30	47	23	24	35	36	39	49	16	34	29	47	64	65	50	15	26	12	50	13	37	21	27	50	75	29	45	21	12	31	31	51	11	48	23	24	63	71	74	vert.nd4l	tw0	rTBR	0.3	vert.nd4l.tw0	vert.nd4l.tw0.conv_rTBR_0.300000.tsv	1043.12	1.9934260816388931
1000000	50	0.999953	1e-06	4.7e-05	1e-06	0.952336	0.0	1.0	457.22	21.922969	0.19389	6.9e-05	40	21	14	18	44	14	41	57	24	15	44	54	20	33	34	24	27	57	23	22	39	38	40	26	24	44	86	23	47	19	22	17	15	14	29	92	44	14	40	117	26	55	11	57	33	100	20	22	36	34	vert.nd4l	tw0	rTBR	0.4	vert.nd4l.tw0	vert.nd4l.tw0.conv_rTBR_0.400000.tsv	1043.12	2.2814400069988188
1000000	50	0.999955	1e-06	4.5e-05	1e-06	0.952336	0.0	1.0	450.72	26.50511	0.193775	6.7e-05	14	18	27	20	63	24	31	23	18	20	19	24	39	29	25	24	52	44	26	34	20	47	44	7	34	16	23	25	67	30	103	56	26	25	27	37	32	56	13	45	12	19	21	16	35	21	7	19	25	38	vert.nd4l	tw0	rTBR	0.5	vert.nd4l.tw0	vert.nd4l.tw0.conv_rTBR_0.500000.tsv	1043.12	2.314341498047568
1000000	50	0.999922	1e-06	7.8e-05	1e-06	0.95335	0.0	1.0	983.92	136.519601	0.094016	3.9e-05	116	645	69	67	121	433	138	217	126	141	113	328	126	62	62	77	116	46	120	48	131	95	115	30	116	87	198	266	172	91	43	60	129	76	152	63	57	114	440	95	68	153	205	66	194	124	428	159	310	275	vert.nd4l	tw5	MC3_NNI	0.0	vert.nd4l.tw5	vert.nd4l.tw5.conv_mc3_NNI_0.000000.tsv	12789.62	12.998638100658592
1000000	50	0.999927	1e-06	7.3e-05	1e-06	0.95335	0.0	1.0	684.38	103.684513	0.094006	3.4e-05	113	93	124	93	50	78	127	36	42	27	33	97	47	71	96	406	402	264	73	192	148	129	115	101	101	152	47	127	36	67	101	84	94	77	59	75	71	52	54	56	115	54	82	60	202	56	48	131	549	96	vert.nd4l	tw5	MC3_NNI	0.02	vert.nd4l.tw5	vert.nd4l.tw5.conv_mc3_NNI_0.020000.tsv	12789.62	18.68789269119495
1000000	50	0.999928	1e-06	7.2e-05	1e-06	0.95335	0.0	1.0	778.2	85.372939	0.094004	3e-05	36	86	197	100	180	38	45	95	82	86	22	125	115	65	48	169	55	80	32	64	136	132	126	68	52	95	97	81	56	61	105	59	20	111	24	103	155	108	99	39	19	85	84	107	93	45	41	31	40	176	vert.nd4l	tw5	MC3_NNI	0.05	vert.nd4l.tw5	vert.nd4l.tw5.conv_mc3_NNI_0.050000.tsv	12789.62	16.434875353379596
1000000	50	0.999933	1e-06	6.7e-05	1e-06	0.95335	0.0	1.0	512.5	60.780557	0.094011	2.6e-05	37	29	17	98	110	85	34	184	30	95	82	91	126	37	56	51	89	62	32	68	46	138	156	50	102	24	84	243	42	109	55	30	41	41	31	25	21	49	15	40	33	92	105	72	90	80	48	85	49	138	vert.nd4l	tw5	MC3_NNI	0.1	vert.nd4l.tw5	vert.nd4l.tw5.conv_mc3_NNI_0.100000.tsv	12789.62	24.955356097560976
1000000	50	0.999939	1e-06	6.1e-05	1e-06	0.95335	0.0	1.0	365.16	32.869828	0.094023	2.2e-05	34	22	23	72	153	12	27	68	18	27	12	36	31	100	70	13	32	27	22	71	21	12	455	25	22	42	27	32	20	103	21	20	45	13	6	26	28	46	51	70	47	33	18	40	21	48	96	25	91	33	vert.nd4l	tw5	MC3_NNI	0.2	vert.nd4l.tw5	vert.nd4l.tw5.conv_mc3_NNI_0.200000.tsv	12789.62	35.02470150071202
1000000	50	0.99994	1e-06	6e-05	1e-06	0.95335	0.0	1.0	322.48	26.289367	0.094013	2.4e-05	133	121	31	44	31	72	29	21	46	18	67	34	27	21	22	61	35	26	31	21	97	31	31	62	63	24	18	25	18	37	43	45	24	13	56	33	26	26	27	97	26	39	45	10	87	32	11	79	22	20	vert.nd4l	tw5	MC3_NNI	0.3	vert.nd4l.tw5	vert.nd4l.tw5.conv_mc3_NNI_0.300000.tsv	12789.62	39.66019598114612
1000000	50	0.999943	1e-06	5.7e-05	1e-06	0.95335	0.0	1.0	354.84	31.661698	0.094028	2e-05	17	55	83	21	42	19	18	77	105	28	40	16	14	58	23	66	92	18	22	158	20	19	36	50	14	160	77	71	35	22	36	65	124	42	36	59	44	14	13	83	22	65	39	5	44	75	65	57	25	72	vert.nd4l	tw5	MC3_NNI	0.4	vert.nd4l.tw5	vert.nd4l.tw5.conv_mc3_NNI_0.400000.tsv	12789.62	36.04334347875099
1000000	50	0.999942	1e-06	5.8e-05	1e-06	0.95335	0.0	1.0	603.32	56.671221	0.093993	2.1e-05	79	189	179	68	220	11	152	71	94	62	131	37	24	99	113	48	249	185	163	62	221	47	80	29	65	124	24	120	119	170	173	39	57	56	289	186	28	155	1713	133	34	36	74	80	35	96	102	19	94	51	vert.nd4l	tw5	MC3_NNI	0.5	vert.nd4l.tw5	vert.nd4l.tw5.conv_mc3_NNI_0.500000.tsv	12789.62	21.198733673672347
1000000	50	0.999812	6e-06	0.000188	6e-06	0.95335	0.0	1.0	12789.62	2043.094741	0.093645	0.000161	1578	3851	153	255	24156	219	543	33	115	169	155	94	111	354	93	207	294	191	657	551	164	91	52	502	1450	389	700	34522	94	1335	192	308	381	27	1237	3819	27615	26484	85	236	7835	146	99	700	433	166	446	359	91	76	vert.nd4l	tw5	NNI	0.0	vert.nd4l.tw5	vert.nd4l.tw5.conv_NNI_0.000000.tsv	12789.62	1.0
1000000	50	0.999838	6e-06	0.000162	6e-06	0.95335	0.0	1.0	11143.56	1816.134202	0.093574	0.000177	135	3953	54	168	103	559	94	70	1361	4372	61	292	149	60	6338	109	97	98	1213	373	149	366	111	48	128	586	201	151	120	21699	208	202	157	139	137	4935	2132	206	17472	49550	16484	239	579	99	133	40288	40811	445	140	13243	vert.nd4l	tw5	NNI	0.02	vert.nd4l.tw5	vert.nd4l.tw5.conv_NNI_0.020000.tsv	12789.62	1.1477140159877097
1000000	50	0.999859	5e-06	0.000141	5e-06	0.95335	0.0	1.0	7376.82	1211.637256	0.0938	0.000121	4439	54	1174	18	55	21449	2198	120	556	50	163	228	427	172	559	132	14096	154	67	196	12497	47	1673	2867	113	173	99	235	192	97	60	73	297	10665	434	292	36	547	98	698	164	68	30757	660	488	402	58	68	4148	657	vert.nd4l	tw5	NNI	0.05	vert.nd4l.tw5	vert.nd4l.tw5.conv_NNI_0.050000.tsv	12789.62	1.7337579065234072
1000000	50	0.999895	4e-06	0.000105	4e-06	0.95335	0.0	1.0	6648.76	1192.992441	0.093914	9.7e-05	45	158	206	1253	92	717	82	224	80	15998	69	6	22	66	849	165	33	79	406	60	484	35	96	69	38	132	621	34	76	43	117	21784	12121	106	20	703	94	636	136	51	60	200	72	179	790	270	490	15	65	95	vert.nd4l	tw5	NNI	0.1	vert.nd4l.tw5	vert.nd4l.tw5.conv_NNI_0.100000.tsv	12789.62	1.9236098159656838
1000000	50	0.999916	4e-06	8.4e-05	4e-06	0.95335	0.0	1.0	3931.04	602.831553	0.09387	8e-05	8264	52	14	395	59	5	68	22	69	29	180	123	55	282	45	30	3182	17746	74	237	1094	88	35	2397	18	584	60	266	30	12	16	170	8531	1541	334	957	28	35	11	83	10	50	53	498	37	12	32	31	80	15	vert.nd4l	tw5	NNI	0.2	vert.nd4l.tw5	vert.nd4l.tw5.conv_NNI_0.200000.tsv	12789.62	3.2534952582522694
1000000	50	0.999917	3e-06	8.3e-05	3e-06	0.95335	0.0	1.0	3232.4	558.482654	0.093981	5.1e-05	71	29	47	93	179	83	49	66	176	516	100	119	159	16	88	40	80	38	76	14	116	21	30	158	19	1816	334	46	23	114	77	36	98	52	21	106	149	53	41	77	3151	245	135	58	36	115	42	118	342	11	vert.nd4l	tw5	NNI	0.3	vert.nd4l.tw5	vert.nd4l.tw5.conv_NNI_0.300000.tsv	12789.62	3.956694716000495
1000000	50	0.999915	4e-06	8.5e-05	4e-06	0.95335	0.0	1.0	3223.44	473.40287	0.093857	5.5e-05	14	35	129	5191	72	75	130	462	21	234	15	13	47	1247	46	60	40	1834	42	29	5039	143	222	59	2182	22	382	31	76	93	14	148	380	29	132	167	264	141	47	291	151	17	4956	8932	230	219	18	87	272	19	vert.nd4l	tw5	NNI	0.4	vert.nd4l.tw5	vert.nd4l.tw5.conv_NNI_0.400000.tsv	12789.62	3.9676928995110816
1000000	50	0.999913	4e-06	8.7e-05	4e-06	0.95335	0.0	1.0	4143.24	788.837411	0.09393	7.2e-05	453	1748	6634	2475	336	95	34	145	16	48	43	20	3952	247	38	30192	313	37	175	130	7421	108	312	307	22	143	75	190	8042	341	307	25	193	110	227	364	312	330	427	35	6743	219	248	350	238	217	11	129	137	132	vert.nd4l	tw5	NNI	0.5	vert.nd4l.tw5	vert.nd4l.tw5.conv_NNI_0.500000.tsv	12789.62	3.086864386325678
1000000	50	0.999736	6e-06	0.000264	6e-06	0.95335	0.0	1.0	3662.78	859.32554	0.093801	0.000126	140	530	163	412	254	680	485	140	286	391	5994	182	499	64	43	226	222	222	273	240	122	530	203	805	212	241	8609	407	145	154	546	200	153	318	118	90	70	211	769	330	380	602	418	147	42129	331	94	5045	309	470	vert.nd4l	tw5	NNI2	0.0	vert.nd4l.tw5	vert.nd4l.tw5.conv_NNI2_0.000000.tsv	12789.62	3.4917794680543195
1000000	50	0.999789	5e-06	0.000211	5e-06	0.95335	0.0	1.0	3520.4	824.944777	0.093896	8.9e-05	177	190	83	85	101	116	26	215	487	540	85	195	309	278	136	632	256	128	250	40	254	13201	42	243	913	38	269	292	48	419	31876	295	265	222	48	85	250	66	21909	993	10825	711	258	40	25	465	352	9585	264	418	vert.nd4l	tw5	NNI2	0.02	vert.nd4l.tw5	vert.nd4l.tw5.conv_NNI2_0.020000.tsv	12789.62	3.633001931598682
1000000	50	0.999834	4e-06	0.000166	4e-06	0.95335	0.0	1.0	1566.52	158.887616	0.094055	5.7e-05	486	90	142	285	627	2672	69	41	414	180	2511	167	92	213	36	1138	26	83	3791	107	45	50	73	109	297	191	4789	66	42	80	575	113	461	482	2670	25	73	144	64	188	75	255	297	238	204	70	232	2883	191	30	vert.nd4l	tw5	NNI2	0.05	vert.nd4l.tw5	vert.nd4l.tw5.conv_NNI2_0.050000.tsv	12789.62	8.16435155631591
1000000	50	0.99989	3e-06	0.00011	3e-06	0.95335	0.0	1.0	1320.26	228.326949	0.09398	5.2e-05	69	30	46	139	99	31	84	9205	134	39	4186	1239	98	3011	14	135	85	92	117	82	116	79	69	34	45	35	105	545	16	98	41	91	25	197	3701	42	32	1627	49	50	30	61	109	1263	40	111	65	93	143	453	vert.nd4l	tw5	NNI2	0.1	vert.nd4l.tw5	vert.nd4l.tw5.conv_NNI2_0.100000.tsv	12789.62	9.687197976156213
1000000	50	0.999927	1e-06	7.3e-05	1e-06	0.95335	0.0	1.0	568.2	64.817565	0.094035	4e-05	80	43	100	923	40	28	85	24	12	488	26	75	23	120	21	11	37	17	50	54	69	23	40	13	104	28	31	11	1119	8	33	37	40	32	45	85	49	39	18	26	1398	72	41	1915	1562	47	59	37	15	66	vert.nd4l	tw5	NNI2	0.2	vert.nd4l.tw5	vert.nd4l.tw5.conv_NNI2_0.200000.tsv	12789.62	22.509010911650826
1000000	50	0.999936	1e-06	6.4e-05	1e-06	0.95335	0.0	1.0	473.3	88.284902	0.094055	3.2e-05	33	20	11	99	687	97	106	2703	40	14	547	19	25	20	13	24	37	35	106	37	24	36	26	2643	42	39	8	12	19	34	69	24	29	12	30	26	92	26	31	2096	60	25	8	48	122	37	12	89	46	73	vert.nd4l	tw5	NNI2	0.3	vert.nd4l.tw5	vert.nd4l.tw5.conv_NNI2_0.300000.tsv	12789.62	27.02222691738855
1000000	50	0.99994	1e-06	6e-05	1e-06	0.95335	0.0	1.0	378.62	41.091286	0.094042	2.5e-05	13	40	42	50	111	1143	13	17	12	22	55	28	6	18	75	13	1453	16	52	17	10	141	14	8	689	64	16	15	6	22	117	14	32	7	48	8	22	10	77	12	885	18	48	68	20	58	15	49	40	107	vert.nd4l	tw5	NNI2	0.4	vert.nd4l.tw5	vert.nd4l.tw5.conv_NNI2_0.400000.tsv	12789.62	33.77956790449527
1000000	50	0.999941	1e-06	5.9e-05	1e-06	0.95335	0.0	1.0	423.26	78.913049	0.094016	2.6e-05	24	13	34	78	27	21	66	35	33	152	9	1943	235	60	30	206	118	86	492	97	16	6	13	16	21	19	13	143	30	14	47	20	3083	20	36	258	1695	33	38	19	14	19	57	17	16	24	18	28	58	11	vert.nd4l	tw5	NNI2	0.5	vert.nd4l.tw5	vert.nd4l.tw5.conv_NNI2_0.500000.tsv	12789.62	30.216935217124227
1000000	50	0.999602	9e-06	0.000398	9e-06	0.95335	0.0	1.0	4120.74	228.58734	0.093873	0.000106	232	143	283	282	397	285	437	535	400	268	518	288	590	484	213	268	375	86	693	495	372	137	221	361	142	651	255	356	928	171	180	316	48	322	260	111	270	346	312	1297	365	436	396	746	98	276	158	679	248	663	vert.nd4l	tw5	TBR	0.0	vert.nd4l.tw5	vert.nd4l.tw5.conv_TBR_0.000000.tsv	12789.62	3.1037192348947036
1000000	50	0.999722	7e-06	0.000278	7e-06	0.95335	0.0	1.0	2708.68	191.667134	0.094097	0.000101	265	131	481	120	95	228	58	167	403	152	87	135	138	120	206	50	179	45	213	314	602	128	478	219	214	125	148	251	294	209	99	274	70	796	396	151	226	239	235	163	240	161	331	167	175	73	225	541	128	98	vert.nd4l	tw5	TBR	0.02	vert.nd4l.tw5	vert.nd4l.tw5.conv_TBR_0.020000.tsv	12789.62	4.721716851012302
1000000	50	0.999805	4e-06	0.000195	4e-06	0.95335	0.0	1.0	1627.64	118.206332	0.093993	6.1e-05	72	56	202	49	131	63	87	85	143	59	63	118	39	185	261	202	72	168	100	21	96	322	90	96	113	105	76	37	20	209	258	216	38	58	153	83	165	121	523	226	242	455	113	34	35	126	160	135	175	125	vert.nd4l	tw5	TBR	0.05	vert.nd4l.tw5	vert.nd4l.tw5.conv_TBR_0.050000.tsv	12789.62	7.857769531345998
1000000	50	0.999873	3e-06	0.000127	3e-06	0.95335	0.0	1.0	1070.62	60.142924	0.094046	5.7e-05	69	54	47	34	37	30	37	143	33	61	14	57	141	66	66	42	18	39	97	284	39	71	49	49	30	14	36	107	44	145	121	81	78	19	101	76	37	4	62	223	37	87	116	35	154	37	45	118	74	166	vert.nd4l	tw5	TBR	0.1	vert.nd4l.tw5	vert.nd4l.tw5.conv_TBR_0.100000.tsv	12789.62	11.945993910070802
1000000	50	0.999918	1e-06	8.2e-05	1e-06	0.95335	0.0	1.0	566.36	37.530165	0.094017	4.4e-05	86	15	16	40	52	31	16	20	54	31	58	52	91	25	2	73	40	37	170	78	63	41	79	19	73	7	31	21	33	15	20	40	25	24	27	12	56	75	47	24	26	11	17	37	40	15	123	77	12	56	vert.nd4l	tw5	TBR	0.2	vert.nd4l.tw5	vert.nd4l.tw5.conv_TBR_0.200000.tsv	12789.62	22.58213856910799
1000000	50	0.999935	1e-06	6.5e-05	1e-06	0.95335	0.0	1.0	486.36	27.163357	0.094022	3.5e-05	33	34	14	61	22	15	4	4	4	12	7	15	74	5	9	25	11	26	66	6	23	28	19	50	43	4	19	57	20	5	21	7	94	12	18	16	23	9	10	46	46	31	28	38	20	19	12	6	34	9	vert.nd4l	tw5	TBR	0.3	vert.nd4l.tw5	vert.nd4l.tw5.conv_TBR_0.300000.tsv	12789.62	26.29661156345094
1000000	50	0.99994	1e-06	6e-05	1e-06	0.95335	0.0	1.0	386.44	25.571415	0.094029	3.4e-05	5	34	12	35	5	40	17	29	5	10	67	4	15	28	19	49	5	3	8	98	8	8	17	41	36	18	38	7	48	8	10	32	44	5	6	69	24	36	13	7	23	5	38	14	11	79	11	23	35	32	vert.nd4l	tw5	TBR	0.4	vert.nd4l.tw5	vert.nd4l.tw5.conv_TBR_0.400000.tsv	12789.62	33.09600455439396
1000000	50	0.999943	1e-06	5.7e-05	1e-06	0.95335	0.0	1.0	360.6	19.889634	0.09401	3.2e-05	34	61	3	25	24	10	11	37	24	7	14	16	13	5	13	8	42	22	13	26	34	20	15	41	8	18	8	5	31	14	8	8	60	6	15	33	28	25	15	17	15	22	8	10	26	10	8	6	16	20	vert.nd4l	tw5	TBR	0.5	vert.nd4l.tw5	vert.nd4l.tw5.conv_TBR_0.500000.tsv	12789.62	35.46760953965613
1000000	50	0.999605	9e-06	0.000395	9e-06	0.95335	0.0	1.0	4375.3	267.521242	0.093706	0.000122	97	415	583	100	317	245	604	308	581	77	397	148	334	204	427	313	185	265	207	275	598	134	323	209	159	201	446	649	140	582	466	436	164	446	133	138	295	280	443	296	1431	271	441	98	764	673	272	199	423	242	vert.nd4l	tw5	rTBR	0.0	vert.nd4l.tw5	vert.nd4l.tw5.conv_rTBR_0.000000.tsv	12789.62	2.9231412703128927
1000000	50	0.999708	7e-06	0.000292	7e-06	0.95335	0.0	1.0	3108.3	228.734746	0.093763	8.2e-05	605	38	128	148	248	301	52	249	104	56	210	97	379	411	236	307	572	494	59	208	73	126	163	293	275	219	326	301	116	261	196	204	218	85	291	142	210	157	155	125	734	532	106	71	31	373	193	234	286	156	vert.nd4l	tw5	rTBR	0.02	vert.nd4l.tw5	vert.nd4l.tw5.conv_rTBR_0.020000.tsv	12789.62	4.114667181417495
1000000	50	0.999799	4e-06	0.000201	4e-06	0.95335	0.0	1.0	1899.04	111.542637	0.093753	7.4e-05	143	169	227	250	76	247	146	61	81	121	160	241	237	36	134	57	87	43	81	146	110	322	188	167	212	342	154	90	105	74	174	144	137	267	84	247	89	90	137	40	96	105	74	65	131	154	86	215	122	199	vert.nd4l	tw5	rTBR	0.05	vert.nd4l.tw5	vert.nd4l.tw5.conv_rTBR_0.050000.tsv	12789.62	6.73478178448058
1000000	50	0.999866	2e-06	0.000134	2e-06	0.95335	0.0	1.0	1228.56	125.127906	0.093815	4.8e-05	118	140	58	38	25	72	193	190	67	61	142	104	47	78	85	75	32	37	124	51	14	34	46	74	35	68	51	77	66	50	126	210	35	220	146	185	158	157	52	263	125	43	107	91	66	92	132	73	58	37	vert.nd4l	tw5	rTBR	0.1	vert.nd4l.tw5	vert.nd4l.tw5.conv_rTBR_0.100000.tsv	12789.62	10.410252653513057
1000000	50	0.999893	2e-06	0.000107	2e-06	0.95335	0.0	1.0	689.14	35.794253	0.093886	4.8e-05	108	82	27	97	82	59	73	34	59	86	59	50	91	14	33	12	25	31	33	13	131	54	135	36	47	21	38	79	49	85	40	10	38	16	30	352	84	35	52	73	46	25	35	65	27	55	26	122	41	55	vert.nd4l	tw5	rTBR	0.2	vert.nd4l.tw5	vert.nd4l.tw5.conv_rTBR_0.200000.tsv	12789.62	18.55881243288737
1000000	50	0.999901	2e-06	9.9e-05	2e-06	0.95335	0.0	1.0	721.86	41.715499	0.093838	4.2e-05	27	41	19	56	31	15	50	17	22	32	76	66	63	89	20	18	142	24	38	16	9	107	29	57	54	22	32	62	57	11	18	35	42	19	12	35	6	64	10	39	122	62	13	93	56	41	72	15	102	64	vert.nd4l	tw5	rTBR	0.3	vert.nd4l.tw5	vert.nd4l.tw5.conv_rTBR_0.300000.tsv	12789.62	17.717590668550688
1000000	50	0.999904	2e-06	9.6e-05	2e-06	0.95335	0.0	1.0	662.98	37.150675	0.09381	4.3e-05	44	60	92	35	16	85	50	101	76	33	121	97	22	35	49	54	52	15	12	32	39	90	24	51	40	126	81	50	33	118	33	21	120	22	10	30	56	53	59	61	16	29	31	80	16	34	14	54	14	14	vert.nd4l	tw5	rTBR	0.4	vert.nd4l.tw5	vert.nd4l.tw5.conv_rTBR_0.400000.tsv	12789.62	19.29110983740083
1000000	50	0.999904	2e-06	9.6e-05	2e-06	0.95335	0.0	1.0	655.1	50.517552	0.093877	4.4e-05	16	21	36	20	67	17	43	32	14	25	59	97	25	35	49	23	31	62	8	52	20	37	45	25	41	5	63	56	29	58	50	23	79	28	9	28	51	15	19	7	70	42	42	38	53	59	32	33	44	12	vert.nd4l	tw5	rTBR	0.5	vert.nd4l.tw5	vert.nd4l.tw5.conv_rTBR_0.500000.tsv	12789.62	19.523156769958785
1000000	50	0.99998	1e-06	2e-05	1e-06	0.958376	0.0	1.0	280.32	15.17031	0.183722	5.6e-05	60	97	83	66	55	50	73	19	87	57	55	42	72	99	78	94	37	39	60	31	58	44	65	57	51	61	58	52	57	64	55	56	61	69	43	97	76	81	84	72	52	47	58	50	53	97	58	82	58	74	vert.nd6	tw0	MC3_NNI	0.0	vert.nd6.tw0	vert.nd6.tw0.conv_mc3_NNI_0.000000.tsv	869.18	3.1006706621004567
1000000	50	0.999982	0.0	1.8e-05	0.0	0.958376	0.0	1.0	182.66	8.840935	0.183893	3.8e-05	31	30	38	28	42	22	43	53	25	30	31	32	36	22	37	27	37	30	38	52	19	15	35	24	28	29	44	50	72	24	21	26	34	14	54	33	32	26	25	13	16	43	30	15	56	48	55	34	34	25	vert.nd6	tw0	MC3_NNI	0.02	vert.nd6.tw0	vert.nd6.tw0.conv_mc3_NNI_0.020000.tsv	869.18	4.758458337895544
1000000	50	0.999984	1e-06	1.6e-05	1e-06	0.958376	0.0	1.0	184.74	13.019132	0.183822	3.7e-05	11	22	25	28	19	20	34	12	31	37	15	33	29	32	41	30	31	31	21	10	24	44	22	10	28	32	28	25	28	22	11	32	9	34	26	21	31	25	16	28	20	17	19	33	23	22	25	22	24	22	vert.nd6	tw0	MC3_NNI	0.05	vert.nd6.tw0	vert.nd6.tw0.conv_mc3_NNI_0.050000.tsv	869.18	4.704882537620439
1000000	50	0.999984	0.0	1.6e-05	0.0	0.958376	0.0	1.0	151.7	10.771703	0.183803	3.7e-05	23	11	14	12	15	22	20	14	34	23	20	36	21	36	34	35	26	12	10	19	20	13	14	25	35	22	12	10	15	31	22	33	41	33	21	15	22	9	15	26	13	23	31	17	14	8	56	13	18	31	vert.nd6	tw0	MC3_NNI	0.1	vert.nd6.tw0	vert.nd6.tw0.conv_mc3_NNI_0.100000.tsv	869.18	5.7295978905735
1000000	50	0.999986	0.0	1.4e-05	0.0	0.958376	0.0	1.0	759.38	348.56514	0.183681	7.3e-05	139	219	30	36	228	33	12	38	17366	157	973	297	318	91	18	43	26	30	84	23	11	20	207	162	14	426	25	54	23	13	66	28	451	47	9	3375	349	684	33	192	8	12	12	14	262	93	994	13	13	12	vert.nd6	tw0	MC3_NNI	0.2	vert.nd6.tw0	vert.nd6.tw0.conv_mc3_NNI_0.200000.tsv	869.18	1.1445916405488687
1000000	50	0.63999	0.06857	0.36001	0.06857	0.613361	0.065717	0.64	125333.34375	35393.176426	0.102871	0.011774	-1	35210	-1	43912	13	-1	4183	81930	2412	-1	11	-1	11	414119	-1	-1	38843	78192	17	16280	447	-1	-1	643505	9	-1	-1	793430	220142	108901	194659	255076	547930	69498	128	-1	9	118402	10757	-1	-1	-1	112339	-1	92131	63457	18	-1	59742	-1	vert.nd6	tw0	MC3_NNI	0.3	vert.nd6.tw0	vert.nd6.tw0.conv_mc3_NNI_0.300000.tsv	869.18	0.006934946232135452
1000000	50	0.139998	0.049569	0.860002	0.049569	0.134173	0.047506	0.14	60238.428571	35582.918073	0.02419	0.008608	33	-1	-1	-1	3367	-1	-1	-1	-1	-1	-1	217919	-1	-1	175182	-1	-1	-1	-1	-1	-1	-1	-1	-1	-1	-1	-1	-1	-1	-1	-1	8657	-1	-1	-1	-1	-1	-1	-1	-1	-1	-1	-1	-1	-1	-1	15488	-1	-1	15	vert.nd6	tw0	MC3_NNI	0.4	vert.nd6.tw0	vert.nd6.tw0.conv_mc3_NNI_0.400000.tsv	869.18	0.01442899525467437
1000000	50	0.079999	0.038756	0.920001	0.038756	0.07667	0.037143	0.08	5790.25	5661.2868	0.014629	0.007087	-1	-1	-1	-1	22503	-1	-1	-1	-1	-1	-1	-1	-1	-1	108	-1	-1	-1	-1	-1	-1	-1	-1	-1	-1	-1	-1	-1	-1	-1	-1	-1	-1	-1	8	-1	-1	-1	-1	15	-1	-1	-1	-1	-1	-1	-1	-1	-1	-1	vert.nd6	tw0	MC3_NNI	0.5	vert.nd6.tw0	vert.nd6.tw0.conv_mc3_NNI_0.500000.tsv	869.18	0.15011096239367902
1000000	50	0.999951	2e-06	4.9e-05	2e-06	0.958376	0.0	1.0	869.18	83.021697	0.183713	0.000107	104	181	159	108	47	112	83	297	65	70	78	99	99	172	100	104	52	89	90	92	89	117	118	118	50	164	57	42	66	97	95	114	170	102	131	169	256	89	65	143	129	99	200	63	149	200	61	129	86	343	vert.nd6	tw0	NNI	0.0	vert.nd6.tw0	vert.nd6.tw0.conv_NNI_0.000000.tsv	869.18	1.0
1000000	50	0.999968	1e-06	3.2e-05	1e-06	0.958376	0.0	1.0	569.74	65.663849	0.183861	8e-05	79	34	61	68	37	51	56	30	28	125	35	52	63	36	34	54	67	74	64	28	8	23	63	44	57	41	50	50	66	45	34	42	53	78	71	29	25	44	33	37	50	32	20	65	67	83	81	36	71	42	vert.nd6	tw0	NNI	0.02	vert.nd6.tw0	vert.nd6.tw0.conv_NNI_0.020000.tsv	869.18	1.5255730684171727
1000000	50	0.999972	1e-06	2.8e-05	1e-06	0.958376	0.0	1.0	368.56	31.077364	0.183944	8.1e-05	55	42	19	41	72	25	68	28	60	22	49	50	63	42	33	63	19	37	67	122	16	30	61	34	35	84	35	35	44	43	49	55	29	35	52	36	50	75	18	22	56	50	34	21	22	43	33	35	11	61	vert.nd6	tw0	NNI	0.05	vert.nd6.tw0	vert.nd6.tw0.conv_NNI_0.050000.tsv	869.18	2.358313436075537
1000000	50	0.999979	1e-06	2.1e-05	1e-06	0.958376	0.0	1.0	870.24	291.382153	0.183626	8.6e-05	58	15	20	95	131	12	9184	36	56	20	26	21	48	53	17	82	21	36	14	31	24	53	21	6136	12	115	16	30	9676	41	6	39	33	2198	20	25	349	28	17	19	46	22	28	43	91	36	2393	33	26	36	vert.nd6	tw0	NNI	0.1	vert.nd6.tw0	vert.nd6.tw0.conv_NNI_0.100000.tsv	869.18	0.9987819452105166
1000000	50	0.959986	0.027994	0.040014	0.027994	0.920041	0.026829	0.96	19253.75	6803.675953	0.173082	0.005187	5348	869	92326	-1	325	24	44	2179	6852	51247	25	59	1697	262	169	103883	81085	1374	26428	53	3070	23005	30315	294	7	21	16697	5823	13168	40	21	309	694	10	44612	276	84752	22671	-1	16	284286	59	18	519	55	975	7843	11	20	891	vert.nd6	tw0	NNI	0.2	vert.nd6.tw0	vert.nd6.tw0.conv_NNI_0.200000.tsv	869.18	0.04514341362072323
1000000	50	0.279994	0.064141	0.720006	0.064141	0.268345	0.061473	0.28	167685.785714	71140.001313	0.042821	0.010437	-1	821021	-1	49851	61812	-1	-1	-1	-1	-1	-1	-1	-1	14721	91616	-1	-1	-1	-1	-1	-1	5879	-1	-1	-1	-1	-1	-1	-1	-1	-1	-1	-1	-1	-1	94673	624185	61441	-1	6055	-1	-1	-1	43684	469709	-1	427	-1	188	-1	vert.nd6	tw0	NNI	0.3	vert.nd6.tw0	vert.nd6.tw0.conv_NNI_0.300000.tsv	869.18	0.005183385081204486
1000000	50	0.0	0.0	1.0	0.0	0.0	0.0	0.0	0.0	0.0	0.0	0.0	-1	-1	-1	-1	-1	-1	-1	-1	-1	-1	-1	-1	-1	-1	-1	-1	-1	-1	-1	-1	-1	-1	-1	-1	-1	-1	-1	-1	-1	-1	-1	-1	-1	-1	-1	-1	-1	-1	-1	-1	-1	-1	-1	-1	-1	-1	-1	-1	-1	-1	vert.nd6	tw0	NNI	0.4	vert.nd6.tw0	vert.nd6.tw0.conv_NNI_0.400000.tsv	869.18	
1000000	50	0.099998	0.042856	0.900002	0.042856	0.095838	0.041073	0.1	360.8	224.05968	0.018357	0.007867	-1	-1	-1	-1	-1	21	-1	-1	-1	-1	-1	-1	-1	-1	1113	-1	-1	-1	-1	37	-1	-1	-1	-1	10	-1	-1	-1	-1	-1	-1	-1	-1	-1	-1	-1	-1	-1	-1	-1	-1	-1	26	-1	-1	-1	-1	-1	-1	-1	vert.nd6	tw0	NNI	0.5	vert.nd6.tw0	vert.nd6.tw0.conv_NNI_0.500000.tsv	869.18	2.4090354767184032
1000000	50	0.999927	3e-06	7.3e-05	3e-06	0.958376	0.0	1.0	1748.38	135.67341	0.183816	0.000162	278	628	559	171	279	260	273	352	395	166	176	614	296	136	149	259	72	279	92	138	143	114	106	580	278	135	55	191	249	161	247	97	87	96	173	88	150	281	182	163	280	96	176	246	104	50	232	40	773	203	vert.nd6	tw0	NNI2	0.0	vert.nd6.tw0	vert.nd6.tw0.conv_NNI2_0.000000.tsv	869.18	0.49713449021379785
1000000	50	0.999958	1e-06	4.2e-05	1e-06	0.958376	0.0	1.0	754.72	60.504896	0.183924	8.1e-05	74	134	245	37	37	67	68	281	168	101	25	56	78	19	47	135	88	83	174	104	121	40	234	18	98	60	34	14	49	51	326	59	192	81	43	98	44	58	95	54	41	36	45	108	65	36	60	17	79	36	vert.nd6	tw0	NNI2	0.02	vert.nd6.tw0	vert.nd6.tw0.conv_NNI2_0.020000.tsv	869.18	1.1516588933644265
1000000	50	0.999969	1e-06	3.1e-05	1e-06	0.958376	0.0	1.0	526.38	31.84266	0.183846	8.9e-05	29	17	113	66	69	28	40	37	23	49	12	54	53	40	76	11	14	30	23	43	11	18	23	140	25	30	44	44	70	9	17	11	14	36	31	23	208	105	33	19	103	73	17	61	21	62	56	18	21	16	vert.nd6	tw0	NNI2	0.05	vert.nd6.tw0	vert.nd6.tw0.conv_NNI2_0.050000.tsv	869.18	1.6512405486530644
1000000	50	0.999979	1e-06	2.1e-05	1e-06	0.958376	0.0	1.0	349.38	28.180857	0.183828	6.9e-05	6	27	32	39	15	495	13	85	48	33	19	9	36	16	61	18	14	135	16	94	24	149	4	20	89	18	35	47	18	15	25	22	37	7	16	14	32	28	6	34	84	29	16	49	10	13	17	39	19	13	vert.nd6	tw0	NNI2	0.1	vert.nd6.tw0	vert.nd6.tw0.conv_NNI2_0.100000.tsv	869.18	2.4877783502203905
1000000	50	0.999984	1e-06	1.6e-05	1e-06	0.958376	0.0	1.0	23721.84	17200.860933	0.179463	0.003161	9	15	20	34	28988	859600	41370	44351	12	56591	16690	39898	50	147	32	10	13	41948	22	14	10	7	20	14	16	11	15	67	52	117	12	10	11	54	26	47518	51	12	11	31	36	18	15	15	11	10	10	10	12	12	vert.nd6	tw0	NNI2	0.2	vert.nd6.tw0	vert.nd6.tw0.conv_NNI2_0.200000.tsv	869.18	0.03664049668997008
1000000	50	0.659991	0.067672	0.340009	0.067672	0.632528	0.064856	0.66	60990.272727	25160.925791	0.113911	0.012069	-1	-1	625	-1	1027	1303	267330	-1	18	30556	-1	-1	32	418532	435937	22	5	14	9	-1	36	9	4	13	7	138953	23	3	10	-1	-1	-1	7	-1	211	-1	-1	565352	12	4	-1	-1	-1	115670	4	8	803	-1	30702	1791	vert.nd6	tw0	NNI2	0.3	vert.nd6.tw0	vert.nd6.tw0.conv_NNI2_0.300000.tsv	869.18	0.014251124993169927
1000000	50	0.279996	0.064142	0.720004	0.064142	0.268345	0.061473	0.28	2983.071429	2569.432039	0.05134	0.011762	-1	-1	-1	-1	-1	-1	6	-1	-1	-1	9	-1	-1	-1	-1	-1	-1	-1	-1	-1	16	-1	36119	3071	-1	7	-1	8	-1	1173	-1	-1	-1	6	4	-1	16	-1	-1	-1	-1	-1	-1	-1	24	-1	-1	-1	5	29	vert.nd6	tw0	NNI2	0.4	vert.nd6.tw0	vert.nd6.tw0.conv_NNI2_0.400000.tsv	869.18	0.2913708305977007
1000000	50	0.099999	0.042857	0.900001	0.042857	0.095838	0.041073	0.1	138.4	44.862679	0.018388	0.00788	-1	-1	-1	-1	-1	-1	-1	-1	-1	-1	27	-1	-1	-1	-1	-1	-1	207	-1	-1	-1	-1	9	-1	-1	6	5	-1	-1	-1	-1	-1	-1	-1	-1	-1	-1	-1	-1	-1	-1	-1	-1	-1	-1	-1	-1	-1	-1	-1	vert.nd6	tw0	NNI2	0.5	vert.nd6.tw0	vert.nd6.tw0.conv_NNI2_0.500000.tsv	869.18	6.280202312138727
1000000	50	0.999903	4e-06	9.7e-05	4e-06	0.958376	0.0	1.0	2115.06	130.2606	0.183621	0.000195	220	737	62	241	121	277	187	24	241	255	353	191	176	183	174	174	436	106	147	596	217	163	839	146	430	58	318	335	157	217	1372	396	99	91	720	196	151	324	182	96	215	214	69	314	192	410	118	93	32	133	vert.nd6	tw0	TBR	0.0	vert.nd6.tw0	vert.nd6.tw0.conv_TBR_0.000000.tsv	869.18	0.41094815277107977
1000000	50	0.999956	2e-06	4.4e-05	2e-06	0.958376	0.0	1.0	655.42	37.450028	0.183731	0.000102	33	83	64	32	57	97	85	33	53	172	25	78	64	44	22	36	95	72	92	45	19	165	56	75	81	34	44	55	26	58	101	73	45	59	98	38	78	53	129	16	29	41	111	15	35	49	42	292	34	13	vert.nd6	tw0	TBR	0.02	vert.nd6.tw0	vert.nd6.tw0.conv_TBR_0.020000.tsv	869.18	1.3261420158066584
1000000	50	0.999968	1e-06	3.2e-05	1e-06	0.958376	0.0	1.0	447.38	31.117472	0.183808	9.9e-05	23	72	13	16	91	56	6	19	25	35	23	91	69	59	95	85	71	26	27	59	44	11	25	51	18	55	24	39	16	42	24	54	52	15	45	110	59	19	19	97	40	26	55	40	10	52	17	30	62	72	vert.nd6	tw0	TBR	0.05	vert.nd6.tw0	vert.nd6.tw0.conv_TBR_0.050000.tsv	869.18	1.9428226563547766
1000000	50	0.999975	1e-06	2.5e-05	1e-06	0.958376	0.0	1.0	303.52	17.303656	0.183609	6.6e-05	67	38	16	60	67	14	10	31	60	23	25	21	22	20	32	14	8	14	50	45	57	67	36	55	106	45	93	178	7	35	29	84	29	7	54	32	29	41	56	53	11	11	26	9	33	23	61	19	95	16	vert.nd6	tw0	TBR	0.1	vert.nd6.tw0	vert.nd6.tw0.conv_TBR_0.100000.tsv	869.18	2.863666315234581
1000000	50	0.999984	0.0	1.6e-05	0.0	0.958376	0.0	1.0	218.5	16.855502	0.183839	4.5e-05	20	7	8	14	20	9	19	39	37	45	32	21	22	35	4	14	13	13	56	40	6	8	5	33	31	13	28	19	20	19	14	21	47	28	8	17	13	28	30	32	15	9	22	34	13	16	18	35	37	10	vert.nd6	tw0	TBR	0.2	vert.nd6.tw0	vert.nd6.tw0.conv_TBR_0.200000.tsv	869.18	3.977940503432494
1000000	50	0.999986	0.0	1.4e-05	0.0	0.958376	0.0	1.0	192.46	14.754957	0.183763	6.3e-05	9	32	4	18	9	17	16	19	9	10	15	45	6	4	6	20	7	11	17	22	11	29	11	36	11	12	12	14	8	16	35	9	12	7	11	5	28	11	9	11	23	9	6	18	6	4	3	17	10	22	vert.nd6	tw0	TBR	0.3	vert.nd6.tw0	vert.nd6.tw0.conv_TBR_0.300000.tsv	869.18	4.516159201912085
1000000	50	0.999987	0.0	1.3e-05	0.0	0.958376	0.0	1.0	164.2	12.29322	0.183779	4.5e-05	23	9	14	5	5	12	14	4	5	14	22	38	16	8	56	17	13	8	11	5	7	15	6	7	11	7	27	22	9	13	7	5	4	22	5	10	4	5	16	7	13	16	13	9	6	5	25	16	10	15	vert.nd6	tw0	TBR	0.4	vert.nd6.tw0	vert.nd6.tw0.conv_TBR_0.400000.tsv	869.18	5.293422655298417
1000000	50	0.999987	0.0	1.3e-05	0.0	0.958376	0.0	1.0	141.94	10.692374	0.1839	4.1e-05	18	11	6	7	4	22	4	21	20	47	25	6	14	28	10	8	22	8	31	3	9	13	412	4	6	9	21	21	4	9	4	8	6	27	11	6	54	6	5	13	21	7	11	9	12	24	4	8	26	6	vert.nd6	tw0	TBR	0.5	vert.nd6.tw0	vert.nd6.tw0.conv_TBR_0.500000.tsv	869.18	6.123573340848245
1000000	50	0.999901	4e-06	9.9e-05	4e-06	0.958376	0.0	1.0	2285.08	142.231822	0.183717	0.000194	556	94	496	371	155	152	529	179	285	283	156	357	84	212	481	837	274	222	440	98	223	251	241	376	322	117	882	116	170	469	419	923	202	227	416	102	109	240	384	205	108	59	527	116	363	213	475	753	224	276	vert.nd6	tw0	rTBR	0.0	vert.nd6.tw0	vert.nd6.tw0.conv_rTBR_0.000000.tsv	869.18	0.38037180317538116
1000000	50	0.999956	2e-06	4.4e-05	2e-06	0.958376	0.0	1.0	730.08	55.460019	0.183811	0.000103	143	60	225	33	143	36	36	44	48	95	138	47	72	80	201	76	86	38	71	116	80	68	267	31	92	120	63	25	41	41	175	40	68	32	70	60	38	108	129	17	50	65	96	9	257	100	80	146	184	58	vert.nd6	tw0	rTBR	0.02	vert.nd6.tw0	vert.nd6.tw0.conv_rTBR_0.020000.tsv	869.18	1.1905270655270654
1000000	50	0.999965	1e-06	3.5e-05	1e-06	0.958376	0.0	1.0	515.94	37.543329	0.18384	8.9e-05	118	53	38	25	41	103	122	76	333	51	38	146	31	27	53	34	23	19	43	17	104	39	39	64	65	22	93	15	12	31	47	27	147	150	86	109	95	27	48	56	94	38	77	66	85	25	27	19	94	101	vert.nd6	tw0	rTBR	0.05	vert.nd6.tw0	vert.nd6.tw0.conv_rTBR_0.050000.tsv	869.18	1.6846532542543704
1000000	50	0.999971	1e-06	2.9e-05	1e-06	0.958376	0.0	1.0	381.5	29.797661	0.183953	7.3e-05	16	8	22	41	64	59	33	9	43	23	16	26	44	187	15	17	141	15	41	110	52	17	22	87	32	17	44	10	21	23	12	24	43	98	70	22	37	141	49	17	37	15	49	18	33	41	36	35	89	33	vert.nd6	tw0	rTBR	0.1	vert.nd6.tw0	vert.nd6.tw0.conv_rTBR_0.100000.tsv	869.18	2.2783224115334204
1000000	50	0.999977	1e-06	2.3e-05	1e-06	0.958376	0.0	1.0	295.42	17.631074	0.183836	7.3e-05	64	89	72	81	15	29	21	49	21	35	34	13	22	8	20	23	13	32	46	61	24	70	22	63	51	51	10	10	9	17	70	20	46	13	51	21	61	38	15	22	39	158	29	17	25	66	23	52	68	89	vert.nd6	tw0	rTBR	0.2	vert.nd6.tw0	vert.nd6.tw0.conv_rTBR_0.200000.tsv	869.18	2.94218400920723
1000000	50	0.999975	1e-06	2.5e-05	1e-06	0.958376	0.0	1.0	268.22	19.759395	0.183881	7.8e-05	33	60	8	67	17	17	48	64	58	32	14	43	44	34	42	17	24	20	59	13	38	22	48	7	10	8	16	10	25	134	19	12	8	89	35	32	25	8	52	7	15	34	36	31	18	20	59	13	24	32	vert.nd6	tw0	rTBR	0.3	vert.nd6.tw0	vert.nd6.tw0.conv_rTBR_0.300000.tsv	869.18	3.2405488032212357
1000000	50	0.999977	1e-06	2.3e-05	1e-06	0.958376	0.0	1.0	261.64	20.045779	0.183764	5.9e-05	6	43	6	17	77	26	40	14	41	47	55	63	25	28	23	41	73	28	31	43	100	121	52	44	53	33	14	33	23	37	25	30	69	48	29	13	26	17	27	31	35	29	17	24	26	34	24	18	53	15	vert.nd6	tw0	rTBR	0.4	vert.nd6.tw0	vert.nd6.tw0.conv_rTBR_0.400000.tsv	869.18	3.322045558783061
1000000	50	0.999976	1e-06	2.4e-05	1e-06	0.958376	0.0	1.0	267.42	21.806161	0.183815	8e-05	27	12	58	21	16	25	9	17	36	19	39	36	38	18	30	23	19	32	65	24	32	14	14	39	40	18	36	31	26	10	42	24	53	55	23	25	49	18	21	27	24	26	25	21	10	47	30	56	34	28	vert.nd6	tw0	rTBR	0.5	vert.nd6.tw0	vert.nd6.tw0.conv_rTBR_0.500000.tsv	869.18	3.250243063346047
1000000	50	0.640001	0.068558	0.359999	0.068558	0.612207	0.065594	0.64	18964.40625	16766.538783	0.513208	0.056382	21	34	175	64	70167	57	173	-1	-1	-1	45	-1	-1	12	109	50	73	73	91	-1	92	-1	62	-1	-1	-1	-1	-1	-1	-1	96	77	73	77	95	-1	41	41	134	109	-1	-1	61	534278	54	225	54	-1	58	90	vert.nd6	tw5	MC3_NNI	0.0	vert.nd6.tw5	vert.nd6.tw5.conv_mc3_NNI_0.000000.tsv	78.777778	0.00415398072375717
1000000	50	0.640001	0.068558	0.359999	0.068558	0.612207	0.065594	0.64	32266.65625	27583.791418	0.508393	0.056954	39	61	-1	76	65236	-1	51	-1	56	24	-1	95	125	58	51	78	-1	109	-1	39	84304	76	75	40	-1	46	-1	37	-1	27	32	22	-1	-1	-1	23	120	-1	881324	-1	29	35	-1	81	-1	-1	56	44	-1	64	vert.nd6	tw5	MC3_NNI	0.02	vert.nd6.tw5	vert.nd6.tw5.conv_mc3_NNI_0.020000.tsv	78.777778	0.0024414608501616896
1000000	50	0.83998	0.052362	0.16002	0.052362	0.803522	0.050098	0.84	28713.47619	18082.990337	0.68209	0.045411	30	23	-1	18	85	42	-1	31	36	47	-1	22	25	24	37	26	23	13	132326	27	23	60	-1	17	-1	484815	18	146	29	-1	19	34	28	587500	17	10	18	47	32	79	-1	14	14	27	60	-1	25	39	40	20	vert.nd6	tw5	MC3_NNI	0.05	vert.nd6.tw5	vert.nd6.tw5.conv_mc3_NNI_0.050000.tsv	78.777778	0.002743582054597618
1000000	50	0.779965	0.059168	0.220035	0.059168	0.746127	0.056608	0.78	11878.923077	10005.324658	0.652124	0.050636	45	-1	-1	27	15	15	-1	78	-1	-1	27	-1	17	-1	16	26	19	-1	13	32	17	19	24	12	14	-1	41	77945	9	63	19	13	32	-1	14	-1	35	13	384429	16	14	19	25	29	25	28	29	12	14	38	vert.nd6	tw5	MC3_NNI	0.1	vert.nd6.tw5	vert.nd6.tw5.conv_mc3_NNI_0.100000.tsv	78.777778	0.006631727260910522
1000000	50	0.77997	0.059168	0.22003	0.059168	0.746127	0.056608	0.78	25601.871795	15726.13493	0.634202	0.050104	402577	10	-1	21	12	12	37	7	-1	10	75	74	22	13	18	60	16	134134	28	-1	8	6	27	-1	28	131	-1	-1	20	28	185	-1	83	9	47	38	-1	12	460454	-1	79	-1	-1	33	17	14	47	42	10	29	vert.nd6	tw5	MC3_NNI	0.2	vert.nd6.tw5	vert.nd6.tw5.conv_mc3_NNI_0.200000.tsv	78.777778	0.003077031969802503
1000000	50	0.620025	0.069326	0.379975	0.069326	0.593076	0.06633	0.62	9643.354839	7061.771131	0.500118	0.056617	-1	-1	-1	-1	18	-1	1009	130	-1	-1	48	819	83512	1255	729	-1	116	70	-1	59	-1	-1	205602	177	20	441	14	357	131	-1	6	121	8	29	-1	-1	62	33	-1	-1	9	3039	22	-1	10	276	-1	-1	13	809	vert.nd6	tw5	MC3_NNI	0.3	vert.nd6.tw5	vert.nd6.tw5.conv_mc3_NNI_0.300000.tsv	78.777778	0.008169125715607198
1000000	50	0.620047	0.069327	0.379953	0.069327	0.593076	0.06633	0.62	37330.516129	23165.396317	0.474479	0.05505	1793	-1	-1	-1	4	-1	110	-1	-1	225	9183	-1	1270	342	113	4632	28	4304	8	3218	385	-1	-1	-1	631	8361	1105	68587	1046	-1	6	92	-1	-1	-1	-1	14	61	614800	313	5	-1	15548	398298	-1	22197	-1	319	-1	248	vert.nd6	tw5	MC3_NNI	0.4	vert.nd6.tw5	vert.nd6.tw5.conv_mc3_NNI_0.400000.tsv	78.777778	0.002110278296923999
1000000	50	0.340109	0.06766	0.659891	0.06766	0.325235	0.064734	0.34	166617.294118	58402.297768	0.205887	0.043479	-1	-1	508518	-1	-1	71373	-1	274071	-1	62	712342	-1	-1	-1	520	-1	-1	-1	384938	62182	19704	-1	345	2736	-1	-1	620951	-1	-1	4126	56202	-1	-1	-1	-1	-1	-1	-1	-1	-1	-1	-1	-1	280	-1	110676	3468	-1	-1	-1	vert.nd6	tw5	MC3_NNI	0.5	vert.nd6.tw5	vert.nd6.tw5.conv_mc3_NNI_0.500000.tsv	78.777778	0.0004728067300397329
1000000	50	0.180021	0.05487	0.819979	0.05487	0.172183	0.0525	0.18	78.777778	7.66264	0.164887	0.050256	-1	68	-1	-1	51	-1	101	126	-1	-1	-1	83	-1	-1	-1	-1	-1	76	-1	-1	-1	-1	-1	-1	-1	57	-1	-1	-1	-1	-1	-1	-1	-1	79	-1	-1	-1	-1	-1	-1	-1	-1	-1	-1	-1	-1	-1	-1	68	vert.nd6	tw5	NNI	0.0	vert.nd6.tw5	vert.nd6.tw5.conv_NNI_0.000000.tsv	78.777778	1.0
1000000	50	0.259988	0.062648	0.740012	0.062648	0.248709	0.059941	0.26	2964.538462	2902.564603	0.237441	0.057219	-1	-1	45	-1	-1	-1	-1	-1	-1	-1	-1	38	199	-1	81	-1	-1	-1	-1	-1	-1	-1	-1	-1	-1	57	28	-1	48	46	37795	-1	-1	-1	37	78	-1	-1	-1	-1	-1	-1	-1	59	28	-1	-1	-1	-1	-1	vert.nd6	tw5	NNI	0.02	vert.nd6.tw5	vert.nd6.tw5.conv_NNI_0.020000.tsv	78.777778	0.026573370192287286
1000000	50	0.259981	0.062648	0.740019	0.062648	0.248709	0.059941	0.26	42.153846	5.827484	0.238147	0.057386	25	-1	-1	-1	-1	-1	-1	-1	-1	-1	60	-1	-1	-1	-1	-1	-1	-1	27	-1	-1	-1	-1	-1	32	-1	-1	-1	-1	-1	-1	68	19	-1	-1	43	-1	-1	32	36	33	29	-1	50	-1	-1	-1	-1	94	-1	vert.nd6	tw5	NNI	0.05	vert.nd6.tw5	vert.nd6.tw5.conv_NNI_0.050000.tsv	78.777778	1.86881590828035
1000000	50	0.180025	0.05487	0.819975	0.05487	0.172183	0.0525	0.18	35.333333	5.990734	0.164933	0.050269	-1	37	-1	-1	-1	-1	21	-1	-1	-1	-1	-1	-1	-1	-1	-1	30	-1	-1	-1	-1	31	-1	20	-1	-1	-1	-1	-1	78	-1	-1	-1	-1	-1	-1	22	-1	-1	-1	-1	34	45	-1	-1	-1	-1	-1	-1	-1	vert.nd6	tw5	NNI	0.1	vert.nd6.tw5	vert.nd6.tw5.conv_NNI_0.100000.tsv	78.777778	2.229559775750564
1000000	50	0.240003	0.060997	0.759997	0.060997	0.229578	0.058362	0.24	19.083333	4.286092	0.219893	0.055885	-1	-1	15	15	-1	-1	-1	-1	-1	9	-1	-1	-1	-1	-1	-1	-1	-1	-1	23	-1	-1	-1	62	-1	-1	27	16	14	-1	-1	-1	8	-1	-1	-1	-1	-1	-1	-1	22	-1	-1	-1	9	-1	9	-1	-1	-1	vert.nd6	tw5	NNI	0.2	vert.nd6.tw5	vert.nd6.tw5.conv_NNI_0.200000.tsv	78.777778	4.128093242412109
1000000	50	0.240011	0.060996	0.759989	0.060996	0.229578	0.058362	0.24	239.083333	169.031128	0.219824	0.055865	-1	-1	-1	-1	355	-1	24	9	-1	-1	13	-1	-1	-1	-1	253	6	-1	17	12	-1	-1	-1	-1	-1	-1	-1	-1	11	-1	-1	-1	-1	-1	-1	-1	-1	-1	-1	-1	-1	-1	-1	-1	-1	-1	65	-1	2064	40	vert.nd6	tw5	NNI	0.3	vert.nd6.tw5	vert.nd6.tw5.conv_NNI_0.300000.tsv	78.777778	0.329499246189612
1000000	50	0.180029	0.05487	0.819971	0.05487	0.172183	0.0525	0.18	2092.555556	1245.429824	0.164587	0.050162	-1	6511	6	-1	-1	-1	-1	-1	-1	-1	-1	-1	-1	133	-1	-1	-1	-1	-1	-1	-1	767	-1	16	-1	-1	437	9	-1	10371	-1	-1	-1	-1	-1	-1	-1	-1	-1	-1	-1	583	-1	-1	-1	-1	-1	-1	-1	-1	vert.nd6	tw5	NNI	0.4	vert.nd6.tw5	vert.nd6.tw5.conv_NNI_0.400000.tsv	78.777778	0.03764668411030708
1000000	50	0.060059	0.033918	0.939941	0.033918	0.057394	0.032453	0.06	9840.0	3392.199041	0.054469	0.030761	-1	-1	-1	-1	-1	-1	-1	-1	-1	-1	-1	-1	-1	-1	-1	-1	-1	-1	-1	3099	-1	-1	-1	-1	-1	-1	-1	-1	-1	-1	-1	-1	-1	-1	12547	-1	13874	-1	-1	-1	-1	-1	-1	-1	-1	-1	-1	-1	-1	-1	vert.nd6	tw5	NNI	0.5	vert.nd6.tw5	vert.nd6.tw5.conv_NNI_0.500000.tsv	78.777778	0.008005871747967479
1000000	50	0.319968	0.066621	0.680032	0.066621	0.306103	0.063746	0.32	211176.0625	94772.705798	0.231131	0.055258	146	-1	113	762116	-1	-1	866294	54	801011	-1	-1	-1	-1	79	-1	-1	-1	-1	-1	-1	-1	-1	-1	157	-1	-1	-1	-1	-1	-1	-1	286	-1	-1	-1	-1	-1	107	-1	946714	-1	-1	249	336	-1	564	-1	533	58	-1	vert.nd6	tw5	NNI2	0.0	vert.nd6.tw5	vert.nd6.tw5.conv_NNI2_0.000000.tsv	78.777778	0.00037304312367316723
1000000	50	0.399945	0.069969	0.600055	0.069969	0.382629	0.066946	0.4	27457.85	27350.537393	0.356175	0.063084	95	-1	-1	-1	60	-1	168	242	200	547118	-1	-1	-1	-1	-1	114	-1	109	-1	-1	75	121	174	-1	147	-1	-1	107	-1	-1	42	78	-1	33	114	-1	-1	-1	8	-1	34	-1	118	-1	-1	-1	-1	-1	-1	-1	vert.nd6	tw5	NNI2	0.02	vert.nd6.tw5	vert.nd6.tw5.conv_NNI2_0.020000.tsv	78.777778	0.0028690439346125063
1000000	50	0.419976	0.07049	0.580024	0.07049	0.401761	0.067446	0.42	41241.380952	37495.609364	0.36923	0.063585	-1	61	-1	-1	-1	-1	50	39	20	-1	-1	-1	-1	-1	-1	138	19	-1	24	-1	-1	43	-1	-1	-1	-1	34	23	64	-1	-1	-1	39	-1	35	31	29	-1	21	34	77791	787498	29	-1	-1	-1	-1	47	-1	-1	vert.nd6	tw5	NNI2	0.05	vert.nd6.tw5	vert.nd6.tw5.conv_NNI2_0.050000.tsv	78.777778	0.0019101634373419223
1000000	50	0.419962	0.070495	0.580038	0.070495	0.401761	0.067446	0.42	87107.047619	48621.459154	0.351195	0.061766	-1	-1	-1	16	-1	-1	576938	-1	-1	9	-1	11	481885	-1	-1	47	-1	29	13	8	16	-1	-1	-1	15	-1	-1	-1	-1	7	19	-1	-1	-1	-1	18	-1	-1	32	9	3851	-1	15	-1	-1	16	-1	766260	-1	34	vert.nd6	tw5	NNI2	0.1	vert.nd6.tw5	vert.nd6.tw5.conv_NNI2_0.100000.tsv	78.777778	0.0009043789240173581
1000000	50	0.459955	0.071187	0.540045	0.071187	0.440024	0.068108	0.46	115423.0	52986.965583	0.37278	0.061768	9	9	8	-1	10	-1	-1	-1	119694	-1	-1	-1	4	-1	-1	-1	-1	-1	-1	8	-1	7	-1	-1	-1	9	681510	931023	14	52120	8	427380	-1	-1	-1	-1	-1	10	5	-1	12	-1	-1	-1	-1	442849	5	13	12	10	vert.nd6	tw5	NNI2	0.2	vert.nd6.tw5	vert.nd6.tw5.conv_NNI2_0.200000.tsv	78.777778	0.000682513693111425
1000000	50	0.499966	0.071417	0.500034	0.071417	0.478287	0.068327	0.5	185314.0	56365.913588	0.373156	0.059108	6	-1	-1	389122	6	-1	-1	-1	-1	-1	-1	46	424636	6	610173	-1	-1	86402	180350	5	4	198269	868344	5	-1	6	-1	-1	-1	4	-1	-1	-1	-1	5	7	-1	-1	601858	5	801423	-1	6	472148	-1	-1	5	-1	-1	9	vert.nd6	tw5	NNI2	0.3	vert.nd6.tw5	vert.nd6.tw5.conv_NNI2_0.300000.tsv	78.777778	0.00042510429864985917
1000000	50	0.499962	0.071416	0.500038	0.071416	0.478287	0.068327	0.5	173040.16	52885.178663	0.37879	0.059172	296808	-1	163	515725	6	569136	6	-1	-1	4	5	-1	-1	663815	-1	7	-1	-1	-1	-1	-1	5	6	-1	-1	473297	-1	-1	4	-1	4	-1	5	8	-1	574497	-1	-1	-1	-1	9	-1	-1	6	16786	5	521962	5	-1	693730	vert.nd6	tw5	NNI2	0.4	vert.nd6.tw5	vert.nd6.tw5.conv_NNI2_0.400000.tsv	78.777778	0.00045525719578622673
1000000	50	0.379996	0.069327	0.620004	0.069327	0.363498	0.06633	0.38	186761.842105	68173.182757	0.283103	0.056669	-1	-1	-1	431	-1	-1	-1	1469	-1	-1	-1	301	-1	-1	18	626665	-1	624	-1	307007	-1	-1	-1	-1	-1	8	79611	-1	35152	-1	-1	405104	5	-1	234567	850255	1083	4	109076	-1	607	-1	-1	-1	896488	-1	-1	-1	-1	-1	vert.nd6	tw5	NNI2	0.5	vert.nd6.tw5	vert.nd6.tw5.conv_NNI2_0.500000.tsv	78.777778	0.00042180874375671493
1000000	50	0.999932	9e-06	6.8e-05	9e-06	0.956573	0.0	1.0	304.56	28.09859	0.915635	0.000355	302	362	254	188	498	642	356	156	243	671	226	316	298	130	231	195	609	859	130	120	432	226	558	197	178	348	485	403	158	84	347	150	290	417	99	177	130	390	993	82	225	289	274	486	153	118	86	180	129	358	vert.nd6	tw5	TBR	0.0	vert.nd6.tw5	vert.nd6.tw5.conv_TBR_0.000000.tsv	78.777778	0.25866094693984765
1000000	50	0.999975	4e-06	2.5e-05	4e-06	0.956573	0.0	1.0	130.3	16.516936	0.915618	0.000243	47	160	224	380	130	149	49	107	97	118	47	80	91	49	72	98	225	120	87	76	40	102	27	162	156	85	64	207	63	87	55	135	77	30	51	183	39	44	216	78	265	30	649	48	55	131	315	393	26	296	vert.nd6	tw5	TBR	0.02	vert.nd6.tw5	vert.nd6.tw5.conv_TBR_0.020000.tsv	78.777778	0.6045877052954719
1000000	50	0.999992	1e-06	8e-06	1e-06	0.956573	0.0	1.0	48.72	4.414266	0.915562	0.000146	16	12	75	32	17	150	15	122	96	30	90	39	99	23	67	31	48	31	57	31	39	35	14	42	10	66	110	31	71	69	6	38	87	47	25	41	49	23	85	33	42	42	64	36	8	28	36	63	59	56	vert.nd6	tw5	TBR	0.05	vert.nd6.tw5	vert.nd6.tw5.conv_TBR_0.050000.tsv	78.777778	1.6169494663382595
1000000	50	0.999996	0.0	4e-06	0.0	0.956573	0.0	1.0	22.18	2.134783	0.915941	0.000106	31	14	18	9	4	19	10	39	10	6	14	35	31	20	47	7	14	48	10	24	25	47	13	18	33	33	28	15	3	60	11	21	13	22	21	9	18	9	19	12	22	6	7	34	15	25	58	22	67	13	vert.nd6	tw5	TBR	0.1	vert.nd6.tw5	vert.nd6.tw5.conv_TBR_0.100000.tsv	78.777778	3.5517483318304777
1000000	50	0.999997	0.0	3e-06	0.0	0.956573	0.0	1.0	9.86	0.636963	0.915833	6.6e-05	5	15	6	17	12	8	12	15	7	12	5	5	16	4	16	6	6	11	13	7	13	8	13	8	5	9	6	19	20	12	7	10	7	13	4	7	5	12	8	23	8	9	8	9	5	7	7	13	14	6	vert.nd6	tw5	TBR	0.2	vert.nd6.tw5	vert.nd6.tw5.conv_TBR_0.200000.tsv	78.777778	7.989632657200811
1000000	50	0.999997	0.0	3e-06	0.0	0.956573	0.0	1.0	6.76	0.387098	0.915803	5e-05	7	9	7	17	7	7	5	6	4	13	7	6	9	6	4	5	7	5	4	10	10	8	6	7	5	6	7	5	9	10	6	5	7	4	4	10	6	7	6	3	5	4	14	6	7	3	5	8	5	5	vert.nd6	tw5	TBR	0.3	vert.nd6.tw5	vert.nd6.tw5.conv_TBR_0.300000.tsv	78.777778	11.653517455621301
1000000	50	0.999998	0.0	2e-06	0.0	0.956573	0.0	1.0	5.88	0.358728	0.915777	5.1e-05	6	4	4	5	8	8	10	5	4	4	5	7	8	6	6	4	4	3	4	4	16	5	5	4	6	6	5	7	4	6	6	4	6	5	5	5	6	15	6	5	4	4	6	6	5	9	4	6	4	10	vert.nd6	tw5	TBR	0.4	vert.nd6.tw5	vert.nd6.tw5.conv_TBR_0.400000.tsv	78.777778	13.397581292517007
1000000	50	0.999998	0.0	2e-06	0.0	0.956573	0.0	1.0	93.3	80.672678	0.915736	7.8e-05	5	23	5	5	4	4	7	6	27	5	6	2	4	73	6	5	4	6	4	11	4	46	5	4	4	4	43	4	3	8	4044	4	4	13	4	8	6	3	5	26	89	5	6	6	6	75	7	7	5	5	vert.nd6	tw5	TBR	0.5	vert.nd6.tw5	vert.nd6.tw5.conv_TBR_0.500000.tsv	78.777778	0.8443491747052518
1000000	50	0.999928	1e-05	7.2e-05	1e-05	0.956573	0.0	1.0	346.96	32.540637	0.915594	0.000344	589	459	794	212	226	738	739	118	76	293	165	174	121	114	859	155	236	954	643	143	208	363	381	376	270	273	147	230	226	155	121	297	903	125	133	351	319	422	401	467	401	170	431	193	403	455	452	182	78	607	vert.nd6	tw5	rTBR	0.0	vert.nd6.tw5	vert.nd6.tw5.conv_rTBR_0.000000.tsv	78.777778	0.2270514699100761
1000000	50	0.999974	5e-06	2.6e-05	5e-06	0.956573	0.0	1.0	134.0	14.352188	0.916621	0.000246	34	134	226	93	219	104	34	35	64	464	210	78	68	382	75	55	127	289	29	173	81	356	60	81	34	36	128	133	148	120	44	67	106	99	119	137	241	113	127	105	28	22	367	82	135	183	140	206	44	265	vert.nd6	tw5	rTBR	0.02	vert.nd6.tw5	vert.nd6.tw5.conv_rTBR_0.020000.tsv	78.777778	0.5878938656716418
1000000	50	0.999986	1e-06	1.4e-05	1e-06	0.956573	0.0	1.0	61.1	5.284343	0.916572	0.000166	54	69	23	39	44	64	42	48	29	77	33	130	66	114	45	47	93	38	78	49	209	55	90	37	108	51	165	40	87	50	19	47	73	22	71	105	43	39	58	24	67	38	16	31	31	94	42	80	20	61	vert.nd6	tw5	rTBR	0.05	vert.nd6.tw5	vert.nd6.tw5.conv_rTBR_0.050000.tsv	78.777778	1.2893253355155483
1000000	50	0.999993	1e-06	7e-06	1e-06	0.956573	0.0	1.0	43.82	3.72062	0.916482	0.000131	90	28	56	30	48	19	58	74	53	66	89	61	48	30	32	96	36	12	35	34	42	15	24	10	53	12	65	99	6	93	70	26	22	26	18	57	30	45	27	73	22	53	19	39	101	16	69	19	27	18	vert.nd6	tw5	rTBR	0.1	vert.nd6.tw5	vert.nd6.tw5.conv_rTBR_0.100000.tsv	78.777778	1.7977585120949338
1000000	50	0.999993	1e-06	7e-06	1e-06	0.956573	0.0	1.0	32.78	3.468493	0.916541	0.000111	19	39	47	20	12	43	16	100	34	17	22	24	11	74	47	69	66	16	14	14	18	51	24	22	8	53	18	23	51	30	42	10	52	11	16	131	31	14	23	38	18	38	22	30	10	26	68	33	10	14	vert.nd6	tw5	rTBR	0.2	vert.nd6.tw5	vert.nd6.tw5.conv_rTBR_0.200000.tsv	78.777778	2.4032269066503966
1000000	50	0.999996	0.0	4e-06	0.0	0.956573	0.0	1.0	34.86	3.371914	0.916425	0.000101	39	38	67	43	32	27	12	26	13	19	53	32	83	20	38	14	31	28	147	40	55	46	14	46	12	89	46	28	50	37	17	50	17	14	25	15	22	7	13	29	33	21	21	37	38	28	48	13	30	40	vert.nd6	tw5	rTBR	0.3	vert.nd6.tw5	vert.nd6.tw5.conv_rTBR_0.300000.tsv	78.777778	2.2598329890992543
1000000	50	0.999996	0.0	4e-06	0.0	0.956573	0.0	1.0	33.32	2.776055	0.916415	9.1e-05	32	17	6	68	46	22	35	21	9	44	49	12	25	35	30	63	26	15	13	18	23	40	12	24	37	17	25	57	23	62	27	9	40	10	17	74	18	62	55	57	18	24	26	49	48	96	28	39	42	21	vert.nd6	tw5	rTBR	0.4	vert.nd6.tw5	vert.nd6.tw5.conv_rTBR_0.400000.tsv	78.777778	2.364279051620648
1000000	50	0.999995	0.0	5e-06	0.0	0.956573	0.0	1.0	33.64	2.672423	0.916482	9.4e-05	81	57	44	21	28	13	15	34	9	35	19	34	28	43	18	16	41	24	64	18	57	28	16	34	33	45	27	19	60	40	15	23	22	37	7	30	57	27	41	101	33	50	40	64	11	35	21	22	20	25	vert.nd6	tw5	rTBR	0.5	vert.nd6.tw5	vert.nd6.tw5.conv_rTBR_0.500000.tsv	78.777778	2.341788882282996
