section	statistic	value
summary	numTrees	2027025
summary	numEdges	14189175
summary	meanDegree	14.0000000000
local	numLocalPeaks	62
local	posteriorMassOfLocalPeaks	0.9519885520
local	meanUphillFraction	0.4999849181
local	posteriorWeightedMeanUphillFraction	0.0034814557
local	meanBestNeighborLnLDifference	27.3239217847
local	posteriorWeightedMeanBestNeighborLnLDifference	-3.0777323055
local	meanNeighborAbsLnLDifference	12.1458840150
local	posteriorWeightedMeanNeighborAbsLnLDifference	14.1233538117
basin	numPeaks	62
basin	numPeaksMassGreater01	1
basin	numPeaksMassGreater05	1
basin	largestBasinSize	678611
basin	largestBasinMass	0.9981671942
basin	basinMassEntropy	0.0144489919
basin	effectiveNumBasins	1.0145538831
basin	mapTreeHash	5444899062009725693
basin	mapPeakHash	5444899062009725693
basin	mapPeakId	0
basin	mapBasinMass	0.9981671942
basin	posteriorMassOutsideMapBasin	0.0018328058
ascent	meanAscentLength	10.4154073087
ascent	posteriorWeightedMeanAscentLength	0.0484893111
ascent	meanAscentLengthCredible95	0.0000000000
ascent	posteriorWeightedMeanAscentLengthCredible95	0.0000000000
ascent	maxAscentLength	24
credible95	credible95NumTrees	1
credible95	credible95Mass	0.9504268348
credible95	credible95NumComponents	1
credible95	credible95LargestComponentSize	1
credible95	credible95LargestComponentMass	0.9504268348
credible95	credible95MapComponentSize	1
credible95	credible95MapComponentMass	0.9504268348
barrier	basinGraphEdges	1059
barrier	meanBasinGraphDegree	34.1612903226
barrier	mapBasinGraphDegree	61
barrier	basinGraphConnected	1
barrier	minBarrierFromMap	14.7891323683
barrier	meanBarrier	61.4638775420
barrier	posteriorWeightedMeanBarrier	13.6317790114
barrier	maxBarrier	215.0149362688

# peaks
peakId	peakHash	peakTreeProbability	basinNumTrees	basinPosteriorMass
0	5444899062009725693	0.9504268348	678611	0.9981671942
1	1663944637883146712	0.0011133924	376674	0.0013392734
2	12980956238794167044	0.0004483239	308867	0.0004935314
3	13136219978582782769	0.0000000006	98444	0.0000000008
4	2069402501119643584	0.0000000002	58729	0.0000000002
5	11364101874875170124	0.0000000000	57948	0.0000000000
6	4796237258125298137	0.0000000000	36698	0.0000000000
7	1907708025110167701	0.0000000000	6842	0.0000000000
8	8916047823452606935	0.0000000000	34195	0.0000000000
9	13077063049571320896	0.0000000000	39837	0.0000000000
10	18349919653237969261	0.0000000000	14651	0.0000000000
11	14470321411588657683	0.0000000000	17974	0.0000000000
12	10194892126269310538	0.0000000000	50725	0.0000000000
13	15240768799881704423	0.0000000000	2611	0.0000000000
14	6423494559006860906	0.0000000000	81111	0.0000000000
15	11580906775826567448	0.0000000000	25218	0.0000000000
16	11354232127007768028	0.0000000000	24970	0.0000000000
17	5689076028406110073	0.0000000000	9820	0.0000000000
18	16030136969698508910	0.0000000000	18178	0.0000000000
19	1253612228629062932	0.0000000000	27443	0.0000000000
20	7725911544457183932	0.0000000000	4214	0.0000000000
21	11214117775404256812	0.0000000000	4623	0.0000000000
22	617586723319126522	0.0000000000	9156	0.0000000000
23	15238012433641292203	0.0000000000	2102	0.0000000000
24	10279634891113422966	0.0000000000	1344	0.0000000000
25	2355730244983573362	0.0000000000	4087	0.0000000000
26	8029882856898897762	0.0000000000	8125	0.0000000000
27	10673404053386457034	0.0000000000	258	0.0000000000
28	7957190595068679351	0.0000000000	905	0.0000000000
29	14398537078556745867	0.0000000000	3317	0.0000000000
30	4593130431803895541	0.0000000000	1517	0.0000000000
31	15767696770331013607	0.0000000000	1501	0.0000000000
32	7951120196974632971	0.0000000000	700	0.0000000000
33	284684315073016383	0.0000000000	2212	0.0000000000
34	14672701341454989337	0.0000000000	71	0.0000000000
35	3605397794407870067	0.0000000000	860	0.0000000000
36	16671577117634170902	0.0000000000	106	0.0000000000
37	17936684524565804342	0.0000000000	4773	0.0000000000
38	16609698565151302728	0.0000000000	246	0.0000000000
39	3901322641396918766	0.0000000000	278	0.0000000000
40	17801238983892761428	0.0000000000	332	0.0000000000
41	9579809222269879952	0.0000000000	1770	0.0000000000
42	16081333699103848725	0.0000000000	95	0.0000000000
43	5936153805368291701	0.0000000000	1328	0.0000000000
44	15578315128438475316	0.0000000000	278	0.0000000000
45	16751348948062680868	0.0000000000	713	0.0000000000
46	1553997956211202867	0.0000000000	620	0.0000000000
47	11133436841038152028	0.0000000000	511	0.0000000000
48	5558405027835075592	0.0000000000	125	0.0000000000
49	10881988649276130027	0.0000000000	73	0.0000000000
50	12348283314810212724	0.0000000000	135	0.0000000000
51	15825323351582891466	0.0000000000	303	0.0000000000
52	3648477905045836872	0.0000000000	192	0.0000000000
53	15708012388291498265	0.0000000000	93	0.0000000000
54	17176766786220076405	0.0000000000	109	0.0000000000
55	2648550615371424568	0.0000000000	182	0.0000000000
56	5582797859646617816	0.0000000000	20	0.0000000000
57	15989694217193463155	0.0000000000	39	0.0000000000
58	15046754994980115532	0.0000000000	29	0.0000000000
59	8102082135955440213	0.0000000000	55	0.0000000000
60	9043856331746784476	0.0000000000	63	0.0000000000
61	8377011024464350224	0.0000000000	19	0.0000000000

# saddles
peakId1	peakId2	peakHash1	peakHash2	saddleTree1	saddleTree2	saddleLnL	saddleProbability	barrierFromPeak1	barrierFromPeak2
1	2	1663944637883146712	12980956238794167044	12980956238794167044	15718474226302400122	-11156.7783203125	0.0001985606	1.7242031025	0.8145522191
1	0	1663944637883146712	5444899062009725693	13668902094642041443	15718474226302400122	-11163.0937500000	0.0000003591	8.0396327900	14.7891323683
0	3	5444899062009725693	13136219978582782769	3076409085874479661	13136219978582782769	-11171.0927734375	0.0000000001	22.7881558058	1.5959909563
0	2	5444899062009725693	12980956238794167044	9094168096419440169	17885871787955983926	-11171.7998046875	0.0000000001	23.4951870558	15.8360365941
5	2	11364101874875170124	12980956238794167044	11364101874875170124	12324273458525792129	-11172.5664062500	0.0000000000	0.2350243896	16.6026381566
2	3	12980956238794167044	13136219978582782769	13313046094762255747	18431258870645225632	-11175.8007812500	0.0000000000	19.8370131566	6.3039987688
4	3	2069402501119643584	13136219978582782769	1467907668358085221	13563770283981699325	-11176.3876953125	0.0000000000	5.6430683322	6.8909128313
1	7	1663944637883146712	1907708025110167701	1907708025110167701	1982207792264394173	-11176.8994140625	0.0000000000	21.8452968525	0.1591360549
1	3	1663944637883146712	13136219978582782769	4678163288500394196	12426511621382097219	-11177.1835937500	0.0000000000	22.1294765400	7.6868112688
7	3	1907708025110167701	13136219978582782769	1907708025110167701	12426511621382097219	-11177.1835937500	0.0000000000	0.4433157424	7.6868112688
1	5	1663944637883146712	11364101874875170124	8894913709929517584	11364101874875170124	-11177.7138671875	0.0000000000	22.6597499775	5.3824853271
7	0	1907708025110167701	5444899062009725693	1907708025110167701	3140960711581099151	-11178.6582031250	0.0000000000	1.9179251174	30.3535854933
4	0	2069402501119643584	5444899062009725693	11202630119599075194	13563770283981699325	-11179.0957031250	0.0000000000	8.3510761447	30.7910854933
6	0	4796237258125298137	5444899062009725693	2028033407904881583	4796237258125298137	-11179.1435546875	0.0000000000	4.5935471130	30.8389370558
7	2	1907708025110167701	12980956238794167044	1386202359078393926	1907708025110167701	-11181.3544921875	0.0000000000	4.6142141799	25.3907240941
0	5	5444899062009725693	11364101874875170124	11364101874875170124	15177875584138887903	-11182.1689453125	0.0000000000	33.8643276808	9.8375634521
7	4	1907708025110167701	2069402501119643584	1969775068101895164	2238695885924946781	-11189.9160156250	0.0000000000	13.1757376174	19.1713886447
6	10	4796237258125298137	18349919653237969261	5654722494998405228	18349919653237969261	-11190.3115234375	0.0000000000	15.7615158630	1.9627784805
4	8	2069402501119643584	8916047823452606935	1653668435343950451	11682284716593500331	-11191.1064453125	0.0000000000	20.3618183322	5.0811524972
8	9	8916047823452606935	13077063049571320896	81307123490549274	2380010023812138096	-11191.6289062500	0.0000000000	5.6036134347	3.4520935701
1	10	1663944637883146712	18349919653237969261	4411374477674512987	18349919653237969261	-11191.6650390625	0.0000000000	36.6109218525	3.3162941055
2	10	12980956238794167044	18349919653237969261	103031987664003226	8522607336807424758	-11192.3818359375	0.0000000000	36.4180678441	4.0330909805
0	12	5444899062009725693	10194892126269310538	9504512962430615897	10194892126269310538	-11192.5156250000	0.0000000000	44.2110073683	0.2694138861
0	9	5444899062009725693	13077063049571320896	14055060952984099295	16585014629326159719	-11192.8857421875	0.0000000000	44.5811245558	4.7089295076
9	11	13077063049571320896	14470321411588657683	14243926500187079618	14470321411588657683	-11194.0380859375	0.0000000000	5.8612732576	1.8819488881
0	13	5444899062009725693	15240768799881704423	15240768799881704423	16075007123352795189	-11194.7070312500	0.0000000000	46.4024136183	0.3649486019
12	9	10194892126269310538	13077063049571320896	3183996216373388716	3629098085908586977	-11195.3417968750	0.0000000000	3.0955857611	7.1649841951
1	16	1663944637883146712	11354232127007768028	555864920686422225	17069079931579825986	-11195.9960937500	0.0000000000	40.9419765400	0.2499976477
14	16	6423494559006860906	11354232127007768028	6905001162894314351	17204964312414826634	-11196.3740234375	0.0000000000	1.7291837860	0.6279273352
0	15	5444899062009725693	11580906775826567448	11580906775826567448	14128676926376417896	-11196.8544921875	0.0000000000	48.5498745558	1.5514555772
0	16	5444899062009725693	11354232127007768028	3817543467439433193	6905001162894314351	-11197.4013671875	0.0000000000	49.0967495558	1.6552710852
6	8	4796237258125298137	8916047823452606935	4475490633267826847	9230051430150609171	-11198.4609375000	0.0000000000	23.9109299255	12.4356446847
1	14	1663944637883146712	6423494559006860906	4674895244501202018	8411541883358655890	-11199.2412109375	0.0000000000	44.1870937275	4.5963712860
14	2	6423494559006860906	12980956238794167044	2635414898025769562	14208878033690556517	-11199.2783203125	0.0000000000	4.6334806610	43.3145522191
19	12	1253612228629062932	10194892126269310538	1253612228629062932	16432101129505403211	-11199.6083984375	0.0000000000	0.4027303553	7.3621873236
16	2	11354232127007768028	12980956238794167044	1644288945584803488	5869455318561012916	-11199.6308593750	0.0000000000	3.8847632727	43.6670912816
19	6	1253612228629062932	4796237258125298137	1253612228629062932	3026276522565364786	-11199.9199218750	0.0000000000	0.7142537928	25.3699143005
0	18	5444899062009725693	16030136969698508910	2867220652141373334	16030136969698508910	-11199.9433593750	0.0000000000	51.6387417433	1.6078078367
17	3	5689076028406110073	13136219978582782769	5901352246481849065	6781930870071611501	-11200.4082031250	0.0000000000	3.1952586641	30.9114206438
17	15	5689076028406110073	11580906775826567448	5689076028406110073	17520111924571481306	-11201.2724609375	0.0000000000	4.0595164766	5.9694243272
1	4	1663944637883146712	2069402501119643584	2611665926573093349	7673661073224565235	-11201.2929687500	0.0000000000	46.2388515400	30.5483417697
0	11	5444899062009725693	14470321411588657683	10853927066910511265	15127815472623410065	-11201.6455078125	0.0000000000	53.3408901808	9.4893707631
16	13	11354232127007768028	15240768799881704423	8210762395366350265	10210407511376656904	-11201.8076171875	0.0000000000	6.0615210852	7.4655345394
12	16	10194892126269310538	11354232127007768028	2051831696736361610	2711846773776263045	-11201.9609375000	0.0000000000	9.7147263861	6.2148413977
19	0	1253612228629062932	5444899062009725693	1253612228629062932	11078740159492744272	-11202.0683593750	0.0000000000	2.8626912928	53.7637417433
2	18	12980956238794167044	16030136969698508910	13793772854537353001	16030136969698508910	-11202.7675781250	0.0000000000	46.8038100316	4.4320265867
0	20	5444899062009725693	7725911544457183932	2193781160438963763	7725911544457183932	-11203.0898437500	0.0000000000	54.7852261183	1.2419698206
6	9	4796237258125298137	13077063049571320896	11281934127652396073	17742953880789857971	-11203.2714843750	0.0000000000	28.7214768005	15.0946716951
1	12	1663944637883146712	10194892126269310538	10524062618360130808	17702598278237922760	-11203.2871093750	0.0000000000	48.2329921650	11.0408982611
12	11	10194892126269310538	14470321411588657683	3673514010461601959	6936380538009586359	-11203.5400390625	0.0000000000	11.2938279486	11.3839020131
14	12	6423494559006860906	10194892126269310538	10488625627845330021	12028958671212853729	-11204.0429687500	0.0000000000	9.3981290985	11.7967576361
0	8	5444899062009725693	8916047823452606935	2166596230462442211	7710205094654802499	-11204.1669921875	0.0000000000	55.8623745558	18.1416993722
4	2	2069402501119643584	12980956238794167044	14870169292162068972	15772555211976020953	-11204.6728515625	0.0000000000	33.9282245822	48.7090834691
0	14	5444899062009725693	6423494559006860906	3497787825391854884	9598462378293448501	-11204.9882812500	0.0000000000	56.6836636183	10.3434415985
0	21	5444899062009725693	11214117775404256812	6504688797962885314	11214117775404256812	-11205.3818359375	0.0000000000	57.0772183058	1.8380534752
9	18	13077063049571320896	16030136969698508910	6834787289021816866	16030136969698508910	-11205.9248046875	0.0000000000	17.7479920076	7.5892531492
14	5	6423494559006860906	11364101874875170124	4225947424854930083	16895552573972166919	-11205.9677734375	0.0000000000	11.3229337860	33.6363915771
3	18	13136219978582782769	16030136969698508910	12120029550014930747	16759625469765916089	-11206.0000000000	0.0000000000	36.5032175188	7.6644484617
4	6	2069402501119643584	4796237258125298137	12143822717860047732	16954316845558792096	-11206.3017578125	0.0000000000	35.5571308322	31.7517502380
8	11	8916047823452606935	14470321411588657683	7173551626071963046	15496976725555490622	-11206.4609375000	0.0000000000	20.4356446847	14.3048004506
2	9	12980956238794167044	13077063049571320896	6834787289021816866	11121024503682711228	-11206.6123046875	0.0000000000	50.6485365941	18.4354920076
4	9	2069402501119643584	13077063049571320896	3459733809529979113	8141945131091591754	-11207.0439453125	0.0000000000	36.2993183322	18.8671326326
6	12	4796237258125298137	10194892126269310538	6150413250998859025	16122644061505964292	-11207.3369140625	0.0000000000	32.7869064880	15.0907029486
8	3	8916047823452606935	13136219978582782769	3238733094646605080	16150219926202570709	-11207.3691406250	0.0000000000	21.3438478097	37.8723581438
8	18	8916047823452606935	16030136969698508910	6880091022949387415	8658567559961194875	-11207.7910156250	0.0000000000	21.7657228097	9.4554640867
1	6	1663944637883146712	4796237258125298137	4508345549103395437	15344344237519790164	-11208.0439453125	0.0000000000	52.9898281025	33.4939377380
6	11	4796237258125298137	14470321411588657683	9642323216190630357	10757526581397539230	-11208.5156250000	0.0000000000	33.9656174255	16.3594879506
15	3	11580906775826567448	13136219978582782769	2029989110709856284	16352194578660138253	-11208.7246093750	0.0000000000	13.4215727647	39.2278268938
23	13	15238012433641292203	15240768799881704423	1482821718523318204	15238012433641292203	-11208.9707031250	0.0000000000	0.2813953629	14.6286204769
22	0	617586723319126522	5444899062009725693	617586723319126522	15503276343568728171	-11209.0947265625	0.0000000000	1.6606711299	60.7901089308
2	13	12980956238794167044	15240768799881704423	4062621035185773159	17151712804654669617	-11209.1914062500	0.0000000000	53.2276381566	14.8493236019
8	2	8916047823452606935	12980956238794167044	6880091022949387415	9226298010710553372	-11209.2421875000	0.0000000000	23.2168946847	53.2784194066
0	17	5444899062009725693	5689076028406110073	2226878039635258253	16077904915923471596	-11209.3896484375	0.0000000000	61.0850308058	12.1767039766
1	8	1663944637883146712	8916047823452606935	14274664029110662012	17821037801906061097	-11210.1875000000	0.0000000000	55.1333827900	24.1622071847
19	8	1253612228629062932	8916047823452606935	296959200235740971	4411981041444233172	-11210.3007812500	0.0000000000	11.0951131678	24.2754884347
0	23	5444899062009725693	15238012433641292203	9175720536254047421	15238012433641292203	-11210.4980468750	0.0000000000	62.1934292433	1.8087391129
3	11	13136219978582782769	14470321411588657683	7875903959530825388	9642323216190630357	-11210.7158203125	0.0000000000	41.2190378313	18.5596832631
6	3	4796237258125298137	13136219978582782769	7875903959530825388	10757526581397539230	-11210.7158203125	0.0000000000	36.1658127380	41.2190378313
0	10	5444899062009725693	18349919653237969261	11112877761265226221	16347101131755018219	-11210.8613281250	0.0000000000	62.5567104933	22.5125831680
19	9	1253612228629062932	13077063049571320896	10191511871889634945	14758414390603494824	-11210.8730468750	0.0000000000	11.6673787928	22.6962341951
9	3	13077063049571320896	13136219978582782769	5831180371932500479	10175785477440583770	-11210.9199218750	0.0000000000	22.7431091951	41.4231393938
4	17	2069402501119643584	5689076028406110073	6689394025096136659	8832213873023245405	-11211.2470703125	0.0000000000	40.5024433322	14.0341258516
2	23	12980956238794167044	15238012433641292203	11958174360570120453	14106410311236728230	-11211.6962890625	0.0000000000	55.7325209691	3.0069813004
19	24	1253612228629062932	10279634891113422966	10279634891113422966	13133408552423657901	-11211.7656250000	0.0000000000	12.5599569178	0.8332612484
22	21	617586723319126522	11214117775404256812	617586723319126522	10819980254164709076	-11212.0205078125	0.0000000000	4.5864523799	8.4767253502
14	18	6423494559006860906	16030136969698508910	6547888311788555646	9688371234031627860	-11212.6181640625	0.0000000000	17.9733244110	14.2826125242
19	1	1253612228629062932	1663944637883146712	7338955802372662811	18060025262338315765	-11212.7558593750	0.0000000000	13.5501912928	57.7017421650
13	18	15240768799881704423	16030136969698508910	1049022833937714089	4049194131298781938	-11213.0380859375	0.0000000000	18.6960032894	14.7025343992
25	0	2355730244983573362	5444899062009725693	66918783030912780	2355730244983573362	-11213.0556640625	0.0000000000	0.9333728462	64.7510464308
19	16	1253612228629062932	11354232127007768028	14981521119379302260	15516081572032994520	-11213.1923828125	0.0000000000	13.9867147303	17.4462867102
1	26	1663944637883146712	8029882856898897762	26256468298601328	4287522542260468094	-11213.8427734375	0.0000000000	58.7886562275	0.3275268927
19	4	1253612228629062932	2069402501119643584	4751922313715094772	12951095736212941093	-11214.3769531250	0.0000000000	15.1712850428	43.6323261447
0	26	5444899062009725693	8029882856898897762	8029882856898897762	10527642086672152092	-11214.5800781250	0.0000000000	66.2754604933	1.0648315802
11	18	14470321411588657683	16030136969698508910	14612291283217065570	16496647220191130789	-11214.6679687500	0.0000000000	22.5118317006	16.3324172117
19	14	1253612228629062932	6423494559006860906	3011287026730530447	4505141428011942567	-11214.6748046875	0.0000000000	15.4691366053	20.0299650360
27	18	10673404053386457034	16030136969698508910	10619859926666093161	10673404053386457034	-11214.8027343750	0.0000000000	0.1324794247	16.4671828367
1	13	1663944637883146712	15240768799881704423	1971355506140689856	5446566690993387441	-11215.5332031250	0.0000000000	60.4790859150	21.1911204769
11	23	14470321411588657683	15238012433641292203	6426442968703961633	11721874282418424054	-11215.7226562500	0.0000000000	23.5665192006	7.0333484879
25	2	2355730244983573362	12980956238794167044	3887731431114064270	6474455268008763601	-11215.8701171875	0.0000000000	3.7478259712	59.9063490941
17	28	5689076028406110073	7957190595068679351	7957190595068679351	9274072809027483946	-11215.9052734375	0.0000000000	18.6923289766	0.2921895986
3	23	13136219978582782769	15238012433641292203	9157467212867371125	10865735878242554712	-11216.2187500000	0.0000000000	46.7219675188	7.5294422379
27	9	10673404053386457034	13077063049571320896	4032298685656761187	10673404053386457034	-11216.4326171875	0.0000000000	1.7623622372	28.2558045076
4	11	2069402501119643584	14470321411588657683	10822290478891278644	15243120204936239719	-11216.6367187500	0.0000000000	45.8920917697	24.4805817006
26	3	8029882856898897762	13136219978582782769	6761087639457951386	8029882856898897762	-11216.6777343750	0.0000000000	3.1624878302	47.1809518938
12	2	10194892126269310538	12980956238794167044	2716371031691911000	4905847457051922238	-11216.9746093750	0.0000000000	24.7283982611	61.0108412816
1	30	1663944637883146712	4593130431803895541	4593130431803895541	11449148746682231710	-11217.0068359375	0.0000000000	61.9527187275	0.2143758748
20	21	7725911544457183932	11214117775404256812	3018399744186171240	4669773876300588424	-11217.1015625000	0.0000000000	15.2536885706	13.5577800377
27	2	10673404053386457034	12980956238794167044	2566329932738807821	10673404053386457034	-11217.1640625000	0.0000000000	2.4938075497	61.2002944066
8	12	8916047823452606935	10194892126269310538	6772172421647430020	17333986609071281607	-11217.1953125000	0.0000000000	31.1700196847	24.9491013861
22	11	617586723319126522	14470321411588657683	2822743637461944587	6270138822482687506	-11217.3183593750	0.0000000000	9.8843039424	25.1622223256
30	0	4593130431803895541	5444899062009725693	4593130431803895541	7604814475627013949	-11217.7919921875	0.0000000000	0.9995321248	69.4873745558
28	3	7957190595068679351	13136219978582782769	7957190595068679351	9017512202593633707	-11217.8281250000	0.0000000000	2.2150411611	48.3313425188
2	11	12980956238794167044	14470321411588657683	2566329932738807821	15099833944006871997	-11218.0390625000	0.0000000000	62.0752944066	25.8829254506
22	25	617586723319126522	2355730244983573362	2937436499557460404	18259264104584243595	-11218.2783203125	0.0000000000	10.8442648799	6.1560290962
22	18	617586723319126522	16030136969698508910	10487548706583656620	12093044728572153657	-11218.5781250000	0.0000000000	11.1440695674	20.2425734617
9	31	13077063049571320896	15767696770331013607	4451711633088117525	15767696770331013607	-11218.8095703125	0.0000000000	30.6327576326	1.1974005181
6	2	4796237258125298137	12980956238794167044	1429036333371057485	8265428595104103387	-11219.0644531250	0.0000000000	44.5144455505	63.1006850316
6	29	4796237258125298137	14398537078556745867	6338252625015306015	7851837162390747092	-11219.1894531250	0.0000000000	44.6394455505	3.1410686624
0	29	5444899062009725693	14398537078556745867	2250866742492883240	2859245996866852300	-11219.3378906250	0.0000000000	71.0332729933	3.2895061624
25	3	2355730244983573362	13136219978582782769	3050864375228154698	12181443012481360923	-11219.5605468750	0.0000000000	7.4382556587	50.0637643938
14	9	6423494559006860906	13077063049571320896	8285395721531132076	14511411062679946373	-11219.7812500000	0.0000000000	25.1364103485	31.6044373201
29	11	14398537078556745867	14470321411588657683	7851837162390747092	14549181196913404118	-11219.8613281250	0.0000000000	3.8129436624	27.7051910756
23	18	15238012433641292203	16030136969698508910	6951681975134392564	14612291283217065570	-11220.0556640625	0.0000000000	11.3663563004	21.7201125242
5	18	11364101874875170124	16030136969698508910	9045548347919971007	10427458349120205418	-11220.1269531250	0.0000000000	47.7955712646	21.7914015867
15	13	11580906775826567448	15240768799881704423	3843367382815719438	6744952663713202202	-11220.1494140625	0.0000000000	24.8463774522	25.8073314144
9	13	13077063049571320896	15240768799881704423	2921585641463966166	10990186148521079788	-11220.3525390625	0.0000000000	32.1757263826	26.0104564144
20	2	7725911544457183932	12980956238794167044	6929975082045468964	10793316094586644965	-11220.4101562500	0.0000000000	18.5622823206	64.4463881566
8	27	8916047823452606935	10673404053386457034	10673404053386457034	11428625354802538966	-11220.4804687500	0.0000000000	34.4551759347	5.8102137997
14	13	6423494559006860906	15240768799881704423	8210546994864738199	17538586221847823661	-11220.5546875000	0.0000000000	25.9098478485	26.2126048519
4	24	2069402501119643584	10279634891113422966	10279634891113422966	14110555633111559351	-11220.7226562500	0.0000000000	49.9780292697	9.7902924984
17	2	5689076028406110073	12980956238794167044	8098845610898813586	18439442853727750562	-11220.7919921875	0.0000000000	23.5790477266	64.8282240941
1	18	1663944637883146712	16030136969698508910	2116272614650066822	10427458349120205418	-11220.9384765625	0.0000000000	65.8843593525	22.6029250242
8	29	8916047823452606935	14398537078556745867	3385959016062005563	4374526046884405453	-11221.1318359375	0.0000000000	35.1065431222	5.0834514749
4	29	2069402501119643584	14398537078556745867	2859245996866852300	3470030102580403458	-11221.1787109375	0.0000000000	50.4340839572	5.1303264749
1	20	1663944637883146712	7725911544457183932	1273455256398448755	14945215447381592664	-11221.3642578125	0.0000000000	66.3101406025	19.5163838831
7	20	1907708025110167701	7725911544457183932	3355042620400347120	9743677085431457749	-11221.4335937500	0.0000000000	44.6933157424	19.5857198206
16	18	11354232127007768028	16030136969698508910	4883154675095373292	17321438006694312826	-11221.4990234375	0.0000000000	25.7529273352	23.1634718992
0	32	5444899062009725693	7951120196974632971	7951120196974632971	12867503787377185152	-11221.8662109375	0.0000000000	73.5615933058	0.4195893258
14	11	6423494559006860906	14470321411588657683	7396144136873667966	10169612114547360591	-11221.9042968750	0.0000000000	27.2594572235	29.7481598256
1	9	1663944637883146712	13077063049571320896	2409706638449244824	6786760686060547321	-11222.0410156250	0.0000000000	66.9868984150	33.8642029451
5	9	11364101874875170124	13077063049571320896	2409706638449244824	12929990528931267655	-11222.0410156250	0.0000000000	49.7096337646	33.8642029451
0	27	5444899062009725693	10673404053386457034	81639004345192903	10673404053386457034	-11222.1093750000	0.0000000000	73.8047573683	7.4391200497
22	29	617586723319126522	14398537078556745867	10972016894255170471	16116446843577691303	-11222.2851562500	0.0000000000	14.8511008174	6.2367717874
1	17	1663944637883146712	5689076028406110073	7426939829748367635	11206607367997156238	-11222.3349609375	0.0000000000	67.2808437275	25.1220164766
8	5	8916047823452606935	11364101874875170124	5418937862314883609	16388244969801153267	-11222.5224609375	0.0000000000	36.4971681222	50.1910790771
25	18	2355730244983573362	16030136969698508910	7820200784694067690	11257504517922873452	-11222.6191406250	0.0000000000	10.4968494087	24.2835890867
9	29	13077063049571320896	14398537078556745867	830163934301271275	14398537078556745867	-11222.7519531250	0.0000000000	34.5751404451	6.7035686624
16	23	11354232127007768028	15238012433641292203	1806398620384155277	11496343591973774611	-11222.7812500000	0.0000000000	27.0351538977	14.0919422379
33	9	284684315073016383	13077063049571320896	284684315073016383	5036635690618374080	-11222.8798828125	0.0000000000	0.6103892422	34.7030701326
15	2	11580906775826567448	12980956238794167044	6234198041844953004	15288046806980208999	-11223.1357421875	0.0000000000	27.8327055772	67.1719740941
25	23	2355730244983573362	15238012433641292203	2543155079910806547	17884947764638873806	-11223.3408203125	0.0000000000	11.2185290962	14.6515125504
4	28	2069402501119643584	7957190595068679351	855153872199379618	3658749717437445218	-11223.6044921875	0.0000000000	52.8598652072	7.9914083486
12	24	10194892126269310538	10279634891113422966	4245147842130561390	11275899457686626001	-11223.6533203125	0.0000000000	31.4071091986	12.7209565609
19	11	1253612228629062932	14470321411588657683	2538878516443573347	2699373856311332389	-11223.6718750000	0.0000000000	24.4662069178	31.5157379506
6	23	4796237258125298137	15238012433641292203	2096664948495210714	15997525139123558167	-11224.2285156250	0.0000000000	49.6785080505	15.5392078629
23	10	15238012433641292203	18349919653237969261	2201240350855122092	7870356848340730263	-11224.2851562500	0.0000000000	15.5958484879	35.9364112930
16	10	11354232127007768028	18349919653237969261	2211679021319825205	9181514346001058859	-11224.3281250000	0.0000000000	28.5820288977	35.9793800430
1	23	1663944637883146712	15238012433641292203	7544981058118060217	15944526389372794353	-11224.3701171875	0.0000000000	69.3159999775	15.6808094254
1	15	1663944637883146712	11580906775826567448	2510995421134820369	11298816213850884734	-11224.5224609375	0.0000000000	69.4683437275	29.2194243272
8	31	8916047823452606935	15767696770331013607	3653717009317042528	17165107491574754952	-11224.5234375000	0.0000000000	38.4981446847	6.9112677056
8	10	8916047823452606935	18349919653237969261	4146413682116598079	14466732488160334327	-11224.5781250000	0.0000000000	38.5528321847	36.2293800430
15	18	11580906775826567448	16030136969698508910	387755236327175240	6367224976697242398	-11224.5957031250	0.0000000000	29.2926665147	26.2601515867
12	5	10194892126269310538	11364101874875170124	10506759280721913668	13991321826137206467	-11224.7167968750	0.0000000000	32.4705857611	52.3854150146
6	15	4796237258125298137	11580906775826567448	2676361853248012656	4334709002486085626	-11225.0332031250	0.0000000000	50.4831955505	29.7301665147
22	7	617586723319126522	1907708025110167701	654226523775815584	4239082829753210575	-11225.1953125000	0.0000000000	17.7612570674	48.4550344924
14	27	6423494559006860906	10673404053386457034	2532556040540014861	13945319442240078882	-11225.2080078125	0.0000000000	30.5631681610	10.5377528622
17	18	5689076028406110073	16030136969698508910	5024839545527680425	13746309711448350567	-11225.2851562500	0.0000000000	28.0722117891	26.9496047117
20	5	7725911544457183932	11364101874875170124	5730193697781216107	12663367659932679978	-11225.6865234375	0.0000000000	23.8386495081	53.3551415771
19	5	1253612228629062932	11364101874875170124	798713066538807732	9045548347919971007	-11225.7109375000	0.0000000000	26.5052694178	53.3795556396
19	18	1253612228629062932	16030136969698508910	798713066538807732	10427458349120205418	-11225.7109375000	0.0000000000	26.5052694178	27.3753859617
30	5	4593130431803895541	11364101874875170124	146156997647829331	14806352722975958525	-11226.0205078125	0.0000000000	9.2280477498	53.6891259521
29	31	14398537078556745867	15767696770331013607	1222552934785060110	7833839318833900277	-11226.1064453125	0.0000000000	10.0580608499	8.4942755181
14	8	6423494559006860906	8916047823452606935	7992728229311108865	12955694855042478105	-11226.3496093750	0.0000000000	31.7047697235	40.3243165597
26	15	8029882856898897762	11580906775826567448	3836173780059345696	11269829453656606974	-11226.4267578125	0.0000000000	12.9115112677	31.1237212022
22	2	617586723319126522	12980956238794167044	14362559117960923945	18303802991762611128	-11226.4511718750	0.0000000000	19.0171164424	70.4874037816
17	26	5689076028406110073	8029882856898897762	4577602832628764871	11269829453656606974	-11226.7460937500	0.0000000000	29.5331492891	13.2308472052
14	23	6423494559006860906	15238012433641292203	8442418348352284046	15944526389372794353	-11226.8271484375	0.0000000000	32.1823087860	18.1378406754
5	3	11364101874875170124	13136219978582782769	7408518044896902452	18153113025383497136	-11227.1376953125	0.0000000000	54.8063134521	57.6409128313
4	31	2069402501119643584	15767696770331013607	808326359562835936	12838432537432922525	-11227.1933593750	0.0000000000	56.4487323947	9.5811895806
19	2	1253612228629062932	12980956238794167044	15535790426789948904	17261997813731094707	-11227.2607421875	0.0000000000	28.0550741053	71.2969740941
7	8	1907708025110167701	8916047823452606935	13167563344470713808	17382051543017259400	-11227.2763671875	0.0000000000	50.5360891799	41.2510743722
22	3	617586723319126522	13136219978582782769	654226523775815584	8786740666228098883	-11227.3095703125	0.0000000000	19.8755148799	57.8127878313
12	10	10194892126269310538	18349919653237969261	5085965612066427761	7806128286590662106	-11227.7177734375	0.0000000000	35.4715623236	39.3690284805
21	9	11214117775404256812	13077063049571320896	2320525930959872690	16727633893396687454	-11227.8251953125	0.0000000000	24.2814128502	39.6483826326
22	14	617586723319126522	6423494559006860906	11129150080784733085	18144757707193157924	-11227.9316406250	0.0000000000	20.4975851924	33.2868009735
7	18	1907708025110167701	16030136969698508910	2987446248226475215	6688617981385689518	-11227.9755859375	0.0000000000	51.2353079299	29.6400343992
21	5	11214117775404256812	11364101874875170124	9222043766447547287	15022533479656043036	-11228.0761718750	0.0000000000	24.5323894127	55.7447900146
22	23	617586723319126522	15238012433641292203	4521634339457446223	7181929370490693484	-11228.1093750000	0.0000000000	20.6753195674	19.4200672379
33	29	284684315073016383	14398537078556745867	257995212025948323	702707820597812779	-11228.1650390625	0.0000000000	5.8955454922	12.1166545999
16	15	11354232127007768028	11580906775826567448	7008705511288753664	11376649054740206804	-11228.1738281250	0.0000000000	32.4277320227	32.8707915147
3	13	13136219978582782769	15240768799881704423	3576660584217300765	15788246404919709976	-11228.4462890625	0.0000000000	58.9495065813	34.1042064144
1	34	1663944637883146712	14672701341454989337	10987795348383128624	14672701341454989337	-11228.8925781250	0.0000000000	73.8384609150	0.3484169592
1	24	1663944637883146712	10279634891113422966	171842392950543752	6767796818600045036	-11228.9443359375	0.0000000000	73.8902187275	18.0119721859
33	8	284684315073016383	8916047823452606935	284684315073016383	17148207053012796670	-11229.0175781250	0.0000000000	6.7480845547	42.9922853097
0	34	5444899062009725693	14672701341454989337	6225118095174639931	14672701341454989337	-11229.0625000000	0.0000000000	80.7578823683	0.5183388342
32	31	7951120196974632971	15767696770331013607	1422907767466784052	8943980186000703498	-11229.1064453125	0.0000000000	7.6598237008	11.4942755181
26	2	8029882856898897762	12980956238794167044	15619842659721751669	16747893162780814918	-11229.3242187500	0.0000000000	15.8089722052	73.3604506566
21	11	11214117775404256812	14470321411588657683	5141542612766656139	8126409316328285742	-11229.3271484375	0.0000000000	25.7833659752	37.1710113881
12	3	10194892126269310538	13136219978582782769	3529567986440446795	4105021922166621167	-11229.4169921875	0.0000000000	37.1707810736	59.9202097063
25	34	2355730244983573362	14672701341454989337	9322747814120759634	14672701341454989337	-11229.4746093750	0.0000000000	17.3523181587	0.9304482092
4	32	2069402501119643584	7951120196974632971	1422907767466784052	5606396332454668773	-11229.4892578125	0.0000000000	58.7446308322	8.0426362008
20	32	7725911544457183932	7951120196974632971	1870805771333851185	7951120196974632971	-11229.7031250000	0.0000000000	27.8552510706	8.2565033883
11	31	14470321411588657683	15767696770331013607	687254391806130645	16813895152784935592	-11229.9589843750	0.0000000000	37.8028473256	12.3468145806
24	2	10279634891113422966	12980956238794167044	7424929432194942650	12868891962071430833	-11230.3339843750	0.0000000000	19.4016206234	74.3702162816
33	6	284684315073016383	4796237258125298137	4755804216969308403	12658196385358761364	-11230.4199218750	0.0000000000	8.1504283047	55.8699143005
21	2	11214117775404256812	12980956238794167044	2456029051354924762	10744375376504357889	-11230.4707031250	0.0000000000	26.9269206627	74.5069350316
2	31	12980956238794167044	15767696770331013607	14362559117960923945	16658246749147628322	-11230.7958984375	0.0000000000	74.8321303441	13.1837286431
30	15	4593130431803895541	11580906775826567448	5114379699149570276	11955887567103765713	-11230.7978515625	0.0000000000	14.0053914998	35.4948149522
3	10	13136219978582782769	18349919653237969261	4146413682116598079	8214883123397535098	-11230.8007812500	0.0000000000	61.3039987688	42.4520362930
21	31	11214117775404256812	15767696770331013607	1485329042945166494	16658246749147628322	-11230.8095703125	0.0000000000	27.2657878502	13.1974005181
32	2	7951120196974632971	12980956238794167044	1311405028283825654	8552338527925665312	-11230.9414062500	0.0000000000	9.4947846383	74.9776381566
32	3	7951120196974632971	13136219978582782769	8552338527925665312	17869800674433755249	-11230.9414062500	0.0000000000	9.4947846383	61.4446237688
0	28	5444899062009725693	7957190595068679351	1699933976454536920	7986412182443736646	-11230.9599609375	0.0000000000	82.6553433058	15.3468770986
28	15	7957190595068679351	11580906775826567448	1699933976454536920	9492518250990200944	-11230.9599609375	0.0000000000	15.3468770986	35.6569243272
14	34	6423494559006860906	14672701341454989337	3279123338695162606	14672701341454989337	-11231.1123046875	0.0000000000	36.4674650360	2.5681435217
0	31	5444899062009725693	15767696770331013607	12753177404918529389	16813895152784935592	-11231.1728515625	0.0000000000	82.8682339308	13.5606817681
16	9	11354232127007768028	13077063049571320896	2051741607389333126	18389352438804036460	-11231.2431640625	0.0000000000	35.4970679602	43.0663513826
33	4	284684315073016383	2069402501119643584	12166067493210182664	12665663040888435141	-11231.4785156250	0.0000000000	9.2090220547	60.7338886447
7	21	1907708025110167701	11214117775404256812	8857741202807823886	12728564921415192984	-11231.8115234375	0.0000000000	55.0712454299	28.2677409752
22	1	617586723319126522	1663944637883146712	11740226208810393533	15759393354483582793	-11231.8251953125	0.0000000000	24.3911398799	76.7710781025
14	15	6423494559006860906	11580906775826567448	3034274024964858315	17957037947856038497	-11231.8496093750	0.0000000000	37.2047697235	36.5465727647
16	11	11354232127007768028	14470321411588657683	4839349718018061130	6359097732479371486	-11231.9375000000	0.0000000000	36.1914038977	39.7813629506
30	26	4593130431803895541	8029882856898897762	2676062266026372669	6576344733085220233	-11232.0605468750	0.0000000000	15.2680868123	18.5453003302
0	24	5444899062009725693	10279634891113422966	4245147842130561390	7332438887469286845	-11232.1083984375	0.0000000000	83.8037808058	21.1760346859
25	16	2355730244983573362	11354232127007768028	16201651553494757120	17144712966874428621	-11232.1230468750	0.0000000000	20.0007556587	36.3769507727
30	2	4593130431803895541	12980956238794167044	3236974868161497888	14806352722975958525	-11232.2177734375	0.0000000000	15.4253133748	76.2540053441
25	14	2355730244983573362	6423494559006860906	989654434113831665	15808898577744044627	-11232.4414062500	0.0000000000	20.3191150337	37.7965665985
24	3	10279634891113422966	13136219978582782769	7978822969924808028	10214790826955103498	-11232.4531250000	0.0000000000	21.5207612484	62.9563425188
1	11	1663944637883146712	14470321411588657683	11018076923711831897	16850312549769650653	-11232.5439453125	0.0000000000	77.4898281025	40.3878082631
20	3	7725911544457183932	13136219978582782769	13504298580212993798	16981293696239634549	-11232.8115234375	0.0000000000	30.9636495081	63.3147409563
7	26	1907708025110167701	8029882856898897762	968923134230324897	5423402465901466950	-11232.9453125000	0.0000000000	56.2050344924	19.4300659552
22	9	617586723319126522	13077063049571320896	7845418647532975820	10695926845021552626	-11232.9902343750	0.0000000000	25.5561789424	44.8134216951
5	13	11364101874875170124	15240768799881704423	7763372052686710381	16633608785861143308	-11233.1718750000	0.0000000000	60.8404931396	38.8297923519
22	6	617586723319126522	4796237258125298137	8503669797679975567	13201352447766144501	-11233.3769531250	0.0000000000	25.9428976924	58.8269455505
5	10	11364101874875170124	18349919653237969261	174504562695219832	12180863664200566443	-11233.4560546875	0.0000000000	61.1246728271	45.1073097305
22	8	617586723319126522	8916047823452606935	271252331870965819	10581986580251977519	-11233.4707031250	0.0000000000	26.0366476924	47.4454103097
1	25	1663944637883146712	2355730244983573362	17144712966874428621	18111923780331833618	-11233.6074218750	0.0000000000	78.5533046650	21.4851306587
11	13	14470321411588657683	15240768799881704423	1432182374879511141	7940988577869829561	-11233.6865234375	0.0000000000	41.5303863881	39.3444407894
33	3	284684315073016383	13136219978582782769	7996757650907810915	12166067493210182664	-11234.2353515625	0.0000000000	11.9658579922	64.7385690813
9	23	13077063049571320896	15238012433641292203	5480725569559302626	9190722048076797946	-11234.2900390625	0.0000000000	46.1132263826	25.6007313004
21	18	11214117775404256812	16030136969698508910	1485329042945166494	14013209207669704105	-11234.4023437500	0.0000000000	30.8585612877	36.0667922117
4	12	2069402501119643584	10194892126269310538	1488796819463934906	4570713808057868758	-11234.4648437500	0.0000000000	63.7202167697	42.2186326361
12	13	10194892126269310538	15240768799881704423	50829600525170806	5550572416291644997	-11234.6318359375	0.0000000000	42.3856248236	40.2897532894
33	31	284684315073016383	15767696770331013607	9717769800600959347	13367949264397657549	-11235.2001953125	0.0000000000	12.9307017422	17.5880255181
12	15	10194892126269310538	11580906775826567448	2842523532846232038	14700549335586517023	-11235.2558593750	0.0000000000	43.0096482611	39.9528227647
25	13	2355730244983573362	15240768799881704423	2543155079910806547	16564297042525995235	-11235.5927734375	0.0000000000	23.4704822212	41.2506907894
19	3	1253612228629062932	13136219978582782769	3995732094796948937	7585720602767276063	-11235.7050781250	0.0000000000	36.4994100428	66.2082956438
1	35	1663944637883146712	3605397794407870067	3605397794407870067	13824140927744053450	-11235.7480468750	0.0000000000	80.6939296650	1.9407282405
2	36	12980956238794167044	16671577117634170902	16671577117634170902	17867086211117510663	-11235.8066406250	0.0000000000	79.8428725316	0.9404628116
22	31	617586723319126522	15767696770331013607	5853986053350559777	16830991857501888174	-11236.0527343750	0.0000000000	28.6186789424	18.4405645806
4	15	2069402501119643584	11580906775826567448	12457721048564383012	13590849200097037715	-11236.2099609375	0.0000000000	65.4653339572	40.9069243272
33	22	284684315073016383	617586723319126522	16196235976090269742	16505338478883332566	-11236.5019531250	0.0000000000	14.2324595547	29.0678976924
3	36	13136219978582782769	16671577117634170902	12180218065969838386	16671577117634170902	-11236.6386718750	0.0000000000	67.1418893938	1.7724940616
33	0	284684315073016383	5444899062009725693	1303394291605681429	5462632187173937316	-11236.8564453125	0.0000000000	14.5869517422	88.5518276808
1	21	1663944637883146712	11214117775404256812	11937742074490755896	16059626898918084235	-11237.6269531250	0.0000000000	82.5728359150	34.0831706627
23	36	15238012433641292203	16671577117634170902	8003225451532922702	16671577117634170902	-11238.2001953125	0.0000000000	29.5108875504	3.3340174991
33	11	284684315073016383	14470321411588657683	4365035835167151179	9717769800600959347	-11238.3886718750	0.0000000000	16.1191783047	46.2325348256
14	21	6423494559006860906	11214117775404256812	5426422031953173436	6265393738023710780	-11238.4667968750	0.0000000000	43.8219572235	34.9230144127
15	9	11580906775826567448	13077063049571320896	5899900272524100127	10550091359467847862	-11238.5117187500	0.0000000000	43.2086821397	50.3349060701
4	26	2069402501119643584	8029882856898897762	1751042052080985186	6115993401416130063	-11238.7734375000	0.0000000000	68.0288105197	25.2581909552
22	16	617586723319126522	11354232127007768028	5271492331901341932	13851479214213341320	-11239.4130859375	0.0000000000	31.9790305049	43.6669898352
4	10	2069402501119643584	18349919653237969261	2811482605243303510	14687192745447498259	-11239.4257812500	0.0000000000	68.6811542697	51.0770362930
28	26	7957190595068679351	8029882856898897762	14508398621031809842	17524773967589443378	-11239.8593750000	0.0000000000	24.2462911611	26.3441284552
22	12	617586723319126522	10194892126269310538	9643545089971517430	13357048003231764332	-11239.9580078125	0.0000000000	32.5239523799	47.7117966986
25	11	2355730244983573362	14470321411588657683	7343490352618817758	9720151947756861856	-11240.4335937500	0.0000000000	28.3113025337	48.2774567006
7	12	1907708025110167701	10194892126269310538	3337729981893460441	9773110199605338673	-11240.4375000000	0.0000000000	63.6972219924	48.1912888861
14	10	6423494559006860906	18349919653237969261	15845621092827317131	17302249476974409135	-11240.5361328125	0.0000000000	45.8912931610	52.1873878555
34	23	14672701341454989337	15238012433641292203	5423987084444126274	9078421912414322180	-11240.7050781250	0.0000000000	12.1609169592	32.0157703629
25	15	2355730244983573362	11580906775826567448	8195007621436676498	17273354686171657633	-11240.9677734375	0.0000000000	28.8454822212	45.6647368272
39	14	3901322641396918766	6423494559006860906	3901322641396918766	4131972253103208658	-11240.9960937500	0.0000000000	0.1701642495	46.3512540985
33	2	284684315073016383	12980956238794167044	2744061926743712155	9717769800600959347	-11241.1904296875	0.0000000000	18.9209361172	85.2266615941
4	5	2069402501119643584	11364101874875170124	3650812975211205613	13072253025458490476	-11241.4199218750	0.0000000000	70.6752948947	69.0885400146
3	29	13136219978582782769	14398537078556745867	10561000168650423642	18185381810214073313	-11241.4355468750	0.0000000000	71.9387643938	25.3871624124
8	38	8916047823452606935	16609698565151302728	13419971025354193136	16609698565151302728	-11241.5498046875	0.0000000000	55.5245118722	1.0232259549
35	6	3605397794407870067	4796237258125298137	3605397794407870067	16450459011575300879	-11241.6074218750	0.0000000000	7.8001032405	67.0574143005
11	40	14470321411588657683	17801238983892761428	17801238983892761428	18316658780963812202	-11241.6259765625	0.0000000000	49.4698395131	0.5453907954
33	7	284684315073016383	1907708025110167701	5082791751148320101	13040669651686064650	-11241.8896484375	0.0000000000	19.6201548672	65.1493704299
18	38	16030136969698508910	16609698565151302728	9541338697109344926	16609698565151302728	-11242.4765625000	0.0000000000	44.1410109617	1.9499837674
9	38	13077063049571320896	16609698565151302728	6780809169436177688	16609698565151302728	-11242.7871093750	0.0000000000	54.6102966951	2.2605306424
19	29	1253612228629062932	14398537078556745867	9773788218913070191	15641593643615235803	-11243.3779296875	0.0000000000	44.1722616053	27.3295452249
1	42	1663944637883146712	16081333699103848725	14851596626934636571	16081333699103848725	-11243.6826171875	0.0000000000	88.6284999775	0.2582893089
5	15	11364101874875170124	11580906775826567448	14053481893843840195	15787235004950317069	-11243.8027343750	0.0000000000	71.4713525146	48.4996977647
14	24	6423494559006860906	10279634891113422966	1339530393424099642	17071899308775674600	-11243.8251953125	0.0000000000	49.1803556610	32.8928315609
22	4	617586723319126522	2069402501119643584	1175447036324754616	6289983420117738423	-11243.8759765625	0.0000000000	36.4419211299	73.1313495822
24	16	10279634891113422966	11354232127007768028	3046563718231587316	11139075698734110146	-11244.0810546875	0.0000000000	33.1486909359	48.3349585852
11	37	14470321411588657683	17936684524565804342	8885064124414948553	17936684524565804342	-11244.0947265625	0.0000000000	51.9385895131	3.6682916045
35	0	3605397794407870067	5444899062009725693	13069498901820425214	18235786553388362612	-11244.1796875000	0.0000000000	10.3723688655	95.8750698683
39	11	3901322641396918766	14470321411588657683	3901322641396918766	11408395071766720539	-11244.2568359375	0.0000000000	3.4309064370	52.1006988881
7	17	1907708025110167701	5689076028406110073	9717691556068925689	16223095747971124996	-11244.5986328125	0.0000000000	67.8583548049	47.3856883516
0	36	5444899062009725693	16671577117634170902	4921376615988531512	10757195642902039410	-11244.7949218750	0.0000000000	96.4903042433	9.9287440616
11	36	14470321411588657683	16671577117634170902	4921376615988531512	12873114555483064000	-11244.7949218750	0.0000000000	52.6387848256	9.9287440616
9	10	13077063049571320896	18349919653237969261	137242318344247155	8786481553958629131	-11244.9707031250	0.0000000000	56.7938904451	56.6219581680
12	37	10194892126269310538	17936684524565804342	12821102489320337230	17936684524565804342	-11244.9921875000	0.0000000000	52.7459763861	4.5657525420
12	29	10194892126269310538	14398537078556745867	14891524095612438674	16084106055211561137	-11245.0068359375	0.0000000000	52.7606248236	28.9584514749
12	23	10194892126269310538	15238012433641292203	211627454119244254	4683822276680010787	-11245.0273437500	0.0000000000	52.7811326361	36.3380359879
19	44	1253612228629062932	15578315128438475316	7553090759551728775	15578315128438475316	-11245.1337890625	0.0000000000	45.9281209803	0.0966394278
22	27	617586723319126522	10673404053386457034	8630562958321498273	12277078892803405193	-11245.1835937500	0.0000000000	37.7495383174	30.5133387997
33	21	284684315073016383	11214117775404256812	7918520923429866239	13608648409793147100	-11245.1992187500	0.0000000000	22.9297251797	41.6554362877
16	5	11354232127007768028	11364101874875170124	5705193778702438569	7422336064633150789	-11245.4355468750	0.0000000000	49.6894507727	73.1041650146
23	40	15238012433641292203	17801238983892761428	1562957968440987739	17801238983892761428	-11245.5771484375	0.0000000000	36.8878406754	4.4965626704
12	44	10194892126269310538	15578315128438475316	3127932795997201344	15578315128438475316	-11245.6083984375	0.0000000000	53.3621873236	0.5712488028
3	38	13136219978582782769	16609698565151302728	12443428805784477940	16609698565151302728	-11245.6816406250	0.0000000000	76.1848581438	5.1550618924
0	43	5444899062009725693	5936153805368291701	657037822774622886	5936153805368291701	-11245.7216796875	0.0000000000	97.4170620558	2.2815870125
1	37	1663944637883146712	17936684524565804342	7846981954986639196	9495609029093264851	-11246.0556640625	0.0000000000	91.0015468525	5.6292291045
7	11	1907708025110167701	14470321411588657683	1594231971739598367	4406556525947047865	-11246.0830078125	0.0000000000	69.3427298049	53.9268707631
0	40	5444899062009725693	17801238983892761428	9502203071209135595	17801238983892761428	-11246.2333984375	0.0000000000	97.9287808058	5.1528126704
41	45	9579809222269879952	16751348948062680868	13857750560057381615	16751348948062680868	-11246.3232421875	0.0000000000	4.6500007777	0.4697338076
1	41	1663944637883146712	9579809222269879952	9579809222269879952	15311159758041571402	-11246.3417968750	0.0000000000	91.2876796650	4.6685554652
32	8	7951120196974632971	8916047823452606935	2568707736780196171	8408277866441506633	-11246.6201171875	0.0000000000	25.1734955758	60.5948243722
32	9	7951120196974632971	13077063049571320896	8408277866441506633	12960257255680871093	-11246.6201171875	0.0000000000	25.1734955758	58.4433045076
20	31	7725911544457183932	15767696770331013607	1870805771333851185	12509337890068484440	-11246.6269531250	0.0000000000	44.7790791956	29.0147833306
3	42	13136219978582782769	16081333699103848725	16081333699103848725	16423261283268166236	-11246.9775390625	0.0000000000	77.4807565813	3.5532111839
7	25	1907708025110167701	2355730244983573362	9351146237542625118	17952185695877686886	-11247.2802734375	0.0000000000	70.5399954299	35.1579822212
25	42	2355730244983573362	16081333699103848725	3215897915979797572	16081333699103848725	-11247.5175781250	0.0000000000	35.3952869087	4.0932502464
5	11	11364101874875170124	14470321411588657683	11539347951481566437	11901710934917856919	-11247.5214843750	0.0000000000	75.1901025146	55.3653473256
0	38	5444899062009725693	16609698565151302728	4409299222155713043	9347415426293495418	-11247.7314453125	0.0000000000	99.4268276808	7.2048665799
41	16	9579809222269879952	11354232127007768028	9579809222269879952	13242675134703943527	-11247.8007812500	0.0000000000	6.1275398402	52.0546851477
3	31	13136219978582782769	15767696770331013607	10156803712798581672	17856979047042631755	-11248.0322265625	0.0000000000	78.5354440813	30.4200567681
39	2	3901322641396918766	12980956238794167044	3901322641396918766	16880003053889234043	-11248.0800781250	0.0000000000	7.2541486245	92.1163100316
30	9	4593130431803895541	13077063049571320896	9065020895311140775	14983156857103473891	-11248.1425781250	0.0000000000	31.3501180623	59.9657654451
12	18	10194892126269310538	16030136969698508910	864971325735323212	16958275983054041429	-11248.1904296875	0.0000000000	55.9442185736	49.8548781492
43	26	5936153805368291701	8029882856898897762	12473670943055328214	15904824199651396886	-11248.4384765625	0.0000000000	4.9983838875	34.9232300177
6	37	4796237258125298137	17936684524565804342	7520823133452337434	8329381308354993879	-11248.4814453125	0.0000000000	73.9314377380	8.0550103545
39	18	3901322641396918766	16030136969698508910	3901322641396918766	8920700465109999694	-11248.6376953125	0.0000000000	7.8117658120	50.3021437742
6	5	4796237258125298137	11364101874875170124	1115167677674629070	6481535596894177480	-11248.6933593750	0.0000000000	74.1433518005	76.3619775146
1	43	1663944637883146712	5936153805368291701	3647973457472980890	15904824199651396886	-11248.7685546875	0.0000000000	93.7144374775	5.3284620125
19	37	1253612228629062932	17936684524565804342	10017078822154313599	11458088038222278954	-11249.0800781250	0.0000000000	49.8744100428	8.6536431670
20	8	7725911544457183932	8916047823452606935	2077641495885147315	17839865449299285909	-11249.1093750000	0.0000000000	47.2615010706	63.0840821847
20	9	7725911544457183932	13077063049571320896	6855677402104523360	14000203220450196403	-11249.1445312500	0.0000000000	47.2966573206	60.9677185701
14	29	6423494559006860906	14398537078556745867	10659654522000327230	10914097433823925456	-11249.3984375000	0.0000000000	54.7535978485	33.3500530374
41	11	9579809222269879952	14470321411588657683	2171157679637199657	17165982903743281538	-11249.4736328125	0.0000000000	7.8003914027	57.3174957631
25	40	2355730244983573362	17801238983892761428	11283330899162458939	11808683797965968721	-11249.4765625000	0.0000000000	37.3542712837	8.3959767329
22	38	617586723319126522	16609698565151302728	4409299222155713043	12465613683120552520	-11249.4863281250	0.0000000000	42.0522726924	8.9597493924
29	37	14398537078556745867	17936684524565804342	6875255142798917690	8771079056554413680	-11249.6953125000	0.0000000000	33.6469280374	9.2688775420
6	40	4796237258125298137	17801238983892761428	8908719190512340772	14785054363271257482	-11249.7158203125	0.0000000000	75.1658127380	8.6352345454
29	40	14398537078556745867	17801238983892761428	14785054363271257482	16758871832920594850	-11249.7158203125	0.0000000000	33.6674358499	8.6352345454
36	10	16671577117634170902	18349919653237969261	3557683504824886280	10617502985167172563	-11249.7607421875	0.0000000000	14.8945643741	61.4119972305
0	44	5444899062009725693	15578315128438475316	2394528112851977119	15020107153709852549	-11249.8818359375	0.0000000000	101.5772183058	4.8446863028
22	19	617586723319126522	1253612228629062932	3873369068470799912	14711077188747504151	-11250.1044921875	0.0000000000	42.6704367549	50.8988241053
43	8	5936153805368291701	8916047823452606935	3173235334705507963	9837817145318039836	-11250.1777343750	0.0000000000	6.7376417000	64.1524415597
31	18	15767696770331013607	16030136969698508910	3551445728788660429	8873503429099061941	-11250.2607421875	0.0000000000	32.6485723931	51.9251906492
25	9	2355730244983573362	13077063049571320896	74401521981868987	5750090427793640396	-11250.3330078125	0.0000000000	38.2107165962	62.1561951326
14	37	6423494559006860906	17936684524565804342	6937670760750770139	13861937407357563974	-11250.6083984375	0.0000000000	55.9635587860	10.1819634795
35	43	3605397794407870067	5936153805368291701	2747889256541738930	13203060376655945191	-11250.8085937500	0.0000000000	17.0012751155	7.3685010750
4	30	2069402501119643584	4593130431803895541	8071860630517435460	11171217902867293066	-11250.8466796875	0.0000000000	80.1020527072	34.0542196248
15	23	11580906775826567448	15238012433641292203	8781244906649725415	16127893493009119107	-11251.1005859375	0.0000000000	55.7975493272	42.4112781754
4	21	2069402501119643584	11214117775404256812	3056601946861221345	4390309670101586193	-11251.2958984375	0.0000000000	80.5512714572	47.7521159752
30	32	4593130431803895541	7951120196974632971	5939209833569654369	17789012752793518586	-11251.3378906250	0.0000000000	34.5454305623	29.8912690133
14	45	6423494559006860906	16751348948062680868	3957374905729453482	14217369535305514157	-11251.3828125000	0.0000000000	56.7379728485	5.5293041201
0	37	5444899062009725693	17936684524565804342	10291455196124063892	12457107157769285501	-11251.4003906250	0.0000000000	103.0957729933	10.9739556670
18	10	16030136969698508910	18349919653237969261	16133650503897898952	18271329555546483643	-11251.5439453125	0.0000000000	53.2083937742	63.1952003555
0	41	5444899062009725693	9579809222269879952	9898562597068788209	13103007278012056653	-11251.6054687500	0.0000000000	103.3008511183	9.9322273402
17	5	5689076028406110073	11364101874875170124	612650979873512643	12219790622868859998	-11251.6259765625	0.0000000000	54.4130321016	79.2945947021
8	15	8916047823452606935	11580906775826567448	5911309912445164289	6480365067693784230	-11251.8203125000	0.0000000000	65.7950196847	56.5172758897
24	9	10279634891113422966	13077063049571320896	1022347978178723523	9801652388835476735	-11251.8330078125	0.0000000000	40.9006440609	63.6561951326
14	41	6423494559006860906	9579809222269879952	6238967585621921264	13857750560057381615	-11252.0263671875	0.0000000000	57.3815275360	10.3531257777
21	3	11214117775404256812	13136219978582782769	6243431631982899880	14236076640819675257	-11252.3017578125	0.0000000000	48.7579753502	82.8049753313
9	37	13077063049571320896	17936684524565804342	4282607943542770068	5422444549344709413	-11252.3427734375	0.0000000000	64.1659607576	11.9163384795
6	14	4796237258125298137	6423494559006860906	3356081495240904201	4225911123827242578	-11252.5917968750	0.0000000000	78.0417893005	57.9469572235
8	21	8916047823452606935	11214117775404256812	5433699218629043563	9903217604084045123	-11252.7500000000	0.0000000000	66.7247071847	49.2062175377
1	45	1663944637883146712	16751348948062680868	12438124313107283980	12959274550564125402	-11252.7666015625	0.0000000000	97.7124843525	6.9130931826
30	3	4593130431803895541	13136219978582782769	2264180510823304850	14152470886729235012	-11252.8701171875	0.0000000000	36.0776571248	83.3733347063
29	18	14398537078556745867	16030136969698508910	4191969318572903498	15632451665321944126	-11252.9042968750	0.0000000000	36.8559124124	54.5687453367
22	32	617586723319126522	7951120196974632971	7264972918383626404	15348792752733417190	-11252.9941406250	0.0000000000	45.5600851924	31.5475190133
1	36	1663944637883146712	16671577117634170902	9330120210132537120	15248869751627839601	-11253.3613281250	0.0000000000	98.3072109150	18.4951503116
16	34	11354232127007768028	14672701341454989337	2334578512237942696	8968354015279235615	-11253.4824218750	0.0000000000	57.7363257727	24.9382607092
41	37	9579809222269879952	17936684524565804342	5768190078179957596	17237876190702665795	-11253.6601562500	0.0000000000	11.9869148402	13.2337212920
1	29	1663944637883146712	14398537078556745867	8974266002577781954	12690244505715583287	-11253.8232421875	0.0000000000	98.7691249775	37.7748577249
6	32	4796237258125298137	7951120196974632971	12446400082256849704	16763877921036522998	-11253.9531250000	0.0000000000	79.4031174255	32.5065033883
39	0	3901322641396918766	5444899062009725693	8703278625367893575	9946437877779826389	-11254.0878906250	0.0000000000	13.2619611245	105.7832729933
41	23	9579809222269879952	15238012433641292203	1263248820434474047	8007533361129540074	-11254.1250000000	0.0000000000	12.4517585902	45.4356922379
6	31	4796237258125298137	15767696770331013607	284713959019255884	2637437055830686312	-11254.1396484375	0.0000000000	79.5896408630	36.5274786431
43	14	5936153805368291701	6423494559006860906	266575768035122317	4520941383544554968	-11254.1582031250	0.0000000000	10.7181104500	59.5133634735
35	15	3605397794407870067	11580906775826567448	13069498901820425214	16044875927038461930	-11254.1855468750	0.0000000000	20.3782282405	58.8825102647
26	18	8029882856898897762	16030136969698508910	5129981285805267598	8838572465506212305	-11254.2324218750	0.0000000000	40.7171753302	55.8968703367
22	20	617586723319126522	7725911544457183932	1183819805547215887	9397445856712422979	-11254.2333984375	0.0000000000	46.7993430049	52.3855245081
33	19	284684315073016383	1253612228629062932	3072803077310461991	11458088038222278954	-11254.3447265625	0.0000000000	32.0752329922	55.1390584803
46	12	1553997956211202867	10194892126269310538	1553997956211202867	6534613236118917394	-11254.3574218750	0.0000000000	1.1313602976	62.1112107611
19	43	1253612228629062932	5936153805368291701	3173235334705507963	14983137611797186017	-11254.6083984375	0.0000000000	55.4027303553	11.1683057625
14	3	6423494559006860906	13136219978582782769	12816889628155831661	15099530962429971726	-11254.6562500000	0.0000000000	60.0114103485	85.1594675188
33	25	284684315073016383	2355730244983573362	8512650604948675106	16453088399985669205	-11254.7080078125	0.0000000000	32.4385142422	42.5857165962
41	2	9579809222269879952	12980956238794167044	1692347618283407161	8696040457725753975	-11254.7109375000	0.0000000000	13.0376960902	98.7471694066
7	6	1907708025110167701	4796237258125298137	11553562527110218173	17696547058233982484	-11254.8925781250	0.0000000000	78.1523001174	80.3425705505
2	34	12980956238794167044	14672701341454989337	1665355155416575574	10022790480344835643	-11254.9433593750	0.0000000000	98.9795912816	26.3991982092
17	43	5689076028406110073	5936153805368291701	5779737709111381036	16571494828986553407	-11255.0517578125	0.0000000000	57.8388133516	11.6116651375
33	18	284684315073016383	16030136969698508910	12468904308893343535	16230795056011120166	-11255.0820312500	0.0000000000	32.8125376797	56.7464797117
35	2	3605397794407870067	12980956238794167044	737348398578515601	7478045313299810462	-11255.2841796875	0.0000000000	21.4768610530	99.3204115941
0	42	5444899062009725693	16081333699103848725	3153914321253707574	15400684244293983398	-11255.3017578125	0.0000000000	106.9971401808	11.8774299339
25	32	2355730244983573362	7951120196974632971	4191739616994128432	15448564954766723640	-11255.3164062500	0.0000000000	43.1941150337	33.8697846383
30	17	4593130431803895541	5689076028406110073	3435936876539980003	8071860630517435460	-11255.3251953125	0.0000000000	38.5327352498	58.1122508516
6	16	4796237258125298137	11354232127007768028	16294091311102686851	17240608863684654520	-11255.4169921875	0.0000000000	80.8669846130	59.6708960852
41	12	9579809222269879952	10194892126269310538	9955144915313491202	10154597823450943979	-11255.4257812500	0.0000000000	13.7525398402	63.1795701361
4	37	2069402501119643584	17936684524565804342	2837165652190750546	12758905734771499361	-11255.8437500000	0.0000000000	85.0991230197	15.4173150420
1	28	1663944637883146712	7957190595068679351	9377274294992583801	10312191152683907404	-11256.0332031250	0.0000000000	100.9790859150	40.4201192861
7	9	1907708025110167701	13077063049571320896	5643009184610792001	12687842698992417644	-11256.0429687500	0.0000000000	79.3026907424	67.8661560701
22	5	617586723319126522	11364101874875170124	11273664897897819374	13958007699892150641	-11256.2656250000	0.0000000000	48.8315695674	83.9342431396
22	40	617586723319126522	17801238983892761428	2269862677983525507	14785054363271257482	-11256.3486328125	0.0000000000	48.9145773799	15.2680470454
14	26	6423494559006860906	8029882856898897762	1775661071089215990	6662260937691265069	-11256.4423828125	0.0000000000	61.7975431610	42.9271362677
33	37	284684315073016383	17936684524565804342	6875255142798917690	12347101078803643774	-11256.4619140625	0.0000000000	34.1924204922	16.0354791045
2	45	12980956238794167044	16751348948062680868	82624036495615372	15007654198375840883	-11256.4765625000	0.0000000000	100.5127944066	10.6230541201
26	8	8029882856898897762	8916047823452606935	6456405182642021646	10096216222470970599	-11256.5312500000	0.0000000000	43.0160034552	70.5059571847
7	23	1907708025110167701	15238012433641292203	11673303031708660736	17572847742284614160	-11256.5361328125	0.0000000000	79.7958548049	47.8468250504
35	8	3605397794407870067	8916047823452606935	6135296120885666037	10049468715782838470	-11256.5458984375	0.0000000000	22.7385798030	70.5206056222
29	23	14398537078556745867	15238012433641292203	6223936117962053781	18041914439260369719	-11256.9082031250	0.0000000000	40.8598186624	48.2188953629
33	46	284684315073016383	1553997956211202867	977302298165591143	1553997956211202867	-11257.1259765625	0.0000000000	34.8564829922	3.8999149851
11	38	14470321411588657683	16609698565151302728	4735590997017998163	17900748388504397878	-11257.3066406250	0.0000000000	65.1505035756	16.7800618924
43	12	5936153805368291701	10194892126269310538	4621131563226219296	17929577449934603263	-11257.3076171875	0.0000000000	13.8675245125	65.0614060736
30	20	4593130431803895541	7725911544457183932	2233987059387145030	15228811813340161765	-11257.5410156250	0.0000000000	40.7485555623	55.6931416956
17	9	5689076028406110073	13077063049571320896	188010125012504261	1250235542540884824	-11257.7001953125	0.0000000000	60.4872508516	69.5233826326
16	3	11354232127007768028	13136219978582782769	3740951739405524140	4462360080653405140	-11258.4277343750	0.0000000000	62.6816382727	88.9309518938
43	18	5936153805368291701	16030136969698508910	655660882034445227	5675790383056979275	-11258.5068359375	0.0000000000	15.0667432625	60.1712843992
46	8	1553997956211202867	8916047823452606935	1553997956211202867	16003094239093874385	-11258.5166015625	0.0000000000	5.2905399851	72.4913087472
33	17	284684315073016383	5689076028406110073	7223591401017597516	7575109458277481370	-11258.5800781250	0.0000000000	36.3105845547	61.3671336641
9	40	13077063049571320896	17801238983892761428	6596538260151234805	11409597047737821897	-11258.7724609375	0.0000000000	70.5956482576	17.6918751704
17	14	5689076028406110073	6423494559006860906	7721649332517109500	9619076258830553671	-11258.8623046875	0.0000000000	61.6493602266	64.2174650360
39	16	3901322641396918766	11354232127007768028	4505592753830162306	6295782873163597913	-11258.8701171875	0.0000000000	18.0441876870	63.1240210852
46	6	1553997956211202867	4796237258125298137	2764153924021105731	9291944451911257858	-11259.1494140625	0.0000000000	5.9233524851	84.5994064880
46	11	1553997956211202867	14470321411588657683	1553997956211202867	17591842568046780760	-11259.5507812500	0.0000000000	6.3247196726	67.3946442006
5	45	11364101874875170124	16751348948062680868	9519845973329613875	16496855696870932533	-11259.7626953125	0.0000000000	87.4313134521	13.9091869326
15	11	11580906775826567448	14470321411588657683	614112184485930365	933216910925606543	-11260.0419921875	0.0000000000	64.7389555772	67.8858551381
14	36	6423494559006860906	16671577117634170902	6738493683164251515	9656382145992859746	-11260.0830078125	0.0000000000	65.4381681610	25.2168299991
4	36	2069402501119643584	16671577117634170902	5742046226791583179	10363875789331567468	-11260.2500000000	0.0000000000	89.5053730197	25.3838221866
19	42	1253612228629062932	16081333699103848725	3325274107101302261	15400684244293983398	-11260.3359375000	0.0000000000	61.1302694178	16.9116096214
6	20	4796237258125298137	7725911544457183932	9482358413648876726	9678452498835057149	-11260.4511718750	0.0000000000	85.9011643005	58.6032979456
25	20	2355730244983573362	7725911544457183932	2477802419525476943	8127728842433915216	-11260.4775390625	0.0000000000	48.3552478462	58.6296651331
11	44	14470321411588657683	15578315128438475316	1730597178392119734	11289703935574540807	-11260.5263671875	0.0000000000	68.3702301381	15.4892175528
18	40	16030136969698508910	17801238983892761428	2830361669491253116	9507229673197601167	-11260.8720703125	0.0000000000	62.5365187742	19.7914845454
38	40	16609698565151302728	17801238983892761428	4735590997017998163	9507229673197601167	-11260.8720703125	0.0000000000	20.3454915799	19.7914845454
18	45	16030136969698508910	16751348948062680868	5520355538662676909	15045564744019077754	-11260.9580078125	0.0000000000	62.6224562742	15.1044994326
17	32	5689076028406110073	7951120196974632971	1175302614243711148	2285866312067944972	-11261.0019531250	0.0000000000	63.7890086641	39.5553315133
25	41	2355730244983573362	9579809222269879952	7082666615212034231	15784349719585368115	-11261.3105468750	0.0000000000	49.1882556587	19.6373054652
13	40	15240768799881704423	17801238983892761428	2653151049373797986	11283330899162458939	-11261.3496093750	0.0000000000	67.0075267269	20.2690236079
7	14	1907708025110167701	6423494559006860906	14452526050707382190	14529833142876459609	-11261.3574218750	0.0000000000	84.6171438674	66.7125822235
0	45	5444899062009725693	16751348948062680868	1204445365514498833	9519845973329613875	-11261.4306640625	0.0000000000	113.1260464308	15.5771556826
14	42	6423494559006860906	16081333699103848725	7687290799110571717	9073316014913960158	-11261.4667968750	0.0000000000	66.8219572235	18.0424689964
4	23	2069402501119643584	15238012433641292203	10466411112195955148	18275529597710347272	-11261.7011718750	0.0000000000	90.9565448947	53.0118641129
14	44	6423494559006860906	15578315128438475316	6048764294625230579	15953092741390848160	-11261.8496093750	0.0000000000	67.2047697235	16.8124597403
31	37	15767696770331013607	17936684524565804342	12105432624286784256	13817573203078083657	-11261.9238281250	0.0000000000	44.3116583306	21.4973931670
21	29	11214117775404256812	14398537078556745867	7998207361978581879	11240648030832497365	-11262.0458984375	0.0000000000	58.5021159752	45.9975139749
17	8	5689076028406110073	8916047823452606935	2211540270693843451	12886700556467935530	-11262.1982421875	0.0000000000	64.9852977266	76.1729493722
33	28	284684315073016383	7957190595068679351	9794770684881790566	16955554218893923472	-11262.2470703125	0.0000000000	39.9775767422	46.6339864736
46	0	1553997956211202867	5444899062009725693	686884975974215286	3656477124481231116	-11262.3212890625	0.0000000000	9.0952274851	114.0166714308
8	40	8916047823452606935	17801238983892761428	9507229673197601167	9691326748588003093	-11262.3339843750	0.0000000000	76.3086915597	21.2533986079
26	12	8029882856898897762	10194892126269310538	8240870367445585981	18336333334981564737	-11262.5244140625	0.0000000000	49.0091675177	70.2782029486
1	47	1663944637883146712	11133436841038152028	3585445449688922583	12948450055602224915	-11262.6601562500	0.0000000000	107.6060390400	1.7476780986
32	18	7951120196974632971	16030136969698508910	9014423612063153003	10223591495987006626	-11262.6669921875	0.0000000000	41.2203705758	64.3314406492
19	25	1253612228629062932	2355730244983573362	919953238324835093	13929921889976911563	-11262.6904296875	0.0000000000	63.4847616053	50.5681384712
47	45	11133436841038152028	16751348948062680868	7734965995337929223	9420735127176788876	-11262.8310546875	0.0000000000	1.9185765361	16.9775463076
6	17	4796237258125298137	5689076028406110073	3500695248048378715	6569465411885557074	-11262.8759765625	0.0000000000	88.3259689880	65.6630321016
22	47	617586723319126522	11133436841038152028	9668385046827912512	11133436841038152028	-11262.8974609375	0.0000000000	55.4634055049	1.9849827861
19	31	1253612228629062932	15767696770331013607	1370356853449849010	17637465130869653784	-11263.0488281250	0.0000000000	63.8431600428	45.4366583306
20	23	7725911544457183932	15238012433641292203	10988406598632707709	16212095345438431806	-11263.0771484375	0.0000000000	61.2292745081	54.3878406754
28	2	7957190595068679351	12980956238794167044	9465455604579476826	12078825126375654536	-11263.1171875000	0.0000000000	47.5041036611	107.1534194066
19	26	1253612228629062932	8029882856898897762	258124203738337284	12288617893192187504	-11263.1689453125	0.0000000000	63.9632772303	49.6536987677
22	13	617586723319126522	15240768799881704423	10487599666303677351	16948741055539410297	-11263.3007812500	0.0000000000	55.8667258174	68.9586986019
4	13	2069402501119643584	15240768799881704423	2714547079652019251	15043171291577274732	-11263.5488281250	0.0000000000	92.8042011447	69.2067454769
12	31	10194892126269310538	15767696770331013607	6075507959971918565	7561312575161418816	-11263.5703125000	0.0000000000	71.3241013861	45.9581427056
43	16	5936153805368291701	11354232127007768028	1934509297617120811	17786046688966188116	-11263.6572265625	0.0000000000	20.2171338875	67.9111304602
43	2	5936153805368291701	12980956238794167044	3643261676157871352	16506226117572919881	-11263.8388671875	0.0000000000	20.3987745125	107.8750990941
25	21	2355730244983573362	11214117775404256812	11657378809928107863	13394872355755672898	-11263.8662109375	0.0000000000	51.7439197212	60.3224284752
19	10	1253612228629062932	18349919653237969261	2550825806318312464	5441161065570773436	-11263.9121093750	0.0000000000	64.7064412928	75.5633644180
31	38	15767696770331013607	16609698565151302728	3921425672521866993	10096936841431960050	-11264.2060546875	0.0000000000	46.5938848931	23.6794759549
33	12	284684315073016383	10194892126269310538	2472846826833602224	2854527270333002296	-11264.2421875000	0.0000000000	41.9726939297	71.9959763861
20	26	7725911544457183932	8029882856898897762	9822856124720670686	10110109130744335589	-11264.3085937500	0.0000000000	62.4607198206	50.7933472052
30	18	4593130431803895541	16030136969698508910	812312620503533975	3434082226411247503	-11264.3232421875	0.0000000000	47.5307821248	65.9876906492
22	42	617586723319126522	16081333699103848725	12856799862926260231	13230397241790944045	-11264.3750000000	0.0000000000	56.9409445674	20.9506721214
25	12	2355730244983573362	10194892126269310538	6474707122881958564	18131570287525458073	-11264.4003906250	0.0000000000	52.2780994087	72.1541795111
1	48	1663944637883146712	5558405027835075592	5558405027835075592	9003760626841031019	-11264.4111328125	0.0000000000	109.3570156025	2.0991508630
47	11	11133436841038152028	14470321411588657683	7734965995337929223	14842414937300216274	-11264.4960937500	0.0000000000	3.5836155986	72.3399567006
8	24	8916047823452606935	10279634891113422966	3810430477629549176	4741533735625863464	-11264.6093750000	0.0000000000	78.5840821847	53.6770112484
46	4	1553997956211202867	2069402501119643584	13526686543391648176	14833289812417884704	-11264.9316406250	0.0000000000	11.7055790476	94.1870136447
3	40	13136219978582782769	17801238983892761428	6018989053113019606	9507229673197601167	-11265.0820312500	0.0000000000	95.5852487688	24.0014454829
8	37	8916047823452606935	17936684524565804342	1629183168008201489	15659316423139662991	-11265.1191406250	0.0000000000	79.0938478097	24.6927056670
25	31	2355730244983573362	15767696770331013607	3567137099378186446	13811812555636611368	-11265.2216796875	0.0000000000	53.0993884712	47.6095098931
25	29	2355730244983573362	14398537078556745867	2857161541757695284	15134995252861556107	-11265.3398437500	0.0000000000	53.2175525337	49.2914592874
0	50	5444899062009725693	12348283314810212724	12348283314810212724	15393953320536695919	-11265.6025390625	0.0000000000	117.2979214308	0.6430409207
25	10	2355730244983573362	18349919653237969261	12460645036766336393	18422964210804060899	-11265.6494140625	0.0000000000	53.5271228462	77.3006691055
26	5	8029882856898897762	11364101874875170124	3257325607498868350	8240870367445585981	-11265.6552734375	0.0000000000	52.1400268927	93.3238915771
25	8	2355730244983573362	8916047823452606935	9091590437855375530	9769119744660801931	-11265.6611328125	0.0000000000	53.5388415962	79.6358399972
4	14	2069402501119643584	6423494559006860906	6029258020764433355	10316472759007427639	-11265.7617187500	0.0000000000	95.0170917697	71.1168790985
7	5	1907708025110167701	11364101874875170124	1179304178943545666	6200790734750799389	-11265.9306640625	0.0000000000	89.1903860549	93.5992822021
0	49	5444899062009725693	10881988649276130027	9264331889033208271	10881988649276130027	-11266.0527343750	0.0000000000	117.7481167433	2.4034029091
50	3	12348283314810212724	13136219978582782769	12348283314810212724	14138947019158177111	-11266.0683593750	0.0000000000	1.1088612332	96.5715768938
6	43	4796237258125298137	5936153805368291701	13617964594195900336	16846213455076171794	-11266.1230468750	0.0000000000	91.5730393005	22.6829542000
4	48	2069402501119643584	5558405027835075592	3742058356760901761	5558405027835075592	-11266.1542968750	0.0000000000	95.4096698947	3.8423149255
27	11	10673404053386457034	14470321411588657683	5416830267767818241	13614237784639133483	-11266.1679687500	0.0000000000	51.4977137997	74.0118317006
33	47	284684315073016383	11133436841038152028	10048680343189795417	11133436841038152028	-11266.2392578125	0.0000000000	43.9697642422	5.3267796611
16	45	11354232127007768028	16751348948062680868	9354686179298610048	16805988099707175165	-11266.2998046875	0.0000000000	70.5537085852	20.4462963076
17	10	5689076028406110073	18349919653237969261	1552215564828903219	1830770051008958996	-11266.4589843750	0.0000000000	69.2460399141	78.1102394180
9	45	13077063049571320896	16751348948062680868	12022194534725876687	15045564744019077754	-11266.4882812500	0.0000000000	78.3114685701	20.6347728701
4	35	2069402501119643584	3605397794407870067	12440405269217001596	13427378243894322402	-11266.5029296875	0.0000000000	95.7583027072	32.6956110530
5	23	11364101874875170124	15238012433641292203	1928132270283375518	16340946718603342922	-11266.5244140625	0.0000000000	94.1930322021	57.8351063004
22	45	617586723319126522	16751348948062680868	13140427878396394127	15997618894695874987	-11266.8691406250	0.0000000000	59.4350851924	21.0156322451
31	40	15767696770331013607	17801238983892761428	1224325472768341855	15858929672563839704	-11266.9003906250	0.0000000000	49.2882208306	25.8198048579
19	30	1253612228629062932	4593130431803895541	3004000306735208036	6903342193450659893	-11267.0156250000	0.0000000000	67.8099569178	50.2231649373
30	12	4593130431803895541	10194892126269310538	6903342193450659893	8250341200067522202	-11267.0156250000	0.0000000000	50.2231649373	74.7694138861
3	37	13136219978582782769	17936684524565804342	14487164168818338902	15721940872972676604	-11267.0166015625	0.0000000000	97.5198190813	26.5901666045
4	49	2069402501119643584	10881988649276130027	7090536509873545484	10881988649276130027	-11267.1679687500	0.0000000000	96.4233417697	3.5186372841
17	20	5689076028406110073	7725911544457183932	261313073914789224	9622110740852105692	-11267.1855468750	0.0000000000	69.9726024141	65.3376729456
25	17	2355730244983573362	5689076028406110073	9694580503944061544	16780239985806996569	-11267.1884765625	0.0000000000	55.0661853462	69.9755321016
49	11	10881988649276130027	14470321411588657683	5412646908791353572	10881988649276130027	-11267.2792968750	0.0000000000	3.6299654091	75.1231598256
20	12	7725911544457183932	10194892126269310538	206392463779960465	2675320992213079266	-11267.5205078125	0.0000000000	65.6726338831	75.2742966986
2	29	12980956238794167044	14398537078556745867	11106835297062542638	15073577202140934163	-11267.5498046875	0.0000000000	111.5860365941	51.5014202249
11	45	14470321411588657683	16751348948062680868	15384275669725340425	17590009321219032124	-11267.6347656250	0.0000000000	75.4786285756	21.7812572451
2	44	12980956238794167044	15578315128438475316	2168226146432564013	5806802967105517531	-11267.7099609375	0.0000000000	111.7461928441	22.6728113028
12	21	10194892126269310538	11214117775404256812	8947952304141075605	12911109826584541908	-11267.7851562500	0.0000000000	75.5389451361	64.2413737877
22	37	617586723319126522	17936684524565804342	2325928870756867269	2469347178930958177	-11267.8056640625	0.0000000000	60.3716086299	27.3792291045
14	31	6423494559006860906	15767696770331013607	2507425347688944498	16876598516290189540	-11267.9462890625	0.0000000000	73.3014494110	50.3341192681
6	21	4796237258125298137	11214117775404256812	2993133240818830727	11138900085042179101	-11268.0683593750	0.0000000000	93.5183518005	64.5245769127
2	38	12980956238794167044	16609698565151302728	3931739711608952763	15730175494719869323	-11268.2558593750	0.0000000000	112.2920912816	27.7292806424
0	51	5444899062009725693	15825323351582891466	6245333785539847935	15825323351582891466	-11268.3613281250	0.0000000000	120.0567104933	0.8610412401
4	20	2069402501119643584	7725911544457183932	3748605232458797631	18132638697126363109	-11268.4267578125	0.0000000000	97.6821308322	66.5788838831
28	18	7957190595068679351	16030136969698508910	5526569949903188468	8433098530254668189	-11268.5849609375	0.0000000000	52.9718770986	70.2494093992
19	21	1253612228629062932	11214117775404256812	6520015077551286568	14597754499704374271	-11268.6953125000	0.0000000000	69.4896444178	65.1515300377
35	10	3605397794407870067	18349919653237969261	2028405160202286506	4960705760721846333	-11268.7187500000	0.0000000000	34.9114313655	80.3700050430
11	10	14470321411588657683	18349919653237969261	6482104680683931456	10012358167315345884	-11268.7617187500	0.0000000000	76.6055817006	80.4129737930
6	41	4796237258125298137	9579809222269879952	3116682958367781927	10106421780716526237	-11268.9648437500	0.0000000000	94.4148361755	27.2916023402
17	24	5689076028406110073	10279634891113422966	9430167613830132576	16751898962411695558	-11269.0244140625	0.0000000000	71.8114696016	58.0920503109
52	5	3648477905045836872	11364101874875170124	3648477905045836872	11710536324537571187	-11269.1015625000	0.0000000000	0.8704375143	96.7701806396
1	31	1663944637883146712	15767696770331013607	3567999369663116330	16804652481372806790	-11269.4257812500	0.0000000000	114.3716640400	51.8136114556
8	16	8916047823452606935	11354232127007768028	11151036143144612561	12355827217719071827	-11269.4609375000	0.0000000000	83.4356446847	73.7148413977
6	36	4796237258125298137	16671577117634170902	7737179388173510967	10363875789331567468	-11269.6113281250	0.0000000000	95.0613205505	34.7451503116
33	1	284684315073016383	1663944637883146712	828388684212693270	3014983244472911499	-11269.6337890625	0.0000000000	47.3642954922	114.5796718525
19	7	1253612228629062932	1907708025110167701	11349938926023636154	17147996359630047069	-11269.6689453125	0.0000000000	70.4632772303	92.9286673049
12	40	10194892126269310538	17801238983892761428	5569638607516762538	6519991434201362227	-11269.7548828125	0.0000000000	77.5086716986	28.6742970454
4	18	2069402501119643584	16030136969698508910	1146209369027520446	13441942442889882033	-11269.7929687500	0.0000000000	99.0483417697	71.4574172117
46	3	1553997956211202867	13136219978582782769	3109885983412960581	12365038807414868637	-11270.0849609375	0.0000000000	16.8588993601	100.5881784563
21	16	11214117775404256812	11354232127007768028	14625520769634753243	14775900970040079586	-11270.0927734375	0.0000000000	66.5489909752	74.3466773352
47	21	11133436841038152028	11214117775404256812	4886081802726744741	17469100068284141562	-11270.2968750000	0.0000000000	9.3843968486	66.7530925377
6	18	4796237258125298137	16030136969698508910	5054515390544178927	17177959366219050355	-11270.3603515625	0.0000000000	95.8103439880	72.0248000242
25	5	2355730244983573362	11364101874875170124	2044485986087857082	8443191808164744060	-11270.4433593750	0.0000000000	58.3210681587	98.1119775146
46	31	1553997956211202867	15767696770331013607	8553637075157022582	13236754258729352748	-11270.5068359375	0.0000000000	17.2807743601	52.8946661431
41	9	9579809222269879952	13077063049571320896	5847580502792125979	11905158304381161555	-11270.5986328125	0.0000000000	28.9253914027	82.4218201326
19	36	1253612228629062932	16671577117634170902	1683380279767137605	8638698032800770486	-11270.6962890625	0.0000000000	71.4906209803	35.8301112491
33	43	284684315073016383	5936153805368291701	13277190218912215655	16829698603923790688	-11270.9306640625	0.0000000000	48.6611704922	27.4905713875
22	41	617586723319126522	9579809222269879952	2325928870756867269	11265403205232123903	-11271.0019531250	0.0000000000	63.5678976924	29.3287117152
46	26	1553997956211202867	8029882856898897762	4097040449257904315	6058203175159052555	-11271.0068359375	0.0000000000	17.7807743601	57.4915893927
26	9	8029882856898897762	13077063049571320896	1957763223363457895	11003801779750701166	-11271.0439453125	0.0000000000	57.5286987677	82.8671326326
46	9	1553997956211202867	13077063049571320896	10532545980864760484	18145759802732240631	-11271.3544921875	0.0000000000	18.1284306101	83.1776795076
19	15	1253612228629062932	11580906775826567448	11809916332431147393	15333905003852364271	-11271.7070312500	0.0000000000	72.5013631678	76.4039946397
47	9	11133436841038152028	13077063049571320896	10728776260993287182	17469100068284141562	-11271.7773437500	0.0000000000	10.8648655986	83.6005310701
7	28	1907708025110167701	7957190595068679351	10456815397732979579	15809344925555382148	-11271.7958984375	0.0000000000	95.0556204299	56.1828145986
20	16	7725911544457183932	11354232127007768028	8970030607279632358	14988058305516046325	-11271.8300781250	0.0000000000	69.9822041956	76.0839820227
46	43	1553997956211202867	5936153805368291701	10440822170205624963	16766439876537261120	-11272.2333984375	0.0000000000	19.0073368601	28.7933057625
30	8	4593130431803895541	8916047823452606935	7780442431412234030	12343113691235724360	-11272.2382812500	0.0000000000	55.4458211873	86.2129884347
43	9	5936153805368291701	13077063049571320896	6763741374524185532	11241350683487668762	-11272.3994140625	0.0000000000	28.9593213875	84.2226013826
21	45	11214117775404256812	16751348948062680868	4886081802726744741	14457012865739043520	-11272.4003906250	0.0000000000	68.8566081627	26.5468822451
5	51	11364101874875170124	15825323351582891466	7625228165117772707	12628844057580374815	-11272.4980468750	0.0000000000	100.1666650146	4.9977599901
4	50	2069402501119643584	12348283314810212724	2888953062702120538	17706098461695257542	-11272.5830078125	0.0000000000	101.8383808322	7.6235096707
52	16	3648477905045836872	11354232127007768028	14040798327046736838	14846879093537820470	-11272.6181640625	0.0000000000	4.3870390768	76.8720679602
6	24	4796237258125298137	10279634891113422966	13023302869785355997	15533760476689424334	-11272.7636718750	0.0000000000	98.2136643005	61.8313081234
43	5	5936153805368291701	11364101874875170124	12271063597368102944	16586828179205045379	-11272.7744140625	0.0000000000	29.3343213875	100.4430322021
17	13	5689076028406110073	15240768799881704423	757847730356969224	8325769517917143179	-11272.8066406250	0.0000000000	75.5936961641	78.4645579769
26	21	8029882856898897762	11214117775404256812	771734452873533991	14544239607389731128	-11272.9599609375	0.0000000000	59.4447143927	69.4161784752
24	37	10279634891113422966	17936684524565804342	2882005481677576283	14849923170379866710	-11273.1162109375	0.0000000000	62.1838471859	32.6897759795
1	44	1663944637883146712	15578315128438475316	7542014495946143029	14286319181727132809	-11273.2744140625	0.0000000000	118.2202968525	28.2372644278
1	51	1663944637883146712	15825323351582891466	5328670997819902003	9752864408814659749	-11273.3056640625	0.0000000000	118.2515468525	5.8053771776
9	51	13077063049571320896	15825323351582891466	6287811265075652380	12628844057580374815	-11273.4560546875	0.0000000000	85.2792420076	5.9557678026
2	53	12980956238794167044	15708012388291498265	2134391778350240674	15708012388291498265	-11273.5429687500	0.0000000000	117.5792006566	0.3862896055
8	54	8916047823452606935	17176766786220076405	6763789472651488336	17176766786220076405	-11273.5458984375	0.0000000000	87.5206056222	0.2004725164
14	20	6423494559006860906	7725911544457183932	1676231641183062280	13526540824129186438	-11273.5859375000	0.0000000000	78.9410978485	71.7380635706
8	13	8916047823452606935	15240768799881704423	7314615992151124951	13061565207896584932	-11273.5888671875	0.0000000000	87.5635743722	79.2467845394
6	26	4796237258125298137	8029882856898897762	6237289516393595318	7292134967913345588	-11273.6162109375	0.0000000000	99.0662033630	60.1009643927
46	1	1553997956211202867	1663944637883146712	8832136491732990063	9280810209702349377	-11273.6201171875	0.0000000000	20.3940556101	118.5659999775
52	2	3648477905045836872	12980956238794167044	4785068364028905227	14846879093537820470	-11273.7656250000	0.0000000000	5.5345000143	117.8018569066
7	48	1907708025110167701	5558405027835075592	4872106437237164326	14621872256035131823	-11273.8574218750	0.0000000000	97.1171438674	11.5454399255
48	54	5558405027835075592	17176766786220076405	4872106437237164326	17176766786220076405	-11273.8574218750	0.0000000000	11.5454399255	0.5119959539
52	14	3648477905045836872	6423494559006860906	3017077897075924995	14846879093537820470	-11274.0917968750	0.0000000000	5.8606718893	79.4469572235
46	14	1553997956211202867	6423494559006860906	8263639925842365356	16766439876537261120	-11274.1435546875	0.0000000000	20.9174931101	79.4987150360
1	54	1663944637883146712	17176766786220076405	971089930347915843	6260745356465514693	-11274.1464843750	0.0000000000	119.0923671650	0.8010584539
1	52	1663944637883146712	3648477905045836872	3411507069101275231	7256826123601194317	-11274.2773437500	0.0000000000	119.2232265400	6.0462187643
1	39	1663944637883146712	3901322641396918766	9084563066701051992	11822314179313835937	-11274.3750000000	0.0000000000	119.3208827900	33.5490704995
9	54	13077063049571320896	17176766786220076405	971089930347915843	17528252866223373325	-11274.4150390625	0.0000000000	86.2382263826	1.0696131414
7	16	1907708025110167701	11354232127007768028	1237034837443397028	3038350988236983841	-11274.4648437500	0.0000000000	97.7245657424	78.7187476477
14	47	6423494559006860906	11133436841038152028	1915423554584713895	6941022867893496651	-11274.5488281250	0.0000000000	79.9039884735	13.6363499736
46	16	1553997956211202867	11354232127007768028	10907179096897717489	11616088363697151801	-11274.5693359375	0.0000000000	21.3432743601	78.8232398352
22	39	617586723319126522	3901322641396918766	2022402818258974936	17985580275516125993	-11274.5732421875	0.0000000000	67.1391867549	33.7473126870
16	37	11354232127007768028	17936684524565804342	13870535009167253688	14578292272691963620	-11274.6494140625	0.0000000000	78.9033179602	34.2229791045
5	31	11364101874875170124	15767696770331013607	16621840616715848864	17061539919967132367	-11274.6679687500	0.0000000000	102.3365868896	57.0557989556
1	32	1663944637883146712	7951120196974632971	5587218959675436242	15097884210769679980	-11274.7363281250	0.0000000000	119.6822109150	53.2897065133
48	9	5558405027835075592	13077063049571320896	14942005600127257592	17528252866223373325	-11274.7958984375	0.0000000000	12.4839164880	86.6190857576
43	3	5936153805368291701	13136219978582782769	2386293567304559800	3443520958713284920	-11274.8046875000	0.0000000000	31.3645948250	105.3079050188
19	20	1253612228629062932	7725911544457183932	3748605232458797631	14528550683452898092	-11274.8398437500	0.0000000000	75.6341756678	72.9919698206
49	50	10881988649276130027	12348283314810212724	2888953062702120538	8847652883204033358	-11274.8457031250	0.0000000000	11.1963716591	9.8862049832
12	45	10194892126269310538	16751348948062680868	5736877642361020150	8849304740345191427	-11274.8789062500	0.0000000000	82.6326951361	29.0253978701
0	54	5444899062009725693	17176766786220076405	1420604536926375812	17176766786220076405	-11275.3964843750	0.0000000000	127.0918667433	2.0510584539
9	44	13077063049571320896	15578315128438475316	1350739818312668772	7228931154491787694	-11275.4160156250	0.0000000000	87.2392029451	30.3788659903
19	17	1253612228629062932	5689076028406110073	11621874238543328741	18112506695473472889	-11275.4951171875	0.0000000000	76.2894491053	78.2821727266
7	10	1907708025110167701	18349919653237969261	8855487896732154566	10668722188899375967	-11275.5087890625	0.0000000000	98.7685110549	87.1600441055
19	46	1253612228629062932	1553997956211202867	3425730094035761383	8735291708944689590	-11275.5117187500	0.0000000000	76.3060506678	22.2856571726
19	35	1253612228629062932	3605397794407870067	4960125826706252227	9579129018996082895	-11275.5654296875	0.0000000000	76.3597616053	41.7581110530
35	9	3605397794407870067	13077063049571320896	4960125826706252227	13436968914661544629	-11275.5654296875	0.0000000000	41.7581110530	87.3886170076
35	12	3605397794407870067	10194892126269310538	4960125826706252227	10059441462211583004	-11275.5654296875	0.0000000000	41.7581110530	83.3192185736
15	29	11580906775826567448	14398537078556745867	10352140142149990640	13224103662000965516	-11275.6835937500	0.0000000000	80.3805571397	59.6352092874
39	5	3901322641396918766	11364101874875170124	11822314179313835937	11934594878030326813	-11275.7187500000	0.0000000000	34.8928204995	103.3873681396
4	38	2069402501119643584	16609698565151302728	2374354103460430938	17371154953485181035	-11275.7929687500	0.0000000000	105.0483417697	35.2663900174
22	54	617586723319126522	17176766786220076405	971089930347915843	11522788195206581059	-11276.4599609375	0.0000000000	69.0259055049	3.1145350164
22	43	617586723319126522	5936153805368291701	13497630551853777447	17600922387056469480	-11276.4765625000	0.0000000000	69.0425070674	33.0364698250
5	29	11364101874875170124	14398537078556745867	4657034447396783984	9078004958492180923	-11276.6191406250	0.0000000000	104.2877587646	60.5707561624
12	38	10194892126269310538	16609698565151302728	6497675333593472299	12273680068993828746	-11276.7275390625	0.0000000000	84.4813279486	36.2009603299
2	42	12980956238794167044	16081333699103848725	2849964525149958914	16182874911355706707	-11276.7304687500	0.0000000000	120.7667006566	33.3061408714
0	48	5444899062009725693	5558405027835075592	888812713256449004	18155497006599314790	-11276.7900390625	0.0000000000	128.4854214308	14.4780571130
4	16	2069402501119643584	11354232127007768028	587493261328979984	9887016743628150977	-11277.1855468750	0.0000000000	106.4409198947	81.4394507727
4	25	2069402501119643584	2355730244983573362	8389597774375439312	18021078034755316211	-11277.2148437500	0.0000000000	106.4702167697	65.0925525337
25	6	2355730244983573362	4796237258125298137	72879205292509229	18021078034755316211	-11277.2148437500	0.0000000000	65.0925525337	102.6648361755
12	49	10194892126269310538	10881988649276130027	10449190872332090955	17340437053367712497	-11277.2304687500	0.0000000000	84.9842576361	13.5811372841
2	37	12980956238794167044	17936684524565804342	5607273011715299966	16220659519993333251	-11277.4345703125	0.0000000000	121.4708022191	37.0081353545
1	55	1663944637883146712	2648550615371424568	2648550615371424568	10795058600694423047	-11277.5126953125	0.0000000000	122.4585781025	1.2717229144
8	47	8916047823452606935	11133436841038152028	1624618392505730522	1915423554584713895	-11277.6884765625	0.0000000000	91.6631837472	16.7759984111
2	51	12980956238794167044	15825323351582891466	1920535313307104456	11615514121417086512	-11277.9814453125	0.0000000000	122.0176772191	10.4811584276
27	3	10673404053386457034	13136219978582782769	2395085221784735381	13319076548286292085	-11278.2128906250	0.0000000000	63.5426356747	108.7161081438
17	12	5689076028406110073	10194892126269310538	4320641086430744553	14739967646449425278	-11278.4208984375	0.0000000000	81.2079539766	86.1746873236
42	37	16081333699103848725	17936684524565804342	11179200257623624150	11659907237837805465	-11278.4394531250	0.0000000000	35.0151252464	38.0130181670
55	0	2648550615371424568	5444899062009725693	2648550615371424568	14152600719370812132	-11278.9072265625	0.0000000000	2.6662541644	130.6026089308
55	54	2648550615371424568	17176766786220076405	2648550615371424568	17585959021173163736	-11278.9179687500	0.0000000000	2.6769963519	5.5725428289
48	21	5558405027835075592	11214117775404256812	7258708612237560368	7897304770536503502	-11278.9531250000	0.0000000000	16.6411430505	75.4093425377
14	54	6423494559006860906	17176766786220076405	1229907737646416986	11639044252236508725	-11278.9921875000	0.0000000000	84.3473478485	5.6467615789
26	24	8029882856898897762	10279634891113422966	173114621419971172	17231841752056354316	-11279.0527343750	0.0000000000	65.5374878302	68.1203706234
26	10	8029882856898897762	18349919653237969261	5914220761096330384	7926758931404510747	-11279.2597656250	0.0000000000	65.7445190802	90.9110206680
32	12	7951120196974632971	10194892126269310538	3060163334781997597	17115373163704561221	-11279.2783203125	0.0000000000	57.8316987008	87.0321091986
24	50	10279634891113422966	12348283314810212724	3652808246926746843	7796657790157236477	-11279.2841796875	0.0000000000	68.3518159359	14.3246815457
50	9	12348283314810212724	13077063049571320896	1167445024477998198	7796657790157236477	-11279.2841796875	0.0000000000	14.3246815457	91.1073670076
39	8	3901322641396918766	8916047823452606935	11325172944973080327	13002363641694195823	-11279.3378906250	0.0000000000	38.5119611245	93.3125978097
22	24	617586723319126522	10279634891113422966	1258733166054099101	15491996697290937519	-11279.4257812500	0.0000000000	71.9917258174	68.4934174984
50	11	12348283314810212724	14470321411588657683	2888953062702120538	5201237323284144309	-11279.7031250000	0.0000000000	14.7436268582	87.5469879506
26	16	8029882856898897762	11354232127007768028	11285499391352214430	17372686178048530461	-11279.7285156250	0.0000000000	66.2132690802	83.9824195227
14	38	6423494559006860906	16609698565151302728	6497675333593472299	12776922567979489845	-11279.7441406250	0.0000000000	85.0993009735	39.2175618924
55	8	2648550615371424568	8916047823452606935	2648550615371424568	3333288894552737790	-11279.7460937500	0.0000000000	3.5051213519	93.7208009347
56	5	5582797859646617816	11364101874875170124	5582797859646617816	12098540215163950742	-11279.7773437500	0.0000000000	0.5109241127	107.4459618896
43	15	5936153805368291701	11580906775826567448	4196951405869085384	11141218604948045810	-11279.8681640625	0.0000000000	36.4280713875	84.5651274522
33	14	284684315073016383	6423494559006860906	2314587832949219452	13495071692242234942	-11279.9550781250	0.0000000000	57.6855845547	85.3102384735
52	0	3648477905045836872	5444899062009725693	5130565190152445278	7256826123601194317	-11279.9833984375	0.0000000000	11.7522734518	131.6787808058
17	16	5689076028406110073	11354232127007768028	2789966455509797377	18337511836404363224	-11280.1679687500	0.0000000000	82.9550242891	84.4218726477
25	36	2355730244983573362	16671577117634170902	5537797278352892770	8947666096107682416	-11280.2216796875	0.0000000000	68.0993884712	45.3555018741
56	20	5582797859646617816	7725911544457183932	1553040955978980885	5582797859646617816	-11280.2568359375	0.0000000000	0.9904163002	78.4089620081
22	26	617586723319126522	8029882856898897762	9782416757511337832	17543067495319003297	-11281.0166015625	0.0000000000	73.5825461299	67.5013550177
22	46	617586723319126522	1553997956211202867	1048736443426599004	9782416757511337832	-11281.0166015625	0.0000000000	73.5825461299	27.7905399851
7	54	1907708025110167701	17176766786220076405	4230224051829369165	17585959021173163736	-11281.0478515625	0.0000000000	104.3075735549	7.7024256414
16	40	11354232127007768028	17801238983892761428	1001537506561318493	17838665409947220509	-11281.2109375000	0.0000000000	85.4648413977	40.1303517329
0	53	5444899062009725693	15708012388291498265	8700368540564171964	15406316189447303119	-11281.3359375000	0.0000000000	133.0313198683	8.1792583555
8	49	8916047823452606935	10881988649276130027	8847652883204033358	11310072037962609473	-11281.3378906250	0.0000000000	95.3125978097	17.6885591591
8	50	8916047823452606935	12348283314810212724	2888953062702120538	11310072037962609473	-11281.3378906250	0.0000000000	95.3125978097	16.3783924832
8	45	8916047823452606935	16751348948062680868	9754459868644094151	18371323333222023494	-11281.3535156250	0.0000000000	95.3282228097	35.5000072451
46	29	1553997956211202867	14398537078556745867	4721373332466307479	12348759142559643171	-11281.7958984375	0.0000000000	28.5698368601	65.7475139749
15	37	11580906775826567448	17936684524565804342	5338740395308416973	10464706979210105999	-11281.9189453125	0.0000000000	86.6159087022	41.4925103545
18	37	16030136969698508910	17936684524565804342	7933391989093613061	8402876165310889534	-11282.1347656250	0.0000000000	83.7992140867	41.7083306670
49	9	10881988649276130027	13077063049571320896	1994277406259972274	17340437053367712497	-11282.1630859375	0.0000000000	18.5137544716	93.9862732576
52	56	3648477905045836872	5582797859646617816	5582797859646617816	6545590408883279156	-11282.2080078125	0.0000000000	13.9768828268	2.9415881752
33	10	284684315073016383	18349919653237969261	1342455020408255857	3052459760672551012	-11282.2333984375	0.0000000000	59.9639048672	93.8846534805
47	2	11133436841038152028	12980956238794167044	7138026993387689116	16917433997302149054	-11282.2988281250	0.0000000000	21.3863499736	126.3350600316
55	9	2648550615371424568	13077063049571320896	2648550615371424568	12413289543394349522	-11282.3515625000	0.0000000000	6.1105901019	94.1747498201
12	42	10194892126269310538	16081333699103848725	384219909841884428	4088839184753705549	-11282.5195312500	0.0000000000	90.2733201361	39.0952033714
23	53	15238012433641292203	15708012388291498265	12625098400910220191	16992529563041636059	-11282.7578125000	0.0000000000	74.0685047379	9.6011333555
5	44	11364101874875170124	15578315128438475316	4996323958656028369	12716665485841803168	-11282.8242187500	0.0000000000	110.4928368896	37.7870691153
24	11	10279634891113422966	14470321411588657683	4871207762447168080	18418842006714033934	-11282.8359375000	0.0000000000	71.9035737484	90.6798004506
20	18	7725911544457183932	16030136969698508910	15060604360470194282	15515078900823461783	-11282.8652343750	0.0000000000	81.0173604456	84.5296828367
35	30	3605397794407870067	4593130431803895541	2460098114163300307	15042321061802391906	-11282.9902343750	0.0000000000	49.1829157405	66.1977743123
47	5	11133436841038152028	11364101874875170124	7999428017410755718	15649447837545014305	-11283.1181640625	0.0000000000	22.2056859111	110.7867822021
0	47	5444899062009725693	11133436841038152028	1636445596201319566	7932876790266672820	-11283.1357421875	0.0000000000	134.8311245558	22.2232640361
46	21	1553997956211202867	11214117775404256812	16858959333609705541	17079576321683375503	-11283.3486328125	0.0000000000	30.1225712351	79.8048503502
46	54	1553997956211202867	17176766786220076405	17079576321683375503	17176766786220076405	-11283.3486328125	0.0000000000	30.1225712351	10.0032068914
52	11	3648477905045836872	14470321411588657683	13536242694320477323	18419331151519454325	-11283.5058593750	0.0000000000	15.2747343893	91.3497223256
47	37	11133436841038152028	17936684524565804342	328486722571572021	1966192030050737280	-11283.5849609375	0.0000000000	22.6724827861	43.1585259795
24	15	10279634891113422966	11580906775826567448	5959674441120918307	8707534153100310970	-11283.8984375000	0.0000000000	72.9660737484	88.5954008897
55	48	2648550615371424568	5558405027835075592	14995211854993913804	18081711762797413877	-11284.0732421875	0.0000000000	7.8322697894	21.7612602380
20	11	7725911544457183932	14470321411588657683	4108239057260723883	11969081057235227871	-11284.2412109375	0.0000000000	82.3933370081	92.0850738881
41	3	9579809222269879952	13136219978582782769	4963834473010490243	14681732560769730234	-11284.4238281250	0.0000000000	42.7505867152	114.9270456438
11	42	14470321411588657683	16081333699103848725	8125958392516039104	13249628615272677887	-11284.4277343750	0.0000000000	92.2715973256	41.0034064964
30	16	4593130431803895541	11354232127007768028	691697565102847218	14136136548959594352	-11284.5273437500	0.0000000000	67.7348836873	88.7812476477
25	37	2355730244983573362	17936684524565804342	794893170449695429	13834748343510229930	-11284.7490234375	0.0000000000	72.6267322212	44.3225884795
12	51	10194892126269310538	15825323351582891466	11536792180765772285	17654506817566178612	-11284.7792968750	0.0000000000	92.5330857611	17.2790099901
14	51	6423494559006860906	15825323351582891466	15511854779306056363	17654506817566178612	-11284.7792968750	0.0000000000	90.1344572235	17.2790099901
15	10	11580906775826567448	18349919653237969261	10741149998865472268	14270102224254331467	-11284.8896484375	0.0000000000	89.5866118272	96.5409034805
19	47	1253612228629062932	11133436841038152028	7932876790266672820	14551101549996093269	-11284.9365234375	0.0000000000	85.7308553553	24.0240452861
7	55	1907708025110167701	2648550615371424568	12219677990800830972	18081711762797413877	-11284.9404296875	0.0000000000	108.2001516799	8.6994572894
39	3	3901322641396918766	13136219978582782769	10702989723411345397	11764229415991570606	-11284.9492187500	0.0000000000	44.1232892495	115.4524362688
8	51	8916047823452606935	15825323351582891466	799263639589076496	13736032556587134000	-11284.9501953125	0.0000000000	98.9249024972	17.4499084276
26	11	8029882856898897762	14470321411588657683	11784820820338103070	17256716115821701840	-11285.4208984375	0.0000000000	71.9056518927	93.2647613881
14	40	6423494559006860906	17801238983892761428	242424207987021995	3187022199978550331	-11285.6191406250	0.0000000000	90.9743009735	44.5385548579
21	37	11214117775404256812	17936684524565804342	14270200174650141162	14362438154715244208	-11285.7265625000	0.0000000000	82.1827800377	45.3001275420
46	37	1553997956211202867	17936684524565804342	11344674541981427879	16076214275904476613	-11285.8281250000	0.0000000000	32.6020634226	45.4016900420
6	50	4796237258125298137	12348283314810212724	6870083352711000349	7125417414244759113	-11286.0605468750	0.0000000000	111.5105393005	21.1010487332
1	56	1663944637883146712	5582797859646617816	5147399257980396765	14728220914497511950	-11286.0644531250	0.0000000000	131.0103359150	6.7980334877
24	5	10279634891113422966	11364101874875170124	5453537609729227160	10479991128943989181	-11286.0800781250	0.0000000000	75.1477143734	113.7486962646
19	32	1253612228629062932	7951120196974632971	633372172394507193	10870306556998994317	-11286.3017578125	0.0000000000	87.0960897303	64.8551362008
7	39	1907708025110167701	3901322641396918766	14489905046164497059	15050363662633073985	-11286.3183593750	0.0000000000	109.5780813674	45.4924298745
19	40	1253612228629062932	17801238983892761428	1001537506561318493	15691496982178390424	-11286.3867187500	0.0000000000	87.1810506678	45.3061329829
33	26	284684315073016383	8029882856898897762	4350576626791984215	12232694640640866694	-11286.4882812500	0.0000000000	64.2187876797	72.9730347052
43	11	5936153805368291701	14470321411588657683	2018634173731792628	9577344465312662547	-11286.6318359375	0.0000000000	43.1917432625	94.4756988881
17	11	5689076028406110073	14470321411588657683	2042645000525061255	10327636475430234493	-11286.7675781250	0.0000000000	89.5546336641	94.6114410756
1	38	1663944637883146712	16609698565151302728	3941372192693868115	4028390218870237715	-11286.8125000000	0.0000000000	131.7583827900	46.2859212674
41	29	9579809222269879952	14398537078556745867	10429840478535676012	15379269694173218597	-11287.1328125000	0.0000000000	45.4595710902	71.0844280374
4	40	2069402501119643584	17801238983892761428	9579793239705944506	13396847645730112521	-11287.3652343750	0.0000000000	116.6206073947	46.2846486079
19	27	1253612228629062932	10673404053386457034	11757782625796464603	16767279877528898840	-11287.4130859375	0.0000000000	88.2074178553	72.7428309872
19	41	1253612228629062932	9579809222269879952	9430568491911871324	11792325069055405301	-11287.4619140625	0.0000000000	88.2562459803	45.7886726527
41	18	9579809222269879952	16030136969698508910	17308336738855275023	17886568207860193667	-11287.4970703125	0.0000000000	45.8238289027	89.1615187742
2	40	12980956238794167044	17801238983892761428	2636873634917759276	2750562757119548004	-11287.7656250000	0.0000000000	131.8018569066	46.6850392329
22	17	617586723319126522	5689076028406110073	11411670046362171912	13020143795724341608	-11287.9843750000	0.0000000000	80.5503195674	90.7714305391
52	20	3648477905045836872	7725911544457183932	7444239411422900563	12348863900140113687	-11288.0996093750	0.0000000000	19.8684843893	86.2517354456
21	54	11214117775404256812	17176766786220076405	11639044252236508725	16235135826188063639	-11288.1162109375	0.0000000000	84.5724284752	14.7707850164
15	50	11580906775826567448	12348283314810212724	91915938740522966	12098262443613460272	-11288.2275390625	0.0000000000	92.9245024522	23.2680409207
50	2	12348283314810212724	12980956238794167044	9216659811063495224	12098262443613460272	-11288.2275390625	0.0000000000	23.2680409207	132.2637709691
12	54	10194892126269310538	17176766786220076405	8365357797538719857	12915265256069182851	-11288.3183593750	0.0000000000	96.0721482611	14.9729334539
6	47	4796237258125298137	11133436841038152028	2079487454997027993	3410325356461443495	-11288.5234375000	0.0000000000	113.9734299255	27.6109593486
26	13	8029882856898897762	15240768799881704423	3255446048813918486	17190184194079639399	-11288.5781250000	0.0000000000	75.0628784552	94.2360423519
8	41	8916047823452606935	9579809222269879952	2197902624077973417	10110871633098693744	-11288.7089843750	0.0000000000	102.6836915597	47.0357429652
43	10	5936153805368291701	18349919653237969261	11898404889715105626	14513612831307868451	-11288.7812500000	0.0000000000	45.3411573250	100.4325050430
4	47	2069402501119643584	11133436841038152028	2179004507463883928	16760245716696972684	-11288.9794921875	0.0000000000	118.2348652072	28.0670140361
33	45	284684315073016383	16751348948062680868	4239658923113821603	14796510840302120045	-11289.1777343750	0.0000000000	66.9082408047	43.3242259951
35	26	3605397794407870067	8029882856898897762	3210333670339404574	17907506971558228626	-11289.2539062500	0.0000000000	55.4465876155	75.7386597052
17	23	5689076028406110073	15238012433641292203	15738364719473626557	18255066469485919996	-11289.4804687500	0.0000000000	92.2675242891	80.7911609879
8	44	8916047823452606935	15578315128438475316	6133704763775592442	8711621489201755674	-11289.5390625000	0.0000000000	103.5137696847	44.5019128653
28	8	7957190595068679351	8916047823452606935	787741644395813961	5773201078113728259	-11289.6074218750	0.0000000000	73.9943380361	103.5821290597
7	15	1907708025110167701	11580906775826567448	14242776560646610609	17967048416440268981	-11289.7001953125	0.0000000000	112.9599173049	94.3971587022
39	47	3901322641396918766	11133436841038152028	1370266935331161086	10962471487119257596	-11289.8300781250	0.0000000000	49.0041486245	28.9175999736
7	43	1907708025110167701	5936153805368291701	1983585296263461129	10034570301755629761	-11289.8613281250	0.0000000000	113.1210501174	46.4212354500
48	37	5558405027835075592	17936684524565804342	5170783137648922127	5570355094948389350	-11290.0546875000	0.0000000000	27.7427055505	49.6282525420
0	56	5444899062009725693	5582797859646617816	7590899730165300409	8640494036927283333	-11290.1396484375	0.0000000000	141.8350308058	10.8732288002
43	28	5936153805368291701	7957190595068679351	10034570301755629761	12445892155524187748	-11290.2324218750	0.0000000000	46.7923292000	74.6193380361
57	37	15989694217193463155	17936684524565804342	15432863808360742889	15989694217193463155	-11290.2548828125	0.0000000000	0.1750651163	49.8284478545
16	53	11354232127007768028	15708012388291498265	5109197019402103553	6401302398644507439	-11290.2656250000	0.0000000000	94.5195288977	17.1089458555
41	10	9579809222269879952	18349919653237969261	3483194603681199920	12215949836887310239	-11290.2675781250	0.0000000000	48.5943367152	101.9188331680
30	14	4593130431803895541	6423494559006860906	2156658850348356518	5103390646358227354	-11290.3056640625	0.0000000000	73.5132039998	95.6608244110
41	15	9579809222269879952	11580906775826567448	5660063760391984772	12906854083911015399	-11290.5527343750	0.0000000000	48.8794929652	95.2496977647
45	37	16751348948062680868	17936684524565804342	11012068694843363087	18138913814508574449	-11290.7041015625	0.0000000000	44.8505931826	50.2776666045
16	29	11354232127007768028	14398537078556745867	7076623863739040407	14806751952701173601	-11290.8359375000	0.0000000000	95.0898413977	74.7875530374
5	37	11364101874875170124	17936684524565804342	2158553354244554718	10493183145081191509	-11290.8525390625	0.0000000000	118.5211572021	50.4261041045
17	31	5689076028406110073	15767696770331013607	1262876951182650802	9425962972049306610	-11291.1357421875	0.0000000000	93.9227977266	73.5235723931
55	6	2648550615371424568	4796237258125298137	9427105926783331100	17345438156974925278	-11291.1562500000	0.0000000000	14.9152776019	116.6062424255
55	20	2648550615371424568	7725911544457183932	6550377904236003313	8451570027426105721	-11291.2021484375	0.0000000000	14.9611760394	89.3542745081
41	40	9579809222269879952	17801238983892761428	8735701532424622690	12068201003525503561	-11291.3222656250	0.0000000000	49.6490242152	50.2416798579
3	58	13136219978582782769	15046754994980115532	8480440279225482864	15046754994980115532	-11291.3818359375	0.0000000000	121.8850534563	0.8406202021
1	40	1663944637883146712	17801238983892761428	1446498429582729079	11506825850141751387	-11291.5898437500	0.0000000000	136.5357265400	50.5092579829
52	9	3648477905045836872	13077063049571320896	376282848289972985	10265101452425029874	-11291.6318359375	0.0000000000	23.4007109518	103.4550232576
2	58	12980956238794167044	15046754994980115532	5827996980442851605	15046754994980115532	-11291.9990234375	0.0000000000	136.0352553441	1.4578077021
21	15	11214117775404256812	11580906775826567448	14168947493330194374	16694408541769748402	-11292.0156250000	0.0000000000	88.4718425377	96.7125883897
32	15	7951120196974632971	11580906775826567448	2099642033524801208	5592392425272884400	-11292.1533203125	0.0000000000	70.7066987008	96.8502837022
25	53	2355730244983573362	15708012388291498265	15857357719778985439	18040146293675992998	-11292.4267578125	0.0000000000	80.3044665962	19.2700786680
6	34	4796237258125298137	14672701341454989337	12499221062040277401	13170560740514623879	-11292.4482421875	0.0000000000	117.8982346130	63.9040810217
27	15	10673404053386457034	11580906775826567448	11107297885362221569	17009773625851060387	-11292.4941406250	0.0000000000	77.8238856747	97.1911040147
25	45	2355730244983573362	16751348948062680868	4002456769659157090	8090574173406264276	-11292.6972656250	0.0000000000	80.5749744087	46.8437572451
19	13	1253612228629062932	15240768799881704423	11740965114565928192	15555195985302272567	-11292.8105468750	0.0000000000	93.6048787928	98.4684642269
0	58	5444899062009725693	15046754994980115532	12872896608427878065	15046754994980115532	-11292.8144531250	0.0000000000	144.5098354933	2.2732373896
55	16	2648550615371424568	11354232127007768028	4645848742165353219	13680404687111745525	-11292.8339843750	0.0000000000	16.5930119769	97.0878882727
56	9	5582797859646617816	13077063049571320896	529520526420504307	5360448576737716308	-11293.0439453125	0.0000000000	13.7775256752	104.8671326326
28	13	7957190595068679351	15240768799881704423	13498609065138191258	16581199311202648118	-11293.0585937500	0.0000000000	77.4455099111	98.7165111019
33	16	284684315073016383	11354232127007768028	4239072625131836118	11923236967537205737	-11293.0644531250	0.0000000000	70.7949595547	97.3183570227
47	10	11133436841038152028	18349919653237969261	4048618361774049881	12302643777754115897	-11293.1816406250	0.0000000000	32.2691624736	104.8328956680
41	5	9579809222269879952	11364101874875170124	1455938155902629492	17191916575113974673	-11293.2187500000	0.0000000000	51.5455085902	120.8873681396
12	34	10194892126269310538	14672701341454989337	11915723090180995327	14585848733755775363	-11293.6250000000	0.0000000000	101.3787888861	65.0808388342
35	16	3605397794407870067	11354232127007768028	4323548417951950720	8944401552876149179	-11293.6376953125	0.0000000000	59.8303766780	97.8915992102
12	50	10194892126269310538	12348283314810212724	3085932566512599892	7809671608441852333	-11294.0527343750	0.0000000000	101.8065232611	29.0932362332
19	48	1253612228629062932	5558405027835075592	2242070777062807745	8367096169475301089	-11294.0693359375	0.0000000000	94.8636678553	31.7573539880
48	2	5558405027835075592	12980956238794167044	10906104182847566133	11040305803167958158	-11294.0859375000	0.0000000000	31.7739555505	138.1221694066
4	51	2069402501119643584	15825323351582891466	11166901683816287237	16490537243340440673	-11294.4296875000	0.0000000000	123.6850605197	26.9294006151
46	18	1553997956211202867	16030136969698508910	13595584063613996348	15267644274775214395	-11294.4472656250	0.0000000000	41.2212040476	96.1117140867
49	53	10881988649276130027	15708012388291498265	10617050971592889054	12443321172146399460	-11294.5732421875	0.0000000000	30.9239107216	21.4165630430
41	47	9579809222269879952	11133436841038152028	3503222962606015319	17112377180372246092	-11295.1572265625	0.0000000000	53.4839851527	34.2447484111
7	47	1907708025110167701	11133436841038152028	12818996262692461643	13771768675802904084	-11295.4335937500	0.0000000000	118.6933157424	34.5211155986
7	37	1907708025110167701	17936684524565804342	3717280730171670743	12095905045598698287	-11295.4707031250	0.0000000000	118.7304251174	55.0442681670
28	37	7957190595068679351	17936684524565804342	2966484348385686796	11286637615821290256	-11295.5400390625	0.0000000000	79.9269552236	55.1136041045
11	53	14470321411588657683	15708012388291498265	1957012573119031192	3743125861105402700	-11295.5410156250	0.0000000000	103.3848785756	22.3843364805
4	43	2069402501119643584	5936153805368291701	609052837317543766	17642068602386412824	-11295.6240234375	0.0000000000	124.8793964572	52.1839307625
48	12	5558405027835075592	10194892126269310538	5811220544560133487	14749742440163711376	-11295.6347656250	0.0000000000	33.3227836755	103.3885545111
49	2	10881988649276130027	12980956238794167044	108278861308922965	12711540391566372971	-11295.7656250000	0.0000000000	32.1162935341	139.8018569066
17	50	5689076028406110073	12348283314810212724	5588224178008513246	8285330470282934475	-11296.5820312500	0.0000000000	99.3690867891	31.6225331082
19	38	1253612228629062932	16609698565151302728	10862563415363218265	15251074458087971922	-11296.6083984375	0.0000000000	97.4027303553	56.0818197049
32	16	7951120196974632971	11354232127007768028	3328600757453608106	17581388667112591323	-11296.7255859375	0.0000000000	75.2789643258	100.9794898352
32	5	7951120196974632971	11364101874875170124	5592392425272884400	14879035259265918400	-11296.7626953125	0.0000000000	75.3160737008	124.4313134521
33	15	284684315073016383	11580906775826567448	2267132012072201388	11735941523861978746	-11296.8291015625	0.0000000000	74.5596079922	101.5260649522
9	36	13077063049571320896	16671577117634170902	5584250585992812023	13657806029691743797	-11296.8466796875	0.0000000000	108.6698670076	61.9805018741
9	57	13077063049571320896	15989694217193463155	13956595055889300115	14224335250642457544	-11297.1630859375	0.0000000000	108.9862732576	7.0832682413
46	5	1553997956211202867	11364101874875170124	7144436173310515525	17138705573000205847	-11297.2177734375	0.0000000000	43.9917118601	124.8863915771
14	53	6423494559006860906	15708012388291498265	7583851016310366518	9495066765442474962	-11297.2324218750	0.0000000000	102.5875822235	24.0757427305
55	10	2648550615371424568	18349919653237969261	12494238063626855960	14253603559418920969	-11297.5957031250	0.0000000000	21.3547307269	109.2469581680
12	57	10194892126269310538	15989694217193463155	2156274959501550402	18289283911318094188	-11297.8271484375	0.0000000000	105.5809373236	7.7473307413
33	57	284684315073016383	15989694217193463155	2156274959501550402	11077115517504295917	-11297.8271484375	0.0000000000	75.5576548672	7.7473307413
24	29	10279634891113422966	14398537078556745867	2215488343944030916	8431267646642773216	-11297.9033203125	0.0000000000	86.9709565609	81.8549358499
39	20	3901322641396918766	7725911544457183932	15317882992241749863	15558551535024547253	-11297.9335937500	0.0000000000	57.1076642495	96.0857198206
30	21	4593130431803895541	11214117775404256812	9831385829316905401	10510658277343140417	-11297.9541015625	0.0000000000	81.1616414998	94.4103191002
12	47	10194892126269310538	11133436841038152028	327076185337448543	11560782406670845291	-11298.1289062500	0.0000000000	105.8826951361	37.2164280986
37	10	17936684524565804342	18349919653237969261	5061109389665610877	13321400639907696245	-11298.2753906250	0.0000000000	57.8489556670	109.9266456680
47	54	11133436841038152028	17176766786220076405	4284130627398270902	10197259208704063099	-11298.4863281250	0.0000000000	37.5738499736	25.1409022039
0	59	5444899062009725693	8102082135955440213	2282640817447753727	8102082135955440213	-11298.8476562500	0.0000000000	150.5430386183	1.5366055956
12	27	10194892126269310538	10673404053386457034	13461090690293210328	14902001993441316793	-11298.8554687500	0.0000000000	106.6092576361	84.1852137997
11	57	14470321411588657683	15989694217193463155	13956595055889300115	14142048024033771949	-11298.8583984375	0.0000000000	106.7022613881	8.7785807413
25	26	2355730244983573362	8029882856898897762	6585874820892439421	8087439006469858440	-11299.0927734375	0.0000000000	86.9704822212	85.5775268927
25	44	2355730244983573362	15578315128438475316	2617148155351837373	15530327662041849186	-11299.1708984375	0.0000000000	87.0486072212	54.1337488028
56	14	5582797859646617816	6423494559006860906	5904659574064640508	16690764658230271802	-11299.2333984375	0.0000000000	19.9669788002	104.5885587860
21	51	11214117775404256812	15825323351582891466	2428001769740993068	10207827963887765042	-11299.2363281250	0.0000000000	95.6925456627	31.7360412401
55	12	2648550615371424568	10194892126269310538	10575565049844074762	17125984330917077520	-11299.4199218750	0.0000000000	23.1789494769	107.1737107611
1	27	1663944637883146712	10673404053386457034	9991883088351663650	14165071741339786377	-11299.5361328125	0.0000000000	144.4820156025	84.8658778622
28	5	7957190595068679351	11364101874875170124	2033568286857736976	18247560318159704768	-11299.5585937500	0.0000000000	83.9455099111	127.2272118896
4	44	2069402501119643584	15578315128438475316	832112853960050891	7436651632671303862	-11299.6191406250	0.0000000000	128.8745136447	54.5819909903
30	6	4593130431803895541	4796237258125298137	1649669595021498288	2493498529584013580	-11299.7626953125	0.0000000000	82.9702352498	125.2126877380
56	11	5582797859646617816	14470321411588657683	8640494036927283333	14845257473729415071	-11299.8583984375	0.0000000000	20.5919788002	107.7022613881
55	2	2648550615371424568	12980956238794167044	11421977309101728573	14733005148211243729	-11299.8662109375	0.0000000000	23.6252385394	143.9024428441
59	9	8102082135955440213	13077063049571320896	8102082135955440213	8282941271264647973	-11300.2822265625	0.0000000000	2.9711759081	112.1054138826
56	2	5582797859646617816	12980956238794167044	16690764658230271802	18070165054358855915	-11300.2851562500	0.0000000000	21.0187366127	144.3213881566
55	21	2648550615371424568	11214117775404256812	5915099113141034139	18266550155201904124	-11300.4785156250	0.0000000000	24.2375432269	96.9347331627
59	11	8102082135955440213	14470321411588657683	8102082135955440213	16246249558068024402	-11300.6093750000	0.0000000000	3.2983243456	108.4532379506
1	59	1663944637883146712	8102082135955440213	6716279737752342640	6839627193746901311	-11300.7734375000	0.0000000000	145.7193202900	3.4623868456
0	60	5444899062009725693	9043856331746784476	9043856331746784476	10384717529671878403	-11300.9335937500	0.0000000000	152.6289761183	0.2032669393
46	7	1553997956211202867	1907708025110167701	2728490336058021553	16012089645189084041	-11300.9375000000	0.0000000000	47.7114384226	124.1972219924
46	2	1553997956211202867	12980956238794167044	17587681810514384010	17867757958439955065	-11301.0654296875	0.0000000000	47.8393681101	145.1016615941
22	30	617586723319126522	4593130431803895541	7653597377391530577	9898651277011914335	-11301.1513671875	0.0000000000	93.7173117549	84.3589071248
4	53	2069402501119643584	15708012388291498265	3743125861105402700	5640947852947196751	-11301.1855468750	0.0000000000	130.4409198947	28.0288677305
20	45	7725911544457183932	16751348948062680868	9361194431097027603	18245270205420902965	-11301.2822265625	0.0000000000	99.4343526331	55.4287181826
49	3	10881988649276130027	13136219978582782769	2856657770843963071	3591331118083623047	-11301.2841796875	0.0000000000	37.6348482216	131.7873972063
39	21	3901322641396918766	11214117775404256812	656152103985547008	18390210627397802394	-11301.4208984375	0.0000000000	60.5949689370	97.8771159752
35	14	3605397794407870067	6423494559006860906	8715632666349108905	10682442869397594373	-11301.4785156250	0.0000000000	67.6711969905	106.8336759735
60	37	9043856331746784476	17936684524565804342	3701096014584820520	9043856331746784476	-11301.8232421875	0.0000000000	1.0929153768	61.3968072295
59	2	8102082135955440213	12980956238794167044	14385252206372941349	18124903784699962608	-11302.0732421875	0.0000000000	4.7621915331	146.1094740941
59	29	8102082135955440213	14398537078556745867	86776891715641221	12929110820701293393	-11302.1328125000	0.0000000000	4.8217618456	86.0844280374
59	31	8102082135955440213	15767696770331013607	86776891715641221	1829159137561423839	-11302.1728515625	0.0000000000	4.8618009081	84.5606817681
16	36	11354232127007768028	16671577117634170902	1017650970657979318	14572579585991413363	-11302.3173828125	0.0000000000	106.5712867102	67.4512049991
8	23	8916047823452606935	15238012433641292203	4205927478556400522	11714019314667861513	-11302.6621093750	0.0000000000	116.6368165597	93.9728016129
4	41	2069402501119643584	9579809222269879952	4154401521635886142	4766654510200610450	-11302.7460937500	0.0000000000	132.0014667697	61.0728523402
48	3	5558405027835075592	13136219978582782769	361504006144392127	11585986993424247063	-11302.9033203125	0.0000000000	40.5913383630	133.4065378313
30	10	4593130431803895541	18349919653237969261	8355917827682538368	18218726310396561283	-11302.9687500000	0.0000000000	86.1762899373	114.6200050430
39	27	3901322641396918766	10673404053386457034	6156973017968645522	7254711883171773408	-11303.1552734375	0.0000000000	62.3293439370	88.4850184872
4	59	2069402501119643584	8102082135955440213	86776891715641221	957782412739806047	-11303.1845703125	0.0000000000	132.4399433322	5.8735196581
28	9	7957190595068679351	13077063049571320896	7539114884492303251	18088501380605357504	-11303.2519531250	0.0000000000	87.6388692861	115.0751404451
14	32	6423494559006860906	7951120196974632971	9400520229828255846	15093828888694294277	-11303.4414062500	0.0000000000	108.7965665985	81.9947846383
0	57	5444899062009725693	15989694217193463155	4494608363696769016	12281157727989174932	-11303.6660156250	0.0000000000	155.3613979933	13.5861979288
19	50	1253612228629062932	12348283314810212724	8023617809665223630	8915239730705576304	-11303.8027343750	0.0000000000	104.5970662928	38.8432362332
47	3	11133436841038152028	13136219978582782769	17361610736344520336	18427560506482166744	-11304.1318359375	0.0000000000	43.2193577861	134.6350534563
16	38	11354232127007768028	16609698565151302728	2724443006702517502	6035654324388975863	-11304.1328125000	0.0000000000	108.3867163977	63.6062337674
8	57	8916047823452606935	15989694217193463155	12673191626344496967	13956595055889300115	-11304.1572265625	0.0000000000	118.1319337472	14.0774088663
3	53	13136219978582782769	15708012388291498265	11997908076916236889	16151277367308334978	-11304.3671875000	0.0000000000	134.8704050188	31.2105083555
41	13	9579809222269879952	15240768799881704423	1203820174038533479	1951252176822384434	-11305.2900390625	0.0000000000	63.6167976527	110.9479564144
20	29	7725911544457183932	14398537078556745867	10356718583965133854	14110396878600030466	-11305.7412109375	0.0000000000	103.8933370081	89.6928264749
19	49	1253612228629062932	10881988649276130027	6165935583275426080	17696524681676121634	-11305.8593750000	0.0000000000	106.6537069178	42.2100435341
60	11	9043856331746784476	14470321411588657683	364778416625972032	3236394604571010785	-11306.0878906250	0.0000000000	5.3575638143	113.9317535756
43	23	5936153805368291701	15238012433641292203	5277011571453789261	8854336167068974487	-11306.2050781250	0.0000000000	62.7649854500	97.5157703629
16	31	11354232127007768028	15767696770331013607	1632529687822308941	6449201178281849320	-11306.2197265625	0.0000000000	110.4736304602	88.6075567681
29	42	14398537078556745867	16081333699103848725	8637397993373317353	10930402223491859144	-11306.4267578125	0.0000000000	90.3783733499	63.0024299339
4	60	2069402501119643584	9043856331746784476	3704595725477470032	15803204575565243081	-11306.4648437500	0.0000000000	135.7202167697	5.7345169393
33	35	284684315073016383	3605397794407870067	8726843360349999521	10986637359353919619	-11306.6435546875	0.0000000000	84.3740611172	72.8362360530
1	60	1663944637883146712	9043856331746784476	1415258519433594540	3704595725477470032	-11306.9648437500	0.0000000000	151.9107265400	6.2345169393
60	3	9043856331746784476	13136219978582782769	1531666474698540062	3704595725477470032	-11307.1367187500	0.0000000000	6.4063919393	137.6399362688
57	18	15989694217193463155	16030136969698508910	1546285026467985170	9510954554316804890	-11307.2011718750	0.0000000000	17.1213541788	108.8656203367
39	9	3901322641396918766	13077063049571320896	804736836268170618	12675741035677022047	-11307.7500000000	0.0000000000	66.9240704995	119.5731873201
20	15	7725911544457183932	11580906775826567448	7826962105813641938	11354890482751847405	-11307.8652343750	0.0000000000	106.0173604456	112.5621977647
22	10	617586723319126522	18349919653237969261	11876284406440926154	12618612225127573620	-11307.9580078125	0.0000000000	100.5239523799	119.6092628555
1	57	1663944637883146712	15989694217193463155	9016509880985124242	10939273212883992847	-11308.0019531250	0.0000000000	152.9478359150	17.9221354288
2	57	12980956238794167044	15989694217193463155	589110518855975241	9016509880985124242	-11308.0019531250	0.0000000000	152.0381850316	17.9221354288
61	3	8377011024464350224	13136219978582782769	6765259509471055700	8377011024464350224	-11308.1953125000	0.0000000000	0.4107042306	138.6985300188
11	54	14470321411588657683	17176766786220076405	4791095322872884360	18068635502626601587	-11308.2353515625	0.0000000000	116.0792145131	34.8899256414
29	54	14398537078556745867	17176766786220076405	9057666208218911793	9948556520307954957	-11308.2421875000	0.0000000000	92.1938030374	34.8967615789
46	35	1553997956211202867	3605397794407870067	12576455432657925677	16427022844601898879	-11308.2490234375	0.0000000000	55.0229618601	74.4417048030
14	61	6423494559006860906	8377011024464350224	2219784578488557086	8377011024464350224	-11308.3808593750	0.0000000000	113.7360197235	0.5962511056
60	9	9043856331746784476	13077063049571320896	11239252141959405447	12869343273098731945	-11308.3955078125	0.0000000000	7.6651810018	120.2186951326
6	28	4796237258125298137	7957190595068679351	10166075080546828372	14048939325667129981	-11308.4208984375	0.0000000000	133.8708908630	92.8078145986
23	37	15238012433641292203	17936684524565804342	41515811781091916	6295924988068693834	-11308.6738281250	0.0000000000	99.9845203629	68.2473931670
32	11	7951120196974632971	14470321411588657683	2668790072529067435	14506088485002456284	-11308.7363281250	0.0000000000	87.2897065133	116.5801910756
35	37	3605397794407870067	17936684524565804342	8330457001001520165	13324811506633264967	-11308.8828125000	0.0000000000	75.0754938655	68.4563775420
22	44	617586723319126522	15578315128438475316	7177769559474506676	17881982183920325680	-11309.1152343750	0.0000000000	101.6811789424	64.0780847403
46	23	1553997956211202867	15238012433641292203	8132302611598344205	8854336167068974487	-11309.3066406250	0.0000000000	56.0805790476	100.6173328629
46	34	1553997956211202867	14672701341454989337	8132302611598344205	15264935501848277791	-11309.3066406250	0.0000000000	56.0805790476	80.7624794592
9	58	13077063049571320896	15046754994980115532	14800015714225381323	16448291281794791181	-11309.4589843750	0.0000000000	121.2821716951	18.9177686396
59	10	8102082135955440213	18349919653237969261	6839627193746901311	15303254553094667274	-11309.5830078125	0.0000000000	12.2719571581	121.2342628555
12	53	10194892126269310538	15708012388291498265	5543588376720630783	7229331380521328439	-11309.7988281250	0.0000000000	117.5526170111	36.6421489805
22	15	617586723319126522	11580906775826567448	5386553406291597621	13965753344164344488	-11309.8916015625	0.0000000000	102.4575461299	114.5885649522
59	3	8102082135955440213	13136219978582782769	9697239962097511851	16148583856139615150	-11310.0468750000	0.0000000000	12.7358243456	140.5500925188
55	14	2648550615371424568	6423494559006860906	3023838670764224661	17691639133980974380	-11310.6152343750	0.0000000000	34.3742619769	115.9703947235
25	30	2355730244983573362	4593130431803895541	11584194268668467560	13604872816290970048	-11310.9882812500	0.0000000000	98.8659900337	94.1958211873
49	16	10881988649276130027	11354232127007768028	6311773531097083060	7155474306818936368	-11311.0595703125	0.0000000000	47.4102388466	115.3134742102
6	45	4796237258125298137	16751348948062680868	8295344565989907072	15585846760192555931	-11311.1376953125	0.0000000000	136.5876877380	65.2841869326
61	12	8377011024464350224	10194892126269310538	8377011024464350224	11981677247850688679	-11311.2041015625	0.0000000000	3.4194932931	118.9578904486
61	16	8377011024464350224	11354232127007768028	2988685229185947420	8377011024464350224	-11311.2187500000	0.0000000000	3.4341417306	115.4726538977
14	50	6423494559006860906	12348283314810212724	3029284212962707678	6108761213813227135	-11311.4755859375	0.0000000000	116.8307462860	46.5160877957
2	54	12980956238794167044	17176766786220076405	3683152778853239311	10920006448592817059	-11311.7509765625	0.0000000000	155.7872084691	38.4055506414
3	45	13136219978582782769	16751348948062680868	8295344565989907072	12877365631079865190	-11311.7792968750	0.0000000000	142.2825143938	65.9257884951
14	28	6423494559006860906	7957190595068679351	9303068900916558588	15028785357570967430	-11312.1083984375	0.0000000000	117.4635587860	96.4953145986
16	50	11354232127007768028	12348283314810212724	150144209420500868	7451412753075360669	-11313.1337890625	0.0000000000	117.3876929602	48.1742909207
19	55	1253612228629062932	2648550615371424568	4385320924540034338	17439853877497222350	-11313.1513671875	0.0000000000	113.9456991053	36.9103947894
4	54	2069402501119643584	17176766786220076405	657686364650408489	1541436621205950434	-11313.7753906250	0.0000000000	143.0307636447	40.4299647039
30	41	4593130431803895541	9579809222269879952	13046966479332691409	17687849690551156292	-11313.8955078125	0.0000000000	97.1030477498	72.2222664027
8	53	8916047823452606935	15708012388291498265	8145742695319044235	9180686129976296237	-11314.0214843750	0.0000000000	127.9961915597	40.8648052305
21	10	11214117775404256812	18349919653237969261	11032612852947111586	14973665367588861034	-11314.2021484375	0.0000000000	110.6583659752	125.8534034805
15	31	11580906775826567448	15767696770331013607	843312485752966787	9267013239488470793	-11314.2871093750	0.0000000000	118.9840727647	96.6749395806
33	5	284684315073016383	11364101874875170124	6941183576388984984	14998880612964143936	-11314.5058593750	0.0000000000	92.2363658047	142.1744775146
48	8	5558405027835075592	8916047823452606935	16391503744428648416	18205804135339374840	-11314.5146484375	0.0000000000	52.2026664880	128.4893556222
13	10	15240768799881704423	18349919653237969261	2137004374903803623	10075968804556914932	-11314.5517578125	0.0000000000	120.2096751644	126.2030128555
17	37	5689076028406110073	17936684524565804342	8102627004759424629	17198261540994621636	-11314.9882812500	0.0000000000	117.7753367891	74.5618462920
61	11	8377011024464350224	14470321411588657683	15958201035229501216	16356896250196509615	-11315.1552734375	0.0000000000	7.3706651681	122.9991363881
39	54	3901322641396918766	17176766786220076405	12219845583877120766	12343697396473347899	-11315.2460937500	0.0000000000	74.4201642495	41.9006678289
17	21	5689076028406110073	11214117775404256812	3704308380120199567	16762721542032367204	-11315.3554687500	0.0000000000	118.1425242891	111.8116862877
16	44	11354232127007768028	15578315128438475316	6112068241315226770	8809435084256559623	-11315.5126953125	0.0000000000	119.7665992102	70.4755456778
28	29	7957190595068679351	14398537078556745867	3285508894497602835	14065845019944235018	-11315.5400390625	0.0000000000	99.9269552236	99.4916545999
47	29	11133436841038152028	14398537078556745867	9268733681832945866	15190247872510018701	-11315.5947265625	0.0000000000	54.6822484111	99.5463420999
3	51	13136219978582782769	15825323351582891466	712244997324085722	15483086717304981555	-11315.6289062500	0.0000000000	146.1321237688	48.1286193651
58	18	15046754994980115532	16030136969698508910	9952230301409159851	16448291281794791181	-11315.6962890625	0.0000000000	25.1550733271	117.3607375242
19	53	1253612228629062932	15708012388291498265	1272911097849803889	5046884491203126894	-11315.9550781250	0.0000000000	116.7494100428	42.7983989805
30	37	4593130431803895541	17936684524565804342	7245676898474972763	10932432898819904824	-11315.9697265625	0.0000000000	99.1772664998	75.5432916045
6	54	4796237258125298137	17176766786220076405	13125429832062904652	18091999167730958483	-11316.3828125000	0.0000000000	141.8328049255	43.0373865789
1	53	1663944637883146712	15708012388291498265	3233108919954043661	15652578828935209456	-11316.4472656250	0.0000000000	161.3931484150	43.2905864805
61	2	8377011024464350224	12980956238794167044	13464528356907893908	15958201035229501216	-11316.7587890625	0.0000000000	8.9741807931	160.7950209691
27	31	10673404053386457034	15767696770331013607	17544292359539713157	17861658693427876244	-11317.0673828125	0.0000000000	102.3971278622	99.4552130181
30	31	4593130431803895541	15767696770331013607	595582633877166390	1355521850260462652	-11317.1416015625	0.0000000000	100.3491414998	99.5294317681
3	54	13136219978582782769	17176766786220076405	3376169393645316861	4266433853255018320	-11317.5732421875	0.0000000000	148.0764597063	44.2278162664
14	57	6423494559006860906	15989694217193463155	7593381522442625871	16126904963664149087	-11317.7011718750	0.0000000000	123.0563322235	27.6213541788
27	16	10673404053386457034	11354232127007768028	2640846775819964108	5333464830409749888	-11317.7382812500	0.0000000000	103.0680262997	121.9921851477
47	18	11133436841038152028	16030136969698508910	9364481530169342313	12438644662776189614	-11317.8525390625	0.0000000000	56.9400609111	119.5169875242
60	24	9043856331746784476	10279634891113422966	407913608824753763	16086486046594619606	-11318.0507812500	0.0000000000	17.3204544393	107.1184174984
59	36	8102082135955440213	16671577117634170902	1440960629653226925	16048292156633370176	-11318.1523437500	0.0000000000	20.8412930956	83.2861659366
48	16	5558405027835075592	11354232127007768028	6626194551678242866	13537702409596486029	-11318.5253906250	0.0000000000	56.2134086755	122.7792945227
48	20	5558405027835075592	7725911544457183932	5894596792335316768	13537702409596486029	-11318.5253906250	0.0000000000	56.2134086755	116.6775166956
26	23	8029882856898897762	15238012433641292203	3842279121454289816	18255095514119649788	-11318.5664062500	0.0000000000	105.0511597052	109.8770984879
33	60	284684315073016383	9043856331746784476	634519437335896621	775983762971671333	-11318.5673828125	0.0000000000	96.2978892422	17.8370560018
16	54	11354232127007768028	17176766786220076405	7390421352835859392	15256353675445947735	-11318.6875000000	0.0000000000	122.9414038977	45.3420740789
4	55	2069402501119643584	2648550615371424568	4994823272850033799	7268861177234659353	-11319.1669921875	0.0000000000	148.4223652072	42.9260197894
55	11	2648550615371424568	14470321411588657683	2127951777449943863	17627958441505839330	-11319.2207031250	0.0000000000	42.9797307269	127.0645660756
6	59	4796237258125298137	8102082135955440213	14656385884888594266	16726314132255672014	-11319.3925781250	0.0000000000	144.8425705505	22.0815274706
41	54	9579809222269879952	17176766786220076405	8591280728041275696	14465590803625136275	-11319.8183593750	0.0000000000	78.1451179652	46.4729334539
8	58	8916047823452606935	15046754994980115532	9514125803865577858	10417512510318459588	-11320.5136718750	0.0000000000	134.4883790597	29.9724561396
61	41	8377011024464350224	9579809222269879952	3537402870716359168	16979098473700259301	-11320.6474609375	0.0000000000	12.8628526681	78.9742195277
11	51	14470321411588657683	15825323351582891466	10187840001165765379	14170963263036247152	-11320.7470703125	0.0000000000	128.5909332631	53.2467834276
7	30	1907708025110167701	4593130431803895541	6933442834444934511	13676456823917147135	-11321.2099609375	0.0000000000	144.4696829299	104.4175008748
51	18	15825323351582891466	16030136969698508910	12685374584238055000	17333663429999481212	-11321.2353515625	0.0000000000	53.7350646776	122.8998000242
52	8	3648477905045836872	8916047823452606935	757181168046155661	9215423344801719715	-11321.9101562500	0.0000000000	53.6790312643	135.8848634347
22	35	617586723319126522	3605397794407870067	8223490090461299292	16334315408637018232	-11321.9414062500	0.0000000000	114.5073508174	88.1340876155
41	53	9579809222269879952	15708012388291498265	3233108919954043661	17122065941795467065	-11322.3203125000	0.0000000000	80.6470710902	49.1636333555
25	50	2355730244983573362	12348283314810212724	11981005925676466572	13436576583547379462	-11322.3857421875	0.0000000000	110.2634509712	57.4262440457
55	30	2648550615371424568	4593130431803895541	9599983076764398662	17949385398089360043	-11322.4257812500	0.0000000000	46.1848088519	105.6333211873
19	57	1253612228629062932	15989694217193463155	3901199242840499520	17628288453571339181	-11322.4804687500	0.0000000000	123.2748006678	32.4006510538
20	10	7725911544457183932	18349919653237969261	3913507125860078853	5724045644516343800	-11322.5908203125	0.0000000000	120.7429463831	134.2420753555
30	23	4593130431803895541	15238012433641292203	8756970625447085549	11986389145893190392	-11322.6425781250	0.0000000000	105.8501180623	113.9532703629
20	51	7725911544457183932	15825323351582891466	17681242397278226630	17796817659664948299	-11322.6562500000	0.0000000000	120.8083760706	55.1559631151
26	34	8029882856898897762	14672701341454989337	123552425430581764	9445975682241061038	-11322.8876953125	0.0000000000	109.3724487677	94.3435341467
55	17	2648550615371424568	5689076028406110073	6075929614615091961	15379234099400645936	-11323.2675781250	0.0000000000	47.0266057269	126.0546336641
40	37	17801238983892761428	17936684524565804342	17331200169628834184	17455767366472681158	-11323.3154296875	0.0000000000	82.2348439204	82.8889947295
0	61	5444899062009725693	8377011024464350224	237078388282557000	9280918505192986806	-11324.2958984375	0.0000000000	175.9912808058	16.5112901681
19	54	1253612228629062932	17176766786220076405	8131994634201806364	12435773891655367303	-11324.6367187500	0.0000000000	125.4310506678	51.2912928289
22	55	617586723319126522	2648550615371424568	2392593315049995622	8112787566559018814	-11325.3525390625	0.0000000000	117.9184836299	49.1115666644
19	59	1253612228629062932	8102082135955440213	5553564148131111009	10194547559229362356	-11325.5175781250	0.0000000000	126.3119100428	28.2065274706
14	49	6423494559006860906	10881988649276130027	6311773531097083060	12471441915103284906	-11325.7382812500	0.0000000000	131.0934415985	62.0889497841
19	23	1253612228629062932	15238012433641292203	5054373657802469869	10608652740252083188	-11325.8261718750	0.0000000000	126.6205037928	117.1368641129
4	57	2069402501119643584	15989694217193463155	15201493655346962033	16594689626236932234	-11325.8417968750	0.0000000000	155.0971698947	35.7619791788
41	27	9579809222269879952	10673404053386457034	3515903637370756957	15665985183947664497	-11325.9179687500	0.0000000000	84.2447273402	111.2477137997
60	5	9043856331746784476	11364101874875170124	15088767739830428198	17167373538653140679	-11326.0742187500	0.0000000000	25.3438919393	153.7428368896
59	8	8102082135955440213	8916047823452606935	11403134259733461512	18163851882459291626	-11326.1572265625	0.0000000000	28.8461759081	140.1319337472
60	12	9043856331746784476	10194892126269310538	5653789578606365635	8504671823287983233	-11326.3330078125	0.0000000000	25.6026810018	134.0867966986
4	39	2069402501119643584	3901322641396918766	4213278278088152207	17149295213775411626	-11326.7890625000	0.0000000000	156.0444355197	85.9631329995
19	51	1253612228629062932	15825323351582891466	2905570979314445171	8493253539066235940	-11327.1767578125	0.0000000000	127.9710897303	59.6764709276
1	49	1663944637883146712	10881988649276130027	8075623628949551392	14550442073846398944	-11327.5498046875	0.0000000000	172.4956874775	63.9004732216
5	57	11364101874875170124	15989694217193463155	5147406683532766265	9545559283710062606	-11327.5849609375	0.0000000000	155.2535790771	37.5051432413
32	29	7951120196974632971	14398537078556745867	10728355636570427963	12141115643194378622	-11327.6621093750	0.0000000000	106.2154877633	111.6137249124
16	51	11354232127007768028	15825323351582891466	8571564730645755179	8688702300600578371	-11327.7919921875	0.0000000000	132.0458960852	60.2917053026
8	60	8916047823452606935	9043856331746784476	9710124126733761068	15646685548109153717	-11328.4443359375	0.0000000000	142.4190431222	27.7140091268
28	16	7957190595068679351	11354232127007768028	4034510861029765520	11208783177490906374	-11328.6337890625	0.0000000000	113.0207052236	132.8876929602
55	41	2648550615371424568	9579809222269879952	2965365081722566894	14806176828293720658	-11328.8896484375	0.0000000000	52.6486760394	87.2164070277
46	10	1553997956211202867	18349919653237969261	10468058625636058776	11323883675010444347	-11328.8955078125	0.0000000000	75.6694462351	140.5467628555
43	29	5936153805368291701	14398537078556745867	380425716918492176	6480284195285926939	-11329.0214843750	0.0000000000	85.5813917000	112.9730999124
40	10	17801238983892761428	18349919653237969261	15601588217604124747	17823125865505973611	-11329.1669921875	0.0000000000	88.0864064204	140.8182472305
39	45	3901322641396918766	16751348948062680868	496986643711311789	3271657820112383922	-11329.1796875000	0.0000000000	88.3537579995	83.3261791201
29	10	14398537078556745867	18349919653237969261	7404967497404932333	12289023671182280132	-11329.5830078125	0.0000000000	113.5346233499	141.2342628555
15	57	11580906775826567448	15989694217193463155	1951426292496638247	4155238816020058594	-11329.6376953125	0.0000000000	134.3346587022	39.5578776163
12	36	10194892126269310538	16671577117634170902	1625646885657852866	9465369079673363584	-11329.7138671875	0.0000000000	137.4676560736	94.8476893741
4	42	2069402501119643584	16081333699103848725	11272733509879762672	15620131409544642728	-11330.3417968750	0.0000000000	159.5971698947	86.9174689964
19	60	1253612228629062932	9043856331746784476	5653789578606365635	17732234622753417597	-11331.3603515625	0.0000000000	132.1546834803	30.6300247518
48	14	5558405027835075592	6423494559006860906	6889874002555784922	14838046942946122493	-11331.4404296875	0.0000000000	69.1284477380	136.7955900360
30	11	4593130431803895541	14470321411588657683	679400521761504042	11583973116962395706	-11331.6367187500	0.0000000000	114.8442586873	139.4805817006
32	21	7951120196974632971	11214117775404256812	3033360889127376028	4396055458705811554	-11331.6835937500	0.0000000000	110.2369721383	128.1398112877
51	45	15825323351582891466	16751348948062680868	5472504651920296877	9725707293099887513	-11331.9365234375	0.0000000000	64.4362365526	86.0830150576
4	61	2069402501119643584	8377011024464350224	10269051475095935659	15169065187266073098	-11332.3027343750	0.0000000000	161.5581073947	24.5181261056
1	61	1663944637883146712	8377011024464350224	952034301428292121	2218211143294327219	-11332.8300781250	0.0000000000	177.7759609150	25.0454698556
47	51	11133436841038152028	15825323351582891466	10546601823677654822	12920550841482884223	-11332.9853515625	0.0000000000	72.0728734111	65.4850646776
55	5	2648550615371424568	11364101874875170124	4926077521741692215	17949385398089360043	-11333.1699218750	0.0000000000	56.9289494769	160.8385400146
55	35	2648550615371424568	3605397794407870067	4267224591436277191	7214932631220960765	-11333.1787109375	0.0000000000	56.9377385394	99.3713923030
17	41	5689076028406110073	9579809222269879952	4814514155314766327	12804165598458314607	-11334.3515625000	0.0000000000	137.1386180391	92.6783210902
13	37	15240768799881704423	17936684524565804342	3019478887020158449	11908986460453927982	-11334.4550781250	0.0000000000	140.1129954769	94.0286431670
6	44	4796237258125298137	15578315128438475316	3220685640172965175	10996382419551264597	-11334.8955078125	0.0000000000	160.3455002380	89.8583581778
4	45	2069402501119643584	16751348948062680868	11309982421460793172	16529952919685702822	-11335.0283203125	0.0000000000	164.2836933322	89.1748119326
8	34	8916047823452606935	14672701341454989337	9312732169118698506	12469867547172060320	-11335.0332031250	0.0000000000	149.0079103097	106.4890419592
39	12	3901322641396918766	10194892126269310538	6756470369729594355	13031643448627649806	-11335.5507812500	0.0000000000	94.7248517495	143.3045701361
46	25	1553997956211202867	2355730244983573362	1698122877393866032	12786877907813622838	-11336.2558593750	0.0000000000	83.0297977976	124.1335681587
30	24	4593130431803895541	10279634891113422966	10042529756127927995	14251607969691295960	-11336.7753906250	0.0000000000	119.9829305623	125.8430268734
19	39	1253612228629062932	3901322641396918766	5557513447122500708	14207668366751994755	-11336.9121093750	0.0000000000	137.7064412928	96.0861798745
5	53	11364101874875170124	15708012388291498265	14103689309495984666	17213794491277148853	-11336.9130859375	0.0000000000	164.5817040771	63.7564067930
6	60	4796237258125298137	9043856331746784476	9865196923613621272	11077071758814097172	-11336.9521484375	0.0000000000	162.4021408630	36.2218216268
29	51	14398537078556745867	15825323351582891466	11589797272092437892	12920550841482884223	-11337.2773437500	0.0000000000	121.2289592874	69.7770568651
39	30	3901322641396918766	4593130431803895541	9073634216246005695	10476161166920274407	-11337.8691406250	0.0000000000	97.0432111245	121.0766805623
1	58	1663944637883146712	15046754994980115532	5008126714400407250	16253452761933050586	-11338.3710937500	0.0000000000	183.3169765400	47.8298780146
53	10	15708012388291498265	18349919653237969261	15212617169596964747	16239512846474576313	-11338.5117187500	0.0000000000	65.3550396055	150.1629737930
7	13	1907708025110167701	15240768799881704423	3690370508949466127	14509533764692552007	-11338.6152343750	0.0000000000	161.8749563674	144.2731517269
25	28	2355730244983573362	7957190595068679351	4927736935395834037	8955247993165477788	-11340.2216796875	0.0000000000	128.0993884712	124.6085958486
48	5	5558405027835075592	11364101874875170124	12802075816065409567	16580765248329270257	-11340.4619140625	0.0000000000	78.1499321130	168.1305322021
1	50	1663944637883146712	12348283314810212724	8583455420628610962	8712397359112042651	-11340.5673828125	0.0000000000	185.5132656025	75.6078846707
35	17	3605397794407870067	5689076028406110073	1135799645971084098	10593106307915554005	-11340.6367187500	0.0000000000	106.8294001155	143.4237742891
17	51	5689076028406110073	15825323351582891466	2072192029823647300	3805367371217864547	-11340.7275390625	0.0000000000	143.5145946016	73.2272521776
60	15	9043856331746784476	11580906775826567448	9578321894344843828	12172891958614740979	-11341.2705078125	0.0000000000	40.5401810018	145.9674712022
7	41	1907708025110167701	9579809222269879952	5294607361430397550	5305441443068910858	-11341.6132812500	0.0000000000	164.8730032424	99.9400398402
44	37	15578315128438475316	17936684524565804342	8977586991492553283	15596686170809096669	-11341.9599609375	0.0000000000	96.9228113028	101.5335259795
60	2	9043856331746784476	12980956238794167044	3473355348668454415	6986174607670517558	-11342.5703125000	0.0000000000	41.8399856893	186.6065444066
9	53	13077063049571320896	15708012388291498265	2453845293794283310	10262107903123897940	-11342.7275390625	0.0000000000	154.5507263826	69.5708599180
60	41	9043856331746784476	9579809222269879952	1383778220403930757	11069551432667652019	-11343.2998046875	0.0000000000	42.5694778768	101.6265632777
7	38	1907708025110167701	16609698565151302728	1930381467721132924	13907094326817884344	-11343.3828125000	0.0000000000	166.6425344924	102.8562337674
5	40	11364101874875170124	17801238983892761428	1467708789986483019	2268994529898190237	-11344.1279296875	0.0000000000	171.7965478271	103.0473439204
19	28	1253612228629062932	7957190595068679351	9793942120075398479	17683969272143264730	-11344.2324218750	0.0000000000	145.0267537928	128.6193380361
7	35	1907708025110167701	3605397794407870067	10869654068165093319	13493862417482458629	-11344.4921875000	0.0000000000	167.7519094924	110.6848688655
7	29	1907708025110167701	14398537078556745867	12093401442512976182	15002804232928258949	-11344.5585937500	0.0000000000	167.8183157424	128.5102092874
7	34	1907708025110167701	14672701341454989337	118703425188598031	8452333044294180901	-11345.1953125000	0.0000000000	168.4550344924	116.6511513342
28	10	7957190595068679351	18349919653237969261	1596797682851862050	17984308223101497852	-11345.5078125000	0.0000000000	129.8947286611	157.1590675430
55	34	2648550615371424568	14672701341454989337	10649350769166918277	12703882115523058850	-11345.6259765625	0.0000000000	69.3850041644	117.0818153967
55	3	2648550615371424568	13136219978582782769	1370498794018266919	1943175940735612325	-11346.6259765625	0.0000000000	70.3850041644	177.1291940813
25	35	2355730244983573362	3605397794407870067	14420917618266457659	17275699109700726162	-11346.7832031250	0.0000000000	134.6609119087	112.9758844905
30	29	4593130431803895541	14398537078556745867	168880852630659919	16704391348256340265	-11347.8466796875	0.0000000000	131.0542196248	131.7982952249
32	10	7951120196974632971	18349919653237969261	3686316965566353914	11474285448936093088	-11347.9101562500	0.0000000000	126.4635346383	159.5614112930
17	29	5689076028406110073	14398537078556745867	1684647580041533258	7001467233324871542	-11348.2695312500	0.0000000000	151.0565867891	132.2211467874
19	61	1253612228629062932	8377011024464350224	17124061323720168196	17314009956584956281	-11349.3476562500	0.0000000000	150.1419881678	41.5630479806
46	39	1553997956211202867	3901322641396918766	11802315860118032180	18443888369059938469	-11349.4482421875	0.0000000000	96.2221806101	108.6223126870
14	58	6423494559006860906	15046754994980115532	958606006560370040	14805013512561086036	-11349.7255859375	0.0000000000	155.0807462860	59.1843702021
26	59	8029882856898897762	8102082135955440213	4986732563986732490	14474940043277853215	-11349.9833984375	0.0000000000	136.4681518927	52.6723477831
30	59	4593130431803895541	8102082135955440213	3335455382161254919	14993455481544588624	-11351.0400390625	0.0000000000	134.2475789998	53.7289884081
60	21	9043856331746784476	11214117775404256812	3057024159043779120	13353336209698740806	-11351.4736328125	0.0000000000	50.7433060018	147.9298503502
26	58	8029882856898897762	15046754994980115532	4142353910027440849	18344303779912752952	-11351.6162109375	0.0000000000	138.1009643927	61.0749952021
31	10	15767696770331013607	18349919653237969261	5683503257038726238	14839058205531119504	-11351.6884765625	0.0000000000	134.0763067681	163.3397316055
35	59	3605397794407870067	8102082135955440213	4057672984306439215	4531793644969057093	-11352.7587890625	0.0000000000	118.9514704280	55.4477384081
26	29	8029882856898897762	14398537078556745867	4199957191558817672	16468691858999505747	-11352.9531250000	0.0000000000	139.4378784552	136.9047405374
54	10	17176766786220076405	18349919653237969261	5994058595098226324	7242596917704541904	-11354.1025390625	0.0000000000	80.7571131414	165.7537941055
16	58	11354232127007768028	15046754994980115532	958606006560370040	6017309332835669203	-11354.1816406250	0.0000000000	158.4355445227	63.6404248896
61	9	8377011024464350224	13077063049571320896	13887740192306750122	17641978715054826084	-11355.1904296875	0.0000000000	47.4058214181	167.0136170076
46	59	1553997956211202867	8102082135955440213	538166770273141304	16173501873647461546	-11355.9990234375	0.0000000000	102.7729618601	58.6879727831
32	24	7951120196974632971	10279634891113422966	17894107314106229766	18410748639308914683	-11356.1367187500	0.0000000000	134.6900971383	145.2043549984
48	17	5558405027835075592	5689076028406110073	13466218475303157411	15301708189958421710	-11356.4052734375	0.0000000000	94.0932914880	159.1923289766
15	45	11580906775826567448	16751348948062680868	11531719828908640334	15027752513799688659	-11356.4755859375	0.0000000000	161.1725493272	110.6220775576
26	42	8029882856898897762	16081333699103848725	5384352281522969074	7859505823635534232	-11356.5712890625	0.0000000000	143.0560425177	113.1469611839
47	15	11133436841038152028	11580906775826567448	968074642416361831	13653591594503891080	-11356.6005859375	0.0000000000	95.6881077861	161.2975493272
5	38	11364101874875170124	16609698565151302728	5214501043646013231	8874899060219414582	-11356.8291015625	0.0000000000	184.4977197021	116.3025228299
22	48	617586723319126522	5558405027835075592	11894988278260218676	13027691383415052632	-11356.8671875000	0.0000000000	149.4331320674	94.5552055505
59	15	8102082135955440213	11580906775826567448	1441614824323160609	5725778953505107247	-11357.9306640625	0.0000000000	60.6196134081	162.6276274522
25	24	2355730244983573362	10279634891113422966	4910845337717268484	17724705242778386742	-11358.1113281250	0.0000000000	145.9890369087	147.1789643734
14	60	6423494559006860906	9043856331746784476	14295405587135672116	15357699627518216348	-11358.5234375000	0.0000000000	163.8785978485	57.7931106893
28	41	7957190595068679351	9579809222269879952	2571490906360591998	15716354018413405090	-11358.7285156250	0.0000000000	143.1154317861	117.0552742152
28	12	7957190595068679351	10194892126269310538	3140324935629016847	4628403606641067304	-11359.3144531250	0.0000000000	143.7013692861	167.0682420111
51	10	15825323351582891466	18349919653237969261	3072701459429098568	10474272956686175157	-11359.8056640625	0.0000000000	92.3053771776	171.4569191055
46	17	1553997956211202867	5689076028406110073	7595349871806865862	12296276745693522625	-11360.1875000000	0.0000000000	106.9614384226	162.9745555391
17	45	5689076028406110073	16751348948062680868	2410390489270228168	12801618124814619115	-11360.2177734375	0.0000000000	163.0048289766	114.3642650576
12	58	10194892126269310538	15046754994980115532	943324733483501412	12139166684060136429	-11360.5224609375	0.0000000000	168.2762498236	69.9812452021
13	45	15240768799881704423	16751348948062680868	12131098146500133730	15753508964301284586	-11360.6943359375	0.0000000000	166.3522532894	114.8408275576
7	42	1907708025110167701	16081333699103848725	5990890030925145622	9547017500652005486	-11361.6640625000	0.0000000000	184.9237844924	118.2397346214
15	53	11580906775826567448	15708012388291498265	6999377598826270309	14239725500696422028	-11362.0322265625	0.0000000000	166.7291899522	88.8755474180
35	3	3605397794407870067	13136219978582782769	3573058497318262823	16360888244917808526	-11362.3808593750	0.0000000000	128.5735407405	192.8840768938
3	34	13136219978582782769	14672701341454989337	6156459860320573298	14596180222252933956	-11363.9365234375	0.0000000000	194.4397409563	135.3923622717
30	13	4593130431803895541	15240768799881704423	5685514300082141271	15903801681735412678	-11365.9355468750	0.0000000000	149.1430868123	171.5934642269
15	51	11580906775826567448	15825323351582891466	1636898060914669897	2253453445737538112	-11367.6992187500	0.0000000000	172.3961821397	100.1989318651
7	24	1907708025110167701	10279634891113422966	16217273783298973041	17377766756530378536	-11368.6396484375	0.0000000000	191.8993704299	157.7072846859
6	51	4796237258125298137	15825323351582891466	4869767582601583415	6685677140590659832	-11369.0849609375	0.0000000000	194.5349533630	101.5846740526
4	34	2069402501119643584	14672701341454989337	16601055694619600893	18277975907624807832	-11371.1855468750	0.0000000000	200.4409198947	142.6413857092
28	42	7957190595068679351	16081333699103848725	2321214674297655146	3429597478752054438	-11372.7871093750	0.0000000000	157.1740255361	129.3627814964
47	16	11133436841038152028	11354232127007768028	18085634481162356079	18348876885960363384	-11373.3925781250	0.0000000000	112.4800999736	177.6464820227
53	18	15708012388291498265	16030136969698508910	9902177910121622561	18243086427501730194	-11373.9433593750	0.0000000000	100.7866802305	175.6078078367
60	47	9043856331746784476	11133436841038152028	978480628706464520	11496888308297859646	-11375.4423828125	0.0000000000	74.7120560018	114.5299046611
52	12	3648477905045836872	10194892126269310538	3230679554349681472	6065897245816369854	-11380.2412109375	0.0000000000	112.0100859518	187.9949998236
60	16	9043856331746784476	11354232127007768028	1200051314162793739	5924810309192195747	-11382.9658203125	0.0000000000	82.2354935018	187.2197242102
52	3	3648477905045836872	13136219978582782769	3462748171131317231	8543187115883120633	-11384.5117187500	0.0000000000	116.2805937643	215.0149362688
26	38	8029882856898897762	16609698565151302728	21339249669191028	2634463571981605761	-11406.8076171875	0.0000000000	193.2923706427	166.2810384549
