section	statistic	value
summary	numTrees	2027025
summary	numEdges	14189175
summary	meanDegree	14.0000000000
local	numLocalPeaks	53
local	posteriorMassOfLocalPeaks	0.4196284826
local	meanUphillFraction	0.4973627783
local	posteriorWeightedMeanUphillFraction	0.0550014802
local	meanBestNeighborLnLDifference	17.8787496234
local	posteriorWeightedMeanBestNeighborLnLDifference	0.3987615497
local	meanNeighborAbsLnLDifference	5.9945330525
local	posteriorWeightedMeanNeighborAbsLnLDifference	7.7770668271
basin	numPeaks	53
basin	numPeaksMassGreater01	3
basin	numPeaksMassGreater05	3
basin	largestBasinSize	648884
basin	largestBasinMass	0.8434380384
basin	basinMassEntropy	0.5425225248
basin	effectiveNumBasins	1.7203409962
basin	mapTreeHash	10036811588047716655
basin	mapPeakHash	10036811588047716655
basin	mapPeakId	0
basin	mapBasinMass	0.8434380384
basin	posteriorMassOutsideMapBasin	0.1565619616
ascent	meanAscentLength	9.5775232175
ascent	posteriorWeightedMeanAscentLength	0.6460660858
ascent	meanAscentLengthCredible95	0.7777777778
ascent	posteriorWeightedMeanAscentLengthCredible95	0.5949313365
ascent	maxAscentLength	25
credible95	credible95NumTrees	9
credible95	credible95Mass	0.9566458237
credible95	credible95NumComponents	2
credible95	credible95LargestComponentSize	7
credible95	credible95LargestComponentMass	0.8814955649
credible95	credible95MapComponentSize	7
credible95	credible95MapComponentMass	0.8814955649
barrier	basinGraphEdges	1247
barrier	meanBasinGraphDegree	47.0566037736
barrier	mapBasinGraphDegree	52
barrier	basinGraphConnected	1
barrier	minBarrierFromMap	2.2658800995
barrier	meanBarrier	42.3690487166
barrier	posteriorWeightedMeanBarrier	3.6504545773
barrier	maxBarrier	127.4649534236

# peaks
peakId	peakHash	peakTreeProbability	basinNumTrees	basinPosteriorMass
0	10036811588047716655	0.3095333477	648884	0.8434380384
1	860876305145665765	0.0720106101	46514	0.0741547264
2	12733071383974509954	0.0380730849	168298	0.0823762465
3	5552113180832563101	0.0000087950	198157	0.0000252126
4	17220593997692396363	0.0000019901	32465	0.0000042625
5	11977667856018223935	0.0000004016	116453	0.0000010588
6	1072625227153782097	0.0000000969	12556	0.0000001832
7	5611218159028451392	0.0000000772	10236	0.0000001555
8	5462485296725942931	0.0000000723	23193	0.0000001039
9	2222398063721936362	0.0000000053	20970	0.0000000083
10	7749690271951988912	0.0000000013	39649	0.0000000040
11	12381492703085286070	0.0000000000	10099	0.0000000000
12	2641543948053263711	0.0000000000	74942	0.0000000000
13	15987434915575809802	0.0000000000	43709	0.0000000000
14	6358255718776659690	0.0000000000	10545	0.0000000000
15	6195206690273133071	0.0000000000	3942	0.0000000000
16	8446310031112680844	0.0000000000	4467	0.0000000000
17	9873031539140435496	0.0000000000	33840	0.0000000000
18	13763709422196672176	0.0000000000	22454	0.0000000000
19	17965359578218694904	0.0000000000	17738	0.0000000000
20	5435679158371172819	0.0000000000	46930	0.0000000000
21	14768427494519615233	0.0000000000	56435	0.0000000000
22	3022618388336993979	0.0000000000	1814	0.0000000000
23	6443820352087301020	0.0000000000	22133	0.0000000000
24	11631265131533850668	0.0000000000	8487	0.0000000000
25	2682801455768472549	0.0000000000	4695	0.0000000000
26	10967727085068043915	0.0000000000	15297	0.0000000000
27	13538566489163057423	0.0000000000	614	0.0000000000
28	733906256873087815	0.0000000000	14663	0.0000000000
29	7301240505051149561	0.0000000000	4448	0.0000000000
30	5203471534380229361	0.0000000000	3462	0.0000000000
31	14813934179103814365	0.0000000000	7104	0.0000000000
32	10925133780581669318	0.0000000000	3899	0.0000000000
33	2076865596415246269	0.0000000000	3486	0.0000000000
34	3110814362846582808	0.0000000000	2962	0.0000000000
35	9139022557798495811	0.0000000000	4506	0.0000000000
36	5246270967241916897	0.0000000000	6974	0.0000000000
37	7450660908424304444	0.0000000000	44417	0.0000000000
38	12571387833946368515	0.0000000000	148084	0.0000000000
39	14858462082933410047	0.0000000000	24996	0.0000000000
40	12012381597964996384	0.0000000000	14791	0.0000000000
41	6498372384346598727	0.0000000000	8727	0.0000000000
42	11467316390764463082	0.0000000000	8452	0.0000000000
43	7237992144199475575	0.0000000000	1581	0.0000000000
44	5668354083094908588	0.0000000000	2755	0.0000000000
45	18047896203716915955	0.0000000000	1169	0.0000000000
46	12322577367159450797	0.0000000000	5330	0.0000000000
47	7641181535628081949	0.0000000000	11379	0.0000000000
48	15312254174016176336	0.0000000000	3192	0.0000000000
49	15884879130643015875	0.0000000000	657	0.0000000000
50	7558636062484103727	0.0000000000	823	0.0000000000
51	16563774699587352176	0.0000000000	1763	0.0000000000
52	12905926772885617575	0.0000000000	1889	0.0000000000

# saddles
peakId1	peakId2	peakHash1	peakHash2	saddleTree1	saddleTree2	saddleLnL	saddleProbability	barrierFromPeak1	barrierFromPeak2
1	0	860876305145665765	10036811588047716655	860876305145665765	877723439750209227	-3135.7800292969	0.0321097976	0.8076277373	2.2658800995
0	2	10036811588047716655	12733071383974509954	7069580759012533515	11316881628472802010	-3139.2365722656	0.0010126336	5.7224230682	3.6268648351
2	4	12733071383974509954	17220593997692396363	1845260453801108264	17220593997692396363	-3146.4990234375	0.0000007103	10.8893160070	1.0302433672
0	4	10036811588047716655	17220593997692396363	7644684905279841030	13520415177058340147	-3147.1235351562	0.0000003804	13.6093859589	1.6547550859
3	5	5552113180832563101	11977667856018223935	1933041367466424530	12417636897274912583	-3148.6972656250	0.0000000788	4.7144783506	1.6281016212
1	2	860876305145665765	12733071383974509954	7859991401195364501	15591599691605686421	-3148.8745117188	0.0000000660	13.9021101592	13.2648042882
1	6	860876305145665765	1072625227153782097	5207644503876432984	14659043034790728110	-3148.9790039062	0.0000000595	14.0066023467	0.4880054424
6	7	1072625227153782097	5611218159028451392	5611218159028451392	14659043034790728110	-3148.9790039062	0.0000000595	0.4880054424	0.2610960017
6	0	1072625227153782097	10036811588047716655	1072625227153782097	8972689664160865313	-3149.3547363281	0.0000000408	0.8637378643	15.8405871307
8	3	5462485296725942931	5552113180832563101	5462485296725942931	11786474484007510750	-3149.8859863281	0.0000000240	1.1022519365	5.9031990538
7	4	5611218159028451392	17220593997692396363	2624224543006815399	5560751626842014128	-3149.9414062500	0.0000000227	1.2234983454	4.4726261797
8	5	5462485296725942931	11977667856018223935	5462485296725942931	5611349309968591215	-3150.1652832031	0.0000000182	1.3815488115	3.0961191993
1	7	860876305145665765	5611218159028451392	5560751626842014128	14968998607605221922	-3150.2919921875	0.0000000160	15.3195906279	1.5740842829
7	0	5611218159028451392	10036811588047716655	5611218159028451392	13262018678644411950	-3150.4865722656	0.0000000132	1.7686643611	16.9724230682
6	2	1072625227153782097	12733071383974509954	1072625227153782097	12578183137212612052	-3150.6679687500	0.0000000110	2.1769702862	15.0582613195
9	8	2222398063721936362	5462485296725942931	2222398063721936362	7953387486048751370	-3151.4189453125	0.0000000052	0.0265315041	2.6352109209
9	3	2222398063721936362	5552113180832563101	2222398063721936362	4865910012752991759	-3151.5729980469	0.0000000044	0.1805842385	7.5902107725
0	5	10036811588047716655	11977667856018223935	3006920824217198961	3156683328457566995	-3152.0659179688	0.0000000027	18.5517687714	4.9967539650
3	2	5552113180832563101	12733071383974509954	5286670131692932067	5585230574224728025	-3152.3432617188	0.0000000021	8.3604744444	16.7335542882
10	2	7749690271951988912	12733071383974509954	4122391911784487504	7749690271951988912	-3153.2661132812	0.0000000008	0.4530419664	17.6564058507
7	2	5611218159028451392	12733071383974509954	7862639527146174187	8959584735632898657	-3153.6694335938	0.0000000005	4.9515256892	18.0597261632
8	0	5462485296725942931	10036811588047716655	13586506078208823301	15030017829058001936	-3154.8640136719	0.0000000002	6.0802792803	21.3498644745
10	0	7749690271951988912	10036811588047716655	8963566446811109461	16267724728220664384	-3155.2395019531	0.0000000001	2.4264306383	21.7253527557
3	0	5552113180832563101	10036811588047716655	5009002772244464920	10623903033160654848	-3155.2404785156	0.0000000001	11.2576912413	21.7263293182
9	0	2222398063721936362	10036811588047716655	13256200019895629257	13500551580420435964	-3156.2607421875	0.0000000000	4.8683283791	22.7465929901
1	10	860876305145665765	7749690271951988912	1261813825826897852	14953166898580510891	-3157.7246093750	0.0000000000	22.7522078154	4.9115380602
9	2	2222398063721936362	12733071383974509954	4320409500657000675	8387976651760815707	-3158.2241210938	0.0000000000	6.8317072854	22.6144136632
9	5	2222398063721936362	11977667856018223935	10133350329587314468	12151799004555135030	-3158.4882812500	0.0000000000	7.0958674416	11.4191172462
6	10	1072625227153782097	7749690271951988912	16518522027097278673	18024880511568346344	-3158.6684570312	0.0000000000	10.1774585674	5.8553857164
7	10	5611218159028451392	7749690271951988912	3078309446998597106	11108491627256628627	-3160.0278320312	0.0000000000	11.3099241267	7.2147607164
10	4	7749690271951988912	17220593997692396363	228632872457099529	4847943542564898100	-3160.1989746094	0.0000000000	7.3859032946	14.7301945391
1	5	860876305145665765	11977667856018223935	2589212569179174011	7747194482581569577	-3161.0312500000	0.0000000000	26.0588484404	13.9620859962
1	4	860876305145665765	17220593997692396363	9138561192110653554	12898494186864003208	-3161.6538085938	0.0000000000	26.6814070342	16.1850285234
5	2	11977667856018223935	12733071383974509954	4142332296157016024	18224486732980384210	-3163.0815429688	0.0000000000	16.0123789650	27.4718355382
9	11	2222398063721936362	12381492703085286070	1918030747024574318	12365505231004908888	-3163.3933105469	0.0000000000	12.0008967385	1.3921456451
3	11	5552113180832563101	12381492703085286070	1918030747024574318	3914318030033861425	-3163.9079589844	0.0000000000	19.9251717100	1.9067940826
1	3	860876305145665765	5552113180832563101	996500735131781580	11718785808776261634	-3164.0690917969	0.0000000000	29.0966902373	20.0863045225
12	13	2641543948053263711	15987434915575809802	2443485020103393016	16384689863514164884	-3166.0468750000	0.0000000000	1.6668151596	1.3567426334
8	11	5462485296725942931	12381492703085286070	1918030747024574318	10550186299509167929	-3166.1140136719	0.0000000000	17.3302792803	4.1128487701
8	2	5462485296725942931	12733071383974509954	2642941903158523426	7304746160951988405	-3166.3352050781	0.0000000000	17.5514706865	30.7254976476
1	8	860876305145665765	5462485296725942931	2850564539623730926	16708169606202891411	-3167.3488769531	0.0000000000	32.3764753936	18.5651425615
6	3	1072625227153782097	5552113180832563101	3048446450227741857	4483521016004772391	-3167.3942871094	0.0000000000	18.9032886456	23.4114998350
3	10	5552113180832563101	7749690271951988912	4737496023370290178	5666810902290582130	-3167.6059570312	0.0000000000	23.6231697569	14.7928857164
0	11	10036811588047716655	12381492703085286070	3565312226333486418	12808755550588690308	-3167.6086425781	0.0000000000	34.0944933807	5.6074776764
9	4	2222398063721936362	17220593997692396363	3022217364379873733	9688053452403110686	-3167.9863281250	0.0000000000	16.5939143166	22.5175480547
8	10	5462485296725942931	7749690271951988912	13900718154053426224	16349466902389041961	-3168.3488769531	0.0000000000	19.5651425615	15.5358056383
9	10	2222398063721936362	7749690271951988912	1278158538302711670	3672095152113062590	-3168.3583984375	0.0000000000	16.9659846291	15.5453271227
12	0	2641543948053263711	10036811588047716655	1755922211188717903	12783942547049757002	-3168.7409667969	0.0000000000	4.3609069565	35.2268175995
12	14	2641543948053263711	6358255718776659690	6358255718776659690	17397545746456857197	-3169.2277832031	0.0000000000	4.8477233627	0.9208222522
12	15	2641543948053263711	6195206690273133071	6195206690273133071	17397545746456857197	-3169.2277832031	0.0000000000	4.8477233627	0.8489149229
16	0	8446310031112680844	10036811588047716655	8446310031112680844	16951639075557103149	-3169.4870605469	0.0000000000	0.7576947124	35.9729113495
6	9	1072625227153782097	2222398063721936362	1755486908651241868	15361800870850310249	-3169.7150878906	0.0000000000	21.2240894268	18.3226740822
3	16	5552113180832563101	8446310031112680844	8689603180529826502	10949931001725086673	-3170.0612792969	0.0000000000	26.0784920225	1.3319134624
16	5	8446310031112680844	11977667856018223935	5941535092722467570	10949931001725086673	-3170.0612792969	0.0000000000	1.3319134624	22.9921152931
0	19	10036811588047716655	17965359578218694904	13016671308691293642	17965359578218694904	-3170.5480957031	0.0000000000	37.0339465057	0.8866239057
13	19	15987434915575809802	17965359578218694904	8789382775262842003	12040167856407139721	-3170.5869140625	0.0000000000	5.8967816959	0.9254422651
10	11	7749690271951988912	12381492703085286070	6850369311726596254	11901710934917856919	-3171.0268554688	0.0000000000	18.2137841539	9.0256905670
3	7	5552113180832563101	5611218159028451392	2479255951615288588	6040109315883959260	-3171.0659179688	0.0000000000	27.0831306944	22.3480100642
14	13	6358255718776659690	15987434915575809802	6358255718776659690	8135697248620369410	-3171.2192382812	0.0000000000	2.9122773304	6.5291059147
20	0	5435679158371172819	10036811588047716655	1548056848128171738	5472831084307390271	-3171.7539062500	0.0000000000	1.0585908376	38.2397570526
0	18	10036811588047716655	13763709422196672176	11699164022618030968	13763709422196672176	-3172.2480468750	0.0000000000	38.7338976776	2.7568503483
2	13	12733071383974509954	15987434915575809802	7620617412182728815	11463717798807495932	-3172.3332519531	0.0000000000	36.7235445226	7.6431195866
22	14	3022618388336993979	6358255718776659690	74965406293702806	3022618388336993979	-3172.5690917969	0.0000000000	0.1550308997	4.2621308460
20	17	5435679158371172819	9873031539140435496	12825913420685298601	14474424498135016633	-3172.6115722656	0.0000000000	1.9162568533	3.6884600951
17	18	9873031539140435496	13763709422196672176	4297367738648059925	9076830059764845109	-3172.6984863281	0.0000000000	3.7753741576	3.2072898014
15	0	6195206690273133071	10036811588047716655	1534559378676029093	9621200535466131987	-3172.6994628906	0.0000000000	4.3205946104	39.1853136932
12	22	2641543948053263711	3022618388336993979	3022618388336993979	4713596904351532539	-3172.7209472656	0.0000000000	8.3408874252	0.3068863684
14	0	6358255718776659690	10036811588047716655	74965406293702806	17792621558744000520	-3172.8002929688	0.0000000000	4.4933320179	39.2861437714
22	0	3022618388336993979	10036811588047716655	3022618388336993979	17792621558744000520	-3172.8002929688	0.0000000000	0.3862320716	39.2861437714
22	13	3022618388336993979	15987434915575809802	3022618388336993979	6536719821048531584	-3173.1066894531	0.0000000000	0.6926285559	8.4165570866
0	21	10036811588047716655	14768427494519615233	5607954905387910888	10663829567541026936	-3173.3552246094	0.0000000000	39.8410754120	1.7977544943
13	4	15987434915575809802	17220593997692396363	15032512472298879277	16613800964378062784	-3173.5983886719	0.0000000000	8.9082563053	28.1296086016
0	13	10036811588047716655	15987434915575809802	7405098918365907072	10813898387776289308	-3174.0412597656	0.0000000000	40.5271105682	9.3511273991
23	21	6443820352087301020	14768427494519615233	1140291693320310513	16424045929409199759	-3174.1303710938	0.0000000000	0.6297940405	2.5729009787
5	11	11977667856018223935	12381492703085286070	5133471107708224075	9709242082751480027	-3174.2839355469	0.0000000000	27.2147715431	12.2827706451
16	11	8446310031112680844	12381492703085286070	3499049350375305335	6353159283811793303	-3174.4306640625	0.0000000000	5.7012982280	12.4294991607
12	4	2641543948053263711	17220593997692396363	2728806007596425937	4681112220357783416	-3174.5954589844	0.0000000000	10.2153991440	29.1266789141
24	21	11631265131533850668	14768427494519615233	5524034849584179730	10679601504833254715	-3174.9404296875	0.0000000000	1.2803707623	3.3829595724
1	16	860876305145665765	8446310031112680844	4508876757714042074	7642361326343280743	-3175.2150878906	0.0000000000	40.2426863311	6.4857220561
14	2	6358255718776659690	12733071383974509954	2424043716525983813	9042976789165653381	-3175.2204589844	0.0000000000	6.9134980335	39.6107515539
22	2	3022618388336993979	12733071383974509954	2424043716525983813	18068980338987164601	-3175.2204589844	0.0000000000	2.8063980872	39.6107515539
11	2	12381492703085286070	12733071383974509954	1198391944115581159	13490718145522530974	-3175.2883300781	0.0000000000	13.2871651764	39.6786226476
25	17	2682801455768472549	9873031539140435496	2682801455768472549	3556540747527911828	-3175.6625976562	0.0000000000	0.1254158258	6.7394854857
6	4	1072625227153782097	17220593997692396363	2814021684424114573	5046778845583385237	-3175.9218750000	0.0000000000	27.4308765362	30.4530949297
25	20	2682801455768472549	5435679158371172819	2682801455768472549	11412807337897840540	-3175.9340820312	0.0000000000	0.3969002008	5.2387666189
0	24	10036811588047716655	11631265131533850668	4692110095096214979	11631265131533850668	-3175.9765625000	0.0000000000	42.4624133026	2.3165035748
6	5	1072625227153782097	11977667856018223935	10436861986254282658	12594438266628081224	-3176.1242675781	0.0000000000	27.6332691143	29.0551035743
22	4	3022618388336993979	17220593997692396363	1749692177566366344	8882228800055537465	-3176.2304687500	0.0000000000	3.8164078528	30.7616886797
2	21	12733071383974509954	14768427494519615233	3618834508869555896	10679601504833254715	-3176.3369140625	0.0000000000	40.7272066320	4.7794439474
10	5	7749690271951988912	11977667856018223935	8637683885999455477	15743728450577772256	-3176.3420410156	0.0000000000	23.5289697008	29.2728770118
17	2	9873031539140435496	12733071383974509954	8090702544401953363	12163459516245408421	-3176.4018554688	0.0000000000	7.4787432982	40.7921480382
2	19	12733071383974509954	17965359578218694904	7054987200138370454	11322495446815284478	-3176.5837402344	0.0000000000	40.9740328039	6.9222684369
15	27	6195206690273133071	13538566489163057423	13538566489163057423	15083804993482246688	-3176.7058105469	0.0000000000	8.3269422666	0.1675613629
14	4	6358255718776659690	17220593997692396363	6726291224491702636	16224359414011571680	-3176.8193359375	0.0000000000	8.5123749866	31.3505558672
24	2	11631265131533850668	12733071383974509954	5524034849584179730	16865813186295621132	-3176.8227539062	0.0000000000	3.1626949810	41.2130464757
9	16	2222398063721936362	8446310031112680844	10061061633535414716	18230238593716712866	-3176.8852539062	0.0000000000	25.4928400979	8.1558880718
7	13	5611218159028451392	15987434915575809802	4153946691581659151	13939555212835290667	-3177.0126953125	0.0000000000	28.2947874079	12.3225629459
7	15	5611218159028451392	6195206690273133071	13939555212835290667	15083804993482246688	-3177.0126953125	0.0000000000	28.2947874079	8.6338270322
7	27	5611218159028451392	13538566489163057423	13538566489163057423	13939555212835290667	-3177.0126953125	0.0000000000	28.2947874079	0.4744461286
12	7	2641543948053263711	5611218159028451392	13939555212835290667	17137114108780455632	-3177.0126953125	0.0000000000	12.6326354721	28.2947874079
23	0	6443820352087301020	10036811588047716655	6483356791295276327	11388290469479044316	-3177.0732421875	0.0000000000	3.5726651342	43.5590929901
15	14	6195206690273133071	6358255718776659690	73743160790382557	15419463694705432561	-3177.1135253906	0.0000000000	8.7346571104	8.8065644397
27	13	13538566489163057423	15987434915575809802	8740414708184885913	13538566489163057423	-3177.1357421875	0.0000000000	0.5974930036	12.4456098209
17	0	9873031539140435496	10036811588047716655	4301590014889460772	5080365537405106903	-3177.2131347656	0.0000000000	8.2900225951	43.6989855682
2	18	12733071383974509954	13763709422196672176	5412308529543950640	14795965018860457754	-3177.3251953125	0.0000000000	41.7154878820	7.8339987858
8	16	5462485296725942931	8446310031112680844	7495733341033320535	10061061633535414716	-3177.6838378906	0.0000000000	28.9001034990	8.9544720561
12	27	2641543948053263711	13538566489163057423	2361081833569927355	13538566489163057423	-3177.7727050781	0.0000000000	13.3926452377	1.2344558942
26	24	10967727085068043915	11631265131533850668	10967727085068043915	18358064186232480478	-3178.0139160156	0.0000000000	1.5373017097	4.3538570904
7	14	5611218159028451392	6358255718776659690	10813973639919332637	11465285706096542971	-3178.1516113281	0.0000000000	29.4337034236	9.8446503772
25	0	2682801455768472549	10036811588047716655	8650355921535984653	13930952401744587243	-3178.2631835938	0.0000000000	2.7260017633	44.7490343964
15	13	6195206690273133071	15987434915575809802	15083804993482246688	17319518165655336585	-3178.2817382812	0.0000000000	9.9028700010	13.5916059147
1	12	860876305145665765	2641543948053263711	5960087341801215184	12772354319304527002	-3178.4055175781	0.0000000000	43.4331160186	14.0254577377
1	15	860876305145665765	6195206690273133071	1534559378676029093	3644450035708547251	-3178.5454101562	0.0000000000	43.5730085967	10.1665418760
12	2	2641543948053263711	12733071383974509954	6592146794157287750	13273626946926775881	-3178.6564941406	0.0000000000	14.2764343002	43.0467867101
26	21	10967727085068043915	14768427494519615233	13737998603279066104	13835353493819519434	-3178.7822265625	0.0000000000	2.3056122566	7.2247564474
20	2	5435679158371172819	12733071383974509954	1599584562498322049	12203921359071287039	-3179.1193847656	0.0000000000	8.4240693533	43.5096773351
1	11	860876305145665765	12381492703085286070	7422095016865709663	11517983407830379362	-3179.1828613281	0.0000000000	44.2104597686	17.1816964264
23	26	6443820352087301020	10967727085068043915	12801776285997355327	13779769456115037615	-3179.3295898438	0.0000000000	5.8290127905	2.8529755378
6	8	1072625227153782097	5462485296725942931	8398077178083216293	8569438523977793820	-3179.3398437500	0.0000000000	30.8488452862	30.5561093584
1	13	860876305145665765	15987434915575809802	1268923243348438175	11201638791688978448	-3179.7465820312	0.0000000000	44.7741804717	15.0564496647
1	27	860876305145665765	13538566489163057423	1268923243348438175	13538566489163057423	-3179.7465820312	0.0000000000	44.7741804717	3.2083328473
28	3	733906256873087815	5552113180832563101	733906256873087815	17802959841399590601	-3180.0583496094	0.0000000000	0.3097626497	36.0755623350
1	23	860876305145665765	6443820352087301020	11388290469479044316	15903022214330665080	-3180.6296386719	0.0000000000	45.6572371123	7.1290616186
3	13	5552113180832563101	15987434915575809802	5341211971277942582	11149247883984731618	-3180.8347167969	0.0000000000	36.8519295225	16.1445844303
16	2	8446310031112680844	12733071383974509954	5894294088896831841	14833006643691000615	-3180.9125976562	0.0000000000	12.1832318218	45.3028902257
29	4	7301240505051149561	17220593997692396363	7301240505051149561	10343854492409001780	-3180.9997558594	0.0000000000	0.5779239972	35.5309757891
14	27	6358255718776659690	13538566489163057423	13152859748824332604	17187564691736778932	-3181.1147460938	0.0000000000	12.8077851429	4.5764969098
1	19	860876305145665765	17965359578218694904	2166787950036920339	6578538043632370874	-3181.1750488281	0.0000000000	46.2026472686	11.5135770307
29	0	7301240505051149561	10036811588047716655	4231929099536992523	7301240505051149561	-3181.3049316406	0.0000000000	0.8830997785	47.7907824432
15	2	6195206690273133071	12733071383974509954	11497792103196971786	15242597703105070769	-3181.3347167969	0.0000000000	12.9558485166	45.7250093664
26	2	10967727085068043915	12733071383974509954	1701113448845816399	3277005421771230599	-3181.5388183594	0.0000000000	5.0622040534	45.9291109289
6	20	1072625227153782097	5435679158371172819	14394301389070705257	16773405936913824913	-3181.6005859375	0.0000000000	33.1095874737	10.9052705251
0	31	10036811588047716655	14813934179103814365	6559317674220712237	17287503458134266233	-3181.7697753906	0.0000000000	48.2556261932	0.6046241985
0	32	10036811588047716655	10925133780581669318	10925133780581669318	12007772679691716652	-3181.7729492188	0.0000000000	48.2588000214	0.1422899110
6	21	1072625227153782097	14768427494519615233	8063101080480569951	12139948608546054108	-3181.8190917969	0.0000000000	33.3280933331	10.2616216818
1	30	860876305145665765	5203471534380229361	5203471534380229361	14875826805152216193	-3181.8586425781	0.0000000000	46.8862410186	1.2470848145
5	21	11977667856018223935	14768427494519615233	3953853545775880227	12209352057150702366	-3182.0495605469	0.0000000000	34.9803965431	10.4920904318
6	24	1072625227153782097	11631265131533850668	13750851356168126207	16995066748139089680	-3182.0991210938	0.0000000000	33.6081226299	8.4390621685
33	0	2076865596415246269	10036811588047716655	2076865596415246269	18244962947594585174	-3182.2917480469	0.0000000000	0.1863099996	48.7775988495
8	7	5462485296725942931	5611218159028451392	10638449444323184731	14802729114165526524	-3182.3388671875	0.0000000000	33.5551327959	33.6209592829
33	10	2076865596415246269	7749690271951988912	8391945900680957662	12342107508233153596	-3182.3527832031	0.0000000000	0.2473451559	29.5397118883
1	20	860876305145665765	5435679158371172819	12892254450866831469	16186370898799713464	-3182.3593750000	0.0000000000	47.3869734404	11.6640595876
29	2	7301240505051149561	12733071383974509954	742556533271767373	15227857085737096878	-3182.4653320312	0.0000000000	2.0435001691	46.8556246007
1	9	860876305145665765	2222398063721936362	13883584250192340437	17177531554472540906	-3182.4936523438	0.0000000000	47.5212507842	31.1012385354
1	31	860876305145665765	14813934179103814365	4194723411826879712	11649579851608468947	-3182.5466308594	0.0000000000	47.5742292998	1.3814796672
20	18	5435679158371172819	13763709422196672176	9235232068836807377	11228192801932924835	-3182.7321777344	0.0000000000	12.0368623220	13.2409812076
34	0	3110814362846582808	10036811588047716655	3110814362846582808	12178074469029601530	-3182.7377929688	0.0000000000	0.4647918209	49.2236437714
33	2	2076865596415246269	12733071383974509954	12342107508233153596	16895007043922063074	-3182.9252929688	0.0000000000	0.8198549215	47.3155855382
30	18	5203471534380229361	13763709422196672176	5203471534380229361	14957749988850228858	-3182.9353027344	0.0000000000	2.3237449707	13.4441062076
1	36	860876305145665765	5246270967241916897	1435936404667949549	5246270967241916897	-3182.9421386719	0.0000000000	47.9697371123	0.0753279551
30	0	5203471534380229361	10036811588047716655	1051288060020176757	5203471534380229361	-3183.0083007812	0.0000000000	2.3967430176	49.4941515839
1	18	860876305145665765	13763709422196672176	8768540015692104573	14957749988850228858	-3183.0617675781	0.0000000000	48.0893660186	13.5705710514
25	2	2682801455768472549	12733071383974509954	173416518539976696	1132337630178643060	-3183.0627441406	0.0000000000	7.5255623101	47.4530367101
20	31	5435679158371172819	14813934179103814365	837747036119811047	14813934179103814365	-3183.1115722656	0.0000000000	12.4162568533	1.9464210735
3	4	5552113180832563101	17220593997692396363	773218057136296948	8376102303642715030	-3183.1630859375	0.0000000000	39.1802986631	37.6943058672
6	17	1072625227153782097	9873031539140435496	3648089990374316603	16773405936913824913	-3183.1696777344	0.0000000000	34.6786792706	14.2465655638
14	10	6358255718776659690	7749690271951988912	7833944248319260876	11825173644136448160	-3183.1726074219	0.0000000000	14.8656464710	30.3595361071
36	0	5246270967241916897	10036811588047716655	5246270967241916897	7911421930854093367	-3183.2485351562	0.0000000000	0.3817244394	49.7343859589
9	24	2222398063721936362	11631265131533850668	10008139217726249945	11974781464055122116	-3183.2988281250	0.0000000000	31.9064143166	9.6387691998
9	14	2222398063721936362	6358255718776659690	10414872571553940705	17536488762480329243	-3183.3625488281	0.0000000000	31.9701350197	15.0555878772
28	21	733906256873087815	14768427494519615233	13776394756891908827	16771774585638059888	-3183.3835449219	0.0000000000	3.6349579622	11.8260748068
35	4	9139022557798495811	17220593997692396363	9139022557798495811	11423866561711729123	-3183.4165039062	0.0000000000	0.9340734640	37.9477238359
22	15	3022618388336993979	6195206690273133071	5362474874607376496	8510395921723556951	-3183.7260742188	0.0000000000	11.3120133216	15.3472059385
12	19	2641543948053263711	17965359578218694904	15402007755079778201	16075189186718889418	-3183.7365722656	0.0000000000	19.3565124252	14.0751004682
6	16	1072625227153782097	8446310031112680844	5894294088896831841	7753028083349163149	-3183.8522949219	0.0000000000	35.3612964581	15.1229290874
3	19	5552113180832563101	17965359578218694904	4451839171730399296	9067283705171200497	-3183.8952636719	0.0000000000	39.9124763975	14.2337918744
35	0	9139022557798495811	10036811588047716655	7346197321037024772	9917710611495234338	-3183.9750976562	0.0000000000	1.4926672140	50.4609484589
3	24	5552113180832563101	11631265131533850668	10299331383527718812	14750741378396963105	-3184.0141601562	0.0000000000	40.0313728819	10.3541012310
35	2	9139022557798495811	12733071383974509954	9139022557798495811	17077930911073534941	-3184.3215332031	0.0000000000	1.8391027609	48.7118257726
1	21	860876305145665765	14768427494519615233	6211651319612853990	15903022214330665080	-3184.4360351562	0.0000000000	49.4636335967	12.8785650412
0	26	10036811588047716655	10967727085068043915	8418792568584776327	12889040309612406921	-3184.5136718750	0.0000000000	50.9995226776	8.0370575691
9	22	2222398063721936362	3022618388336993979	4844946578739867704	9559030464131868417	-3184.5524902344	0.0000000000	33.1600764260	12.1384293372
7	29	5611218159028451392	7301240505051149561	2695272119179166108	18276220927357771607	-3184.5625000000	0.0000000000	35.8445920954	4.1406681378
23	24	6443820352087301020	11631265131533850668	13896515985653136556	14888009735274537696	-3184.6396484375	0.0000000000	11.1390713842	10.9795895123
3	21	5552113180832563101	14768427494519615233	4415122551223783891	10079769444167707794	-3184.6643066406	0.0000000000	40.6815193663	13.1068365256
6	23	1072625227153782097	6443820352087301020	2538527583931210715	9991462129277159245	-3184.8002929688	0.0000000000	36.3092945049	11.2997159155
33	25	2076865596415246269	2682801455768472549	4263066027076133618	8721364710649458616	-3184.9030761719	0.0000000000	2.7976381246	9.3658943414
33	31	2076865596415246269	14813934179103814365	6913374390967337132	8721364710649458616	-3184.9030761719	0.0000000000	2.7976381246	3.7379249797
34	2	3110814362846582808	12733071383974509954	5101067886357268203	17077930911073534941	-3184.9277343750	0.0000000000	2.6547332271	49.3180269445
34	35	3110814362846582808	9139022557798495811	5101067886357268203	9087537035349349894	-3184.9277343750	0.0000000000	2.6547332271	2.4453039327
1	14	860876305145665765	6358255718776659690	2242029349695680850	16676462177069675784	-3185.0585937500	0.0000000000	50.0861921904	16.7516327991
30	2	5203471534380229361	12733071383974509954	4913377839208430984	6211083105124677952	-3185.5585937500	0.0000000000	4.9470359864	49.9488863195
23	2	6443820352087301020	12733071383974509954	11993122273333921219	14137629558990876501	-3185.5859375000	0.0000000000	12.0853604467	49.9762300695
17	4	9873031539140435496	17220593997692396363	2048454778963797640	16826667632086954498	-3185.7197265625	0.0000000000	16.7966143920	40.2509464922
40	38	12012381597964996384	12571387833946368515	10282977256958388014	12012381597964996384	-3185.7897949219	0.0000000000	0.3845286297	2.4161052143
37	38	7450660908424304444	12571387833946368515	12102815610245531912	12571387833946368515	-3186.3364257812	0.0000000000	3.1460451659	2.9627360737
29	35	7301240505051149561	9139022557798495811	1108682496293048101	12217152704521827108	-3186.3405761719	0.0000000000	5.9187443097	3.8581457296
36	2	5246270967241916897	12733071383974509954	7224806921242423184	18199596270834802771	-3186.4157714844	0.0000000000	3.5489607676	50.8060640539
3	14	5552113180832563101	6358255718776659690	12544606157430443371	16744124403637420917	-3186.4763183594	0.0000000000	42.4935310850	18.1693574085
10	16	7749690271951988912	8446310031112680844	3027229186369627001	16468519042775127991	-3186.5463867188	0.0000000000	33.7333154039	17.8170208843
20	4	5435679158371172819	17220593997692396363	9522615078522704752	17933516292617191386	-3186.6433105469	0.0000000000	15.9479951345	41.1745304766
12	5	2641543948053263711	11977667856018223935	13776139574813470071	18149168664009212649	-3186.6613769531	0.0000000000	22.2813171127	39.5922129493
10	31	7749690271951988912	14813934179103814365	7205619803054464671	16864078251823655690	-3186.7595214844	0.0000000000	33.9464501696	5.5943702922
0	38	10036811588047716655	12571387833946368515	7035262999833258019	13553224291602654488	-3186.8425292969	0.0000000000	53.3283800995	3.4688395893
8	14	5462485296725942931	6358255718776659690	1136570459504132050	12025376055437759552	-3186.9042968750	0.0000000000	38.1205624834	18.5973359241
20	5	5435679158371172819	11977667856018223935	645307588386608711	15670839201359986805	-3186.9301757812	0.0000000000	16.2348603689	39.8610117775
9	21	2222398063721936362	14768427494519615233	10185757572876322347	11349927435843482903	-3186.9987792969	0.0000000000	35.6063654885	15.4413091818
29	39	7301240505051149561	14858462082933410047	8831944781003116758	13658091886796345458	-3187.1330566406	0.0000000000	6.7112247785	2.4542816041
6	11	1072625227153782097	12381492703085286070	9994722610133935961	12615162235128439742	-3187.2260742188	0.0000000000	38.7350757549	25.2249093170
10	13	7749690271951988912	15987434915575809802	3752716476956109932	11456259286223662329	-3187.2646484375	0.0000000000	34.4515771227	22.5745160709
20	21	5435679158371172819	14768427494519615233	7994734277086759289	10063732464367525636	-3187.4018554688	0.0000000000	16.7065400564	15.8443853537
38	4	12571387833946368515	17220593997692396363	7102998970370185193	17069137842440404980	-3187.4450683594	0.0000000000	4.0713786518	41.9762882891
12	8	2641543948053263711	5462485296725942931	6349453417860514349	7596552032746662563	-3187.6291503906	0.0000000000	23.2490905502	38.8454159990
3	18	5552113180832563101	13763709422196672176	7696553584919359331	14925779578642178832	-3187.6865234375	0.0000000000	43.7037361631	18.1953269108
1	29	860876305145665765	7301240505051149561	2779215274956619809	7377253826432509512	-3187.9111328125	0.0000000000	52.9387312529	7.4893009503
12	3	2641543948053263711	5552113180832563101	7396263900539711643	13248864383569299535	-3188.1069335938	0.0000000000	23.7268737533	44.1241463194
30	20	5203471534380229361	5435679158371172819	2122819516640441420	7796213171668619782	-3188.1630859375	0.0000000000	7.5515281739	17.4677705251
2	31	12733071383974509954	14813934179103814365	540834301531879454	16864078251823655690	-3188.3671875000	0.0000000000	52.7574800695	7.2020363079
39	4	14858462082933410047	17220593997692396363	7708223162885559013	16855832504819519959	-3188.3708496094	0.0000000000	3.6920745728	42.9020695391
0	39	10036811588047716655	14858462082933410047	12137884911399838049	13388162536888422959	-3188.3967285156	0.0000000000	54.8825793182	3.7179534791
3	17	5552113180832563101	9873031539140435496	4632839092160470788	5653963993203082572	-3188.6320800781	0.0000000000	44.6492928038	19.7089679076
6	25	1072625227153782097	2682801455768472549	1021386497750656315	12650500622241329331	-3188.6726074219	0.0000000000	40.1816089581	13.1354255914
5	13	11977667856018223935	15987434915575809802	14637178742639528406	17105601423678335886	-3188.7155761719	0.0000000000	41.6464121681	24.0254438053
10	17	7749690271951988912	9873031539140435496	6406243311002681946	17201276189532861005	-3188.9428710938	0.0000000000	36.1297997789	20.0197589232
33	17	2076865596415246269	9873031539140435496	16082319591553312141	17201276189532861005	-3188.9428710938	0.0000000000	6.8374330465	20.0197589232
42	38	11467316390764463082	12571387833946368515	7201001352733568372	11467316390764463082	-3188.9545898438	0.0000000000	0.4946570227	5.5809001362
41	24	6498372384346598727	11631265131533850668	5701508640222446240	14552273901573987737	-3189.0744628906	0.0000000000	2.2205988750	15.4144039654
35	32	9139022557798495811	10925133780581669318	4989933524595873591	14314310281277647868	-3189.3251953125	0.0000000000	6.8427648702	7.6945360047
38	2	12571387833946368515	12733071383974509954	3434062030984448335	8208841302841817107	-3189.3535156250	0.0000000000	5.9798259174	53.7438081945
15	10	6195206690273133071	7749690271951988912	2590716242090302993	13437548615857121143	-3189.4162597656	0.0000000000	21.0373914854	36.6031884508
9	12	2222398063721936362	2641543948053263711	8687391988933278496	17776828527355278024	-3189.4436035156	0.0000000000	38.0511897072	25.0635436752
33	20	2076865596415246269	5435679158371172819	2645242427986287010	8217778323114082099	-3189.6689453125	0.0000000000	7.5635072653	18.9736299001
35	39	9139022557798495811	14858462082933410047	7708223162885559013	15550360202526834305	-3189.7099609375	0.0000000000	7.2275304952	5.0311859010
0	42	10036811588047716655	11467316390764463082	11467316390764463082	16995268568744286533	-3189.7331542969	0.0000000000	56.2190050995	1.2732214758
1	32	860876305145665765	10925133780581669318	18147945065899795372	18256658737197614626	-3189.7712402344	0.0000000000	54.7988386748	8.1405809266
28	18	733906256873087815	13763709422196672176	2229372628688228350	7275578929539697172	-3189.8664550781	0.0000000000	10.1178681185	20.3752585514
41	21	6498372384346598727	14768427494519615233	3069813246842394357	15664040057394735222	-3189.9016113281	0.0000000000	3.0477473125	18.3441412131
30	17	5203471534380229361	9873031539140435496	3589903349790202978	8716068076432503070	-3190.0913085938	0.0000000000	9.4797508301	21.1681964232
42	4	11467316390764463082	17220593997692396363	1787871771498496368	17385442839351823902	-3190.6145019531	0.0000000000	2.1545691320	45.1457218828
36	32	5246270967241916897	10925133780581669318	1355221021530844490	3105309898971921131	-3190.6181640625	0.0000000000	7.7513533457	8.9875047547
41	2	6498372384346598727	12733071383974509954	8007955333757325626	14313649925574546139	-3190.8942871094	0.0000000000	4.0404230938	55.2845796789
8	13	5462485296725942931	15987434915575809802	3343416900922666687	9611562849778120300	-3190.9536132812	0.0000000000	42.1698788897	26.2634809147
28	0	733906256873087815	10036811588047716655	6218174005334125302	8068536021817710564	-3190.9768066406	0.0000000000	11.2282196810	57.4626574432
23	5	6443820352087301020	11977667856018223935	3649988987865131569	14857997625942710283	-3190.9829101562	0.0000000000	17.4823331030	43.9137461525
9	29	2222398063721936362	7301240505051149561	2214842673907623509	2270762213327128535	-3191.0981445312	0.0000000000	39.7057307229	10.6763126691
7	38	5611218159028451392	12571387833946368515	1214312106652464034	13511491894413983238	-3191.1279296875	0.0000000000	42.4100217829	7.7542399799
6	26	1072625227153782097	10967727085068043915	6491323380793680420	11461181172434067225	-3191.2336425781	0.0000000000	42.7426441143	14.7570282722
14	19	6358255718776659690	17965359578218694904	6093902392481722296	12667508275867500596	-3191.3439941406	0.0000000000	23.0370331897	21.6825223432
41	0	6498372384346598727	10036811588047716655	6338016363864926641	7749422407661370274	-3191.3732910156	0.0000000000	4.5194270000	57.8591418182
12	10	2641543948053263711	7749690271951988912	6611599833437821608	13945533061570097763	-3191.4079589844	0.0000000000	27.0278991440	38.5948876696
23	41	6443820352087301020	6498372384346598727	1794948118922640903	14674952879917104174	-3191.4130859375	0.0000000000	17.9125088842	4.5592219219
20	43	5435679158371172819	7237992144199475575	744287940442100821	6683818973892073138	-3191.7653808594	0.0000000000	21.0700654470	0.7843384150
43	31	7237992144199475575	14813934179103814365	11011487454920583822	13555494007472214543	-3191.7758789062	0.0000000000	0.7948364619	10.6107277141
20	10	5435679158371172819	7749690271951988912	1207491684054074532	12130691233251947981	-3191.7995605469	0.0000000000	21.1042451345	38.9864892321
3	26	5552113180832563101	10967727085068043915	4354884407616080442	11876615482743988543	-3191.8200683594	0.0000000000	47.8372810850	15.3434540534
28	26	733906256873087815	10967727085068043915	4354884407616080442	5209216189015827501	-3191.8200683594	0.0000000000	12.0714813997	15.3434540534
25	31	2682801455768472549	14813934179103814365	6505174618947547400	14914732356541774521	-3191.8286132812	0.0000000000	16.2914314508	10.6634620891
34	39	3110814362846582808	14858462082933410047	3642482417430010632	4104424323508472989	-3191.8872070312	0.0000000000	9.6142058834	7.2084319947
29	32	7301240505051149561	10925133780581669318	14767741431971684796	17941772176070455751	-3191.9855957031	0.0000000000	11.5637638410	10.3549363953
22	3	3022618388336993979	5552113180832563101	5374205328581601262	7600162550241656496	-3192.0927734375	0.0000000000	19.6787125403	48.1099861631
25	8	2682801455768472549	5462485296725942931	6070355850736472240	10046585319689859081	-3192.1491699219	0.0000000000	16.6119880914	43.3654355303
9	17	2222398063721936362	9873031539140435496	8692641564819283514	17816720432051777715	-3192.2905273438	0.0000000000	40.8981135354	23.3674151732
6	41	1072625227153782097	6498372384346598727	7090078467986337784	8569732251053544093	-3192.2988281250	0.0000000000	43.8078296612	5.4449641094
15	5	6195206690273133071	11977667856018223935	1064578384828330216	13991472972540686444	-3192.3852539062	0.0000000000	24.0063856260	45.3160899025
1	43	860876305145665765	7237992144199475575	309277175130130618	744287940442100821	-3192.5646972656	0.0000000000	57.5922957061	1.5836548213
37	2	7450660908424304444	12733071383974509954	6736559549370417218	8581618773908369529	-3192.5961914062	0.0000000000	9.4058107909	56.9864839757
32	39	10925133780581669318	14858462082933410047	4286053622016768961	16091592621566782307	-3192.6374511719	0.0000000000	11.0067918641	7.9586761353
20	8	5435679158371172819	5462485296725942931	8110686022437399879	13089362374984838997	-3192.7690429688	0.0000000000	22.0737275564	43.9853085772
6	43	1072625227153782097	7237992144199475575	744287940442100821	13238836313979771656	-3192.7917480469	0.0000000000	44.3007495831	1.8107056025
41	26	6498372384346598727	10967727085068043915	6796629129028827056	7531209951822747802	-3192.8176269531	0.0000000000	5.9637629375	16.3410126472
10	18	7749690271951988912	13763709422196672176	2159158052528573783	13211574292480502883	-3192.8474121094	0.0000000000	40.0343407946	23.3562155826
43	17	7237992144199475575	9873031539140435496	7237992144199475575	17313342874839592750	-3192.8508300781	0.0000000000	1.8697876338	23.9277179076
24	5	11631265131533850668	11977667856018223935	1970627513291995876	9281245502082717886	-3192.8752441406	0.0000000000	19.2151852154	45.8060801368
0	40	10036811588047716655	12012381597964996384	10104674272119559905	17081186340082182921	-3193.0595703125	0.0000000000	59.5454211151	7.6543040203
6	31	1072625227153782097	14813934179103814365	3131625685134455330	9794623839523370196	-3193.1198730469	0.0000000000	44.6288745831	11.9547218547
1	39	860876305145665765	14858462082933410047	2997183946926986751	10844538702327133313	-3193.1347656250	0.0000000000	58.1623640654	8.4559905885
7	32	5611218159028451392	10925133780581669318	4695586327863720577	14359538659129439986	-3193.2934570312	0.0000000000	44.5755491267	11.6627977235
7	39	5611218159028451392	14858462082933410047	14359538659129439986	16091592621566782307	-3193.2934570312	0.0000000000	44.5755491267	8.6146819947
20	3	5435679158371172819	5552113180832563101	426245317284694119	5467750640499023770	-3193.3339843750	0.0000000000	22.6386689626	49.3511971006
37	42	7450660908424304444	11467316390764463082	9284543522026311805	15939512398808851776	-3193.5095214844	0.0000000000	10.3191408690	5.0495886633
28	23	733906256873087815	6443820352087301020	10323773973645956601	14175526095478173346	-3193.6252441406	0.0000000000	13.8766571810	20.1246670874
10	39	7749690271951988912	14858462082933410047	3121348925843330619	12025254379190881809	-3193.7221679688	0.0000000000	40.9090966539	9.0433929322
4	19	17220593997692396363	17965359578218694904	6546552824119808871	13340899799889902326	-3193.7258300781	0.0000000000	48.2570500078	24.0643582807
43	2	7237992144199475575	12733071383974509954	7313975025333272531	8421602087641764807	-3193.8237304688	0.0000000000	2.8426880244	58.2140230382
1	38	860876305145665765	12571387833946368515	12864285704337551097	13426534207805045246	-3194.0910644531	0.0000000000	59.1186628936	10.7173747455
9	13	2222398063721936362	15987434915575809802	11270434623614019607	12962071306835270267	-3194.2912597656	0.0000000000	42.8988459572	29.6011273991
7	42	5611218159028451392	11467316390764463082	6251886692751964476	16806057876978697525	-3194.2966308594	0.0000000000	45.5787229548	5.8366980383
10	27	7749690271951988912	13538566489163057423	5883365338482586822	6891246252709596960	-3194.3041992188	0.0000000000	41.4911279039	17.7659500348
30	43	5203471534380229361	7237992144199475575	10950805953639450712	17468705037963103039	-3194.4545898438	0.0000000000	13.8430320801	3.4735473994
1	17	860876305145665765	9873031539140435496	1726341457124009223	4246468786065513057	-3194.4582519531	0.0000000000	59.4858503936	25.5351397826
9	7	2222398063721936362	5611218159028451392	13260788006109430013	15753210671562446860	-3194.5441894531	0.0000000000	43.1517756447	45.8262815486
18	21	13763709422196672176	14768427494519615233	107231296229819946	1421389583993294795	-3194.5529785156	0.0000000000	25.0617819889	22.9955084006
25	5	2682801455768472549	11977667856018223935	6070355850736472240	9566868582841159195	-3194.5654296875	0.0000000000	19.0282478570	47.4962656837
6	30	1072625227153782097	5203471534380229361	4709564786138655395	13238836313979771656	-3194.5998535156	0.0000000000	46.1088550518	13.9882957520
1	41	860876305145665765	6498372384346598727	4182787845084182675	17187784249639961922	-3194.7053222656	0.0000000000	59.7329207061	7.8514582500
42	2	11467316390764463082	12733071383974509954	15250791351114546978	15939512398808851776	-3194.7797851562	0.0000000000	6.3198523352	59.1700777257
41	10	6498372384346598727	7749690271951988912	161952770222742727	17437844515395869552	-3194.7805175781	0.0000000000	7.9266535625	41.9674462633
1	24	860876305145665765	11631265131533850668	16716509161359795999	18213930428107187829	-3194.8291015625	0.0000000000	59.8567000029	21.1690426373
18	4	13763709422196672176	17220593997692396363	8427270077341506263	10521592563135413550	-3194.8344726562	0.0000000000	25.3432761295	49.3656925859
22	8	3022618388336993979	5462485296725942931	2832155441905961997	13153070476886001038	-3194.8798828125	0.0000000000	22.4658219153	46.0961484209
22	10	3022618388336993979	7749690271951988912	10358470587541406209	11438097030528083439	-3194.9038085938	0.0000000000	22.4897476966	42.0907372789
8	21	5462485296725942931	14768427494519615233	6048932465559405178	12077210511337669704	-3194.9238281250	0.0000000000	46.1400937334	23.3663580099
6	38	1072625227153782097	12571387833946368515	4156132323711168314	4985336750287950600	-3194.9882812500	0.0000000000	46.4972827862	11.6145915424
2	39	12733071383974509954	14858462082933410047	889243857839339467	5519772277871038795	-3194.9985351562	0.0000000000	59.3888277257	10.3197601197
8	24	5462485296725942931	11631265131533850668	16847931964071687298	17724301623875774439	-3195.0209960938	0.0000000000	46.2372617022	21.3609371685
1	33	860876305145665765	2076865596415246269	840232210825490071	5358828739712954868	-3195.0666503906	0.0000000000	60.0942488311	12.9612123434
1	34	860876305145665765	3110814362846582808	13096443381813772783	16543701895819924122	-3195.1110839844	0.0000000000	60.1386824248	12.8380828365
37	4	7450660908424304444	17220593997692396363	18249641121439040894	18410285211583608061	-3195.1328125000	0.0000000000	11.9424318847	49.6640324297
7	40	5611218159028451392	12012381597964996384	5094465646526589865	11702083248005703718	-3195.2194824219	0.0000000000	46.5015745173	9.8142161297
10	24	7749690271951988912	11631265131533850668	3874822258070551599	16716509161359795999	-3195.2548828125	0.0000000000	42.4418114977	21.5948238873
23	10	6443820352087301020	7749690271951988912	3874822258070551599	16203796492743633490	-3195.2548828125	0.0000000000	21.7543057592	42.4418114977
3	27	5552113180832563101	13538566489163057423	14820228254288339285	18035875727623430759	-3195.2863769531	0.0000000000	51.3035896788	18.7481277692
7	37	5611218159028451392	7450660908424304444	5094465646526589865	16745462565646937274	-3195.4035644531	0.0000000000	46.6856565486	12.2131838378
43	0	7237992144199475575	10036811588047716655	12552005081984157451	13192823863588556888	-3195.4648437500	0.0000000000	4.4838013056	61.9506945526
3	44	5552113180832563101	5668354083094908588	14294818403511403308	17708100749723688492	-3195.5449218750	0.0000000000	51.5621346006	0.8288964003
1	40	860876305145665765	12012381597964996384	5746929150947885811	9331504540317123698	-3195.5839843750	0.0000000000	60.6115828154	10.1787180828
29	10	7301240505051149561	7749690271951988912	7245641856146229835	15482911406572535523	-3195.7163085938	0.0000000000	15.2944767316	42.9032372789
14	5	6358255718776659690	11977667856018223935	7196446799163422958	15898129552435953027	-3195.7844238281	0.0000000000	27.4774628772	48.7152598243
28	9	733906256873087815	2222398063721936362	2229532778961039434	18318783126787953090	-3195.9108886719	0.0000000000	16.1623017122	44.5184748635
9	44	2222398063721936362	5668354083094908588	9024129432085328370	16631320481447129730	-3195.9677734375	0.0000000000	44.5753596291	1.2517479628
37	0	7450660908424304444	10036811588047716655	897158452887715348	8984723988809247000	-3195.9682617188	0.0000000000	12.7778811034	62.4541125214
6	29	1072625227153782097	7301240505051149561	5100818416689136298	8975310207434698164	-3195.9895019531	0.0000000000	47.4985034893	15.5676700910
6	33	1072625227153782097	2076865596415246269	5389659612859477372	9794623839523370196	-3196.2717285156	0.0000000000	47.7807300518	14.1662904684
10	19	7749690271951988912	17965359578218694904	615292749635639652	1656894700887199302	-3196.3225097656	0.0000000000	43.5094384508	26.6610379682
17	31	9873031539140435496	14813934179103814365	4571189852120690701	6294790785292934194	-3196.3247070312	0.0000000000	27.4015948607	15.1595558391
28	5	733906256873087815	11977667856018223935	12714054560905358689	14017799399591346587	-3196.3588867188	0.0000000000	16.6102997591	49.2897227150
26	18	10967727085068043915	13763709422196672176	6545887037707863746	15094691503218371252	-3196.4392089844	0.0000000000	19.9625946784	26.9480124576
28	17	733906256873087815	9873031539140435496	14824951317916630136	16573582525240134101	-3196.4604492188	0.0000000000	16.7118622591	27.5373370482
22	5	3022618388336993979	11977667856018223935	2055134496906163480	15581176817361400222	-3196.5151367188	0.0000000000	24.1010758216	49.4459727150
3	23	5552113180832563101	6443820352087301020	1318760322445260398	14175526095478173346	-3196.6430664062	0.0000000000	52.6602791319	23.1424893530
37	40	7450660908424304444	12012381597964996384	11702083248005703718	17886727759295540289	-3196.7639160156	0.0000000000	13.5735354003	11.3586497234
10	26	7749690271951988912	10967727085068043915	6488440536723008421	14301598967377807391	-3196.7666015625	0.0000000000	43.9535302477	20.2899872566
29	5	7301240505051149561	11977667856018223935	2628330507645817869	9574324606291538879	-3196.7756347656	0.0000000000	16.3538029035	49.7064707618
33	18	2076865596415246269	13763709422196672176	950450109978459488	14831701227914870972	-3196.7863769531	0.0000000000	14.6809389059	27.2951804264
43	10	7237992144199475575	7749690271951988912	7413516701059309917	11469866125986214237	-3196.8828125000	0.0000000000	5.9017700556	44.0697411852
1	42	860876305145665765	11467316390764463082	5028054766397300528	8834128872602751988	-3196.9177246094	0.0000000000	61.9453230498	8.4577917883
2	27	12733071383974509954	13538566489163057423	2212215346595350481	3570447583570457895	-3197.0236816406	0.0000000000	61.4139742101	20.4854324567
9	20	2222398063721936362	5435679158371172819	14716302373115002655	15736745057691453963	-3197.0339355469	0.0000000000	45.6415217385	26.3386201345
25	3	2682801455768472549	5552113180832563101	12307789266032548443	15133057391273493499	-3197.0961914062	0.0000000000	21.5590095758	53.1134041319
28	11	733906256873087815	12381492703085286070	8278948544337238796	11348807002834633094	-3197.1572265625	0.0000000000	17.4086396028	35.1560616607
10	21	7749690271951988912	14768427494519615233	7855731210827163144	8173679176803982498	-3197.3662109375	0.0000000000	44.5531396227	25.8087408224
1	35	860876305145665765	9139022557798495811	3843787982544746400	13399824499416530453	-3197.4931640625	0.0000000000	62.5207625029	15.0107336202
5	4	11977667856018223935	17220593997692396363	2092615683392083614	2393903619144929650	-3197.5822753906	0.0000000000	50.5131113868	52.1134953203
5	38	11977667856018223935	12571387833946368515	4506314122679222000	7586868499336088186	-3197.5986328125	0.0000000000	50.5294688087	14.2249431049
5	45	11977667856018223935	18047896203716915955	3759225616189783804	18047896203716915955	-3197.6279296875	0.0000000000	50.5587656837	0.1072567952
9	25	2222398063721936362	2682801455768472549	3317671186633090949	12307789266032548443	-3197.6337890625	0.0000000000	46.2413752541	22.0966072320
1	25	860876305145665765	2682801455768472549	10198790719961423882	11490897921386629017	-3197.6523437500	0.0000000000	62.6799421904	22.1151619195
11	21	12381492703085286070	14768427494519615233	6724223541219385558	8278948544337238796	-3198.0229492188	0.0000000000	36.0217843170	26.4654791037
6	40	1072625227153782097	12012381597964996384	4156132323711168314	4405762475394568905	-3198.0361328125	0.0000000000	49.5451343487	12.6308665203
36	39	5246270967241916897	14858462082933410047	6334283993085576883	11041657882255833301	-3198.0546875000	0.0000000000	15.1878767832	13.3759124635
9	39	2222398063721936362	14858462082933410047	2934700628188998582	18179152139599525298	-3198.1333007812	0.0000000000	46.7408869729	13.4545257447
8	44	5462485296725942931	5668354083094908588	4670668508840580187	14720952154459360130	-3198.1818847656	0.0000000000	49.3981503740	3.4658592909
44	5	5668354083094908588	11977667856018223935	14720952154459360130	18056179993908159515	-3198.1818847656	0.0000000000	3.4658592909	51.1127207618
44	41	5668354083094908588	6498372384346598727	5668354083094908588	14771716928924097566	-3198.2072753906	0.0000000000	3.4912499159	11.3534113750
22	7	3022618388336993979	5611218159028451392	2411552991563862679	6568302539340419788	-3198.2497558594	0.0000000000	25.8356949622	49.5318479548
0	27	10036811588047716655	13538566489163057423	4374790984067953299	5559548824127566648	-3198.2756347656	0.0000000000	64.7614855682	21.7373855817
3	15	5552113180832563101	6195206690273133071	7556260554073762049	11300806844296560714	-3198.2966308594	0.0000000000	54.3138435850	29.9177625791
44	24	5668354083094908588	11631265131533850668	2670056724975053338	17708100749723688492	-3198.3964843750	0.0000000000	3.6804589003	24.7364254498
3	29	5552113180832563101	7301240505051149561	9566178043390325879	17511975041794064669	-3198.4208984375	0.0000000000	54.4381111631	17.9990665753
23	45	6443820352087301020	18047896203716915955	9955760319683764727	12974635967565456454	-3198.4721679688	0.0000000000	24.9715909155	0.9514950764
28	2	733906256873087815	12733071383974509954	327238548147389986	15366008864858576174	-3198.7045898438	0.0000000000	18.9560028841	63.0948824132
36	7	5246270967241916897	5611218159028451392	5338085447109649336	10213744034955537791	-3198.8054199219	0.0000000000	15.9386092051	50.0875120173
44	21	5668354083094908588	14768427494519615233	1729465249971722119	14720952154459360130	-3198.8532714844	0.0000000000	4.1372460097	27.2958013693
25	10	2682801455768472549	7749690271951988912	7923563882362652284	13376355040559930578	-3198.8837890625	0.0000000000	23.3466072320	46.0707177477
38	13	12571387833946368515	15987434915575809802	9641855636813007670	16326424490687786213	-3198.9772949219	0.0000000000	15.6036052143	34.2871625553
31	4	14813934179103814365	17220593997692396363	5329697818531807859	9217023220950459913	-3199.0090332031	0.0000000000	17.8438820110	53.5402531328
28	8	733906256873087815	5462485296725942931	7700124621986249628	11840756953665891610	-3199.0510253906	0.0000000000	19.3024384310	50.2672909990
8	17	5462485296725942931	9873031539140435496	3059632095693374760	18376886057339306093	-3199.3564453125	0.0000000000	50.5727109209	30.4333331420
10	32	7749690271951988912	10925133780581669318	3368286288324573944	12377535403882463316	-3199.3698730469	0.0000000000	46.5568017321	17.7392137391
3	37	5552113180832563101	7450660908424304444	2914964406488776759	5056557169622513755	-3199.4760742188	0.0000000000	55.4932869444	16.2856936034
34	3	3110814362846582808	5552113180832563101	8253795023438492200	11595240150210698060	-3199.5400390625	0.0000000000	17.2670379146	55.5572517881
28	24	733906256873087815	11631265131533850668	5569459906072841432	12527059581866646824	-3199.5778808594	0.0000000000	19.8292938997	25.9178219341
31	45	14813934179103814365	18047896203716915955	6272769512626003445	16537804488225051744	-3199.7753906250	0.0000000000	18.6102394329	2.2547177327
5	27	11977667856018223935	13538566489163057423	1099822585334688293	2851417431111716570	-3199.8037109375	0.0000000000	52.7345469337	23.2654617536
30	4	5203471534380229361	17220593997692396363	1384219709620600949	5309534841483757934	-3199.8754882812	0.0000000000	19.2639305176	54.4067082109
30	7	5203471534380229361	5611218159028451392	1384219709620600949	9329090601418261983	-3199.8754882812	0.0000000000	19.2639305176	51.1575803767
7	5	5611218159028451392	11977667856018223935	257956012845587543	10047592956393129260	-3199.9604492188	0.0000000000	51.2425413142	52.8912852150
6	42	1072625227153782097	11467316390764463082	11371874811315104677	15883966457969461989	-3199.9636230469	0.0000000000	51.4726245831	11.5036902258
30	3	5203471534380229361	5552113180832563101	1176452111088974050	14062859364134650023	-3200.0129394531	0.0000000000	19.4013816895	56.0301521788
43	18	7237992144199475575	13763709422196672176	11899066846201170226	15257022432447159690	-3200.0253906250	0.0000000000	9.0443481806	30.5341940983
1	37	860876305145665765	7450660908424304444	929977748033780777	4712684242049610165	-3200.3525390625	0.0000000000	65.3801375029	17.1621584472
6	37	1072625227153782097	7450660908424304444	7942777967389992430	12525113963511032761	-3200.3964843750	0.0000000000	51.9054859112	17.2061037597
17	5	9873031539140435496	11977667856018223935	2177341356656924175	9900877871089613149	-3200.4206542969	0.0000000000	31.4975421263	53.3514902931
46	38	12322577367159450797	12571387833946368515	91740522551986053	12322577367159450797	-3200.4709472656	0.0000000000	0.1195007865	17.0972575580
3	39	5552113180832563101	14858462082933410047	5719072946910724953	9586381519495499974	-3200.5332031250	0.0000000000	56.5504158506	15.8544280885
7	17	5611218159028451392	9873031539140435496	11238226137547779193	12182214436332797893	-3200.5622558594	0.0000000000	51.8443479548	31.6391436888
1	26	860876305145665765	10967727085068043915	7350867263133239218	8566956265057052150	-3200.5810546875	0.0000000000	65.6086531279	24.1044403816
44	2	5668354083094908588	12733071383974509954	6793162136286812283	7917527101601160109	-3200.5927734375	0.0000000000	5.8767479628	64.9830660070
7	43	5611218159028451392	7237992144199475575	6931524193947947432	13343993251698381896	-3200.6230468750	0.0000000000	51.9051389704	9.6420044306
12	20	2641543948053263711	5435679158371172819	8761322790158279968	9253505253392219821	-3200.6335449219	0.0000000000	36.2534850815	29.9382295095
36	5	5246270967241916897	11977667856018223935	3582092205269254173	7544499664720674315	-3200.6933593750	0.0000000000	17.8265486582	53.6241953712
36	8	5246270967241916897	5462485296725942931	2759737846571548147	17458234503133731074	-3200.8476562500	0.0000000000	17.9808455332	52.0639218584
46	13	12322577367159450797	15987434915575809802	6576196041824010978	12322577367159450797	-3200.8989257812	0.0000000000	0.5474793021	36.2087934147
8	23	5462485296725942931	6443820352087301020	4201293468681165193	14145420609261789624	-3200.9348144531	0.0000000000	52.1510800615	27.4342373999
7	11	5611218159028451392	12381492703085286070	10063247517258086084	11932104655825476511	-3200.9528808594	0.0000000000	52.2349729548	38.9517159576
8	15	5462485296725942931	6195206690273133071	3085567979484008485	6616293616819685227	-3201.0229492188	0.0000000000	52.2392148272	32.6440809385
14	39	6358255718776659690	14858462082933410047	7372348676986240990	16831962723071736090	-3201.0954589844	0.0000000000	32.7884980335	16.4166839478
26	5	10967727085068043915	11977667856018223935	1596000532533690645	6258806223936975233	-3201.2565917969	0.0000000000	24.7799774909	54.1874277931
3	35	5552113180832563101	9139022557798495811	7502672770151403268	9301891888071732609	-3201.2722167969	0.0000000000	57.2894295225	18.7897863546
33	44	2076865596415246269	5668354083094908588	6095723317266228792	8013380434241605429	-3201.2858886719	0.0000000000	19.1804506246	6.5698631972
10	38	7749690271951988912	12571387833946368515	10101433031631238001	15028318282556313930	-3201.2915039062	0.0000000000	48.4784325914	17.9178141987
12	38	2641543948053263711	12571387833946368515	7779151836961410631	16576789825490325908	-3201.3293457031	0.0000000000	36.9492858627	17.9556559955
9	42	2222398063721936362	11467316390764463082	8186433998390602851	8273848515420203049	-3201.5275878906	0.0000000000	50.1351740822	13.0676550695
37	10	7450660908424304444	7749690271951988912	2496178375500268367	15028318282556313930	-3201.7587890625	0.0000000000	18.5684084472	48.9457177477
8	29	5462485296725942931	7301240505051149561	7728927680066342280	15835009159553249028	-3201.9851074219	0.0000000000	53.2013730303	21.5632755597
12	36	2641543948053263711	5246270967241916897	7619053228950319519	17702493680268885363	-3202.0039062500	0.0000000000	37.6238464096	19.1370955332
9	41	2222398063721936362	6498372384346598727	5354910880734741491	6814075513542693732	-3202.0788574219	0.0000000000	50.6864436135	15.2249934063
7	35	5611218159028451392	9139022557798495811	5212418734859872389	15005925573010325304	-3202.1135253906	0.0000000000	53.3956174861	19.6310949484
42	40	11467316390764463082	12012381597964996384	8066144519444935123	13293747130038452566	-3202.3168945312	0.0000000000	13.8569617102	16.9116282390
3	41	5552113180832563101	6498372384346598727	870359126673614178	14355930663149195864	-3202.3198242188	0.0000000000	58.3370369444	15.4659602031
27	19	13538566489163057423	17965359578218694904	11341974454565335736	14192878639598201675	-3202.3696289062	0.0000000000	25.8313797223	32.7081571088
1	45	860876305145665765	18047896203716915955	3922764434673762671	9955760319683764727	-3202.3830566406	0.0000000000	67.4106550811	4.8623837483
10	35	7749690271951988912	9139022557798495811	4497782889464196899	17045715544450651055	-3202.4096679688	0.0000000000	49.5965966539	19.9272375265
0	45	10036811588047716655	18047896203716915955	12717774159969606097	15661990242716513176	-3202.4294433594	0.0000000000	68.9152941620	4.9087704671
32	4	10925133780581669318	17220593997692396363	8534093636542691845	16627754410102234011	-3202.4365234375	0.0000000000	20.8058641297	56.9677433672
30	23	5203471534380229361	6443820352087301020	5776744543654247422	9389763428793358861	-3202.5307617188	0.0000000000	21.9192039551	29.0301846655
7	19	5611218159028451392	17965359578218694904	12844543760786988707	16434469900610901750	-3202.7092285156	0.0000000000	53.9913206111	33.0477567182
17	21	9873031539140435496	14768427494519615233	1556729994307079832	14583101230566117804	-3202.7094726562	0.0000000000	33.7863604857	31.1520025412
20	7	5435679158371172819	5611218159028451392	233412275047840454	2826249013390753071	-3202.7304687500	0.0000000000	32.0351533376	54.0125608454
9	23	2222398063721936362	6443820352087301020	1411277928592821601	9006523283079919893	-3202.8383789062	0.0000000000	51.4459650979	29.3378018530
5	31	11977667856018223935	14813934179103814365	9775132886015360499	13186350836238972889	-3202.9013671875	0.0000000000	55.8322031837	21.7362159954
11	39	12381492703085286070	14858462082933410047	5418080297167491095	6298830644938541259	-3202.9267578125	0.0000000000	40.9255929107	18.2479827760
28	16	733906256873087815	8446310031112680844	1918794324893742264	8108292427094127481	-3202.9318847656	0.0000000000	23.1832978060	34.2025189311
30	31	5203471534380229361	14813934179103814365	5837654158122886775	14128324222412947876	-3202.9562988281	0.0000000000	22.3447410645	21.7911476360
12	11	2641543948053263711	12381492703085286070	5270555116917588423	14196080527439993493	-3202.9570312500	0.0000000000	38.5769714096	40.9558663482
40	2	12012381597964996384	12733071383974509954	11857168062129069169	15288867171905414323	-3203.0112304688	0.0000000000	17.6059641765	67.4015230382
9	38	2222398063721936362	12571387833946368515	7795492559512525056	14727406090771636666	-3203.0356445312	0.0000000000	51.6432307229	19.6619548237
15	4	6195206690273133071	17220593997692396363	9895758791689863039	17404206607513090991	-3203.0512695312	0.0000000000	34.6724012510	57.5824894609
33	41	2076865596415246269	6498372384346598727	357593888105169690	8013380434241605429	-3203.1210937500	0.0000000000	21.0156557028	16.2672297344
38	21	12571387833946368515	14768427494519615233	378805846456201103	1195316738884095447	-3203.1860351562	0.0000000000	19.8123454487	31.6285650412
5	18	11977667856018223935	13763709422196672176	1203580824260272225	18371713862115144454	-3203.2060546875	0.0000000000	56.1368906837	33.7148581608
36	13	5246270967241916897	15987434915575809802	9798963883775978976	12750442264717445424	-3203.3078613281	0.0000000000	20.4410506113	38.6177289616
9	26	2222398063721936362	10967727085068043915	10007545991541762328	14149618792442786058	-3203.4221191406	0.0000000000	52.0297053322	26.9455048347
32	5	10925133780581669318	11977667856018223935	1336342539370290304	10064893311081626879	-3203.4692382812	0.0000000000	21.8385789735	56.4000742775
38	19	12571387833946368515	17965359578218694904	13141095793598868624	18329162015964803250	-3203.5800781250	0.0000000000	20.2063884174	33.9186063276
30	10	5203471534380229361	7749690271951988912	1140877727168840589	1221680586043230192	-3203.6125488281	0.0000000000	23.0009910645	50.7994775133
33	9	2076865596415246269	2222398063721936362	8693426178954193175	15550858408095829391	-3203.9980468750	0.0000000000	21.8926088278	52.6056330666
44	0	5668354083094908588	10036811588047716655	1643003778116599757	15258947642134040318	-3204.1289062500	0.0000000000	9.4128807753	70.6147570526
14	42	6358255718776659690	11467316390764463082	13136862582366002123	15749133271807180296	-3204.1442871094	0.0000000000	35.8373261585	15.6843542883
21	45	14768427494519615233	18047896203716915955	8126782116251046048	12717774159969606097	-3204.1445312500	0.0000000000	32.5870611349	6.6238583577
3	38	5552113180832563101	12571387833946368515	59894179549579501	9303410247750660533	-3204.1877441406	0.0000000000	60.2049568663	20.8140544330
8	39	5462485296725942931	14858462082933410047	4773521084934767664	15236155090698813439	-3204.2050781250	0.0000000000	55.4213437334	19.5263030885
17	13	9873031539140435496	15987434915575809802	3233174675485449189	11059834199905959101	-3204.2080078125	0.0000000000	35.2848956420	39.5178754459
17	38	9873031539140435496	12571387833946368515	3233174675485449189	4588484812876384768	-3204.2080078125	0.0000000000	35.2848956420	20.8343181049
22	42	3022618388336993979	11467316390764463082	12875010264006308654	17729724998751064747	-3204.2741699219	0.0000000000	31.8601090247	15.8142371008
46	19	12322577367159450797	17965359578218694904	11891535338860088870	16619938293176623302	-3204.2954101562	0.0000000000	3.9439636771	34.6339383588
47	2	7641181535628081949	12733071383974509954	7641181535628081949	12939002797720602002	-3204.3139648438	0.0000000000	2.0234342477	68.7042574132
44	10	5668354083094908588	7749690271951988912	8280652025212070308	11534750121319522344	-3204.3662109375	0.0000000000	9.6501854628	51.5531396227
44	11	5668354083094908588	12381492703085286070	442018201594776176	11897195787800381016	-3204.3759765625	0.0000000000	9.6599510878	42.3748116607
20	23	5435679158371172819	6443820352087301020	9389301679311408368	15523589056682490100	-3204.4064941406	0.0000000000	33.7111787283	30.9059170874
41	5	6498372384346598727	11977667856018223935	1687004321410749770	9295588318080884865	-3204.4465332031	0.0000000000	17.5926691875	57.3773691993
33	8	2076865596415246269	5462485296725942931	4451773043731255059	12489427381189597909	-3204.6000976562	0.0000000000	22.4946596090	55.8163632647
23	16	6443820352087301020	8446310031112680844	255591268335290877	3289080377283906506	-3204.7224121094	0.0000000000	31.2218350561	35.9930462749
44	17	5668354083094908588	9873031539140435496	7917527101601160109	16929129924820549901	-3204.8918457031	0.0000000000	10.1758202284	35.9687335326
6	32	1072625227153782097	10925133780581669318	532336717999327659	17813842339585427064	-3204.9013671875	0.0000000000	56.4103687237	23.2707078797
36	19	5246270967241916897	17965359578218694904	2602684605481237219	13237459392557579733	-3204.9150390625	0.0000000000	22.0482283457	35.2535672651
12	39	2641543948053263711	14858462082933410047	6832344133583051827	14943119840074353857	-3205.0297851562	0.0000000000	40.6497253158	20.3510101197
3	32	5552113180832563101	10925133780581669318	1467467656366554234	14283437618257122894	-3205.1398925781	0.0000000000	61.1571053038	23.5092332703
5	39	11977667856018223935	14858462082933410047	6621758735736911630	14442286802577940764	-3205.2009277344	0.0000000000	58.1317637306	20.5221526978
20	38	5435679158371172819	12571387833946368515	3569541046577913373	5750201956979188891	-3205.2478027344	0.0000000000	34.5524873220	21.8741130268
22	19	3022618388336993979	17965359578218694904	2010944419163996473	9387902321038247925	-3205.2502441406	0.0000000000	32.8361832434	35.5887723432
42	13	11467316390764463082	15987434915575809802	5331116215270854305	12875010264006308654	-3205.3823242188	0.0000000000	16.9223913977	40.6921918522
9	18	2222398063721936362	13763709422196672176	5984271837037456800	7806498552821971794	-3205.5024414062	0.0000000000	54.1100275979	36.0112448795
42	24	11467316390764463082	11631265131533850668	3922242771041201961	14675031043942074437	-3205.5100097656	0.0000000000	17.0500769445	31.8499508404
10	40	7749690271951988912	12012381597964996384	3243367416945029313	17445705049900967616	-3205.6235351562	0.0000000000	52.8104638414	20.2182688640
6	39	1072625227153782097	14858462082933410047	16231864605493352738	18193731979856442255	-3205.6442871094	0.0000000000	57.1532886456	20.9655120728
41	45	6498372384346598727	18047896203716915955	8787241556880176760	16334594838987872932	-3205.6875000000	0.0000000000	18.8336359844	8.1668271077
3	49	5552113180832563101	15884879130643015875	8218227307921220859	15884879130643015875	-3205.7065429688	0.0000000000	61.7237556944	0.4243923457
37	46	7450660908424304444	12322577367159450797	5226001404549978969	9278829989926154650	-3205.7109375000	0.0000000000	22.5205568847	5.3594910208
9	37	2222398063721936362	7450660908424304444	3483922178934893803	8186433998390602851	-3205.7204589844	0.0000000000	54.3280451760	22.5300783690
37	13	7450660908424304444	15987434915575809802	10685053068812840712	10696346534864313219	-3205.7778320312	0.0000000000	22.5874514159	41.0876996647
8	38	5462485296725942931	12571387833946368515	15285348229805803630	17720963805012088108	-3205.7900390625	0.0000000000	57.0063046709	22.4163493549
44	45	5668354083094908588	18047896203716915955	9659735580142292593	10281146247862947445	-3205.8273925781	0.0000000000	11.1113671034	8.3067196858
0	48	10036811588047716655	15312254174016176336	133001901769513555	15312254174016176336	-3205.8515625000	0.0000000000	72.3374133026	0.9300402925
47	48	7641181535628081949	15312254174016176336	4728727639010573843	7139472053102064058	-3205.9013671875	0.0000000000	3.6108365914	0.9798449800
33	3	2076865596415246269	5552113180832563101	5849822638333230301	11947291807533970602	-3205.9895019531	0.0000000000	23.8840639059	62.0067146788
49	45	15884879130643015875	18047896203716915955	15884879130643015875	17465007006243152242	-3205.9936523438	0.0000000000	0.7115017207	8.4729794514
27	4	13538566489163057423	17220593997692396363	7785669669379097806	13312278631704519117	-3206.1306152344	0.0000000000	29.5923660504	60.6618351641
32	2	10925133780581669318	12733071383974509954	2653454596459944943	18397817382576068161	-3206.2265625000	0.0000000000	24.5959031922	70.6168550695
12	42	2641543948053263711	11467316390764463082	1125073524946037704	4476991104851919478	-3206.2802734375	0.0000000000	41.9002135971	17.8203406164
24	38	11631265131533850668	12571387833946368515	15037724666865593743	17347495250965988591	-3206.3254394531	0.0000000000	32.6653805279	22.9517497455
20	11	5435679158371172819	12381492703085286070	7488010677104329221	16731856091937919848	-3206.4763183594	0.0000000000	35.7810029470	44.4751534576
3	45	5552113180832563101	18047896203716915955	1239134217801159023	14873093472869430361	-3206.5183105469	0.0000000000	62.5355232725	8.9976376546
5	49	11977667856018223935	15884879130643015875	10090370606006363708	15362566122690432778	-3206.5708007812	0.0000000000	59.5016367775	1.2886501582
23	17	6443820352087301020	9873031539140435496	11050413923275480228	11056353637355090833	-3206.6025390625	0.0000000000	33.1019620092	37.6794268920
23	31	6443820352087301020	14813934179103814365	11194522261996297838	14715613797585966806	-3206.6206054688	0.0000000000	33.1200284155	25.4554542766
28	44	733906256873087815	5668354083094908588	6660577327151532627	11503310825206992157	-3206.8723144531	0.0000000000	27.1237274935	12.1562889784
18	31	13763709422196672176	14813934179103814365	7620995682704697298	11963426467454959678	-3206.9028320312	0.0000000000	37.4116355045	25.7376808391
20	13	5435679158371172819	15987434915575809802	2113542267253383288	12305794899025585683	-3206.9165039062	0.0000000000	36.2211884939	42.2263715397
29	24	7301240505051149561	11631265131533850668	5817101487381173775	15153726186939477239	-3207.0932617188	0.0000000000	26.6714298566	33.4332027935
47	0	7641181535628081949	10036811588047716655	1479622185013956638	10832249481415688240	-3207.1513671875	0.0000000000	4.8608365914	73.6372179901
25	7	2682801455768472549	5611218159028451392	5052305353997202401	6341581784750186737	-3207.1992187500	0.0000000000	31.6620369195	58.4813108454
28	30	733906256873087815	5203471534380229361	12279106144378276721	17625586726970764818	-3207.3203125000	0.0000000000	27.5717255403	26.7087547364
39	13	14858462082933410047	15987434915575809802	6672064192359559725	7329552373535665261	-3207.3347167969	0.0000000000	22.6559417603	42.6445844303
44	23	5668354083094908588	6443820352087301020	902936724652631419	6230782604745710126	-3207.5087890625	0.0000000000	12.7927635878	34.0082120092
21	4	14768427494519615233	17220593997692396363	13279591142833693418	14714263406386629261	-3207.6513671875	0.0000000000	36.0938970724	62.1825871172
23	18	6443820352087301020	13763709422196672176	889486956098692131	5131485456295889054	-3207.9250488281	0.0000000000	34.4244717749	38.4338523014
24	4	11631265131533850668	17220593997692396363	1420324206475061223	15560091788366370804	-3207.9494628906	0.0000000000	34.2894039654	62.4806828203
9	30	2222398063721936362	5203471534380229361	2171605846407020535	17099534131862734363	-3208.0295410156	0.0000000000	56.6371272072	27.4179832520
21	31	14768427494519615233	14813934179103814365	4801066905830662058	18409976954205334448	-3208.0678710938	0.0000000000	36.5104009787	26.9027199016
28	10	733906256873087815	7749690271951988912	1466868302669936027	1699998334834616469	-3208.1037597656	0.0000000000	28.3551728060	55.2906884508
33	7	2076865596415246269	5611218159028451392	8954729474416140251	10053807210605679858	-3208.2995605469	0.0000000000	26.1941224996	59.5816526423
30	5	5203471534380229361	11977667856018223935	2171605846407020535	2298044782327690509	-3208.3508300781	0.0000000000	27.7392723145	61.2816660743
36	4	5246270967241916897	17220593997692396363	2340980748601563117	3774599186501642866	-3208.4580078125	0.0000000000	25.5911970957	62.9892277422
34	4	3110814362846582808	17220593997692396363	4435384839128780304	10153064193744972751	-3208.5266113281	0.0000000000	26.2536101803	63.0578312578
3	50	5552113180832563101	7558636062484103727	7558636062484103727	12402328796164228099	-3208.6264648438	0.0000000000	64.6436775694	0.5378678094
20	45	5435679158371172819	18047896203716915955	11173947577109090486	16442224101770320528	-3208.7036132812	0.0000000000	38.0082978689	11.1829403889
23	11	6443820352087301020	12381492703085286070	14323903636464198834	16135835029335812477	-3208.7319335938	0.0000000000	35.2313565405	46.7307686920
20	16	5435679158371172819	8446310031112680844	10299827285486133045	15523466829690253037	-3208.7600097656	0.0000000000	38.0646943533	40.0306439311
8	26	5462485296725942931	10967727085068043915	6569220723551515616	10352112438695809123	-3208.8552246094	0.0000000000	60.0714902178	32.3786103034
12	50	2641543948053263711	7558636062484103727	7558636062484103727	11324360101188740180	-3208.9020996094	0.0000000000	44.5220397690	0.8135025750
12	16	2641543948053263711	8446310031112680844	7397255209534378919	10840869885245653102	-3209.0849609375	0.0000000000	44.7049010971	40.3555951030
16	32	8446310031112680844	10925133780581669318	1077344770822291931	17934885101126574195	-3209.0983886719	0.0000000000	40.3690228374	27.4677293641
5	19	11977667856018223935	17965359578218694904	12996924391632364357	15801868229601801926	-3209.1145019531	0.0000000000	62.0453379493	39.4530301557
25	18	2682801455768472549	13763709422196672176	5316829944977862833	13520839248761586948	-3209.2502441406	0.0000000000	33.7130623101	39.7590476139
2	48	12733071383974509954	15312254174016176336	653034685074796342	4788434668400859382	-3209.3859863281	0.0000000000	73.7762788976	4.4644641206
35	13	9139022557798495811	15987434915575809802	9805660488156818905	13067812066194022282	-3209.4047851562	0.0000000000	26.9223547140	44.7146527897
24	45	11631265131533850668	18047896203716915955	974726519719970394	16334594838987872932	-3209.4682617188	0.0000000000	35.8082027935	11.9475888264
44	49	5668354083094908588	15884879130643015875	13305510232361279523	15884879130643015875	-3209.4887695312	0.0000000000	14.7727440566	4.2066189082
17	11	9873031539140435496	12381492703085286070	7221345642092696651	12132776007921305665	-3209.5000000000	0.0000000000	40.5768878295	47.4988350982
30	16	5203471534380229361	8446310031112680844	255591268335290877	1641864851239314129	-3209.5791015625	0.0000000000	28.9675437989	40.8497357280
33	26	2076865596415246269	10967727085068043915	7131501021158293452	10473826243274285228	-3209.6320800781	0.0000000000	27.5266420309	33.1554657722
50	5	7558636062484103727	11977667856018223935	4143948433701341618	9628223619098098469	-3209.7563476562	0.0000000000	1.6677506219	62.6871836525
14	29	6358255718776659690	7301240505051149561	17031958664949851518	18240759832818470523	-3209.7707519531	0.0000000000	41.4637910022	29.3489200910
38	18	12571387833946368515	13763709422196672176	12216298122568643031	18329162015964803250	-3209.8059082031	0.0000000000	26.4322184955	40.3147116764
0	46	10036811588047716655	12322577367159450797	5354999209195058304	7522765445273609937	-3210.0900878906	0.0000000000	76.5759386932	9.7386414115
33	11	2076865596415246269	12381492703085286070	3985140624847497152	7597692239003531161	-3210.1655273438	0.0000000000	28.0600892965	48.1643624420
8	41	5462485296725942931	6498372384346598727	4903683961505020214	15563152710583039091	-3210.2866210938	0.0000000000	61.5028867022	23.4327570781
9	19	2222398063721936362	17965359578218694904	470971524469298469	18113964077861840716	-3210.3688964844	0.0000000000	58.9764826760	40.7074246869
36	3	5246270967241916897	5552113180832563101	3660418815350325125	17575686535464206216	-3210.4624023438	0.0000000000	27.5955916269	66.4796150694
6	45	1072625227153782097	18047896203716915955	3635466008767918818	5397756592109019148	-3210.4719238281	0.0000000000	61.9809253643	12.9512509358
35	5	9139022557798495811	11977667856018223935	149099433517579350	5471297880924316034	-3210.4770507812	0.0000000000	27.9946203390	63.4078867775
12	32	2641543948053263711	10925133780581669318	1226850791978640987	10887619330681416452	-3210.5500488281	0.0000000000	46.1699889877	28.9193895203
13	51	15987434915575809802	16563774699587352176	16563774699587352176	17219346855683542380	-3210.5905761719	0.0000000000	45.9004438053	0.2861026066
12	34	2641543948053263711	3110814362846582808	10274773593304281518	10611409414872151186	-3210.6970214844	0.0000000000	46.3169616440	28.4240203365
5	40	11977667856018223935	12012381597964996384	1347416248671319678	10981759566116315362	-3210.7373046875	0.0000000000	63.6681406837	25.3320383953
15	40	6195206690273133071	12012381597964996384	328599864903338063	3057361849868696948	-3210.7531738281	0.0000000000	42.3743055479	25.3479075359
9	31	2222398063721936362	14813934179103814365	10409572404374291744	15658335980726132963	-3210.7805175781	0.0000000000	59.3881037697	29.6153663860
18	13	13763709422196672176	15987434915575809802	434075453116489620	5049956659398514063	-3210.8056640625	0.0000000000	41.3144675358	46.1155316959
16	49	8446310031112680844	15884879130643015875	5913223204448647427	15045864824827945656	-3210.9052734375	0.0000000000	42.1759076030	5.6231228145
25	11	2682801455768472549	12381492703085286070	9045908548438149987	17177297696514469723	-3210.9633789062	0.0000000000	35.4261970758	48.9622140045
24	11	11631265131533850668	12381492703085286070	5803317623468875904	10323495383530778424	-3211.1184082031	0.0000000000	37.4583492779	49.1172433014
37	26	7450660908424304444	10967727085068043915	16233679659379341143	16844606223903162393	-3211.1367187500	0.0000000000	27.9463381347	34.6601044441
10	42	7749690271951988912	11467316390764463082	8715179810271462618	17888641611158679737	-3211.2346191406	0.0000000000	58.4215478258	22.7746863195
40	51	12012381597964996384	16563774699587352176	6983656867313860770	16563774699587352176	-3211.3232421875	0.0000000000	25.9179758953	1.0187686222
44	26	5668354083094908588	10967727085068043915	558881964622221875	6569220723551515616	-3211.3977050781	0.0000000000	16.6816796034	34.9210907722
12	40	2641543948053263711	12012381597964996384	3174035919016952882	9972905989331665604	-3211.4038085938	0.0000000000	47.0237487533	25.9985423015
40	4	12012381597964996384	17220593997692396363	4428403724000626802	9520782986423043819	-3211.4150390625	0.0000000000	26.0097727703	65.9462589922
6	36	1072625227153782097	5246270967241916897	8707391496391092325	17359001611707805565	-3211.5791015625	0.0000000000	63.0881030987	28.7122908457
26	38	10967727085068043915	12571387833946368515	16233679659379341143	18115024941243942559	-3211.6340332031	0.0000000000	35.1574188972	28.2603434955
7	21	5611218159028451392	14768427494519615233	3669396756953288319	4433929309752333261	-3211.6491699219	0.0000000000	62.9312620173	40.0916998068
24	49	11631265131533850668	15884879130643015875	13415679926473856923	16302989918939445692	-3211.6518554688	0.0000000000	37.9917965435	6.3697048457
43	45	7237992144199475575	18047896203716915955	11806101387507536566	15106482825947800756	-3211.6997070312	0.0000000000	20.7186645869	14.1790341389
43	49	7237992144199475575	15884879130643015875	10090370606006363708	11806101387507536566	-3211.6997070312	0.0000000000	20.7186645869	6.4175564082
30	21	5203471534380229361	14768427494519615233	12205704959436231961	18039472700579476173	-3211.8395996094	0.0000000000	31.2280418457	40.2821294943
23	38	6443820352087301020	12571387833946368515	4185005957921416685	12515909975593550929	-3211.8796386719	0.0000000000	38.3790616186	28.5059489643
16	39	8446310031112680844	14858462082933410047	4255610681944246086	14795587093622028180	-3211.8808593750	0.0000000000	43.1514935405	27.2020843385
14	38	6358255718776659690	12571387833946368515	14459485464145543772	15727293258241849407	-3211.9084472656	0.0000000000	43.6014863147	28.5347575580
46	18	12322577367159450797	13763709422196672176	8967174070447098667	12216298122568643031	-3211.9387207031	0.0000000000	11.5872742240	42.4475241764
40	13	12012381597964996384	15987434915575809802	16938545698215111085	17219346855683542380	-3211.9411621094	0.0000000000	26.5358958172	47.2510297428
0	51	10036811588047716655	16563774699587352176	2383459936089334077	6311377873689946356	-3212.0305175781	0.0000000000	78.5163683807	1.7260440128
50	39	7558636062484103727	14858462082933410047	7558636062484103727	9560444154288004459	-3212.0615234375	0.0000000000	3.9729264031	27.3827484010
34	29	3110814362846582808	7301240505051149561	209415171175569792	10458545787406402191	-3212.1230468750	0.0000000000	29.8500457271	31.7012150128
11	18	12381492703085286070	13763709422196672176	2440296939765129231	13127714341931212094	-3212.1376953125	0.0000000000	50.1365304107	42.6464987858
14	11	6358255718776659690	12381492703085286070	5952120229906711443	13033625738088939173	-3212.1533203125	0.0000000000	43.8463593616	50.1521554107
38	27	12571387833946368515	13538566489163057423	11861873301030168392	12230532104764311035	-3212.2490234375	0.0000000000	28.8753337299	35.7107742536
14	37	6358255718776659690	7450660908424304444	7936780838981036919	15727293258241849407	-3212.2695312500	0.0000000000	43.9625702991	29.0791506347
22	11	3022618388336993979	12381492703085286070	182315288729590872	17495674461907159160	-3212.4145507812	0.0000000000	40.0004898841	50.4133858795
8	32	5462485296725942931	10925133780581669318	6824451739106084331	15052108216305065095	-3212.4150390625	0.0000000000	63.6313046709	30.7843797547
42	21	11467316390764463082	14768427494519615233	10582489769954081832	15526545719312006533	-3212.4313964844	0.0000000000	23.9714636633	40.8739263693
16	24	8446310031112680844	11631265131533850668	1671540926220579354	7053378003027209743	-3212.4479980469	0.0000000000	43.7186322124	38.7879391216
15	38	6195206690273133071	12571387833946368515	4782396081975967956	12547231827933716019	-3212.5471191406	0.0000000000	44.1682508604	29.1734294330
18	19	13763709422196672176	17965359578218694904	6631944389141870570	10016162666864279980	-3212.5529785156	0.0000000000	43.0617819889	42.8915067182
8	42	5462485296725942931	11467316390764463082	11258435218120764780	14378959793781077481	-3212.5913085938	0.0000000000	63.8075742022	24.1313757727
42	5	11467316390764463082	11977667856018223935	11083739051030287253	14378959793781077481	-3212.5913085938	0.0000000000	24.1313757727	65.5221445900
43	5	7237992144199475575	11977667856018223935	7356715432956142679	15362566122690432778	-3212.6279296875	0.0000000000	21.6468872431	65.5587656837
11	13	12381492703085286070	15987434915575809802	698804414386262310	9758914276385020942	-3212.6713867188	0.0000000000	50.6702218170	47.9812543522
44	31	5668354083094908588	14813934179103814365	4500638680187872066	9783220315341181135	-3212.7031250000	0.0000000000	17.9870995253	31.5379738079
17	26	9873031539140435496	10967727085068043915	1915322498291434760	7341177891428721816	-3212.7216796875	0.0000000000	43.7985675170	36.2450653816
41	49	6498372384346598727	15884879130643015875	1039607047774157778	5692889636604445137	-3212.7250976562	0.0000000000	25.8712336406	7.4429470332
6	18	1072625227153782097	13763709422196672176	7426461116854254645	11076293140352555300	-3212.7956542969	0.0000000000	64.3046558331	43.3044577701
15	39	6195206690273133071	14858462082933410047	5399102439895229730	16589718116133626047	-3212.8093261719	0.0000000000	44.4304578916	28.1305511353
33	5	2076865596415246269	11977667856018223935	3070027131312973968	5199498282243709934	-3212.8327636719	0.0000000000	30.7273256246	65.7635996681
8	45	5462485296725942931	18047896203716915955	10110368625924099804	12155288765610204162	-3212.8784179688	0.0000000000	64.0946835772	15.3577450764
7	24	5611218159028451392	11631265131533850668	7270495239446161749	17590090300974904661	-3212.8811035156	0.0000000000	64.1631956111	39.2210445904
6	27	1072625227153782097	13538566489163057423	12299120877383121651	16605621958260537786	-3213.1760253906	0.0000000000	64.6850269268	36.6377762067
16	21	8446310031112680844	14768427494519615233	8009659980202643593	15140150728087564513	-3213.2006835938	0.0000000000	44.4713177593	41.6432134787
6	15	1072625227153782097	6195206690273133071	2496029946106578341	12299120877383121651	-3213.2746582031	0.0000000000	64.7836597393	44.8957899229
6	13	1072625227153782097	15987434915575809802	12299120877383121651	13432740918372348231	-3213.2817382812	0.0000000000	64.7907398174	48.5916059147
11	19	12381492703085286070	17965359578218694904	4587835704431965099	6599226218683672296	-3213.2868652344	0.0000000000	51.2857003326	43.6253934369
43	4	7237992144199475575	17220593997692396363	1104751956580322600	4595827208358865575	-3213.3398437500	0.0000000000	22.3588013056	67.8710636797
40	46	12012381597964996384	12322577367159450797	14115615303123711191	16938545698215111085	-3213.3522949219	0.0000000000	27.9470286297	13.0008484427
33	21	2076865596415246269	14768427494519615233	5629660816723911890	18297006242387990550	-3213.4079589844	0.0000000000	31.3025209371	41.8504888693
34	10	3110814362846582808	7749690271951988912	2007464327973985282	2229541799867455158	-3213.4182128906	0.0000000000	31.1452117428	60.6051415758
2	45	12733071383974509954	18047896203716915955	15771474703592127440	17010115703381081436	-3213.4548339844	0.0000000000	77.8451265539	15.9341610921
50	16	7558636062484103727	8446310031112680844	1071906996887486187	2289822582155573068	-3213.4990234375	0.0000000000	5.4104264031	44.7696576030
8	37	5462485296725942931	7450660908424304444	12920529043095360151	17410345229442066357	-3213.5429687500	0.0000000000	64.7592343584	30.3525881347
31	49	14813934179103814365	15884879130643015875	4782073822061547699	7767464987914701715	-3213.5759277344	0.0000000000	32.4107765422	8.2937771113
20	19	5435679158371172819	17965359578218694904	9744398362325797451	13061184437227936187	-3213.6140136719	0.0000000000	42.9186982595	43.9525418744
41	31	6498372384346598727	14813934179103814365	13737362252936884112	16619335790073497026	-3213.6838378906	0.0000000000	26.8299738750	32.5186866985
38	51	12571387833946368515	16563774699587352176	5946300586581903142	16563774699587352176	-3213.7070312500	0.0000000000	30.3333415424	3.4025576847
23	42	6443820352087301020	11467316390764463082	6347110811443416132	15526545719312006533	-3213.7663574219	0.0000000000	40.2657803686	25.3064246008
28	1	733906256873087815	860876305145665765	3246636422979950594	5637460742003005165	-3213.7927246094	0.0000000000	34.0441376497	78.8203230498
29	42	7301240505051149561	11467316390764463082	7817404554640409674	9700897120513172457	-3213.8637695312	0.0000000000	33.4419376691	25.4038367102
41	11	6498372384346598727	12381492703085286070	4224251918276603069	4513033089823920177	-3213.8857421875	0.0000000000	27.0318781719	51.8845772857
3	48	5552113180832563101	15312254174016176336	156403562731288581	2186096647511657333	-3214.0063476562	0.0000000000	70.0235603819	9.0848254487
32	11	10925133780581669318	12381492703085286070	1025965026626417219	8662408537658121077	-3214.0280761719	0.0000000000	32.3974168641	52.0269112701
15	32	6195206690273133071	10925133780581669318	4375255409843233559	5658998283000594156	-3214.1594238281	0.0000000000	45.7805555479	32.5287645203
16	26	8446310031112680844	10967727085068043915	4437684485812512388	7746162208685419376	-3214.1635742188	0.0000000000	45.4342083843	37.6869599128
26	42	10967727085068043915	11467316390764463082	15526545719312006533	16385509300296021244	-3214.2292480469	0.0000000000	37.7526337409	25.7693152258
1	44	860876305145665765	5668354083094908588	7489671861522392532	9426729052942967872	-3214.2412109375	0.0000000000	79.2688093779	19.5251854628
12	17	2641543948053263711	9873031539140435496	1650537780003815032	11993370814602486875	-3214.4555664062	0.0000000000	50.0755065658	45.5324542357
15	17	6195206690273133071	9873031539140435496	1650537780003815032	2496029946106578341	-3214.4555664062	0.0000000000	46.0766981260	45.5324542357
46	51	12322577367159450797	16563774699587352176	2598894101258491856	18341163294948299511	-3214.4555664062	0.0000000000	14.1041199271	4.1510928410
28	49	733906256873087815	15884879130643015875	3884096244897052319	17841838335766367832	-3214.5825195312	0.0000000000	34.8339325716	9.3003689082
9	45	2222398063721936362	18047896203716915955	2191289721705932756	17498534781388786730	-3214.8317871094	0.0000000000	63.4393733010	17.3111142171
41	16	6498372384346598727	8446310031112680844	3752818372148819363	5913223204448647427	-3214.8657226562	0.0000000000	28.0118586406	46.1363568218
41	17	6498372384346598727	9873031539140435496	11072030599703523602	14729474992869284903	-3214.9011230469	0.0000000000	28.0472590313	45.9780108763
8	35	5462485296725942931	9139022557798495811	6528889314621213642	6893825297301603387	-3214.9536132812	0.0000000000	66.1698788897	32.4711828390
23	40	6443820352087301020	12012381597964996384	6151259698091201569	8966500882493423718	-3215.0075683594	0.0000000000	41.5069913061	29.6023020672
24	18	11631265131533850668	13763709422196672176	8661766441899338421	9704369902306526682	-3215.0314941406	0.0000000000	41.3714352154	45.5402976139
6	12	1072625227153782097	2641543948053263711	3196866491136205160	16627034498897214484	-3215.0534667969	0.0000000000	66.5624683331	50.6734069565
3	43	5552113180832563101	7237992144199475575	4998022770124729670	7647562336893747170	-3215.0944824219	0.0000000000	71.1116951475	24.1134399775
8	19	5462485296725942931	17965359578218694904	3149146987066645072	6030398917648100549	-3215.3530273438	0.0000000000	66.5692929522	45.6915555463
7	51	5611218159028451392	16563774699587352176	15430693883422783299	16563774699587352176	-3215.3796386719	0.0000000000	66.6617307673	5.0751651066
3	47	5552113180832563101	7641181535628081949	4913178878656413072	7076319782192379936	-3215.5959472656	0.0000000000	71.6131599913	13.3054166696
3	31	5552113180832563101	14813934179103814365	12393284830886220625	17160244390336025302	-3215.6242675781	0.0000000000	71.6414803038	34.4591163860
30	51	5203471534380229361	16563774699587352176	6311377873689946356	16101003323776646426	-3215.6523437500	0.0000000000	35.0407859864	5.3478701847
37	5	7450660908424304444	11977667856018223935	1660083917474275682	2569031074937356081	-3215.6799316406	0.0000000000	32.4895510253	68.6107676368
33	23	2076865596415246269	6443820352087301020	9504595349199407424	9848079399443596874	-3215.6970214844	0.0000000000	33.5915834371	42.1964444311
12	29	2641543948053263711	7301240505051149561	7383167190705508777	16706622488277136583	-3215.7182617188	0.0000000000	51.3382018783	35.2964298566
37	21	7450660908424304444	14768427494519615233	12408066041679432605	14653407148901396247	-3215.7946777344	0.0000000000	32.6042971190	44.2372076193
33	24	2076865596415246269	11631265131533850668	9438328188563653844	12116628354704886583	-3215.8789062500	0.0000000000	33.7734682028	42.2188473248
37	51	7450660908424304444	16563774699587352176	4682459318909278177	9925363280835108171	-3215.9252929688	0.0000000000	32.7349123534	5.6208194035
28	38	733906256873087815	12571387833946368515	4957199493248500017	13315960096123889189	-3216.0090332031	0.0000000000	36.2604462435	32.6353434955
17	24	9873031539140435496	11631265131533850668	827263825503016738	13516304714611015701	-3216.0668945312	0.0000000000	47.1437823607	42.4068356060
22	38	3022618388336993979	12571387833946368515	11682054065619980742	16969308501003214675	-3216.0717773438	0.0000000000	43.6577164466	32.6980876362
9	35	2222398063721936362	9139022557798495811	9807819556069618764	16713057990308015918	-3216.1774902344	0.0000000000	64.7850764260	33.6950597921
0	49	10036811588047716655	15884879130643015875	14017863988005875490	14051021116132539156	-3216.1977539062	0.0000000000	82.6836047089	10.9156032832
25	14	2682801455768472549	6358255718776659690	6190539132908520853	10067214404866063695	-3216.1994628906	0.0000000000	40.6622810601	47.8925019397
23	49	6443820352087301020	15884879130643015875	12430266998505361624	14463416864339603149	-3216.2092285156	0.0000000000	42.7086514624	10.9270778926
7	47	5611218159028451392	7641181535628081949	9314038378641657334	12359317403881916239	-3216.2285156250	0.0000000000	67.5106077204	13.9379850289
30	19	5203471534380229361	17965359578218694904	9663146068340143586	16101003323776646426	-3216.2514648438	0.0000000000	35.6399070801	46.5899930463
51	19	16563774699587352176	17965359578218694904	6311377873689946356	9663146068340143586	-3216.2514648438	0.0000000000	5.9469912785	46.5899930463
17	45	9873031539140435496	18047896203716915955	9432730634678656545	11185244971185538845	-3216.2653808594	0.0000000000	47.3422686888	18.7447079671
42	46	11467316390764463082	12322577367159450797	2058651642169788943	8591579991207911427	-3216.2800292969	0.0000000000	27.8200964758	15.9285828177
26	4	10967727085068043915	17220593997692396363	17254161865146528339	17369709448383045164	-3216.3217773438	0.0000000000	39.8451630378	70.8529972734
3	40	5552113180832563101	12012381597964996384	1666442581381641709	10133933929375503957	-3216.3830566406	0.0000000000	72.4002693663	30.9777903484
12	25	2641543948053263711	2682801455768472549	8999118702046875302	16728966045932820099	-3216.3850097656	0.0000000000	52.0049499252	40.8478279351
1	51	860876305145665765	16563774699587352176	6311377873689946356	13227885354724871538	-3216.4277343750	0.0000000000	81.4553328154	6.1232608097
10	46	7749690271951988912	12322577367159450797	8087805447726426732	8989088671935856695	-3216.4958496094	0.0000000000	63.6827782946	16.1444031302
44	43	5668354083094908588	7237992144199475575	779231507348464703	1539659590358172427	-3216.6271972656	0.0000000000	21.9111717909	25.6461548213
20	15	5435679158371172819	6195206690273133071	2469942846975186048	6952566524170197029	-3216.7121582031	0.0000000000	46.0168427908	48.3332899229
20	24	5435679158371172819	11631265131533850668	451620390138964965	5734259452266496500	-3216.7785644531	0.0000000000	46.0832490408	43.1185055279
32	19	10925133780581669318	17965359578218694904	8785804375660529876	18092834320938848779	-3216.9855957031	0.0000000000	35.3549363953	47.3241239057
12	37	2641543948053263711	7450660908424304444	11641709154893297927	11715737050354350661	-3217.0065917969	0.0000000000	52.6265319565	33.8162111815
24	31	11631265131533850668	14813934179103814365	2910871474966504980	14834437511064413235	-3217.0515136719	0.0000000000	43.3914547466	35.8863624797
8	40	5462485296725942931	12012381597964996384	3064525965662180354	16117357336837082900	-3217.0937500000	0.0000000000	68.3100156084	31.6884837078
43	16	7237992144199475575	8446310031112680844	11907166564496839755	13873905142059193823	-3217.0981445312	0.0000000000	26.1171020869	48.3687786968
15	42	6195206690273133071	11467316390764463082	1550923135646446654	9530019960858785709	-3217.1281738281	0.0000000000	48.7493055479	28.6682410070
15	52	6195206690273133071	12905926772885617575	291844300714164385	13151126165536490304	-3217.4428710938	0.0000000000	49.0640028135	1.0679606595
23	43	6443820352087301020	7237992144199475575	3345584024874612517	3670462916124501925	-3217.4592285156	0.0000000000	43.9586514624	26.4781860713
16	18	8446310031112680844	13763709422196672176	13200216764538642254	14790364402075149673	-3217.4636230469	0.0000000000	48.7342572124	47.9724265201
0	52	10036811588047716655	12905926772885617575	2823455486184726305	13151126165536490304	-3217.4907226562	0.0000000000	83.9765734589	1.1158122220
10	45	7749690271951988912	18047896203716915955	9162479952627146520	11358798539465676373	-3217.5314941406	0.0000000000	64.7184228258	20.0108212483
12	52	2641543948053263711	12905926772885617575	2196875469716002530	12905926772885617575	-3217.5988769531	0.0000000000	53.2188171127	1.2239665189
12	51	2641543948053263711	16563774699587352176	6580107320017367110	16383572912960044051	-3217.6394042969	0.0000000000	53.2593444565	7.3349307316
37	19	7450660908424304444	17965359578218694904	4378718868321501836	6200803854608658259	-3217.6743164062	0.0000000000	34.4839357909	48.0128446088
16	19	8446310031112680844	17965359578218694904	2835269529783023369	7310538703853805473	-3217.6811523438	0.0000000000	48.9517865093	48.0196805463
29	21	7301240505051149561	14768427494519615233	4814487665931140922	5507151374269615292	-3217.8610839844	0.0000000000	37.4392521222	46.3036138693
16	17	8446310031112680844	9873031539140435496	7734397537258297824	11138913897633349872	-3218.0524902344	0.0000000000	49.3231243999	49.1293780638
46	2	12322577367159450797	12733071383974509954	8846396808722177733	13974475247577130851	-3218.1799316406	0.0000000000	17.8284851615	82.5702242101
38	52	12571387833946368515	12905926772885617575	6726355924666448085	12905926772885617575	-3218.2260742188	0.0000000000	34.8523845112	1.8511637845
7	16	5611218159028451392	8446310031112680844	3412155583723679320	16848235888510278213	-3218.3217773438	0.0000000000	69.6038694392	49.5924115093
34	14	3110814362846582808	6358255718776659690	8258375417831366628	17697933750483683418	-3218.3935546875	0.0000000000	36.1205535396	50.0865937366
52	31	12905926772885617575	14813934179103814365	8685338266291594923	14282758932342919109	-3218.3984375000	0.0000000000	2.0235270658	37.2332863079
1	22	860876305145665765	3022618388336993979	8905069408998448318	13787035139217782474	-3218.6149902344	0.0000000000	83.6425886748	46.2009293372
6	14	1072625227153782097	6358255718776659690	9989097159897113926	17215819714724670950	-3218.6926269531	0.0000000000	70.2016284893	50.3856660022
28	6	733906256873087815	1072625227153782097	17547990774274660468	18242113039388573876	-3218.7714843750	0.0000000000	39.0228974153	70.2804859112
36	23	5246270967241916897	6443820352087301020	413506607922954709	6947255114860407747	-3218.8369140625	0.0000000000	35.9701033457	45.3363370092
15	11	6195206690273133071	12381492703085286070	5386587538678338120	15554576563524300171	-3218.8642578125	0.0000000000	50.4853895322	56.8630929107
20	49	5435679158371172819	15884879130643015875	4638735091808745491	9108554494278429584	-3218.8811035156	0.0000000000	48.1857881033	13.5989528926
37	18	7450660908424304444	13763709422196672176	4757145730561618181	16868086850792221420	-3218.9621582031	0.0000000000	35.7717775878	49.4709616764
50	0	7558636062484103727	10036811588047716655	1404759623343651122	7872093541082895826	-3218.9821777344	0.0000000000	10.8935807000	85.4680285370
12	31	2641543948053263711	14813934179103814365	9608892162503245682	17132867254144264369	-3219.0678710938	0.0000000000	54.6878112533	37.9027199016
12	46	2641543948053263711	12322577367159450797	9363132399402442432	10709936841817682210	-3219.2194824219	0.0000000000	54.8394225815	18.8680359427
17	46	9873031539140435496	12322577367159450797	4012510036828274449	6237263539899530764	-3219.2385253906	0.0000000000	50.3154132201	18.8870789115
23	37	6443820352087301020	7450660908424304444	2873011728217715782	12247704385800253980	-3219.2949218750	0.0000000000	45.7943448217	36.1045412597
22	36	3022618388336993979	5246270967241916897	1428464620661831593	4656129969181189976	-3219.2951660156	0.0000000000	46.8811051184	36.4283552988
8	4	5462485296725942931	17220593997692396363	9427648314531616657	14736606491973144448	-3219.3554687500	0.0000000000	70.5717343584	73.8866886797
15	16	6195206690273133071	8446310031112680844	1510628892320866757	15510319820716265650	-3219.4250488281	0.0000000000	51.0461805479	50.6956829936
36	11	5246270967241916897	12381492703085286070	1662040990122456461	9080903194996173639	-3219.5578613281	0.0000000000	36.6910506113	57.5566964264
17	19	9873031539140435496	17965359578218694904	8675334925163279210	12649635108276269762	-3219.6228027344	0.0000000000	50.6996905638	49.9613309369
33	12	2076865596415246269	2641543948053263711	7668496580517830973	15571940328099356758	-3219.6525878906	0.0000000000	37.5471498434	55.2725280502
20	26	5435679158371172819	10967727085068043915	13599704289903609221	16291753909928169376	-3219.6682128906	0.0000000000	48.9728974783	43.1915985847
20	41	5435679158371172819	6498372384346598727	11098879092005822332	16445728208615846448	-3219.6750488281	0.0000000000	48.9797334158	32.8211848125
1	47	860876305145665765	7641181535628081949	12519412108774135542	14478343507207297814	-3219.6811523438	0.0000000000	84.7087507842	17.3906217477
34	13	3110814362846582808	15987434915575809802	5655167633704361008	7482174284536058684	-3219.7077636719	0.0000000000	37.4347625240	55.0176313053
30	40	5203471534380229361	12012381597964996384	1855980014580025440	12059908174566364835	-3219.7119140625	0.0000000000	39.1003562989	34.3066477703
29	11	7301240505051149561	12381492703085286070	2448433731066217686	14411344600834143494	-3219.8076171875	0.0000000000	39.3857853253	57.8064522857
20	42	5435679158371172819	11467316390764463082	4645762400506600748	14619893146686728640	-3219.8381347656	0.0000000000	49.1428193533	31.3782019445
44	18	5668354083094908588	13763709422196672176	15119301580764228636	18282983814378698251	-3220.0124511719	0.0000000000	25.2964256972	50.5212546451
1	52	860876305145665765	12905926772885617575	12086056179170629182	13151126165536490304	-3220.0678710938	0.0000000000	85.0954695342	3.6929606595
25	13	2682801455768472549	15987434915575809802	10964181807748872866	12406731548749754097	-3220.0786132812	0.0000000000	44.5414314508	55.3884809147
16	4	8446310031112680844	17220593997692396363	1776700171803200767	16079088338396629692	-3220.1079101562	0.0000000000	51.3785443218	74.6391300859
22	29	3022618388336993979	7301240505051149561	2878938763096951742	9425191699354094386	-3220.1416015625	0.0000000000	47.7275406653	39.7197697003
47	5	7641181535628081949	11977667856018223935	3910742711469504850	16103527788495754513	-3220.1608886719	0.0000000000	17.8703580758	73.0917246681
3	42	5552113180832563101	11467316390764463082	13919227160394385423	14788890020678593304	-3220.2492675781	0.0000000000	76.2664803038	31.7893347570
9	47	2222398063721936362	7641181535628081949	12604327958735758894	15214452555756607490	-3220.5124511719	0.0000000000	69.1200373635	18.2219205758
50	4	7558636062484103727	17220593997692396363	16339285386191522747	16884244687135296051	-3220.5454101562	0.0000000000	12.4568131219	75.0766300859
33	38	2076865596415246269	12571387833946368515	15571940328099356758	17854490130058492027	-3220.5688476562	0.0000000000	38.4634096090	37.1951579487
7	23	5611218159028451392	6443820352087301020	2195213307683906717	10823377855288181954	-3220.6696777344	0.0000000000	71.9517698298	47.1691006811
47	17	7641181535628081949	9873031539140435496	2374065998176777491	17887704883436546083	-3220.7976074219	0.0000000000	18.5070768258	51.8744952513
40	21	12012381597964996384	14768427494519615233	11630715470499218044	17757151355520538110	-3220.8210449219	0.0000000000	35.4157786297	49.2635748068
3	46	5552113180832563101	12322577367159450797	4946718596328940807	9135710566583488534	-3220.8415527344	0.0000000000	76.8587654600	20.4901062552
14	17	6358255718776659690	9873031539140435496	10067214404866063695	17535807002849043111	-3220.8662109375	0.0000000000	52.5592499866	51.9430987670
28	20	733906256873087815	5435679158371172819	3621380768428369280	16536299523518139446	-3220.8984375000	0.0000000000	41.1498505403	50.2031220876
42	51	11467316390764463082	16563774699587352176	10423421838091538209	18119856057882926368	-3221.0019531250	0.0000000000	32.5420203039	10.6974795597
40	52	12012381597964996384	12905926772885617575	8701476991273520592	13151126165536490304	-3221.1247558594	0.0000000000	35.7194895672	4.7498454251
8	47	5462485296725942931	7641181535628081949	10987433068535710267	13523070263084314090	-3221.1425781250	0.0000000000	72.3588437334	18.8520475289
20	14	5435679158371172819	6358255718776659690	903415823209049723	10067214404866063695	-3221.1457519531	0.0000000000	50.4504365408	52.8387910022
8	31	5462485296725942931	14813934179103814365	13501167824550991896	17951433190504319792	-3221.1459960938	0.0000000000	72.3622617022	39.9808449016
24	39	11631265131533850668	14858462082933410047	4250922246573727680	8281759191400221497	-3221.1843261719	0.0000000000	47.5242672466	36.5055511353
30	38	5203471534380229361	12571387833946368515	8438555182619991901	15065557585662281984	-3221.2060546875	0.0000000000	40.5944969239	37.8323649799
28	45	733906256873087815	18047896203716915955	5463986040480431978	9690228322584223654	-3221.3894042969	0.0000000000	41.6408173372	23.8687314046
16	13	8446310031112680844	15987434915575809802	6420562322137269302	6822789355303652569	-3221.5190429688	0.0000000000	52.7896771343	56.8289106022
9	40	2222398063721936362	12012381597964996384	348293189212553259	12932910187999751373	-3221.5610351562	0.0000000000	70.1686213479	36.1557688640
23	32	6443820352087301020	10925133780581669318	12821422165697227820	18203242442399790608	-3221.6208496094	0.0000000000	48.1202725561	39.9901903016
20	44	5435679158371172819	5668354083094908588	5875478251178098600	15733257301728899232	-3221.6240234375	0.0000000000	50.9287080251	26.9079979628
39	19	14858462082933410047	17965359578218694904	9342383633616864664	17695765415476582367	-3221.6506347656	0.0000000000	36.9718597291	51.9891629682
14	40	6358255718776659690	12012381597964996384	9553154701754015924	16028641817074269145	-3221.6765136719	0.0000000000	53.3695527210	36.2712473797
25	26	2682801455768472549	10967727085068043915	1918054126890415056	5460423462931226292	-3221.6833496094	0.0000000000	46.1461677789	45.2067353034
20	40	5435679158371172819	12012381597964996384	12632178599725169	3179176472721627384	-3221.7724609375	0.0000000000	51.0771455251	36.3671946453
8	18	5462485296725942931	13763709422196672176	12946257944747559002	15559031907620681469	-3222.0185546875	0.0000000000	73.2348202959	52.5273581608
21	39	14768427494519615233	14858462082933410047	10791737809225923993	18285129353880350035	-3222.0373535156	0.0000000000	50.4798834006	37.3585784791
32	21	10925133780581669318	14768427494519615233	11786159824204444966	18285129353880350035	-3222.0373535156	0.0000000000	40.4066942078	50.4798834006
33	45	2076865596415246269	18047896203716915955	714682801835164817	14899388971830858652	-3222.0571289062	0.0000000000	39.9516908590	24.5364560139
50	13	7558636062484103727	15987434915575809802	2634417136612800629	18097113437474265497	-3222.1777343750	0.0000000000	14.0891373406	57.4876020084
15	50	6195206690273133071	7558636062484103727	7803371225003812217	15227800089231201793	-3222.2995605469	0.0000000000	53.9206922666	14.2109635125
11	38	12381492703085286070	12571387833946368515	3490931524648620692	3499225399980763552	-3222.3618164062	0.0000000000	60.3606515045	38.9881266987
10	49	7749690271951988912	15884879130643015875	5543345337904837878	5682876666362777167	-3222.3767089844	0.0000000000	69.5636376696	17.0945583613
25	21	2682801455768472549	14768427494519615233	5473859723850995209	11985396749224330874	-3222.4414062500	0.0000000000	46.9042244195	50.8839361349
16	45	8446310031112680844	18047896203716915955	1262644249047305952	3316077400735564796	-3222.4716796875	0.0000000000	53.7423138530	24.9510067952
21	49	14768427494519615233	15884879130643015875	5890354357223277877	11130487688317252787	-3222.7514648438	0.0000000000	51.1939947287	17.4693142207
23	29	6443820352087301020	7301240505051149561	5163857992060139113	12703312567312367412	-3222.7946777344	0.0000000000	49.2941006811	42.3728458722
28	41	733906256873087815	6498372384346598727	10049949591410286809	15554714995322963232	-3222.9216308594	0.0000000000	43.1730438997	36.0677668438
37	24	7450660908424304444	11631265131533850668	440903996713811247	10520222576553931697	-3222.9477539062	0.0000000000	39.7573732909	49.2876949810
11	4	12381492703085286070	17220593997692396363	12934663972943105370	17463913108181145648	-3223.0961914062	0.0000000000	61.0950265045	77.6274113359
47	4	7641181535628081949	17220593997692396363	169030060284051324	2054405124142303198	-3223.2629394531	0.0000000000	20.9724088571	77.7941593828
29	26	7301240505051149561	10967727085068043915	9772032808764587931	13696988862569644078	-3223.2773437500	0.0000000000	42.8555118878	46.8007294441
6	47	1072625227153782097	7641181535628081949	3795546232687305823	4226680259317132380	-3223.3637695312	0.0000000000	74.8727710674	21.0732389352
33	14	2076865596415246269	6358255718776659690	11206438630433377966	12720285483651437375	-3223.4318847656	0.0000000000	41.3264467184	55.1249238147
30	42	5203471534380229361	11467316390764463082	612978017009282809	9207712539334993557	-3223.4648437500	0.0000000000	42.8532859864	35.0049109289
33	4	2076865596415246269	17220593997692396363	6761280319202849161	7216529299228198799	-3223.5410156250	0.0000000000	41.4355775778	78.0722355547
16	27	8446310031112680844	13538566489163057423	5688013102399184512	7209657231166928142	-3223.5849609375	0.0000000000	54.8555951030	47.0467117536
47	10	7641181535628081949	7749690271951988912	9248506293133011953	14081656424543777837	-3223.6003417969	0.0000000000	21.3098112008	70.7872704821
46	4	12322577367159450797	17220593997692396363	9382921100783629484	12919003388032719875	-3223.6596679688	0.0000000000	23.3082214896	78.1908878984
26	49	10967727085068043915	15884879130643015875	3786477783772903825	9297366072091977819	-3223.7172851562	0.0000000000	47.2406708503	18.4351345332
37	52	7450660908424304444	12905926772885617575	2368479321488683451	13673336807691856709	-3223.7229003906	0.0000000000	40.5325197753	7.3479899564
52	13	12905926772885617575	15987434915575809802	2368479321488683451	9528165098103683280	-3223.7229003906	0.0000000000	7.3479899564	59.0327680241
28	19	733906256873087815	17965359578218694904	745320064809455520	9269358714959489483	-3223.7514648438	0.0000000000	44.0028778841	54.0899930463
1	48	860876305145665765	15312254174016176336	7862205442396048652	10995699951950243921	-3223.8911132812	0.0000000000	88.9187117217	18.9695910737
36	27	5246270967241916897	13538566489163057423	2902485876033692518	4610220512747268010	-3224.0161132812	0.0000000000	41.1493025644	47.4778640973
12	21	2641543948053263711	14768427494519615233	548201461196160952	11969638481296158940	-3224.0329589844	0.0000000000	59.6528991440	52.4754888693
16	31	8446310031112680844	14813934179103814365	955357635572234951	8541207683039395845	-3224.0454101562	0.0000000000	55.3160443218	42.8802589641
2	52	12733071383974509954	12905926772885617575	10551227292816639295	12763281865300662780	-3224.1240234375	0.0000000000	88.5143160070	7.7491130033
34	26	3110814362846582808	10967727085068043915	6410360561586316042	7521934775911861577	-3224.2766113281	0.0000000000	42.0036101803	47.7999970222
30	11	5203471534380229361	12381492703085286070	9546532816767393412	13388676701445876441	-3224.3393554688	0.0000000000	43.7277977051	62.3381905670
38	48	12571387833946368515	15312254174016176336	14723293980891191463	16875453493394225079	-3224.3728027344	0.0000000000	40.9991130268	19.4512805268
7	18	5611218159028451392	13763709422196672176	8682279682291941861	12855835302193021867	-3224.5419921875	0.0000000000	75.8240842829	55.0507956608
41	43	6498372384346598727	7237992144199475575	1431476409904474218	7093219688322869085	-3224.5598144531	0.0000000000	37.7059504375	33.5787720088
38	31	12571387833946368515	14813934179103814365	11757540262977462296	13758143980831088703	-3224.5876464844	0.0000000000	41.2139567768	43.4224952922
12	30	2641543948053263711	5203471534380229361	9207712539334993557	14614657831997674629	-3224.6975097656	0.0000000000	60.3174499252	44.0859520020
18	48	13763709422196672176	15312254174016176336	2903992279437047115	12949100791560465639	-3224.9331054688	0.0000000000	55.4419089420	20.0115832612
22	20	3022618388336993979	5435679158371172819	9235919837275989812	11343387937154492919	-3225.0649414062	0.0000000000	52.6508805091	54.3696259939
7	26	5611218159028451392	10967727085068043915	8430302105342345541	12566632907140049291	-3225.0952148438	0.0000000000	76.3773069392	48.6186005378
12	18	2641543948053263711	13763709422196672176	1295073600478819808	16136855508173371337	-3225.2075195312	0.0000000000	60.8274596908	55.7163230045
36	10	5246270967241916897	7749690271951988912	898068524339402379	5509781511270421820	-3225.2722167969	0.0000000000	42.4054060801	72.4591454821
17	42	9873031539140435496	11467316390764463082	3631434407155319555	14519947218150515448	-3225.3930664062	0.0000000000	56.4699542357	36.9331335852
26	40	10967727085068043915	12012381597964996384	5884296109175502232	14198113903329407435	-3225.4069824219	0.0000000000	48.9303681159	40.0017161297
35	26	9139022557798495811	10967727085068043915	1212620431566358578	16834644784956107211	-3225.4125976562	0.0000000000	42.9301672140	48.9359833503
38	39	12571387833946368515	14858462082933410047	307058671971257315	11899985504683958242	-3225.4494628906	0.0000000000	42.0757731830	40.7706878541
26	39	10967727085068043915	14858462082933410047	12575654898316017553	12612230292626972327	-3225.5803222656	0.0000000000	49.1037079597	40.9015472291
15	37	6195206690273133071	7450660908424304444	4064315822064862870	10277364755614115168	-3225.6135253906	0.0000000000	57.2346571104	42.4231447753
50	35	7558636062484103727	9139022557798495811	2615310648544850964	17727439069640067009	-3225.6252441406	0.0000000000	17.5366471063	43.1428136984
21	13	14768427494519615233	15987434915575809802	13277591012711256590	17378620962327693328	-3225.7204589844	0.0000000000	54.1629888693	61.0303266178
30	13	5203471534380229361	15987434915575809802	9207712539334993557	12473413939314430029	-3225.7385253906	0.0000000000	45.1269676270	61.0483930241
50	10	7558636062484103727	7749690271951988912	2304117135086549641	17925169401080538217	-3225.8054199219	0.0000000000	17.7168228875	72.9923486071
3	51	5552113180832563101	16563774699587352176	747478313893553583	7413985133138458710	-3225.8315429688	0.0000000000	81.8487556944	15.5270694035
32	27	10925133780581669318	13538566489163057423	12347653112579009036	18043575610224875266	-3225.8444824219	0.0000000000	44.2138231141	49.3062332379
35	19	9139022557798495811	17965359578218694904	12179492298457964469	17727439069640067009	-3225.8540039062	0.0000000000	43.3715734640	56.1925321088
40	31	12012381597964996384	14813934179103814365	3232942760271442592	13422337592953848798	-3225.8698730469	0.0000000000	40.4646067547	44.7047218547
20	52	5435679158371172819	12905926772885617575	7674020597825104267	12610181193217027913	-3225.9233398438	0.0000000000	55.2280244314	9.5484294095
25	15	2682801455768472549	6195206690273133071	7209980982025372822	10056416183814554522	-3225.9455566406	0.0000000000	50.4083748101	57.5666883604
28	46	733906256873087815	12322577367159450797	6839297274500745379	8764852627441329251	-3226.0554199219	0.0000000000	46.3068329622	25.7039734427
37	11	7450660908424304444	12381492703085286070	908149510921310840	12951477855496432735	-3226.1081542969	0.0000000000	42.9177736815	64.1069893951
29	19	7301240505051149561	17965359578218694904	4510702748278486066	8882442884185635036	-3226.1682128906	0.0000000000	45.7463810285	56.5067410932
12	35	2641543948053263711	9139022557798495811	5714925656963697431	8990047918679923454	-3226.1706542969	0.0000000000	61.7905944565	43.6882238546
40	19	12012381597964996384	17965359578218694904	11643951194318877898	17995711870986531612	-3226.2875976562	0.0000000000	40.8823313640	56.6261258588
47	38	7641181535628081949	12571387833946368515	10431555142779222456	12300547993386445116	-3226.2902832031	0.0000000000	23.9997526071	42.9165934955
30	26	5203471534380229361	10967727085068043915	6537320265989430114	7658036670492722635	-3226.3000488281	0.0000000000	45.6884910645	49.8234345222
12	43	2641543948053263711	7237992144199475575	11610643862858389138	15719539280455760287	-3226.5078125000	0.0000000000	62.1277526596	35.5267700556
43	52	7237992144199475575	12905926772885617575	11610643862858389138	14542725360688379416	-3226.5078125000	0.0000000000	35.5267700556	10.1329020658
36	21	5246270967241916897	14768427494519615233	13228205309564753175	15779283234407964589	-3226.5478515625	0.0000000000	43.6810408457	54.9903814474
31	13	14813934179103814365	15987434915575809802	8251384072981323507	9765375890801033353	-3226.5886230469	0.0000000000	45.4234718547	61.8984906803
41	18	6498372384346598727	13763709422196672176	13430644696208728678	14178648768321757686	-3226.6601562500	0.0000000000	39.8062922344	57.1689597233
25	42	2682801455768472549	11467316390764463082	13717637882849875025	15449440967282453365	-3226.7043457031	0.0000000000	51.1671638726	38.2444128820
46	21	12322577367159450797	14768427494519615233	12358396068033496719	17486947797283448439	-3226.7480468750	0.0000000000	26.3966003958	55.1905767599
30	41	5203471534380229361	6498372384346598727	5619038030099302033	15093059311521194290	-3226.8137207031	0.0000000000	46.2021629395	39.9598566875
40	18	12012381597964996384	13763709422196672176	4266946549664192447	6972155824401925644	-3227.0632324219	0.0000000000	41.6579661297	57.5720358951
6	44	1072625227153782097	5668354083094908588	6757648105619146127	9434103114525290177	-3227.1796875000	0.0000000000	78.6886890362	32.4636620253
7	50	5611218159028451392	7558636062484103727	13195664052858873065	15272749426580017168	-3227.2209472656	0.0000000000	78.5030393611	19.1323502313
16	35	8446310031112680844	9139022557798495811	924725736063510915	4809640426868001076	-3227.2380371094	0.0000000000	58.5086712749	44.7556066671
33	39	2076865596415246269	14858462082933410047	11210237130198613100	13007654542672276570	-3227.2719726562	0.0000000000	45.1665346090	42.5931976197
30	36	5203471534380229361	5246270967241916897	8754143547333686985	17416502619180732963	-3227.2932128906	0.0000000000	46.6816551270	44.4264021738
34	47	3110814362846582808	7641181535628081949	4036092935056070507	10187439080436335299	-3227.3842773438	0.0000000000	45.1112761959	25.0937467477
34	48	3110814362846582808	15312254174016176336	8486549237682092130	10187439080436335299	-3227.3842773438	0.0000000000	45.1112761959	22.4627551362
20	47	5435679158371172819	7641181535628081949	3849182369943974255	8696004655927844691	-3227.4187011719	0.0000000000	56.7233857595	25.1281705758
28	25	733906256873087815	2682801455768472549	15366096237080360602	17722189255731669254	-3227.4458007812	0.0000000000	47.6972138216	51.9086189508
7	52	5611218159028451392	12905926772885617575	9591821110472691018	13070278126202623149	-3227.4626464844	0.0000000000	78.7447385798	11.0877360501
23	39	6443820352087301020	14858462082933410047	13797996442102523121	17847392910979622018	-3227.4814453125	0.0000000000	53.9808682592	42.8026702760
10	48	7749690271951988912	15312254174016176336	5156624784290916301	6204883889414456519	-3227.5793457031	0.0000000000	74.7662743883	22.6578234956
6	52	1072625227153782097	12905926772885617575	9461893951997010106	17658795348069384734	-3227.6289062500	0.0000000000	79.1379077862	11.2539958158
14	32	6358255718776659690	10925133780581669318	354385632404434041	10862576532098627570	-3227.6821289062	0.0000000000	59.3751679554	46.0514695985
40	39	12012381597964996384	14858462082933410047	518846747475793177	2940888358147780980	-3227.7736816406	0.0000000000	42.3684153484	43.0949066041
47	18	7641181535628081949	13763709422196672176	2854060269966284652	11226337476534161256	-3227.7778320312	0.0000000000	25.4873014352	58.2866355045
50	2	7558636062484103727	12733071383974509954	699328443227274654	2160537838295935445	-3227.7875976562	0.0000000000	19.6990006219	92.1778902257
18	45	13763709422196672176	18047896203716915955	5527896653863154662	14247499690290448829	-3227.8000488281	0.0000000000	58.3088523014	30.2793759358
43	21	7237992144199475575	14768427494519615233	4275638932671505321	12876836422945007418	-3228.1040039062	0.0000000000	37.1229614619	56.5465337912
36	38	5246270967241916897	12571387833946368515	5058709940780034956	15315475702070862282	-3228.1186523438	0.0000000000	45.2518416269	44.7449626362
33	13	2076865596415246269	15987434915575809802	3636319424589848218	7318684158729510870	-3228.2080078125	0.0000000000	46.1025697653	63.5178754459
26	13	10967727085068043915	15987434915575809802	5141977061602298433	10571810714364523511	-3228.2727050781	0.0000000000	51.7960907722	63.5825727116
28	51	733906256873087815	16563774699587352176	1921232961172278370	6389188407088968955	-3228.3208007812	0.0000000000	48.5722138216	18.0163272160
26	46	10967727085068043915	12322577367159450797	6741450430947631122	8150583945421250417	-3228.3288574219	0.0000000000	51.8522431159	27.9774109427
33	19	2076865596415246269	17965359578218694904	102490370429149612	8342645273782902855	-3228.3623046875	0.0000000000	46.2568666403	58.7008328901
22	17	3022618388336993979	9873031539140435496	10728928762693586747	17008394108096548339	-3228.3952636719	0.0000000000	55.9812027747	59.4721515013
43	13	7237992144199475575	15987434915575809802	688003609714735665	18225288028283716162	-3228.4130859375	0.0000000000	37.4320434931	63.7229535709
29	47	7301240505051149561	7641181535628081949	4871054918664876333	5327459763169543564	-3228.4963378906	0.0000000000	48.0745060285	26.2058072946
41	38	6498372384346598727	12571387833946368515	9327849243372192061	17874066052277154481	-3228.5361328125	0.0000000000	41.6822687969	45.1624431049
42	52	11467316390764463082	12905926772885617575	6099765863300429306	17658795348069384734	-3228.6738281250	0.0000000000	40.2138953039	12.2989176908
15	31	6195206690273133071	14813934179103814365	14322867854421297134	15583906568695932241	-3228.6887207031	0.0000000000	60.3098524229	47.5235695110
29	17	7301240505051149561	9873031539140435496	124603609882282016	10462464988092018705	-3228.9733886719	0.0000000000	48.5515568097	60.0502765013
37	17	7450660908424304444	9873031539140435496	2543175296760246631	18396790233105545973	-3228.9858398438	0.0000000000	45.7954592284	60.0627276732
25	40	2682801455768472549	12012381597964996384	1501903965425908009	14155896304582442015	-3229.0129394531	0.0000000000	53.4757576226	43.6076731609
31	39	14813934179103814365	14858462082933410047	4457207237995892610	11725248777561881021	-3229.0498046875	0.0000000000	47.8846534954	44.3710296510
17	48	9873031539140435496	15312254174016176336	11181396194351626399	13921554158914170891	-3229.0507812500	0.0000000000	60.1276690795	24.1292590425
16	38	8446310031112680844	12571387833946368515	8913022492714207996	13467004658659045618	-3229.1174316406	0.0000000000	60.3880658061	45.7437419330
2	49	12733071383974509954	15884879130643015875	1142079127546363261	15182091845688654216	-3229.1367187500	0.0000000000	93.5270113195	23.8545681270
50	19	7558636062484103727	17965359578218694904	613225211786743214	5515424015765657725	-3229.1601562500	0.0000000000	21.0715592156	59.4986844526
35	21	9139022557798495811	14768427494519615233	351368032946842749	3519702455651088073	-3229.1872558594	0.0000000000	46.7048254171	57.6297857443
34	50	3110814362846582808	7558636062484103727	6135579643466111915	9382752258626890875	-3229.2055664062	0.0000000000	46.9325652584	21.1169693719
8	27	5462485296725942931	13538566489163057423	1718873294056555631	9536861986435343031	-3229.2255859375	0.0000000000	80.4418515459	52.6873367536
21	19	14768427494519615233	17965359578218694904	15648476619154099141	18173411907214189436	-3229.2302246094	0.0000000000	57.6727544943	59.5687528119
25	23	2682801455768472549	6443820352087301020	7793735462987567389	8045802403679371325	-3229.2783203125	0.0000000000	53.7411384820	55.7777432592
36	18	5246270967241916897	13763709422196672176	2950029036281113284	18295374124238468046	-3229.3598632812	0.0000000000	46.4930525644	59.8686667545
35	40	9139022557798495811	12012381597964996384	2869638513705515145	5884296109175502232	-3229.4028320312	0.0000000000	46.9204015890	43.9975657390
47	35	7641181535628081949	9139022557798495811	2963803855922165345	5314269071651015385	-3229.4187011719	0.0000000000	27.1281705758	46.9362707296
30	44	5203471534380229361	5668354083094908588	9457564505835628369	14537580753295060621	-3229.4665527344	0.0000000000	48.8549949707	34.7505272597
25	19	2682801455768472549	17965359578218694904	9199055528072046159	12363412736533728528	-3229.5219726562	0.0000000000	53.9847908258	59.8605008588
1	46	860876305145665765	12322577367159450797	5138868091874312572	14758701229237416507	-3229.5700683594	0.0000000000	94.5976667998	29.2186218802
36	42	5246270967241916897	11467316390764463082	886957000464497693	12743847178478498892	-3229.6225585938	0.0000000000	46.7557478769	41.1626257727
24	40	11631265131533850668	12012381597964996384	11020841534591824258	15461820331950654375	-3229.6672363281	0.0000000000	56.0071774029	44.2619700359
25	22	2682801455768472549	3022618388336993979	3825237854388340113	13358025509742204462	-3229.6784667969	0.0000000000	54.1412849664	57.2644058997
29	13	7301240505051149561	15987434915575809802	3681166158452814015	9226367133457151517	-3229.7639160156	0.0000000000	49.3420841535	65.0737836491
20	37	5435679158371172819	7450660908424304444	3769291544643221509	10418489141932751828	-3229.8303222656	0.0000000000	59.1350068533	46.6399416503
25	47	2682801455768472549	7641181535628081949	5798184161950177561	8000157582381963911	-3229.9475097656	0.0000000000	54.4103279351	27.6569791696
30	37	5203471534380229361	7450660908424304444	4624151248448970437	12307142271516685383	-3230.0925292969	0.0000000000	49.4809715332	46.9021486815
32	40	10925133780581669318	12012381597964996384	9819246924404119416	14135936045856964586	-3230.2038574219	0.0000000000	48.5731981141	44.7985911297
34	38	3110814362846582808	12571387833946368515	17322410872141058344	17973946444436377781	-3230.2250976562	0.0000000000	47.9520965084	46.8514079487
47	39	7641181535628081949	14858462082933410047	15400667659143123616	17504694291394740005	-3230.3085937500	0.0000000000	28.0180631539	45.6298187135
8	43	5462485296725942931	7237992144199475575	6326706889332136676	15350482891534782948	-3230.3496093750	0.0000000000	81.5658749834	39.3685669306
22	37	3022618388336993979	7450660908424304444	11541359761819294335	13222762423138591276	-3230.3837890625	0.0000000000	57.9697281653	47.1934084472
23	51	6443820352087301020	16563774699587352176	9499922400520784467	12964651428003814404	-3230.7116699219	0.0000000000	57.2110928686	20.4071963566
10	51	7749690271951988912	16563774699587352176	1808453146474944493	8123959327809024336	-3230.7250976562	0.0000000000	77.9120263414	20.4206240910
25	4	2682801455768472549	17220593997692396363	7922164460874581876	10854940334052734151	-3230.8959960938	0.0000000000	55.3588142633	85.4272160234
33	52	2076865596415246269	12905926772885617575	1519230153246674204	14887886496564159857	-3230.9572753906	0.0000000000	48.8518373434	14.5823649564
52	45	12905926772885617575	18047896203716915955	2172876659809316572	4844340950947751064	-3231.0705566406	0.0000000000	14.6956462064	33.5498837483
20	48	5435679158371172819	15312254174016176336	7499908887865655292	15855088811233742060	-3231.1137695312	0.0000000000	60.4184541189	26.1922473237
7	31	5611218159028451392	14813934179103814365	3772663328251906980	15319180807441444900	-3231.1750488281	0.0000000000	82.4571409236	50.0098976360
43	38	7237992144199475575	12571387833946368515	7481343709624309376	16412247070098876606	-3231.3527832031	0.0000000000	40.3717407588	47.9790934955
41	39	6498372384346598727	14858462082933410047	3532487277968215212	6334089733972295531	-3231.4516601562	0.0000000000	44.5977961406	46.7728851197
30	8	5203471534380229361	5462485296725942931	2489669250698214519	4562814595246485848	-3231.4975585938	0.0000000000	50.8860008301	82.7138242022
9	34	2222398063721936362	3110814362846582808	10364771386549065238	16569389927390480761	-3231.5126953125	0.0000000000	80.1202815041	49.2396941646
52	51	12905926772885617575	16563774699587352176	2964882840695445932	13279164508193022976	-3231.5634765625	0.0000000000	15.1885661283	21.2590029972
18	49	13763709422196672176	15884879130643015875	2950946828191310408	9103430521808258321	-3231.5695800781	0.0000000000	62.0783835514	26.2874294551
14	52	6358255718776659690	12905926772885617575	4813926463030402873	12627990722501887353	-3231.7011718750	0.0000000000	63.3942109241	15.3262614408
26	31	10967727085068043915	14813934179103814365	1338140633757265715	4555193446668223495	-3231.7094726562	0.0000000000	55.2328583503	50.5443214641
14	31	6358255718776659690	14813934179103814365	16926557170672268515	18406971351359354370	-3231.7460937500	0.0000000000	63.4391327991	50.5809425579
32	31	10925133780581669318	14813934179103814365	3258842009381097078	6695323058386548280	-3231.7551269531	0.0000000000	50.1244676453	50.5899757610
35	48	9139022557798495811	15312254174016176336	11376197990204860929	13383718778320196645	-3231.8835449219	0.0000000000	49.4011144796	26.9620227143
41	40	6498372384346598727	12012381597964996384	9344083266021353353	15746150819160308677	-3231.8996582031	0.0000000000	45.0457941875	46.4943919109
17	40	9873031539140435496	12012381597964996384	14447251498431635278	16415056048330860382	-3231.9414062500	0.0000000000	63.0182940795	46.5361399578
52	4	12905926772885617575	17220593997692396363	2367054028848603515	14721677873137828131	-3232.0153808594	0.0000000000	15.6404704251	86.5466007891
36	20	5246270967241916897	5435679158371172819	5099588888009425409	17021285006980352080	-3232.1411132812	0.0000000000	49.2743025644	61.4457978689
28	31	733906256873087815	14813934179103814365	2210114399741437631	8427157878525358629	-3232.1462402344	0.0000000000	52.3976532747	50.9810890422
34	16	3110814362846582808	8446310031112680844	1283003780171092539	17455699077736193406	-3232.2199707031	0.0000000000	49.9469695553	63.4906048686
30	45	5203471534380229361	18047896203716915955	799572489552004648	13733122189599496971	-3232.2255859375	0.0000000000	51.6140281739	34.7049130452
33	15	2076865596415246269	6195206690273133071	1513248651627994524	7764421406824976592	-3232.2805175781	0.0000000000	50.1750795309	63.9016492979
29	48	7301240505051149561	15312254174016176336	8624334435976266867	11451899342257077627	-3232.3129882812	0.0000000000	51.8911564191	27.3914660737
23	46	6443820352087301020	12322577367159450797	8413619340974252075	15770980623930609069	-3232.4326171875	0.0000000000	58.9320401342	32.0811707083
42	39	11467316390764463082	14858462082933410047	6112696849374930038	13343647771397091643	-3232.4401855469	0.0000000000	43.9802527258	47.7614105103
27	51	13538566489163057423	16563774699587352176	14405546821013557366	15831839506132803892	-3232.5612792969	0.0000000000	56.0230301129	22.2568057316
16	40	8446310031112680844	12012381597964996384	3198970628995021452	11125639552997563111	-3232.6892089844	0.0000000000	63.9598431499	47.2839426922
41	37	6498372384346598727	7450660908424304444	2200102989400542872	16412323134107245002	-3232.6958007812	0.0000000000	45.8419367656	49.5054201659
28	4	733906256873087815	17220593997692396363	5522267334990205754	9924685397535369703	-3232.7219238281	0.0000000000	52.9733368685	87.2531437578
8	50	5462485296725942931	7558636062484103727	12919326226395856429	16128408777204877507	-3232.7607421875	0.0000000000	83.9770077959	24.6721451531
36	17	5246270967241916897	9873031539140435496	2184037402735947839	2504567292864786217	-3232.8862304688	0.0000000000	50.0194197519	63.9631182982
22	52	3022618388336993979	12905926772885617575	9252540509749689907	10378187563178532179	-3232.8906250000	0.0000000000	60.4765641028	16.5157145658
37	31	7450660908424304444	14813934179103814365	14360965911915633892	17658725850379890618	-3232.9367675781	0.0000000000	49.7463869628	51.7716163860
25	39	2682801455768472549	14858462082933410047	3945604301867002642	5798184161950177561	-3232.9389648438	0.0000000000	57.4017830133	48.2601898072
28	13	733906256873087815	15987434915575809802	770968935290971915	7542399923481775913	-3232.9770507812	0.0000000000	53.2284638216	68.2869184147
40	11	12012381597964996384	12381492703085286070	11125639552997563111	13975016792264966143	-3233.2299804688	0.0000000000	47.8247141765	71.2288155670
41	32	6498372384346598727	10925133780581669318	15654038226858054954	18200783817795497948	-3233.3005371094	0.0000000000	46.4466730938	51.6698778016
47	16	7641181535628081949	8446310031112680844	442409553786447780	3524617860606048222	-3233.3439941406	0.0000000000	31.0534635446	64.6146283061
12	23	2641543948053263711	6443820352087301020	7232623257045542397	18421336415754819149	-3233.3444824219	0.0000000000	68.9644225815	59.8439053686
29	38	7301240505051149561	12571387833946368515	10522117893837165760	11832549313907783589	-3233.4392089844	0.0000000000	53.0173771222	50.0655192768
1	50	860876305145665765	7558636062484103727	11109449887912790664	12036082898417335582	-3233.6389160156	0.0000000000	98.6665144561	25.5503189813
25	37	2682801455768472549	7450660908424304444	6321041836115642353	10790549639914368569	-3233.6760253906	0.0000000000	58.1388435601	50.4856447753
33	37	2076865596415246269	7450660908424304444	6369569134518283249	16447673610494450183	-3233.6816406250	0.0000000000	51.5762025778	50.4912600097
6	19	1072625227153782097	17965359578218694904	4638172473312827459	12890620556036576864	-3233.8444824219	0.0000000000	85.3534839581	64.1830106244
43	40	7237992144199475575	12012381597964996384	1936518484903567983	10816882130062212909	-3233.8635253906	0.0000000000	42.8824829463	48.4582590984
35	24	9139022557798495811	11631265131533850668	9843564049286844916	11253862980934471584	-3233.9091796875	0.0000000000	51.4267492452	60.2491207623
15	19	6195206690273133071	17965359578218694904	6602895113227617166	8930565214079709718	-3233.9270019531	0.0000000000	65.5481336729	64.2655301557
34	40	3110814362846582808	12012381597964996384	336425101130491007	17089469778303478820	-3233.9628906250	0.0000000000	51.6898894771	48.5576243328
27	39	13538566489163057423	14858462082933410047	1009909304027085571	1223693656960409169	-3234.1875000000	0.0000000000	57.6492508161	49.5087249635
37	39	7450660908424304444	14858462082933410047	886488956473169786	10291853836476574326	-3234.2463378906	0.0000000000	51.0559572753	49.5675628541
17	52	9873031539140435496	12905926772885617575	4538720510819285378	9230773196337316113	-3234.2558593750	0.0000000000	65.3327472045	17.8809489408
43	51	7237992144199475575	16563774699587352176	13279164508193022976	17798665645166752533	-3234.3298339844	0.0000000000	43.3487915400	24.0253604191
23	35	6443820352087301020	9139022557798495811	17042937282494562324	17046331712352841649	-3234.3698730469	0.0000000000	60.8692959936	51.8874426046
28	37	733906256873087815	7450660908424304444	3247593721584470064	15725317668154781661	-3234.6845703125	0.0000000000	54.9359833528	51.4941896972
14	21	6358255718776659690	14768427494519615233	3198792574346603600	9519225865160347534	-3234.6870117188	0.0000000000	66.3800507679	63.1295416037
20	32	5435679158371172819	10925133780581669318	3836425250175993852	11636993236608173269	-3234.6933593750	0.0000000000	63.9980439626	53.0627000672
36	37	5246270967241916897	7450660908424304444	5055998575376083471	11436216238633958550	-3234.8300781250	0.0000000000	51.9632674082	51.6396975097
30	32	5203471534380229361	10925133780581669318	8860469335349670718	11037194632824422631	-3234.8325195312	0.0000000000	54.2209617676	53.2018602235
20	39	5435679158371172819	14858462082933410047	4097883269804143518	13176674218064877812	-3234.8527832031	0.0000000000	64.1574677908	50.1740081666
10	52	7749690271951988912	12905926772885617575	3643857671750955631	8932929469289157619	-3234.8679199219	0.0000000000	82.0548486071	18.4930094876
28	47	733906256873087815	7641181535628081949	9949025364753942162	16131091223128516485	-3235.2172851562	0.0000000000	55.4686981966	32.9267545602
31	19	14813934179103814365	17965359578218694904	8257139337983727538	18125084010536463005	-3235.2856445312	0.0000000000	54.1204933391	65.6241727338
37	47	7450660908424304444	7641181535628081949	8876691294297932327	12936334339683324407	-3235.3908691406	0.0000000000	52.2004885253	33.1003385446
37	16	7450660908424304444	8446310031112680844	4622173417418966614	9852442887289988478	-3235.5407714844	0.0000000000	52.3503908690	66.8114056499
36	47	5246270967241916897	7641181535628081949	15748675052725865777	16166307266330204442	-3235.6037597656	0.0000000000	52.7369490488	33.3132291696
17	39	9873031539140435496	14858462082933410047	17033193116312436677	18203995345600560870	-3235.6228027344	0.0000000000	66.6996905638	50.9440276978
32	24	10925133780581669318	11631265131533850668	6509497317815376735	12689950583514637870	-3235.6604003906	0.0000000000	54.0297410828	62.0003414654
18	51	13763709422196672176	16563774699587352176	5184103386629225902	7455579397994468649	-3235.7497558594	0.0000000000	66.2585593326	25.4452822941
30	29	5203471534380229361	7301240505051149561	7945694485344987369	13709075654454023046	-3235.7907714844	0.0000000000	55.1792137207	55.3689396222
16	51	8446310031112680844	16563774699587352176	3282177869676068377	6742591722925625819	-3235.9350585938	0.0000000000	67.2056927593	25.6305850285
33	47	2076865596415246269	7641181535628081949	3934326560216156281	8057299508672492659	-3235.9499511719	0.0000000000	53.8445131246	33.6594205758
20	51	5435679158371172819	16563774699587352176	2004708735707400336	16374898250135904657	-3235.9655761719	0.0000000000	65.2702607595	25.6611026066
48	4	15312254174016176336	17220593997692396363	866750666222060634	18290424073937029048	-3236.2583007812	0.0000000000	31.3367785737	90.7895207109
28	33	733906256873087815	2076865596415246269	6126520297656752127	16426750928513794132	-3236.3256835938	0.0000000000	56.5770966341	54.2202455465
43	32	7237992144199475575	10925133780581669318	8521277460932933503	17455436791807992595	-3236.3439941406	0.0000000000	45.3629516963	54.7133348328
29	50	7301240505051149561	7558636062484103727	16647613309428687247	17329120648996464370	-3236.3937988281	0.0000000000	55.9719669660	28.3052017938
14	46	6358255718776659690	12322577367159450797	2021658797280595561	14443070623905521322	-3236.4821777344	0.0000000000	68.1752167835	36.1307312552
24	13	11631265131533850668	15987434915575809802	10744858699896556354	14131510778691219112	-3236.5659179688	0.0000000000	62.9058590435	71.8757856022
44	13	5668354083094908588	15987434915575809802	7967138909555888367	10744858699896556354	-3236.5659179688	0.0000000000	41.8498924941	71.8757856022
5	51	11977667856018223935	16563774699587352176	1464160241016513454	15087262323407151293	-3236.8708496094	0.0000000000	89.8016856056	26.5663760441
20	29	5435679158371172819	7301240505051149561	11393059877687137574	11454677300053383160	-3236.9201660156	0.0000000000	66.2248506033	56.4983341535
32	38	10925133780581669318	12571387833946368515	8108023055277649925	14258144401239589343	-3236.9628906250	0.0000000000	55.3322313172	53.5892009174
35	38	9139022557798495811	12571387833946368515	2801880158772821433	13585218116908919940	-3236.9936523438	0.0000000000	54.5112219015	53.6199626362
42	19	11467316390764463082	17965359578218694904	11703441835839653335	14577376851058247340	-3237.1552734375	0.0000000000	48.6953406164	67.4938016401
20	27	5435679158371172819	13538566489163057423	4049647396602076034	13634350333606380766	-3237.1733398438	0.0000000000	66.4780244314	60.6350906598
9	46	2222398063721936362	12322577367159450797	2744923498336440479	11008048302993888532	-3237.4079589844	0.0000000000	86.0155451760	37.0565125052
44	38	5668354083094908588	12571387833946368515	342509420312994753	5728282274872371597	-3237.4211425781	0.0000000000	42.7051171034	54.0474528705
44	37	5668354083094908588	7450660908424304444	12628380578633188817	16853615258174267129	-3237.5344238281	0.0000000000	42.8183983534	54.3440432128
28	48	733906256873087815	15312254174016176336	721496966555114931	15264228182891359634	-3237.5747070312	0.0000000000	57.8261200716	32.6531848237
36	41	5246270967241916897	6498372384346598727	973278231190624490	8859436359678521002	-3237.7297363281	0.0000000000	54.8629256113	50.8758723125
43	39	7237992144199475575	14858462082933410047	1911244271824003205	9651940423490628369	-3237.8540039062	0.0000000000	46.8729614619	53.1752288697
43	11	7237992144199475575	12381492703085286070	5882652161165192817	10762012641866977377	-3237.8962402344	0.0000000000	46.9151977900	75.8950753326
23	13	6443820352087301020	15987434915575809802	1305466878721386432	12733093193029923123	-3237.9436035156	0.0000000000	64.4430264624	73.2534711491
41	4	6498372384346598727	17220593997692396363	481069999050525646	12412559663103465888	-3238.1049804688	0.0000000000	51.2511164531	92.6362003984
33	42	2076865596415246269	11467316390764463082	3026214069779393900	12792947907808390546	-3238.1525878906	0.0000000000	56.0471498434	49.6926550695
35	18	9139022557798495811	13763709422196672176	5755652701497476222	11366432400883113530	-3238.1840820312	0.0000000000	55.7016515890	68.6928855045
42	31	11467316390764463082	14813934179103814365	6900500120881160262	13746248598688696032	-3238.2749023438	0.0000000000	49.8149695227	57.1097511516
41	42	6498372384346598727	11467316390764463082	2387647551292032789	4245039259425473435	-3238.3391113281	0.0000000000	51.4852473125	49.8791785070
28	40	733906256873087815	12012381597964996384	3231262760738239284	9373563409287811755	-3238.4716796875	0.0000000000	58.7230927278	53.0664133953
43	37	7237992144199475575	7450660908424304444	2578029208653702995	9341843067045749351	-3238.5471191406	0.0000000000	47.5660766963	55.3567385253
36	40	5246270967241916897	12012381597964996384	12092447299919083978	15583497619013601993	-3238.5820312500	0.0000000000	55.7152205332	53.1767649578
31	51	14813934179103814365	16563774699587352176	3990171828381337297	13238631162368309846	-3238.5852050781	0.0000000000	57.4200538860	28.2807315128
41	35	6498372384346598727	9139022557798495811	6153580430173971019	7475164235064430772	-3238.8447265625	0.0000000000	51.9908625469	56.3622961202
28	42	733906256873087815	11467316390764463082	1051870343341177616	5399710556357729711	-3238.8801269531	0.0000000000	59.1315399935	50.4201941320
32	18	10925133780581669318	13763709422196672176	900812371734044840	1137844853742074777	-3238.9406738281	0.0000000000	57.3100145203	69.4494773014
28	14	733906256873087815	6358255718776659690	1094192240280252647	15512004714020290871	-3238.9909667969	0.0000000000	59.2423798372	70.6840058460
9	36	2222398063721936362	5246270967241916897	938481207826939016	2485190691583551328	-3239.1333007812	0.0000000000	87.7408869729	56.2664900644
32	45	10925133780581669318	18047896203716915955	176680144721773179	4614390082474371342	-3239.2136230469	0.0000000000	57.5829637391	41.6929501546
22	24	3022618388336993979	11631265131533850668	769752070273084377	3914350565604644147	-3239.2792968750	0.0000000000	66.8652359778	65.6192379498
33	29	2076865596415246269	7301240505051149561	1186949136149579411	2228676614987819034	-3239.2832031250	0.0000000000	57.1777650778	58.8613712628
12	26	2641543948053263711	10967727085068043915	9176222290462871390	12708793968789467835	-3239.4489746094	0.0000000000	75.0689147690	62.9723603034
28	39	733906256873087815	14858462082933410047	12110788279883173784	18172439647301401351	-3239.6437988281	0.0000000000	59.8952118685	54.9650237916
12	45	2641543948053263711	18047896203716915955	932904591623992855	13048638717429602088	-3239.8811035156	0.0000000000	75.5010436752	42.3604306233
2	51	12733071383974509954	16563774699587352176	3678427370632378344	9543361560890414684	-3239.8916015625	0.0000000000	104.2818941320	29.5871279972
22	46	3022618388336993979	12322577367159450797	5948245977640094158	12526497447168712255	-3240.0502929688	0.0000000000	67.6362320716	39.6988464896
44	14	5668354083094908588	6358255718776659690	7367046025024909948	15844525662839426397	-3240.0876464844	0.0000000000	45.3716210097	71.7806855335
30	39	5203471534380229361	14858462082933410047	1049018116381275044	6913750541717954932	-3240.1811523438	0.0000000000	59.5695945801	55.5023773072
34	41	3110814362846582808	6498372384346598727	7972814826801086226	10602937190050230108	-3240.3120117188	0.0000000000	58.0390105709	53.4581477031
5	48	11977667856018223935	15312254174016176336	4565187743498759350	17835529049588986291	-3240.3305664062	0.0000000000	93.2614024025	35.4090441987
7	46	5611218159028451392	12322577367159450797	713188419507686453	13905965614520679962	-3240.4870605469	0.0000000000	91.7691526423	40.1356140677
12	47	2641543948053263711	7641181535628081949	5433439363373652949	13492482431368547406	-3240.5378417969	0.0000000000	76.1577819565	38.2473112008
34	21	3110814362846582808	14768427494519615233	11297784468719136228	12159981088722049321	-3240.5480957031	0.0000000000	58.2750945553	68.9906255881
42	11	11467316390764463082	12381492703085286070	9926220901695945694	16576582546498130036	-3240.6147460938	0.0000000000	52.1548132727	78.6135811920
36	31	5246270967241916897	14813934179103814365	8552319583660346243	17926862130182599638	-3240.7109375000	0.0000000000	57.8441267832	59.5457863079
39	48	14858462082933410047	15312254174016176336	410314645739652432	15185433412727262704	-3240.7270507812	0.0000000000	56.0482757447	35.8055285737
44	39	5668354083094908588	14858462082933410047	3561365656343734745	4539002102691310878	-3240.8474121094	0.0000000000	46.1313866347	56.1686370728
46	52	12322577367159450797	12905926772885617575	6989368727724954767	13042572508344781072	-3240.8862304688	0.0000000000	40.5347839896	24.5113200345
23	4	6443820352087301020	17220593997692396363	7515747635385516691	11423654057691880741	-3240.9240722656	0.0000000000	67.4234952124	95.4552921953
25	38	2682801455768472549	12571387833946368515	12384789820292862785	13368098769100104191	-3240.9291992188	0.0000000000	65.3920173883	57.5555095112
9	15	2222398063721936362	6195206690273133071	827637848095829984	15401223197437364524	-3240.9772949219	0.0000000000	89.5848811135	72.5984266416
51	4	16563774699587352176	17220593997692396363	382052484033912954	4719486741377780663	-3241.0727539062	0.0000000000	30.7682803410	95.6039738359
28	12	733906256873087815	2641543948053263711	431822380996695080	11793758467404524069	-3241.1059570312	0.0000000000	61.3573700716	76.7258971908
41	13	6498372384346598727	15987434915575809802	1841002762628058576	16026519522624268474	-3241.1721191406	0.0000000000	54.3182551250	76.4819867741
41	52	6498372384346598727	12905926772885617575	1841002762628058576	2290653249931003507	-3241.1721191406	0.0000000000	54.3182551250	24.7972087064
6	51	1072625227153782097	16563774699587352176	14332943348067919020	14387193853489279626	-3241.3457031250	0.0000000000	92.8547046612	31.0412295597
28	35	733906256873087815	9139022557798495811	16214061925812694206	17277302649041153118	-3241.3715820312	0.0000000000	61.6229950716	58.8891515890
5	52	11977667856018223935	12905926772885617575	545946118638819141	4214090470692881148	-3241.4990234375	0.0000000000	94.4298594337	25.1241130033
36	24	5246270967241916897	11631265131533850668	698941033368596040	5962777448022834354	-3241.5029296875	0.0000000000	58.6361189707	67.8428707623
28	29	733906256873087815	7301240505051149561	7801176904678882883	8691499739168925090	-3241.5070800781	0.0000000000	61.7584931185	61.0852482160
47	11	7641181535628081949	12381492703085286070	1828412754217410195	17075637416421745256	-3241.5493164062	0.0000000000	39.2587858102	79.5481515045
18	39	13763709422196672176	14858462082933410047	1607782240791208946	16366137090402044140	-3241.5510253906	0.0000000000	72.0598288639	56.8722503541
37	35	7450660908424304444	9139022557798495811	3224521887531746738	3245078233107657533	-3241.5510253906	0.0000000000	58.3606447753	59.0685949484
29	18	7301240505051149561	13763709422196672176	1258243576334965925	9324386848480783410	-3241.5939941406	0.0000000000	61.1721622785	72.1027976139
29	31	7301240505051149561	14813934179103814365	6211837575737453138	10847726224187105178	-3241.6481933594	0.0000000000	61.2263614972	60.4830421672
46	31	12322577367159450797	14813934179103814365	10322379716380920185	13027965934676368454	-3241.6511230469	0.0000000000	41.2996765677	60.4859718547
30	52	5203471534380229361	12905926772885617575	11207263814252121353	15702671944019240357	-3241.7629394531	0.0000000000	61.1513816895	25.3880290189
20	46	5435679158371172819	12322577367159450797	4247640979250810438	6099615874512709200	-3241.7753906250	0.0000000000	71.0800752126	41.4239441458
12	49	2641543948053263711	15884879130643015875	7162858729356087744	15960721549177176394	-3241.9284667969	0.0000000000	77.5484069565	36.6463161738
7	41	5611218159028451392	6498372384346598727	9824044411726017831	12788417398693408167	-3241.9289550781	0.0000000000	93.2110471736	55.0750910625
30	27	5203471534380229361	13538566489163057423	3172149229388980623	13531049186598202669	-3241.9396972656	0.0000000000	61.3281395020	65.4014480817
17	27	9873031539140435496	13538566489163057423	261844038365319110	7374762066394388017	-3242.0524902344	0.0000000000	73.1293780638	65.5142410504
47	32	7641181535628081949	10925133780581669318	474287368605628079	12366979080299441858	-3242.1625976562	0.0000000000	39.8720670602	60.5319383485
23	19	6443820352087301020	17965359578218694904	1960932580308542633	5983821451951405445	-3242.1782226562	0.0000000000	68.6776456030	72.5167508588
38	45	12571387833946368515	18047896203716915955	12242559730454393273	14090237485565959462	-3242.1850585938	0.0000000000	58.8113688862	44.6643857014
28	32	733906256873087815	10925133780581669318	8292601039026729705	12302843719092986076	-3242.2536621094	0.0000000000	62.5050751497	60.6230028016
34	5	3110814362846582808	11977667856018223935	4366033360428229368	17634420384610549105	-3242.3518066406	0.0000000000	60.0788054928	95.2826426368
47	31	7641181535628081949	14813934179103814365	6973478421514401968	16751288070612385284	-3242.6169433594	0.0000000000	40.3264127633	61.4517921672
33	36	2076865596415246269	5246270967241916897	984043243550729797	12034230061516467548	-3242.6271972656	0.0000000000	60.5217592184	59.7603865488
43	47	7237992144199475575	7641181535628081949	15971959004913891253	16751288070612385284	-3242.7053222656	0.0000000000	51.7242798213	40.4147916696
32	13	10925133780581669318	15987434915575809802	10017802870590502352	16179794666832561220	-3242.7229003906	0.0000000000	61.0922410828	78.0327680241
15	23	6195206690273133071	6443820352087301020	425991706345033456	2112185910171603875	-3242.8518066406	0.0000000000	74.4729383604	69.3512295874
22	31	3022618388336993979	14813934179103814365	1674217807903716505	3381332523764583447	-3242.9934082031	0.0000000000	70.5793473059	61.8282570110
29	37	7301240505051149561	7450660908424304444	1183897223537055796	8151685248227354380	-3243.1865234375	0.0000000000	62.7646915753	59.9961428222
46	39	12322577367159450797	14858462082933410047	5528558139305304704	16965879814457814091	-3243.2114257812	0.0000000000	42.8599793021	58.5326507447
5	46	11977667856018223935	12322577367159450797	10199945505605505463	13342874544281161046	-3243.2775878906	0.0000000000	96.2084238868	42.9261414115
12	44	2641543948053263711	5668354083094908588	13183131992521284956	15846568336315768582	-3243.2910156250	0.0000000000	78.9109557846	48.5749901503
14	35	6358255718776659690	9139022557798495811	1556921412775294963	14251571647551099679	-3243.4172363281	0.0000000000	75.1102753772	60.9348058859
21	51	14768427494519615233	16563774699587352176	4070240637740004294	7437585804615524946	-3243.5412597656	0.0000000000	71.9837896506	33.2367862003
30	47	5203471534380229361	7641181535628081949	3212266109954559270	9568150592702700408	-3243.5473632812	0.0000000000	62.9358055176	41.2568326852
9	52	2222398063721936362	12905926772885617575	12726326798337651342	12869899029079722704	-3243.6684570312	0.0000000000	92.2760432229	27.2935465970
44	52	5668354083094908588	12905926772885617575	6524413904880621848	9270486340267688631	-3243.7358398438	0.0000000000	49.0198143691	27.3609294095
52	21	12905926772885617575	14768427494519615233	817170133173774448	15182753646755614785	-3243.7648925781	0.0000000000	27.3899821439	72.2074224631
34	23	3110814362846582808	6443820352087301020	11096247243152176921	18277361396452519122	-3243.8083496094	0.0000000000	61.5353484615	70.3077725561
33	40	2076865596415246269	12012381597964996384	13772622884139845037	16401762978080505500	-3243.9838867188	0.0000000000	61.8784486715	58.5786204265
17	51	9873031539140435496	16563774699587352176	9029615855778172888	15758396115200435952	-3244.0175781250	0.0000000000	75.0944659545	33.7131045597
30	46	5203471534380229361	12322577367159450797	10584177449176335046	14595824452086809855	-3244.0810546875	0.0000000000	63.4694969239	43.7296082083
47	42	7641181535628081949	11467316390764463082	774408359337949480	12604500000420933192	-3244.0842285156	0.0000000000	41.7936979196	55.6242956945
12	24	2641543948053263711	11631265131533850668	197514712985066053	5125618147045844345	-3244.1665039062	0.0000000000	79.7864440658	70.5064449810
47	40	7641181535628081949	12012381597964996384	9210269221802497202	11986657850492529277	-3244.2700195312	0.0000000000	41.9794889352	58.8647532390
32	48	10925133780581669318	15312254174016176336	8603220217852430467	13266915182855244953	-3244.2751464844	0.0000000000	62.6444871766	39.3536242768
47	13	7641181535628081949	15987434915575809802	4449830665936273565	11153242717762743067	-3244.4536132812	0.0000000000	42.1630826852	79.7634809147
29	40	7301240505051149561	12012381597964996384	12534861662997809866	12547148996343444370	-3244.5017089844	0.0000000000	64.0798771222	59.0964426922
47	21	7641181535628081949	14768427494519615233	4212750941909065076	5177253582196669726	-3244.9406738281	0.0000000000	42.6501432321	73.3832037131
52	49	12905926772885617575	15884879130643015875	4603815379438568065	6709980581246200071	-3244.9453125000	0.0000000000	28.5704020658	39.6631618770
15	21	6195206690273133071	14768427494519615233	2420685259845793970	10709017226491558214	-3244.9995117188	0.0000000000	76.6206434385	73.4420416037
41	29	6498372384346598727	7301240505051149561	3218330757490816524	9860597401924346341	-3245.1533203125	0.0000000000	58.2994562969	64.7314884503
9	50	2222398063721936362	7558636062484103727	10438894194695188482	17788115506224660408	-3245.1730957031	0.0000000000	93.7806818947	37.0844986688
35	31	9139022557798495811	14813934179103814365	16805712938936691489	17306282316984363861	-3245.2536621094	0.0000000000	62.7712316671	64.0885109172
44	15	5668354083094908588	6195206690273133071	10479163640248453366	16838123966104872107	-3245.4340820312	0.0000000000	50.7180565566	77.0552137510
14	23	6358255718776659690	6443820352087301020	4428425665843719405	14088658832664120788	-3245.6467285156	0.0000000000	77.3397675647	72.1461514624
46	11	12322577367159450797	12381492703085286070	2705819818203639776	8945558532440011017	-3245.6589355469	0.0000000000	45.3074890677	83.6577706451
23	52	6443820352087301020	12905926772885617575	3274011765943233101	10383953720540232656	-3245.8642578125	0.0000000000	72.3636807592	29.4893473783
14	18	6358255718776659690	13763709422196672176	7852561018193136527	13303349832766280906	-3245.8977050781	0.0000000000	77.5907441272	76.4065085514
49	13	15884879130643015875	15987434915575809802	2298865738036516541	6293938289019369315	-3245.9145507812	0.0000000000	40.6324001582	81.2244184147
28	50	733906256873087815	7558636062484103727	261883947373776593	4458274415016754408	-3246.0490722656	0.0000000000	66.3004853060	37.9604752313
24	52	11631265131533850668	12905926772885617575	6586589389111095014	7025919658920849221	-3246.1110839844	0.0000000000	72.4510250591	29.7361735501
37	48	7450660908424304444	15312254174016176336	876574908405571828	7895117327329726190	-3246.1621093750	0.0000000000	62.9717287597	41.2405871675
15	41	6195206690273133071	6498372384346598727	12459977646858936998	15232481360907954458	-3246.1682128906	0.0000000000	77.7893446104	59.3143488750
12	41	2641543948053263711	6498372384346598727	509824339741592258	7315039569460459823	-3246.2604980469	0.0000000000	81.8804382065	59.4066340313
32	26	10925133780581669318	10967727085068043915	7425212133015209216	17528804434899406995	-3246.2656250000	0.0000000000	64.6349656922	69.7890106941
36	46	5246270967241916897	12322577367159450797	7258317681927390339	9107057460155206443	-3246.4062500000	0.0000000000	63.5394392832	46.0548035208
34	17	3110814362846582808	9873031539140435496	470650193804874552	4956305451704600239	-3246.4641113281	0.0000000000	64.1911101803	77.5409991576
21	48	14768427494519615233	15312254174016176336	4681803469153805362	8876215135739319460	-3246.5412597656	0.0000000000	74.9837896506	41.6197375581
43	19	7237992144199475575	17965359578218694904	3398936653166940935	11550353648639212406	-3246.6086425781	0.0000000000	55.6276001338	76.9471707807
50	38	7558636062484103727	12571387833946368515	4458274415016754408	10370355753918978887	-3246.7365722656	0.0000000000	38.6479752313	63.3628825580
49	51	15884879130643015875	16563774699587352176	13323069407645787540	16476311758117732515	-3247.1394042969	0.0000000000	41.8572536738	36.8349307316
35	17	9139022557798495811	9873031539140435496	1324120384007994195	10027375737557291062	-3247.1437988281	0.0000000000	64.6613683859	78.2206866576
37	32	7450660908424304444	10925133780581669318	15429519674710265932	16319847289760175724	-3247.6027832031	0.0000000000	64.4124025878	65.9721238953
42	18	11467316390764463082	13763709422196672176	2262417766791286711	3713632878846127919	-3247.7133789062	0.0000000000	59.2534460852	78.2221823795
39	45	14858462082933410047	18047896203716915955	9030247653041243645	13311030353293220933	-3247.8095703125	0.0000000000	63.1307952760	50.2888974202
34	31	3110814362846582808	14813934179103814365	7353617635642237542	8817548699491213624	-3247.9580078125	0.0000000000	65.6850066646	66.7928566204
44	40	5668354083094908588	12012381597964996384	3131978591457607513	16838123966104872107	-3248.2517089844	0.0000000000	53.5356835097	62.8464426922
3	52	5552113180832563101	12905926772885617575	261357261351678329	6569815599261366125	-3249.0319824219	0.0000000000	105.0491951475	32.6570719876
44	32	5668354083094908588	10925133780581669318	15118716636922519382	15173128811117824277	-3249.1127929688	0.0000000000	54.3967674941	67.4821336610
17	32	9873031539140435496	10925133780581669318	4791333395590651236	8783978783853137351	-3249.3134765625	0.0000000000	80.3903643920	67.6828172547
52	18	12905926772885617575	13763709422196672176	6118386137284738152	13096244799170797389	-3249.3449707031	0.0000000000	32.9700602689	79.8537741764
44	19	5668354083094908588	17965359578218694904	6751392573728202490	7025115891589307403	-3249.3786621094	0.0000000000	54.6626366347	79.7171903119
13	45	15987434915575809802	18047896203716915955	1872007625830297250	4320896792830453849	-3249.5207519531	0.0000000000	84.8306195866	52.0000790608
14	41	6358255718776659690	6498372384346598727	13718815713406064775	17732339407738065829	-3249.7124023438	0.0000000000	81.4054413929	62.8585383281
46	27	12322577367159450797	13538566489163057423	2993746579324584240	15367153954935208222	-3250.0371093750	0.0000000000	49.6856628958	73.4988601911
31	48	14813934179103814365	15312254174016176336	4065649447844692541	14362190064922885877	-3250.0856933594	0.0000000000	68.9205421672	45.1641711518
16	42	8446310031112680844	11467316390764463082	10582588091863111159	14330853797332735603	-3250.0993652344	0.0000000000	81.3699993999	61.6394324133
24	51	11631265131533850668	16563774699587352176	868453823979424180	8507485738946932076	-3250.2890625000	0.0000000000	76.6290035748	39.9845889347
14	24	6358255718776659690	11631265131533850668	1751600189557441206	3566987810246290195	-3250.3093261719	0.0000000000	82.0023652210	76.6492672466
8	52	5462485296725942931	12905926772885617575	296885991441629894	16912104207141316936	-3250.3410644531	0.0000000000	101.5573300615	33.9661540189
40	45	12012381597964996384	18047896203716915955	9409399205102695310	15237684838573412299	-3250.4145507812	0.0000000000	65.0092844890	52.8938778889
43	35	7237992144199475575	9139022557798495811	11572496453017368636	16767405999726049875	-3250.6413574219	0.0000000000	59.6603149775	68.1589269796
14	47	6358255718776659690	7641181535628081949	4079759957075612002	13832324132880473772	-3250.7382812500	0.0000000000	82.4313202991	48.4477506539
36	43	5246270967241916897	7237992144199475575	8043202084168390857	13933794045573899278	-3250.8715820312	0.0000000000	68.0047713144	59.8905395869
23	50	6443820352087301020	7558636062484103727	4623524744676993659	5921987467650207786	-3250.9892578125	0.0000000000	77.4886807592	42.9006607781
50	49	7558636062484103727	15884879130643015875	7569755373769036109	17828547369406283737	-3251.1928710938	0.0000000000	43.1042740594	45.9107204707
50	47	7558636062484103727	7641181535628081949	9867098542770989909	18156484775184173040	-3251.4831542969	0.0000000000	43.3945572625	49.1926237008
36	51	5246270967241916897	16563774699587352176	8606444869184412589	13556527368644391036	-3251.5119628906	0.0000000000	68.6451521738	41.2074893253
16	48	8446310031112680844	15312254174016176336	10994751115152872511	17612881994045687950	-3251.5510253906	0.0000000000	82.8216595561	46.6295031831
50	31	7558636062484103727	14813934179103814365	2327558403600233777	7569755373769036109	-3251.7766113281	0.0000000000	43.6880142938	70.6114601360
47	19	7641181535628081949	17965359578218694904	1343080643955063038	4931452294495121851	-3251.9685058594	0.0000000000	49.6779752633	82.3070340619
39	51	14858462082933410047	16563774699587352176	10061013733401814068	14618477405194349421	-3252.1906738281	0.0000000000	67.5118987916	41.8862002628
16	46	8446310031112680844	12322577367159450797	497566723086601116	12439263093675564250	-3252.6406250000	0.0000000000	83.9112591655	52.2891785208
43	48	7237992144199475575	15312254174016176336	7573851157406370219	16472164678128382395	-3252.6467285156	0.0000000000	61.6656860713	47.7252063081
15	45	6195206690273133071	18047896203716915955	1972204719671263173	4727908254732097147	-3252.8193359375	0.0000000000	84.4404676572	55.2986630452
33	16	2076865596415246269	8446310031112680844	3695454017148471588	15383610306574795124	-3252.9199218750	0.0000000000	70.8144838278	84.1905560405
52	39	12905926772885617575	14858462082933410047	1668205457868160312	6139913426475440299	-3252.9321289062	0.0000000000	36.5572184720	68.2533538697
20	50	5435679158371172819	7558636062484103727	5667933936086158394	5714269991589686090	-3253.0139160156	0.0000000000	82.3186006033	44.9253189813
14	45	6358255718776659690	18047896203716915955	5695578114601498921	14026622765141806231	-3253.0488281250	0.0000000000	84.7418671741	55.5281552327
47	24	7641181535628081949	11631265131533850668	12127846424245178586	14864582307775141645	-3253.1516113281	0.0000000000	50.8610807321	79.4915524029
36	26	5246270967241916897	10967727085068043915	1791768192980136010	14062313245618831731	-3253.1879882812	0.0000000000	70.3211775644	76.7113739753
34	20	3110814362846582808	5435679158371172819	2979763626137408250	16693053603750584134	-3253.2675781250	0.0000000000	70.9945769771	82.5722627126
6	22	1072625227153782097	3022618388336993979	3630648560601254278	10546449551015748743	-3253.2836914062	0.0000000000	104.7926929424	80.8696305091
50	45	7558636062484103727	18047896203716915955	6545607036480816108	17917082272987255390	-3253.3010253906	0.0000000000	45.2124283563	55.7803524983
44	4	5668354083094908588	17220593997692396363	5208805902203000952	5466725207619530164	-3253.3984375000	0.0000000000	58.6824120253	107.9296574297
41	19	6498372384346598727	17965359578218694904	16161294576899250405	18219535751297473942	-3253.4990234375	0.0000000000	66.6451594219	83.8375516401
15	46	6195206690273133071	12322577367159450797	863938154500581814	5951016933959541049	-3253.5437011719	0.0000000000	85.1648328916	53.1922546927
36	29	5246270967241916897	7301240505051149561	658840024531235829	12360393410284073302	-3253.5576171875	0.0000000000	70.6908064707	73.1357853253
33	34	2076865596415246269	3110814362846582808	4978853717773695728	16515362451529881647	-3253.5612792969	0.0000000000	71.4558412496	71.2882781490
44	46	5668354083094908588	12322577367159450797	3798895695360625894	10164613982212326516	-3253.6296386719	0.0000000000	58.9136131972	53.2781921927
25	36	2682801455768472549	5246270967241916897	8286913071984742184	15027265196863306702	-3253.6459960938	0.0000000000	78.1088142633	70.7791853769
20	35	5435679158371172819	9139022557798495811	3463875203352142431	8188724296441251896	-3253.6552734375	0.0000000000	82.9599580251	71.1728429952
14	26	6358255718776659690	10967727085068043915	714785545103348660	16118472050191869488	-3253.6577148438	0.0000000000	85.3507538929	77.1811005378
44	42	5668354083094908588	11467316390764463082	2348513209820244745	2763682586053626797	-3253.6618652344	0.0000000000	58.9458397597	65.2019324133
8	46	5462485296725942931	12322577367159450797	8853928582369550936	9755022171888905118	-3253.7983398438	0.0000000000	105.0146054522	53.4468933646
38	49	12571387833946368515	15884879130643015875	2707122235986768314	9182672112796027376	-3253.7998046875	0.0000000000	70.4261149799	48.5176540645
39	49	14858462082933410047	15884879130643015875	10830554930447004935	15117003128248645452	-3253.8293457031	0.0000000000	69.1505706666	48.5471950801
25	44	2682801455768472549	5668354083094908588	7427927869629534227	16920351061263397137	-3254.1213378906	0.0000000000	78.5841560601	59.4053124159
11	52	12381492703085286070	12905926772885617575	9851459045048340519	13040127576729720446	-3254.1997070312	0.0000000000	92.1985421295	37.8247965970
51	45	16563774699587352176	18047896203716915955	6884747275474091993	14585257015709982568	-3254.3134765625	0.0000000000	44.0090029972	56.7928036702
25	46	2682801455768472549	12322577367159450797	3046440375470652279	7723692054715124622	-3254.3247070312	0.0000000000	78.7875252008	53.9732605521
44	16	5668354083094908588	8446310031112680844	7897712046982507105	12435805962808854104	-3254.3488769531	0.0000000000	59.6328514784	85.6195111186
40	48	12012381597964996384	15312254174016176336	395655598594938943	11002414735595402427	-3254.5620117188	0.0000000000	69.1567454265	49.6404895112
30	48	5203471534380229361	15312254174016176336	727825234939452802	9669636818561333660	-3254.6240234375	0.0000000000	74.0124656739	49.7025012300
22	44	3022618388336993979	5668354083094908588	13310893895353068542	14645350212448093513	-3254.7248535156	0.0000000000	82.3107926184	60.0088280409
15	47	6195206690273133071	7641181535628081949	9689377320325807873	13000981203047854850	-3254.9531250000	0.0000000000	86.5742567197	52.6625944039
50	21	7558636062484103727	14768427494519615233	5025269051937911717	12365675340346252705	-3254.9819335938	0.0000000000	46.8933365594	83.4244634787
23	47	6443820352087301020	7641181535628081949	11359083103723905179	15897160605157495775	-3255.0524902344	0.0000000000	81.5519131811	52.7619596383
44	50	5668354083094908588	7558636062484103727	4758948496015756956	12036365511113876441	-3255.2138671875	0.0000000000	60.4978417128	47.1252701531
24	46	11631265131533850668	12322577367159450797	2671882640993673985	2773799664489828446	-3255.4360351562	0.0000000000	81.7759762310	55.0845886771
36	48	5246270967241916897	15312254174016176336	6072696128199163458	9301350310480376620	-3255.4482421875	0.0000000000	72.5814314707	50.5267199800
25	29	2682801455768472549	7301240505051149561	10103244250763497501	10364442551001145875	-3255.5004882812	0.0000000000	79.9633064508	75.0786564191
34	24	3110814362846582808	11631265131533850668	75496020735837032	8900265075735310009	-3255.5109863281	0.0000000000	73.2379851803	81.8509274029
35	42	9139022557798495811	11467316390764463082	4293230082807945286	17708882486424443845	-3255.5324707031	0.0000000000	73.0500402609	67.0725378820
50	46	7558636062484103727	12322577367159450797	918200388216288633	5342632109816415922	-3255.5974121094	0.0000000000	47.5088150750	55.2459656302
8	48	5462485296725942931	15312254174016176336	2767068892395623195	8678389982948475186	-3255.7365722656	0.0000000000	106.9528378740	50.8150500581
27	21	13538566489163057423	14768427494519615233	5900639863682877468	13212328055602161455	-3255.7609863281	0.0000000000	79.2227371442	84.2035162131
37	45	7450660908424304444	18047896203716915955	7248261626960085116	16602499421363545954	-3255.9096679688	0.0000000000	72.7192873534	58.3889950764
28	15	733906256873087815	6195206690273133071	5154035164456173410	13872037826789528971	-3256.4016113281	0.0000000000	76.6530243685	88.0227430479
23	27	6443820352087301020	13538566489163057423	6956993335751135247	11920213053582727522	-3256.6455078125	0.0000000000	83.1449307592	80.1072586286
12	48	2641543948053263711	15312254174016176336	7135671197034151100	12041284803168655486	-3256.6804199219	0.0000000000	92.3003600815	51.7588977143
23	48	6443820352087301020	15312254174016176336	7360859926371993387	18436935744327581173	-3256.8996582031	0.0000000000	83.3990811499	51.9781359956
25	32	2682801455768472549	10925133780581669318	275674080850165481	8993002981382636271	-3256.9272460938	0.0000000000	81.3900642633	75.2965867860
7	45	5611218159028451392	18047896203716915955	9972518449377457245	15514065006514304460	-3257.0351562500	0.0000000000	108.3172483454	59.5144833577
16	52	8446310031112680844	12905926772885617575	6669002855671807110	13250104407219309855	-3257.0429687500	0.0000000000	88.3136029155	40.6680583158
4	45	17220593997692396363	18047896203716915955	11690775700619649755	12496323735481151601	-3257.1657714844	0.0000000000	111.6969914141	59.6450985921
11	31	12381492703085286070	14813934179103814365	9615518172478007208	18248415606906319651	-3257.3630371094	0.0000000000	95.3618722076	76.1978859172
46	48	12322577367159450797	15312254174016176336	12775663398561120213	17630210022219088389	-3257.4091796875	0.0000000000	57.0577332083	52.4876574800
25	41	2682801455768472549	6498372384346598727	960284221323527990	11494286516452231816	-3257.4587402344	0.0000000000	81.9215584039	70.6048762188
22	21	3022618388336993979	14768427494519615233	9198947261447321435	9814012859482005063	-3257.5915527344	0.0000000000	85.1774918372	86.0340826193
36	45	5246270967241916897	18047896203716915955	5710460342314614598	9223917168204820034	-3257.7590332031	0.0000000000	74.8922224863	60.2383603108
9	48	2222398063721936362	15312254174016176336	3924044993791426709	11479949764521837351	-3257.9724121094	0.0000000000	106.5799983010	53.0508899018
48	19	15312254174016176336	17965359578218694904	7124915565646998753	8382080639531696152	-3258.0546875000	0.0000000000	53.1331652925	88.3932157026
15	24	6195206690273133071	11631265131533850668	6577988511088105630	17703583094419492346	-3258.1052246094	0.0000000000	89.7263563291	84.4451656841
47	49	7641181535628081949	15884879130643015875	2665643026895651155	4828805302858951584	-3258.2961425781	0.0000000000	56.0056119821	53.0139919551
41	46	6498372384346598727	12322577367159450797	3409805557806378737	9747021503091881221	-3258.5019531250	0.0000000000	71.6480891094	58.1505066458
50	51	7558636062484103727	16563774699587352176	13280970364509178116	13554989864244244664	-3258.5136718750	0.0000000000	50.4250748406	48.2091983097
43	50	7237992144199475575	7558636062484103727	2844556494407883090	14485102516097041498	-3258.6333007812	0.0000000000	67.6522583369	50.5447037469
44	47	5668354083094908588	7641181535628081949	5485821751142876090	15070699443906556878	-3258.7653808594	0.0000000000	64.0493553847	56.4748502633
47	45	7641181535628081949	18047896203716915955	5485821751142876090	11955735553832439906	-3258.7653808594	0.0000000000	56.4748502633	61.2447079671
11	45	12381492703085286070	18047896203716915955	2391698827754278668	7057612058345327133	-3258.8325195312	0.0000000000	96.8313546295	61.3118466389
33	50	2076865596415246269	7558636062484103727	6512167316142823414	18142973442830524275	-3258.9577636719	0.0000000000	76.8523256246	50.8691666375
34	37	3110814362846582808	7450660908424304444	2720837522738971388	8756172728421307689	-3258.9958496094	0.0000000000	76.7228484615	75.8054689940
9	32	2222398063721936362	10925133780581669318	10049925568918480451	12493708309967049601	-3259.0786132812	0.0000000000	107.6861994729	77.4479539735
33	48	2076865596415246269	15312254174016176336	7339249796067289257	13817221310067806250	-3259.4829101562	0.0000000000	77.3774721090	54.5613879487
28	7	733906256873087815	5611218159028451392	7254165442289732415	9413239929316222532	-3259.7219238281	0.0000000000	79.9733368685	111.0040159236
26	48	10967727085068043915	15312254174016176336	1468902327919131233	6722139844745296240	-3259.7968750000	0.0000000000	83.3202606941	54.8753527925
28	27	733906256873087815	13538566489163057423	4013902445504864910	16473397682643697074	-3259.8928222656	0.0000000000	80.1442353060	83.3545730817
33	43	2076865596415246269	7237992144199475575	9929355016331455172	17346936615950509711	-3260.0437011719	0.0000000000	77.9382631246	69.0626587275
47	26	7641181535628081949	10967727085068043915	3533070105414466524	9289893374965572263	-3260.2714843750	0.0000000000	57.9809537789	83.7948700691
40	27	12012381597964996384	13538566489163057423	14776718375987445923	16811246344676588926	-3260.4089355469	0.0000000000	75.0036692547	83.8706863629
50	40	7558636062484103727	12012381597964996384	1208263348908423673	4432001510813322809	-3260.5068359375	0.0000000000	52.4182389031	75.1015696453
1	49	860876305145665765	15884879130643015875	13704659073982211100	17690642005410557712	-3260.6083984375	0.0000000000	125.6359968779	55.3262478145
37	49	7450660908424304444	15884879130643015875	1537782905236736828	6210547189650227855	-3260.7512207031	0.0000000000	77.5608400878	55.4690700801
30	24	5203471534380229361	11631265131533850668	403166597836754361	8038420608514611641	-3261.2668457031	0.0000000000	80.6552879395	87.6067867779
6	35	1072625227153782097	9139022557798495811	5814078830681946747	16332197674290420176	-3261.7241210938	0.0000000000	113.2331226299	79.2416906515
15	49	6195206690273133071	15884879130643015875	5704762767759643404	12874862104209250646	-3261.8308105469	0.0000000000	93.4519422666	56.5486599238
44	51	5668354083094908588	16563774699587352176	5160583745383303670	18248619828166202609	-3261.8344726562	0.0000000000	67.1184471816	51.5299990910
24	19	11631265131533850668	17965359578218694904	4423246530217674250	13200879526472655782	-3262.0275878906	0.0000000000	88.3675289654	92.3661160932
32	51	10925133780581669318	16563774699587352176	11433085167960429107	17973565872580861894	-3262.1198730469	0.0000000000	80.4892137391	51.8153994816
28	52	733906256873087815	12905926772885617575	6109254298615735988	12262687018234146881	-3262.1333007812	0.0000000000	82.3847138216	45.7583903470
26	52	10967727085068043915	12905926772885617575	4604011759078809175	9427421652374506009	-3262.1416015625	0.0000000000	85.6649872566	45.7666911283
47	52	7641181535628081949	12905926772885617575	15125316628643196019	17306420741491803195	-3262.2009277344	0.0000000000	59.9103971383	45.8260173001
36	44	5246270967241916897	5668354083094908588	1415389580465863398	9322308254751239552	-3262.2714843750	0.0000000000	79.4046736582	67.5554589003
7	44	5611218159028451392	5668354083094908588	3444588532177898074	6079361207022856312	-3263.0454101562	0.0000000000	114.3275022517	68.3293846816
26	11	10967727085068043915	12381492703085286070	2803366883909655750	16725423308767422143	-3263.1645507812	0.0000000000	86.6879364753	101.1633858795
33	49	2076865596415246269	15884879130643015875	1608479465695761527	10443444129106968868	-3263.1857910156	0.0000000000	81.0803529684	57.9036403926
49	19	15884879130643015875	17965359578218694904	2857104397047941248	15882184794006958108	-3263.2011718750	0.0000000000	57.9190212520	93.5397000776
41	47	6498372384346598727	7641181535628081949	525021358021055065	14676553016313786832	-3263.4384765625	0.0000000000	76.5846125469	61.1479459664
50	17	7558636062484103727	9873031539140435496	2884298456283230873	7506061134596046050	-3263.4655761719	0.0000000000	55.3769791375	94.5424640013
15	18	6195206690273133071	13763709422196672176	4303969979602279343	13378674034969973440	-3263.5415039062	0.0000000000	95.1626356260	94.0503073795
25	24	2682801455768472549	11631265131533850668	7437944202422534173	18380590214860364097	-3263.8176269531	0.0000000000	88.2804451226	90.1575680279
41	51	6498372384346598727	16563774699587352176	3171913998389579462	5987625859796053325	-3264.0324707031	0.0000000000	77.1786066875	53.7279971378
34	42	3110814362846582808	11467316390764463082	3244179452962990959	4054573121827977456	-3264.1235351562	0.0000000000	81.8505340084	75.6636023352
28	22	733906256873087815	3022618388336993979	1367835478568082480	7918498773282609443	-3264.3435058594	0.0000000000	84.5949188997	91.9294449622
25	50	2682801455768472549	7558636062484103727	3283391834518881132	5611867701149680115	-3264.3989257812	0.0000000000	88.8617439508	56.3103287469
48	13	15312254174016176336	15987434915575809802	7847947875758717265	11971206672624368887	-3265.4702148438	0.0000000000	60.5486926362	100.7800824772
32	46	10925133780581669318	12322577367159450797	8606999851977346336	14725086204237620024	-3265.5380859375	0.0000000000	83.9074266297	65.1866394583
43	27	7237992144199475575	13538566489163057423	13281626258052631911	17367464825731825286	-3265.6767578125	0.0000000000	74.6957153681	89.1385086286
19	45	17965359578218694904	18047896203716915955	4243621653926268904	6494841679532178275	-3265.8210449219	0.0000000000	96.1595731244	68.3003720296
41	50	6498372384346598727	7558636062484103727	2061794326523947307	13340808619044109150	-3265.8647460938	0.0000000000	79.0108820781	57.7761490594
42	27	11467316390764463082	13538566489163057423	11080815686346515593	14804717339524264972	-3265.9140625000	0.0000000000	77.4541296789	89.3758133161
50	26	7558636062484103727	10967727085068043915	6412675514538225777	10161381379843954232	-3266.4296875000	0.0000000000	58.3410904656	89.9530731941
22	16	3022618388336993979	8446310031112680844	2824535746726134448	4219056952529093954	-3266.4594726562	0.0000000000	94.0454117591	97.7301068218
49	4	15884879130643015875	17220593997692396363	9561287574018550034	14917671716425292194	-3266.5510253906	0.0000000000	61.2688747676	121.0822453203
25	48	2682801455768472549	15312254174016176336	15558072788592268920	16684122649297893486	-3266.6208496094	0.0000000000	91.0836677789	61.6993274018
14	48	6358255718776659690	15312254174016176336	3968120471392537088	7413895375322593803	-3266.7824707031	0.0000000000	98.4755097522	61.8609484956
32	49	10925133780581669318	15884879130643015875	1532442580903976831	9657898118862082657	-3267.2863769531	0.0000000000	85.6557176453	62.0042263301
22	41	3022618388336993979	6498372384346598727	2372213435624677950	5374948840354757525	-3267.8476562500	0.0000000000	95.4335953528	80.9937922344
15	26	6195206690273133071	10967727085068043915	6359133241213827942	6403292473647623451	-3268.1965332031	0.0000000000	99.8176649229	91.7199188972
35	45	9139022557798495811	18047896203716915955	13387227518361151610	17577001966599054373	-3268.4555664062	0.0000000000	85.9731359640	70.9348935139
22	40	3022618388336993979	12012381597964996384	1553272396475095509	4760528367587559701	-3268.5842285156	0.0000000000	96.1701676184	83.1789622234
6	46	1072625227153782097	12322577367159450797	6827872292664072242	17905973569495960151	-3268.6408691406	0.0000000000	120.1498706768	68.2894226615
46	49	12322577367159450797	15884879130643015875	207262897905957151	14059351596765581610	-3269.4990234375	0.0000000000	69.1475769583	64.2168728145
29	46	7301240505051149561	12322577367159450797	14004391922509777840	17793228366026409064	-3269.5717773438	0.0000000000	89.1499454816	69.2203308646
14	16	6358255718776659690	8446310031112680844	3198530558783708702	7315789927454440398	-3270.0273437500	0.0000000000	101.7203827991	101.2979779155
29	49	7301240505051149561	15884879130643015875	5677486842303924031	10348440245059054918	-3270.0786132812	0.0000000000	89.6567814191	64.7964626582
50	18	7558636062484103727	13763709422196672176	11564355829471611008	12335513465747352602	-3270.3957519531	0.0000000000	62.3071549188	100.9045554264
47	46	7641181535628081949	12322577367159450797	2646340815439373538	8834035224659090662	-3270.4172363281	0.0000000000	68.1267057321	70.0657898490
22	23	3022618388336993979	6443820352087301020	2605573821302829346	17946369154264596178	-3270.5283203125	0.0000000000	98.1142594153	97.0277432592
22	39	3022618388336993979	14858462082933410047	6784644976376008813	14261929855252616150	-3270.8295898438	0.0000000000	98.4155289466	86.1508148072
25	16	2682801455768472549	8446310031112680844	7119169342106784582	7681703045711148773	-3270.8901367188	0.0000000000	95.3529548883	102.1607708843
26	19	10967727085068043915	17965359578218694904	7746446921310764142	12255732268084564000	-3271.1437988281	0.0000000000	94.6671845222	101.4823270307
27	31	13538566489163057423	14813934179103814365	2442556196185285797	16945644988250644895	-3271.2524414062	0.0000000000	94.7141922223	90.0872902141
50	24	7558636062484103727	11631265131533850668	6528410268454226728	17386921915075294977	-3271.2785644531	0.0000000000	63.1899674188	97.6185055279
25	35	2682801455768472549	9139022557798495811	10367175711466309629	11388839516493858574	-3271.3679199219	0.0000000000	95.8307380914	88.8854894796
37	50	7450660908424304444	7558636062484103727	11486679503771271533	17714446114922419886	-3271.3764648438	0.0000000000	88.1860842284	63.2878678094
44	48	5668354083094908588	15312254174016176336	10874011473322570562	13133295295743116795	-3271.6357421875	0.0000000000	76.9197167128	66.7142199800
15	48	6195206690273133071	15312254174016176336	3007788374024958857	6459921273998533975	-3271.8400878906	0.0000000000	103.4612196104	66.9185656831
44	29	5668354083094908588	7301240505051149561	12910674963108530017	17697896551963343416	-3272.1437988281	0.0000000000	77.4277733534	91.7219669660
9	51	2222398063721936362	16563774699587352176	3836081302779685332	9792904180232575671	-3272.2529296875	0.0000000000	120.8605158791	61.9484561222
28	34	733906256873087815	3110814362846582808	7556327287685085342	9030572721326315805	-3275.6306152344	0.0000000000	95.8820282747	93.3576140865
7	49	5611218159028451392	15884879130643015875	9134160069529509886	12328578928633704274	-3276.1828613281	0.0000000000	127.4649534236	70.9007107051
48	51	15312254174016176336	16563774699587352176	14045211702163402977	16275963061579740466	-3276.2766113281	0.0000000000	71.3550891206	65.9721377628
28	36	733906256873087815	5246270967241916897	7782706814001407195	14956907120841067998	-3277.3234863281	0.0000000000	97.5748993685	94.4566756113
30	15	5203471534380229361	6195206690273133071	11912314229434976272	16458918321525647701	-3281.4135742188	0.0000000000	100.8020164551	113.0347059385
