section	statistic	value
summary	numTrees	2027025
summary	numEdges	14189175
summary	meanDegree	14.0000000000
local	numLocalPeaks	71
local	posteriorMassOfLocalPeaks	0.9567540723
local	meanUphillFraction	0.4865788180
local	posteriorWeightedMeanUphillFraction	0.0043448589
local	meanBestNeighborLnLDifference	31.3463325657
local	posteriorWeightedMeanBestNeighborLnLDifference	-3.4365112157
local	meanNeighborAbsLnLDifference	12.4123797415
local	posteriorWeightedMeanNeighborAbsLnLDifference	17.1670785654
basin	numPeaks	71
basin	numPeaksMassGreater01	1
basin	numPeaksMassGreater05	1
basin	largestBasinSize	467273
basin	largestBasinMass	0.9998164247
basin	basinMassEntropy	0.0017632372
basin	effectiveNumBasins	1.0017647926
basin	mapTreeHash	13940322141675501375
basin	mapPeakHash	13940322141675501375
basin	mapPeakId	0
basin	mapBasinMass	0.9998164247
basin	posteriorMassOutsideMapBasin	0.0001835753
ascent	meanAscentLength	9.8122356656
ascent	posteriorWeightedMeanAscentLength	0.0436240553
ascent	meanAscentLengthCredible95	0.0000000000
ascent	posteriorWeightedMeanAscentLengthCredible95	0.0000000000
ascent	maxAscentLength	24
credible95	credible95NumTrees	1
credible95	credible95Mass	0.9565733934
credible95	credible95NumComponents	1
credible95	credible95LargestComponentSize	1
credible95	credible95LargestComponentMass	0.9565733934
credible95	credible95MapComponentSize	1
credible95	credible95MapComponentMass	0.9565733934
barrier	basinGraphEdges	702
barrier	meanBasinGraphDegree	19.7746478873
barrier	mapBasinGraphDegree	67
barrier	basinGraphConnected	1
barrier	minBarrierFromMap	26.8696429566
barrier	meanBarrier	86.3590261491
barrier	posteriorWeightedMeanBarrier	22.5844117423
barrier	maxBarrier	296.8877958941

# peaks
peakId	peakHash	peakTreeProbability	basinNumTrees	basinPosteriorMass
0	13940322141675501375	0.9565733934	467273	0.9998164247
1	11993650843181535046	0.0001806375	270986	0.0001835328
2	16531372613019317365	0.0000000409	302307	0.0000000419
3	15359024489942092982	0.0000000005	130998	0.0000000006
4	3363193800092709526	0.0000000001	416679	0.0000000001
5	15218680173632198353	0.0000000000	18006	0.0000000000
6	1930472328265584947	0.0000000000	78563	0.0000000000
7	17748571174786502837	0.0000000000	35910	0.0000000000
8	9028929048894877113	0.0000000000	11469	0.0000000000
9	7089991791314083402	0.0000000000	13498	0.0000000000
10	5133041246497841227	0.0000000000	12983	0.0000000000
11	15399116508150339984	0.0000000000	42458	0.0000000000
12	11113158138541946373	0.0000000000	41251	0.0000000000
13	10145743082110905434	0.0000000000	21712	0.0000000000
14	9419846241024838160	0.0000000000	43146	0.0000000000
15	9862139535600805	0.0000000000	5851	0.0000000000
16	1330626491942655010	0.0000000000	20886	0.0000000000
17	7942649753865635285	0.0000000000	19832	0.0000000000
18	14569243558959732203	0.0000000000	18632	0.0000000000
19	13923406844324291804	0.0000000000	7433	0.0000000000
20	421643100292575889	0.0000000000	28742	0.0000000000
21	11524547973131240959	0.0000000000	9243	0.0000000000
22	14844742007295551442	0.0000000000	7714	0.0000000000
23	16520171566700863004	0.0000000000	73	0.0000000000
24	3954724485913335009	0.0000000000	433	0.0000000000
25	4291659517472418152	0.0000000000	73	0.0000000000
26	10455710094836959401	0.0000000000	278	0.0000000000
27	18164910871943640905	0.0000000000	6	0.0000000000
28	17668581314882703021	0.0000000000	28	0.0000000000
29	1950334851094163880	0.0000000000	42	0.0000000000
30	1502034777662907986	0.0000000000	46	0.0000000000
31	11242801417506144930	0.0000000000	16	0.0000000000
32	547879015599754888	0.0000000000	22	0.0000000000
33	16600342241667575434	0.0000000000	97	0.0000000000
34	5758841203289320496	0.0000000000	14	0.0000000000
35	464423080113127962	0.0000000000	27	0.0000000000
36	2296122815841935449	0.0000000000	13	0.0000000000
37	6672507286968009894	0.0000000000	15	0.0000000000
38	8516470539335001013	0.0000000000	12	0.0000000000
39	17853265189825989763	0.0000000000	3	0.0000000000
40	7039041914971718649	0.0000000000	7	0.0000000000
41	2492826542859794127	0.0000000000	38	0.0000000000
42	12299412750025058355	0.0000000000	13	0.0000000000
43	13226925821911394995	0.0000000000	4	0.0000000000
44	3639760460067492152	0.0000000000	22	0.0000000000
45	12993210964000509488	0.0000000000	5	0.0000000000
46	1643027625903258829	0.0000000000	11	0.0000000000
47	5736698748186567336	0.0000000000	12	0.0000000000
48	4132298291667132837	0.0000000000	18	0.0000000000
49	11608734901956515531	0.0000000000	6	0.0000000000
50	7954439446442797217	0.0000000000	16	0.0000000000
51	13292691416804620568	0.0000000000	5	0.0000000000
52	10173048394798867302	0.0000000000	9	0.0000000000
53	10227180572385240627	0.0000000000	4	0.0000000000
54	12531669751321223030	0.0000000000	6	0.0000000000
55	10470006149621968214	0.0000000000	5	0.0000000000
56	140596763415134435	0.0000000000	10	0.0000000000
57	12754911752208218123	0.0000000000	4	0.0000000000
58	14054484091089698115	0.0000000000	3	0.0000000000
59	532342847330142605	0.0000000000	4	0.0000000000
60	11898300834540334386	0.0000000000	5	0.0000000000
61	2971716969956636305	0.0000000000	5	0.0000000000
62	1038260303578061662	0.0000000000	6	0.0000000000
63	6382115558270069499	0.0000000000	4	0.0000000000
64	5676692493518573778	0.0000000000	7	0.0000000000
65	14632813600993826538	0.0000000000	7	0.0000000000
66	6495257403368875128	0.0000000000	4	0.0000000000
67	14922020152664220504	0.0000000000	7	0.0000000000
68	3249669523183527212	0.0000000000	2	0.0000000000
69	15740259534957837332	0.0000000000	2	0.0000000000
70	3651989770806214052	0.0000000000	4	0.0000000000

# saddles
peakId1	peakId2	peakHash1	peakHash2	saddleTree1	saddleTree2	saddleLnL	saddleProbability	barrierFromPeak1	barrierFromPeak2
1	3	11993650843181535046	15359024489942092982	660595339416410141	15359024489942092982	-5667.0820312500	0.0000000001	15.0049833941	2.2377085732
1	0	11993650843181535046	13940322141675501375	2725603050581470557	9919674509402212025	-5670.3720703125	0.0000000000	18.2950224566	26.8696429566
0	3	13940322141675501375	15359024489942092982	2687386518937549709	2722181444198666712	-5673.6547851562	0.0000000000	30.1523578003	8.8104624795
4	2	3363193800092709526	16531372613019317365	8793787313788994148	12562739196445257305	-5676.7685546875	0.0000000000	9.7056782096	16.2986223328
0	2	13940322141675501375	16531372613019317365	1273455550845211978	6675879749526766658	-5683.6796875000	0.0000000000	40.1772601441	23.2097551453
5	3	15218680173632198353	15359024489942092982	14824756774479525754	15218680173632198353	-5694.9179687500	0.0000000000	0.2802984796	30.0736460732
5	2	15218680173632198353	16531372613019317365	4949470227614099823	15218680173632198353	-5695.7480468750	0.0000000000	1.1103766046	35.2781145203
1	2	11993650843181535046	16531372613019317365	9367393615454981506	14574449689391028669	-5698.6894531250	0.0000000000	46.6124052691	38.2195207703
6	4	1930472328265584947	3363193800092709526	1930472328265584947	9607763175521416930	-5698.7202148438	0.0000000000	3.8536114096	31.6573383659
0	5	13940322141675501375	15218680173632198353	9917327128260543198	15218680173632198353	-5700.1518554688	0.0000000000	56.6494281128	5.5141851983
6	7	1930472328265584947	17748571174786502837	1779810739210030901	17748571174786502837	-5701.7426757812	0.0000000000	6.8760723471	0.4278505289
4	8	3363193800092709526	9028929048894877113	9028929048894877113	18112111121413010990	-5702.4311523438	0.0000000000	35.3682758659	0.0631165221
6	0	1930472328265584947	13940322141675501375	7942696413151273572	15278708735550231163	-5703.0698242188	0.0000000000	8.2032207846	59.5673968628
9	0	7089991791314083402	13940322141675501375	7089991791314083402	18146564508707290708	-5703.3149414062	0.0000000000	0.2330254213	59.8125140503
4	7	3363193800092709526	17748571174786502837	6411889448626632629	17748571174786502837	-5705.0986328125	0.0000000000	38.0357563346	3.7838075601
4	0	3363193800092709526	13940322141675501375	4874202191705321551	14812157061002911703	-5705.7792968750	0.0000000000	38.7164203971	62.2768695191
10	1	5133041246497841227	11993650843181535046	1581951640237423360	5133041246497841227	-5706.1777343750	0.0000000000	1.7982197279	54.1006865191
4	12	3363193800092709526	11113158138541946373	9941517694121497366	16179408788101477468	-5706.3398437500	0.0000000000	39.2769672721	0.4346355574
4	3	3363193800092709526	15359024489942092982	5111063524810709486	8512093478109175242	-5706.6523437500	0.0000000000	39.5894672721	41.8080210732
12	11	11113158138541946373	15399116508150339984	8226598706293332061	9941517694121497366	-5707.1372070312	0.0000000000	1.2319988387	1.6717698959
4	11	3363193800092709526	15399116508150339984	6774217431391038867	10101807949513137605	-5707.3388671875	0.0000000000	40.2759907096	1.8734300522
0	7	13940322141675501375	17748571174786502837	7324726943007895918	14394884368167149243	-5707.4516601562	0.0000000000	63.9492328003	6.1368349039
3	2	15359024489942092982	16531372613019317365	1177706975661419489	13832850175782287412	-5707.6044921875	0.0000000000	42.7601695107	47.1345598328
4	1	3363193800092709526	11993650843181535046	8611967979981619942	18419418073838621609	-5707.8408203125	0.0000000000	40.7779438346	55.7637724566
13	0	10145743082110905434	13940322141675501375	10145743082110905434	16930484031282917518	-5709.5927734375	0.0000000000	1.1905884483	66.0903460816
4	14	3363193800092709526	9419846241024838160	9951323499756947444	13364969320613187077	-5710.3261718750	0.0000000000	43.2632953971	1.3743876045
10	9	5133041246497841227	7089991791314083402	219551205506471888	3022713011601940768	-5711.2832031250	0.0000000000	6.9036884779	8.2012871401
16	1	1330626491942655010	11993650843181535046	2035406195820049503	11628933696522543609	-5711.6884765625	0.0000000000	0.5501347321	59.6114287066
15	0	9862139535600805	13940322141675501375	9862139535600805	2798888622531925962	-5711.7504882812	0.0000000000	0.8331231099	68.2480609253
15	13	9862139535600805	10145743082110905434	4727024207008898232	14819739815095476976	-5711.7861328125	0.0000000000	0.8687676412	3.3839478233
11	2	15399116508150339984	16531372613019317365	9992027191976287997	14299878096496921700	-5712.1904296875	0.0000000000	6.7249925522	51.7204973328
17	18	7942649753865635285	14569243558959732203	14569243558959732203	16048609740062609299	-5712.2392578125	0.0000000000	0.1258940943	0.0773133345
16	17	1330626491942655010	7942649753865635285	3868059303787580290	7942649753865635285	-5713.0410156250	0.0000000000	1.9026737946	0.9276519068
15	9	9862139535600805	7089991791314083402	9862139535600805	456081359477919083	-5713.0957031250	0.0000000000	2.1783379537	10.0137871401
10	17	5133041246497841227	7942649753865635285	7942649753865635285	15992709068711014792	-5713.1113281250	0.0000000000	8.7318134779	0.9979644068
16	18	1330626491942655010	14569243558959732203	16096942863676269609	17313882237941841778	-5713.4750976562	0.0000000000	2.3367558258	1.3131531782
17	1	7942649753865635285	11993650843181535046	3861164765524374142	7959147339434145293	-5713.6928710938	0.0000000000	1.5795073756	61.6158232378
9	13	7089991791314083402	10145743082110905434	3775700723394654086	8894062328911555239	-5713.9956054688	0.0000000000	10.9136894838	5.5934204796
16	10	1330626491942655010	5133041246497841227	13017758426313451474	15992709068711014792	-5714.2500000000	0.0000000000	3.1116581696	9.8704853529
10	18	5133041246497841227	14569243558959732203	11792800528690475202	16042679019535291932	-5714.3486328125	0.0000000000	9.9691181654	2.1866883345
1	18	11993650843181535046	14569243558959732203	9272431198678465727	14569243558959732203	-5714.6284179688	0.0000000000	62.5513701128	2.4664734907
19	2	13923406844324291804	16531372613019317365	7383935060082918266	13923406844324291804	-5716.2045898438	0.0000000000	0.1582097375	55.7346574891
20	6	421643100292575889	1930472328265584947	502276043777113660	3916126175659805027	-5718.3168945312	0.0000000000	0.3604552746	23.4502910971
2	7	16531372613019317365	17748571174786502837	4600497958695715072	8739547676182827231	-5718.8198242188	0.0000000000	58.3498918641	17.5049989664
6	2	1930472328265584947	16531372613019317365	4414237013106073064	8739547676182827231	-5719.3554687500	0.0000000000	24.4888653159	58.8855363953
12	2	11113158138541946373	16531372613019317365	2489652114682823149	10491897567879269006	-5719.5683593750	0.0000000000	13.6631511824	59.0984270203
20	3	421643100292575889	15359024489942092982	713748204181754281	5511594485357789884	-5720.6088867188	0.0000000000	2.6524474621	55.7645640420
20	4	421643100292575889	3363193800092709526	502276043777113660	1563627958684434197	-5720.8432617188	0.0000000000	2.8868224621	53.7803852409
4	5	3363193800092709526	15218680173632198353	1921103231234529110	9540991475976418055	-5721.0859375000	0.0000000000	54.0230610221	26.4482672296
20	14	421643100292575889	9419846241024838160	2757402517658625038	13500233877233309872	-5721.2812500000	0.0000000000	3.3248107434	12.3294657295
14	2	9419846241024838160	16531372613019317365	7003186787814743998	15026507965821404257	-5722.3554687500	0.0000000000	13.4036844795	61.8855363953
19	11	13923406844324291804	15399116508150339984	1879754925771656433	11523591374525491210	-5722.5561523438	0.0000000000	6.5097722375	17.0907152084
10	0	5133041246497841227	13940322141675501375	11237897928281685172	12135904383308777862	-5723.3002929688	0.0000000000	18.9207783216	79.7978656128
9	18	7089991791314083402	14569243558959732203	13433907093047896190	16514149201056305722	-5724.6372070312	0.0000000000	21.5552910463	12.4752625532
0	18	13940322141675501375	14569243558959732203	2374717014174252235	3185964991575190634	-5725.1870117188	0.0000000000	81.6845843628	13.0250672407
14	3	9419846241024838160	15359024489942092982	1129403742844230236	15120096189147186704	-5725.4594726562	0.0000000000	16.5076883858	60.6151499795
8	12	9028929048894877113	11113158138541946373	16138976233866560805	16658408334818363486	-5725.7832031250	0.0000000000	23.4151673033	19.8779949324
6	3	1930472328265584947	15359024489942092982	282271589179918530	7288334831029941156	-5726.4887695312	0.0000000000	31.6221660971	61.6444468545
1	5	11993650843181535046	15218680173632198353	3928405384789391169	6256384233280043413	-5726.6840820312	0.0000000000	74.6070341753	32.0464117608
20	0	421643100292575889	13940322141675501375	821046663689196747	18264876035676458561	-5726.7094726562	0.0000000000	8.7530333996	83.2070453003
9	1	7089991791314083402	11993650843181535046	11858722525997815774	13370585721210555626	-5727.1225585938	0.0000000000	24.0406426088	75.0455107378
6	14	1930472328265584947	9419846241024838160	4285050937970943456	14140704899430313471	-5727.2299804688	0.0000000000	32.3633770346	18.2781961983
4	10	3363193800092709526	5133041246497841227	14989212268971751131	15510136159344739890	-5729.1982421875	0.0000000000	62.1353657096	24.8187275404
10	3	5133041246497841227	15359024489942092982	3637235617202587218	5801493749147624246	-5730.6074218750	0.0000000000	26.2279072279	65.7630991982
20	7	421643100292575889	17748571174786502837	5065448737823239123	11147046835636312559	-5730.6782226562	0.0000000000	12.7217833996	29.3633974039
14	0	9419846241024838160	13940322141675501375	15243870087085921574	18430613527668631648	-5730.7578125000	0.0000000000	21.8060282295	87.2553851441
15	18	9862139535600805	14569243558959732203	1135349098065659613	10774464509609412199	-5730.7968750000	0.0000000000	19.8795098287	18.6349305220
14	1	9419846241024838160	11993650843181535046	7609847429245394610	17088753550655391276	-5730.9169921875	0.0000000000	21.9652079170	78.8399443316
13	18	10145743082110905434	14569243558959732203	924087692215829896	11113031014405054909	-5732.1103515625	0.0000000000	23.7081665733	19.9484070845
16	0	1330626491942655010	13940322141675501375	5840945723624012674	11216806692352048877	-5732.3095703125	0.0000000000	21.1712284821	88.8071429566
16	13	1330626491942655010	10145743082110905434	11113031014405054909	11216806692352048877	-5732.3095703125	0.0000000000	21.1712284821	23.9073853233
18	11	14569243558959732203	15399116508150339984	2173450331746500214	13936253746522045004	-5734.5053710938	0.0000000000	22.3434266157	29.0399339584
12	19	11113158138541946373	13923406844324291804	4277352317460452912	7388295715490016471	-5734.8041992188	0.0000000000	28.8989910262	18.7578191125
13	1	10145743082110905434	11993650843181535046	15040649959250611959	15931628930568396209	-5735.3789062500	0.0000000000	26.9767212608	83.3018583941
16	4	1330626491942655010	3363193800092709526	803470598280278347	10344122822287742669	-5735.4902343750	0.0000000000	24.3518925446	68.4273578971
4	18	3363193800092709526	14569243558959732203	15233667554731421561	16417086777604683128	-5735.9970703125	0.0000000000	68.9341938346	23.8351258345
6	8	1930472328265584947	9028929048894877113	5514550268612698166	10524324555890964861	-5736.0991210938	0.0000000000	41.2325176596	33.7310852721
15	16	9862139535600805	1330626491942655010	2271678319816150195	14776333226152096902	-5736.5122070312	0.0000000000	25.5948418599	25.3738652008
17	13	7942649753865635285	10145743082110905434	13962998217412901690	14777161854884237224	-5737.2929687500	0.0000000000	25.1796050318	28.8907837608
17	0	7942649753865635285	13940322141675501375	4491770963097644179	14640315233189002135	-5737.3281250000	0.0000000000	25.2147612818	93.8256976441
15	17	9862139535600805	7942649753865635285	4786511626524925512	14776333226152096902	-5738.0942382812	0.0000000000	27.1768731099	25.9808745631
17	11	7942649753865635285	15399116508150339984	2106737392940046825	10975217289012521590	-5738.6376953125	0.0000000000	26.5243315943	33.1722581772
11	7	15399116508150339984	17748571174786502837	5116379193424381041	5829613206965162834	-5738.9980468750	0.0000000000	33.5326097397	37.6832216226
9	2	7089991791314083402	16531372613019317365	2200169768260537308	12048166780908529797	-5739.0073242188	0.0000000000	35.9254082338	78.5373918641
10	13	5133041246497841227	10145743082110905434	6453057123456029375	12720635843879689029	-5739.1586914062	0.0000000000	34.7791767591	30.7565064171
16	11	1330626491942655010	15399116508150339984	2915098396204433113	9255177714874175554	-5739.2236328125	0.0000000000	28.0852909821	33.7581956772
22	11	14844742007295551442	15399116508150339984	14844742007295551442	17294094235614877363	-5739.4218750000	0.0000000000	0.3681230095	33.9564378647
6	1	1930472328265584947	11993650843181535046	2561839590747538629	10581456164500133998	-5739.5112304688	0.0000000000	44.6446270346	87.4341826128
10	2	5133041246497841227	16531372613019317365	12391630886290003567	14109365055122186524	-5739.5966796875	0.0000000000	35.2171650404	79.1267473328
4	21	3363193800092709526	11524547973131240959	11524547973131240959	13853539074799636585	-5739.7563476562	0.0000000000	72.6934711784	1.3733483391
4	9	3363193800092709526	7089991791314083402	4261156217886196761	8578845795126856179	-5739.7680664062	0.0000000000	72.7051899284	36.6861504213
12	21	11113158138541946373	11524547973131240959	1445286993666748312	7035790672875091849	-5739.9042968750	0.0000000000	33.9990886824	1.5212975578
4	17	3363193800092709526	7942649753865635285	4031097063132662301	10975217289012521590	-5740.0332031250	0.0000000000	72.9703266471	27.9198394068
12	7	11113158138541946373	17748571174786502837	3924232871651978306	4798413137958397185	-5740.1728515625	0.0000000000	34.2676433699	38.8580263101
17	3	7942649753865635285	15359024489942092982	2104925063894584100	12850475011056086081	-5740.3813476562	0.0000000000	28.2679839381	75.5370249795
20	1	421643100292575889	11993650843181535046	4068736471908434945	14792873436919216015	-5740.6333007812	0.0000000000	22.6768615246	88.5562529253
21	22	11524547973131240959	14844742007295551442	2377913753075592859	12335767360832013022	-5740.7519531250	0.0000000000	2.3689538078	1.6982011345
8	14	9028929048894877113	9419846241024838160	16619832422901062413	16695479037133718078	-5740.9165039062	0.0000000000	38.5484680846	31.9647196358
21	11	11524547973131240959	15399116508150339984	3340404041563356548	12355808788265559517	-5741.0424804688	0.0000000000	2.6594811516	35.5770433334
4	22	3363193800092709526	14844742007295551442	5892925777952283061	16366008983208284586	-5741.1127929688	0.0000000000	74.0499164909	2.0590409782
9	3	7089991791314083402	15359024489942092982	5374583794058487371	15041717524208639271	-5741.1772460938	0.0000000000	38.0953301088	76.3329234170
15	1	9862139535600805	11993650843181535046	909551148752816706	4610695356604249800	-5741.4501953125	0.0000000000	30.5328301412	89.3731474566
16	3	1330626491942655010	15359024489942092982	6179826560254595793	14625207442084079186	-5741.5551757812	0.0000000000	30.4168339508	76.7108531045
8	1	9028929048894877113	11993650843181535046	10617292234086382006	16782163387579964482	-5742.0024414062	0.0000000000	39.6344055846	89.9253935503
15	10	9862139535600805	5133041246497841227	7691364890069896706	9786337150677361776	-5742.3027343750	0.0000000000	31.3853692037	37.9232197279
6	11	1930472328265584947	15399116508150339984	2651523769917011256	15274656007459682331	-5742.6630859375	0.0000000000	47.7964825034	37.1976488022
12	22	11113158138541946373	14844742007295551442	2608295268679241482	16185477070611131150	-5742.7465820312	0.0000000000	36.8413738387	3.6928300407
18	2	14569243558959732203	16531372613019317365	2754580037854393454	9454758392353177270	-5743.3842773438	0.0000000000	31.2223328657	82.9143449891
4	19	3363193800092709526	13923406844324291804	11887790736045268932	12364664949872532539	-5743.6533203125	0.0000000000	76.5904438346	27.6069402062
1	19	11993650843181535046	13923406844324291804	8569395679787717504	11893163915784946053	-5744.2314453125	0.0000000000	92.1543974566	28.1850652062
9	11	7089991791314083402	15399116508150339984	1454099731167053184	8022979273876187128	-5744.5502929688	0.0000000000	41.4683769838	39.0848558334
21	7	11524547973131240959	17748571174786502837	10995058593494821587	15565717552473077882	-5744.6987304688	0.0000000000	6.3157311516	43.3839052164
8	0	9028929048894877113	13940322141675501375	4288873846238596045	17068948593517945396	-5745.2958984375	0.0000000000	42.9278626158	101.7934710816
0	23	13940322141675501375	16520171566700863004	1644258288024315092	16520171566700863004	-5745.4653320312	0.0000000000	101.9629046753	0.2322229612
9	12	7089991791314083402	11113158138541946373	13483344929632380459	16894649475894229429	-5745.5302734375	0.0000000000	42.4483574526	39.6250652449
13	12	10145743082110905434	11113158138541946373	11615667187143208406	14606681626531039597	-5745.5805664062	0.0000000000	37.1783814171	39.6753582137
13	21	10145743082110905434	11524547973131240959	5582108430553322033	11615667187143208406	-5745.5805664062	0.0000000000	37.1783814171	7.1975670891
22	2	14844742007295551442	16531372613019317365	2317590564999137099	18127301210007003642	-5745.7114257812	0.0000000000	6.6576737907	85.2414934266
22	7	14844742007295551442	17748571174786502837	9594282080467941404	15336521825596305945	-5745.7177734375	0.0000000000	6.6640214470	44.4029481851
12	1	11113158138541946373	11993650843181535046	14676221137938844305	14814512624791227462	-5746.8691406250	0.0000000000	40.9639324324	94.7920927691
17	2	7942649753865635285	16531372613019317365	14034812629350277012	16169336233294295641	-5746.9130859375	0.0000000000	34.7997222193	86.4431535828
8	2	9028929048894877113	16531372613019317365	13390871683246396413	15994531343967942812	-5747.2280273438	0.0000000000	44.8599915221	86.7580949891
12	0	11113158138541946373	13940322141675501375	9539983271988557451	14814512624791227462	-5747.8842773438	0.0000000000	41.9790691512	104.3818499878
1	11	11993650843181535046	15399116508150339984	8400275846301456769	12493764190112688643	-5748.9794921875	0.0000000000	96.9024443316	43.5140550522
19	0	13923406844324291804	13940322141675501375	10134467573282261964	14849157536751976049	-5749.2788085938	0.0000000000	33.2324284875	105.7763812378
4	13	3363193800092709526	10145743082110905434	12028213451230468237	14569220348680400997	-5749.3691406250	0.0000000000	82.3062641471	40.9669556358
16	2	1330626491942655010	16531372613019317365	8701066348236617605	16197876062585344947	-5749.5029296875	0.0000000000	38.3645878571	89.0329973328
15	11	9862139535600805	15399116508150339984	5458579283856998842	14107502741735053116	-5750.7832031250	0.0000000000	39.8658379537	45.3177659897
15	4	9862139535600805	3363193800092709526	9177169207083544461	14107502741735053116	-5750.7929687500	0.0000000000	39.8756035787	83.7300922721
8	11	9028929048894877113	15399116508150339984	103252513772547478	17495498385229601599	-5751.3403320312	0.0000000000	48.9722962096	45.8748948959
18	3	14569243558959732203	15359024489942092982	12761407329118301790	16531605042721470480	-5751.6928710938	0.0000000000	39.5309266157	86.8485484170
16	12	1330626491942655010	11113158138541946373	16001760227698994067	16629158673378439313	-5751.6997070312	0.0000000000	40.5613652008	45.7944988387
3	7	15359024489942092982	17748571174786502837	1977975484090394074	9597624863205328889	-5751.9179687500	0.0000000000	87.0736460732	50.6031434976
6	5	1930472328265584947	15218680173632198353	12208005241947441852	18413662716347455768	-5752.1591796875	0.0000000000	57.2925762534	57.5215094171
0	11	13940322141675501375	15399116508150339984	5638344931143528134	15009874392081454811	-5752.4179687500	0.0000000000	108.9155413941	46.9525316147
13	11	10145743082110905434	15399116508150339984	9139445084784318502	13644650512305011068	-5752.9018554688	0.0000000000	44.4996704796	47.4364183334
10	11	5133041246497841227	15399116508150339984	11828152443177946053	15764715142260337785	-5753.4770507812	0.0000000000	49.0975361341	48.0116136459
6	9	1930472328265584947	7089991791314083402	8946336954063887608	11218988231779066474	-5754.4082031250	0.0000000000	59.5415996909	51.3262871401
12	18	11113158138541946373	14569243558959732203	16757153541086879561	17631624886779512536	-5754.7426757812	0.0000000000	48.8374675887	42.5807313032
3	23	15359024489942092982	16520171566700863004	174575570926453245	13747813975175215245	-5755.9838867188	0.0000000000	91.1395640420	10.7507776487
15	6	9862139535600805	1930472328265584947	3127428317623639792	9383737944646459036	-5756.0751953125	0.0000000000	45.1578301412	61.2085918784
6	13	1930472328265584947	10145743082110905434	6214404878320480092	17421836210379442530	-5757.4824218750	0.0000000000	62.6158184409	49.0802368858
13	7	10145743082110905434	17748571174786502837	943277548972899323	13114509284734907559	-5757.7158203125	0.0000000000	49.3136353233	56.4009950601
6	22	1930472328265584947	14844742007295551442	3023988744613579823	15793242496037205114	-5757.9482421875	0.0000000000	63.0816387534	18.8944901970
6	21	1930472328265584947	11524547973131240959	355682331371007651	3492093301529375138	-5758.1005859375	0.0000000000	63.2339825034	19.7175866203
1	23	11993650843181535046	16520171566700863004	174575570926453245	17677145404887360445	-5758.8095703125	0.0000000000	106.7325224566	13.5764612424
9	17	7089991791314083402	7942649753865635285	1559918406753539977	5039405137519198743	-5758.9272460938	0.0000000000	55.8453301088	46.8138823756
24	3	3954724485913335009	15359024489942092982	3954724485913335009	16389675327779128259	-5759.2119140625	0.0000000000	0.1090275884	94.3675913857
19	3	13923406844324291804	15359024489942092982	8064984686401208179	14648521976894884862	-5759.7348632812	0.0000000000	43.6884831750	94.8905406045
6	12	1930472328265584947	11113158138541946373	297794630710058206	14186708869891371341	-5760.2666015625	0.0000000000	65.3999981284	54.3613933699
24	1	3954724485913335009	11993650843181535046	3954724485913335009	14939375118546033153	-5760.9057617188	0.0000000000	1.8028752446	108.8287138628
17	12	7942649753865635285	11113158138541946373	5612355687387919957	13142734000342614771	-5761.1186523438	0.0000000000	49.0052886256	55.2134441512
19	5	13923406844324291804	15218680173632198353	8946077597733397796	11800057976320529874	-5761.3022460938	0.0000000000	45.2558659875	66.6645758233
24	17	3954724485913335009	7942649753865635285	12153765137304915556	18101797539059356532	-5761.4716796875	0.0000000000	2.3687932134	49.3583159693
5	7	15218680173632198353	17748571174786502837	1307532698213058231	7353617635642237542	-5762.5449218750	0.0000000000	67.9072516046	61.2300966226
14	7	9419846241024838160	17748571174786502837	1995258849607082492	7346516534933512807	-5762.6435546875	0.0000000000	53.6917704170	61.3287294351
16	9	1330626491942655010	7089991791314083402	13249518494719774765	14562099343527437667	-5762.9179687500	0.0000000000	51.7796269196	59.8360527651
8	21	9028929048894877113	11524547973131240959	775187149385141551	17627994384426104765	-5763.0712890625	0.0000000000	60.7032532408	24.6882897453
15	7	9862139535600805	17748571174786502837	11211924510286091227	15443133486578599061	-5763.4252929688	0.0000000000	52.5079277974	62.1104677164
15	3	9862139535600805	15359024489942092982	5071382752099650039	5407192420069930652	-5763.9394531250	0.0000000000	53.0220879537	99.0951304482
15	21	9862139535600805	11524547973131240959	1612761622179994292	3674325638185164551	-5764.2446289062	0.0000000000	53.3272637349	25.8616295891
24	10	3954724485913335009	5133041246497841227	11952490395725986426	13187229837575928165	-5764.6772460938	0.0000000000	5.5743596196	60.2977314466
15	12	9862139535600805	11113158138541946373	13095612416029569920	14820253780505767272	-5764.9873046875	0.0000000000	54.0699395162	59.0820964949
14	12	9419846241024838160	11113158138541946373	8992423656908358579	11943597101524954791	-5765.0742187500	0.0000000000	56.1224344795	59.1690105574
0	22	13940322141675501375	14844742007295551442	71016494364756255	18266899056299128915	-5765.6425781250	0.0000000000	122.1401507691	26.5888261345
18	22	14569243558959732203	14844742007295551442	15103176258922569715	15166961150426681203	-5766.1157226562	0.0000000000	53.9537781782	27.0619706657
14	11	9419846241024838160	15399116508150339984	5961998741682496199	16723607725428616123	-5766.4477539062	0.0000000000	57.4959696358	60.9823167709
13	3	10145743082110905434	15359024489942092982	4447156725502228143	6568315421359027153	-5767.1640625000	0.0000000000	58.7618775108	102.3197398232
15	22	9862139535600805	14844742007295551442	17053799073511021040	17700589607350822940	-5767.2543945312	0.0000000000	56.3370293599	28.2006425407
21	0	11524547973131240959	13940322141675501375	4905021143913658651	16502333035799007462	-5768.0825195312	0.0000000000	29.6995202141	124.5800921753
5	11	15218680173632198353	15399116508150339984	2358297521181827378	2636456088289969729	-5768.1342773438	0.0000000000	73.4966070733	62.6688402084
13	22	10145743082110905434	14844742007295551442	1326204498185709677	12747028674632974387	-5768.4130859375	0.0000000000	60.0109009483	29.3593339470
3	11	15359024489942092982	15399116508150339984	1240052603407207536	8349043586876941434	-5768.8461914062	0.0000000000	104.0018687295	63.3807542709
25	9	4291659517472418152	7089991791314083402	4291659517472418152	7139272645902691414	-5769.0434570312	0.0000000000	0.1215290298	65.9615410463
20	8	421643100292575889	9028929048894877113	15936509671772247756	17366322240194505148	-5769.2543945312	0.0000000000	51.2979552746	66.8863587096
14	5	9419846241024838160	15218680173632198353	13629480184466595399	13808252086318323543	-5769.5957031250	0.0000000000	60.6439188545	74.9580328546
13	2	10145743082110905434	16531372613019317365	1351618806722672491	10092547918880856242	-5769.7348632812	0.0000000000	61.3326782921	109.2649309266
25	0	4291659517472418152	13940322141675501375	4291659517472418152	6454830201843190895	-5769.8315429688	0.0000000000	0.9096149673	126.3291156128
25	1	4291659517472418152	11993650843181535046	4291659517472418152	17826060261538878997	-5770.2290039062	0.0000000000	1.3070759048	118.1519560503
15	2	9862139535600805	16531372613019317365	1776556441854972422	13131767134094818928	-5771.0556640625	0.0000000000	60.1382988912	110.5857317078
1	7	11993650843181535046	17748571174786502837	2373170833058217554	14189805076738616907	-5771.3154296875	0.0000000000	119.2383818316	70.0006044351
20	2	421643100292575889	16531372613019317365	5270188432917016717	16092155869683130684	-5772.5917968750	0.0000000000	54.6353576184	112.1218645203
6	10	1930472328265584947	5133041246497841227	3467658226356166063	7299066742172727891	-5772.6376953125	0.0000000000	77.7710918784	68.2581806654
12	3	11113158138541946373	15359024489942092982	6084145089191946480	16359994303018275337	-5772.7875976562	0.0000000000	66.8823894637	107.9432749795
16	25	1330626491942655010	4291659517472418152	4291659517472418152	9824026450033518310	-5772.9257812500	0.0000000000	61.7874394196	4.0038532485
21	2	11524547973131240959	16531372613019317365	1071478962454128188	6713907717404905663	-5773.2651367188	0.0000000000	34.8821374016	112.7952043641
10	14	5133041246497841227	9419846241024838160	12786721729192010176	14285852236752869848	-5773.8574218750	0.0000000000	69.4779072279	64.9056376045
9	7	7089991791314083402	17748571174786502837	7492505188121363627	16352490949532756820	-5774.0625000000	0.0000000000	70.9805840151	72.7476747476
1	22	11993650843181535046	14844742007295551442	1850848623773440021	14850096864590527130	-5774.3564453125	0.0000000000	122.2793974566	35.3026933220
26	1	10455710094836959401	11993650843181535046	4573751501930610064	10455710094836959401	-5774.3823242188	0.0000000000	0.4781346195	122.3052763628
26	2	10455710094836959401	16531372613019317365	10455710094836959401	11999578636709106562	-5774.5678710938	0.0000000000	0.6636814945	114.0979387391
19	7	13923406844324291804	17748571174786502837	4597369613986559341	16686131143829993067	-5775.4697265625	0.0000000000	59.4233464562	74.1549013101
21	19	11524547973131240959	13923406844324291804	1071478962454128188	16139976321032293259	-5776.9145507812	0.0000000000	38.5315514641	60.8681706750
13	19	10145743082110905434	13923406844324291804	13370000786172626391	16139976321032293259	-5777.4033203125	0.0000000000	69.0011353233	61.3569402062
9	8	7089991791314083402	9028929048894877113	5022841746701204134	14905746525521365997	-5777.9365234375	0.0000000000	74.8546074526	75.5684876158
14	27	9419846241024838160	18164910871943640905	7884413497149639841	18164910871943640905	-5778.1958007812	0.0000000000	69.2440165108	0.1049578601
4	24	3363193800092709526	3954724485913335009	4066574426851492556	11488229521029191783	-5778.4125976562	0.0000000000	111.3497211784	19.3097111821
24	0	3954724485913335009	13940322141675501375	4066574426851492556	7024011930628323559	-5778.4125976562	0.0000000000	19.3097111821	134.9101703003
24	11	3954724485913335009	15399116508150339984	7058891682000564605	13187229837575928165	-5778.5541992188	0.0000000000	19.4513127446	73.0887620834
9	21	7089991791314083402	11524547973131240959	5995495427108250003	6670060803692177132	-5778.6372070312	0.0000000000	75.5552910463	40.2542077141
3	27	15359024489942092982	18164910871943640905	17144188141614740097	18164910871943640905	-5778.8027343750	0.0000000000	113.9584116982	0.7118914538
8	3	9028929048894877113	15359024489942092982	1010521265092069666	7718095580465457039	-5779.0800781250	0.0000000000	76.7120423033	114.2357554482
26	0	10455710094836959401	13940322141675501375	93723791671777300	15499251928140702323	-5779.1542968750	0.0000000000	5.2501072757	135.6518695191
4	27	3363193800092709526	18164910871943640905	1775876413759815158	18164910871943640905	-5779.2211914062	0.0000000000	112.1583149284	1.1303484851
19	22	13923406844324291804	14844742007295551442	10077026133580427568	13294329210856025194	-5780.9287109375	0.0000000000	64.8823308312	41.8749589470
16	8	1330626491942655010	9028929048894877113	8332391691781999103	16816034255705534181	-5781.4013671875	0.0000000000	70.2630253571	79.0333313658
15	24	9862139535600805	3954724485913335009	10054828791326019443	11021328132098268785	-5781.8613281250	0.0000000000	70.9439629537	22.7584416509
25	18	4291659517472418152	14569243558959732203	8415758501402723279	16778674162213711982	-5783.0991210938	0.0000000000	14.1771930923	70.9371766157
18	28	14569243558959732203	17668581314882703021	10240456167845471630	17668581314882703021	-5783.1806640625	0.0000000000	71.0187195845	-0.0001465688
0	28	13940322141675501375	17668581314882703021	3358307599044154661	17668581314882703021	-5783.1875000000	0.0000000000	139.6850726441	0.0066893687
12	5	11113158138541946373	15218680173632198353	3229262721426439937	9156554758099536259	-5783.2495117188	0.0000000000	77.3443035262	88.6118414483
18	7	14569243558959732203	17748571174786502837	419417559357976944	14444721740391736421	-5783.3339843750	0.0000000000	71.1720398970	82.0191591226
16	21	1330626491942655010	11524547973131240959	3521496265500760537	5736824805812250882	-5784.2744140625	0.0000000000	73.1360722321	45.8914147453
20	12	421643100292575889	11113158138541946373	16579899685849453784	16628590453259748681	-5784.6811523438	0.0000000000	66.7247130871	78.7759441512
10	8	5133041246497841227	9028929048894877113	7202220965931201019	14713432147442014988	-5784.7744140625	0.0000000000	80.3948994154	82.4063782408
17	8	7942649753865635285	9028929048894877113	7950717489918663830	16767752487570639936	-5785.4873046875	0.0000000000	73.3739409693	83.1192688658
17	22	7942649753865635285	14844742007295551442	4878102199467774400	6561698783893254111	-5785.5307617188	0.0000000000	73.4173980006	46.4770097282
16	14	1330626491942655010	9419846241024838160	2023661860471914363	10852978163679959205	-5785.5815429688	0.0000000000	74.4432011383	76.6297586983
20	11	421643100292575889	15399116508150339984	1474975772130860457	14295128860425201959	-5785.7182617188	0.0000000000	67.7618224621	80.2528245834
24	2	3954724485913335009	16531372613019317365	555921802684875626	14482786599591794797	-5786.1894531250	0.0000000000	27.0865666509	125.7195207703
17	14	7942649753865635285	9419846241024838160	5041210270051795397	14028790859194534823	-5786.4960937500	0.0000000000	74.3827300318	77.5443094795
21	18	11524547973131240959	14569243558959732203	6832973174005805287	14831992580249521203	-5786.7915039062	0.0000000000	48.4085045891	74.6295594282
10	7	5133041246497841227	17748571174786502837	927626223364141677	10009335997997430029	-5787.1054687500	0.0000000000	82.7259541029	85.7906434976
20	13	421643100292575889	10145743082110905434	4927290408908130839	12374792074876651834	-5787.1337890625	0.0000000000	69.1773498059	78.7316040733
8	18	9028929048894877113	14569243558959732203	2864014197986257801	6883410028108249483	-5787.2299804688	0.0000000000	84.8619446471	75.0680359907
9	5	7089991791314083402	15218680173632198353	5515409552794967691	17629095532332978187	-5787.7158203125	0.0000000000	84.6339043276	93.0781500421
16	7	1330626491942655010	17748571174786502837	1667297784170764675	9865164319889810776	-5787.9067382812	0.0000000000	76.7683964508	86.5919130289
16	29	1330626491942655010	1950334851094163880	1950334851094163880	16434246866711206801	-5788.8891601562	0.0000000000	77.7508183258	-0.0001136030
29	18	1950334851094163880	14569243558959732203	1950334851094163880	11819397460800723920	-5788.8891601562	0.0000000000	-0.0001136030	76.7272156782
20	21	421643100292575889	11524547973131240959	6707570721925702601	7275098150122271110	-5788.9072265625	0.0000000000	70.9507873059	50.5242272453
21	1	11524547973131240959	11993650843181535046	4425450318962634189	6224766925233977165	-5789.0136718750	0.0000000000	50.6306725578	136.9366240191
8	19	9028929048894877113	13923406844324291804	248916272407690746	12048160223425708042	-5789.3056640625	0.0000000000	86.9376282408	73.2592839562
29	0	1950334851094163880	13940322141675501375	8734705785317309534	9383615946808472425	-5789.4375000000	0.0000000000	0.5482262408	145.9350726441
29	17	1950334851094163880	7942649753865635285	9383615946808472425	10861135434704552653	-5789.4375000000	0.0000000000	0.5482262408	77.3241362818
16	24	1330626491942655010	3954724485913335009	9184530369665978907	10115728282592203081	-5790.4750976562	0.0000000000	79.3367558258	31.3722111821
6	18	1930472328265584947	14569243558959732203	8983576840990637326	13732236304982624644	-5790.5673828125	0.0000000000	95.7007793784	78.4054383345
14	21	9419846241024838160	11524547973131240959	6796848258044317366	14725378864443432528	-5790.9086914062	0.0000000000	81.9569071358	52.5256920891
3	28	15359024489942092982	17668581314882703021	253524877770149916	14501474390935297114	-5791.0283203125	0.0000000000	126.1839976357	7.8475096812
14	22	9419846241024838160	14844742007295551442	12698395468651211808	18161165125709025070	-5791.4091796875	0.0000000000	82.4573954170	52.3554276970
16	22	1330626491942655010	14844742007295551442	9714883226130145653	11609279635836121722	-5791.8291015625	0.0000000000	80.6907597321	52.7753495720
4	26	3363193800092709526	10455710094836959401	11632190617681690549	14014620830023526114	-5792.0664062500	0.0000000000	125.0035297721	18.1622166507
21	3	11524547973131240959	15359024489942092982	2502356696299962958	14725378864443432528	-5792.1308593750	0.0000000000	53.7478600578	127.2865366982
9	14	7089991791314083402	9419846241024838160	10565338062802676284	15985274743575518582	-5792.4487304688	0.0000000000	89.3668144838	83.4969461983
25	13	4291659517472418152	10145743082110905434	9710776798572391765	12806803209338056456	-5793.3149414062	0.0000000000	24.3930134048	84.9127564171
17	7	7942649753865635285	17748571174786502837	7164419610393075962	9127609365311978520	-5793.4365234375	0.0000000000	81.3231597193	92.1216981851
10	12	5133041246497841227	11113158138541946373	9799829082689475432	17067449833257788971	-5793.6557617188	0.0000000000	89.2762470716	87.7505535262
10	5	5133041246497841227	15218680173632198353	6453626149994435662	7307150626155369408	-5793.8530273438	0.0000000000	89.4735126966	99.2153570733
8	13	9028929048894877113	10145743082110905434	4867370963523679945	17854019359994044598	-5794.2534179688	0.0000000000	91.8853821471	85.8512329796
29	4	1950334851094163880	3363193800092709526	1950334851094163880	6249614269729739747	-5794.2875976562	0.0000000000	5.3983238970	127.2247211784
30	0	1502034777662907986	13940322141675501375	1502034777662907986	8271395007301014411	-5794.5810546875	0.0000000000	0.0005192263	151.0786273316
8	5	9028929048894877113	15218680173632198353	6133306931382752275	9568985839105568188	-5794.6513671875	0.0000000000	92.2833313658	100.0136969171
17	21	7942649753865635285	11524547973131240959	5214172352253090458	9311718535810892477	-5794.9370117188	0.0000000000	82.8236480006	56.5540124016
9	23	7089991791314083402	16520171566700863004	8045774440692317354	9146629871245811603	-5795.0141601562	0.0000000000	91.9322441713	49.7810510862
15	20	9862139535600805	421643100292575889	2037133257535130266	15749876347800536661	-5795.1835937500	0.0000000000	84.2662285787	77.2271544934
20	24	421643100292575889	3954724485913335009	741415263643323570	16642146560967499042	-5795.8544921875	0.0000000000	77.8980529309	36.7516057134
6	19	1930472328265584947	13923406844324291804	8182643182495823524	13484646583146179083	-5796.3359375000	0.0000000000	101.4693340659	80.2895573937
10	21	5133041246497841227	11524547973131240959	3812509351267448043	7145705276677747058	-5796.6533203125	0.0000000000	92.2738056654	58.2703209953
25	2	4291659517472418152	16531372613019317365	9700138431422339155	11439645262008226968	-5796.9179687500	0.0000000000	27.9960407485	136.4480363953
16	6	1330626491942655010	1930472328265584947	1904453545765770788	18268932908248718843	-5797.1811523438	0.0000000000	86.0428105133	102.3145489096
20	10	421643100292575889	5133041246497841227	8523075108815377518	10286313320825395689	-5798.1699218750	0.0000000000	80.2134826184	93.7904072279
26	21	10455710094836959401	11524547973131240959	14014620830023526114	16104598037271753082	-5798.2236328125	0.0000000000	24.3194432132	59.8406334953
9	22	7089991791314083402	14844742007295551442	338074657400735510	6682732267844870660	-5798.4785156250	0.0000000000	95.3965996401	59.4247636345
6	31	1930472328265584947	11242801417506144930	4275352947121064387	11242801417506144930	-5798.5717773438	0.0000000000	103.7051739096	0.0014385236
20	31	421643100292575889	11242801417506144930	6342746647611301588	11242801417506144930	-5798.6665039062	0.0000000000	80.7100646496	0.0961650861
14	18	9419846241024838160	14569243558959732203	7700837345723635396	11624589868564491615	-5798.7651367188	0.0000000000	89.8133524483	86.6031922407
22	3	14844742007295551442	15359024489942092982	5132897178042973039	7864120904483586688	-5798.8793945312	0.0000000000	59.8256425407	134.0350718545
20	5	421643100292575889	15218680173632198353	6262453143392199896	17742118689790405836	-5798.8881835938	0.0000000000	80.9317443371	104.2505133233
4	23	3363193800092709526	16520171566700863004	4532614501192249997	8256417394221996488	-5799.0771484375	0.0000000000	132.0142719596	53.8440393674
31	0	11242801417506144930	13940322141675501375	11242801417506144930	17104155279304464488	-5800.2504882812	0.0000000000	1.6801494611	156.7480609253
20	22	421643100292575889	14844742007295551442	517714349194467255	6459452510973578945	-5800.4931640625	0.0000000000	82.5367248059	61.4394120720
14	13	9419846241024838160	10145743082110905434	1681992632086995857	3729445807000968408	-5800.5576171875	0.0000000000	91.6058329170	92.1554321983
24	12	3954724485913335009	11113158138541946373	9889717555501873768	10722455284779831491	-5801.3530273438	0.0000000000	42.2501408696	95.4478191512
29	11	1950334851094163880	15399116508150339984	9433646046490279343	11360697442643795931	-5801.4711914062	0.0000000000	12.5819176470	96.0057542709
4	25	3363193800092709526	4291659517472418152	2540566930833733552	10763514659741885616	-5802.3510742188	0.0000000000	135.2881977409	33.4291462173
26	22	10455710094836959401	14844742007295551442	4073393904136558061	12577625692192191498	-5803.0810546875	0.0000000000	29.1768650882	64.0273026970
20	9	421643100292575889	7089991791314083402	11200668452687040512	15140422282402697353	-5803.3447265625	0.0000000000	85.3882873059	100.2628105776
6	26	1930472328265584947	10455710094836959401	1600186712271534844	17058357728693436004	-5803.4130859375	0.0000000000	108.5464825034	29.5088963382
1	33	11993650843181535046	16600342241667575434	10240606088453452405	16600342241667575434	-5803.5556640625	0.0000000000	151.4786162066	-0.0000569935
4	33	3363193800092709526	16600342241667575434	8345541154937737318	16600342241667575434	-5803.5556640625	0.0000000000	136.4927875846	-0.0000569935
20	32	421643100292575889	547879015599754888	547879015599754888	16069306833446063180	-5803.6879882812	0.0000000000	85.7315490246	0.1550203135
32	0	547879015599754888	13940322141675501375	547879015599754888	10251441807536985548	-5803.8012695312	0.0000000000	0.2683015635	160.2988421753
32	4	547879015599754888	3363193800092709526	547879015599754888	4561692345236061801	-5803.8457031250	0.0000000000	0.3127351572	136.7828266471
8	7	9028929048894877113	17748571174786502837	207155969418890042	9653823741074164340	-5803.9565429688	0.0000000000	101.5885071471	102.6417177164
29	3	1950334851094163880	15359024489942092982	5724152384383353413	8327918797584308247	-5803.9941406250	0.0000000000	15.1048668658	139.1498179482
26	11	10455710094836959401	15399116508150339984	11825324310454736356	12577625692192191498	-5804.1972656250	0.0000000000	30.2930760257	98.7318284897
4	31	3363193800092709526	11242801417506144930	8734761647526938878	11242801417506144930	-5804.3041992188	0.0000000000	137.2413227409	5.7338603986
23	2	16520171566700863004	16531372613019317365	1277037345078806257	1689039982432651357	-5804.8598632812	0.0000000000	59.6267542112	144.3899309266
10	22	5133041246497841227	14844742007295551442	528628021529196034	6198520549220504472	-5805.0317382812	0.0000000000	100.6522236341	65.9779862907
18	5	14569243558959732203	15218680173632198353	410115519657577019	8483758329239928487	-5805.1596679688	0.0000000000	92.9977234907	110.5219976983
20	17	421643100292575889	7942649753865635285	8166910786703543164	9803573739404114347	-5805.2231445312	0.0000000000	87.2667052746	93.1097808131
15	14	9862139535600805	9419846241024838160	14412298126020511526	15583401550760234062	-5805.9775390625	0.0000000000	95.0601738912	97.0257547920
6	24	1930472328265584947	3954724485913335009	781695300202777197	16196526779658219333	-5806.1152343750	0.0000000000	111.2486309409	47.0123479009
26	3	10455710094836959401	15359024489942092982	3770615373984395561	16027553742919823579	-5806.3579101562	0.0000000000	32.4537205570	141.5135874795
17	5	7942649753865635285	15218680173632198353	5125365927690673313	10764095238092869124	-5806.6875000000	0.0000000000	94.5741362818	112.0498297296
14	19	9419846241024838160	13923406844324291804	3834156935972661898	16956248816201485046	-5807.1826171875	0.0000000000	98.2308329170	91.1362370812
2	33	16531372613019317365	16600342241667575434	5154988571473595541	16600342241667575434	-5808.0908203125	0.0000000000	147.6208879578	4.5350992565
16	5	1330626491942655010	15218680173632198353	8566330340283014432	17608422195440938646	-5808.1376953125	0.0000000000	96.9993534821	113.5000250421
6	17	1930472328265584947	7942649753865635285	13808494614299548896	16711999510099516572	-5808.2602539062	0.0000000000	113.3936504721	96.1468901881
31	1	11242801417506144930	11993650843181535046	6259722978028198320	9788520287231200081	-5808.5385742188	0.0000000000	9.9682353986	156.4615263628
32	3	547879015599754888	15359024489942092982	2143689500069749254	8605345994948384024	-5808.6005859375	0.0000000000	5.0676179697	143.7562632607
32	7	547879015599754888	17748571174786502837	2143689500069749254	6857690629508249878	-5808.6005859375	0.0000000000	5.0676179697	107.2857606851
21	5	11524547973131240959	15218680173632198353	2803540243065284480	7618225200582187404	-5809.1826171875	0.0000000000	70.7996178703	114.5449469171
32	2	547879015599754888	16531372613019317365	12708024625618324412	14896219320502535144	-5809.2485351562	0.0000000000	5.7155671885	148.7786028016
6	23	1930472328265584947	16520171566700863004	7016004447385505101	16263925820652976840	-5809.3515625000	0.0000000000	114.4849590659	64.1184534299
20	23	421643100292575889	16520171566700863004	11949794637817475538	12039075312515888603	-5809.4916992188	0.0000000000	91.5352599621	64.2585901487
31	23	11242801417506144930	16520171566700863004	5603218883704799985	11949794637817475538	-5809.5532226562	0.0000000000	10.9828838361	64.3201135862
35	1	464423080113127962	11993650843181535046	464423080113127962	5494626687590057816	-5809.6430664062	0.0000000000	0.0001619256	157.5660185503
35	4	464423080113127962	3363193800092709526	464423080113127962	14833050123659054457	-5809.6430664062	0.0000000000	0.0001619256	142.5801899284
35	36	464423080113127962	2296122815841935449	464423080113127962	2296122815841935449	-5809.6430664062	0.0000000000	0.0001619256	0.0000876180
36	2	2296122815841935449	16531372613019317365	2296122815841935449	13250200232751936202	-5809.6430664062	0.0000000000	0.0000876180	149.1731340516
23	7	16520171566700863004	17748571174786502837	11949794637817475538	12969193903403563489	-5809.7832031250	0.0000000000	64.5500940549	108.4683778726
32	31	547879015599754888	11242801417506144930	3066989427538727232	17821607719683891846	-5809.8452148438	0.0000000000	6.3122468760	11.2748760236
31	7	11242801417506144930	17748571174786502837	4798850836250155761	5603218883704799985	-5810.1308593750	0.0000000000	11.5605205549	108.8160341226
34	3	5758841203289320496	15359024489942092982	6317793671783642484	14189297492571798249	-5810.3413085938	0.0000000000	0.9922869155	145.4969859170
8	22	9028929048894877113	14844742007295551442	3859355756221666929	16544306525089200709	-5810.4140625000	0.0000000000	108.0460266783	71.3603105095
20	27	421643100292575889	18164910871943640905	12501145930042699873	18164910871943640905	-5810.6030273438	0.0000000000	92.6465880871	32.5121844226
20	16	421643100292575889	1330626491942655010	3504585300655066486	8711494113984589397	-5810.7539062500	0.0000000000	92.7974669934	99.6155644196
14	26	9419846241024838160	10455710094836959401	8203503658721652207	9464082419631458328	-5810.9458007812	0.0000000000	101.9940165108	37.0416111820
22	5	14844742007295551442	15218680173632198353	3879781776527376241	15080314468327736876	-5810.9677734375	0.0000000000	71.9140214470	116.3301031671
26	19	10455710094836959401	13923406844324291804	1639698795114963578	7195195142847786417	-5811.0463867188	0.0000000000	37.1421971195	95.0000066125
17	28	7942649753865635285	17668581314882703021	11831066302238219849	14501474390935297114	-5811.0703125000	0.0000000000	98.9569487818	27.8895018687
16	19	1330626491942655010	13923406844324291804	2287422248495504796	8170324648928832767	-5811.4399414062	0.0000000000	100.3015995758	95.3935613000
31	3	11242801417506144930	15359024489942092982	4304349989008987637	17821607719683891846	-5811.6259765625	0.0000000000	13.0556377424	146.7816538857
10	19	5133041246497841227	13923406844324291804	6182074638390703071	11692531666791706163	-5811.7539062500	0.0000000000	107.3743916029	95.7075261437
30	1	1502034777662907986	11993650843181535046	4630480810435191849	15132863163445844677	-5814.0073242188	0.0000000000	19.4267887576	161.9302763628
25	12	4291659517472418152	11113158138541946373	14454021937592236214	16589359476046187010	-5814.0473632812	0.0000000000	45.1254352798	108.1421550887
13	5	10145743082110905434	15218680173632198353	2860322550684473219	9172787107527369143	-5814.0825195312	0.0000000000	105.6803345421	119.4448492608
24	19	3954724485913335009	13923406844324291804	4591374215925173166	13584451366950687299	-5814.0927734375	0.0000000000	54.9898869634	98.0463933312
35	3	464423080113127962	15359024489942092982	464423080113127962	15085599572517145744	-5814.2431640625	0.0000000000	4.6002595818	149.3988413857
29	2	1950334851094163880	16531372613019317365	9258984605883933746	16671952981780050788	-5814.5634765625	0.0000000000	25.6742028033	154.0935442078
23	27	16520171566700863004	18164910871943640905	16954754148804277816	18164910871943640905	-5814.7314453125	0.0000000000	69.4983362424	36.6406023913
31	2	11242801417506144930	16531372613019317365	15276709409687119135	16151484493750738783	-5815.0771484375	0.0000000000	16.5068096174	154.6072160828
29	1	1950334851094163880	11993650843181535046	1950334851094163880	3362330258280449916	-5815.3227539062	0.0000000000	26.4334801470	163.2457060503
31	27	11242801417506144930	18164910871943640905	5603218883704799985	8456361944007848565	-5815.4746093750	0.0000000000	16.9042705549	37.3837664538
0	27	13940322141675501375	18164910871943640905	14386569990420869656	18164910871943640905	-5815.5864257812	0.0000000000	172.0839984253	37.4955828601
32	27	547879015599754888	18164910871943640905	8456361944007848565	10457266447386116572	-5815.7963867188	0.0000000000	12.2634187510	37.7055437976
1	27	11993650843181535046	18164910871943640905	8456361944007848565	11192202480715863855	-5816.7949218750	0.0000000000	164.7178740191	38.7040789538
4	37	3363193800092709526	6672507286968009894	3947666786225788209	6672507286968009894	-5817.3417968750	0.0000000000	150.2789203971	0.0000913586
32	1	547879015599754888	11993650843181535046	1298125505302204738	10457266447386116572	-5817.3427734375	0.0000000000	13.8098054697	165.2657255816
30	37	1502034777662907986	6672507286968009894	6672507286968009894	13622531252566684308	-5817.6367187500	0.0000000000	23.0561832888	0.2950132336
24	13	3954724485913335009	10145743082110905434	9067018366436854087	18056592432429312492	-5819.0190429688	0.0000000000	59.9161564946	110.6168579796
20	18	421643100292575889	14569243558959732203	2011013500615771399	11933890473851926734	-5819.1479492188	0.0000000000	101.1915099621	106.9860047407
24	18	3954724485913335009	14569243558959732203	10106660869259652029	11626556581874356913	-5823.5737304688	0.0000000000	64.4708439946	111.4117859907
38	11	8516470539335001013	15399116508150339984	8516470539335001013	10714111910329605024	-5824.2529296875	0.0000000000	0.0663066820	118.7874925522
4	34	3363193800092709526	5758841203289320496	5497543823340963693	5758841203289320496	-5824.3520507812	0.0000000000	157.2891743034	15.0030291030
0	39	13940322141675501375	17853265189825989763	3826204790829316837	17853265189825989763	-5824.7187500000	0.0000000000	181.2163226441	0.0708632665
16	26	1330626491942655010	10455710094836959401	856124769570875488	5253902921258468528	-5824.8828125000	0.0000000000	113.7444706696	50.9786229007
30	3	1502034777662907986	15359024489942092982	6434791749544721331	8859394064827951390	-5825.1606445312	0.0000000000	30.5801090701	160.3163218545
40	2	7039041914971718649	16531372613019317365	7039041914971718649	16449733391464017627	-5825.5537109375	0.0000000000	0.6458205559	165.0837785828
6	33	1930472328265584947	16600342241667575434	13398755074644994166	13419721420974439574	-5825.9091796875	0.0000000000	131.0425762534	22.3534586315
30	4	1502034777662907986	3363193800092709526	4935754794278578726	17811009796440094355	-5826.1757812500	0.0000000000	31.5952457888	159.1129047721
15	5	9862139535600805	15218680173632198353	16223337873891074770	16423091298694672183	-5826.3989257812	0.0000000000	115.4815606099	131.7612555108
20	26	421643100292575889	10455710094836959401	3352039309379797207	5600457745731282345	-5826.7773437500	0.0000000000	108.8209044934	52.8731541507
7	27	17748571174786502837	18164910871943640905	2712434626342640232	12059378219107906186	-5827.0805664062	0.0000000000	125.7657411539	48.9897234851
12	27	11113158138541946373	18164910871943640905	1947884507193137208	4753696724048753209	-5827.0805664062	0.0000000000	121.1753582137	48.9897234851
41	0	2492826542859794127	13940322141675501375	221367552656884114	2492826542859794127	-5827.1923828125	0.0000000000	-0.0000574028	183.6899554566
41	1	2492826542859794127	11993650843181535046	2492826542859794127	6392415764540744976	-5827.1923828125	0.0000000000	-0.0000574028	175.1153349566
34	0	5758841203289320496	13940322141675501375	5758841203289320496	14561636554616536078	-5827.8642578125	0.0000000000	18.5152361343	184.3618304566
4	42	3363193800092709526	12299412750025058355	4567018308387080817	12299412750025058355	-5827.9174804688	0.0000000000	160.8546039909	0.0001796855
2	39	16531372613019317365	17853265189825989763	14549529009641245299	17853265189825989763	-5828.3315429688	0.0000000000	167.8616106141	3.6836562353
6	41	1930472328265584947	2492826542859794127	71812770349520734	2492826542859794127	-5828.5864257812	0.0000000000	133.7198223471	1.3939855660
34	7	5758841203289320496	17748571174786502837	5758841203289320496	6817493514919861236	-5829.2788085938	0.0000000000	19.9297869155	127.9639833414
1	43	11993650843181535046	13226925821911394995	10430904458440037210	13226925821911394995	-5829.4511718750	0.0000000000	177.3741240191	0.0010903073
42	2	12299412750025058355	16531372613019317365	4422576406790072205	12299412750025058355	-5829.5239257812	0.0000000000	1.6066249980	169.0539934266
42	3	12299412750025058355	15359024489942092982	604911236234918502	12299412750025058355	-5829.5239257812	0.0000000000	1.6066249980	164.6796031045
19	18	13923406844324291804	14569243558959732203	1616179469212394399	5876567641609130451	-5829.5976562500	0.0000000000	113.5512761437	117.4357117720
43	2	13226925821911394995	16531372613019317365	10215257024633531043	13226925821911394995	-5829.7153320312	0.0000000000	0.2652504635	169.2453996766
20	41	421643100292575889	2492826542859794127	3377210123682074961	4169300519514037790	-5830.3085937500	0.0000000000	112.3521544934	3.1161535347
41	3	2492826542859794127	15359024489942092982	963377859106712315	3377210123682074961	-5830.3085937500	0.0000000000	3.1161535347	165.4642710732
20	19	421643100292575889	13923406844324291804	5846459821274380306	12228116176453625314	-5830.5385742188	0.0000000000	112.5821349621	114.4921941125
43	18	13226925821911394995	14569243558959732203	13226925821911394995	13838876032122063053	-5830.6079101562	0.0000000000	1.1578285885	118.4459656782
36	1	2296122815841935449	11993650843181535046	2296122815841935449	14373501654714494709	-5831.4384765625	0.0000000000	21.7954977743	179.3614287066
36	4	2296122815841935449	3363193800092709526	488478284269663837	2296122815841935449	-5831.7211914062	0.0000000000	22.0782126180	164.6583149284
29	10	1950334851094163880	5133041246497841227	4880167167717948442	10224851558701047207	-5832.2441406250	0.0000000000	43.3548668658	127.8646259779
4	44	3363193800092709526	3639760460067492152	3639760460067492152	11940200583557874724	-5832.2583007812	0.0000000000	165.1954243034	0.0001738172
44	1	3639760460067492152	11993650843181535046	407105526599680535	3639760460067492152	-5832.2583007812	0.0000000000	0.0001738172	180.1812529253
4	38	3363193800092709526	8516470539335001013	6063765650575069423	7056619398953233342	-5832.4570312500	0.0000000000	165.3941547721	8.2704082445
3	33	15359024489942092982	16600342241667575434	8680450267364998242	15853066083137848286	-5833.0581054688	0.0000000000	168.2137827920	29.5023844128
42	0	12299412750025058355	13940322141675501375	1624127582231569122	8757918888358205492	-5833.1391601562	0.0000000000	5.2218593730	189.6367328003
46	2	1643027625903258829	16531372613019317365	1643027625903258829	11732977472492881111	-5833.9453125000	0.0000000000	-0.0001251620	173.4753801453
45	2	12993210964000509488	16531372613019317365	7356759799397476416	12993210964000509488	-5834.2299804688	0.0000000000	0.4801632486	173.7600481141
35	0	464423080113127962	13940322141675501375	8669772288321094503	18369467424378638894	-5834.3720703125	0.0000000000	24.7291658318	190.8696429566
36	0	2296122815841935449	13940322141675501375	4221697397953051223	9672077879654601493	-5834.3720703125	0.0000000000	24.7290915243	190.8696429566
11	33	15399116508150339984	16600342241667575434	7976276410754827196	9398168651728869644	-5834.5112304688	0.0000000000	129.0457933334	30.9555094128
41	2	2492826542859794127	16531372613019317365	3788367712055263240	8592493773158463129	-5834.8002929688	0.0000000000	7.6078527535	174.3303606141
24	8	3954724485913335009	9028929048894877113	4272957654474424761	10889651033700616686	-5834.9907226562	0.0000000000	75.8878361821	132.6226868346
4	47	3363193800092709526	5736698748186567336	5736698748186567336	7044341834590958850	-5835.3149414062	0.0000000000	168.2520649284	-0.0000090861
20	25	421643100292575889	4291659517472418152	2889288424311719709	13561817551239835104	-5835.7421875000	0.0000000000	117.7857482434	66.8202594985
47	1	5736698748186567336	11993650843181535046	5228087282198904891	5736698748186567336	-5835.7607421875	0.0000000000	0.4457916952	183.6836943316
47	2	5736698748186567336	16531372613019317365	5736698748186567336	15160559154403301055	-5835.7749023438	0.0000000000	0.4599518514	175.3049699891
26	12	10455710094836959401	11113158138541946373	2367106631099188771	10400621577187741390	-5836.1850585938	0.0000000000	62.2808689945	130.2798504012
48	1	4132298291667132837	11993650843181535046	4132298291667132837	11684240617707735163	-5836.4262695312	0.0000000000	-0.0002135509	184.3492216753
48	2	4132298291667132837	16531372613019317365	4132298291667132837	4325115402293324786	-5836.4262695312	0.0000000000	-0.0002135509	175.9563371766
44	3	3639760460067492152	15359024489942092982	1654057691956664577	3639760460067492152	-5836.5185546875	0.0000000000	4.2604277235	171.6742320107
24	9	3954724485913335009	7089991791314083402	4724881015489461265	10869409524809981368	-5836.5239257812	0.0000000000	77.4210393071	133.4420097963
40	0	7039041914971718649	13940322141675501375	7039041914971718649	11087948059721428372	-5836.5268554688	0.0000000000	11.6189650871	193.0244281128
35	14	464423080113127962	9419846241024838160	2404731126927299928	4512025055304750052	-5837.0698242188	0.0000000000	27.4269197381	128.1180399483
13	26	10145743082110905434	10455710094836959401	4865481104971707334	6365440142658958503	-5837.3076171875	0.0000000000	128.9054321983	63.4034275882
11	28	15399116508150339984	17668581314882703021	1002581154053616174	1010646329861686972	-5837.3403320312	0.0000000000	131.8748948959	54.1595213999
46	1	1643027625903258829	11993650843181535046	901720665232300434	2018028956626801570	-5837.6235351562	0.0000000000	3.6780974943	185.5464873003
49	1	11608734901956515531	11993650843181535046	11608734901956515531	13630764727578304776	-5837.6235351562	0.0000000000	0.3391830233	185.5464873003
47	11	5736698748186567336	15399116508150339984	12467080671464113239	13461840088209017320	-5837.6513671875	0.0000000000	2.3364166952	132.1859300522
35	44	464423080113127962	3639760460067492152	3639760460067492152	6001076025137058864	-5837.7763671875	0.0000000000	28.1334627068	5.5182402235
25	5	4291659517472418152	15218680173632198353	4252560769515732635	4712018311609400603	-5837.8344726562	0.0000000000	68.9125446548	143.1968023858
1	42	11993650843181535046	12299412750025058355	8360470057883405904	14219018133414202628	-5837.9570312500	0.0000000000	185.8799833941	10.0397304668
4	49	3363193800092709526	11608734901956515531	4000335977840166751	11608734901956515531	-5838.1733398438	0.0000000000	171.1104633659	0.8889877108
15	8	9862139535600805	9028929048894877113	1660901105532869389	13008599303489928434	-5838.3037109375	0.0000000000	127.3863457662	135.9356751158
48	12	4132298291667132837	11113158138541946373	8008839430136564601	10981963253622765636	-5839.1582031250	0.0000000000	2.7317200429	133.2529949324
4	28	3363193800092709526	17668581314882703021	119196219343684602	1002581154053616174	-5839.2910156250	0.0000000000	172.2281391471	56.1102049937
34	14	5758841203289320496	9419846241024838160	5781740681425029221	10786405335828526397	-5839.4140625000	0.0000000000	30.0650408218	130.4622782295
17	19	7942649753865635285	13923406844324291804	6958332674337960909	10450282656225879598	-5839.5556640625	0.0000000000	127.4423003443	123.5092839562
29	12	1950334851094163880	11113158138541946373	2625470226814064612	18319614611700299704	-5839.5556640625	0.0000000000	50.6663903033	133.6504558699
32	14	547879015599754888	9419846241024838160	5642411773732697513	12708024625618324412	-5839.6318359375	0.0000000000	36.0988679697	130.6800516670
41	4	2492826542859794127	3363193800092709526	1734928934480724289	7372113401107574550	-5839.6650390625	0.0000000000	12.4725988472	172.6021625846
48	14	4132298291667132837	9419846241024838160	6943445789219424250	10981963253622765636	-5840.0424804688	0.0000000000	3.6159973866	131.0906961983
4	50	3363193800092709526	7954439446442797217	870949868358907707	7954439446442797217	-5840.3305664062	0.0000000000	173.2676899284	-0.0001265896
50	1	7954439446442797217	11993650843181535046	6866226235141637016	7954439446442797217	-5840.3305664062	0.0000000000	-0.0001265896	188.2535185503
1	28	11993650843181535046	17668581314882703021	2965052834037384381	11344518862169083758	-5840.5483398438	0.0000000000	188.4712919878	57.3675292124
50	5	7954439446442797217	15218680173632198353	5907229106137654755	7861759167452453927	-5840.5483398438	0.0000000000	0.2176468479	145.9106695733
47	12	5736698748186567336	11113158138541946373	977727289471236026	5736698748186567336	-5840.7583007812	0.0000000000	5.4433502889	134.8530925887
47	19	5736698748186567336	13923406844324291804	5736698748186567336	15451665978574910471	-5840.9067382812	0.0000000000	5.5917877889	124.8603581750
44	2	3639760460067492152	16531372613019317365	11473385268053167010	15744013529271508298	-5840.9526367188	0.0000000000	8.6945097547	180.4827043641
30	6	1502034777662907986	1930472328265584947	4935754794278578726	15150664540101282680	-5841.4721679688	0.0000000000	46.8916325076	146.6055645346
50	2	7954439446442797217	16531372613019317365	7954439446442797217	14633171329851886050	-5841.6069335938	0.0000000000	1.2762405979	181.1370012391
50	12	7954439446442797217	11113158138541946373	7954439446442797217	11223915648665716048	-5841.9125976562	0.0000000000	1.5819046604	136.0073894637
25	14	4291659517472418152	9419846241024838160	7842561437062740101	11227808973644408689	-5842.8173828125	0.0000000000	73.8954548110	133.8655985420
34	2	5758841203289320496	16531372613019317365	9386211500027078410	12895122681790268198	-5843.4399414062	0.0000000000	34.0909197280	182.9700090516
4	51	3363193800092709526	13292691416804620568	10802741854491629696	13292691416804620568	-5846.1230468750	0.0000000000	179.0601703971	0.9885097073
24	22	3954724485913335009	14844742007295551442	3230830370675906972	13873576642543040617	-5846.1474609375	0.0000000000	87.0445744634	107.0937089470
42	5	12299412750025058355	15218680173632198353	1166893638396029773	12299412750025058355	-5847.7373046875	0.0000000000	19.8200039043	153.0996344171
40	1	7039041914971718649	11993650843181535046	3362089011920926564	7039041914971718649	-5848.6816406250	0.0000000000	23.7737502434	196.6045927691
37	0	6672507286968009894	13940322141675501375	3665371449055358085	7935194651322618087	-5849.1513671875	0.0000000000	31.8096616711	205.6489398316
51	2	13292691416804620568	16531372613019317365	12727765903118457400	13292691416804620568	-5849.2060546875	0.0000000000	4.0715175198	188.7361223328
4	45	3363193800092709526	12993210964000509488	12993210964000509488	15962431080569859304	-5849.6748046875	0.0000000000	182.6119282096	15.9249874674
10	43	5133041246497841227	13226925821911394995	10731166538784543509	13226925821911394995	-5850.5278320312	0.0000000000	146.1483173841	21.0777504635
54	0	12531669751321223030	13940322141675501375	8598713826190284914	12531669751321223030	-5852.5595703125	0.0000000000	0.0000733395	209.0571429566
55	0	10470006149621968214	13940322141675501375	10470006149621968214	17791246891669490497	-5853.4892578125	0.0000000000	0.8230427394	209.9868304566
15	19	9862139535600805	13923406844324291804	9303251150885402339	11980253036272302037	-5854.4145507812	0.0000000000	143.4971856099	138.3681706750
55	2	10470006149621968214	16531372613019317365	9779818510896466815	10470006149621968214	-5854.4199218750	0.0000000000	1.7537068019	193.9499895203
4	40	3363193800092709526	7039041914971718649	1285455939177626669	17134065483169105428	-5855.1621093750	0.0000000000	188.0992328971	30.2542189934
34	1	5758841203289320496	11993650843181535046	6059636890804315978	9386211500027078410	-5855.5644531250	0.0000000000	46.2154314468	203.4874052691
56	1	140596763415134435	11993650843181535046	140596763415134435	8423834032692121426	-5855.5878906250	0.0000000000	1.2269337730	203.5108427691
57	2	12754911752208218123	16531372613019317365	8818370452290801008	12754911752208218123	-5856.1767578125	0.0000000000	-0.0000719982	195.7068254578
14	42	9419846241024838160	12299412750025058355	9456499540062196666	12299412750025058355	-5856.4746093750	0.0000000000	147.5228251045	28.5573085918
41	7	2492826542859794127	17748571174786502837	5599565777374535363	12685870959319580245	-5856.6333007812	0.0000000000	29.4408605660	155.3184755289
41	11	2492826542859794127	15399116508150339984	12685870959319580245	17896085013939665569	-5856.6333007812	0.0000000000	29.4408605660	151.1678636459
41	18	2492826542859794127	14569243558959732203	8439069421807693841	12685870959319580245	-5856.6333007812	0.0000000000	29.4408605660	144.4713563032
12	57	11113158138541946373	12754911752208218123	6146230620992044585	12754911752208218123	-5856.7290039062	0.0000000000	150.8237957137	0.5521740956
15	38	9862139535600805	8516470539335001013	10295154304102807505	17845249277975053494	-5857.4672851562	0.0000000000	146.5499199849	33.2806621508
38	0	8516470539335001013	13940322141675501375	17845249277975053494	18208865245928409486	-5857.4672851562	0.0000000000	33.2806621508	213.9648578003
38	1	8516470539335001013	11993650843181535046	8184663730480387116	17845249277975053494	-5857.4672851562	0.0000000000	33.2806621508	205.3902373003
38	13	8516470539335001013	10145743082110905434	17365905276856097827	17845249277975053494	-5857.4672851562	0.0000000000	33.2806621508	149.0651001671
44	0	3639760460067492152	13940322141675501375	2927917932424784752	3553482778616321249	-5857.6108398438	0.0000000000	25.3527128797	214.1084124878
38	3	8516470539335001013	15359024489942092982	17845249277975053494	18303787129384235391	-5857.6811523438	0.0000000000	33.4945293383	192.8368296670
53	3	10227180572385240627	15359024489942092982	10227180572385240627	18445396660835226173	-5857.8554687500	0.0000000000	10.5403248470	193.0111460732
49	0	11608734901956515531	13940322141675501375	7772429673409438810	14881674104139698294	-5857.9096679688	0.0000000000	20.6253158358	214.4072406128
38	12	8516470539335001013	11113158138541946373	8519744595220755579	15338398573707534108	-5857.9194335938	0.0000000000	33.7328105883	152.0142254012
14	57	9419846241024838160	12754911752208218123	6077916995564576805	12754911752208218123	-5858.0615234375	0.0000000000	149.1097391670	1.8846936268
6	38	1930472328265584947	8516470539335001013	2281035478817127103	13810224152988740520	-5858.1577148438	0.0000000000	163.2911114096	33.9710918383
20	38	421643100292575889	8516470539335001013	2281035478817127103	16411452963376366225	-5858.1577148438	0.0000000000	140.2012755871	33.9710918383
56	2	140596763415134435	16531372613019317365	140596763415134435	10345402463136035258	-5858.2856445312	0.0000000000	3.9246876792	197.8157121766
56	14	140596763415134435	9419846241024838160	7602812586536471196	10926659910938404614	-5858.3862304688	0.0000000000	4.0252736167	149.4344461983
38	14	8516470539335001013	9419846241024838160	2281035478817127103	17538653924140067972	-5858.4995117188	0.0000000000	34.3128887133	149.5477274483
59	12	532342847330142605	11113158138541946373	532342847330142605	16377087431448540767	-5858.6259765625	0.0000000000	-0.0000804617	152.7207683699
49	2	11608734901956515531	16531372613019317365	2022207035883350065	11608734901956515531	-5858.6962890625	0.0000000000	21.4119369296	198.2263567078
60	7	11898300834540334386	17748571174786502837	8892417277763564754	11898300834540334386	-5858.8808593750	0.0000000000	0.0678859233	157.5660341226
14	58	9419846241024838160	14054484091089698115	2882781400685982015	14054484091089698115	-5859.1186523438	0.0000000000	150.1668680733	0.5524820867
17	50	7942649753865635285	7954439446442797217	7861759167452453927	13164543080897371943	-5859.1909179688	0.0000000000	147.0775542506	18.8602249729
6	42	1930472328265584947	12299412750025058355	755508564022852432	13123490471613381714	-5859.2827148438	0.0000000000	164.4161114096	31.3654140605
12	42	11113158138541946373	12299412750025058355	1668353499778633685	13123490471613381714	-5859.2827148438	0.0000000000	153.3775066512	31.3654140605
8	42	9028929048894877113	12299412750025058355	10174802112988121703	17696205443544390466	-5859.2934570312	0.0000000000	156.9254212096	31.3761562480
59	0	532342847330142605	13940322141675501375	532342847330142605	5830317869480541051	-5859.4365234375	0.0000000000	0.8104664133	215.9340960816
21	33	11524547973131240959	16600342241667575434	14489926758384242986	17841357053583693483	-5859.7031250000	0.0000000000	121.3201256828	56.1474039440
12	33	11113158138541946373	16600342241667575434	5439515145427133789	16746257673150059132	-5859.7343750000	0.0000000000	153.8291668074	56.1786539440
33	7	16600342241667575434	17748571174786502837	761704158343030920	5439515145427133789	-5859.7343750000	0.0000000000	56.1786539440	158.4195497476
53	1	10227180572385240627	11993650843181535046	10227180572385240627	13378611824196322899	-5859.9716796875	0.0000000000	12.6565357845	207.8946318316
22	33	14844742007295551442	16600342241667575434	1765981822761625671	2002099837244417471	-5860.0083007812	0.0000000000	120.9545487907	56.4525797253
59	5	532342847330142605	15218680173632198353	6223734950323727862	15840627619326705311	-5860.2099609375	0.0000000000	1.5839039133	165.5722906671
30	13	1502034777662907986	10145743082110905434	7627761290600167547	13786584307053481941	-5861.1835937500	0.0000000000	66.6030582888	152.7814087608
4	55	3363193800092709526	10470006149621968214	8552432134313918343	13051922601682434567	-5861.7065429688	0.0000000000	194.6436664909	9.0403278956
30	2	1502034777662907986	16531372613019317365	647205620649300542	3437399913776388539	-5861.8110351562	0.0000000000	67.2304996951	201.3411028016
52	11	10173048394798867302	15399116508150339984	8311801723302397605	10173048394798867302	-5861.8686523438	0.0000000000	15.4084417532	156.4032152084
32	12	547879015599754888	11113158138541946373	2813875032373038254	7224971127862674051	-5862.5517578125	0.0000000000	59.0187898447	156.6465496199
38	2	8516470539335001013	16531372613019317365	7856145101890224883	8114673213651524681	-5863.5024414062	0.0000000000	39.3158184008	203.0325090516
25	7	4291659517472418152	17748571174786502837	5181945810205255386	8960794083016024005	-5863.5512695312	0.0000000000	94.6293415298	162.2364442789
63	2	6382115558270069499	16531372613019317365	6382115558270069499	10065537435976171133	-5864.0200195312	0.0000000000	0.1536728784	203.5500871766
64	11	5676692493518573778	15399116508150339984	3606866529423109037	5676692493518573778	-5864.3203125000	0.0000000000	-0.0001630507	158.8548753647
4	48	3363193800092709526	4132298291667132837	4132298291667132837	13909994655172639957	-5864.5073242188	0.0000000000	197.4444477409	28.0808411366
56	4	140596763415134435	3363193800092709526	2425425492082068781	17324478407362182419	-5864.8603515625	0.0000000000	10.4993947105	197.7974750846
59	4	532342847330142605	3363193800092709526	15840627619326705311	18132733128771539008	-5864.8608398438	0.0000000000	6.2347828196	197.7979633659
6	58	1930472328265584947	14054484091089698115	11567437074145428665	14054484091089698115	-5865.2949218750	0.0000000000	170.4283184409	6.7287516180
56	0	140596763415134435	13940322141675501375	5761276182506485471	6915016333981366919	-5865.5117187500	0.0000000000	11.1507618980	222.0092913941
4	63	3363193800092709526	6382115558270069499	6299681039789869453	6382115558270069499	-5865.6538085938	0.0000000000	198.5909321159	1.7874619409
14	33	9419846241024838160	16600342241667575434	637718874948963986	8686850491666640689	-5865.8457031250	0.0000000000	156.8939188545	62.2899820690
24	5	3954724485913335009	15218680173632198353	5261481466381782342	5886683542206004593	-5866.5434570312	0.0000000000	107.4405705571	171.9057867608
4	52	3363193800092709526	10173048394798867302	9355036710461455678	10173048394798867302	-5866.6650390625	0.0000000000	199.6021625846	20.2048284719
48	0	4132298291667132837	13940322141675501375	3296890041771247693	9833807119992234215	-5866.8081054688	0.0000000000	30.3816223866	223.3056781128
20	58	421643100292575889	14054484091089698115	14054484091089698115	14991475197227453233	-5866.8217773438	0.0000000000	148.8653380871	8.2556070867
1	45	11993650843181535046	12993210964000509488	6423048599288485714	15659196019666919327	-5867.2583007812	0.0000000000	215.1812529253	33.5084835611
4	65	3363193800092709526	14632813600993826538	2202204237899745279	14632813600993826538	-5867.3515625000	0.0000000000	200.2886860221	3.0039035398
8	51	9028929048894877113	13292691416804620568	2356399726859956472	14702248208966611359	-5867.6303710938	0.0000000000	165.2623352721	22.4958339261
47	8	5736698748186567336	9028929048894877113	12712444501301596505	13461840088209017320	-5867.8325195312	0.0000000000	32.5175690389	165.4644837096
44	14	3639760460067492152	9419846241024838160	2302525423334443162	7028278810874330227	-5868.6772460938	0.0000000000	36.4191191297	159.7254618233
44	22	3639760460067492152	14844742007295551442	6464719273087248450	9843401732903611887	-5869.1381835938	0.0000000000	36.8800566297	130.0844316032
4	39	3363193800092709526	17853265189825989763	8000679483516249070	9756543916997876398	-5869.2348632812	0.0000000000	202.1719868034	44.5869765478
37	8	6672507286968009894	9028929048894877113	2014707777230548156	7142548879237378243	-5869.3408203125	0.0000000000	51.9991147961	166.9727844908
35	2	464423080113127962	16531372613019317365	2281583165638090466	7868986873276007885	-5869.4467773438	0.0000000000	59.8038728631	208.9768449891
6	48	1930472328265584947	4132298291667132837	4873764760768823816	14309433483251538982	-5869.5175781250	0.0000000000	174.6509746909	33.0910950429
20	48	421643100292575889	4132298291667132837	5458872297426663940	14961226678849313711	-5869.5175781250	0.0000000000	151.5611388684	33.0910950429
52	1	10173048394798867302	11993650843181535046	10173048394798867302	13357887100854665672	-5869.7114257812	0.0000000000	23.2512151907	217.6343779253
48	42	4132298291667132837	12299412750025058355	4873764760768823816	12555066815149547846	-5869.7338867188	0.0000000000	33.3074036366	41.8165859355
3	69	15359024489942092982	15740259534957837332	7974701454111344849	15740259534957837332	-5870.0351562500	0.0000000000	205.1908335732	0.0692339327
69	2	15740259534957837332	16531372613019317365	15740259534957837332	17861756123016190351	-5870.0351562500	0.0000000000	0.0692339327	209.5652238953
62	52	1038260303578061662	10173048394798867302	1041425636498940305	1779820114484815036	-5870.1894531250	0.0000000000	6.6607140648	23.7292425344
46	0	1643027625903258829	13940322141675501375	1643027625903258829	5270040196797862141	-5870.5703125000	0.0000000000	36.6248748380	227.0678851441
70	12	3651989770806214052	11113158138541946373	3651989770806214052	6993407897446567611	-5870.6733398438	0.0000000000	0.3173773184	164.7681316512
48	3	4132298291667132837	15359024489942092982	9326766587227909690	9833807119992234215	-5870.7216796875	0.0000000000	34.2951966054	205.8773570107
40	8	7039041914971718649	9028929048894877113	12577259994384812229	17582780137638381249	-5870.9384765625	0.0000000000	46.0305861809	168.5704407408
20	33	421643100292575889	16600342241667575434	5439515145427133789	13662807347574208230	-5870.9790039062	0.0000000000	153.0225646496	67.4232828503
70	0	3651989770806214052	13940322141675501375	748121566511463777	3651989770806214052	-5871.0747070312	0.0000000000	0.7187445059	227.5722796753
15	70	9862139535600805	3651989770806214052	3651989770806214052	16130411890815836677	-5871.3496093750	0.0000000000	160.4322442037	0.9936468496
0	33	13940322141675501375	16600342241667575434	2353132626840015751	5348270629228006053	-5871.5141601562	0.0000000000	228.0117328003	67.9584391003
52	2	10173048394798867302	16531372613019317365	4357998879484221668	16503851657765759360	-5871.7709960938	0.0000000000	25.3107855032	211.3010637391
36	44	2296122815841935449	3639760460067492152	15744013529271508298	16016003280525788365	-5872.4062500000	0.0000000000	62.7632712118	40.1481230360
4	60	3363193800092709526	11898300834540334386	11898300834540334386	17732241882100025280	-5872.8613281250	0.0000000000	205.7984516471	14.0483546733
48	8	4132298291667132837	9028929048894877113	9606751608421766555	16453054978866119628	-5872.8701171875	0.0000000000	36.4436341054	170.5020813658
53	2	10227180572385240627	16531372613019317365	110091580526930126	10227180572385240627	-5873.0673828125	0.0000000000	25.7522389095	212.5974504578
6	55	1930472328265584947	10470006149621968214	10470006149621968214	11248717910244273742	-5873.5869140625	0.0000000000	178.7203106284	20.9206989894
25	3	4291659517472418152	15359024489942092982	3194057301677301278	6041083743319377822	-5874.2783203125	0.0000000000	105.3563923110	209.4339976357
59	2	532342847330142605	16531372613019317365	7909568724666961329	15840627619326705311	-5875.8706054688	0.0000000000	17.2445484446	215.4006731141
4	43	3363193800092709526	13226925821911394995	4218214934978371641	13226925821911394995	-5877.3574218750	0.0000000000	210.2945453971	47.9073403073
66	0	6495257403368875128	13940322141675501375	2490955834375324141	6495257403368875128	-5877.5234375000	0.0000000000	11.7965882802	234.0210101441
5	69	15218680173632198353	15740259534957837332	5371518611738762399	15740259534957837332	-5877.9042968750	0.0000000000	183.2666266046	7.9383745577
4	67	3363193800092709526	14922020152664220504	14922020152664220504	17859484040707433130	-5878.0258789062	0.0000000000	210.9630024284	9.8475664644
29	14	1950334851094163880	9419846241024838160	2432840374119689140	14786858084678368358	-5878.2246093750	0.0000000000	89.3353356158	169.2728251045
53	11	10227180572385240627	15399116508150339984	10227180572385240627	11526014483947779797	-5878.3007812500	0.0000000000	30.9856373470	172.8353441147
8	43	9028929048894877113	13226925821911394995	571716834542594816	10410628413716090147	-5878.5205078125	0.0000000000	176.1524719908	49.0704262448
12	43	11113158138541946373	13226925821911394995	571716834542594816	8318804083182306595	-5878.5205078125	0.0000000000	172.6152996199	49.0704262448
25	10	4291659517472418152	5133041246497841227	6127664663568704160	11039351297422422391	-5879.0107421875	0.0000000000	110.0888141860	174.6312275404
0	65	13940322141675501375	14632813600993826538	11245953703445837637	14632813600993826538	-5879.0698242188	0.0000000000	235.5673968628	14.7221652585
37	2	6672507286968009894	16531372613019317365	333122091788368388	16999340661805564751	-5879.6464843750	0.0000000000	62.3047788586	219.1765520203
62	11	1038260303578061662	15399116508150339984	1038260303578061662	7399552534294043880	-5879.6728515625	0.0000000000	16.1441125023	174.2074144272
61	0	2971716969956636305	13940322141675501375	2971716969956636305	10846885699563093133	-5880.4306640625	0.0000000000	17.4337887562	236.9282367066
17	43	7942649753865635285	13226925821911394995	571716834542594816	1350601419443120867	-5880.6518554688	0.0000000000	168.5384917506	51.2017739010
58	3	14054484091089698115	15359024489942092982	8786516741716451672	14054484091089698115	-5880.6889648438	0.0000000000	22.1227945867	215.8446421670
8	55	9028929048894877113	10470006149621968214	5743790575360038426	15845003875293339879	-5880.8212890625	0.0000000000	178.4532532408	28.1550739894
6	68	1930472328265584947	3249669523183527212	1911627878740275448	3249669523183527212	-5880.8247070312	0.0000000000	185.9581035971	12.1872857090
21	42	11524547973131240959	12299412750025058355	795239189850244842	13123490471613381714	-5881.2006835938	0.0000000000	142.8176842766	53.2833828105
14	55	9419846241024838160	10470006149621968214	8552432134313918343	17932453011524980539	-5881.7641601562	0.0000000000	172.8123758858	29.0979450831
56	17	140596763415134435	7942649753865635285	7602812586536471196	16203082457486696287	-5882.0380859375	0.0000000000	27.6771290855	169.9247222193
4	64	3363193800092709526	5676692493518573778	5676692493518573778	15903073005479755019	-5882.1264648438	0.0000000000	215.0635883659	17.8059892930
50	8	7954439446442797217	9028929048894877113	5254750462699647411	8844063323867192847	-5882.1523437500	0.0000000000	41.8216507542	179.7843079283
50	11	7954439446442797217	15399116508150339984	1655283496853839981	5254750462699647411	-5882.1523437500	0.0000000000	41.8216507542	176.6869066147
4	57	3363193800092709526	12754911752208218123	3630054316133954380	14792739569501519903	-5882.9228515625	0.0000000000	215.8599750846	26.7460217518
57	0	12754911752208218123	13940322141675501375	3630054316133954380	13636812071638205677	-5882.9228515625	0.0000000000	26.7460217518	239.4204242066
1	39	11993650843181535046	17853265189825989763	3794607198268514940	8000679483516249070	-5882.9233398438	0.0000000000	230.8462919878	58.2754531103
25	17	4291659517472418152	7942649753865635285	8569952623741494311	8960794083016024005	-5883.9150390625	0.0000000000	114.9931110610	171.8016753443
62	4	1038260303578061662	3363193800092709526	1038260303578061662	1664421657946588345	-5884.6274414062	0.0000000000	21.0987023461	217.5645649284
67	7	14922020152664220504	17748571174786502837	12277743649296043964	16703591483388163719	-5885.1811523438	0.0000000000	17.0028399019	183.8663270914
61	3	2971716969956636305	15359024489942092982	2971716969956636305	14746008565489323016	-5885.6821289062	0.0000000000	22.6852535999	220.8378062295
4	66	3363193800092709526	6495257403368875128	6495257403368875128	9510905207124104133	-5885.8442382812	0.0000000000	218.7813618034	20.1173890614
62	12	1038260303578061662	11113158138541946373	1779820114484815036	17483788430417124788	-5886.0063476562	0.0000000000	22.4776085961	180.1011394637
36	3	2296122815841935449	15359024489942092982	16286648091385824489	16622205535356127635	-5886.8061523438	0.0000000000	77.1631735555	221.9618296670
0	67	13940322141675501375	14922020152664220504	1507157057982779481	12277743649296043964	-5887.0737304688	0.0000000000	243.5713031128	18.8954180269
68	0	3249669523183527212	13940322141675501375	3249669523183527212	4809078077051234967	-5888.1264648438	0.0000000000	19.4890435215	244.6240374878
46	3	1643027625903258829	15359024489942092982	3439434019472194527	15632278554281580209	-5889.1386718750	0.0000000000	55.1932342130	224.2943491982
20	57	421643100292575889	12754911752208218123	1103658468817024657	12754911752208218123	-5890.0781250000	0.0000000000	172.1216857434	33.9012951893
52	12	10173048394798867302	11113158138541946373	1234769226685547111	11007697535797036357	-5890.4887695312	0.0000000000	44.0285589407	184.5835613387
70	2	3651989770806214052	16531372613019317365	3651989770806214052	12627014279816270444	-5890.5703125000	0.0000000000	20.2143499746	230.1003801453
6	51	1930472328265584947	13292691416804620568	14702248208966611359	17625199600314777252	-5890.7666015625	0.0000000000	195.8999981284	45.6320643948
44	11	3639760460067492152	15399116508150339984	5639492243794982265	6564793393405718766	-5891.0190429688	0.0000000000	58.7609160047	185.5536058334
68	7	3249669523183527212	17748571174786502837	3249669523183527212	10168915498254716357	-5891.3295898438	0.0000000000	22.6921685215	190.0147645914
70	11	3651989770806214052	15399116508150339984	1053549803747329349	3651989770806214052	-5891.5019531250	0.0000000000	21.1459905996	186.0365159897
67	2	14922020152664220504	16531372613019317365	14922020152664220504	16443960433489315123	-5891.6967773438	0.0000000000	23.5184649019	231.2268449891
0	58	13940322141675501375	14054484091089698115	10057327457902092601	10394952004868229296	-5891.7343750000	0.0000000000	248.2319476441	33.1682047430
4	58	3363193800092709526	14054484091089698115	10394952004868229296	14583028452491679512	-5891.7343750000	0.0000000000	224.6714985221	33.1682047430
58	2	14054484091089698115	16531372613019317365	10394952004868229296	16927609598701099291	-5891.7343750000	0.0000000000	33.1682047430	231.2644426453
0	69	13940322141675501375	15740259534957837332	10889736408050111099	15740259534957837332	-5891.8579101562	0.0000000000	248.3554828003	21.8919878389
70	13	3651989770806214052	10145743082110905434	3651989770806214052	14757849072830075441	-5892.2485351562	0.0000000000	21.8925726309	183.8463501671
62	3	1038260303578061662	15359024489942092982	1779820114484815036	2859653741200475152	-5892.5053710938	0.0000000000	28.9766320336	227.6610484170
66	12	6495257403368875128	11113158138541946373	6495257403368875128	9491089683743234343	-5892.8007812500	0.0000000000	27.0739320302	186.8955730574
59	3	532342847330142605	15359024489942092982	12559235698106834547	13439789081980617895	-5893.2602539062	0.0000000000	34.6341968821	228.4159312295
59	6	532342847330142605	1930472328265584947	7600237268927590605	12559235698106834547	-5893.2602539062	0.0000000000	34.6341968821	198.3936504721
30	67	1502034777662907986	14922020152664220504	4005070833917322812	14540130982631000867	-5893.3627929688	0.0000000000	98.7822575076	25.1844805269
1	58	11993650843181535046	14054484091089698115	3698396769968903037	10394952004868229296	-5893.4531250000	0.0000000000	241.3760771441	34.8869547430
70	1	3651989770806214052	11993650843181535046	620432037468064671	16990332983086694549	-5894.2578125000	0.0000000000	23.9018499746	242.1807646441
70	21	3651989770806214052	11524547973131240959	426780190114603467	16990332983086694549	-5894.2578125000	0.0000000000	23.9018499746	155.8748131828
61	2	2971716969956636305	16531372613019317365	2495847755528067557	15297071335908896011	-5894.2880859375	0.0000000000	31.2912106312	233.8181535828
61	12	2971716969956636305	11113158138541946373	5473400432948569103	15297071335908896011	-5894.2880859375	0.0000000000	31.2912106312	188.3828777449
6	25	1930472328265584947	4291659517472418152	9134759443682146941	14583605988226172065	-5894.3417968750	0.0000000000	199.4751934409	125.4198688735
6	49	1930472328265584947	11608734901956515531	5113931163639806382	6864293504173082764	-5894.5117187500	0.0000000000	199.6451153159	57.2273666171
15	29	9862139535600805	1950334851094163880	6822059480748861728	9959566197683616932	-5894.7119140625	0.0000000000	183.7945488912	105.8226403033
45	0	12993210964000509488	13940322141675501375	11541781205195241336	17225839152745480020	-5895.1782226562	0.0000000000	61.4284054361	251.6757953003
60	0	11898300834540334386	13940322141675501375	231412992236810257	1356383083366304749	-5895.3603515625	0.0000000000	36.5473781108	251.8579242066
16	50	1330626491942655010	7954439446442797217	6029835967625586742	9599018931036305803	-5896.3330078125	0.0000000000	185.1946659821	56.0023148167
50	0	7954439446442797217	13940322141675501375	11846861070975529811	14695468119827164590	-5896.4487304688	0.0000000000	56.1180374729	252.9463031128
50	7	7954439446442797217	17748571174786502837	6581494076947013064	11846861070975529811	-5896.4487304688	0.0000000000	56.1180374729	195.1339052164
52	3	10173048394798867302	15359024489942092982	6940983654020905775	16899636056267037782	-5896.9023437500	0.0000000000	50.4421331594	232.0580210732
61	4	2971716969956636305	3363193800092709526	8632444435861449033	15297071335908896011	-5897.8188476562	0.0000000000	34.8219723499	230.7559711784
67	3	14922020152664220504	15359024489942092982	4272745175926932102	11148949623840371575	-5897.8437500000	0.0000000000	29.6654375581	232.9994273232
6	61	1930472328265584947	2971716969956636305	5599332280380684128	17505887492962040522	-5898.0917968750	0.0000000000	203.2251934409	35.0949215687
4	53	3363193800092709526	10227180572385240627	3094095430883326675	10227180572385240627	-5898.2856445312	0.0000000000	231.2227680534	50.9705006282
47	0	5736698748186567336	13940322141675501375	1953583227145098626	13110229954522523148	-5898.3320312500	0.0000000000	63.0170807577	254.8296038941
30	21	1502034777662907986	11524547973131240959	1555011520421806583	6300011915061128322	-5898.6547851562	0.0000000000	104.0742496951	160.2717858391
6	47	1930472328265584947	5736698748186567336	5245669335209747153	13155574248845250312	-5898.9580078125	0.0000000000	204.0914043784	63.6430573202
4	69	3363193800092709526	15740259534957837332	8865030191692059107	15740259534957837332	-5899.0634765625	0.0000000000	232.0006000846	29.0975542452
12	65	11113158138541946373	14632813600993826538	2881538247461605186	14801979090202751143	-5899.6147460938	0.0000000000	193.7095379012	35.2670871335
66	65	6495257403368875128	14632813600993826538	6495257403368875128	14801979090202751143	-5899.6147460938	0.0000000000	33.8878968739	35.2670871335
37	1	6672507286968009894	11993650843181535046	1600551235277499148	4996666600904943700	-5899.6171875000	0.0000000000	82.2754819836	247.5401396441
12	51	11113158138541946373	13292691416804620568	8324339856769030194	9239970259894130272	-5899.7265625000	0.0000000000	193.8213543074	54.5920253323
47	21	5736698748186567336	11524547973131240959	3177463149795296635	6549841163226309422	-5899.8032226562	0.0000000000	64.4882721639	161.4202233391
47	13	5736698748186567336	10145743082110905434	12534109597955545897	18207933694941398550	-5899.8369140625	0.0000000000	64.5219635702	191.4347290733
47	14	5736698748186567336	9419846241024838160	10639457921050564792	11021434629636714324	-5899.9638671875	0.0000000000	64.6489166952	191.0120829170
60	11	11898300834540334386	15399116508150339984	231412992236810257	7644482702404660069	-5900.5336914062	0.0000000000	41.7207179546	195.0682542709
63	1	6382115558270069499	11993650843181535046	5918341490937089684	6382115558270069499	-5900.6611328125	0.0000000000	36.7947861596	248.5840849566
70	47	3651989770806214052	5736698748186567336	3177463149795296635	3672077483835161856	-5901.3315429688	0.0000000000	30.9755804434	66.0165924764
42	19	12299412750025058355	13923406844324291804	971964177739100911	12555066815149547846	-5901.3886718750	0.0000000000	73.4713710918	185.3422917687
46	6	1643027625903258829	1930472328265584947	2453441225677727969	12314035504531279565	-5901.5937500000	0.0000000000	67.6483123380	206.7271465659
46	4	1643027625903258829	3363193800092709526	8190008141643458035	12314035504531279565	-5901.6176757812	0.0000000000	67.6722381193	234.5547993034
32	50	547879015599754888	7954439446442797217	1762569359786409646	14752467257863030891	-5902.4863281250	0.0000000000	98.9533601572	62.1556351292
30	8	1502034777662907986	9028929048894877113	8030971215693663379	9572580932345234151	-5903.1235351562	0.0000000000	108.5429996951	200.7554993346
48	19	4132298291667132837	13923406844324291804	6831358232686518663	9833807119992234215	-5903.2099609375	0.0000000000	66.7834778554	187.1635808312
4	70	3363193800092709526	3651989770806214052	844774351468021662	16338294847090514300	-5903.3544921875	0.0000000000	236.2916157096	32.9985296621
70	8	3651989770806214052	9028929048894877113	3489190602455572847	16338294847090514300	-5903.3544921875	0.0000000000	32.9985296621	200.9864563658
20	47	421643100292575889	5736698748186567336	3177463149795296635	14144621456145963232	-5904.1884765625	0.0000000000	186.2320373059	68.8735260702
46	7	1643027625903258829	17748571174786502837	5475358681021055041	13630752262035531630	-5904.2036132812	0.0000000000	70.2581756193	202.8887880289
66	1	6495257403368875128	11993650843181535046	2513698646723001161	10917350613942484534	-5904.2431640625	0.0000000000	38.5163148427	252.1661162066
66	2	6495257403368875128	16531372613019317365	2513698646723001161	11788230099422064581	-5904.2431640625	0.0000000000	38.5163148427	243.7732317078
70	3	3651989770806214052	15359024489942092982	942167584225405849	3672077483835161856	-5905.0834960938	0.0000000000	34.7275335684	240.2391734170
53	0	10227180572385240627	13940322141675501375	5413979056768373010	9216743451653371703	-5905.7084960938	0.0000000000	58.3933521907	262.2060687378
54	11	12531669751321223030	15399116508150339984	12531669751321223030	14540407150803399655	-5905.7827148438	0.0000000000	53.2232178707	200.3172777084
29	8	1950334851094163880	9028929048894877113	13650532173679167821	16476109265479757348	-5906.0493164062	0.0000000000	117.1600426470	203.6812805846
46	19	1643027625903258829	13923406844324291804	1204715916903935104	13755526046390601596	-5906.1035156250	0.0000000000	72.1580779630	190.0571355187
54	7	12531669751321223030	17748571174786502837	2290980370297539812	12531669751321223030	-5906.2529296875	0.0000000000	53.6934327145	204.9381044351
6	54	1930472328265584947	12531669751321223030	3852763707676159794	12531669751321223030	-5908.5092773438	0.0000000000	213.6426739096	55.9497803707
62	0	1038260303578061662	13940322141675501375	4440697553045633456	5742348283768880318	-5910.4936523438	0.0000000000	46.9649132836	266.9912249878
1	65	11993650843181535046	14632813600993826538	9124071824209006862	18128638655717647112	-5911.9130859375	0.0000000000	259.8360380816	47.5654269773
29	13	1950334851094163880	10145743082110905434	8455974633655782133	13560066305074237638	-5912.1723632812	0.0000000000	123.2830895220	203.7701782921
34	11	5758841203289320496	15399116508150339984	2918131026659968509	14950266607068007716	-5912.2202148438	0.0000000000	102.8711931655	206.7547777084
62	1	1038260303578061662	11993650843181535046	6532043905014957160	17238992805958536440	-5912.4140625000	0.0000000000	48.8853234398	260.3370146441
62	7	1038260303578061662	17748571174786502837	6532043905014957160	13005401707895713904	-5912.4140625000	0.0000000000	48.8853234398	211.0992372476
32	6	547879015599754888	1930472328265584947	10297429515164202237	11822927018269966410	-5913.1816406250	0.0000000000	109.6486726572	218.3150371909
60	2	11898300834540334386	16531372613019317365	11694045888323016405	18436487658813940694	-5913.2148437500	0.0000000000	54.4018702983	252.7449113953
60	67	11898300834540334386	14922020152664220504	12277743649296043964	14357613387582455830	-5913.9858398438	0.0000000000	55.1728663921	45.8075274019
13	54	10145743082110905434	12531669751321223030	9182756619597042369	13375184838098668115	-5914.1762695312	0.0000000000	205.7740845421	61.6167725582
63	14	6382115558270069499	9419846241024838160	10999406298920357738	15794873904242760199	-5914.5444335938	0.0000000000	50.6780869409	205.5926493233
52	7	10173048394798867302	17748571174786502837	243829158117877298	12145815582275209515	-5915.2958984375	0.0000000000	68.8356878469	213.9810731851
63	9	6382115558270069499	7089991791314083402	5078447733420862528	17137213472263979784	-5915.3139648438	0.0000000000	51.4476181909	212.2320488588
6	60	1930472328265584947	11898300834540334386	11522868887302582059	13548810449461033439	-5915.3540039062	0.0000000000	220.4874004721	56.5410304546
60	19	11898300834540334386	13923406844324291804	4833599690419291956	11522868887302582059	-5915.3540039062	0.0000000000	56.5410304546	199.3076238000
8	65	9028929048894877113	14632813600993826538	9124071824209006862	11954011595512758403	-5915.5234375000	0.0000000000	213.1554016783	51.1757785398
60	3	11898300834540334386	15359024489942092982	14357613387582455830	15383101173625836754	-5916.4111328125	0.0000000000	57.5981593608	251.5668101357
4	54	3363193800092709526	12531669751321223030	15355310711137835155	15902685698206702541	-5918.5048828125	0.0000000000	251.4420063346	65.9453858395
20	54	421643100292575889	12531669751321223030	3002805567798208015	15355310711137835155	-5918.5048828125	0.0000000000	200.5484435559	65.9453858395
54	3	12531669751321223030	15359024489942092982	13235104871422209836	15355310711137835155	-5918.5048828125	0.0000000000	65.9453858395	253.6605601357
20	63	421643100292575889	6382115558270069499	617218428871939442	10999406298920357738	-5919.0126953125	0.0000000000	201.0562560559	55.1463486596
63	0	6382115558270069499	13940322141675501375	5319156300345820550	17137213472263979784	-5919.4228515625	0.0000000000	55.5565049096	275.9204242066
65	2	14632813600993826538	16531372613019317365	6316727241709329926	13214547588291538402	-5920.0644531250	0.0000000000	55.7167941648	259.5945207703
37	60	6672507286968009894	11898300834540334386	2078309167253346834	14357613387582455830	-5920.4531250000	0.0000000000	103.1114194836	61.6401515483
68	4	3249669523183527212	3363193800092709526	3249669523183527212	10545366690062455081	-5920.6806640625	0.0000000000	52.0432427402	253.6177875846
64	3	5676692493518573778	15359024489942092982	16058184542023846376	17858289746658288002	-5920.9326171875	0.0000000000	56.6121416368	256.0882945107
64	7	5676692493518573778	17748571174786502837	7663701174778950032	17858289746658288002	-5920.9326171875	0.0000000000	56.6121416368	219.6177919351
6	45	1930472328265584947	12993210964000509488	4765570636970228798	11126827005153117831	-5920.9814453125	0.0000000000	226.1148418784	87.2316280924
47	7	5736698748186567336	17748571174786502837	1679793633461794315	16953758568014950570	-5921.7431640625	0.0000000000	86.4282135702	220.4283388101
66	3	6495257403368875128	15359024489942092982	2513698646723001161	10794104485140244990	-5922.0776367188	0.0000000000	56.3507874989	257.2333140420
6	57	1930472328265584947	12754911752208218123	2408985424453926158	13538609808272083137	-5923.0258789062	0.0000000000	228.1592754721	66.8490490956
57	3	12754911752208218123	15359024489942092982	9206589505282575842	13538609808272083137	-5923.0258789062	0.0000000000	66.8490490956	258.1815562295
30	12	1502034777662907986	11113158138541946373	10816816573341819316	17386345155732660202	-5923.1108398438	0.0000000000	128.5303043826	217.2056316512
66	13	6495257403368875128	10145743082110905434	7350930266076552493	16822361545299760897	-5923.1679687500	0.0000000000	57.4411195302	214.7657837608
20	68	421643100292575889	3249669523183527212	3249669523183527212	3555305181264706955	-5923.2172851562	0.0000000000	205.2608458996	54.5798638340
14	28	9419846241024838160	17668581314882703021	12889370740328562384	17315497370771859552	-5924.5385742188	0.0000000000	215.5867899483	141.3577635874
64	0	5676692493518573778	13940322141675501375	5676692493518573778	11267573992657035760	-5924.9809570312	0.0000000000	60.6604814805	281.4785296753
6	67	1930472328265584947	14922020152664220504	10064869240728353226	12277743649296043964	-5925.0659179688	0.0000000000	230.1993145346	56.8876055269
6	63	1930472328265584947	6382115558270069499	5696233663351546795	12510646055509392369	-5926.2353515625	0.0000000000	231.3687481284	62.3690049096
63	3	6382115558270069499	15359024489942092982	10095196701808121086	12510646055509392369	-5926.2353515625	0.0000000000	62.3690049096	261.3910288857
66	14	6495257403368875128	9419846241024838160	9215050844430360858	17696122992424319999	-5926.6542968750	0.0000000000	60.9274476552	217.7025126045
9	67	7089991791314083402	14922020152664220504	1785397907055297828	11805164706129899327	-5927.0664062500	0.0000000000	223.9844902651	58.8880938081
12	67	11113158138541946373	14922020152664220504	1785397907055297828	14617344860603761131	-5927.0996093750	0.0000000000	221.1944011824	58.9212969331
64	17	5676692493518573778	7942649753865635285	5676692493518573778	7166797956927855822	-5927.7065429688	0.0000000000	63.3860674180	215.5931792506
21	54	11524547973131240959	12531669751321223030	8374227015066231116	13910435256425087196	-5927.9838867188	0.0000000000	189.6008874016	75.4243897457
12	54	11113158138541946373	12531669751321223030	8233224672075199668	13910435256425087196	-5928.8237304688	0.0000000000	222.9185222762	76.2642334957
68	2	3249669523183527212	16531372613019317365	6098451591026002796	6675962117202429157	-5928.9238281250	0.0000000000	60.2864068027	268.4538957703
36	11	2296122815841935449	15399116508150339984	6501448776984810647	14223249641087493820	-5931.0810546875	0.0000000000	121.4380758993	225.6156175522
56	12	140596763415134435	11113158138541946373	471377597077174	14849233479612422838	-5932.4023437500	0.0000000000	78.0413868980	226.4971355574
17	67	7942649753865635285	14922020152664220504	1508282301787015813	17393668733007010163	-5933.0512695312	0.0000000000	220.9379058131	64.8729570894
1	67	11993650843181535046	14922020152664220504	9279211110086475403	10620615307046995660	-5933.7309570312	0.0000000000	281.6539091753	65.5526445894
20	34	421643100292575889	5758841203289320496	934228772010305216	4133814154826172791	-5934.2875976562	0.0000000000	216.3311583996	124.9385759780
19	65	13923406844324291804	14632813600993826538	6316727241709329926	7695502298575396964	-5936.2524414062	0.0000000000	220.2060613000	71.9047824460
44	19	3639760460067492152	13923406844324291804	2378475234170427777	16792169578556068071	-5938.3247070312	0.0000000000	106.0665800672	222.2783269250
44	12	3639760460067492152	11113158138541946373	9121193785586731625	15942370418272769236	-5938.5039062500	0.0000000000	106.2457792860	232.5986980574
65	3	14632813600993826538	15359024489942092982	130599030996691551	9346156572684966349	-5938.8027343750	0.0000000000	74.4550754148	273.9584116982
64	2	5676692493518573778	16531372613019317365	1263251395820209309	11129222650233326197	-5947.4404296875	0.0000000000	83.1199541368	286.9704973328
64	18	5676692493518573778	14569243558959732203	1263251395820209309	13557566775781794802	-5947.4404296875	0.0000000000	83.1199541368	235.2784852095
64	1	5676692493518573778	11993650843181535046	90998020847936507	7609920798430116703	-5948.9648437500	0.0000000000	84.6443681993	296.8877958941
37	3	6672507286968009894	15359024489942092982	3647678012446091485	11827084013902972778	-5949.6250000000	0.0000000000	132.2832944836	284.7806773232
37	13	6672507286968009894	10145743082110905434	7343215346787422764	11827084013902972778	-5949.6250000000	0.0000000000	132.2832944836	241.2228150108
13	65	10145743082110905434	14632813600993826538	6019161669835892299	6316727241709329926	-5949.7543945312	0.0000000000	241.3522095421	85.4067355710
37	12	6672507286968009894	11113158138541946373	779878187021490342	11827084013902972778	-5950.8525390625	0.0000000000	133.5108335461	244.9473308699
11	69	15399116508150339984	15740259534957837332	3730842275007113086	9071964269587599229	-5951.4213867188	0.0000000000	245.9559495834	81.4554644014
6	64	1930472328265584947	5676692493518573778	6885525318919836507	8821745560726890339	-5951.4770507812	0.0000000000	256.6104473471	87.1565752305
10	64	5133041246497841227	5676692493518573778	4706078740465998158	6885525318919836507	-5951.4770507812	0.0000000000	247.0975361341	87.1565752305
20	64	421643100292575889	5676692493518573778	6885525318919836507	13320151544118260350	-5951.4770507812	0.0000000000	233.5206115246	87.1565752305
