section	statistic	value
summary	numTrees	2027025
summary	numEdges	14189175
summary	meanDegree	14.0000000000
local	numLocalPeaks	48
local	posteriorMassOfLocalPeaks	0.5462744869
local	meanUphillFraction	0.4998854761
local	posteriorWeightedMeanUphillFraction	0.0358863441
local	meanBestNeighborLnLDifference	19.7993440953
local	posteriorWeightedMeanBestNeighborLnLDifference	0.0527022370
local	meanNeighborAbsLnLDifference	8.1969510916
local	posteriorWeightedMeanNeighborAbsLnLDifference	12.2905104486
basin	numPeaks	48
basin	numPeaksMassGreater01	2
basin	numPeaksMassGreater05	1
basin	largestBasinSize	634106
basin	largestBasinMass	0.9847102021
basin	basinMassEntropy	0.0811448408
basin	effectiveNumBasins	1.0845279691
basin	mapTreeHash	5874517974390222770
basin	mapPeakHash	5874517974390222770
basin	mapPeakId	0
basin	mapBasinMass	0.9847102021
basin	posteriorMassOutsideMapBasin	0.0152897979
ascent	meanAscentLength	10.1371221371
ascent	posteriorWeightedMeanAscentLength	0.7582801089
ascent	meanAscentLengthCredible95	2.1666666667
ascent	posteriorWeightedMeanAscentLengthCredible95	0.7353510147
ascent	maxAscentLength	29
credible95	credible95NumTrees	6
credible95	credible95Mass	0.9560905976
credible95	credible95NumComponents	1
credible95	credible95LargestComponentSize	6
credible95	credible95LargestComponentMass	0.9560905976
credible95	credible95MapComponentSize	6
credible95	credible95MapComponentMass	0.9560905976
barrier	basinGraphEdges	991
barrier	meanBasinGraphDegree	41.2916666667
barrier	mapBasinGraphDegree	47
barrier	basinGraphConnected	1
barrier	minBarrierFromMap	9.6325864618
barrier	meanBarrier	44.8154571476
barrier	posteriorWeightedMeanBarrier	7.5132456569
barrier	maxBarrier	143.8163645121

# peaks
peakId	peakHash	peakTreeProbability	basinNumTrees	basinPosteriorMass
0	5874517974390222770	0.5375785955	634106	0.9847102021
1	383973396239497234	0.0084331202	375915	0.0148427642
2	7604814475627013949	0.0002572329	78201	0.0004409529
3	4183733511738232621	0.0000054296	71067	0.0000059206
4	9024492492365768215	0.0000000981	151371	0.0000001448
5	3385796812958382910	0.0000000083	135018	0.0000000106
6	9582979206688607472	0.0000000013	16175	0.0000000031
7	1796989720132837495	0.0000000008	19915	0.0000000016
8	1839343803567254752	0.0000000001	27909	0.0000000001
9	5746666710665073476	0.0000000000	24534	0.0000000000
10	754947880694956163	0.0000000000	9802	0.0000000000
11	3001278052383147661	0.0000000000	3803	0.0000000000
12	14394349440709765673	0.0000000000	16302	0.0000000000
13	15062700894552547369	0.0000000000	25571	0.0000000000
14	1968597673214381706	0.0000000000	3500	0.0000000000
15	10889985071537923578	0.0000000000	39324	0.0000000000
16	16760675531699762610	0.0000000000	22709	0.0000000000
17	12019777639744586537	0.0000000000	8213	0.0000000000
18	4102021481620702813	0.0000000000	12055	0.0000000000
19	4456958143231976993	0.0000000000	37800	0.0000000000
20	11948823402266708910	0.0000000000	41255	0.0000000000
21	5460945689865835779	0.0000000000	13004	0.0000000000
22	8084408184248863152	0.0000000000	72938	0.0000000000
23	6253649888491474579	0.0000000000	29095	0.0000000000
24	16916071204564990963	0.0000000000	5907	0.0000000000
25	15842488174011736914	0.0000000000	10236	0.0000000000
26	6939462828963091689	0.0000000000	2363	0.0000000000
27	11944859071411479555	0.0000000000	29678	0.0000000000
28	7678506972583948757	0.0000000000	7891	0.0000000000
29	2333186330148494937	0.0000000000	12056	0.0000000000
30	12275435012016799356	0.0000000000	12056	0.0000000000
31	8677021675660175084	0.0000000000	4880	0.0000000000
32	17721363126477514040	0.0000000000	921	0.0000000000
33	16861076980183817118	0.0000000000	22189	0.0000000000
34	5380568022192713325	0.0000000000	2044	0.0000000000
35	384338114271739224	0.0000000000	14964	0.0000000000
36	6581859286858331108	0.0000000000	7535	0.0000000000
37	14993917302309667038	0.0000000000	4785	0.0000000000
38	14425606513275351767	0.0000000000	1532	0.0000000000
39	12448359132345075491	0.0000000000	3391	0.0000000000
40	16535145090002969504	0.0000000000	2321	0.0000000000
41	10108700564787259822	0.0000000000	591	0.0000000000
42	2227060936785475869	0.0000000000	237	0.0000000000
43	1773230080302454734	0.0000000000	6622	0.0000000000
44	6743523441069707817	0.0000000000	613	0.0000000000
45	10526932698018637905	0.0000000000	3757	0.0000000000
46	9988977233721128909	0.0000000000	745	0.0000000000
47	608691779696482770	0.0000000000	129	0.0000000000

# saddles
peakId1	peakId2	peakHash1	peakHash2	saddleTree1	saddleTree2	saddleLnL	saddleProbability	barrierFromPeak1	barrierFromPeak2
1	0	383973396239497234	5874517974390222770	5528032227831353305	6048360497462272042	-10280.8525390625	0.0000352468	5.4776783216	9.6325864618
0	2	5874517974390222770	7604814475627013949	4086090285553701483	4593130431803895541	-10281.0136718750	0.0000299853	9.7937192743	2.1488709440
1	2	383973396239497234	7604814475627013949	2375847600362976140	11061469133668501168	-10285.9345703125	0.0000002189	10.5597095716	7.0697693815
3	2	4183733511738232621	7604814475627013949	14146418286523056272	16517984310543363983	-10287.1943359375	0.0000000621	4.4714144462	8.3295350065
1	5	383973396239497234	3385796812958382910	3385796812958382910	18359533388054727388	-10291.5126953125	0.0000000008	16.1378345716	2.3067096011
0	6	5874517974390222770	9582979206688607472	8531697330715716422	14180775147365797409	-10291.8994140625	0.0000000006	20.6794614618	0.8470136896
0	4	5874517974390222770	9024492492365768215	4141576917601880765	8807723009658018460	-10292.4287109375	0.0000000003	21.2087583368	5.6926121469
3	0	4183733511738232621	5874517974390222770	12319987925751510474	16701912529212115498	-10292.4794921875	0.0000000003	9.7565706962	21.2595395868
3	4	4183733511738232621	9024492492365768215	13575924476543718925	14031213286698102599	-10293.3632812500	0.0000000001	10.6403597587	6.6271824594
7	6	1796989720132837495	9582979206688607472	11782626639048989228	16999462917267558674	-10293.5058593750	0.0000000001	2.0005932106	2.4534590021
7	0	1796989720132837495	5874517974390222770	2651211156067354057	10026569526455814460	-10294.4472656250	0.0000000000	2.9419994606	23.2273130243
2	4	7604814475627013949	9024492492365768215	7542244625875208448	16392627709985775189	-10294.8847656250	0.0000000000	16.0199646940	8.1486668344
1	8	383973396239497234	1839343803567254752	1839343803567254752	8807412603912768031	-10295.0537109375	0.0000000000	19.6788501966	1.5878152095
7	4	1796989720132837495	9024492492365768215	1796989720132837495	13967560481199383353	-10295.4462890625	0.0000000000	3.9410228981	8.7101902719
8	3	1839343803567254752	4183733511738232621	1839343803567254752	14606851621536128987	-10296.2099609375	0.0000000000	2.7440652095	13.4870394462
8	2	1839343803567254752	7604814475627013949	1839343803567254752	17364815142109953673	-10297.0566406250	0.0000000000	3.5907448970	18.1918396940
10	0	754947880694956163	5874517974390222770	754947880694956163	8527097730726586307	-10298.3750000000	0.0000000000	0.8056347083	27.1550473993
11	0	3001278052383147661	5874517974390222770	3001278052383147661	17962135662708037945	-10298.8955078125	0.0000000000	0.8153879496	27.6755552118
4	6	9024492492365768215	9582979206688607472	12899965498708098567	13967560481199383353	-10298.9638671875	0.0000000000	12.2277683969	7.9114668146
1	3	383973396239497234	4183733511738232621	8807412603912768031	11910007642786296013	-10299.0351562500	0.0000000000	23.6602955091	16.3122347587
5	4	3385796812958382910	9024492492365768215	4905347069605342048	8499248152441176199	-10300.2890625000	0.0000000000	11.0830767886	13.5529637094
9	0	5746666710665073476	5874517974390222770	12262311699117656819	12786730292850289644	-10300.3466796875	0.0000000000	3.4187303794	29.1267270868
9	12	5746666710665073476	14394349440709765673	8705571718716015738	14394349440709765673	-10300.3867187500	0.0000000000	3.4587694419	1.5880253467
9	6	5746666710665073476	9582979206688607472	8762335912718769634	12786730292850289644	-10300.5400390625	0.0000000000	3.6120897544	9.4876386896
0	13	5874517974390222770	15062700894552547369	1045037298683596169	15062700894552547369	-10300.7675781250	0.0000000000	29.5476255243	0.5899510544
7	12	1796989720132837495	14394349440709765673	14394349440709765673	15271714122189242679	-10301.6093750000	0.0000000000	10.1041088356	2.8106815967
4	12	9024492492365768215	14394349440709765673	2450026562686960475	14394349440709765673	-10302.1884765625	0.0000000000	15.4523777719	3.3897831592
14	0	1968597673214381706	5874517974390222770	1968597673214381706	14219218043520747370	-10302.3339843750	0.0000000000	0.1053871831	31.1140317743
14	6	1968597673214381706	9582979206688607472	1968597673214381706	2583813510028034688	-10302.6308593750	0.0000000000	0.4022621831	11.5784590021
10	13	754947880694956163	15062700894552547369	9489382912243747704	14259354804218440210	-10303.5244140625	0.0000000000	5.9550487708	3.3467869919
10	8	754947880694956163	1839343803567254752	3130651178442939307	4636757038192601601	-10303.6669921875	0.0000000000	6.0976268958	10.2010964595
14	9	1968597673214381706	5746666710665073476	1968597673214381706	8435862940870793933	-10303.6962890625	0.0000000000	1.4676918706	6.7683397544
7	9	1796989720132837495	5746666710665073476	8705571718716015738	9281406872833957428	-10303.7675781250	0.0000000000	12.2623119606	6.8396288169
1	4	383973396239497234	9024492492365768215	8650350969159990161	17593711923906711786	-10304.6425781250	0.0000000000	29.2677173841	17.9064793344
0	17	5874517974390222770	12019777639744586537	12019777639744586537	14989322200433826986	-10304.7685546875	0.0000000000	33.5486020868	0.6023935842
9	4	5746666710665073476	9024492492365768215	10113761530949082073	10678147379630204011	-10305.8769531250	0.0000000000	8.9490038169	19.1408543344
6	16	9582979206688607472	16760675531699762610	4217960191023284328	11090275137409672858	-10305.9033203125	0.0000000000	14.8509199396	2.9116215418
2	17	7604814475627013949	12019777639744586537	10967849094072041041	12019777639744586537	-10306.1230468750	0.0000000000	27.2582459440	1.9568857717
0	12	5874517974390222770	14394349440709765673	6725618303837884082	13834246047632498574	-10306.1308593750	0.0000000000	34.9109067743	7.3321659717
1	13	383973396239497234	15062700894552547369	4436913472481135719	6806060627916034569	-10306.2529296875	0.0000000000	30.8780689466	6.0753026169
18	16	4102021481620702813	16760675531699762610	4102021481620702813	10545806941637823075	-10306.3105468750	0.0000000000	1.9148915977	3.3188481043
7	14	1796989720132837495	1968597673214381706	2397502445501050321	3368770881163089250	-10306.4570312500	0.0000000000	14.9517650856	4.2284340581
11	3	3001278052383147661	4183733511738232621	1442280181759287867	9336183734306221377	-10306.5302734375	0.0000000000	8.4501535746	23.8073519462
5	0	3385796812958382910	5874517974390222770	1790106199381485703	2405075801651722393	-10306.5761718750	0.0000000000	17.3701861636	35.3562192743
4	15	9024492492365768215	10889985071537923578	7336003326205704084	8468336960053880586	-10306.5898437500	0.0000000000	19.8537449594	4.0280912588
18	15	4102021481620702813	10889985071537923578	4102021481620702813	12695294873150979939	-10306.6718750000	0.0000000000	2.2762197227	4.1101225088
0	16	5874517974390222770	16760675531699762610	12207490440113558022	13318153939761164179	-10306.9609375000	0.0000000000	35.7409848993	3.9692387293
21	20	5460945689865835779	11948823402266708910	5460945689865835779	5693158561397406920	-10306.9716796875	0.0000000000	0.0608645231	0.4042368934
1	19	383973396239497234	4456958143231976993	4456958143231976993	11308370882986279355	-10307.0585937500	0.0000000000	31.6837330091	0.7117904710
5	6	3385796812958382910	9582979206688607472	360519266520981263	2585055867711121010	-10307.2421875000	0.0000000000	18.0362017886	16.1897871271
5	19	3385796812958382910	4456958143231976993	6321739223791580649	10932714349692686758	-10307.4980468750	0.0000000000	18.2920611636	1.1512435960
5	2	3385796812958382910	7604814475627013949	4615992425258152441	7955091038478619397	-10307.5351562500	0.0000000000	18.3291705386	28.6703553190
7	5	1796989720132837495	3385796812958382910	360519266520981263	16220114162139402698	-10307.7734375000	0.0000000000	16.2681713356	18.5674517886
3	15	4183733511738232621	10889985071537923578	4146165667564902977	13149135507007414564	-10307.8828125000	0.0000000000	25.1598910087	5.3210600088
10	9	754947880694956163	5746666710665073476	3549072675858209780	16310965841825199641	-10307.9951171875	0.0000000000	10.4257518958	11.0671678794
7	18	1796989720132837495	4102021481620702813	12209180918564997181	15194505308811578448	-10308.3310546875	0.0000000000	16.8257885231	3.9353994102
7	3	1796989720132837495	4183733511738232621	702873708034542725	8410556970881101970	-10309.0566406250	0.0000000000	17.5513744606	26.3337191337
9	16	5746666710665073476	16760675531699762610	3029336945842987313	9169834213157451617	-10309.3496093750	0.0000000000	12.4216600669	6.3579106043
0	24	5874517974390222770	16916071204564990963	12484712687537895336	16916071204564990963	-10309.3779296875	0.0000000000	38.1579770868	0.0868003414
10	3	754947880694956163	4183733511738232621	10007067703246119476	14808911646225309253	-10309.6201171875	0.0000000000	12.0507518958	26.8971956962
18	12	4102021481620702813	14394349440709765673	5742617797076864745	14481876278279246761	-10309.6298828125	0.0000000000	5.2342275352	10.8311894092
15	16	10889985071537923578	16760675531699762610	2148102432008351326	10545806941637823075	-10309.6845703125	0.0000000000	7.1228178213	6.6928715418
0	20	5874517974390222770	11948823402266708910	1991361292144725802	17507941573658158819	-10309.7412109375	0.0000000000	38.5212583368	3.1737681434
11	13	3001278052383147661	15062700894552547369	5036987305603783259	15574882977108624393	-10309.8398437500	0.0000000000	11.7597238871	9.6622166794
8	4	1839343803567254752	9024492492365768215	2558506739880765601	6563756155097192718	-10309.9580078125	0.0000000000	16.4921120845	23.2219090219
3	12	4183733511738232621	14394349440709765673	1955290568819705543	13834246047632498574	-10310.2509765625	0.0000000000	27.5280550712	11.4522831592
14	4	1968597673214381706	9024492492365768215	8020996653123421828	17425900504480832804	-10310.3212890625	0.0000000000	8.0926918706	23.5851902719
8	5	1839343803567254752	3385796812958382910	1508926512777951881	14766465853607259460	-10310.3857421875	0.0000000000	16.9198464595	21.1797564761
25	16	15842488174011736914	16760675531699762610	5564974261669941081	15842488174011736914	-10310.5820312500	0.0000000000	0.7423929054	7.5903324793
23	26	6253649888491474579	6939462828963091689	1592297905683543697	6939462828963091689	-10311.0263671875	0.0000000000	1.8321357462	0.1841179057
0	23	5874517974390222770	6253649888491474579	1592297905683543697	9594181714585229214	-10311.1757812500	0.0000000000	39.9558286493	1.9815498087
22	4	8084408184248863152	9024492492365768215	5030739785222430971	13896897554150910754	-10311.3876953125	0.0000000000	2.4928088437	24.6515965219
21	0	5460945689865835779	5874517974390222770	11539287080150351231	14876581586084092827	-10311.3935546875	0.0000000000	4.4827395231	40.1736020868
1	7	383973396239497234	1796989720132837495	10194332135806994248	16341408290435836483	-10311.6025390625	0.0000000000	36.2276783216	20.0972728981
7	2	1796989720132837495	7604814475627013949	3583090506236355843	17353617385410221111	-10311.9404296875	0.0000000000	20.4351635231	33.0756287565
5	3	3385796812958382910	4183733511738232621	7382204057881485374	16507437521970638284	-10312.1669921875	0.0000000000	22.9610064761	29.4440706962
21	23	5460945689865835779	6253649888491474579	6094177854640419181	17122307827243989737	-10312.2363281250	0.0000000000	5.3255129606	3.0420966837
3	9	4183733511738232621	5746666710665073476	3274082495135595091	6948721043026105406	-10312.4287109375	0.0000000000	29.7057894462	15.5007616294
5	28	3385796812958382910	7678506972583948757	3710551645780242856	11127688783396249702	-10312.4287109375	0.0000000000	23.2227252261	0.7428885948
28	27	7678506972583948757	11944859071411479555	2852388311967251583	7678506972583948757	-10312.4423828125	0.0000000000	0.7565604698	0.9904941368
29	0	2333186330148494937	5874517974390222770	2333186330148494937	4369676671076469573	-10312.8535156250	0.0000000000	0.0703794744	41.6335630243
12	16	14394349440709765673	16760675531699762610	8928729862614828490	14573813997206337077	-10313.0058593750	0.0000000000	14.2071659717	10.0141606043
1	28	383973396239497234	7678506972583948757	903408985049783880	17353844898301284572	-10313.0468750000	0.0000000000	37.6720142591	1.3610526573
1	6	383973396239497234	9582979206688607472	3366849997144482437	14671839046142794148	-10313.0556640625	0.0000000000	37.6808033216	22.0032636896
3	6	4183733511738232621	9582979206688607472	7075795614298389892	7381556417206010914	-10313.1660156250	0.0000000000	30.4430941337	22.1136152521
1	30	383973396239497234	12275435012016799356	8916539388797016977	12275435012016799356	-10313.2509765625	0.0000000000	37.8761158216	0.2830279652
15	12	10889985071537923578	14394349440709765673	8928729862614828490	15189353144650912033	-10313.4824218750	0.0000000000	10.9206693838	14.6837284717
0	25	5874517974390222770	15842488174011736914	8876403691493332216	17074346225234670920	-10313.6093750000	0.0000000000	42.3894223993	3.7697366554
8	13	1839343803567254752	15062700894552547369	2194608969132453663	8913022492714207996	-10313.6630859375	0.0000000000	20.1971902095	13.4854588669
21	26	5460945689865835779	6939462828963091689	1699801803914175783	6094177854640419181	-10313.9101562500	0.0000000000	6.9993410856	3.0679069682
14	12	1968597673214381706	14394349440709765673	2179280447804077326	16551665879262171157	-10314.1015625000	0.0000000000	11.8729653081	15.3028690967
9	30	5746666710665073476	12275435012016799356	8705134679232152996	12275435012016799356	-10314.1318359375	0.0000000000	17.2038866294	1.1638873402
19	27	4456958143231976993	11944859071411479555	2852388311967251583	12000500147016635162	-10314.2041015625	0.0000000000	7.8572982835	2.7522128868
22	31	8084408184248863152	8677021675660175084	3610408380820952252	8677021675660175084	-10314.4111328125	0.0000000000	5.5162463437	1.4100560795
23	22	6253649888491474579	8084408184248863152	9738697396789447490	12478493827584449418	-10314.4541015625	0.0000000000	5.2598701212	5.5592150937
4	32	9024492492365768215	17721363126477514040	14451154350429528131	17721363126477514040	-10314.4912109375	0.0000000000	27.7551121469	0.3044323431
3	32	4183733511738232621	17721363126477514040	13974582918463949459	17721363126477514040	-10314.6298828125	0.0000000000	31.9069613212	0.4431042181
0	26	5874517974390222770	6939462828963091689	6939462828963091689	7877398907007351161	-10314.6562500000	0.0000000000	43.4362973993	3.8140007182
0	33	5874517974390222770	16861076980183817118	15257975316488787585	16861076980183817118	-10314.6591796875	0.0000000000	43.4392270868	0.0945652042
8	0	1839343803567254752	5874517974390222770	5144168801125685455	7386891892188423197	-10314.7890625000	0.0000000000	21.3231667720	43.5691098993
5	27	3385796812958382910	11944859071411479555	6513520759260584368	8198318861508974168	-10314.8759765625	0.0000000000	25.6699908511	3.4240878868
26	20	6939462828963091689	11948823402266708910	1699801803914175783	4244790296607337589	-10314.9082031250	0.0000000000	4.0659538432	8.3407603309
10	6	754947880694956163	9582979206688607472	3549072675858209780	5966785331015517911	-10314.9238281250	0.0000000000	17.3544628333	23.8714277521
7	22	1796989720132837495	8084408184248863152	3607228885281067219	4741152508034851799	-10315.0898437500	0.0000000000	23.5845775856	6.1949572812
11	16	3001278052383147661	16760675531699762610	11611790919094496854	13602874023313393767	-10315.2177734375	0.0000000000	17.1376535746	12.2260746668
3	34	4183733511738232621	5380568022192713325	2213342671243946429	5380568022192713325	-10315.3134765625	0.0000000000	32.5905550712	0.1846394347
0	30	5874517974390222770	12275435012016799356	6393510113105935527	12859976477962399443	-10315.4570312500	0.0000000000	44.2370786493	2.4890826527
31	4	8677021675660175084	9024492492365768215	6312376031872610666	10036141540596356332	-10315.5947265625	0.0000000000	2.5936498295	28.8586277719
0	22	5874517974390222770	8084408184248863152	16648486632712284400	17582327251996621108	-10315.6738281250	0.0000000000	44.4538755243	6.7789416562
34	2	5380568022192713325	7604814475627013949	667430602294371817	5380568022192713325	-10315.8359375000	0.0000000000	0.7071003722	36.9711365690
29	28	2333186330148494937	7678506972583948757	1584132536999041218	8841059456295703730	-10316.0087890625	0.0000000000	3.2256529119	4.3229667198
18	4	4102021481620702813	9024492492365768215	528106552976520671	5334260717157497018	-10316.1962890625	0.0000000000	11.8006337852	29.4601902719
29	27	2333186330148494937	11944859071411479555	2846536931147228094	8488543503869030433	-10316.4697265625	0.0000000000	3.6865904119	5.0178378868
15	32	10889985071537923578	17721363126477514040	17721363126477514040	18104489381425184366	-10316.5595703125	0.0000000000	13.9978178213	2.3727917181
20	24	11948823402266708910	16916071204564990963	10431684409439104424	15490732375439324048	-10316.7080078125	0.0000000000	10.1405650184	7.4168784664
2	22	7604814475627013949	8084408184248863152	11960438271997439226	15139456834987246371	-10316.9394531250	0.0000000000	38.0746521940	8.0445666562
4	30	9024492492365768215	12275435012016799356	3880419592405157052	12275435012016799356	-10316.9423828125	0.0000000000	30.2062840219	3.9744342152
1	27	383973396239497234	11944859071411479555	3955523078184127852	7551202072747029573	-10317.2021484375	0.0000000000	41.8272876966	5.7502597618
9	15	5746666710665073476	10889985071537923578	14288421436411100838	16944436549881329929	-10317.2675781250	0.0000000000	20.3396288169	14.7058256338
6	12	9582979206688607472	14394349440709765673	8882386297315290	14411435279465920860	-10317.3349609375	0.0000000000	26.2825605646	18.5362675342
22	12	8084408184248863152	14394349440709765673	7047244074225308552	14609942004515671365	-10317.4365234375	0.0000000000	8.5416369687	18.6378300342
10	2	754947880694956163	7604814475627013949	1724106014174764789	16089626083373910566	-10317.4873046875	0.0000000000	19.9179393958	38.6225037565
36	25	6581859286858331108	15842488174011736914	6581859286858331108	8908692438721352069	-10317.6044921875	0.0000000000	0.4879491477	7.7648538429
22	6	8084408184248863152	9582979206688607472	3685127293784034330	14651780045796801266	-10317.6298828125	0.0000000000	8.7349963437	26.5774824396
9	13	5746666710665073476	15062700894552547369	3955628593259705410	12410227753759386420	-10317.7197265625	0.0000000000	20.7917772544	17.5420994919
13	16	15062700894552547369	16760675531699762610	10582729852449353767	12410227753759386420	-10317.7197265625	0.0000000000	17.5420994919	14.7280277918
13	33	15062700894552547369	16861076980183817118	5557969525240744757	16790986003079883810	-10317.8271484375	0.0000000000	17.6495213669	3.2625339542
26	4	6939462828963091689	9024492492365768215	1296831346449376873	11959985323864592120	-10317.9316406250	0.0000000000	7.0893913432	31.1955418344
0	31	5874517974390222770	8677021675660175084	11284024349579484032	17156642012294598345	-10318.1240234375	0.0000000000	46.9040708368	5.1229467045
34	0	5380568022192713325	5874517974390222770	5380568022192713325	16602113734051817044	-10318.1738281250	0.0000000000	3.0449909972	46.9538755243
35	29	384338114271739224	2333186330148494937	1943387834073557559	4530553820426017450	-10318.2392578125	0.0000000000	1.2577994829	5.4561216619
5	15	3385796812958382910	10889985071537923578	4830314086532833800	12801634019375028905	-10318.3076171875	0.0000000000	29.1016314761	15.7458646963
8	30	1839343803567254752	12275435012016799356	6393510113105935527	8457032689538805056	-10318.4033203125	0.0000000000	24.9374245845	5.4353717152
5	24	3385796812958382910	16916071204564990963	11217455669928384035	15462128387523568649	-10318.7578125000	0.0000000000	29.5518267886	9.4666831539
29	24	2333186330148494937	16916071204564990963	11217455669928384035	11483368832350484636	-10318.7578125000	0.0000000000	5.9746763494	9.4666831539
9	23	5746666710665073476	6253649888491474579	626273467428549599	2746784622182665084	-10318.8769531250	0.0000000000	21.9490038169	9.6827216837
35	0	384338114271739224	5874517974390222770	761393822629792412	1943387834073557559	-10318.9003906250	0.0000000000	1.9189322954	47.6804380243
23	4	6253649888491474579	9024492492365768215	6892699008697210054	15670669357131117089	-10318.9433593750	0.0000000000	9.7491279337	32.2072605844
22	17	8084408184248863152	12019777639744586537	1622277640955726082	2331870537896307595	-10318.9941406250	0.0000000000	10.0992541562	14.8279795217
36	15	6581859286858331108	10889985071537923578	5622561413159391779	15460722415044654627	-10319.1201171875	0.0000000000	2.0035741477	16.5583646963
29	19	2333186330148494937	4456958143231976993	12211348593146257888	12479486263882691468	-10319.3769531250	0.0000000000	6.5938169744	13.0301498460
35	21	384338114271739224	5460945689865835779	384338114271739224	10464014252377264742	-10319.4306640625	0.0000000000	2.4492057329	12.5198488981
19	0	4456958143231976993	5874517974390222770	3001677640900384758	5551532579315975668	-10319.4755859375	0.0000000000	13.1287826585	48.2556333368
18	0	4102021481620702813	5874517974390222770	4599147276906193731	6595495377050017487	-10319.4970703125	0.0000000000	15.1014150352	48.2771177118
23	31	6253649888491474579	8677021675660175084	1008637143481913997	9717007344197519899	-10319.5615234375	0.0000000000	10.3672919962	6.5604467045
2	12	7604814475627013949	14394349440709765673	10950742137812206212	15192290107373153494	-10319.6152343750	0.0000000000	40.7504334440	20.8165409717
29	5	2333186330148494937	3385796812958382910	552494486081450191	3572166967976424838	-10319.8095703125	0.0000000000	7.0264341619	30.6035846011
9	33	5746666710665073476	16861076980183817118	304872347402377254	15505756673015065248	-10320.1298828125	0.0000000000	23.2019335044	5.5652683292
0	36	5874517974390222770	6581859286858331108	14481653317095389233	16737210749957568051	-10320.1796875000	0.0000000000	48.9597348993	3.0631444602
1	33	383973396239497234	16861076980183817118	4630471165144373757	10648802061577287314	-10320.2343750000	0.0000000000	44.8595142591	5.6697605167
29	22	2333186330148494937	8084408184248863152	10349326526160062715	14844517075550784882	-10320.2441406250	0.0000000000	7.4610044744	11.3492541562
35	20	384338114271739224	11948823402266708910	1943387834073557559	12951082727882072843	-10320.3583984375	0.0000000000	3.3769401079	13.7909556434
9	22	5746666710665073476	8084408184248863152	6270878620528104678	9298443042228601181	-10320.3779296875	0.0000000000	23.4499803794	11.4830432187
31	12	8677021675660175084	14394349440709765673	1421696378847231278	10884791073155444798	-10320.5341796875	0.0000000000	7.5331029545	21.7354862842
23	20	6253649888491474579	11948823402266708910	10066166166912311260	15145564282179211013	-10320.5947265625	0.0000000000	11.4004951212	14.0272837684
36	4	6581859286858331108	9024492492365768215	12917474835453062582	13858841571344294947	-10320.7841796875	0.0000000000	3.6676366477	34.0480808969
2	15	7604814475627013949	10889985071537923578	7843440326733951153	10904310580173616327	-10320.9765625000	0.0000000000	42.1117615690	18.4148100088
23	17	6253649888491474579	12019777639744586537	4850103749251812483	6554227348211290752	-10320.9921875000	0.0000000000	11.7979560587	16.8260263967
1	36	383973396239497234	6581859286858331108	7619152490295549609	14481653317095389233	-10321.0166015625	0.0000000000	45.6417408216	3.9000585227
29	20	2333186330148494937	11948823402266708910	4187358472655448808	5499475047777048790	-10321.0507812500	0.0000000000	8.2676450994	14.4833384559
1	15	383973396239497234	10889985071537923578	2840270946482538946	12562872406747050170	-10321.0585937500	0.0000000000	45.6837330091	18.4968412588
15	25	10889985071537923578	15842488174011736914	6007975851699090851	15466640667760269171	-10321.0761718750	0.0000000000	18.5144193838	11.2365335304
16	33	16760675531699762610	16861076980183817118	3998435326503322181	6102163847145407738	-10321.3027343750	0.0000000000	18.3110356043	6.7381198917
19	24	4456958143231976993	16916071204564990963	5551532579315975668	12626875735239375234	-10321.4443359375	0.0000000000	15.0975326585	12.1532065914
18	3	4102021481620702813	4183733511738232621	7064869193148188209	18019487839519325296	-10321.5380859375	0.0000000000	17.1424306602	38.8151644462
14	16	1968597673214381706	16760675531699762610	7980451285735893240	12493074167916846488	-10321.6630859375	0.0000000000	19.4344887456	18.6713871668
36	2	6581859286858331108	7604814475627013949	4330783761479250435	11085823008509118729	-10321.7011718750	0.0000000000	4.5846288352	42.8363709440
21	24	5460945689865835779	16916071204564990963	8304049912005380346	13900203315245805856	-10321.7460937500	0.0000000000	14.8352785856	12.4549644039
3	16	4183733511738232621	16760675531699762610	14237279188843437316	15646189704084083215	-10321.8583984375	0.0000000000	39.1354769462	18.8666996668
31	17	8677021675660175084	12019777639744586537	13349416345666954491	15765109107815962235	-10321.8798828125	0.0000000000	8.8788060795	17.7137217092
9	31	5746666710665073476	8677021675660175084	1421696378847231278	16254219376969216768	-10321.8964843750	0.0000000000	24.9685350669	8.8954076420
3	13	4183733511738232621	15062700894552547369	10316656102816022405	10704180597454921410	-10321.9013671875	0.0000000000	39.1784456962	21.7237401169
4	27	9024492492365768215	11944859071411479555	2846536931147228094	12819666086495588898	-10321.9570312500	0.0000000000	35.2209324594	10.5051425743
1	38	383973396239497234	14425606513275351767	1881678955282030305	14425606513275351767	-10321.9580078125	0.0000000000	46.5831470716	0.0852939099
35	22	384338114271739224	8084408184248863152	384338114271739224	14895819418597721889	-10321.9892578125	0.0000000000	5.0077994829	13.0943713437
6	30	9582979206688607472	12275435012016799356	3146977492727361043	16105218153107659969	-10322.0175781250	0.0000000000	30.9651777521	9.0496295277
26	27	6939462828963091689	11944859071411479555	1135166261853290285	9891474085159906834	-10322.1035156250	0.0000000000	11.2612663432	10.6516269493
1	29	383973396239497234	2333186330148494937	18063184263767024287	18211740203550956442	-10322.1054687500	0.0000000000	46.7306080091	9.3223325994
5	18	3385796812958382910	4102021481620702813	7446886774637582220	15009478146025987357	-10322.2773437500	0.0000000000	33.0713580386	17.8816884727
0	15	5874517974390222770	10889985071537923578	5762467476587559381	17719089707652364662	-10322.3505859375	0.0000000000	51.1306333368	19.7888334463
20	39	11948823402266708910	12448359132345075491	12448359132345075491	12981596568591855613	-10322.4208984375	0.0000000000	15.8534556434	0.2423479740
5	40	3385796812958382910	16535145090002969504	13551380526566746098	16535145090002969504	-10322.4218750000	0.0000000000	33.2158892886	0.1635675609
18	9	4102021481620702813	5746666710665073476	289117321901836517	15726453052492261478	-10322.4218750000	0.0000000000	18.0262197227	25.4939256919
0	40	5874517974390222770	16535145090002969504	16012374646814504486	16535145090002969504	-10322.5966796875	0.0000000000	51.3767270868	0.3383722484
4	16	9024492492365768215	16760675531699762610	5723530986496251202	7509969354520685047	-10322.5966796875	0.0000000000	35.8605808969	19.6049809168
1	37	383973396239497234	14993917302309667038	7086932458481734802	14993917302309667038	-10322.6542968750	0.0000000000	47.2794361341	1.8431181514
0	32	5874517974390222770	17721363126477514040	5055112249619379842	14864480739102075536	-10322.6835937500	0.0000000000	51.4636411493	8.4968151556
18	32	4102021481620702813	17721363126477514040	5329390137916650372	15791897750830676183	-10322.7001953125	0.0000000000	18.3045400352	8.5134167181
7	16	1796989720132837495	16760675531699762610	5976470510990309573	15182995242078362594	-10322.7177734375	0.0000000000	31.2125072731	19.7260746668
0	28	5874517974390222770	7678506972583948757	12107639401100617982	15427990756629636059	-10322.8359375000	0.0000000000	51.6159848993	11.1501151573
1	20	383973396239497234	11948823402266708910	13221881614366028192	13675402028336401100	-10322.8867187500	0.0000000000	47.5118580091	16.3192759559
9	39	5746666710665073476	12448359132345075491	2510296853843120093	12448359132345075491	-10323.0273437500	0.0000000000	26.0993944419	0.8487932865
28	4	7678506972583948757	9024492492365768215	7598174298849406829	12576172397069395444	-10323.0595703125	0.0000000000	11.3737479698	36.3234715219
11	15	3001278052383147661	10889985071537923578	7637549964801457327	15046467760078381251	-10323.0849609375	0.0000000000	25.0048410746	20.5232084463
19	38	4456958143231976993	14425606513275351767	14425606513275351767	16449797115496804659	-10323.1474609375	0.0000000000	16.8006576585	1.2747470349
5	38	3385796812958382910	14425606513275351767	11214432143136189851	12821780802061425450	-10323.3066406250	0.0000000000	34.1006549136	1.4339267224
5	12	3385796812958382910	14394349440709765673	2357047715682894096	10248072098109772920	-10323.3994140625	0.0000000000	34.1934283511	24.6007206592
1	35	383973396239497234	384338114271739224	3817734302686544008	4735003311464826162	-10323.4746093750	0.0000000000	48.0997486341	6.4931510454
0	38	5874517974390222770	14425606513275351767	13050052208701584382	14425606513275351767	-10323.5400390625	0.0000000000	52.3200864618	1.6673251599
1	21	383973396239497234	5460945689865835779	1789855827020926382	12096714934052034784	-10323.6806640625	0.0000000000	48.3058033216	16.7698488981
10	4	754947880694956163	9024492492365768215	5441178267866564247	18430338003725704087	-10323.8056640625	0.0000000000	26.2362987708	37.0695652719
5	41	3385796812958382910	10108700564787259822	9716390094597389669	10108700564787259822	-10323.8222656250	0.0000000000	34.6162799136	0.2832375296
18	36	4102021481620702813	6581859286858331108	2491098199112274042	12700149981504397477	-10323.8662109375	0.0000000000	19.4705556602	6.7496678977
35	19	384338114271739224	4456958143231976993	589480933744656291	13094723795574876849	-10324.0224609375	0.0000000000	7.0410026079	17.6756576585
7	41	1796989720132837495	10108700564787259822	10108700564787259822	13874839258367428116	-10324.0253906250	0.0000000000	32.5201244606	0.4863625296
34	4	5380568022192713325	9024492492365768215	6611386670680447831	17232568084794775179	-10324.0498046875	0.0000000000	8.9209675597	37.3137058969
29	38	2333186330148494937	14425606513275351767	206433646619711234	14425606513275351767	-10324.1269531250	0.0000000000	11.3438169744	2.2542392224
19	2	4456958143231976993	7604814475627013949	7907058712930693529	17991746724569956163	-10324.3505859375	0.0000000000	18.0037826585	45.4857850065
27	20	11944859071411479555	11948823402266708910	3543991349947488754	11622992002585030405	-10324.3730468750	0.0000000000	12.9211581993	17.8056040809
8	15	1839343803567254752	10889985071537923578	2171842467456607723	18325407807379249823	-10324.5468750000	0.0000000000	31.0809792720	21.9851225088
3	36	4183733511738232621	6581859286858331108	11141044615546483452	14132790739452173354	-10324.5966796875	0.0000000000	41.8737581962	7.4801366477
3	17	4183733511738232621	12019777639744586537	16369603913032493644	17580350921350678140	-10324.6289062500	0.0000000000	41.9059847587	20.4627451467
21	22	5460945689865835779	8084408184248863152	2427268736707826857	10464014252377264742	-10324.6484375000	0.0000000000	17.7376223356	15.7535510312
4	17	9024492492365768215	12019777639744586537	15395402450501280181	16337649918048427448	-10324.6513671875	0.0000000000	37.9152683969	20.4852060842
0	37	5874517974390222770	14993917302309667038	1295816541847312139	2513814270985655341	-10324.7304687500	0.0000000000	53.5105161493	3.9192900264
5	30	3385796812958382910	12275435012016799356	4918948120339640836	15346219091277437333	-10324.8632812500	0.0000000000	35.6572955386	11.8953326527
0	41	5874517974390222770	10108700564787259822	4261999124968015137	10108700564787259822	-10325.0703125000	0.0000000000	53.8503598993	1.5312844046
21	27	5460945689865835779	11944859071411479555	1789855827020926382	14048481592628599068	-10325.0996093750	0.0000000000	18.1887942106	13.6477206993
8	6	1839343803567254752	9582979206688607472	9703071753162026830	15559032404892314417	-10325.1865234375	0.0000000000	31.7206277095	34.1341230646
19	4	4456958143231976993	9024492492365768215	3342995999820616521	12211348593146257888	-10325.1933593750	0.0000000000	18.8465560960	38.4572605844
9	25	5746666710665073476	15842488174011736914	12499471548519630039	15327584089590904562	-10325.2734375000	0.0000000000	28.3454881919	15.4337991554
5	36	3385796812958382910	6581859286858331108	4436222032402136662	5735063639483703072	-10325.3701171875	0.0000000000	36.1641314761	8.2535741477
7	15	1796989720132837495	10889985071537923578	15547878121758495956	16490795722039542457	-10325.5703125000	0.0000000000	34.0650463356	23.0085600088
0	27	5874517974390222770	11944859071411479555	5667107409201269978	7374144956376341114	-10325.6054687500	0.0000000000	54.3855161493	14.1535800743
1	16	383973396239497234	16760675531699762610	4411893515394719248	17231816457084335177	-10325.6279296875	0.0000000000	50.2530689466	22.6362309168
5	37	3385796812958382910	14993917302309667038	7012238237919463652	10669797280462778106	-10325.7031250000	0.0000000000	36.4971392886	4.8919462764
4	25	9024492492365768215	15842488174011736914	8129607326273779493	18405417980467550845	-10325.7519531250	0.0000000000	39.0158543344	15.9123147804
3	22	4183733511738232621	8084408184248863152	8023302310756765536	16516681188425929259	-10325.7695312500	0.0000000000	43.0466097587	16.8746447812
5	13	3385796812958382910	15062700894552547369	1481515109052962961	5692593467454066036	-10325.8232421875	0.0000000000	36.6172564761	25.6456151169
10	33	754947880694956163	16861076980183817118	620334107903018530	16378007052105759063	-10325.8330078125	0.0000000000	28.2636425208	11.2683933292
18	25	4102021481620702813	15842488174011736914	1884666133439250486	12913603500845756245	-10326.2626953125	0.0000000000	21.8670400352	16.4230569679
1	22	383973396239497234	8084408184248863152	10676364895138028181	12249327344992809397	-10326.2802734375	0.0000000000	50.9054126966	17.3853869687
5	33	3385796812958382910	16861076980183817118	7847359374416717643	10270271673351911974	-10326.2958984375	0.0000000000	37.0899127261	11.7312839542
19	21	4456958143231976993	5460945689865835779	182537470151915069	7602437706383077306	-10326.3574218750	0.0000000000	20.0106185960	19.4466067106
8	27	1839343803567254752	11944859071411479555	670429865092416008	8080906485475248253	-10326.3623046875	0.0000000000	32.8964089595	14.9104160118
19	20	4456958143231976993	11948823402266708910	9983666594253600539	16850380240855827533	-10326.5419921875	0.0000000000	20.1951889085	19.9745493934
23	6	6253649888491474579	9582979206688607472	3539041632721714210	4180176319469902016	-10326.5830078125	0.0000000000	17.3887763712	35.5306074396
1	17	383973396239497234	12019777639744586537	2525047287987290404	9435198940552304314	-10326.5898437500	0.0000000000	51.2149830091	22.4236826467
42	0	2227060936785475869	5874517974390222770	2227060936785475869	11848853808637752997	-10326.6767578125	0.0000000000	0.2997047386	55.4568052118
7	30	1796989720132837495	12275435012016799356	4968556146471883877	10894529180774190823	-10326.7021484375	0.0000000000	35.1968822731	13.7341998402
8	9	1839343803567254752	5746666710665073476	8105512918880362760	15234471133732874189	-10326.7207031250	0.0000000000	33.2548073970	29.7927538169
25	32	15842488174011736914	17721363126477514040	5736452199118826608	15710858291918679446	-10326.8388671875	0.0000000000	16.9992288429	12.6520885931
30	33	12275435012016799356	16861076980183817118	14731550385044554625	15284575535023579956	-10326.8437500000	0.0000000000	13.8758014027	12.2791355167
1	12	383973396239497234	14394349440709765673	2357047715682894096	5625149635985605160	-10326.8906250000	0.0000000000	51.5157642591	28.0919315967
22	30	8084408184248863152	12275435012016799356	2093236653202085959	16134000343178187448	-10326.9677734375	0.0000000000	18.0728869687	13.9998248402
2	25	7604814475627013949	15842488174011736914	2581778748896415122	9599827454659229838	-10327.0556640625	0.0000000000	48.1908631315	17.2160257179
6	15	9582979206688607472	10889985071537923578	1128876323768565945	12350264822376395220	-10327.1210937500	0.0000000000	36.0686933771	24.5593412588
0	44	5874517974390222770	6743523441069707817	6743523441069707817	17841485344607397425	-10327.2031250000	0.0000000000	55.9831723993	0.4767413623
14	15	1968597673214381706	10889985071537923578	7673988755865291430	14459993593006533416	-10327.2646484375	0.0000000000	25.0360512456	24.7028959463
14	18	1968597673214381706	4102021481620702813	7673988755865291430	8806121894317594199	-10327.2646484375	0.0000000000	25.0360512456	22.8689931602
16	32	16760675531699762610	17721363126477514040	6902488617885872604	12560406121841828698	-10327.3242187500	0.0000000000	24.3325199793	13.1374401556
44	13	6743523441069707817	15062700894552547369	6743523441069707817	11257441605110699048	-10327.3447265625	0.0000000000	0.6183429248	27.1670994919
35	27	384338114271739224	11944859071411479555	11015352145560369917	12554906362782362823	-10327.4394531250	0.0000000000	10.4579947954	15.9875644493
18	22	4102021481620702813	8084408184248863152	15046719729284246769	17374454589239105191	-10327.6123046875	0.0000000000	23.2166494102	18.7174182187
5	22	3385796812958382910	8084408184248863152	2257313146374935244	9407304733733222569	-10327.7490234375	0.0000000000	38.5430377261	18.8541369687
1	18	383973396239497234	4102021481620702813	4956720316319822424	16221213632096063237	-10327.7587890625	0.0000000000	52.3839283216	23.3631337852
7	23	1796989720132837495	6253649888491474579	10026700149757363720	13904705453870573648	-10327.8056640625	0.0000000000	36.3003978981	18.6114326212
1	40	383973396239497234	16535145090002969504	12739381246441011155	15028823218254891548	-10327.8251953125	0.0000000000	52.4503345716	5.5668878734
41	40	10108700564787259822	16535145090002969504	11166705622777038938	15028823218254891548	-10327.8251953125	0.0000000000	4.2861672171	5.5668878734
2	16	7604814475627013949	16760675531699762610	6175254944496998229	10898675319257987408	-10327.8330078125	0.0000000000	48.9682068815	24.8413090418
22	20	8084408184248863152	11948823402266708910	2320158904915530241	2427268736707826857	-10327.8828125000	0.0000000000	18.9879260312	21.3153697059
0	39	5874517974390222770	12448359132345075491	3716451216035153037	9527402573978880059	-10327.9111328125	0.0000000000	56.6911802118	5.7325823490
1	11	383973396239497234	3001278052383147661	8211032375601971984	10502529069260596182	-10328.1738281250	0.0000000000	52.7989673841	30.0937082621
18	33	4102021481620702813	16861076980183817118	280939132674334348	9568614496459132174	-10328.2480468750	0.0000000000	23.8523915977	13.6834323917
22	15	8084408184248863152	10889985071537923578	9191928315015437399	16733863300775189865	-10328.2783203125	0.0000000000	19.3834338437	25.7165678213
5	16	3385796812958382910	16760675531699762610	8354589418956025108	11680001863505230827	-10328.3125000000	0.0000000000	39.1065142886	25.3208012293
43	33	1773230080302454734	16861076980183817118	4268184558917519304	8021840793466819834	-10328.3369140625	0.0000000000	1.8547184133	13.7722995792
11	25	3001278052383147661	15842488174011736914	6813663703584563132	10058276630148476718	-10328.3525390625	0.0000000000	30.2724191996	18.5129007179
15	13	10889985071537923578	15062700894552547369	11330661280990087720	18052314722318981764	-10328.4365234375	0.0000000000	25.8747709463	28.2588963669
21	6	5460945689865835779	9582979206688607472	1444393669680386551	3568467497905826073	-10328.5527343750	0.0000000000	21.6419192106	37.5003340021
4	40	9024492492365768215	16535145090002969504	16419900441450128991	17486643729593626342	-10328.5712890625	0.0000000000	41.8351902719	6.3129816234
1	9	383973396239497234	5746666710665073476	21609343677551034	5625149635985605160	-10328.5986328125	0.0000000000	53.2237720716	31.6706835044
23	2	6253649888491474579	7604814475627013949	1025572946859771469	10181936166883451560	-10328.7167968750	0.0000000000	19.5225654337	49.8519959440
12	32	14394349440709765673	17721363126477514040	6643687940413089970	17002108167084356987	-10328.7236328125	0.0000000000	29.9249394092	14.5368542181
34	22	5380568022192713325	8084408184248863152	2158379723441195844	15996908211736938077	-10328.8291015625	0.0000000000	13.7002644347	19.9342150937
7	29	1796989720132837495	2333186330148494937	2682267929227444361	13319802392163922699	-10328.8486328125	0.0000000000	37.3433666481	16.0654966619
29	6	2333186330148494937	9582979206688607472	13319802392163922699	14661916232383819031	-10328.8486328125	0.0000000000	16.0654966619	37.7962324396
26	6	6939462828963091689	9582979206688607472	3539041632721714210	3669389753642047943	-10329.0029296875	0.0000000000	18.1606804057	37.9505293146
36	37	6581859286858331108	14993917302309667038	2513814270985655341	4339906166759199429	-10329.0292968750	0.0000000000	11.9127538352	8.2181181514
26	22	6939462828963091689	8084408184248863152	8173396600100310159	18130447480888840353	-10329.0390625000	0.0000000000	18.1968132182	20.1441760312
46	45	9988977233721128909	10526932698018637905	9988977233721128909	15195490090754624086	-10329.1611328125	0.0000000000	0.1167415234	0.6266174042
29	4	2333186330148494937	9024492492365768215	9632777299303432682	10116201861369355097	-10329.1787109375	0.0000000000	16.3955747869	42.4426121469
23	45	6253649888491474579	10526932698018637905	10153461739147373640	10526932698018637905	-10329.2392578125	0.0000000000	20.0450263712	0.7047424042
9	20	5746666710665073476	11948823402266708910	919845520434260142	11596465870094617178	-10329.2617187500	0.0000000000	32.3337694419	22.6942759559
34	31	5380568022192713325	8677021675660175084	1516506749301723389	2158379723441195844	-10329.4648437500	0.0000000000	14.3360066222	16.4637670170
14	5	1968597673214381706	3385796812958382910	3065935022709644753	12193263842095123044	-10329.5097656250	0.0000000000	27.2811684331	40.3037799136
9	26	5746666710665073476	6939462828963091689	9354836267645503558	15466750707686346532	-10329.5937500000	0.0000000000	32.6658006919	18.7515007182
29	21	2333186330148494937	5460945689865835779	14063114672976254922	18247974896824648852	-10329.6972656250	0.0000000000	16.9141294744	22.7864504606
7	8	1796989720132837495	1839343803567254752	8937010981712252321	11862998084524751293	-10329.8466796875	0.0000000000	38.3414135231	36.3807839595
30	12	12275435012016799356	14394349440709765673	2261078572093791008	4968556146471883877	-10329.8681640625	0.0000000000	16.9002154652	31.0694706592
23	12	6253649888491474579	14394349440709765673	3637324337227636759	8539042722016083052	-10329.9267578125	0.0000000000	20.7325263712	31.1280644092
21	9	5460945689865835779	5746666710665073476	12147234603040831908	15135411155113600419	-10330.0615234375	0.0000000000	23.1507082731	33.1335741294
43	20	1773230080302454734	11948823402266708910	4268184558917519304	9798675247725514834	-10330.0800781250	0.0000000000	3.5978824758	23.5126353309
10	5	754947880694956163	3385796812958382910	1520541098580304363	11362980503463398234	-10330.1123046875	0.0000000000	32.5429393958	40.9063189761
22	16	8084408184248863152	16760675531699762610	5015581623411423024	9968229779702223184	-10330.1611328125	0.0000000000	21.2662463437	27.1694340418
7	26	1796989720132837495	6939462828963091689	6821040746354647779	11142257923151673114	-10330.1679687500	0.0000000000	38.6627025856	19.3257194682
18	46	4102021481620702813	9988977233721128909	5462217016773710854	9988977233721128909	-10330.2109375000	0.0000000000	25.8152822227	1.1665462109
30	13	12275435012016799356	15062700894552547369	2618256464297546820	13865692508585910229	-10330.2275390625	0.0000000000	17.2595904652	30.0499119919
36	12	6581859286858331108	14394349440709765673	479128665217083296	7723524955672450166	-10330.3115234375	0.0000000000	13.1949803977	31.5128300342
23	27	6253649888491474579	11944859071411479555	13709099354475624442	17357318960526798366	-10330.3310546875	0.0000000000	21.1368232462	18.8791660118
45	16	10526932698018637905	16760675531699762610	6820907998547675547	10526932698018637905	-10330.3388671875	0.0000000000	1.8043517792	27.3471684168
46	16	9988977233721128909	16760675531699762610	6820907998547675547	9988977233721128909	-10330.3388671875	0.0000000000	1.2944758984	27.3471684168
14	13	1968597673214381706	15062700894552547369	9409454936728639738	12234507274446264325	-10330.5693359375	0.0000000000	28.3407387456	30.3917088669
21	39	5460945689865835779	12448359132345075491	12657636324559405343	15830379316859229231	-10330.7431640625	0.0000000000	23.8323488981	8.5646135990
5	9	3385796812958382910	5746666710665073476	4483476847044359068	11836932316118441896	-10330.8603515625	0.0000000000	41.6543658511	33.9324022544
1	14	383973396239497234	1968597673214381706	10751535787968859006	12937582671774607284	-10330.9179687500	0.0000000000	55.5431080091	28.6893715581
3	23	4183733511738232621	6253649888491474579	4614919539815360829	14873374013526969923	-10331.0546875000	0.0000000000	48.3317660087	21.8604560587
14	2	1968597673214381706	7604814475627013949	3318408949552912542	5741596111462384927	-10331.2148437500	0.0000000000	28.9862465581	52.3500428190
18	6	4102021481620702813	9582979206688607472	14161110842331630411	14349542416567315353	-10331.2304687500	0.0000000000	26.8348134727	40.1780683771
22	45	8084408184248863152	10526932698018637905	484357546111279938	15195490090754624086	-10331.3720703125	0.0000000000	22.4771838437	2.8375549042
19	22	4456958143231976993	8084408184248863152	917747030830162141	14528635491939233076	-10331.5888671875	0.0000000000	25.2420639085	22.6939807187
43	24	1773230080302454734	16916071204564990963	1773230080302454734	11376307653563245889	-10331.7275390625	0.0000000000	5.2453434133	22.4364097164
18	2	4102021481620702813	7604814475627013949	9143035490529040186	13319884611302505602	-10331.8769531250	0.0000000000	27.4812978477	53.0121521940
2	30	7604814475627013949	12275435012016799356	3258383366519330972	11482071744568638372	-10331.9873046875	0.0000000000	53.1225037565	19.0193560902
15	30	10889985071537923578	12275435012016799356	14407059676637576969	17578819448625083819	-10332.2285156250	0.0000000000	29.6667631338	19.2605670277
8	12	1839343803567254752	14394349440709765673	2261078572093791008	9751077274668656142	-10332.3828125000	0.0000000000	38.9169167720	33.5841190967
7	34	1796989720132837495	5380568022192713325	5315314750259395593	8743269137457301737	-10332.4775390625	0.0000000000	40.9722728981	17.3487019347
0	46	5874517974390222770	9988977233721128909	9988977233721128909	16258403149298580181	-10332.5761718750	0.0000000000	61.3562192743	3.5317805859
22	27	8084408184248863152	11944859071411479555	10196447965816082854	13732060352631483076	-10332.7402343750	0.0000000000	23.8453479062	21.2883456993
4	41	9024492492365768215	10108700564787259822	8297535580745054914	11455390428286029699	-10332.7656250000	0.0000000000	46.0295262094	9.2265969046
23	16	6253649888491474579	16760675531699762610	6820907998547675547	9295154672157406532	-10332.8593750000	0.0000000000	23.6651435587	29.8676762293
14	25	1968597673214381706	15842488174011736914	6003574683472082723	16700141626916221370	-10332.9335937500	0.0000000000	30.7049965581	23.0939554054
25	33	15842488174011736914	16861076980183817118	4937466814966323170	11871990678791729439	-10333.0771484375	0.0000000000	23.2375100929	18.5125339542
8	33	1839343803567254752	16861076980183817118	4724236304475256357	7267448745107314939	-10333.3007812500	0.0000000000	39.8348855220	18.7361667667
2	40	7604814475627013949	16535145090002969504	7088795070413596243	12037577229281880473	-10333.3027343750	0.0000000000	54.4379334440	11.0444269359
11	18	3001278052383147661	4102021481620702813	6282931724072436223	15857283093786730110	-10333.4824218750	0.0000000000	35.4023020121	29.0867665977
14	3	1968597673214381706	4183733511738232621	3279142793347043563	17860621853614569473	-10333.5048828125	0.0000000000	31.2762856206	50.7819613212
14	44	1968597673214381706	6743523441069707817	1784892161742937017	4627048982780879985	-10333.5371093750	0.0000000000	31.3085121831	6.8107257373
7	31	1796989720132837495	8677021675660175084	2656135601796910191	15993604487719326058	-10333.5976562500	0.0000000000	42.0923900856	20.5965795170
10	22	754947880694956163	8084408184248863152	10405346186649852121	16775945778961991077	-10333.7265625000	0.0000000000	36.1571972083	24.8316760312
1	25	383973396239497234	15842488174011736914	884308022779212120	12225066418673247407	-10333.7578125000	0.0000000000	58.3829517591	23.9181741554
11	2	3001278052383147661	7604814475627013949	5876296085840259357	14450035352093026484	-10333.9335937500	0.0000000000	35.8534738871	55.0687928190
8	28	1839343803567254752	7678506972583948757	699352757813245246	1632436613646672302	-10333.9873046875	0.0000000000	40.5214089595	22.3014823448
22	39	8084408184248863152	12448359132345075491	11988256658207875236	13435809269169688080	-10334.0693359375	0.0000000000	25.1744494687	11.8907854740
44	16	6743523441069707817	16760675531699762610	4627048982780879985	8842144065915703022	-10334.2216796875	0.0000000000	7.4952960498	31.2299809168
28	22	7678506972583948757	8084408184248863152	3140839871733694295	16828352004688458311	-10334.2519531250	0.0000000000	22.5661307823	25.3570666562
0	45	5874517974390222770	10526932698018637905	7873484001476831094	9823217444361105868	-10334.3857421875	0.0000000000	63.1657895868	5.8512267792
10	39	754947880694956163	12448359132345075491	12830315494215579806	16649893276189637776	-10334.4267578125	0.0000000000	36.8573925208	12.2482073490
47	12	608691779696482770	14394349440709765673	608691779696482770	1690423691340999916	-10334.5517578125	0.0000000000	0.9499448123	35.7530644092
47	0	608691779696482770	5874517974390222770	608691779696482770	9656604932547116794	-10334.5810546875	0.0000000000	0.9792416873	63.3611020868
30	16	12275435012016799356	16760675531699762610	5812995806896279340	14957139782854752410	-10334.6269531250	0.0000000000	21.6590045277	31.6352543543
23	39	6253649888491474579	12448359132345075491	1935347602702192220	10727579299896046956	-10334.6279296875	0.0000000000	25.4336982462	12.4493792240
4	33	9024492492365768215	16861076980183817118	6953949319658225620	7267448745107314939	-10334.6992187500	0.0000000000	47.9631199594	20.1346042667
5	20	3385796812958382910	11948823402266708910	1345680520252773810	16006345949975624083	-10334.7255859375	0.0000000000	45.5196002261	28.1581431434
28	20	7678506972583948757	11948823402266708910	1345680520252773810	17346937272058023059	-10334.7255859375	0.0000000000	23.0397635948	28.1581431434
43	0	1773230080302454734	5874517974390222770	9265404458185047490	15082716799711462650	-10334.8544921875	0.0000000000	8.3722965383	63.6345395868
19	23	4456958143231976993	6253649888491474579	422369710579571166	3339562404945535223	-10335.0087890625	0.0000000000	28.6619857835	25.8145576212
28	38	7678506972583948757	14425606513275351767	3329421352351636321	17784101415197584642	-10335.0244140625	0.0000000000	23.3385917198	13.1517001599
1	10	383973396239497234	754947880694956163	1010941197300714301	3246636422979950594	-10335.1328125000	0.0000000000	59.7579517591	37.5634472083
35	5	384338114271739224	3385796812958382910	7650815834333735118	16197313128789979829	-10335.1328125000	0.0000000000	18.1513541704	45.9268267886
47	41	608691779696482770	10108700564787259822	608691779696482770	16284252201345864869	-10335.2001953125	0.0000000000	1.5983823123	11.6611672171
21	28	5460945689865835779	7678506972583948757	3226932410793626129	11837841812376436969	-10335.2832031250	0.0000000000	28.3723879606	23.5973807823
2	32	7604814475627013949	17721363126477514040	13294262002036088864	17478443852995018938	-10335.2851562500	0.0000000000	56.4203553190	21.0983776556
27	12	11944859071411479555	14394349440709765673	4484505869414036731	13121456649873702608	-10335.3671875000	0.0000000000	23.9152988243	36.5684940967
28	17	7678506972583948757	12019777639744586537	6599660623613667702	8352005465750478062	-10335.5107421875	0.0000000000	23.8249198448	31.3445810842
40	32	16535145090002969504	17721363126477514040	11492136178696942593	14587788925636025186	-10335.5292968750	0.0000000000	13.2709894359	21.3425182806
12	40	14394349440709765673	16535145090002969504	3401392422630053151	12515111817602465181	-10335.5771484375	0.0000000000	36.7784550342	13.3188409984
47	5	608691779696482770	3385796812958382910	608691779696482770	18393356963578232300	-10335.6484375000	0.0000000000	2.0466244998	46.4424517886
28	12	7678506972583948757	14394349440709765673	12490696496107780131	13121456649873702608	-10335.6865234375	0.0000000000	24.0007010948	36.8878300342
44	6	6743523441069707817	9582979206688607472	6880014819723561230	16577616475664973213	-10335.7509765625	0.0000000000	9.0245929248	44.6985761896
34	12	5380568022192713325	14394349440709765673	5315314750259395593	17574223175918532669	-10335.9013671875	0.0000000000	20.7725300597	37.1026737842
43	19	1773230080302454734	4456958143231976993	4590130512860907794	8970754631944779651	-10335.9501953125	0.0000000000	9.4679996633	29.6033920335
3	31	4183733511738232621	8677021675660175084	14611233652269869035	18376208024162390008	-10336.0664062500	0.0000000000	53.3434847587	23.0653295170
37	13	14993917302309667038	15062700894552547369	2796577184880031139	11439615240998415392	-10336.1347656250	0.0000000000	15.3235869014	35.9571385544
15	37	10889985071537923578	14993917302309667038	2156573836873642151	17811194199443313247	-10336.2167968750	0.0000000000	33.6550443838	15.4056181514
30	39	12275435012016799356	12448359132345075491	9350403118711455910	13285521803257556150	-10336.2226562500	0.0000000000	23.2547076527	14.0441057865
2	13	7604814475627013949	15062700894552547369	7965340601041837698	16824925773890972279	-10336.3671875000	0.0000000000	57.5023865690	36.1895604294
9	44	5746666710665073476	6743523441069707817	12244733061678023186	18258420830528107012	-10336.5322265625	0.0000000000	39.6042772544	9.8058429248
47	4	608691779696482770	9024492492365768215	608691779696482770	5449842365592965786	-10336.6191406250	0.0000000000	3.0173276248	49.8830418344
23	28	6253649888491474579	7678506972583948757	1411877100886284114	2596057626591043773	-10336.6923828125	0.0000000000	27.4981513712	25.0065604698
42	9	2227060936785475869	5746666710665073476	309910127122230101	16656341165439889908	-10336.7246093750	0.0000000000	10.3475563011	39.7966600669
31	20	8677021675660175084	11948823402266708910	13737095311515900728	15916040176196709173	-10336.7529296875	0.0000000000	23.7518529545	30.1854868934
19	33	4456958143231976993	16861076980183817118	1742104537295423118	2918838668045385017	-10336.7783203125	0.0000000000	30.4315170335	22.2137058292
20	33	11948823402266708910	16861076980183817118	6334216842896020200	17188023343927353906	-10336.7929687500	0.0000000000	30.2255259559	22.2283542667
43	16	1773230080302454734	16760675531699762610	1870589626971277930	6882755025154923288	-10336.8398437500	0.0000000000	10.3576481008	33.8481449793
45	15	10526932698018637905	10889985071537923578	16212352599679920419	17917874923941493871	-10336.8779296875	0.0000000000	8.3434142792	34.3161771963
43	22	1773230080302454734	8084408184248863152	5387726108639754718	12555461125058540991	-10336.8818359375	0.0000000000	10.3996402883	27.9869494687
43	5	1773230080302454734	3385796812958382910	6349477204074380415	11574854058366371582	-10337.0205078125	0.0000000000	10.5383121633	47.8145221011
5	21	3385796812958382910	5460945689865835779	10201270787627690734	10392510796633806577	-10337.1757812500	0.0000000000	47.9697955386	30.2649660856
11	4	3001278052383147661	9024492492365768215	394745863617889259	1002238467726327786	-10337.1816406250	0.0000000000	39.1015207621	50.4455418344
19	28	4456958143231976993	7678506972583948757	11250953244591882837	15580644840601030444	-10337.2021484375	0.0000000000	30.8553451585	25.5163260948
2	41	7604814475627013949	10108700564787259822	5734853048443915535	11670521543925439789	-10337.2441406250	0.0000000000	58.3793396940	13.7051125296
22	46	8084408184248863152	9988977233721128909	8892950077414637464	17875534151587940391	-10337.3037109375	0.0000000000	28.4088244687	8.2593196484
1	44	383973396239497234	6743523441069707817	5580399825940528892	6139596623213329243	-10337.3681640625	0.0000000000	61.9933033216	10.6417804248
19	15	4456958143231976993	10889985071537923578	7162485578984173973	11717738881769244937	-10337.7675781250	0.0000000000	31.4207748460	35.2058256338
10	43	754947880694956163	1773230080302454734	5193607626466270083	8569633164867653881	-10337.7705078125	0.0000000000	40.2011425208	11.2883121633
15	33	10889985071537923578	16861076980183817118	14714080763364747614	15465157201370847929	-10337.7802734375	0.0000000000	35.2185209463	23.2156589542
1	41	383973396239497234	10108700564787259822	7645041918585176528	11499960108334642601	-10337.8398437500	0.0000000000	62.4649830091	14.3008156546
6	20	9582979206688607472	11948823402266708910	5492657027398831912	5855983637582136739	-10337.8427734375	0.0000000000	46.7903730646	31.2753306434
29	33	2333186330148494937	16861076980183817118	1640564816597971312	4961092323448395454	-10337.9892578125	0.0000000000	25.2061216619	23.4246433292
43	29	1773230080302454734	2333186330148494937	1640564816597971312	17406542158674768990	-10337.9892578125	0.0000000000	11.5070621633	25.2061216619
22	13	8084408184248863152	15062700894552547369	6610398636774369276	8393218021249158010	-10338.0576171875	0.0000000000	29.1627307187	37.8799901169
35	17	384338114271739224	12019777639744586537	5359455186165116115	6842583365998189513	-10338.1777343750	0.0000000000	21.1962760454	34.0115732717
4	20	9024492492365768215	11948823402266708910	9419623431467776519	14219418978492213349	-10338.2275390625	0.0000000000	51.4914402719	31.6600962684
37	25	14993917302309667038	15842488174011736914	1568984077856259314	2168436416611636054	-10338.2851562500	0.0000000000	17.4739775264	28.4455179054
7	17	1796989720132837495	12019777639744586537	798802105667463671	7860779542312115543	-10338.4375000000	0.0000000000	46.9322338356	34.2713388967
22	33	8084408184248863152	16861076980183817118	4388263862081040497	16425997173659184726	-10338.4638671875	0.0000000000	29.5689807187	23.8992527042
10	38	754947880694956163	14425606513275351767	7071187389626877701	17018181930918800171	-10338.4873046875	0.0000000000	40.9179393958	16.6145907849
1	34	383973396239497234	5380568022192713325	2512804072853312439	16420572225685764587	-10338.5195312500	0.0000000000	63.1446705091	23.3906941222
3	26	4183733511738232621	6939462828963091689	8606850436639069350	15121229718086626066	-10338.5234375000	0.0000000000	55.8005160087	27.6811882182
8	14	1839343803567254752	1968597673214381706	16063402179706231396	17297954826332149984	-10338.5263671875	0.0000000000	45.0604714595	36.2977699956
23	15	6253649888491474579	10889985071537923578	6797972301820214583	8304146875698856900	-10338.7500000000	0.0000000000	29.5557685587	36.1882475088
29	30	2333186330148494937	12275435012016799356	15168790725784134021	17467345417278250654	-10339.0732421875	0.0000000000	26.2901060369	26.1052935902
43	23	1773230080302454734	6253649888491474579	5130160390224671245	5193607626466270083	-10339.1611328125	0.0000000000	12.6789371633	29.9669013712
15	40	10889985071537923578	16535145090002969504	139999425689949031	12108649882363844698	-10339.1650390625	0.0000000000	36.6032865713	16.9067316234
35	23	384338114271739224	6253649888491474579	1700927350292208496	6756441566911980570	-10339.3535156250	0.0000000000	22.3720572954	30.1592841837
29	17	2333186330148494937	12019777639744586537	4166328743805353574	14163417479440547584	-10339.5644531250	0.0000000000	26.7813169744	35.3982920217
9	28	5746666710665073476	7678506972583948757	2596057626591043773	13879906843923940496	-10339.6806640625	0.0000000000	42.7527147544	27.9948417198
45	25	10526932698018637905	15842488174011736914	7695908886381898253	14278964049566586418	-10339.6826171875	0.0000000000	11.1481017792	29.8429788429
23	25	6253649888491474579	15842488174011736914	5023411553146998110	7695908886381898253	-10339.7607421875	0.0000000000	30.5665107462	29.9211038429
46	15	9988977233721128909	10889985071537923578	6816446675241314251	17886122899511742603	-10339.9462890625	0.0000000000	10.9018977734	37.3845365713
42	5	2227060936785475869	3385796812958382910	2778828384438580764	18393356963578232300	-10339.9863281250	0.0000000000	13.6092750511	50.7803424136
19	37	4456958143231976993	14993917302309667038	8539443546248431571	12124452818773199381	-10340.0009765625	0.0000000000	33.6541732835	19.1897978389
43	46	1773230080302454734	9988977233721128909	878918581459436321	6667711691678900569	-10340.0087890625	0.0000000000	13.5265934133	10.9643977734
20	17	11948823402266708910	12019777639744586537	6842583365998189513	16011903871489925328	-10340.1669921875	0.0000000000	33.5995493934	36.0008310842
35	30	384338114271739224	12275435012016799356	1451841805342919920	13285521803257556150	-10340.1943359375	0.0000000000	23.2128776079	27.2263873402
44	15	6743523441069707817	10889985071537923578	13050194450070773417	16109781283255721783	-10340.7011718750	0.0000000000	13.9747882373	38.1394193838
6	13	9582979206688607472	15062700894552547369	1397282786020958118	4734577154606543524	-10340.8476562500	0.0000000000	49.7952558771	40.6700291794
10	29	754947880694956163	2333186330148494937	2021884987784406586	9457564505835628369	-10340.9248046875	0.0000000000	43.3554393958	28.1416685369
7	19	1796989720132837495	4456958143231976993	1700999309820883263	5779215629460678369	-10340.9423828125	0.0000000000	49.4371166481	34.5955795335
3	30	4183733511738232621	12275435012016799356	7735137802949218994	10953838828008397066	-10340.9775390625	0.0000000000	58.2546175712	28.0095904652
19	16	4456958143231976993	16760675531699762610	4134073430819290958	14255047026177585369	-10341.0234375000	0.0000000000	34.6766342210	38.0317387293
10	16	754947880694956163	16760675531699762610	6792116418377971332	17640016194338264760	-10341.0546875000	0.0000000000	43.4853222083	38.0629887293
10	26	754947880694956163	6939462828963091689	1142509037327837635	2925637709964806399	-10341.0634765625	0.0000000000	43.4941112708	30.2212272807
47	42	608691779696482770	2227060936785475869	7180940195346835030	18106943146487670097	-10341.0957031250	0.0000000000	7.4938901248	14.7186500511
8	39	1839343803567254752	12448359132345075491	11790346465954634945	13085072468444491116	-10341.2607421875	0.0000000000	47.7948464595	19.0821917240
18	13	4102021481620702813	15062700894552547369	2563987806126291205	4082787147875109158	-10341.2851562500	0.0000000000	36.8895009727	41.1075291794
8	22	1839343803567254752	8084408184248863152	15057970607841880352	18376329650571974130	-10341.3710937500	0.0000000000	47.9051980220	32.4762072812
30	32	12275435012016799356	17721363126477514040	11474139109945929708	12435716862486216263	-10341.3740234375	0.0000000000	28.4060748402	27.1872448431
43	45	1773230080302454734	10526932698018637905	12603055932297559402	14384663599642240316	-10341.5390625000	0.0000000000	15.0568668508	13.0045470917
3	25	4183733511738232621	15842488174011736914	14925106662051526280	16477051485609825337	-10341.5791015625	0.0000000000	58.8561800712	31.7394632179
8	19	1839343803567254752	4456958143231976993	5475559030101877401	8206918648123416481	-10341.6552734375	0.0000000000	48.1893777095	35.3084701585
1	24	383973396239497234	16916071204564990963	2405267196851789099	11906844301223762262	-10341.8476562500	0.0000000000	66.4727955091	32.5565269039
18	19	4102021481620702813	4456958143231976993	4134073430819290958	5267218981865494489	-10341.8867187500	0.0000000000	37.4910634727	35.5399154710
1	23	383973396239497234	6253649888491474579	2784687187726408000	15268249835345630027	-10341.9101562500	0.0000000000	66.5352955091	32.7159248087
18	30	4102021481620702813	12275435012016799356	6222187946944686429	12810872544728213438	-10341.9277343750	0.0000000000	37.5320790977	28.9597857777
27	30	11944859071411479555	12275435012016799356	5673149710146343521	8961330472134462635	-10342.0664062500	0.0000000000	30.6145175743	29.0984576527
15	27	10889985071537923578	11944859071411479555	10212265049930481688	13051806424867966683	-10342.0957031250	0.0000000000	39.5339506338	30.6438144493
1	32	383973396239497234	17721363126477514040	910634374385679979	1127665283863425460	-10342.2119140625	0.0000000000	66.8370533216	28.0251354681
7	40	1796989720132837495	16535145090002969504	4232666070815147015	10644812033935384805	-10342.2187500000	0.0000000000	50.7134838356	19.9604425609
6	33	9582979206688607472	16861076980183817118	6536247812249660794	8716598665907872580	-10342.2783203125	0.0000000000	51.2259199396	27.7137058292
3	19	4183733511738232621	4456958143231976993	1929012803191528362	16552925545022411297	-10342.5205078125	0.0000000000	59.7975863212	36.1737045335
43	18	1773230080302454734	4102021481620702813	1271643129173388751	14896850564251488273	-10342.5527343750	0.0000000000	16.0705387258	38.1570790977
35	31	384338114271739224	8677021675660175084	671509930700596415	13792372089305488831	-10342.5537109375	0.0000000000	25.5722526079	29.5526342045
26	28	6939462828963091689	7678506972583948757	5083668650174821560	10932058135796499881	-10342.6357421875	0.0000000000	31.7934929057	30.9499198448
14	22	1968597673214381706	8084408184248863152	15628343519781406588	18006268528544665897	-10342.7958984375	0.0000000000	40.5673012456	33.9010119687
23	46	6253649888491474579	9988977233721128909	6484390165384829254	13226675675945610394	-10342.8339843750	0.0000000000	33.6397529337	13.7895930859
4	38	9024492492365768215	14425606513275351767	2140542696992935058	9213914492824406328	-10342.9238281250	0.0000000000	56.1877293344	21.0511142224
41	15	10108700564787259822	10889985071537923578	7641192790116020487	15613241091174210061	-10342.9609375000	0.0000000000	19.4219094046	40.3991850088
12	33	14394349440709765673	16861076980183817118	12332170307850486593	13573150096132882640	-10343.1015625000	0.0000000000	44.3028690967	28.5369480167
7	21	1796989720132837495	5460945689865835779	15481809895242321970	15840073889350390902	-10343.1484375000	0.0000000000	51.6431713356	36.2376223356
7	36	1796989720132837495	6581859286858331108	8573525824796893880	11984140470860451808	-10343.1640625000	0.0000000000	51.6587963356	26.0475194602
29	23	2333186330148494937	6253649888491474579	10937546496007283517	16803175331797780460	-10343.2607421875	0.0000000000	30.4776060369	34.0665107462
37	33	14993917302309667038	16861076980183817118	1211343911641623091	4847899739273956032	-10343.3837890625	0.0000000000	22.5726103389	28.8191745792
34	6	5380568022192713325	9582979206688607472	4561269432714408755	17343457792283164629	-10343.4521484375	0.0000000000	28.3233113097	52.3997480646
10	23	754947880694956163	6253649888491474579	836996172988125482	12640947929143133150	-10343.5205078125	0.0000000000	45.9511425208	34.3262763712
42	41	2227060936785475869	10108700564787259822	8724137761364838885	11457169781407513147	-10343.5878906250	0.0000000000	17.2108375511	20.0488625296
36	16	6581859286858331108	16760675531699762610	3242933400737344028	5247068020237837496	-10343.6806640625	0.0000000000	26.5641210227	40.6889652918
3	27	4183733511738232621	11944859071411479555	7759647882335193060	11922344360599106094	-10343.8242187500	0.0000000000	61.1012972587	32.3723300743
2	6	7604814475627013949	9582979206688607472	3935382249722013587	17201260741220203765	-10343.8466796875	0.0000000000	64.9818787565	52.7942793146
6	39	9582979206688607472	12448359132345075491	1740418010010668895	6470578514725254740	-10343.8525390625	0.0000000000	52.8001386896	21.6739885990
22	38	8084408184248863152	14425606513275351767	94459639675163845	7347795653552289548	-10343.8847656250	0.0000000000	34.9898791562	22.0120517224
43	13	1773230080302454734	15062700894552547369	7683535280682822808	17406542158674768990	-10343.8876953125	0.0000000000	17.4054996633	43.7100682419
43	21	1773230080302454734	5460945689865835779	15469069407352797075	17453649012773655264	-10343.8916015625	0.0000000000	17.4094059133	36.9807863981
20	30	11948823402266708910	12275435012016799356	3843410368780269522	15430120156230330470	-10344.0185546875	0.0000000000	37.4511118934	31.0506060902
29	3	2333186330148494937	4183733511738232621	3857332335046373944	10546066550305420307	-10344.0937500000	0.0000000000	31.3106138494	61.3708285087
21	31	5460945689865835779	8677021675660175084	2361420683365251598	12256413700459185662	-10344.1025390625	0.0000000000	37.1917238981	31.1014623295
7	46	1796989720132837495	9988977233721128909	8195890905416975505	10514940038137597597	-10344.1513671875	0.0000000000	52.6461010231	15.1069758984
5	32	3385796812958382910	17721363126477514040	910634374385679979	5923483723417018273	-10344.2187500000	0.0000000000	55.0127642886	30.0319714056
35	24	384338114271739224	16916071204564990963	8250343326967869945	12057280731164060440	-10344.3330078125	0.0000000000	27.3515494829	35.0418784664
22	25	8084408184248863152	15842488174011736914	1720778611488667871	8173720673727883251	-10344.3964843750	0.0000000000	35.5015979062	34.5568460304
1	31	383973396239497234	8677021675660175084	1304603897571613003	7891063506835404494	-10344.4335937500	0.0000000000	69.0587330091	31.4325170170
1	26	383973396239497234	6939462828963091689	1324783137650883136	2380961018548201457	-10344.5234375000	0.0000000000	69.1485767591	33.6811882182
39	13	12448359132345075491	15062700894552547369	4606792685156498498	13056827166530008376	-10344.6005859375	0.0000000000	22.4220354740	44.4229588669
17	25	12019777639744586537	15842488174011736914	11209421190827092889	14064374429068922906	-10344.6591796875	0.0000000000	40.4930185842	34.8195413429
36	22	6581859286858331108	8084408184248863152	683613493605994710	5749999896411765603	-10344.6777343750	0.0000000000	27.5611913352	35.7828479062
8	20	1839343803567254752	11948823402266708910	27131210683867191	15940726500507747398	-10344.9443359375	0.0000000000	51.4784402095	38.3768931434
3	40	4183733511738232621	16535145090002969504	13218222910415016156	15481239141071615226	-10345.2080078125	0.0000000000	62.4850863212	22.9497003734
28	30	7678506972583948757	12275435012016799356	14433890745947019698	16673943403845908778	-10345.2167968750	0.0000000000	33.5309745323	32.2488482777
5	23	3385796812958382910	6253649888491474579	1463348515804353722	6854464179738012096	-10345.2470703125	0.0000000000	56.0410846011	36.0528388712
5	26	3385796812958382910	6939462828963091689	6854464179738012096	8463352231781642568	-10345.2470703125	0.0000000000	56.0410846011	34.4048210307
2	28	7604814475627013949	7678506972583948757	5133589239178466606	11160369194714066352	-10345.3046875000	0.0000000000	66.4398865690	33.6188651573
14	36	1968597673214381706	6581859286858331108	10148140999749906832	16503270461040066950	-10345.4443359375	0.0000000000	43.2157387456	28.3277928977
42	4	2227060936785475869	9024492492365768215	481040958615376656	7180940195346835030	-10345.6484375000	0.0000000000	19.2713844261	58.9123387094
29	2	2333186330148494937	7604814475627013949	1718150828810902657	9481427429415581957	-10345.7099609375	0.0000000000	32.9268247869	66.8451600065
4	39	9024492492365768215	12448359132345075491	6850689987493571257	14485940304764790181	-10345.7451171875	0.0000000000	59.0090183969	23.5665667240
47	3	608691779696482770	4183733511738232621	9590775963914677973	17095491184265036433	-10345.8701171875	0.0000000000	12.2683041873	63.1471956962
21	4	5460945689865835779	9024492492365768215	13826075402294742802	14584576372858889330	-10345.9277343750	0.0000000000	39.0169192106	59.1916355844
11	5	3001278052383147661	3385796812958382910	1241679501090832718	4348775078468179669	-10346.0703125000	0.0000000000	47.9901926371	56.8643267886
2	31	7604814475627013949	8677021675660175084	7561612790612730705	8219422074673027723	-10346.1123046875	0.0000000000	67.2475037565	33.1112279545
2	33	7604814475627013949	16861076980183817118	8227260353802033287	9135030501336519496	-10346.1210937500	0.0000000000	67.2562928190	31.5564792667
8	32	1839343803567254752	17721363126477514040	7352542475963413360	15955393599432517815	-10346.1445312500	0.0000000000	52.6786355220	31.9577526556
7	28	1796989720132837495	7678506972583948757	14335772990041106807	18066593311661123129	-10346.1552734375	0.0000000000	54.6500072731	34.4694510948
36	41	6581859286858331108	10108700564787259822	4156625035031561373	14396795030624374826	-10346.2080078125	0.0000000000	29.0914647727	22.6689797171
42	36	2227060936785475869	6581859286858331108	8724137761364838885	14396795030624374826	-10346.2080078125	0.0000000000	19.8309547386	29.0914647727
22	32	8084408184248863152	17721363126477514040	2400390453097144898	2533024484488091379	-10346.7363281250	0.0000000000	37.8414416562	32.5495495306
42	12	2227060936785475869	14394349440709765673	8724137761364838885	14505000983184359021	-10346.9853515625	0.0000000000	20.6082984886	48.1866581592
17	30	12019777639744586537	12275435012016799356	915006657501367494	3600880225878562961	-10347.0634765625	0.0000000000	42.8973154592	34.0955279652
45	20	10526932698018637905	11948823402266708910	2767532285944234960	15287650011293977893	-10347.2607421875	0.0000000000	18.7262267792	40.6932993934
26	2	6939462828963091689	7604814475627013949	5465271258191702732	14402684064751381256	-10347.4023437500	0.0000000000	36.5600944682	68.5375428190
11	9	3001278052383147661	5746666710665073476	10590310808931532409	14359048755250670373	-10347.5039062500	0.0000000000	49.4237863871	50.5759569419
35	9	384338114271739224	5746666710665073476	2713802350084987180	5157460319316748147	-10347.5810546875	0.0000000000	30.5995963579	50.6531053794
3	33	4183733511738232621	16861076980183817118	6917262824083337302	17126050930426080961	-10347.5888671875	0.0000000000	64.8659456962	33.0242527042
9	32	5746666710665073476	17721363126477514040	398433675195985718	17102608785618544194	-10347.7089843750	0.0000000000	50.7810350669	33.5222057806
5	44	3385796812958382910	6743523441069707817	10072482397395975156	10162650217346642804	-10347.7871093750	0.0000000000	58.5811236636	21.0607257373
27	39	11944859071411479555	12448359132345075491	9814515759000895296	11324439196989767211	-10347.8837890625	0.0000000000	36.4319003868	25.7052385990
35	4	384338114271739224	9024492492365768215	4447676777763168586	17683626364362323966	-10348.0205078125	0.0000000000	31.0390494829	61.2844090219
1	39	383973396239497234	12448359132345075491	4313942556281699443	16169471596485743930	-10348.1718750000	0.0000000000	72.7970142591	25.9933245365
31	15	8677021675660175084	10889985071537923578	2148716001731931166	18017947199160409323	-10348.2080078125	0.0000000000	35.2069310795	45.6462553213
17	12	12019777639744586537	14394349440709765673	1642826618603575423	7512989372671161979	-10348.2548828125	0.0000000000	44.0887217092	49.4561894092
26	12	6939462828963091689	14394349440709765673	1642826618603575423	14922600959146940509	-10348.2548828125	0.0000000000	37.4126335307	49.4561894092
33	32	16861076980183817118	17721363126477514040	3851928532785356431	11180507684736534361	-10348.4794921875	0.0000000000	33.9148777042	34.2927135931
29	40	2333186330148494937	16535145090002969504	11401364297725001549	16657132593006309745	-10348.4970703125	0.0000000000	35.7139341619	26.2387628734
4	13	9024492492365768215	15062700894552547369	3448402128542149099	11798901615579882257	-10348.5478515625	0.0000000000	61.8117527719	48.3702244919
39	33	12448359132345075491	16861076980183817118	2956656286453925528	6516778639922399132	-10348.5615234375	0.0000000000	26.3829729740	33.9969089542
35	8	384338114271739224	1839343803567254752	1827449049433508377	14228493710309237756	-10348.6093750000	0.0000000000	31.6279166704	55.1434792720
35	39	384338114271739224	12448359132345075491	1827449049433508377	18207969363202311842	-10348.6093750000	0.0000000000	31.6279166704	26.4308245365
39	16	12448359132345075491	16760675531699762610	8600020189431404939	17880497774244378148	-10348.7148437500	0.0000000000	26.5362932865	45.7231449793
22	40	8084408184248863152	16535145090002969504	714937079752421324	8629494217217088986	-10348.7773437500	0.0000000000	39.8824572812	26.5190363109
6	41	9582979206688607472	10108700564787259822	4546673115001741927	6593284784829216516	-10348.7998046875	0.0000000000	57.7474043146	25.2607765921
8	25	1839343803567254752	15842488174011736914	3675193279332341642	5510480846762379377	-10348.9394531250	0.0000000000	55.4735573970	39.0998147804
38	33	14425606513275351767	16861076980183817118	5783671021777139556	8913349502780472035	-10348.9472656250	0.0000000000	27.0745517224	34.3826511417
23	24	6253649888491474579	16916071204564990963	3663944428070824819	17894255295099069948	-10348.9667968750	0.0000000000	39.7725654337	39.6756675289
3	38	4183733511738232621	14425606513275351767	7347795653552289548	9668498327120428895	-10348.9921875000	0.0000000000	66.2692660087	27.1194735974
8	38	1839343803567254752	14425606513275351767	66809869063307000	5409139906627715277	-10349.0468750000	0.0000000000	55.5809792720	27.1741610974
8	16	1839343803567254752	16760675531699762610	965978623620487184	16342659942781440741	-10349.0507812500	0.0000000000	55.5848855220	46.0590824793
36	45	6581859286858331108	10526932698018637905	6306004842413349523	12532429058260440788	-10349.1269531250	0.0000000000	32.0104100852	20.5924377167
10	20	754947880694956163	11948823402266708910	4594789997451136324	9786449417167568896	-10349.2470703125	0.0000000000	51.6777050208	42.6796275184
10	17	754947880694956163	12019777639744586537	5784648302240204753	18356899037068141676	-10349.2529296875	0.0000000000	51.6835643958	45.0867685842
21	17	5460945689865835779	12019777639744586537	3171034222850592237	11343349164668491131	-10349.3066406250	0.0000000000	42.3958254606	45.1404795217
20	16	11948823402266708910	16760675531699762610	8600020189431404939	17257945570862920841	-10349.3408203125	0.0000000000	42.7733775184	46.3491215418
2	20	7604814475627013949	11948823402266708910	4951288339539839121	10883836605509718430	-10349.3769531250	0.0000000000	70.5121521940	42.8095103309
29	13	2333186330148494937	15062700894552547369	3089649166188135267	7730616294458514241	-10349.4970703125	0.0000000000	36.7139341619	49.3194432419
43	38	1773230080302454734	14425606513275351767	6359729147934351908	13999405430960146102	-10349.5068359375	0.0000000000	23.0246402883	27.6341220349
11	36	3001278052383147661	6581859286858331108	2080356124783194857	13617586526763442448	-10349.5488281250	0.0000000000	51.4687082621	32.4322850852
34	15	5380568022192713325	10889985071537923578	8068195139907026153	15283151508168289605	-10349.5615234375	0.0000000000	34.4326863097	46.9997709463
20	12	11948823402266708910	14394349440709765673	2553035255449797782	17620662010270500560	-10349.6259765625	0.0000000000	43.0585337684	50.8272831592
29	12	2333186330148494937	14394349440709765673	10142210457593961183	17620662010270500560	-10349.6259765625	0.0000000000	36.8428404119	50.8272831592
3	46	4183733511738232621	9988977233721128909	6517559404004934513	8162257037381759355	-10349.6552734375	0.0000000000	66.9323519462	20.6108821484
35	33	384338114271739224	16861076980183817118	2256994716873132095	13186265063190972317	-10349.8955078125	0.0000000000	32.9140494829	35.3308933292
17	16	12019777639744586537	16760675531699762610	7037653952940172922	18220711822883256528	-10349.9785156250	0.0000000000	45.8123545217	46.9868168543
17	33	12019777639744586537	16861076980183817118	7037653952940172922	13133678394288872707	-10349.9785156250	0.0000000000	45.8123545217	35.4139011417
43	15	1773230080302454734	10889985071537923578	3506661636314644486	15780552400281432081	-10350.0244140625	0.0000000000	23.5422184133	47.4626615713
27	33	11944859071411479555	16861076980183817118	15587397798987638429	17231781956281052742	-10350.3544921875	0.0000000000	38.9026035118	35.7898777042
20	13	11948823402266708910	15062700894552547369	5613625073711269935	6724763130377486404	-10350.3925781250	0.0000000000	43.8251353309	50.2149510544
42	20	2227060936785475869	11948823402266708910	6565665673474960336	12068827976770817058	-10350.6630859375	0.0000000000	24.2860328636	44.0956431434
8	37	1839343803567254752	14993917302309667038	11507356715197153243	13535422275850946964	-10350.6708984375	0.0000000000	57.2050027095	29.8597197139
29	31	2333186330148494937	8677021675660175084	12218740129871854259	13174069101030039846	-10350.6943359375	0.0000000000	37.9111997869	37.6932592045
14	37	1968597673214381706	14993917302309667038	4279733553545480281	14075079452445676737	-10350.7832031250	0.0000000000	48.5546059331	29.9720244014
16	24	16760675531699762610	16916071204564990963	3663944428070824819	11219359288954385329	-10350.7890625000	0.0000000000	47.7973637293	41.4979331539
8	21	1839343803567254752	5460945689865835779	11130972838371462921	14164799436336739547	-10350.8525390625	0.0000000000	57.3866433345	43.9417238981
33	24	16861076980183817118	16916071204564990963	3563841592468958875	7804592782427228982	-10350.8789062500	0.0000000000	36.3142917667	41.5877769039
31	25	8677021675660175084	15842488174011736914	6057776673557281147	13779193189639334439	-10350.9160156250	0.0000000000	37.9149388920	41.0763772804
18	45	4102021481620702813	10526932698018637905	7318606952406277136	12966997210434182868	-10351.1796875000	0.0000000000	46.7840322227	22.6451720917
9	2	5746666710665073476	7604814475627013949	3446682125095122955	12520367567191276104	-10351.2871093750	0.0000000000	54.3591600669	72.4223084440
1	42	383973396239497234	2227060936785475869	8724137761364838885	12502413389909627736	-10351.3027343750	0.0000000000	75.9278736341	24.9256813011
10	12	754947880694956163	14394349440709765673	149643145532561726	14794068938827443481	-10351.4560546875	0.0000000000	53.8866893958	52.6573612842
28	33	7678506972583948757	16861076980183817118	6894778281985080158	9820675598299170618	-10351.4843750000	0.0000000000	39.7985526573	36.9197605167
27	24	11944859071411479555	16916071204564990963	3581488197409785727	8999886653157517199	-10351.7861328125	0.0000000000	40.3342441368	42.4950034664
19	45	4456958143231976993	10526932698018637905	16960107103006963720	17984333580905655760	-10351.8847656250	0.0000000000	45.5379623460	23.3502502167
2	37	7604814475627013949	14993917302309667038	2345189008480065257	12444031659980378047	-10351.9560546875	0.0000000000	73.0912537565	31.1448759639
35	3	384338114271739224	4183733511738232621	9776235547169889208	13655176361351409096	-10352.0019531250	0.0000000000	35.0204947954	69.2790316337
20	37	11948823402266708910	14993917302309667038	16272947104027008939	16417669185286170314	-10352.2109375000	0.0000000000	45.6434947059	31.3997587764
38	24	14425606513275351767	16916071204564990963	4625630494940255109	11163032461323048929	-10352.2558593750	0.0000000000	30.3831454724	42.9647300289
43	27	1773230080302454734	11944859071411479555	7069031537670915226	8934624602962736596	-10352.3212890625	0.0000000000	25.8390934133	40.8694003868
36	20	6581859286858331108	11948823402266708910	5962810719661401881	17849552596451730442	-10352.3857421875	0.0000000000	35.2691991477	45.8182993934
8	29	1839343803567254752	2333186330148494937	2334532780936759082	7500050417155206938	-10352.5439453125	0.0000000000	59.0780495845	39.7608091619
35	2	384338114271739224	7604814475627013949	3153233363933855598	14223930028281721907	-10352.7451171875	0.0000000000	35.7636588579	73.8803162565
10	19	754947880694956163	4456958143231976993	5826492598338617853	14134647369412255429	-10352.7617187500	0.0000000000	55.1923534583	46.4149154710
45	33	10526932698018637905	16861076980183817118	10114390461075076838	16922154855629246749	-10352.7646484375	0.0000000000	24.2301330292	38.2000339542
1	43	383973396239497234	1773230080302454734	8898948815993899906	13999405430960146102	-10352.8701171875	0.0000000000	77.4952564466	26.3879215383
5	25	3385796812958382910	15842488174011736914	7003942994768974089	13685776199485928036	-10353.0312500000	0.0000000000	63.8252642886	43.1916116554
42	2	2227060936785475869	7604814475627013949	8924257131407467067	11063605054687114081	-10353.0830078125	0.0000000000	26.7059547386	74.2182068815
46	13	9988977233721128909	15062700894552547369	513062585288600449	4345881830881359993	-10353.1123046875	0.0000000000	24.0679133984	52.9346776169
23	33	6253649888491474579	16861076980183817118	8409385438220354731	16379359526536456025	-10353.1474609375	0.0000000000	43.9532294962	38.5828464542
44	25	6743523441069707817	15842488174011736914	8674170048778169162	14799720916186345124	-10353.1777343750	0.0000000000	26.4513507373	43.3380960304
26	16	6939462828963091689	16760675531699762610	8496813179512548877	10758356690903577088	-10353.2216796875	0.0000000000	42.3794304057	50.2299809168
5	45	3385796812958382910	10526932698018637905	256084855053707132	13878055369713793314	-10353.3945312500	0.0000000000	64.1885455386	24.8600158417
31	6	8677021675660175084	9582979206688607472	3358152285200282085	12913928329668132045	-10353.5527343750	0.0000000000	40.5516576420	62.5003340021
9	27	5746666710665073476	11944859071411479555	2645436258437634530	6927814055055472053	-10353.7167968750	0.0000000000	56.7888475669	42.2649081993
19	34	4456958143231976993	5380568022192713325	4115692290680109074	15959446580912884037	-10353.8134765625	0.0000000000	47.4666732835	38.6846394347
8	34	1839343803567254752	5380568022192713325	5842299936098877833	10247393657925641302	-10354.0029296875	0.0000000000	60.5370339595	38.8740925597
2	24	7604814475627013949	16916071204564990963	4175319934544485947	18437846962821032723	-10354.0195312500	0.0000000000	75.1547303190	44.7284019039
36	17	6581859286858331108	12019777639744586537	923584126922526955	16735902361584190490	-10354.0498046875	0.0000000000	36.9332616477	49.8836435842
10	21	754947880694956163	5460945689865835779	9850544328610171267	17014893848209857621	-10354.0673828125	0.0000000000	56.4980175208	47.1565676481
22	41	8084408184248863152	10108700564787259822	2212116122708559284	2410543906543625380	-10354.4423828125	0.0000000000	45.5474963437	30.9033547171
46	20	9988977233721128909	11948823402266708910	11471276317056850369	16262281541778694391	-10354.6054687500	0.0000000000	25.5610774609	48.0380259559
23	30	6253649888491474579	12275435012016799356	1506790404042748113	15914003752841861467	-10354.6494140625	0.0000000000	45.4551826212	41.6814654652
14	21	1968597673214381706	5460945689865835779	10290245505842491004	13899910854131547493	-10354.7158203125	0.0000000000	52.4872231206	47.8050051481
35	43	384338114271739224	1773230080302454734	6613935220924361329	8258999758931027817	-10354.7324218750	0.0000000000	37.7509635454	28.2502262258
5	34	3385796812958382910	5380568022192713325	3510895484540293991	17447068473314111431	-10354.8750000000	0.0000000000	65.6690142886	39.7461628722
14	23	1968597673214381706	6253649888491474579	3771131075668255086	12701940051946916078	-10355.1162109375	0.0000000000	52.8876137456	45.9219794962
19	12	4456958143231976993	14394349440709765673	2766914513419576230	10088154058087010338	-10355.2910156250	0.0000000000	48.9442123460	56.4923222217
23	36	6253649888491474579	6581859286858331108	4998297081708307235	14041490418121638190	-10355.4697265625	0.0000000000	46.2754951212	38.3531835227
21	37	5460945689865835779	14993917302309667038	5408187835963799832	12486965043427832314	-10355.4843750000	0.0000000000	48.5735598356	34.6731962764
34	27	5380568022192713325	11944859071411479555	1911625655527094799	5842299936098877833	-10355.8603515625	0.0000000000	40.7315144347	44.4084628868
11	33	3001278052383147661	16861076980183817118	524805066979474805	17575346826509432223	-10355.9042968750	0.0000000000	57.8241770121	41.3396823917
47	29	608691779696482770	2333186330148494937	9938849342533463882	15079081461283831941	-10355.9160156250	0.0000000000	22.3142026248	43.1328794744
18	28	4102021481620702813	7678506972583948757	5977678502553108958	17573955090957681889	-10355.9228515625	0.0000000000	51.5271962852	44.2370292198
3	45	4183733511738232621	10526932698018637905	924569278981143167	16293652143064856847	-10356.1386718750	0.0000000000	73.4157503837	27.6041564667
34	38	5380568022192713325	14425606513275351767	6560341680959744947	15803622457058304485	-10356.1474609375	0.0000000000	41.0186238097	34.2747470349
10	30	754947880694956163	12275435012016799356	7107923226402477391	18360771131677451597	-10356.1533203125	0.0000000000	58.5839550208	43.1853717152
29	36	2333186330148494937	6581859286858331108	3262012237822692102	13353759127165466769	-10356.3076171875	0.0000000000	43.5244810369	39.1910741477
21	33	5460945689865835779	16861076980183817118	15279664675775109232	16896432791433404715	-10356.3916015625	0.0000000000	49.4807863981	41.8269870792
47	22	608691779696482770	8084408184248863152	8281063005062335114	9938849342533463882	-10356.4677734375	0.0000000000	22.8659604373	47.5728869687
29	18	2333186330148494937	4102021481620702813	8283818574108036162	10296865695294341054	-10356.5361328125	0.0000000000	43.7529966619	52.1404775352
36	27	6581859286858331108	11944859071411479555	15006074871892433697	17615987591207226379	-10356.5400390625	0.0000000000	39.4234960227	45.0881503868
45	24	10526932698018637905	16916071204564990963	8182685532132978715	8247902684700991318	-10356.5644531250	0.0000000000	28.0299377167	47.2733237789
18	31	4102021481620702813	8677021675660175084	11353203938160071702	14086261045705494721	-10356.7080078125	0.0000000000	52.3123525352	43.7069310795
43	8	1773230080302454734	1839343803567254752	275393231749102000	6165686881203069925	-10356.9863281250	0.0000000000	30.5041324758	63.5204323970
22	24	8084408184248863152	16916071204564990963	4949670228463796243	7782357621547919430	-10357.5068359375	0.0000000000	48.6119494687	48.2157065914
28	15	7678506972583948757	10889985071537923578	6473832793024471562	18269561878047643673	-10357.5234375000	0.0000000000	45.8376151573	54.9616850088
2	27	7604814475627013949	11944859071411479555	15407286099595666475	18385818451522931578	-10357.5986328125	0.0000000000	78.7338318815	46.1467441368
8	31	1839343803567254752	8677021675660175084	5368970570503196519	16365869993878698438	-10357.6074218750	0.0000000000	64.1415261470	44.6063451420
21	12	5460945689865835779	14394349440709765673	13027167260563586771	17078228710604876706	-10357.6152343750	0.0000000000	50.7044192106	58.8165409717
35	38	384338114271739224	14425606513275351767	7800631935753072849	16498027525103326386	-10357.6240234375	0.0000000000	40.6425651079	35.7513095349
10	27	754947880694956163	11944859071411479555	5609619655444516784	15086968026871584323	-10357.8144531250	0.0000000000	60.2450878333	46.3625644493
28	16	7678506972583948757	16760675531699762610	957501292350319402	17573955090957681889	-10357.8232421875	0.0000000000	46.1374198448	54.8315434168
28	24	7678506972583948757	16916071204564990963	4713170610762558197	15344726141372216956	-10357.8359375000	0.0000000000	46.1501151573	48.5448081539
34	20	5380568022192713325	11948823402266708910	1866287320135092606	11469735377993726277	-10357.9384765625	0.0000000000	42.8096394347	51.3710337684
46	24	9988977233721128909	16916071204564990963	6976660832219977344	11955593382502682311	-10358.1591796875	0.0000000000	29.1147883984	48.8680503414
18	23	4102021481620702813	6253649888491474579	3553385583377007710	10154375432690056121	-10358.1757812500	0.0000000000	53.7801259727	48.9815498087
43	28	1773230080302454734	7678506972583948757	825696696123282252	13368378649694209893	-10358.1884765625	0.0000000000	31.7062809133	46.5026542198
19	36	4456958143231976993	6581859286858331108	4967650022811784951	10349933404174802624	-10358.3691406250	0.0000000000	52.0223373460	41.2525975852
8	18	1839343803567254752	4102021481620702813	10130808812491371232	12741555720248449619	-10358.4501953125	0.0000000000	64.9842995845	54.0545400352
43	6	1773230080302454734	9582979206688607472	10690040973323282397	16061963257513825404	-10358.5068359375	0.0000000000	32.0246402883	67.4544355646
10	15	754947880694956163	10889985071537923578	7399188618979901435	11338695538269972260	-10358.5146484375	0.0000000000	60.9452831458	55.9528959463
20	25	11948823402266708910	15842488174011736914	366607658888805811	4443025976723788741	-10358.7304687500	0.0000000000	52.1630259559	48.8908304054
19	30	4456958143231976993	12275435012016799356	438899051285817278	14832938224974145411	-10358.7636718750	0.0000000000	52.4168685960	45.7957232777
35	36	384338114271739224	6581859286858331108	4201266953118695573	9405212448464685297	-10358.8144531250	0.0000000000	41.8329947954	41.6979100852
5	31	3385796812958382910	8677021675660175084	5629740423469274152	8765938552729046332	-10358.8525390625	0.0000000000	69.6465533511	45.8514623295
43	3	1773230080302454734	4183733511738232621	16059980092339572089	16650475702284403515	-10358.9013671875	0.0000000000	32.4191715383	76.1784456962
4	37	9024492492365768215	14993917302309667038	2481994866934108093	2680026140955102381	-10358.9345703125	0.0000000000	72.1984715219	38.1233915889
3	21	4183733511738232621	5460945689865835779	8427388720990526289	14176183463572908096	-10359.0820312500	0.0000000000	76.3591097587	52.1712160856
18	24	4102021481620702813	16916071204564990963	219033442019069612	10296865695294341054	-10359.2070312500	0.0000000000	54.8113759727	49.9159019039
7	24	1796989720132837495	16916071204564990963	11560369367033261670	11715372829528707280	-10359.2783203125	0.0000000000	67.7730541481	49.9871909664
4	45	9024492492365768215	10526932698018637905	7166952671879221314	7219042094002442393	-10359.5292968750	0.0000000000	72.7931980844	30.9947814667
6	40	9582979206688607472	16535145090002969504	5883214231147376982	10162567224355188563	-10359.6689453125	0.0000000000	68.6165449396	37.4106378734
46	25	9988977233721128909	15842488174011736914	2091915395241642207	3481266479744748718	-10359.8886718750	0.0000000000	30.8442805859	50.0490335304
36	28	6581859286858331108	7678506972583948757	113990649894163861	6993520256323242019	-10359.9667968750	0.0000000000	42.8502538352	48.2809745323
11	23	3001278052383147661	6253649888491474579	8646941340550430651	8979864846724089763	-10360.0185546875	0.0000000000	61.9384348246	50.8243232462
37	16	14993917302309667038	16760675531699762610	6979295766287654546	9357878685314249807	-10360.0830078125	0.0000000000	39.2718290889	57.0913090418
6	17	9582979206688607472	12019777639744586537	10889875602808771921	12155489883815543274	-10360.1513671875	0.0000000000	69.0989668146	55.9852060842
30	25	12275435012016799356	15842488174011736914	6744318939273276945	9048166673537769529	-10360.3818359375	0.0000000000	47.4138873402	50.5421975929
21	16	5460945689865835779	16760675531699762610	3798300549666202292	13608047749270181929	-10360.4824218750	0.0000000000	53.5716067106	57.4907231043
19	46	4456958143231976993	9988977233721128909	9668827017352957964	14505470040169017561	-10360.7744140625	0.0000000000	54.4276107835	31.7300227734
28	40	7678506972583948757	16535145090002969504	699513648930211731	16607508689373573815	-10360.7910156250	0.0000000000	49.1051932823	38.5327081859
26	25	6939462828963091689	15842488174011736914	5956132065973356860	8496813179512548877	-10360.9541015625	0.0000000000	50.1118522807	51.1144632179
9	40	5746666710665073476	16535145090002969504	2649407188065487061	16204700719102814729	-10360.9814453125	0.0000000000	64.0534960044	38.7231378734
35	12	384338114271739224	14394349440709765673	9992345698737542636	12415786137352336248	-10361.1542968750	0.0000000000	44.1728385454	62.3556034717
19	6	4456958143231976993	9582979206688607472	176372257713403992	7160109466293354728	-10361.3759765625	0.0000000000	55.0291732835	70.3235761896
13	24	15062700894552547369	16916071204564990963	10076287996785055978	14089366864542145265	-10361.3955078125	0.0000000000	61.2178807419	52.1043784664
9	36	5746666710665073476	6581859286858331108	4470183984070091283	13039497499947058141	-10361.4589843750	0.0000000000	64.5310350669	44.3424413352
44	4	6743523441069707817	9024492492365768215	4210626625217904897	6214020374080387812	-10361.6142578125	0.0000000000	34.8878741748	74.8781590219
35	45	384338114271739224	10526932698018637905	9367295817127080919	13748053759153315206	-10361.6650390625	0.0000000000	44.6835807329	33.1305236542
12	25	14394349440709765673	15842488174011736914	2486408807740298778	2826407764620742188	-10361.6943359375	0.0000000000	62.8956425342	51.8546975929
21	2	5460945689865835779	7604814475627013949	3783265339676149688	12759875175145027174	-10361.8632812500	0.0000000000	54.9524660856	82.9984803190
3	28	4183733511738232621	7678506972583948757	4933101240074368527	8028221996246556939	-10362.0546875000	0.0000000000	79.3317660087	50.3688651573
3	41	4183733511738232621	10108700564787259822	2385340803350014311	17743501154166375711	-10362.3535156250	0.0000000000	79.6305941337	38.8144875296
9	17	5746666710665073476	12019777639744586537	11790453311216646422	16315841502290860330	-10362.4384765625	0.0000000000	65.5105272544	58.2723154592
42	26	2227060936785475869	6939462828963091689	6826103613785368748	8440366136124814036	-10362.5507812500	0.0000000000	36.1737281761	51.7085319682
7	20	1796989720132837495	11948823402266708910	4159900026107248139	5952753110012945397	-10362.6181640625	0.0000000000	71.1128978981	56.0507212684
43	25	1773230080302454734	15842488174011736914	2669642777758941756	11373187798460176049	-10362.6425781250	0.0000000000	36.1603824758	52.8029397804
7	13	1796989720132837495	15062700894552547369	14264683113168140482	16602236068250376855	-10362.6777343750	0.0000000000	71.1724682106	62.5001073044
14	39	1968597673214381706	12448359132345075491	10998207565382287524	13083525954021823624	-10362.7460937500	0.0000000000	60.5174965581	40.5675432865
44	30	6743523441069707817	12275435012016799356	9835610549544621394	10975078469188210266	-10362.8105468750	0.0000000000	36.0841632373	49.8425982777
15	20	10889985071537923578	11948823402266708910	1960756825809447233	8401331762031913227	-10362.8457031250	0.0000000000	60.2839506338	56.2782603309
7	38	1796989720132837495	14425606513275351767	456556136412000276	9569718156302436471	-10362.9238281250	0.0000000000	71.4185619606	41.0511142224
29	34	2333186330148494937	5380568022192713325	1713069720240727327	15048170364683529222	-10363.0917968750	0.0000000000	50.3086607244	47.9629597472
18	41	4102021481620702813	10108700564787259822	1024445733886309444	3718355991734954232	-10363.1552734375	0.0000000000	58.7596181602	39.6162453421
18	27	4102021481620702813	11944859071411479555	5987790753583868038	18132677749336211747	-10363.1601562500	0.0000000000	58.7645009727	51.7082675743
42	3	2227060936785475869	4183733511738232621	6444617374396882117	18371492825454064230	-10363.2080078125	0.0000000000	36.8309547386	80.4850863212
6	27	9582979206688607472	11944859071411479555	10404620958358779674	16859731688206513639	-10363.2197265625	0.0000000000	72.1673261896	51.7678378868
38	13	14425606513275351767	15062700894552547369	357361395705270859	17368973601972896641	-10363.3769531250	0.0000000000	41.5042392224	63.1993260544
41	20	10108700564787259822	11948823402266708910	1087500683203336519	2790316556161066109	-10363.4130859375	0.0000000000	39.8740578421	56.8456431434
18	38	4102021481620702813	14425606513275351767	5275985452360058507	14370320896118439459	-10363.4150390625	0.0000000000	59.0193837852	41.5423251599
27	16	11944859071411479555	16760675531699762610	6938971345191450147	13192189166648470422	-10363.4228515625	0.0000000000	51.9709628868	60.4311527918
26	45	6939462828963091689	10526932698018637905	2553377820958876300	5764808360025360084	-10363.5068359375	0.0000000000	52.6645866557	34.9723205292
2	45	7604814475627013949	10526932698018637905	6337742156401111457	8729937632305699537	-10363.5830078125	0.0000000000	84.7182068815	35.0484924042
8	36	1839343803567254752	6581859286858331108	1259400166105152607	12718875716118019848	-10363.6523437500	0.0000000000	70.1864480220	46.5358007102
22	37	8084408184248863152	14993917302309667038	8977498590456551687	14565886310452562331	-10363.7363281250	0.0000000000	54.8414416562	42.9251494014
3	37	4183733511738232621	14993917302309667038	432053754761532395	16100080101066966066	-10363.7802734375	0.0000000000	81.0573519462	42.9690947139
4	46	9024492492365768215	9988977233721128909	7452232453596647725	8406395814886266215	-10363.8466796875	0.0000000000	77.1105808969	34.8022883984
17	13	12019777639744586537	15062700894552547369	3462254538838197317	12489753462201306972	-10363.8564453125	0.0000000000	59.6902842092	63.6788182419
29	41	2333186330148494937	10108700564787259822	178775214356738439	3951859298901954202	-10363.8769531250	0.0000000000	51.0938169744	40.3379250296
23	37	6253649888491474579	14993917302309667038	2547534883940762691	17903188094081442004	-10363.9218750000	0.0000000000	54.7276435587	43.1106962764
10	28	754947880694956163	7678506972583948757	2973229618183268985	13450952832850974127	-10363.9287109375	0.0000000000	66.3593456458	52.2428885948
29	15	2333186330148494937	10889985071537923578	1188935635851711126	11138172850577774711	-10364.0576171875	0.0000000000	51.2744810369	61.4958646963
43	37	1773230080302454734	14993917302309667038	1922673755801469201	1971839828837454657	-10364.0576171875	0.0000000000	37.5754215383	43.2464384639
23	13	6253649888491474579	15062700894552547369	14300181838318747452	18328820698784122933	-10364.0878906250	0.0000000000	54.8936591837	63.9102635544
21	45	5460945689865835779	10526932698018637905	4712856289026175959	7462798628393309864	-10364.1279296875	0.0000000000	57.2171145231	35.5934142792
45	13	10526932698018637905	15062700894552547369	963851208518293143	12830850714785018334	-10364.1337890625	0.0000000000	35.5992736542	63.9561619919
47	20	608691779696482770	11948823402266708910	15482112550523443266	17231362108285983529	-10364.1416015625	0.0000000000	30.5397885623	57.5741587684
35	40	384338114271739224	16535145090002969504	5607588457000510901	10548737783042304836	-10364.1796875000	0.0000000000	47.1982291704	41.9213800609
15	39	10889985071537923578	12448359132345075491	2473413573962753544	10678691277584432494	-10364.2841796875	0.0000000000	61.7224271963	42.1056292240
44	37	6743523441069707817	14993917302309667038	7466543753525472414	12075583930751680849	-10364.4228515625	0.0000000000	37.6964679248	43.6116728389
8	44	1839343803567254752	6743523441069707817	4210626625217904897	8353965880577897295	-10364.5615234375	0.0000000000	71.0956277095	37.8351397998
31	30	8677021675660175084	12275435012016799356	11419721895572042299	14973909651338419469	-10364.7421875000	0.0000000000	51.7411107670	51.7742389027
11	26	3001278052383147661	6939462828963091689	8556869863874987620	17387166362858602694	-10364.7597656250	0.0000000000	66.6796457621	53.9175163432
45	27	10526932698018637905	11944859071411479555	3780822189423247734	16846062024041418552	-10365.2207031250	0.0000000000	36.6861877167	53.7688144493
11	30	3001278052383147661	12275435012016799356	3095405639196479906	8292211479177963103	-10365.2548828125	0.0000000000	67.1747629496	52.2869342152
28	41	7678506972583948757	10108700564787259822	15340438514915893957	17319040336634406702	-10365.2636718750	0.0000000000	53.5778495323	41.7246437796
15	17	10889985071537923578	12019777639744586537	6739567973875935894	18065998152882861030	-10365.2705078125	0.0000000000	62.7087553213	61.1043467092
8	23	1839343803567254752	6253649888491474579	6978470289931374787	18318612184136312132	-10365.2832031250	0.0000000000	71.8173073970	56.0889716837
23	32	6253649888491474579	17721363126477514040	2008124484994036844	3473808151254867986	-10365.3750000000	0.0000000000	56.1807685587	51.1882214056
31	38	8677021675660175084	14425606513275351767	3622469252752279689	12062450579620339234	-10365.5087890625	0.0000000000	52.5077123295	43.6360751599
4	24	9024492492365768215	16916071204564990963	11603423520988674460	14180555740354581312	-10365.6123046875	0.0000000000	78.8762058969	56.3211753414
11	22	3001278052383147661	8084408184248863152	1003727294209753764	16223627736352889397	-10365.6728515625	0.0000000000	67.5927316996	56.7779650937
21	13	5460945689865835779	15062700894552547369	4366654564826211401	10814871867832075572	-10365.7539062500	0.0000000000	58.8430910856	65.5762791794
28	6	7678506972583948757	9582979206688607472	3737913521657761566	9555161299720354754	-10365.8320312500	0.0000000000	54.1462089073	74.7796308771
7	45	1796989720132837495	10526932698018637905	9502536716641873455	13564470148885176177	-10365.8896484375	0.0000000000	74.3843822731	37.3551330292
13	25	15062700894552547369	15842488174011736914	3562018730332378401	11488732370375592115	-10365.9619140625	0.0000000000	65.7842869919	56.1222757179
15	38	10889985071537923578	14425606513275351767	13632007369867369671	17279007572624990986	-10366.2753906250	0.0000000000	63.7136381338	44.4026767224
2	46	7604814475627013949	9988977233721128909	13248724211183353113	13640543261094439195	-10366.3642578125	0.0000000000	87.4994568815	37.3198665234
29	45	2333186330148494937	10526932698018637905	4841612053972303612	18323256264824411873	-10366.6220703125	0.0000000000	53.8389341619	38.0875549042
6	24	9582979206688607472	16916071204564990963	2669177079265823005	13949191273147806343	-10366.6640625000	0.0000000000	75.6116621271	57.3729331539
28	13	7678506972583948757	15062700894552547369	4773648651935330414	15482182206228717332	-10366.7460937500	0.0000000000	55.0602714073	66.5684666794
35	16	384338114271739224	16760675531699762610	6369057775551985347	12466094185556761215	-10366.9375000000	0.0000000000	49.9560416704	63.9458012293
19	9	4456958143231976993	5746666710665073476	8839473199616637893	17754285763493445006	-10366.9863281250	0.0000000000	60.6395248460	70.0583788169
29	37	2333186330148494937	14993917302309667038	16852364398744208556	17932763418230582422	-10367.0458984375	0.0000000000	54.2627622869	46.2347197139
11	34	3001278052383147661	5380568022192713325	10994050285180858596	12396360623389768934	-10367.1806640625	0.0000000000	69.1005441996	52.0518269347
47	28	608691779696482770	7678506972583948757	2855549842802600370	12396646452158742651	-10367.3437500000	0.0000000000	33.7419369998	55.6579276573
19	17	4456958143231976993	12019777639744586537	3328068184993732114	13551771278676068215	-10367.4218750000	0.0000000000	61.0750717210	63.2557138967
47	7	608691779696482770	1796989720132837495	3358921013265090655	15713821703139136278	-10367.4443359375	0.0000000000	33.8425229373	75.9390697731
3	24	4183733511738232621	16916071204564990963	3885836492788431952	11187248426706048393	-10367.4482421875	0.0000000000	84.7253206962	58.1571128414
3	44	4183733511738232621	6743523441069707817	1295880229158211277	12921920853672638276	-10367.4531250000	0.0000000000	84.7302035087	40.7267413623
18	40	4102021481620702813	16535145090002969504	2261866221683909885	4762343182924849264	-10367.7275390625	0.0000000000	63.3318837852	45.4692316234
29	26	2333186330148494937	6939462828963091689	4561775576314317420	12124195935516625059	-10367.9707031250	0.0000000000	55.1875669744	57.1284538432
35	18	384338114271739224	4102021481620702813	507994551382638139	16306460701622885201	-10368.0791015625	0.0000000000	51.0976432329	63.6834462852
18	20	4102021481620702813	11948823402266708910	1860709563528399962	17514631140754307117	-10368.0947265625	0.0000000000	63.6990712852	61.5272837684
14	30	1968597673214381706	12275435012016799356	3875428574893774816	12572622761644752678	-10368.5742187500	0.0000000000	66.3456215581	55.6062701527
15	24	10889985071537923578	16916071204564990963	8305801622357197603	16812857555055905301	-10368.8066406250	0.0000000000	66.2448881338	59.5155112789
6	25	9582979206688607472	15842488174011736914	7844142487574872527	17877123431559458655	-10368.8662109375	0.0000000000	77.8138105646	59.0265725929
18	44	4102021481620702813	6743523441069707817	9894498077276429115	17767664936567836468	-10368.9619140625	0.0000000000	64.5662587852	42.2355304248
8	17	1839343803567254752	12019777639744586537	4009831344767348049	13916553869702121732	-10369.0683593750	0.0000000000	75.6024636470	64.9021982717
34	9	5380568022192713325	5746666710665073476	10599496189952020422	13554575690460726293	-10369.0966796875	0.0000000000	53.9678425597	72.1687303794
43	4	1773230080302454734	9024492492365768215	5351181905750836031	9083781603536279563	-10369.0996093750	0.0000000000	42.6174137258	82.3635105844
44	20	6743523441069707817	11948823402266708910	6421979217065662376	16870616623614364519	-10369.1132812500	0.0000000000	42.3868976123	62.5458384559
35	10	384338114271739224	754947880694956163	447316370380524130	9798171240499940380	-10369.4902343750	0.0000000000	52.5087760454	71.9208690833
39	24	12448359132345075491	16916071204564990963	874451345612286605	13278401752651222492	-10369.5751953125	0.0000000000	47.3966448490	60.2840659664
35	13	384338114271739224	15062700894552547369	7820767737191264177	8694449050211606380	-10370.0781250000	0.0000000000	53.0966666704	69.9004979294
35	15	384338114271739224	10889985071537923578	7820767737191264177	13958850705788964582	-10370.1318359375	0.0000000000	53.1503776079	67.5700834463
3	20	4183733511738232621	11948823402266708910	10316637986942798467	14716133298548835888	-10370.2070312500	0.0000000000	87.4841097587	63.6395884559
35	37	384338114271739224	14993917302309667038	3498243172176464213	4004052342608791522	-10370.3564453125	0.0000000000	53.3749869829	49.5452665889
5	46	3385796812958382910	9988977233721128909	754483688806854234	14269170948390696690	-10370.6386718750	0.0000000000	81.4326861636	41.5942805859
44	2	6743523441069707817	7604814475627013949	10492307242836939230	11576247788596507369	-10370.6679687500	0.0000000000	43.9415851123	91.8031678190
40	24	16535145090002969504	16916071204564990963	15817090195435762602	16814812699831739103	-10370.7587890625	0.0000000000	48.5004816234	61.4676597164
1	45	383973396239497234	10526932698018637905	963702305838001208	1670505297509583317	-10370.8671875000	0.0000000000	95.4923267591	42.3326720917
7	25	1796989720132837495	15842488174011736914	7877437827540865279	15239205912224141338	-10370.9306640625	0.0000000000	79.4253978981	61.0910257179
47	40	608691779696482770	16535145090002969504	5041301205045220556	13128491807890589344	-10370.9775390625	0.0000000000	37.3757260623	48.7192316234
21	30	5460945689865835779	12275435012016799356	560038192667140555	1856516314694169588	-10371.2285156250	0.0000000000	64.3177004606	58.2605670277
11	45	3001278052383147661	10526932698018637905	7219042094002442393	16236005668220513312	-10371.2773437500	0.0000000000	73.1972238871	42.7428283417
29	16	2333186330148494937	16760675531699762610	5357704966871588610	13965431750574139466	-10371.3896484375	0.0000000000	58.6065122869	68.3979496668
7	33	1796989720132837495	16861076980183817118	10726690413971273340	13909889944234893312	-10371.3955078125	0.0000000000	79.8902416481	56.8308933292
19	13	4456958143231976993	15062700894552547369	342481153679890883	2122065011980234003	-10371.6474609375	0.0000000000	65.3006576585	71.4698338669
25	40	15842488174011736914	16535145090002969504	210295264871889074	878263130043344846	-10371.8662109375	0.0000000000	62.0265725929	49.6079034984
17	38	12019777639744586537	14425606513275351767	407016599354681346	17612343199990313859	-10371.9638671875	0.0000000000	67.7977060842	50.0911532849
26	15	6939462828963091689	10889985071537923578	2796855354585445490	8651974390281492474	-10372.4042968750	0.0000000000	61.5620475932	69.8425443838
14	45	1968597673214381706	10526932698018637905	2828949225668682121	7451496971391584056	-10372.5722656250	0.0000000000	70.3436684331	44.0377502167
39	12	12448359132345075491	14394349440709765673	4576271008105083421	14206424863066792308	-10372.6113281250	0.0000000000	50.4327776615	73.8126347217
43	9	1773230080302454734	5746666710665073476	5463422002107421855	15809384188333523984	-10372.9228515625	0.0000000000	46.4406559133	75.9949022544
8	11	1839343803567254752	3001278052383147661	294621701515023247	534478446144746530	-10373.0996093750	0.0000000000	79.6337136470	75.0194895121
10	7	754947880694956163	1796989720132837495	5023230100722468558	17415922523943820272	-10373.1435546875	0.0000000000	75.5741893958	81.6382885231
36	38	6581859286858331108	14425606513275351767	7498429153440196195	14721138412893418540	-10373.5273437500	0.0000000000	56.4108007102	51.6546298474
41	27	10108700564787259822	11944859071411479555	2397771169939282282	5708084334769041672	-10373.6591796875	0.0000000000	50.1201515921	62.2072910118
47	27	608691779696482770	11944859071411479555	8366851688802252048	9969895254745181203	-10373.7939453125	0.0000000000	40.1921323123	62.3420566368
34	25	5380568022192713325	15842488174011736914	6256556173828289625	11222272598930221478	-10373.8544921875	0.0000000000	58.7256550597	64.0148538429
6	45	9582979206688607472	10526932698018637905	2611373561038424925	7848643971561860305	-10373.9873046875	0.0000000000	82.9349043146	45.4527892792
36	33	6581859286858331108	16861076980183817118	5634574223747620533	14087920735618720327	-10374.0214843750	0.0000000000	56.9049413352	59.4568698917
27	13	11944859071411479555	15062700894552547369	9925952198733808652	15765648299809812310	-10374.0234375000	0.0000000000	62.5715488243	73.8458104294
35	46	384338114271739224	9988977233721128909	9148529917088919926	9411652048839284346	-10374.1787109375	0.0000000000	57.1972526079	45.1343196484
21	25	5460945689865835779	15842488174011736914	5700287496706233596	18103475192185560276	-10374.5117187500	0.0000000000	67.6009035856	64.6720804054
41	24	10108700564787259822	16916071204564990963	14732985717078133237	16814812699831739103	-10374.9091796875	0.0000000000	51.3701515921	65.6180503414
29	9	2333186330148494937	5746666710665073476	15062411908663712489	16914258299353750800	-10375.3642578125	0.0000000000	62.5811216619	78.4363085044
7	27	1796989720132837495	11944859071411479555	6232981425634573384	16328632692092985286	-10375.4355468750	0.0000000000	83.9302807106	63.9836581993
27	37	11944859071411479555	14993917302309667038	11798177839569833815	16363853230951300764	-10375.4990234375	0.0000000000	64.0471347618	54.6878447139
5	39	3385796812958382910	12448359132345075491	2485311682021027502	14206424863066792308	-10375.5312500000	0.0000000000	86.3252642886	53.3526995365
36	32	6581859286858331108	17721363126477514040	1192665563741674099	16322611165926263992	-10375.6435546875	0.0000000000	58.5270116477	61.4567760931
42	22	2227060936785475869	8084408184248863152	5334486234001044221	8702216980882092912	-10375.6679687500	0.0000000000	49.2909156761	66.7730822812
20	38	11948823402266708910	14425606513275351767	2804259865931290239	7532525729223432118	-10375.7949218750	0.0000000000	69.2274790809	53.9222079724
14	20	1968597673214381706	11948823402266708910	3700539469742538594	7882994404652646988	-10375.8261718750	0.0000000000	73.5975746831	69.2587290809
38	37	14425606513275351767	14993917302309667038	6049182319636907609	9332758541333621369	-10375.8623046875	0.0000000000	53.9895907849	55.0511259639
19	40	4456958143231976993	16535145090002969504	3367616970428779390	15222832005616567394	-10376.0849609375	0.0000000000	69.7381576585	53.8266534984
47	9	608691779696482770	5746666710665073476	15072903714376422887	17087133185557471649	-10376.3808593750	0.0000000000	42.7790463748	79.4529100669
7	44	1796989720132837495	6743523441069707817	1366068449309324404	17457998585112543992	-10376.5537109375	0.0000000000	85.0484447731	49.8273272998
34	16	5380568022192713325	16760675531699762610	2151550414757996899	6527590822349016629	-10376.5712890625	0.0000000000	61.4424519347	73.5795902918
5	17	3385796812958382910	12019777639744586537	4457367804309411274	10303290202221400515	-10376.6240234375	0.0000000000	87.4180377261	72.4578623342
18	37	4102021481620702813	14993917302309667038	3239549393235727832	3323112705879633547	-10377.2080078125	0.0000000000	72.8123525352	56.3968290889
42	29	2227060936785475869	2333186330148494937	10453822700681004563	13524988588796520898	-10377.3632812500	0.0000000000	50.9862281761	64.5801450994
35	25	384338114271739224	15842488174011736914	5632848386919995887	10692065811027074288	-10377.4179687500	0.0000000000	60.4365104204	67.5783304054
38	16	14425606513275351767	16760675531699762610	11945554275333804797	14971788856036237056	-10377.6308593750	0.0000000000	55.7581454724	74.6391606043
7	42	1796989720132837495	2227060936785475869	3942598834280253641	14913654672428205421	-10377.9355468750	0.0000000000	86.4302807106	51.5584938011
35	14	384338114271739224	1968597673214381706	4078164169426617998	14556796733445478423	-10377.9472656250	0.0000000000	60.9658072954	75.7186684331
2	38	7604814475627013949	14425606513275351767	3272705302082413465	16775256678607162775	-10378.2031250000	0.0000000000	99.3383240690	56.3304110974
44	39	6743523441069707817	12448359132345075491	4520094192311503930	17265098825921816852	-10378.3740234375	0.0000000000	51.6476397998	56.1954729740
26	33	6939462828963091689	16861076980183817118	4149189601434561341	8613486475122296162	-10378.4199218750	0.0000000000	67.5776725932	63.8553073917
21	15	5460945689865835779	10889985071537923578	8225295781444565477	10927135089291292600	-10378.8554687500	0.0000000000	71.9446535856	76.2937162588
9	24	5746666710665073476	16916071204564990963	901727058445398760	12795605211427588372	-10378.8847656250	0.0000000000	81.9568163169	69.5936362789
19	25	4456958143231976993	15842488174011736914	8876487039433678852	12154951885932613549	-10379.2001953125	0.0000000000	72.8533920335	69.3605569679
11	20	3001278052383147661	11948823402266708910	2349565507551841136	9461679545984335298	-10379.2656250000	0.0000000000	81.1855051371	72.6981822059
31	27	8677021675660175084	11944859071411479555	9318161047921798653	10954627917222473611	-10379.5722656250	0.0000000000	66.5711888920	68.1203769493
47	36	608691779696482770	6581859286858331108	2013766334822638115	14715140915533831310	-10379.5820312500	0.0000000000	45.9802182498	62.4654882102
3	39	4183733511738232621	12448359132345075491	6621155185217897879	12827945439772255689	-10379.7460937500	0.0000000000	97.0231722587	57.5675432865
43	2	1773230080302454734	7604814475627013949	961628525257322614	11188351321741922014	-10379.7617187500	0.0000000000	53.2795231008	100.8969178190
45	37	10526932698018637905	14993917302309667038	15493733984755192376	16678019688971540761	-10380.4599609375	0.0000000000	51.9254455292	59.6487822139
42	27	2227060936785475869	11944859071411479555	1705675869640901436	10128198110383558210	-10380.5224609375	0.0000000000	54.1454078636	69.0705722618
26	24	6939462828963091689	16916071204564990963	2757048248171649949	14266278754491277668	-10380.6298828125	0.0000000000	69.7876335307	71.3387534664
35	6	384338114271739224	9582979206688607472	1627375764994400992	15046693480506677291	-10380.6650390625	0.0000000000	63.6835807329	89.6126386896
43	26	1773230080302454734	6939462828963091689	11380605238151181772	16164654146005130112	-10380.7060546875	0.0000000000	54.2238590383	69.8638054057
13	32	15062700894552547369	17721363126477514040	4294837189353458560	4316007274818017947	-10380.7910156250	0.0000000000	80.6133885544	66.6042370306
19	26	4456958143231976993	6939462828963091689	1879191102377273578	6702115857924132847	-10381.0029296875	0.0000000000	74.6561264085	70.1606804057
36	31	6581859286858331108	8677021675660175084	6888785661092567257	16823929327612744354	-10381.1054687500	0.0000000000	63.9889257102	68.1043920170
9	38	5746666710665073476	14425606513275351767	5492732548502309428	16254525201781664632	-10381.2480468750	0.0000000000	84.3200975669	59.3753329724
14	24	1968597673214381706	16916071204564990963	7357237440915973774	13577063107371972383	-10381.3144531250	0.0000000000	79.0858559331	72.0233237789
35	7	384338114271739224	1796989720132837495	2243837526722776756	16070287641836220422	-10381.5917968750	0.0000000000	64.6103385454	90.0865307106
31	13	8677021675660175084	15062700894552547369	11813706696791023099	16068265928217913549	-10381.7802734375	0.0000000000	68.7791967045	81.6026463669
40	33	16535145090002969504	16861076980183817118	9697960656542714216	11036882448157692543	-10381.8183593750	0.0000000000	59.5600519359	67.2537448917
14	31	1968597673214381706	8677021675660175084	367364780052051630	15877908914149795768	-10381.8320312500	0.0000000000	79.6034340581	68.8309545170
27	32	11944859071411479555	17721363126477514040	7107366165703162589	7671055274538842657	-10382.1582031250	0.0000000000	70.7063144493	67.9714245306
34	13	5380568022192713325	15062700894552547369	4236852632364302470	4673089725272173804	-10382.2861328125	0.0000000000	67.1572956847	82.1085057419
29	39	2333186330148494937	12448359132345075491	6746894635978062298	12247088315267338110	-10382.3623046875	0.0000000000	69.5791685369	60.1837542240
28	37	7678506972583948757	14993917302309667038	4557923607298744313	13435777572066290513	-10382.4150390625	0.0000000000	70.7292167198	61.6038603389
21	44	5460945689865835779	6743523441069707817	1715859901452894890	2632960673195769108	-10382.4375000000	0.0000000000	75.5266848356	55.7111163623
31	39	8677021675660175084	12448359132345075491	690833862162022620	17323588896081746775	-10382.6611328125	0.0000000000	69.6600560795	60.4825823490
43	7	1773230080302454734	1796989720132837495	5693271137623791398	14898783838406739164	-10382.9052734375	0.0000000000	56.4230777883	91.4000072731
11	37	3001278052383147661	14993917302309667038	2873585955585921824	10413724168736352380	-10383.0634765625	0.0000000000	84.9833566996	62.2522978389
12	13	14394349440709765673	15062700894552547369	1842380633232642327	10683173056351309489	-10383.1542968750	0.0000000000	84.3556034717	82.9766698044
36	40	6581859286858331108	16535145090002969504	2932657300099618858	5267386958509281744	-10383.1621093750	0.0000000000	66.0455663352	60.9038019359
42	40	2227060936785475869	16535145090002969504	2932657300099618858	15237105384020481345	-10383.1621093750	0.0000000000	56.7850563011	60.9038019359
29	46	2333186330148494937	9988977233721128909	6540814633925792924	7957777702040869566	-10383.2011718750	0.0000000000	70.4180357244	54.1567805859
21	36	5460945689865835779	6581859286858331108	4355320631895293132	16256877208083764328	-10383.3476562500	0.0000000000	76.4368410856	66.2311132102
39	37	12448359132345075491	14993917302309667038	8849313866780714313	16033468513296726745	-10383.4384765625	0.0000000000	61.2599260990	62.6272978389
27	40	11944859071411479555	16535145090002969504	6437373442282907875	11326282790083848983	-10383.5478515625	0.0000000000	72.0959628868	61.2895441234
10	44	754947880694956163	6743523441069707817	3064408048472032735	14866586667449849552	-10383.5888671875	0.0000000000	86.0195018958	56.8624835498
41	33	10108700564787259822	16861076980183817118	2555861110420312269	2762892659912191970	-10383.6347656250	0.0000000000	60.0957375296	69.0701511417
25	24	15842488174011736914	16916071204564990963	1962498948434819460	5080704533691217014	-10383.8554687500	0.0000000000	74.0158304054	74.5643394039
1	46	383973396239497234	9988977233721128909	212528902044738166	3684032693625997957	-10384.1835937500	0.0000000000	108.8087330091	55.1392024609
36	46	6581859286858331108	9988977233721128909	1696502485287456942	3684032693625997957	-10384.1835937500	0.0000000000	67.0670507102	55.1392024609
34	23	5380568022192713325	6253649888491474579	7482080165987501438	9449550511254125383	-10384.1943359375	0.0000000000	69.0654988097	75.0001044962
39	25	12448359132345075491	15842488174011736914	5577377217965557711	6378801361098154313	-10384.2275390625	0.0000000000	62.0489885990	74.3879007179
41	12	10108700564787259822	14394349440709765673	12444470116423659368	13719978237290888409	-10384.4306640625	0.0000000000	60.8916359671	85.6319706592
19	39	4456958143231976993	12448359132345075491	7900853468287088078	9985929064516098643	-10384.7949218750	0.0000000000	78.4481185960	62.6163714115
10	34	754947880694956163	5380568022192713325	13977158911289311407	14145822932030618450	-10385.2792968750	0.0000000000	87.7099315833	70.1504597472
42	33	2227060936785475869	16861076980183817118	2555861110420312269	14898163873619073724	-10385.3339843750	0.0000000000	58.9569313011	70.7693698917
8	26	1839343803567254752	6939462828963091689	1056980330909086774	5277777263175413924	-10385.6513671875	0.0000000000	92.1854714595	74.8091179057
34	36	5380568022192713325	6581859286858331108	17416554567829284593	18088996491709019486	-10385.7626953125	0.0000000000	70.6338581847	68.6461522727
38	25	14425606513275351767	15842488174011736914	11356500079526253595	13540789757559187936	-10385.9277343750	0.0000000000	64.0550204724	76.0880960304
46	33	9988977233721128909	16861076980183817118	2466940907558929583	12790813897720024737	-10385.9482421875	0.0000000000	56.9038508984	71.3836277042
36	26	6581859286858331108	6939462828963091689	3144761288014336207	11816673181407187163	-10385.9511718750	0.0000000000	68.8346288352	75.1089225932
14	19	1968597673214381706	4456958143231976993	4730457970509229694	6013204357989114774	-10386.0019531250	0.0000000000	83.7733559331	79.6551498460
10	18	754947880694956163	4102021481620702813	5668220847285571965	10378873871776517718	-10386.0302734375	0.0000000000	88.4609081458	81.6346181602
9	37	5746666710665073476	14993917302309667038	2873585955585921824	18332836830412760325	-10386.9462890625	0.0000000000	90.0183397544	66.1351103389
11	28	3001278052383147661	7678506972583948757	2592329942132531624	14187810498156752326	-10387.1318359375	0.0000000000	89.0517160746	75.4460135948
45	12	10526932698018637905	14394349440709765673	5699241123977603136	15367719284642614767	-10387.3554687500	0.0000000000	58.8209533417	88.5567753467
28	25	7678506972583948757	15842488174011736914	16083281163743325235	17938200596096706349	-10387.4296875000	0.0000000000	75.7438651573	77.5900491554
14	33	1968597673214381706	16861076980183817118	3386467250181924271	15437216672193658263	-10387.5322265625	0.0000000000	85.3036293706	72.9676120792
18	21	4102021481620702813	5460945689865835779	220869351811441075	14342961894644049714	-10388.0820312500	0.0000000000	83.6863759727	81.1712160856
28	32	7678506972583948757	17721363126477514040	12550980294131714923	14196554618550577380	-10388.3916015625	0.0000000000	76.7057792198	74.2048229681
46	27	9988977233721128909	11944859071411479555	7935868161972756236	9717207662808803511	-10388.4023437500	0.0000000000	59.3579524609	76.9504550743
9	41	5746666710665073476	10108700564787259822	3476076654753667232	8158448234376668492	-10388.4882812500	0.0000000000	91.5603319419	64.9492531546
45	38	10526932698018637905	14425606513275351767	5108647345199078138	17323742455211964183	-10388.5332031250	0.0000000000	59.9986877167	66.6604892224
9	46	5746666710665073476	9988977233721128909	2642654594332047419	3985611220789358687	-10388.7041015625	0.0000000000	91.7761522544	59.6597102734
28	31	7678506972583948757	8677021675660175084	8553233394598775939	12050501419130871252	-10389.0029296875	0.0000000000	77.3171073448	76.0018529545
47	2	608691779696482770	7604814475627013949	12810929894150701676	18237821486355224295	-10389.0556640625	0.0000000000	55.4538510623	110.1908631315
10	37	754947880694956163	14993917302309667038	3260875870524847744	4875465173658547836	-10389.3486328125	0.0000000000	91.7792675208	68.5374540889
43	30	1773230080302454734	12275435012016799356	5317289407582956450	8130274447186214268	-10389.3662109375	0.0000000000	62.8840152883	76.3982623402
12	38	14394349440709765673	14425606513275351767	8015962440319644251	12560278438081494561	-10389.5166015625	0.0000000000	90.7179081592	67.6438876599
28	45	7678506972583948757	10526932698018637905	849357891997878616	10627791907893986483	-10389.5273437500	0.0000000000	77.8415214073	60.9928283417
44	33	6743523441069707817	16861076980183817118	5955448780180113288	18357183711631244833	-10390.0498046875	0.0000000000	63.3234210498	75.4851902042
43	39	1773230080302454734	12448359132345075491	11145818125791473280	16223872769797696793	-10390.1025390625	0.0000000000	63.6203434133	67.9239885990
18	17	4102021481620702813	12019777639744586537	324291184521378363	16092853037508312538	-10390.1708984375	0.0000000000	85.7752431602	86.0047373342
17	32	12019777639744586537	17721363126477514040	5463158665139904465	8115644271626160167	-10390.3867187500	0.0000000000	86.2205576467	76.1999401556
11	19	3001278052383147661	4456958143231976993	12301792377089635101	17079445580308036699	-10390.4228515625	0.0000000000	92.3427316996	84.0760482835
36	6	6581859286858331108	9582979206688607472	6385826820727873511	13493740070827211019	-10390.6093750000	0.0000000000	73.4928319602	99.5569746271
11	12	3001278052383147661	14394349440709765673	11271071084953379798	14023398187189562223	-10390.6835937500	0.0000000000	92.6034738871	91.8849003467
30	40	12275435012016799356	16535145090002969504	367953336808444206	11426009337798377217	-10390.8564453125	0.0000000000	77.8884967152	68.5981378734
42	25	2227060936785475869	15842488174011736914	9517406601597312307	11352195595823615713	-10390.9052734375	0.0000000000	64.5282203636	81.0656350929
20	40	11948823402266708910	16535145090002969504	10685623542895884542	17905751132945127508	-10391.0156250000	0.0000000000	84.4481822059	68.7573175609
14	27	1968597673214381706	11944859071411479555	3983317148858199920	12608338842972999661	-10391.2138671875	0.0000000000	88.9852699956	79.7619785118
28	39	7678506972583948757	12448359132345075491	568064486028837376	10856094469493021141	-10391.5771484375	0.0000000000	79.8913260948	69.3985979740
42	6	2227060936785475869	9582979206688607472	171662985402782127	9517406601597312307	-10391.5957031250	0.0000000000	65.2186500511	100.5433027521
10	24	754947880694956163	16916071204564990963	4311055548788490567	7710471358972118735	-10391.8447265625	0.0000000000	94.2753612708	82.5535972164
17	37	12019777639744586537	14993917302309667038	4384226824195942119	8809501831711630382	-10392.0800781250	0.0000000000	87.9139170217	71.2688994014
11	39	3001278052383147661	12448359132345075491	14653511694225171045	15624722691875948222	-10392.1142578125	0.0000000000	94.0341379496	69.9357073490
27	17	11944859071411479555	12019777639744586537	7949707444406617981	17970145379159275065	-10392.1230468750	0.0000000000	80.6711581993	87.9568857717
19	31	4456958143231976993	8677021675660175084	15878393981173190498	16142325485547535744	-10392.1367187500	0.0000000000	85.7899154710	79.1356420170
27	25	11944859071411479555	15842488174011736914	7803941132017090588	9316794500959695595	-10392.3193359375	0.0000000000	80.8674472618	82.4796975929
29	25	2333186330148494937	15842488174011736914	2262069758234860636	8577696935384583253	-10392.4316406250	0.0000000000	79.6485044744	82.5920022804
30	37	12275435012016799356	14993917302309667038	1812211673264433865	8293576189707705411	-10392.8222656250	0.0000000000	79.8543170277	72.0110869014
10	14	754947880694956163	1968597673214381706	5407009156189578405	13928746583425656580	-10392.9853515625	0.0000000000	95.4159862708	90.7567543706
11	31	3001278052383147661	8677021675660175084	12276757322926852547	18079014025900566755	-10393.4824218750	0.0000000000	95.4023020121	80.4813451420
31	33	8677021675660175084	16861076980183817118	3213836252229827782	17715870806975608013	-10393.7138671875	0.0000000000	80.7127904545	79.1492527042
26	41	6939462828963091689	10108700564787259822	10676668967838663342	17446573767327239837	-10393.9414062500	0.0000000000	83.0991569682	70.4023781546
21	38	5460945689865835779	14425606513275351767	3902910387008537467	16723491970608311415	-10394.0302734375	0.0000000000	87.1194582731	72.1575595349
36	13	6581859286858331108	15062700894552547369	6252820806605508363	16364573100531368812	-10395.0595703125	0.0000000000	77.9430272727	94.8819432419
31	16	8677021675660175084	16760675531699762610	1343239652557663615	15848436189495764263	-10395.4550781250	0.0000000000	82.4540013920	92.4633793543
34	40	5380568022192713325	16535145090002969504	7773718600833977154	10245110335092006732	-10395.6132812500	0.0000000000	80.4844441222	73.3549738109
35	28	384338114271739224	7678506972583948757	10301563640105146785	13083248794292002944	-10395.7207031250	0.0000000000	78.7392447954	84.0348807823
37	24	14993917302309667038	16916071204564990963	1960661848829137258	3079964808971518278	-10395.8574218750	0.0000000000	75.0462431514	86.5662925289
27	38	11944859071411479555	14425606513275351767	594378981594191320	1433814063740200354	-10395.9550781250	0.0000000000	84.5031894493	74.0823642224
43	34	1773230080302454734	5380568022192713325	1510840876152373964	11343144882613336606	-10396.0546875000	0.0000000000	69.5724918508	80.9258503722
43	14	1773230080302454734	1968597673214381706	5977470074832835562	6276578512906938310	-10396.7148437500	0.0000000000	70.2326481008	94.4862465581
6	37	9582979206688607472	14993917302309667038	9380999635700708519	17624005024693046506	-10396.7451171875	0.0000000000	105.6927168146	75.9339384639
11	17	3001278052383147661	12019777639744586537	7029394708013121470	17457025531016522239	-10396.9980468750	0.0000000000	98.9179270121	92.8318857717
36	24	6581859286858331108	16916071204564990963	12730076379323037430	15332561084020631776	-10397.3505859375	0.0000000000	80.2340428977	88.0594565914
45	30	10526932698018637905	12275435012016799356	5762147549503118953	11422521513008261275	-10397.5136718750	0.0000000000	68.9791564667	84.5457232777
10	46	754947880694956163	9988977233721128909	2734112803222839507	2839907888386749263	-10397.5185546875	0.0000000000	99.9491893958	68.4741633984
45	39	10526932698018637905	12448359132345075491	5800611008396836892	5937273696199803809	-10397.6318359375	0.0000000000	69.0973205292	75.4532854740
9	45	5746666710665073476	10526932698018637905	7099256369765488	12662248573056056312	-10397.7333984375	0.0000000000	100.8054491294	69.1988830292
1	47	383973396239497234	608691779696482770	11466714711464630336	11772159366574151933	-10398.6142578125	0.0000000000	123.2393970716	65.0124448123
30	24	12275435012016799356	16916071204564990963	841528108497259239	11033753895540163722	-10398.8955078125	0.0000000000	85.9275592152	89.6043784664
2	39	7604814475627013949	12448359132345075491	2812598774593474981	5463691924987067175	-10398.9814453125	0.0000000000	120.1166443815	76.8028948490
43	12	1773230080302454734	14394349440709765673	1569232414762447742	15598428676357904650	-10400.3554687500	0.0000000000	73.8732731008	101.5567753467
19	44	4456958143231976993	6743523441069707817	6831258516258228912	14905781530740839780	-10401.0449218750	0.0000000000	94.6981185960	74.3185382373
11	27	3001278052383147661	11944859071411479555	950109151619237825	14044521665949719672	-10401.0810546875	0.0000000000	103.0009348246	89.6291660118
19	32	4456958143231976993	17721363126477514040	67998239755991619	5060592237251213585	-10401.7353515625	0.0000000000	95.3885482835	87.5485729681
43	17	1773230080302454734	12019777639744586537	4745368951283578173	11052955104252923252	-10401.8535156250	0.0000000000	75.3713199758	97.6873545217
44	22	6743523441069707817	8084408184248863152	433932904268126076	3474530765937878066	-10402.3281250000	0.0000000000	75.6017413623	93.4332385312
43	44	1773230080302454734	6743523441069707817	11159602194030110959	16488284651796326958	-10402.3691406250	0.0000000000	75.8869449758	75.6427569873
43	36	1773230080302454734	6581859286858331108	6385623092024694783	8157075626892833035	-10402.6416015625	0.0000000000	76.1594059133	85.5250585227
40	16	16535145090002969504	16760675531699762610	4272106589829184250	18369499369921848484	-10402.6513671875	0.0000000000	80.3930597484	99.6596684168
21	46	5460945689865835779	9988977233721128909	13398166272398070903	16448199095528863361	-10402.7226562500	0.0000000000	95.8118410856	73.6782649609
34	39	5380568022192713325	12448359132345075491	17149215137098725900	17212462342131772907	-10402.7333984375	0.0000000000	87.6045613097	80.5548479740
26	13	6939462828963091689	15062700894552547369	1729639850820914649	16324969919442556986	-10403.5957031250	0.0000000000	92.7534538432	103.4180760544
26	40	6939462828963091689	16535145090002969504	1373293708702563325	10036509976106557506	-10403.8750000000	0.0000000000	93.0327507182	81.6166925609
31	37	8677021675660175084	14993917302309667038	4939399274169731849	9629464358789688979	-10403.8828125000	0.0000000000	90.8817357670	83.0716337764
10	45	754947880694956163	10526932698018637905	11443570501476633003	11465288122062918795	-10405.3125000000	0.0000000000	107.7431347083	76.7779845917
45	17	10526932698018637905	12019777639744586537	2528956037854476751	15221594115781790084	-10405.4335937500	0.0000000000	76.8990783417	101.2674326467
26	30	6939462828963091689	12275435012016799356	4328847277499454802	8779116396357448427	-10405.8769531250	0.0000000000	95.0347038432	92.9090045277
35	44	384338114271739224	6743523441069707817	6436309634137886865	11024085795804850798	-10406.5751953125	0.0000000000	89.5937369829	79.8488116748
34	28	5380568022192713325	7678506972583948757	6461222653290600988	11123238054458420224	-10407.9736328125	0.0000000000	92.8447956847	96.2878104698
39	40	12448359132345075491	16535145090002969504	1377187162510052513	16846955841954138034	-10408.6435546875	0.0000000000	86.4650042240	86.3852472484
21	41	5460945689865835779	10108700564787259822	12430309356288927926	13058695715417231573	-10408.8115234375	0.0000000000	101.9007082731	85.2724953421
8	45	1839343803567254752	10526932698018637905	223806437911480403	9691503747275838382	-10409.0126953125	0.0000000000	115.5467995845	80.4781799042
17	40	12019777639744586537	16535145090002969504	3514030654776328501	14774579719288320888	-10409.0615234375	0.0000000000	104.8953623342	86.8032159984
14	17	1968597673214381706	12019777639744586537	1518853948798023131	14631813953899444617	-10409.7968750000	0.0000000000	107.5682778081	105.6307138967
47	18	608691779696482770	4102021481620702813	4029280146367856449	9115871744890556903	-10410.1005859375	0.0000000000	76.4987729373	105.7049306602
17	24	12019777639744586537	16916071204564990963	3190417858687764863	6824011684782640598	-10410.1787109375	0.0000000000	106.0125498342	100.8875815914
14	41	1968597673214381706	10108700564787259822	182097227455355750	10920150577887672678	-10410.9511718750	0.0000000000	108.7225746831	87.4121437796
12	37	14394349440709765673	14993917302309667038	2254166099577289567	8903607753077817039	-10411.1875000000	0.0000000000	112.3888065967	90.3763212764
42	30	2227060936785475869	12275435012016799356	3411277939898504805	16016240984346104881	-10411.2587890625	0.0000000000	84.8817359886	98.2908404652
10	25	754947880694956163	15842488174011736914	2178361691390777876	13665712310693720942	-10411.3906250000	0.0000000000	113.8212597083	101.5509866554
14	40	1968597673214381706	16535145090002969504	13419343362115852114	14491416319798632404	-10411.4931640625	0.0000000000	109.2645668706	89.2348566234
7	37	1796989720132837495	14993917302309667038	769949760824720803	15018955060929635605	-10411.5009765625	0.0000000000	119.9957103981	90.6897978389
31	24	8677021675660175084	16916071204564990963	6501063417948473157	15482112828885073066	-10411.8105468750	0.0000000000	98.8094701420	102.5194175289
42	23	2227060936785475869	6253649888491474579	9958811655026340495	12889586091398157030	-10411.8916015625	0.0000000000	85.5145484886	102.6973701212
46	12	9988977233721128909	14394349440709765673	356174064269251704	15922454803589809645	-10412.0537109375	0.0000000000	83.0093196484	113.2550175342
35	26	384338114271739224	6939462828963091689	2777264081574427929	11297794727375750705	-10412.2636718750	0.0000000000	95.2822135454	101.4214225932
21	40	5460945689865835779	16535145090002969504	2367203467805157070	8260913596922256069	-10412.4589843750	0.0000000000	105.5481692106	90.2006769359
18	39	4102021481620702813	12448359132345075491	158677697400876102	3232857521236962304	-10412.8496093750	0.0000000000	108.4539540977	90.6710589115
39	38	12448359132345075491	14425606513275351767	784379765913770869	17148391529511100127	-10413.4667968750	0.0000000000	91.2882464115	91.5940829724
36	30	6581859286858331108	12275435012016799356	9917740321595412846	10882462801734239638	-10413.6259765625	0.0000000000	96.5094335227	100.6580279652
11	21	3001278052383147661	5460945689865835779	15538840119082727071	18439256576966821914	-10414.0986328125	0.0000000000	116.0185129496	107.1878176481
34	37	5380568022192713325	14993917302309667038	598842925640184003	9749061531880862787	-10414.1357421875	0.0000000000	99.0069050597	93.3245634639
23	40	6253649888491474579	16535145090002969504	4614465975043358884	8281522698357796506	-10414.1826171875	0.0000000000	104.9883857462	91.9243097484
12	24	14394349440709765673	16916071204564990963	13576881596522119245	14066182391823804654	-10414.9013671875	0.0000000000	116.1026737842	105.6102378414
23	38	6253649888491474579	14425606513275351767	3886651931797330922	11188066540028924712	-10414.9736328125	0.0000000000	105.7794013712	93.1009189099
34	33	5380568022192713325	16861076980183817118	4150090020965772145	14503425634498847528	-10415.3701171875	0.0000000000	100.2412800597	100.8055027042
35	34	384338114271739224	5380568022192713325	5067473922094388767	14991920679133866670	-10415.4619140625	0.0000000000	98.4804557329	100.3330769347
47	26	608691779696482770	6939462828963091689	7786539187900705577	12574867205239053635	-10415.6689453125	0.0000000000	82.0671323123	104.8266960307
35	32	384338114271739224	17721363126477514040	6395958773858384853	10777279953840876213	-10416.4238281250	0.0000000000	99.4423697954	102.2370495306
8	42	1839343803567254752	2227060936785475869	9319064565803735221	16239776672362510561	-10416.8183593750	0.0000000000	123.3524636470	90.4413063011
42	21	2227060936785475869	5460945689865835779	7180987002684349920	16755130412976221667	-10417.2216796875	0.0000000000	90.8446266136	110.3108645231
14	38	1968597673214381706	14425606513275351767	4437525570951633	3886651931797330922	-10417.2490234375	0.0000000000	115.0204262456	95.3763095349
19	41	4456958143231976993	10108700564787259822	12742654436922512229	14323782034851074594	-10417.8164062500	0.0000000000	111.4696029710	94.2773781546
43	31	1773230080302454734	8677021675660175084	16382515750397732959	17418725275228837488	-10417.9765625000	0.0000000000	91.4943668508	104.9754857670
10	36	754947880694956163	6581859286858331108	222295662877376287	6367872353309086624	-10418.3652343750	0.0000000000	120.7958690833	101.2486913352
26	46	6939462828963091689	9988977233721128909	5364102284593983923	12986147884548856823	-10418.4541015625	0.0000000000	107.6118522807	89.4097102734
6	38	9582979206688607472	14425606513275351767	6726463561385563479	17140384775831056109	-10418.8017578125	0.0000000000	127.7493574396	96.9290439099
35	11	384338114271739224	3001278052383147661	3941901803338197142	14591510043994887600	-10419.7656250000	0.0000000000	102.7841666704	121.6855051371
34	30	5380568022192713325	12275435012016799356	1631892255415700504	17259367993133814283	-10420.5253906250	0.0000000000	105.3965534972	107.5574420277
10	31	754947880694956163	8677021675660175084	5300600794516438408	15361803915286381300	-10421.2041015625	0.0000000000	123.6347362708	108.2030248295
14	34	1968597673214381706	5380568022192713325	840604531954293517	13192148295175764960	-10421.5039062500	0.0000000000	119.2753090581	106.3750691222
35	41	384338114271739224	10108700564787259822	6423565585434723991	17188021817529770369	-10422.6494140625	0.0000000000	105.6679557329	99.1103859671
41	30	10108700564787259822	12275435012016799356	6228603026163046977	15621252274809300873	-10422.9013671875	0.0000000000	99.3623390921	109.9334185902
23	41	6253649888491474579	10108700564787259822	2070194867416714444	10785516371507780362	-10423.2207031250	0.0000000000	114.0264716837	99.6816750296
26	31	6939462828963091689	8677021675660175084	5167601873610502796	14226090606312685262	-10423.3105468750	0.0000000000	112.4682975932	110.3094701420
34	45	5380568022192713325	10526932698018637905	6981823910110511183	14266882449283963576	-10424.6367187500	0.0000000000	109.5078816222	96.1022033417
34	21	5380568022192713325	5460945689865835779	12238586027139745261	13211984779631882396	-10425.3222656250	0.0000000000	110.1934284972	118.4114504606
14	28	1968597673214381706	7678506972583948757	6379484927668745407	16468833054592107600	-10426.2773437500	0.0000000000	124.0487465581	114.5915214073
8	40	1839343803567254752	16535145090002969504	9731238033123681235	16945206551592793027	-10426.5498046875	0.0000000000	133.0839089595	104.2914972484
10	42	754947880694956163	2227060936785475869	2824099048905055960	16620859165315855884	-10426.8417968750	0.0000000000	129.2724315833	100.4647438011
8	24	1839343803567254752	16916071204564990963	4698792352524289847	10098271261741272257	-10427.2666015625	0.0000000000	133.8007058345	117.9754722164
7	39	1796989720132837495	12448359132345075491	7499962068147571411	15522726622268760701	-10428.4091796875	0.0000000000	136.9039135231	106.2306292240
44	26	6743523441069707817	6939462828963091689	3049777213206472616	4044373028536164310	-10430.2607421875	0.0000000000	103.5343585498	119.4184929057
30	38	12275435012016799356	14425606513275351767	2870644240425727859	4775298620605661841	-10430.7763671875	0.0000000000	117.8084185902	108.9036532849
8	41	1839343803567254752	10108700564787259822	15067578959754678197	17644021325936868125	-10432.6660156250	0.0000000000	139.2001198970	109.1269875296
34	17	5380568022192713325	12019777639744586537	6357951888385688572	13637783201892703955	-10434.0107421875	0.0000000000	118.8819050597	129.8445810842
14	29	1968597673214381706	2333186330148494937	2740142482865224949	15962918932708124892	-10434.4707031250	0.0000000000	132.2421059331	121.6875669744
42	24	2227060936785475869	16916071204564990963	5315265508261563140	8550244626006028033	-10436.6806640625	0.0000000000	110.3036109886	127.3895347164
29	11	2333186330148494937	3001278052383147661	3807600845828780951	12432003083921977794	-10441.8964843750	0.0000000000	129.1133482244	143.8163645121
