section	statistic	value
summary	numTrees	2027025
summary	numEdges	14189175
summary	meanDegree	14.0000000000
local	numLocalPeaks	62
local	posteriorMassOfLocalPeaks	0.9191591206
local	meanUphillFraction	0.4999767781
local	posteriorWeightedMeanUphillFraction	0.0066618706
local	meanBestNeighborLnLDifference	20.0631539152
local	posteriorWeightedMeanBestNeighborLnLDifference	-2.7202544121
local	meanNeighborAbsLnLDifference	8.1140200398
local	posteriorWeightedMeanNeighborAbsLnLDifference	8.9098805797
basin	numPeaks	62
basin	numPeaksMassGreater01	2
basin	numPeaksMassGreater05	2
basin	largestBasinSize	869039
basin	largestBasinMass	0.6941523332
basin	basinMassEntropy	0.6157382840
basin	effectiveNumBasins	1.8510226757
basin	mapTreeHash	9259356767843306794
basin	mapPeakHash	9259356767843306794
basin	mapPeakId	0
basin	mapBasinMass	0.6941523332
basin	posteriorMassOutsideMapBasin	0.3058476668
ascent	meanAscentLength	10.0777938111
ascent	posteriorWeightedMeanAscentLength	0.0826685628
ascent	meanAscentLengthCredible95	0.3333333333
ascent	posteriorWeightedMeanAscentLengthCredible95	0.0462505173
ascent	maxAscentLength	23
credible95	credible95NumTrees	3
credible95	credible95Mass	0.9637322140
credible95	credible95NumComponents	2
credible95	credible95LargestComponentSize	2
credible95	credible95LargestComponentMass	0.6625509080
credible95	credible95MapComponentSize	2
credible95	credible95MapComponentMass	0.6625509080
barrier	basinGraphEdges	972
barrier	meanBasinGraphDegree	31.3548387097
barrier	mapBasinGraphDegree	61
barrier	basinGraphConnected	1
barrier	minBarrierFromMap	9.7083023123
barrier	meanBarrier	51.7450632558
barrier	posteriorWeightedMeanBarrier	9.3489329748
barrier	maxBarrier	158.9753347355

# peaks
peakId	peakHash	peakTreeProbability	basinNumTrees	basinPosteriorMass
0	9259356767843306794	0.6179777946	869039	0.6941523332
1	13456819742471436309	0.3011813060	664627	0.3058476448
2	17327495626708656360	0.0000000199	66134	0.0000000219
3	935515840064901728	0.0000000001	50671	0.0000000001
4	13744796507174131493	0.0000000000	73958	0.0000000000
5	2398313083122902780	0.0000000000	54455	0.0000000000
6	5020305692600317862	0.0000000000	9598	0.0000000000
7	7184753854421583295	0.0000000000	26014	0.0000000000
8	7484687342783232930	0.0000000000	28602	0.0000000000
9	18271804820455617114	0.0000000000	63161	0.0000000000
10	7102445278865218129	0.0000000000	1117	0.0000000000
11	8354271691829693942	0.0000000000	10938	0.0000000000
12	14533962943741030116	0.0000000000	9198	0.0000000000
13	11417629257336667085	0.0000000000	18754	0.0000000000
14	247812421322574847	0.0000000000	1431	0.0000000000
15	14873374013526969923	0.0000000000	3453	0.0000000000
16	6777124504336706803	0.0000000000	16536	0.0000000000
17	4419624833696315872	0.0000000000	6545	0.0000000000
18	18152464656191664773	0.0000000000	743	0.0000000000
19	2058379798036840621	0.0000000000	7130	0.0000000000
20	15372946583148891887	0.0000000000	2840	0.0000000000
21	10128525784335278497	0.0000000000	8610	0.0000000000
22	3034672325705139760	0.0000000000	5040	0.0000000000
23	17353902391342528634	0.0000000000	522	0.0000000000
24	1979202043794946016	0.0000000000	1339	0.0000000000
25	13763019986136493506	0.0000000000	444	0.0000000000
26	10069114262970339920	0.0000000000	314	0.0000000000
27	14565777880098740991	0.0000000000	1496	0.0000000000
28	15635922165147853917	0.0000000000	2761	0.0000000000
29	13585000793708429708	0.0000000000	2235	0.0000000000
30	8500866450241111561	0.0000000000	1090	0.0000000000
31	14666872076358745344	0.0000000000	1216	0.0000000000
32	11229436157254813284	0.0000000000	2376	0.0000000000
33	7887039593394851227	0.0000000000	1234	0.0000000000
34	3412929990841189636	0.0000000000	1968	0.0000000000
35	5302060071100678696	0.0000000000	1589	0.0000000000
36	13235648486743037915	0.0000000000	342	0.0000000000
37	13285854435125799969	0.0000000000	599	0.0000000000
38	16761810037874385395	0.0000000000	178	0.0000000000
39	9810354197824293314	0.0000000000	228	0.0000000000
40	17329439133771538937	0.0000000000	29	0.0000000000
41	13470350209540924502	0.0000000000	261	0.0000000000
42	12136865425921854489	0.0000000000	1211	0.0000000000
43	17615345215767154738	0.0000000000	1171	0.0000000000
44	8258607018018373577	0.0000000000	417	0.0000000000
45	4653565511850072245	0.0000000000	277	0.0000000000
46	2604688087602281337	0.0000000000	424	0.0000000000
47	8892433088587367261	0.0000000000	279	0.0000000000
48	5044532849186003532	0.0000000000	337	0.0000000000
49	3485241805714512442	0.0000000000	215	0.0000000000
50	7119631893703464391	0.0000000000	31	0.0000000000
51	9320651249542022581	0.0000000000	1426	0.0000000000
52	13163627984283868779	0.0000000000	670	0.0000000000
53	5657007686144780447	0.0000000000	545	0.0000000000
54	2021110977399019692	0.0000000000	508	0.0000000000
55	18283626660868936511	0.0000000000	163	0.0000000000
56	8925404338917957100	0.0000000000	163	0.0000000000
57	16244187196017896716	0.0000000000	142	0.0000000000
58	5922156570017638153	0.0000000000	37	0.0000000000
59	3807724572909194356	0.0000000000	88	0.0000000000
60	13912855578732038628	0.0000000000	28	0.0000000000
61	15100574952147350199	0.0000000000	78	0.0000000000

# saddles
peakId1	peakId2	peakHash1	peakHash2	saddleTree1	saddleTree2	saddleLnL	saddleProbability	barrierFromPeak1	barrierFromPeak2
0	1	9259356767843306794	13456819742471436309	1669112845279479524	5940622826101855317	-5792.5136718750	0.0000375644	9.7083023123	8.9895622155
0	2	9259356767843306794	17327495626708656360	11545778473149273445	17327495626708656360	-5800.9545898438	0.0000000081	18.1492202811	0.8972097355
3	0	935515840064901728	9259356767843306794	8346304184059506135	18139298388098577543	-5808.0976562500	0.0000000000	2.2767552193	25.2922866873
1	4	13456819742471436309	13744796507174131493	7489750153691219396	9952558338115432846	-5810.7255859375	0.0000000000	27.2014762780	3.7515816286
5	0	2398313083122902780	9259356767843306794	1682113179662466453	3567386172320494354	-5811.3803710938	0.0000000000	3.5134580215	28.5750015311
3	1	935515840064901728	13456819742471436309	2198101982082788475	6999006632442192421	-5812.4038085938	0.0000000000	6.5829075630	28.8796989343
6	1	5020305692600317862	13456819742471436309	5020305692600317862	5158608339074578668	-5814.2163085938	0.0000000000	0.8423242722	30.6921989343
5	4	2398313083122902780	13744796507174131493	6580157127640700520	7649177647879808020	-5818.0922851562	0.0000000000	10.2253720840	11.1182808473
7	0	7184753854421583295	9259356767843306794	5082070714351296726	5286222709671032002	-5819.2617187500	0.0000000000	1.0382090169	36.4563491873
7	2	7184753854421583295	17327495626708656360	6644614483682566357	7184753854421583295	-5819.5815429688	0.0000000000	1.3580332357	19.5241628605
8	1	7484687342783232930	13456819742471436309	1102315141984639438	6355569763771038213	-5820.6152343750	0.0000000000	1.0594805067	37.0911247155
5	7	2398313083122902780	7184753854421583295	8540694946834343074	15882858219586212965	-5820.6816406250	0.0000000000	12.8147275527	2.4581308919
5	2	2398313083122902780	17327495626708656360	8389083163651219708	12908584789995615454	-5820.9340820312	0.0000000000	13.0671689590	20.8767019230
0	4	9259356767843306794	13744796507174131493	7798252391954374296	8539774602572251678	-5820.9760742188	0.0000000000	38.1707046561	14.0020699098
0	9	9259356767843306794	18271804820455617114	17564179618506774455	18271804820455617114	-5821.5747070312	0.0000000000	38.7693374686	1.6745732240
5	1	2398313083122902780	13456819742471436309	5695059207146065745	6580157127640700520	-5821.8032226562	0.0000000000	13.9363095840	38.2791129968
7	4	7184753854421583295	13744796507174131493	2313538423233266837	8540694946834343074	-5821.8979492188	0.0000000000	3.6744394857	14.9239449098
6	0	5020305692600317862	9259356767843306794	12134517099597332027	13299776269177214498	-5821.9589843750	0.0000000000	8.5850000534	39.1536148123
1	2	13456819742471436309	17327495626708656360	486357124558657711	12796463258665088983	-5823.1293945312	0.0000000000	39.6052848718	23.0720144230
4	2	13744796507174131493	17327495626708656360	486357124558657711	2313538423233266837	-5823.1293945312	0.0000000000	16.1553902223	23.0720144230
3	2	935515840064901728	17327495626708656360	1712507348482171129	3270755405666858258	-5823.6088867188	0.0000000000	17.7879856880	23.5515066105
3	8	935515840064901728	7484687342783232930	6355569763771038213	12448540113971564856	-5824.0996093750	0.0000000000	18.2787083443	4.5438555067
6	4	5020305692600317862	13744796507174131493	5020305692600317862	10155952080976381076	-5824.1357421875	0.0000000000	10.7617578659	17.1617378786
3	6	935515840064901728	5020305692600317862	13299776269177214498	14537076783684801764	-5824.7143554688	0.0000000000	18.8934544380	11.3403711472
3	11	935515840064901728	8354271691829693942	1392354305357618447	8354271691829693942	-5827.2846679688	0.0000000000	21.4637669380	0.9570415307
11	0	8354271691829693942	9259356767843306794	8354271691829693942	10971746329756959954	-5827.2900390625	0.0000000000	0.9624126245	44.4846694998
10	0	7102445278865218129	9259356767843306794	4320031795969208172	7102445278865218129	-5827.8002929688	0.0000000000	1.7242452779	44.9949234061
3	10	935515840064901728	7102445278865218129	7102445278865218129	7905795423193768025	-5828.0629882812	0.0000000000	22.2420872505	1.9869405904
5	8	2398313083122902780	7484687342783232930	4281207231870054478	7096990035269814877	-5828.5068359375	0.0000000000	20.6399228652	8.9510820692
6	2	5020305692600317862	17327495626708656360	13299776269177214498	16107631141352203437	-5828.9965820312	0.0000000000	15.6225977097	28.9392019230
10	2	7102445278865218129	17327495626708656360	7102445278865218129	17833495313522187828	-5829.0429687500	0.0000000000	2.9669210592	28.9855886418
3	4	935515840064901728	13744796507174131493	4360931699014532891	18177924334865950260	-5829.2963867188	0.0000000000	23.4754856880	22.3223824098
14	1	247812421322574847	13456819742471436309	247812421322574847	8221645041154530701	-5829.3105468750	0.0000000000	-0.0000895851	45.7864372155
8	0	7484687342783232930	9259356767843306794	487278392931849848	4614391114665136615	-5829.4692382812	0.0000000000	9.9134844130	46.6638687186
13	4	11417629257336667085	13744796507174131493	6333026221726804425	11417629257336667085	-5830.9326171875	0.0000000000	2.1473635837	23.9586128786
13	1	11417629257336667085	13456819742471436309	11124199165802411788	11417629257336667085	-5831.7622070312	0.0000000000	2.9769534274	48.2380973718
0	15	9259356767843306794	14873374013526969923	2499904855411399985	14873374013526969923	-5831.9965820312	0.0000000000	49.1912124686	1.0049622511
14	13	247812421322574847	11417629257336667085	11601127677003857664	13524570238151278667	-5832.1245117188	0.0000000000	2.8138752586	3.3392581149
5	15	2398313083122902780	14873374013526969923	9302414269957895252	14873374013526969923	-5832.2153320312	0.0000000000	24.3484189590	1.2237122511
4	12	13744796507174131493	14533962943741030116	6333026221726804425	10612898441262519875	-5832.5869140625	0.0000000000	25.6129097536	4.3231147284
13	12	11417629257336667085	14533962943741030116	5433766486219916934	10612898441262519875	-5832.5869140625	0.0000000000	3.8016604587	4.3231147284
11	1	8354271691829693942	13456819742471436309	2653321907796920568	14202521817731279312	-5832.9414062500	0.0000000000	6.6137798120	49.4172965905
8	4	7484687342783232930	13744796507174131493	11722621030904122767	14766844493566645561	-5833.3090820312	0.0000000000	13.7533281630	26.3350777223
1	12	13456819742471436309	14533962943741030116	5704637334699501767	10563130960639151065	-5833.8627929688	0.0000000000	50.3386833093	5.5989936347
16	1	6777124504336706803	13456819742471436309	6777124504336706803	9736294297215298053	-5833.8759765625	0.0000000000	0.6239476234	50.3518669030
5	18	2398313083122902780	18152464656191664773	7482835282954096878	18152464656191664773	-5834.5556640625	0.0000000000	26.6887509902	0.7063836913
17	20	4419624833696315872	15372946583148891887	13944767850321873881	15372946583148891887	-5835.2705078125	0.0000000000	1.6832023920	0.0453570494
14	12	247812421322574847	14533962943741030116	3353209348816338995	11210383946546449509	-5835.3481445312	0.0000000000	6.0375080711	7.0843451972
0	21	9259356767843306794	10128525784335278497	10128525784335278497	14165785206085102327	-5835.5893554688	0.0000000000	52.7839859061	0.2825344266
19	11	2058379798036840621	8354271691829693942	2058379798036840621	4532261598990118102	-5835.6440429688	0.0000000000	1.1058583432	9.3164165307
17	0	4419624833696315872	9259356767843306794	14822402686256410742	17711119640958378648	-5835.7182617188	0.0000000000	2.1309562983	52.9128921561
21	2	10128525784335278497	17327495626708656360	10128525784335278497	17687384884272698901	-5835.7778320312	0.0000000000	0.4710109891	35.7204519230
0	20	9259356767843306794	15372946583148891887	15372946583148891887	16278752624329602789	-5836.0439453125	0.0000000000	53.2385757498	0.8187945494
5	17	2398313083122902780	4419624833696315872	14901022949097228245	15197184512882086849	-5836.1040039062	0.0000000000	28.2370908340	2.5166984858
17	15	4419624833696315872	14873374013526969923	4419624833696315872	6432873899698444398	-5836.4228515625	0.0000000000	2.8355461420	5.4312317823
19	8	2058379798036840621	7484687342783232930	3228128699464740246	9936255991445964674	-5837.1225585938	0.0000000000	2.5843739682	17.5668047255
16	0	6777124504336706803	9259356767843306794	8136296447352467798	18076609312271893451	-5837.5229492188	0.0000000000	4.2709202796	54.7175796561
21	9	10128525784335278497	18271804820455617114	13776485275875243236	15082169418776424931	-5837.9682617188	0.0000000000	2.6614406766	18.0681279115
0	18	9259356767843306794	18152464656191664773	11787861219886280623	17522064364954957765	-5838.1865234375	0.0000000000	55.3811538748	4.3372430663
19	2	2058379798036840621	17327495626708656360	9936255991445964674	11171814127182356460	-5838.2578125000	0.0000000000	3.7196278745	38.2004323918
8	11	7484687342783232930	8354271691829693942	14202521817731279312	17854569498821545406	-5838.8452148438	0.0000000000	19.2894609755	12.5175884057
0	12	9259356767843306794	14533962943741030116	13769134249153073588	17565645786359149931	-5839.3808593750	0.0000000000	56.5754898123	11.1170600409
15	20	14873374013526969923	15372946583148891887	5065260998604669099	10228154687686001170	-5839.4125976562	0.0000000000	8.4209778761	4.1874468931
14	4	247812421322574847	13744796507174131493	6639737907935666094	8323910301531797541	-5839.5034179688	0.0000000000	10.1927815086	32.5294136598
10	11	7102445278865218129	8354271691829693942	5510008848177220686	10746226883165794489	-5840.0468750000	0.0000000000	13.9708273092	13.7192485620
19	0	2058379798036840621	9259356767843306794	16031465162151495364	16823068108116805694	-5840.4711914062	0.0000000000	5.9330067807	57.6658218436
11	2	8354271691829693942	17327495626708656360	988906975826772436	9884260056457276843	-5840.8417968750	0.0000000000	14.5141704370	40.7844167668
19	1	2058379798036840621	13456819742471436309	8793679451545930147	10997028860556824690	-5841.1938476562	0.0000000000	6.6556630307	57.6697379968
17	13	4419624833696315872	11417629257336667085	2126909322765865270	15321759047621675015	-5841.2700195312	0.0000000000	7.6827141108	12.4847659274
3	9	935515840064901728	18271804820455617114	6397171054014206292	8349528115580664059	-5841.3408203125	0.0000000000	35.5199192818	21.4406865052
12	15	14533962943741030116	14873374013526969923	1754715952822876003	4570007466850122405	-5841.6611328125	0.0000000000	13.3973334784	10.6695130323
3	19	935515840064901728	2058379798036840621	5783344431168093724	9936255991445964674	-5841.7036132812	0.0000000000	35.8827122505	7.1654286557
5	20	2398313083122902780	15372946583148891887	5065260998604669099	14203721479796125232	-5841.8217773438	0.0000000000	33.9548642715	6.5966265806
13	20	11417629257336667085	15372946583148891887	979015100927151073	9301931078701087340	-5842.4248046875	0.0000000000	13.6395510837	7.1996539244
14	0	247812421322574847	9259356767843306794	2933979180624507060	4485846069511839660	-5842.4682617188	0.0000000000	13.1576252586	59.6628921561
19	7	2058379798036840621	7184753854421583295	14425181428132709328	17443381723154712317	-5843.1811523438	0.0000000000	8.6429677182	24.9576426107
17	1	4419624833696315872	13456819742471436309	2126909322765865270	10000235062775563709	-5843.9609375000	0.0000000000	10.3736320795	60.4368278405
6	12	5020305692600317862	14533962943741030116	2196206764772873727	9981954853773708226	-5844.2734375000	0.0000000000	30.8994531784	16.0096381659
7	1	7184753854421583295	13456819742471436309	1277905695102054696	14863604274744061947	-5844.7397460938	0.0000000000	26.5162363607	61.2156364343
2	9	17327495626708656360	18271804820455617114	8272399235102116990	11304972120866396294	-5844.7729492188	0.0000000000	44.7155691105	24.8728154115
1	15	13456819742471436309	14873374013526969923	5562840062570666251	18028473267079765752	-5845.2685546875	0.0000000000	61.7444450280	14.2769349073
0	23	9259356767843306794	17353902391342528634	12125516063265566247	17353902391342528634	-5845.2753906250	0.0000000000	62.4700210623	0.0637257849
22	0	3034672325705139760	9259356767843306794	7373652986417165786	12466184852317685110	-5845.5844726562	0.0000000000	2.3497696271	62.7791030936
0	13	9259356767843306794	11417629257336667085	7784424090568722203	9503903928565900942	-5845.6591796875	0.0000000000	62.8538101248	16.8739260837
8	2	7484687342783232930	17327495626708656360	1773392731745380469	4723627626527432410	-5845.7788085938	0.0000000000	26.2230547255	45.7214284855
14	17	247812421322574847	4419624833696315872	9407882821322742723	13231091069241769733	-5846.8603515625	0.0000000000	17.5497151024	13.2730461420
22	1	3034672325705139760	13456819742471436309	3034672325705139760	16426832694755929135	-5847.0673828125	0.0000000000	3.8326797834	63.5432731530
5	12	2398313083122902780	14533962943741030116	16374311857448374984	18275994073995180154	-5847.2373046875	0.0000000000	39.3703916152	18.9735053534
5	9	2398313083122902780	18271804820455617114	3261625510845695111	17021419229061942494	-5847.3510742188	0.0000000000	39.4841611465	27.4509404115
1	20	13456819742471436309	15372946583148891887	9806058810235023358	15747941524981868621	-5847.3706054688	0.0000000000	63.8464958093	12.1454547056
24	22	1979202043794946016	3034672325705139760	2458734117467578688	6620124325616941715	-5847.7163085938	0.0000000000	2.0790551972	4.4816055646
4	15	13744796507174131493	14873374013526969923	2371514268612799922	4570007466850122405	-5847.9824218750	0.0000000000	41.0084175661	16.9908020948
5	23	2398313083122902780	17353902391342528634	962175055779147416	9471800300489314953	-5848.2446289062	0.0000000000	40.3777158340	3.0329640662
17	7	4419624833696315872	7184753854421583295	6522614762718140935	10807506000206716532	-5848.3583984375	0.0000000000	14.7710930170	30.1348887044
15	2	14873374013526969923	17327495626708656360	7806619345909673447	8454236756558971260	-5848.3657226562	0.0000000000	17.3741028761	48.3083425480
3	22	935515840064901728	3034672325705139760	9854747943306854786	11289550598521026059	-5848.4609375000	0.0000000000	42.6400364693	5.2262344709
15	18	14873374013526969923	18152464656191664773	4060694656859201004	12216459138740767497	-5848.6625976562	0.0000000000	17.6709778761	14.8133172850
6	7	5020305692600317862	7184753854421583295	1126864092903710788	3486888699260125888	-5848.7065429688	0.0000000000	35.3325586472	30.4830332357
24	1	1979202043794946016	13456819742471436309	2538533603944421146	7353472632258046799	-5849.0292968750	0.0000000000	3.3920434785	65.5051872155
1	25	13456819742471436309	13763019986136493506	13763019986136493506	14073097246949731972	-5849.8237304688	0.0000000000	66.2996208093	0.3047827690
16	9	6777124504336706803	18271804820455617114	9829110014958667480	17987896523018974276	-5850.0576171875	0.0000000000	16.8055882484	30.1574833802
24	0	1979202043794946016	9259356767843306794	7099443269963522436	10967055960709376033	-5850.1772460938	0.0000000000	4.5399926972	67.3718765311
10	1	7102445278865218129	13456819742471436309	3881335566630609878	10606656411509402978	-5850.3159179688	0.0000000000	24.2398702779	66.7918083093
26	1	10069114262970339920	13456819742471436309	2212109792775386748	10069114262970339920	-5850.3320312500	0.0000000000	0.2957991003	66.8079215905
7	20	7184753854421583295	15372946583148891887	1308451645480314564	10807506000206716532	-5850.4755859375	0.0000000000	32.2520762044	15.2504351744
6	8	5020305692600317862	7484687342783232930	2086650411104987884	4332125901946584637	-5850.4965820312	0.0000000000	37.1225977097	30.9408281630
26	13	10069114262970339920	11417629257336667085	4941180302888680903	10069114262970339920	-5850.6699218750	0.0000000000	0.6336897253	21.8846682712
0	25	9259356767843306794	13763019986136493506	13763019986136493506	14532169548974365165	-5850.9135742188	0.0000000000	68.1082046561	1.3946265190
7	23	7184753854421583295	17353902391342528634	12945913526159662319	18015005503961078401	-5850.9331054688	0.0000000000	32.7095957357	5.7214406287
7	12	7184753854421583295	14533962943741030116	7056276262534722136	12085584638067339530	-5851.1040039062	0.0000000000	32.8804941732	22.8402045722
1	27	13456819742471436309	14565777880098740991	11749789300809400335	14565777880098740991	-5851.2768554688	0.0000000000	67.7527458093	0.7968600171
22	28	3034672325705139760	15635922165147853917	3814121307344861618	15635922165147853917	-5851.4799804688	0.0000000000	8.2452774396	0.9585654832
5	13	2398313083122902780	11417629257336667085	4921249839558922655	8807185973661272783	-5851.5932617188	0.0000000000	43.7263486465	22.8080081149
30	1	8500866450241111561	13456819742471436309	6488459061914984271	8500866450241111561	-5851.6630859375	0.0000000000	0.1258038300	68.1389762780
13	2	11417629257336667085	17327495626708656360	3012222380895608227	8664752929663769848	-5851.6635742188	0.0000000000	22.8783206149	51.6061941105
12	2	14533962943741030116	17327495626708656360	6937533578470860550	16496802721366711279	-5851.7397460938	0.0000000000	23.4759467597	51.6823659855
7	15	7184753854421583295	14873374013526969923	3759066424691198172	7972265021183958469	-5851.8237304688	0.0000000000	33.6002207357	20.8321106886
10	8	7102445278865218129	7484687342783232930	8076004082928431493	12672403359292195216	-5851.8725585938	0.0000000000	25.7965109029	32.3168047255
1	29	13456819742471436309	13585000793708429708	1142854523100060550	13585000793708429708	-5852.3208007812	0.0000000000	68.7966911218	0.9071760799
6	13	5020305692600317862	11417629257336667085	14556556428188511761	16422826088999834194	-5852.3320312500	0.0000000000	38.9580469284	23.5467776462
7	11	7184753854421583295	8354271691829693942	8656813962559685010	11000887274851937075	-5852.4897460938	0.0000000000	34.2662363607	26.1621196557
1	28	13456819742471436309	15635922165147853917	10439661839212141354	15635922165147853917	-5852.5712890625	0.0000000000	69.0471794030	2.0498740769
1	9	13456819742471436309	18271804820455617114	2785315330145282330	3802952188947837744	-5852.8105468750	0.0000000000	69.2864372155	32.9104130677
17	2	4419624833696315872	17327495626708656360	377266001962672956	8355917827682538368	-5853.1411132812	0.0000000000	19.5538078608	53.0837331730
22	11	3034672325705139760	8354271691829693942	1453782750389548541	13086980266266383253	-5853.7631835938	0.0000000000	10.5284805646	27.4355571557
14	15	247812421322574847	14873374013526969923	2895836932555302837	9167412048528034994	-5853.8481445312	0.0000000000	24.5375080711	22.8565247511
6	16	5020305692600317862	6777124504336706803	3378074611207478639	3777810317093931887	-5853.9995117188	0.0000000000	40.6255273972	20.7474827796
4	20	13744796507174131493	15372946583148891887	4265712741167987317	8380839593165097960	-5854.6708984375	0.0000000000	47.6968941286	19.4457476744
0	31	9259356767843306794	14666872076358745344	13773732730943386903	14666872076358745344	-5854.8881835938	0.0000000000	72.0828140311	1.0186939655
4	27	13744796507174131493	14565777880098740991	4298059564757925287	17217342179860228790	-5855.0737304688	0.0000000000	48.0997261598	4.5937350171
32	29	11229436157254813284	13585000793708429708	11229436157254813284	16018821990173668255	-5855.0781250000	0.0000000000	0.6155407090	3.6645002986
7	13	7184753854421583295	11417629257336667085	2322502958445943526	12085584638067339530	-5855.0810546875	0.0000000000	36.8575449544	26.2958010837
33	9	7887039593394851227	18271804820455617114	6605319982706361462	7887039593394851227	-5855.1186523438	0.0000000000	0.1432595141	35.2185185365
16	4	6777124504336706803	13744796507174131493	1899229566576368274	6459832081934349922	-5855.1650390625	0.0000000000	21.9130101234	48.1910347536
14	5	247812421322574847	2398313083122902780	10226927927363119966	18198585664318303417	-5855.3447265625	0.0000000000	26.0340901024	47.4778134902
8	28	7484687342783232930	15635922165147853917	7619297231525350859	14846859366852412795	-5855.3623046875	0.0000000000	35.8065508192	4.8408897019
24	27	1979202043794946016	14565777880098740991	8899589772006702605	14565777880098740991	-5855.4326171875	0.0000000000	9.7953637910	4.9526217359
16	32	6777124504336706803	11229436157254813284	373189346273836239	11229436157254813284	-5855.7119140625	0.0000000000	22.4598851234	1.2493297715
3	5	935515840064901728	2398313083122902780	3992033139967182623	17336593588545399363	-5856.0229492188	0.0000000000	50.2020481880	48.1560361465
4	18	13744796507174131493	18152464656191664773	24278021354355653	2596124319097001151	-5856.0971679688	0.0000000000	49.1231636598	22.2478875975
1	31	13456819742471436309	14666872076358745344	9114981834445796835	14666872076358745344	-5856.6416015625	0.0000000000	73.1174919030	2.7721119343
33	1	7887039593394851227	13456819742471436309	7887039593394851227	9114981834445796835	-5856.6416015625	0.0000000000	1.6662087328	73.1174919030
7	18	7184753854421583295	18152464656191664773	8304676462538983232	17639432516985567750	-5856.6552734375	0.0000000000	38.4317637044	22.8059930663
32	4	11229436157254813284	13744796507174131493	7424771281215953247	11184188775202324258	-5856.8173828125	0.0000000000	2.3547985215	49.8433785036
5	21	2398313083122902780	10128525784335278497	5917220397182159710	13018682242557470309	-5857.0268554688	0.0000000000	49.1599423965	21.7200344266
36	1	13235648486743037915	13456819742471436309	13235648486743037915	14222201922456166368	-5857.2153320312	0.0000000000	0.1360908537	73.6912223718
4	25	13744796507174131493	13763019986136493506	15209774898558177443	17654765741773173599	-5857.6206054688	0.0000000000	50.6466011598	8.1016577690
17	12	4419624833696315872	14533962943741030116	13118692648559694009	16347545500822690545	-5857.6215820312	0.0000000000	24.0342766108	29.3577826972
35	0	5302060071100678696	9259356767843306794	5302060071100678696	17292988104889613529	-5857.7084960938	0.0000000000	0.9311458982	74.9031265311
36	28	13235648486743037915	15635922165147853917	2686692367111203195	13235648486743037915	-5857.8374023438	0.0000000000	0.7581611662	7.3159873582
17	8	4419624833696315872	7484687342783232930	1699801803914175783	8215085872259985618	-5857.8754882812	0.0000000000	24.2881828608	38.3197344130
22	4	3034672325705139760	13744796507174131493	5470854342048624825	8272376266353371607	-5857.9365234375	0.0000000000	14.7018204084	50.9625191286
3	16	935515840064901728	6777124504336706803	245299190715228560	9829110014958667480	-5857.9736328125	0.0000000000	52.1527317818	24.7216038734
16	30	6777124504336706803	8500866450241111561	8997841934799657299	16785489378930416772	-5858.0268554688	0.0000000000	24.7748265296	6.4895733612
37	1	13285854435125799969	13456819742471436309	11063537616638886522	13285854435125799969	-5858.2338867188	0.0000000000	0.2341668391	74.7097770593
7	21	7184753854421583295	10128525784335278497	5917220397182159710	16861611882840091449	-5858.4160156250	0.0000000000	40.1925058919	23.1091945829
8	13	7484687342783232930	11417629257336667085	6807047741429896405	7635774105246029099	-5858.5708007812	0.0000000000	39.0150469130	29.7855471774
34	4	3412929990841189636	13744796507174131493	3412929990841189636	9792783592171119458	-5858.5874023438	0.0000000000	2.0974859239	51.6133980348
22	27	3034672325705139760	14565777880098740991	8272376266353371607	14566366389464067947	-5858.7177734375	0.0000000000	15.4830704084	8.2377779859
2	18	17327495626708656360	18152464656191664773	7488796235575220393	8325985101554272705	-5858.7348632812	0.0000000000	58.6774831730	24.8855829100
3	13	935515840064901728	11417629257336667085	1181463778593739246	2110541409181644212	-5859.2739257812	0.0000000000	53.4530247505	30.4886721774
19	4	2058379798036840621	13744796507174131493	1687788647691463280	13846796728463640266	-5859.3715820312	0.0000000000	24.8333974057	52.3975777223
2	23	17327495626708656360	17353902391342528634	3499334471796624798	13991812415815014670	-5859.3969726562	0.0000000000	59.3395925480	14.1853078162
35	9	5302060071100678696	18271804820455617114	7649158481599531882	16913943558472931643	-5859.4028320312	0.0000000000	2.6254818357	39.5026982240
16	29	6777124504336706803	13585000793708429708	12224863145017927241	14175276950867305459	-5859.4804687500	0.0000000000	26.2284398109	8.0668440486
31	9	14666872076358745344	18271804820455617114	5024934116578952910	10612087972113767102	-5859.5170898438	0.0000000000	5.6476002155	39.6169560365
32	1	11229436157254813284	13456819742471436309	978604762617108600	16583600963238206028	-5859.5732421875	0.0000000000	5.1106578965	76.0491325280
3	20	935515840064901728	15372946583148891887	10472797415605881926	18235319698715196002	-5859.6323242188	0.0000000000	53.8114231880	24.4071734556
11	9	8354271691829693942	18271804820455617114	3234092694176024381	10884757630637959231	-5859.9614257812	0.0000000000	33.6337993432	40.0612919740
34	1	3412929990841189636	13456819742471436309	3412929990841189636	7341180277238604021	-5860.0380859375	0.0000000000	3.5481695177	76.5139762780
1	18	13456819742471436309	18152464656191664773	4082994574636000065	14614140041345790171	-5860.3012695312	0.0000000000	76.7771598718	26.4519891600
12	20	14533962943741030116	15372946583148891887	9850951796602000108	13118692648559694009	-5860.3598632812	0.0000000000	32.0960639472	25.1347125181
0	32	9259356767843306794	11229436157254813284	7424771281215953247	13641352872316291536	-5860.5322265625	0.0000000000	77.7268569998	6.0696422715
33	31	7887039593394851227	14666872076358745344	4582731821533908277	18392843624446516931	-5860.8828125000	0.0000000000	5.9074196703	7.0133228718
0	29	9259356767843306794	13585000793708429708	9999895449980288254	15929029256934711864	-5860.9951171875	0.0000000000	78.1897476248	9.5814924861
27	28	14565777880098740991	15635922165147853917	12518196850694667910	18065141371439536708	-5861.0195312500	0.0000000000	10.5395357984	10.4981162644
6	32	5020305692600317862	11229436157254813284	12437222066368859938	13724530796933976372	-5861.0327148438	0.0000000000	47.6587305222	6.5701305528
4	38	13744796507174131493	16761810037874385395	995598050307323535	16761810037874385395	-5861.1533203125	0.0000000000	54.1793160036	0.0320444188
22	8	3034672325705139760	7484687342783232930	2501669039947405614	16969759913083458625	-5861.1791992188	0.0000000000	17.9444961896	41.6234453505
17	4	4419624833696315872	13744796507174131493	2461318570548745676	5334616485498415048	-5861.4160156250	0.0000000000	27.8287102045	54.4420113161
13	15	11417629257336667085	14873374013526969923	13395924148412909120	16558513094224408407	-5861.4335937500	0.0000000000	32.6483401462	30.4419739698
4	9	13744796507174131493	18271804820455617114	3020478662353978421	13994569144382627903	-5861.5087890625	0.0000000000	54.5347847536	41.6086552552
5	38	2398313083122902780	16761810037874385395	2519942869118797203	16761810037874385395	-5861.7109375000	0.0000000000	53.8440244277	0.5896616063
24	28	1979202043794946016	15635922165147853917	1530473566225873430	1535913804569319195	-5861.8901367188	0.0000000000	16.2528833222	11.3687217332
0	28	9259356767843306794	15635922165147853917	1019973446430895442	15051549638724464212	-5861.9980468750	0.0000000000	79.1926773123	11.4766318894
20	2	15372946583148891887	17327495626708656360	13274406022837666752	15140215055938172561	-5862.4052734375	0.0000000000	27.1801226744	62.3478933293
8	9	7484687342783232930	18271804820455617114	12969496549925723652	18140116003471442321	-5862.6987304688	0.0000000000	43.1429766005	42.7985966615
10	9	7102445278865218129	18271804820455617114	1389530241466680228	15482359297381207754	-5863.0805664062	0.0000000000	37.0045187154	43.1804325990
29	31	13585000793708429708	14666872076358745344	2407603982190804680	10954136054381501153	-5863.4189453125	0.0000000000	12.0053206111	9.5494556843
1	38	13456819742471436309	16761810037874385395	1934679918268901176	16761810037874385395	-5863.4511718750	0.0000000000	79.9270622155	2.3298959813
0	27	9259356767843306794	14565777880098740991	15619194994232780695	16188996171049263101	-5863.5375976562	0.0000000000	80.7322280936	13.0576022046
5	16	2398313083122902780	6777124504336706803	3813502380606546652	7964489522079502043	-5863.8325195312	0.0000000000	55.9656064590	30.5804905921
24	4	1979202043794946016	13744796507174131493	746773015949901704	5674868476487942195	-5863.9282226562	0.0000000000	18.2909692597	56.9542183473
34	0	3412929990841189636	9259356767843306794	11852366949039699813	13680711913925127298	-5864.2529296875	0.0000000000	7.7630132677	81.4475601248
15	9	14873374013526969923	18271804820455617114	6797972301820214583	8304146875698856900	-5865.1157226562	0.0000000000	34.1241028761	45.2155888490
3	28	935515840064901728	15635922165147853917	4893643936947952996	16560528045235350361	-5865.1806640625	0.0000000000	59.3597630318	14.6592490769
4	23	13744796507174131493	17353902391342528634	4866731885247579255	13403269356608007349	-5865.3940429688	0.0000000000	58.4200386598	20.1823781287
33	4	7887039593394851227	13744796507174131493	3950858931130784308	6932241417379706149	-5865.6362304688	0.0000000000	10.6608376391	58.6622261598
11	28	8354271691829693942	15635922165147853917	11696617661730781863	17079020908513161082	-5865.6782226562	0.0000000000	39.3505962182	15.1568076707
0	39	9259356767843306794	9810354197824293314	6636593599131336201	9810354197824293314	-5865.9204101562	0.0000000000	83.1150405936	0.2302505494
7	8	7184753854421583295	7484687342783232930	3853515654995515512	16426039861984965586	-5865.9345703125	0.0000000000	47.7110605794	46.3788164442
7	9	7184753854421583295	18271804820455617114	300082241696942298	13227867174657489616	-5866.0087890625	0.0000000000	47.7852793294	46.1086552552
3	26	935515840064901728	10069114262970339920	1238583753508905612	10545257902058197031	-5866.0434570312	0.0000000000	60.2225560005	16.0072248816
30	0	8500866450241111561	9259356767843306794	13298580042958975691	15685777516670296846	-5866.1518554688	0.0000000000	14.6145733612	83.3464859061
8	20	7484687342783232930	15372946583148891887	15528898667742819033	16516100625305473592	-5866.7065429688	0.0000000000	47.1507891005	31.4813922056
0	40	9259356767843306794	17329439133771538937	9314326559450945978	17329439133771538937	-5867.0253906250	0.0000000000	84.2200210623	0.4447115824
25	23	13763019986136493506	17353902391342528634	4866731885247579255	6028014389206062585	-5867.2607421875	0.0000000000	17.7417944877	22.0490773474
0	38	9259356767843306794	16761810037874385395	3381895171519697350	18278190532941034334	-5867.3798828125	0.0000000000	84.5745132498	6.2586069188
7	40	7184753854421583295	17329439133771538937	12405649383788777578	17329439133771538937	-5867.4907226562	0.0000000000	49.2672129232	0.9100436136
0	26	9259356767843306794	10069114262970339920	7360266095259100965	15864437451167139978	-5867.5424804688	0.0000000000	84.7371109061	17.5062483191
6	38	5020305692600317862	16761810037874385395	11134046993813091614	13461142910534106633	-5867.5654296875	0.0000000000	54.1914453659	6.4441537938
8	38	7484687342783232930	16761810037874385395	7066087916948293610	13461142910534106633	-5867.5654296875	0.0000000000	48.0096758192	6.4441537938
33	0	7887039593394851227	9259356767843306794	8498228389412451722	15260996691080348216	-5867.8872070312	0.0000000000	12.9118142016	85.0818374686
20	9	15372946583148891887	18271804820455617114	2090174113348257848	18341410051498579904	-5867.9233398438	0.0000000000	32.6981890806	48.0232060365
19	6	2058379798036840621	5020305692600317862	3382945773357569747	13214073602378437407	-5868.1118164062	0.0000000000	33.5736317807	54.7378320847
3	15	935515840064901728	14873374013526969923	5845674922232155713	13401799421794076811	-5868.2177734375	0.0000000000	62.3968724068	37.2261536573
4	40	13744796507174131493	17329439133771538937	3312965289161979645	17329439133771538937	-5868.4584960938	0.0000000000	61.4844917848	1.8778170511
17	9	4419624833696315872	18271804820455617114	976810518546873686	1098315964763324959	-5868.5092773438	0.0000000000	34.9219719233	48.6091435365
8	26	7484687342783232930	10069114262970339920	4621213090201869126	15864437451167139978	-5868.5107421875	0.0000000000	48.9549883192	18.4745100378
10	4	7102445278865218129	13744796507174131493	11402876584168198924	17069523744762629649	-5868.5556640625	0.0000000000	42.4796163717	61.5816597536
12	40	14533962943741030116	17329439133771538937	3296122699782642016	17329439133771538937	-5868.6616210938	0.0000000000	40.3978217597	2.0809420511
37	2	13285854435125799969	17327495626708656360	2464536274430493401	11128048883620188460	-5868.8447265625	0.0000000000	10.8450066828	68.7873464543
0	41	9259356767843306794	13470350209540924502	4356191019446649231	13470350209540924502	-5869.1708984375	0.0000000000	86.3655288748	2.1161798596
3	7	935515840064901728	7184753854421583295	2115663412010554216	4150373626617756023	-5869.2246093750	0.0000000000	63.4037083443	51.0010996419
6	29	5020305692600317862	13585000793708429708	8195600676134842885	17779617401981471167	-5869.5346679688	0.0000000000	56.1606836472	18.1210432674
29	4	13585000793708429708	13744796507174131493	8469269215309742219	13800759034115938264	-5869.8735351562	0.0000000000	18.4599104549	62.8995308473
5	34	2398313083122902780	3412929990841189636	1251045873110170215	17595297823711532043	-5869.9897460938	0.0000000000	62.1228330215	13.4998296739
32	9	11229436157254813284	18271804820455617114	506297911979119835	2525204296223704454	-5870.0156250000	0.0000000000	15.5530407090	50.1154911927
21	1	10128525784335278497	13456819742471436309	8990480777345027931	10957125115126821891	-5870.2045898438	0.0000000000	34.8977688016	86.6804801843
33	12	7887039593394851227	14533962943741030116	798752342472858263	10656061585180501455	-5870.3330078125	0.0000000000	15.3576149828	42.0692084784
42	1	12136865425921854489	13456819742471436309	12136865425921854489	17471597285504181053	-5870.3598632812	0.0000000000	0.2754867773	86.8357536218
10	7	7102445278865218129	7184753854421583295	4414978453881759697	17372930183676675771	-5870.5732421875	0.0000000000	44.4971944967	52.3497324544
1	40	13456819742471436309	17329439133771538937	17329439133771538937	17743745184176174612	-5870.7319335938	0.0000000000	87.2078239343	4.1512545511
8	23	7484687342783232930	17353902391342528634	7366792566785043697	18152900462529172017	-5870.7807617188	0.0000000000	51.2250078505	25.5690968787
5	43	2398313083122902780	17615345215767154738	4575826392308924799	17615345215767154738	-5870.9487304688	0.0000000000	63.0818173965	0.5494911391
30	32	8500866450241111561	11229436157254813284	6676523007593742029	8131470869926947630	-5871.0214843750	0.0000000000	19.4842022675	16.5589000840
3	17	935515840064901728	4419624833696315872	372942148496240793	4310660610814145716	-5871.0434570312	0.0000000000	65.2225560005	37.4561516108
41	9	13470350209540924502	18271804820455617114	13470350209540924502	15950341224953450207	-5871.4956054688	0.0000000000	4.4408868908	51.5954716615
30	9	8500866450241111561	18271804820455617114	13548474306164489387	16787080840068374296	-5871.4985351562	0.0000000000	19.9612530487	51.5984013490
0	43	9259356767843306794	17615345215767154738	11999902424465929533	17615345215767154738	-5871.5273437500	0.0000000000	88.7219741873	1.1281044204
0	37	9259356767843306794	13285854435125799969	8417170140650758457	17990240750258514445	-5871.6704101562	0.0000000000	88.8650405936	13.6706902766
3	21	935515840064901728	10128525784335278497	7975088291315226502	17249509375062957229	-5871.7763671875	0.0000000000	65.9554661568	36.4695461454
5	28	2398313083122902780	15635922165147853917	426149315602512807	15938194688184113512	-5871.8852539062	0.0000000000	64.0183408340	21.3638389207
16	12	6777124504336706803	14533962943741030116	13224442066441960272	14008980124363512594	-5871.9052734375	0.0000000000	38.6532444984	43.6414741034
29	2	13585000793708429708	17327495626708656360	2217694076408348989	7212867370313905753	-5871.9614257812	0.0000000000	20.5478010799	71.9040456730
5	22	2398313083122902780	3034672325705139760	9309352780694211771	14571430245352769877	-5872.0239257812	0.0000000000	64.1570127090	28.7892227521
44	1	8258607018018373577	13456819742471436309	340643829752442163	8258607018018373577	-5872.1499023438	0.0000000000	0.9980426091	88.6257926843
1	23	13456819742471436309	17353902391342528634	3756238403404585185	16692608316119037112	-5872.1743164062	0.0000000000	88.6502067468	26.9626515662
32	2	11229436157254813284	17327495626708656360	13485607057203357	9736254728115920824	-5872.4306640625	0.0000000000	17.9680797715	72.3732839543
6	9	5020305692600317862	18271804820455617114	1116494854741000185	8760773680582032309	-5872.4375000000	0.0000000000	59.0635156784	52.5373661927
45	0	4653565511850072245	9259356767843306794	4653565511850072245	4877213128769757579	-5872.4570312500	0.0000000000	0.6063879692	89.6516616873
3	18	935515840064901728	18152464656191664773	4133142011342758567	14828656246391772572	-5872.4843750000	0.0000000000	66.6634739693	38.6350946288
5	26	2398313083122902780	10069114262970339920	567696696162558190	2285428416379227860	-5872.6333007812	0.0000000000	64.7663877090	22.5970686316
0	36	9259356767843306794	13235648486743037915	1901835871429372674	12657673108382958468	-5872.6816406250	0.0000000000	89.8762710623	15.6023994474
19	29	2058379798036840621	13585000793708429708	403310203988858030	13571692392965835564	-5872.8798828125	0.0000000000	38.3416981870	21.4662581111
2	43	17327495626708656360	17615345215767154738	1010536816974611060	1627863076587341969	-5873.1972656250	0.0000000000	73.1398855168	2.7980262954
46	42	2604688087602281337	12136865425921854489	2604688087602281337	3425257400101115606	-5873.4282226562	0.0000000000	0.8642853937	3.3438461523
29	9	13585000793708429708	18271804820455617114	7940533462963828735	17715989193338918606	-5873.4633789062	0.0000000000	22.0497542049	53.5632450990
7	43	7184753854421583295	17615345215767154738	15276012221957483156	17615345215767154738	-5873.7197265625	0.0000000000	55.4962168294	3.3204872329
16	2	6777124504336706803	17327495626708656360	763535475962617032	4598826415340705104	-5873.7236328125	0.0000000000	40.4716038734	73.6662527043
3	12	935515840064901728	14533962943741030116	15077778411826502558	18337719110190375114	-5873.8251953125	0.0000000000	68.0042942818	45.5613959784
48	2	5044532849186003532	17327495626708656360	3495053422943773437	5044532849186003532	-5873.8520507812	0.0000000000	0.3471835524	73.7946706730
8	12	7484687342783232930	14533962943741030116	996458871681783923	14320407906223837593	-5874.0209960938	0.0000000000	54.4652422255	45.7571967597
15	43	14873374013526969923	17615345215767154738	1010536816974611060	5218790683567473157	-5874.1801757812	0.0000000000	43.1885560011	3.7809364516
12	9	14533962943741030116	18271804820455617114	11145544529542840453	17701972590446346219	-5874.3452148438	0.0000000000	46.0814155097	54.4450810365
50	11	7119631893703464391	8354271691829693942	5431913500303291972	7119631893703464391	-5874.3544921875	0.0000000000	0.1642713726	48.0268657495
8	27	7484687342783232930	14565777880098740991	5689912165705821329	9790740709069684359	-5874.4804687500	0.0000000000	54.9247148817	24.0004732984
19	50	2058379798036840621	7119631893703464391	7119631893703464391	9002517834351567527	-5874.5551757812	0.0000000000	40.0169911557	0.3649549663
45	9	4653565511850072245	18271804820455617114	4653565511850072245	5049079344961150235	-5874.5786132812	0.0000000000	2.7279700004	54.6784794740
49	7	3485241805714512442	7184753854421583295	3485241805714512442	9729088896054239021	-5874.5917968750	0.0000000000	0.8987947912	56.3682871419
47	1	8892433088587367261	13456819742471436309	6248992310574770894	8892433088587367261	-5874.6162109375	0.0000000000	1.6906632293	91.0921012780
49	11	3485241805714512442	8354271691829693942	3485241805714512442	13516368164291759954	-5874.7651367188	0.0000000000	1.0721346349	48.4375102807
38	23	16761810037874385395	17353902391342528634	975930331334281652	18307301017001245888	-5874.8300781250	0.0000000000	13.7088022313	29.6184132849
26	4	10069114262970339920	13744796507174131493	7896824020030361934	12943529044929941962	-5874.9326171875	0.0000000000	24.8963850378	67.9586128786
8	15	7484687342783232930	14873374013526969923	3312376151683908708	6277122362225921867	-5874.9462890625	0.0000000000	55.3905351942	43.9546692823
0	51	9259356767843306794	9320651249542022581	2033092480100972974	9320651249542022581	-5875.0971679688	0.0000000000	92.2917984061	0.3521882508
46	9	2604688087602281337	18271804820455617114	133135511849655817	2604688087602281337	-5875.0986328125	0.0000000000	2.5346955500	55.1984990052
21	43	10128525784335278497	17615345215767154738	1010536816974611060	5949341875989276723	-5875.2094726562	0.0000000000	39.9026516141	4.8102333266
14	8	247812421322574847	7484687342783232930	12406003621262758081	18160549645200760912	-5875.3193359375	0.0000000000	46.0086994774	55.7635820692
0	42	9259356767843306794	12136865425921854489	1053754653443748954	15893037621059672511	-5875.3764648438	0.0000000000	92.5710952811	5.2920883398
7	51	7184753854421583295	9320651249542022581	5481946268612707181	9320651249542022581	-5875.4282226562	0.0000000000	57.2047129232	0.6832429383
39	9	9810354197824293314	18271804820455617114	9504831445236376970	12199197509480008982	-5875.6010742188	0.0000000000	9.9109146119	55.7009404115
16	13	6777124504336706803	11417629257336667085	3632625293012722607	7974767451551070623	-5875.7788085938	0.0000000000	42.5267796546	46.9935549899
46	1	2604688087602281337	13456819742471436309	2604688087602281337	2994151532396123868	-5875.8759765625	0.0000000000	3.3120393000	92.3518669030
5	48	2398313083122902780	5044532849186003532	5044532849186003532	5529990941669983353	-5875.8808593750	0.0000000000	68.0139463027	2.3759921461
18	9	18152464656191664773	18271804820455617114	8774129997401903152	16765791378577553787	-5875.9306640625	0.0000000000	42.0813836913	56.0305302552
49	33	3485241805714512442	7887039593394851227	3485241805714512442	13001196366082880148	-5875.9453125000	0.0000000000	2.2523104162	20.9699196703
21	15	10128525784335278497	14873374013526969923	5949341875989276723	13451635619813790832	-5875.9921875000	0.0000000000	40.6853664579	45.0005677198
48	7	5044532849186003532	7184753854421583295	3962716779596170127	5044532849186003532	-5876.0791015625	0.0000000000	2.5742343336	57.8555918294
49	0	3485241805714512442	9259356767843306794	993065510396335966	3485241805714512442	-5876.0810546875	0.0000000000	2.3880526037	93.2756851248
19	13	2058379798036840621	11417629257336667085	982728782105202248	16551164702291941911	-5876.5561523438	0.0000000000	42.0179677182	47.7708987399
16	21	6777124504336706803	10128525784335278497	1312232194926801218	13154389794990933485	-5876.5600585938	0.0000000000	43.3080296546	41.2532375516
32	12	11229436157254813284	14533962943741030116	7262660085950101594	9242059486070111679	-5876.6835937500	0.0000000000	22.2210094590	48.4197944159
32	13	11229436157254813284	11417629257336667085	7262660085950101594	9668827326340841895	-5876.6835937500	0.0000000000	22.2210094590	47.8983401462
14	3	247812421322574847	935515840064901728	7332857298183917885	17024293998266807143	-5876.7084960938	0.0000000000	47.3978596336	70.8875950630
26	20	10069114262970339920	15372946583148891887	15277998380206197545	18258014559627448339	-5876.7192382812	0.0000000000	26.6830061316	41.4940875181
51	43	9320651249542022581	17615345215767154738	1869932634509004938	7433817971628770655	-5876.7998046875	0.0000000000	2.0548249695	6.4005653579
22	9	3034672325705139760	18271804820455617114	3967687658653349847	7723796588160390304	-5877.0810546875	0.0000000000	33.8463516584	57.1809208802
39	42	9810354197824293314	12136865425921854489	12061866633586661176	15109819124944849224	-5877.0854492188	0.0000000000	11.3952896119	7.0010727148
48	0	5044532849186003532	9259356767843306794	5044532849186003532	8472985763852478788	-5877.1147460938	0.0000000000	3.6098788649	94.3093765311
22	13	3034672325705139760	11417629257336667085	10647200138977418628	11003788851772030314	-5877.2329101562	0.0000000000	33.9982071271	48.4476565524
8	37	7484687342783232930	13285854435125799969	14550773533222240899	17649105492789308783	-5877.2509765625	0.0000000000	57.6952226942	19.2512566828
19	37	2058379798036840621	13285854435125799969	3947604816480671341	14550773533222240899	-5877.2509765625	0.0000000000	42.7127919370	19.2512566828
30	4	8500866450241111561	13744796507174131493	14876180728467526965	16682346979390940258	-5877.3750000000	0.0000000000	25.8377178925	70.4009956911
4	28	13744796507174131493	15635922165147853917	7757090013669068962	14977708535240191723	-5877.4721679688	0.0000000000	70.4981636598	26.9507529832
51	21	9320651249542022581	10128525784335278497	1869932634509004938	13486794260402943952	-5877.5356445312	0.0000000000	2.7906648133	42.2288234891
42	9	12136865425921854489	18271804820455617114	5304898811866214792	8612499863433816922	-5877.5683593750	0.0000000000	7.4839828711	57.6682255677
28	2	15635922165147853917	17327495626708656360	1376623438020411784	3410017451325635323	-5877.6171875000	0.0000000000	27.0957725144	77.5598073918
35	1	5302060071100678696	13456819742471436309	13455023530763621521	16915300548878319548	-5877.6704101562	0.0000000000	20.8930599607	94.1463004968
17	43	4419624833696315872	17615345215767154738	12320896108132827304	13468629448977096757	-5877.8632812500	0.0000000000	44.2759758295	7.4640419204
5	51	2398313083122902780	9320651249542022581	1869932634509004938	5809492690348335889	-5878.0859375000	0.0000000000	70.2190244277	3.3409577820
22	52	3034672325705139760	13163627984283868779	13163627984283868779	17177604907913518952	-5878.2109375000	0.0000000000	34.9762344709	0.5546175203
3	37	935515840064901728	13285854435125799969	6289143131723831522	10051778699896500215	-5878.2143554688	0.0000000000	72.3934544380	20.2146355891
0	52	9259356767843306794	13163627984283868779	13163627984283868779	16920085379901147337	-5878.2202148438	0.0000000000	95.4148452811	0.5638948640
21	23	10128525784335278497	17353902391342528634	842315016674433355	13812132275524180357	-5878.3315429688	0.0000000000	43.0247219266	33.1198781287
5	45	2398313083122902780	4653565511850072245	8439346924783054444	9760696484075167604	-5878.5092773438	0.0000000000	70.6423642715	6.6586340629
5	36	2398313083122902780	13235648486743037915	11318904837060723046	16125810601598480770	-5878.6142578125	0.0000000000	70.7473447402	21.5350166349
5	27	2398313083122902780	14565777880098740991	5778900270518911324	11678336725357287204	-5878.6396484375	0.0000000000	70.7727353652	28.1596529859
39	1	9810354197824293314	13456819742471436309	8839440433128780136	12061866633586661176	-5878.7148437500	0.0000000000	13.0246841432	95.1907340905
34	16	3412929990841189636	6777124504336706803	4720739079946628432	11006914242172637622	-5878.7861328125	0.0000000000	22.2962163927	45.5341038734
3	42	935515840064901728	12136865425921854489	1053754653443748954	2545128592826024926	-5878.8999023438	0.0000000000	73.0790013130	8.8155258398
7	33	7184753854421583295	7887039593394851227	1707456488108103511	15886245140466112250	-5879.1166992188	0.0000000000	60.8931894857	24.1413063891
19	9	2058379798036840621	18271804820455617114	11296479014429419005	13571692392965835564	-5879.1767578125	0.0000000000	44.6385731870	59.2766240052
35	43	5302060071100678696	17615345215767154738	5719736684605196701	16640229672005403861	-5879.4780273438	0.0000000000	22.7006771482	9.0787880141
6	23	5020305692600317862	17353902391342528634	2851835264360959837	16915230387784119837	-5879.5498046875	0.0000000000	66.1758203659	34.3381398474
11	31	8354271691829693942	14666872076358745344	2262904409172943936	3095001258343492492	-5879.5791015625	0.0000000000	53.2514751245	25.7096119343
50	26	7119631893703464391	10069114262970339920	7119631893703464391	14460582336164817155	-5879.5878906250	0.0000000000	5.3976698101	29.5516584753
5	6	2398313083122902780	5020305692600317862	370036380562410494	13441711953860352816	-5879.5966796875	0.0000000000	71.7297666152	66.2226953659
17	51	4419624833696315872	9320651249542022581	8426604879003581670	13277058862721956107	-5879.6147460938	0.0000000000	46.0274406733	4.8697663758
19	10	2058379798036840621	7102445278865218129	9125182658400836444	12021441166215931785	-5879.6376953125	0.0000000000	45.0995106870	53.5616476217
44	47	8258607018018373577	8892433088587367261	2124251568860271686	9755618818438616539	-5879.6918945312	0.0000000000	8.5400347966	6.7663468230
14	42	247812421322574847	12136865425921854489	17153123428729542239	18320298100602928642	-5879.9516601562	0.0000000000	50.6410236961	9.8672836523
19	22	2058379798036840621	3034672325705139760	9525709273675762106	17246143250696386941	-5880.0200195312	0.0000000000	45.4818349057	36.7853165021
51	9	9320651249542022581	18271804820455617114	1172560592480304665	7614268690914833309	-5880.0634765625	0.0000000000	5.3184968445	60.1633427552
46	0	2604688087602281337	9259356767843306794	2738019379386831412	11599650864870519152	-5880.1220703125	0.0000000000	7.5581330500	97.3167007498
34	32	3412929990841189636	11229436157254813284	11702428313594872291	13630357225116454250	-5880.1704101562	0.0000000000	23.6804937364	25.7078258653
8	33	7484687342783232930	7887039593394851227	8669396661731257996	12963297456001996589	-5880.2426757812	0.0000000000	60.6869219130	25.2672829516
6	11	5020305692600317862	8354271691829693942	3265917191853269898	8515115485615675082	-5880.2465820312	0.0000000000	66.8725977097	53.9189555932
5	37	2398313083122902780	13285854435125799969	10425632180350616314	12491287841876609661	-5880.4487304688	0.0000000000	72.5818173965	22.4490105891
4	31	13744796507174131493	14666872076358745344	4183441275909418790	11102417732062373792	-5880.5620117188	0.0000000000	73.5880074098	26.6925220905
19	28	2058379798036840621	15635922165147853917	463918408507639465	7658781826117718199	-5880.5620117188	0.0000000000	46.0238270932	30.0405967332
24	40	1979202043794946016	17329439133771538937	5755685673887252716	15198641180789129033	-5880.5634765625	0.0000000000	34.9262231660	13.9827975199
33	21	7887039593394851227	10128525784335278497	2740357285661387326	15553403149636106241	-5880.5639648438	0.0000000000	25.5885720141	45.2571438016
6	37	5020305692600317862	13285854435125799969	13803316919858739002	14348730022309933046	-5881.0483398438	0.0000000000	67.6743555222	23.0486199641
5	33	2398313083122902780	7887039593394851227	2320907364614972617	7048259736699769049	-5881.0747070312	0.0000000000	73.2077939590	26.0993142016
49	9	3485241805714512442	18271804820455617114	6652441548077780367	6886292706638587757	-5881.1191406250	0.0000000000	7.4261385412	61.2190068177
50	13	7119631893703464391	11417629257336667085	7119631893703464391	11013415797544624135	-5881.2128906250	0.0000000000	7.0226698101	52.4276370212
53	21	5657007686144780447	10128525784335278497	1881777498928388754	11568962827458911412	-5881.4462890625	0.0000000000	0.1332763188	46.1394680204
53	2	5657007686144780447	17327495626708656360	5657007686144780447	13611489443881311659	-5881.5078125000	0.0000000000	0.1947997563	81.4504323918
50	0	7119631893703464391	9259356767843306794	13552476040282881812	17043079201957111748	-5881.6586914062	0.0000000000	7.4684705913	98.8533218436
54	8	2021110977399019692	7484687342783232930	2021110977399019692	16820991074343756026	-5881.6767578125	0.0000000000	0.0742481461	62.1210039442
19	49	2058379798036840621	3485241805714512442	3674354880369078644	10256568437045662459	-5881.8979492188	0.0000000000	47.3597645932	8.2049471349
53	9	5657007686144780447	18271804820455617114	3448954404685224040	11568962827458911412	-5882.1503906250	0.0000000000	0.8373778813	62.2502568177
21	32	10128525784335278497	11229436157254813284	11914067290866192191	12525332029554586346	-5882.1948242188	0.0000000000	46.8880031766	27.7322399278
52	1	13163627984283868779	13456819742471436309	13163627984283868779	14559389888265847586	-5882.2280273438	0.0000000000	4.5717073640	98.7039176843
16	44	6777124504336706803	8258607018018373577	4216901967429872212	18107759914538845921	-5882.2324218750	0.0000000000	48.9803929359	11.0805621403
53	0	5657007686144780447	9259356767843306794	2281284408381456567	5657007686144780447	-5882.2573242188	0.0000000000	0.9443114751	99.4519546561
35	16	5302060071100678696	6777124504336706803	7275666764566751729	8454135940574425294	-5882.3491210938	0.0000000000	25.5717708982	49.0970921546
5	25	2398313083122902780	13763019986136493506	5826002874881715050	16021458559655559774	-5882.4716796875	0.0000000000	74.6047666152	32.9527319877
12	27	14533962943741030116	14565777880098740991	12982551214855201419	16613863310440332788	-5882.4877929688	0.0000000000	54.2239936347	32.0077975171
34	9	3412929990841189636	18271804820455617114	12766418968912798067	13591433097299489065	-5882.6733398438	0.0000000000	26.1834234239	62.7732060365
13	29	11417629257336667085	13585000793708429708	2826679401758466065	18278857556710988627	-5882.8310546875	0.0000000000	54.0458010837	31.4174299861
35	11	5302060071100678696	8354271691829693942	5678530684485778239	15911339330334651585	-5882.9331054688	0.0000000000	26.1557552732	56.6054790307
49	1	3485241805714512442	13456819742471436309	10256568437045662459	14176239732561810670	-5882.9628906250	0.0000000000	9.2698885412	99.4387809655
48	21	5044532849186003532	10128525784335278497	13048892332472965416	15905165372366474279	-5883.0903320312	0.0000000000	9.5854648024	47.7835109891
54	1	2021110977399019692	13456819742471436309	215675764879260820	2021110977399019692	-5883.1503906250	0.0000000000	1.5478809586	99.6262809655
43	9	17615345215767154738	18271804820455617114	5516578917244899622	12530702552680806758	-5883.2138671875	0.0000000000	12.8146278579	63.3137333802
21	31	10128525784335278497	14666872076358745344	4680090422396992896	15921887648022402837	-5883.3627929688	0.0000000000	48.0559719266	29.4933033405
24	52	1979202043794946016	13163627984283868779	2375507250622947332	9671390813298383753	-5883.4389648438	0.0000000000	37.8017114472	5.7826448640
16	20	6777124504336706803	15372946583148891887	5589035672287659366	5867468316989181510	-5883.5048828125	0.0000000000	50.2528538734	48.2797320494
5	32	2398313083122902780	11229436157254813284	12829327497207006502	14196590856583900538	-5883.5795898438	0.0000000000	75.7126767715	29.1170055528
54	19	2021110977399019692	2058379798036840621	10524694279203975912	13811070304790188833	-5883.6542968750	0.0000000000	2.0517872086	49.1161122495
17	37	4419624833696315872	13285854435125799969	6282223230788609996	14550773533222240899	-5883.7480468750	0.0000000000	50.1607414545	25.7483269953
27	2	14565777880098740991	17327495626708656360	8020999290745351117	17339670908388447601	-5883.8911132812	0.0000000000	33.4111178296	83.8337331730
3	25	935515840064901728	13763019986136493506	2551115172979123649	12119485329049656603	-5883.9375000000	0.0000000000	78.1165989693	34.4185523002
21	4	10128525784335278497	13744796507174131493	13680217676846314382	16087305909323202393	-5883.9819335938	0.0000000000	48.6751125516	77.0079292848
45	20	4653565511850072245	15372946583148891887	489948371169406161	18194880595304789484	-5884.1953125000	0.0000000000	12.3446692192	48.9701617369
16	47	6777124504336706803	8892433088587367261	8347996803863291584	14807016112830121739	-5884.2285156250	0.0000000000	50.9764866859	11.3029679168
33	11	7887039593394851227	8354271691829693942	1920468632367149630	9256545667129603345	-5884.2661132812	0.0000000000	29.2907204516	57.9384868432
10	28	7102445278865218129	15635922165147853917	14337183537501323245	15284896477515731918	-5884.3159179688	0.0000000000	58.2398702779	33.7945029832
52	9	13163627984283868779	18271804820455617114	2375507250622947332	5949154826292929007	-5884.4985351562	0.0000000000	6.8422151765	64.5984013490
50	2	7119631893703464391	17327495626708656360	14365660447327247492	17043079201957111748	-5884.5092773438	0.0000000000	10.3190565288	84.4518972355
45	53	4653565511850072245	5657007686144780447	2678998002589011647	7052179935935508042	-5884.5776367188	0.0000000000	12.7269934379	3.2646239751
5	29	2398313083122902780	13585000793708429708	760025340765001084	7393909373883433110	-5884.7026367188	0.0000000000	76.8357236465	33.2890120174
5	39	2398313083122902780	9810354197824293314	10665648980374329975	18292741061779361367	-5884.9599609375	0.0000000000	77.0930478652	19.2698013307
24	9	1979202043794946016	18271804820455617114	12415384753146251830	17873582283746736285	-5885.0864257812	0.0000000000	39.4491723847	65.1862919740
1	55	13456819742471436309	18283626660868936511	14998610620878444542	18283626660868936511	-5885.0996093750	0.0000000000	101.5754997155	0.1267210080
22	7	3034672325705139760	7184753854421583295	2044585100222606117	7272033261573878082	-5885.4072265625	0.0000000000	42.1725235334	67.1837168294
8	31	7484687342783232930	14666872076358745344	3331701823230151896	16286098494783963770	-5885.5009765625	0.0000000000	65.9452226942	31.6314869343
46	12	2604688087602281337	14533962943741030116	8822381968257910947	15406019113603382982	-5885.6469726562	0.0000000000	13.0830353937	57.3831733222
42	4	12136865425921854489	13744796507174131493	1337029510856408737	7959917093233356526	-5885.6914062500	0.0000000000	15.6070297461	78.7174019411
16	33	6777124504336706803	7887039593394851227	3239609945650100695	4350789697886271331	-5885.7309570312	0.0000000000	52.4789280921	30.7555642016
22	42	3034672325705139760	12136865425921854489	8749609547642377853	12188284202729347181	-5885.9179687500	0.0000000000	42.6832657209	15.8335922461
30	29	8500866450241111561	13585000793708429708	9260869894953284894	15347911187593060906	-5885.9370117188	0.0000000000	34.3997296112	34.5233870174
17	11	4419624833696315872	8354271691829693942	3258642684351812446	14242851062950773920	-5885.9887695312	0.0000000000	52.4014641108	59.6611430932
54	43	2021110977399019692	17615345215767154738	2259279601868554435	8400692625243355633	-5886.0913085938	0.0000000000	4.4887989274	15.6920692641
11	4	8354271691829693942	13744796507174131493	3265917191853269898	13008019520554909434	-5886.1230468750	0.0000000000	59.7954204370	79.1490425661
54	9	2021110977399019692	18271804820455617114	8292752733141714628	10524694279203975912	-5886.1865234375	0.0000000000	4.5840137711	66.2863896302
53	7	5657007686144780447	7184753854421583295	10338290615152289441	17580338049653452714	-5886.3300781250	0.0000000000	5.0170653813	68.1065683919
53	43	5657007686144780447	17615345215767154738	7604814475627013949	10338290615152289441	-5886.3300781250	0.0000000000	5.0170653813	15.9308387954
3	24	935515840064901728	1979202043794946016	11162955799544388729	16837260068211061307	-5886.3432617188	0.0000000000	80.5223606880	40.7060083222
34	12	3412929990841189636	14533962943741030116	697615772277852848	16015515751540991824	-5886.4550781250	0.0000000000	29.9651617052	58.1912787909
19	55	2058379798036840621	18283626660868936511	99564170552949932	18283626660868936511	-5886.6992187500	0.0000000000	52.1610341245	1.7263303830
23	9	17353902391342528634	18271804820455617114	14244363715524206615	14362183670108936366	-5886.8486328125	0.0000000000	41.6369679724	66.9484990052
34	6	3412929990841189636	5020305692600317862	6775296280012884366	17740528843901413812	-5886.9521484375	0.0000000000	30.4622320177	73.5781641159
19	26	2058379798036840621	10069114262970339920	7259377805891974992	16261156870394645660	-5887.0957031250	0.0000000000	52.5575184995	37.0594709753
52	27	13163627984283868779	14565777880098740991	2303250917236402489	18061365456217620142	-5887.1757812500	0.0000000000	9.5194612703	36.6957857984
13	9	11417629257336667085	18271804820455617114	5068491139910158134	7113407779346523081	-5887.2788085938	0.0000000000	58.4935549899	67.3786747865
14	2	247812421322574847	17327495626708656360	8713768507787269518	14623194473026832552	-5887.3549804688	0.0000000000	58.0443440086	87.2976003605
8	55	7484687342783232930	18283626660868936511	15450040583534706835	18283626660868936511	-5887.3857421875	0.0000000000	67.8299883192	2.4128538205
53	51	5657007686144780447	9320651249542022581	13308859936247925330	14336018850196050426	-5887.5141601562	0.0000000000	6.2011474126	12.7691804383
14	29	247812421322574847	13585000793708429708	3943084193040004422	10036650457709792975	-5887.6279296875	0.0000000000	58.3172932274	36.2143049861
46	39	2604688087602281337	9810354197824293314	12061866633586661176	16494143543619674902	-5887.6430664062	0.0000000000	15.0791291437	21.9529067994
16	7	6777124504336706803	7184753854421583295	1229726388956682195	17866858249413225005	-5887.7304687500	0.0000000000	54.4784398109	69.5069590169
17	39	4419624833696315872	9810354197824293314	11352834084896159500	17234418666872800561	-5887.8735351562	0.0000000000	54.2862297358	22.1833755494
13	27	11417629257336667085	14565777880098740991	5112922362094551108	11406830996269276902	-5887.8759765625	0.0000000000	59.0907229587	37.3959811109
3	23	935515840064901728	17353902391342528634	1924344717565099769	17451064544300885231	-5888.1069335938	0.0000000000	82.2860325630	42.8952687537
54	33	2021110977399019692	7887039593394851227	9381035342944893590	9533103159062668526	-5888.1372070312	0.0000000000	6.5346973649	33.1618142016
35	33	5302060071100678696	7887039593394851227	2480055456658953683	7427431132543859813	-5888.1791992188	0.0000000000	31.4018490232	33.2038063891
48	9	5044532849186003532	18271804820455617114	13203552380883208832	16902615019951720075	-5888.1933593750	0.0000000000	14.6884921461	68.2932255677
3	41	935515840064901728	13470350209540924502	11296635954341045965	11652846400786956792	-5888.6308593750	0.0000000000	82.8099583443	21.5761407971
35	2	5302060071100678696	17327495626708656360	2143387487700813349	2599986256616970076	-5888.7827148438	0.0000000000	32.0053646482	88.7253347355
36	2	13235648486743037915	17327495626708656360	914461296425148116	1987454704326517332	-5888.8476562500	0.0000000000	31.7684150724	88.7902761418
8	29	7484687342783232930	13585000793708429708	2016865700608616379	10499607330992087216	-5889.0107421875	0.0000000000	69.4549883192	37.5971174861
24	11	1979202043794946016	8354271691829693942	30332945516422820	17866608317289255083	-5889.2553710938	0.0000000000	43.6181176972	62.9277446557
28	38	15635922165147853917	16761810037874385395	11505275849237550844	13409850362862202537	-5889.3686523438	0.0000000000	38.8472373582	28.2473764500
11	13	8354271691829693942	11417629257336667085	15857050408841949724	17926100849242931836	-5889.5009765625	0.0000000000	63.1733501245	60.7157229587
48	55	5044532849186003532	18283626660868936511	8384155046004913744	10047642694166912038	-5889.5659179688	0.0000000000	16.0610507399	4.5930296017
6	36	5020305692600317862	13235648486743037915	8267262433494133306	9045478067028838921	-5889.6611328125	0.0000000000	76.2871484909	32.5818916349
24	8	1979202043794946016	7484687342783232930	13234172230294187946	17122215459860704549	-5889.6743164062	0.0000000000	44.0370630097	70.1185625380
5	11	2398313083122902780	8354271691829693942	9487151979002876244	12841856614586342753	-5890.0068359375	0.0000000000	82.1399228652	63.6792094995
22	16	3034672325705139760	6777124504336706803	15820786183428127665	16422772105011819063	-5890.1523437500	0.0000000000	46.9176407209	56.9003148109
16	31	6777124504336706803	14666872076358745344	10307128342438781856	13617077706186158658	-5890.3574218750	0.0000000000	57.1053929359	36.4879322468
51	32	9320651249542022581	11229436157254813284	2813797026527617917	5888265408603341989	-5890.3959960938	0.0000000000	15.6510163758	35.9334118028
54	35	2021110977399019692	5302060071100678696	7121706913175308889	14450460769586512807	-5890.5195312500	0.0000000000	8.9170215836	33.7421810544
54	29	2021110977399019692	13585000793708429708	11771010764492850037	18131687164249058699	-5890.5488281250	0.0000000000	8.9463184586	39.1352034236
24	2	1979202043794946016	17327495626708656360	11873514528515991396	14745505471866248025	-5890.6518554688	0.0000000000	45.0146020722	90.5944753605
33	43	7887039593394851227	17615345215767154738	3645030618463143367	13526814910596963457	-5890.8173828125	0.0000000000	35.8419899828	20.4181434829
11	26	8354271691829693942	10069114262970339920	7259377805891974992	17036580724237233010	-5890.9252929688	0.0000000000	64.5976665307	40.8890608191
1	41	13456819742471436309	13470350209540924502	9290473341611849405	12430242641218870206	-5891.0327148438	0.0000000000	107.5086051843	23.9779962658
13	28	11417629257336667085	15635922165147853917	12232316657481785563	15162105351272259275	-5891.0532226562	0.0000000000	62.2679690524	40.5318076707
1	43	13456819742471436309	17615345215767154738	3677404263747383920	11533131221208134734	-5891.2192382812	0.0000000000	107.6951286218	20.8199989516
53	1	5657007686144780447	13456819742471436309	8978098105710079145	10026569526455814460	-5891.2626953125	0.0000000000	9.9496825688	107.7385856530
33	55	7887039593394851227	18283626660868936511	6688312612663306847	14633904326254371061	-5891.3330078125	0.0000000000	36.3576149828	6.3601194455
13	42	11417629257336667085	12136865425921854489	3087572606023852709	8938574507691244241	-5891.3813476562	0.0000000000	62.5960940524	21.2969711523
20	43	15372946583148891887	17615345215767154738	932943963623293320	15639568965174319614	-5891.4550781250	0.0000000000	56.2299273619	21.0558387954
3	27	935515840064901728	14565777880098740991	4562803346764795264	13085651188571291768	-5891.4575195312	0.0000000000	85.6366185005	40.9775240796
56	1	8925404338917957100	13456819742471436309	2808094387800195671	8925404338917957100	-5891.6831054688	0.0000000000	0.2093961100	108.1589958093
19	56	2058379798036840621	8925404338917957100	105386729160674480	8925404338917957100	-5891.6889648438	0.0000000000	57.1507802182	0.2152554850
7	32	7184753854421583295	11229436157254813284	9229733179118049950	14607212056945689029	-5892.2871093750	0.0000000000	74.0635996419	37.8245250840
22	49	3034672325705139760	3485241805714512442	2810299299496459032	3157445548674555755	-5892.7324218750	0.0000000000	49.4977188459	19.0394197912
24	33	1979202043794946016	7887039593394851227	6772403569360844820	18417870992776532819	-5892.7612304688	0.0000000000	47.1239770722	37.7858376391
33	27	7887039593394851227	14565777880098740991	9388904688779038306	18417870992776532819	-5892.7612304688	0.0000000000	37.7858376391	42.2812350171
11	21	8354271691829693942	10128525784335278497	16801747144800169823	17129325783688437912	-5892.7919921875	0.0000000000	66.4643657495	57.4851711454
30	12	8500866450241111561	14533962943741030116	12426430557237500052	15199618146568964095	-5892.8862304688	0.0000000000	41.3489483612	64.6224311347
2	55	17327495626708656360	18283626660868936511	1942243111100846874	6688312612663306847	-5892.9165039062	0.0000000000	92.8591237980	7.9436155392
44	0	8258607018018373577	9259356767843306794	2027780352747045519	2898444337921590450	-5892.9960937500	0.0000000000	21.8442340153	110.1907241873
9	55	18271804820455617114	18283626660868936511	111539419815628259	16458789735426967443	-5893.1289062500	0.0000000000	73.2287724427	8.1560178830
5	31	2398313083122902780	14666872076358745344	3010118717521448341	13372163542839507895	-5893.1547851562	0.0000000000	85.2878720840	39.2852955280
45	1	4653565511850072245	13456819742471436309	54088190593685204	9263651299080753054	-5893.2026367188	0.0000000000	21.3519934379	109.6785270593
35	21	5302060071100678696	10128525784335278497	4406485780677565974	15951622819240532103	-5893.2241210938	0.0000000000	36.4467708982	57.9173000516
19	5	2058379798036840621	2398313083122902780	8736682058931419268	14694210134214923807	-5893.2578125000	0.0000000000	58.7196278745	85.3908994277
54	0	2021110977399019692	9259356767843306794	162382393578447203	10953260643421387854	-5893.2958984375	0.0000000000	11.6933887711	110.4905288748
42	12	12136865425921854489	14533962943741030116	4110951197091632971	17459586449359017060	-5893.3496093750	0.0000000000	23.2652328711	65.0858100409
17	35	4419624833696315872	5302060071100678696	3846952783726073644	14011034466891439491	-5893.3662109375	0.0000000000	59.7789055170	36.5888607419
51	2	9320651249542022581	17327495626708656360	4842371886978216409	13212607755638863797	-5893.4414062500	0.0000000000	18.6964265320	93.3840261418
54	2	2021110977399019692	17327495626708656360	162382393578447203	6689237598053941657	-5893.5454101562	0.0000000000	11.9429004899	93.4880300480
10	21	7102445278865218129	10128525784335278497	8709557283807152320	11317795769144727368	-5893.7880859375	0.0000000000	67.7120382467	58.4812648954
34	2	3412929990841189636	17327495626708656360	7934519619648046001	14519157252785445509	-5893.8564453125	0.0000000000	37.3665288927	93.7990652043
21	20	10128525784335278497	15372946583148891887	7564802046455689068	15864211580822518701	-5893.9765625000	0.0000000000	58.6697414579	58.7514117369
44	32	8258607018018373577	11229436157254813284	4436087921543450521	6607162149754251259	-5894.1250000000	0.0000000000	22.9731402653	39.6624157090
37	4	13285854435125799969	13744796507174131493	1076802768240748154	7945701004269065256	-5894.3071289062	0.0000000000	36.3074090266	87.3331245973
0	55	9259356767843306794	18283626660868936511	4711464671200434876	12974500083991171660	-5894.3344726562	0.0000000000	111.5291030936	9.3615842892
48	4	5044532849186003532	13744796507174131493	8524452679773323486	15569539287896850452	-5894.3911132812	0.0000000000	20.8862460524	87.4171089723
46	15	2604688087602281337	14873374013526969923	6542929738091422952	12307203484682481261	-5894.9619140625	0.0000000000	22.3979768000	63.9702942823
35	15	5302060071100678696	14873374013526969923	1710108535168299281	15568731966094868952	-5895.0205078125	0.0000000000	38.2431576169	64.0288880323
58	1	5922156570017638153	13456819742471436309	5922156570017638153	17185538163510796110	-5895.2021484375	0.0000000000	0.3101896587	111.6780387780
3	31	935515840064901728	14666872076358745344	8777811520038885924	10290090335631828993	-5895.2846679688	0.0000000000	89.4637669380	41.4151783405
58	33	5922156570017638153	7887039593394851227	874872485958870271	5922156570017638153	-5895.3037109375	0.0000000000	0.4117521587	40.3283181078
44	13	8258607018018373577	11417629257336667085	6607162149754251259	16145304499682478982	-5895.3750000000	0.0000000000	24.2231402653	66.5897463962
3	50	935515840064901728	7119631893703464391	13374530002921956521	14286082354342636014	-5895.3999023438	0.0000000000	89.5790013130	21.2096815288
50	1	7119631893703464391	13456819742471436309	3604327809679326184	14286082354342636014	-5895.3999023438	0.0000000000	21.2096815288	111.8757926843
5	53	2398313083122902780	5657007686144780447	4859389655553297953	13280449895884568957	-5895.4804687500	0.0000000000	87.6135556777	14.1674560063
21	57	10128525784335278497	16244187196017896716	8129359332385747277	9239423442299626162	-5895.6997070312	0.0000000000	60.3928859891	1.5273292431
21	12	10128525784335278497	14533962943741030116	2357398877940573895	13327396317013820360	-5895.7500000000	0.0000000000	60.4431789579	67.4862006659
21	27	10128525784335278497	14565777880098740991	3321553616596414101	15119983721586938839	-5895.8496093750	0.0000000000	60.5427883329	45.3696139234
27	57	14565777880098740991	16244187196017896716	15119983721586938839	16244187196017896716	-5895.8496093750	0.0000000000	45.3696139234	1.6772315868
52	57	13163627984283868779	16244187196017896716	4725889928292188554	16244187196017896716	-5895.8793945312	0.0000000000	18.2230745515	1.7070167431
57	9	16244187196017896716	18271804820455617114	8460444176487278265	16244187196017896716	-5895.8925781250	0.0000000000	1.7202003368	75.9924443177
5	55	2398313083122902780	18283626660868936511	4576406380872462663	10031508649057437251	-5895.9682617188	0.0000000000	88.1013486465	10.9953733517
28	9	15635922165147853917	18271804820455617114	3494516395198757609	16543735999755377926	-5896.1860351562	0.0000000000	45.6646201707	76.2859013490
24	7	1979202043794946016	7184753854421583295	1903091893115422333	11095639366584419273	-5896.2026367188	0.0000000000	50.5653833222	77.9791269857
48	1	5044532849186003532	13456819742471436309	5826626025714835596	6654285330851526494	-5896.3056640625	0.0000000000	22.8007968336	112.7815544030
24	5	1979202043794946016	2398313083122902780	6906525022347658238	17622259102499457842	-5896.3569335938	0.0000000000	50.7196801972	88.4900205215
48	33	5044532849186003532	7887039593394851227	6864197574176470074	17831153386398995963	-5896.3735351562	0.0000000000	22.8686679274	41.3981423266
46	4	2604688087602281337	13744796507174131493	12555394616988601011	18015184440581644661	-5896.3881835938	0.0000000000	23.8242463312	89.4141792848
14	44	247812421322574847	8258607018018373577	1776945967797383873	9855899823950706904	-5896.3886718750	0.0000000000	67.0780354149	25.2368121403
56	0	8925404338917957100	9259356767843306794	8664902852793767469	15576738600158688287	-5896.4726562500	0.0000000000	4.9989468912	113.6672866873
24	23	1979202043794946016	17353902391342528634	1903091893115422333	11304799826988541157	-5896.5776367188	0.0000000000	50.9403833222	51.3659718787
17	53	4419624833696315872	5657007686144780447	8632427326210872047	12691699429363186638	-5896.6982421875	0.0000000000	63.1109367670	15.3852294438
32	20	11229436157254813284	15372946583148891887	12105083321345446667	15271760122405346756	-5896.8818359375	0.0000000000	42.4192516465	61.6566851744
44	9	8258607018018373577	18271804820455617114	10192748856078772755	10906215922804351972	-5896.9277343750	0.0000000000	25.7758746403	77.0276005677
32	31	11229436157254813284	14666872076358745344	10066726542107032757	11769605660228352890	-5897.0488281250	0.0000000000	42.5862438340	43.1793384968
57	2	16244187196017896716	17327495626708656360	5159294692792460189	5462947324392376926	-5897.1030273438	0.0000000000	2.9306495556	97.0456472355
6	43	5020305692600317862	17615345215767154738	2793872850343341428	12971099788278308555	-5897.1616210938	0.0000000000	83.7876367722	26.7623817641
36	9	13235648486743037915	18271804820455617114	298095508839961850	15179394967263004596	-5897.1879882812	0.0000000000	40.1087471037	77.2878544740
46	33	2604688087602281337	7887039593394851227	6087994715883045544	16366789703282284110	-5897.1938476562	0.0000000000	24.6299103937	42.2184548266
58	9	5922156570017638153	18271804820455617114	5922156570017638153	17004725829490178375	-5897.2099609375	0.0000000000	2.3180021587	77.3098271302
17	21	4419624833696315872	10128525784335278497	1432185238230520175	18426730142534775210	-5897.2241210938	0.0000000000	63.6368156733	61.9173000516
49	43	3485241805714512442	17615345215767154738	5925316253595907922	10773018576288872282	-5897.2553710938	0.0000000000	23.5623690099	26.8561317641
54	49	2021110977399019692	3485241805714512442	5925316253595907922	11359891637010061459	-5897.2553710938	0.0000000000	15.6528614274	23.5623690099
16	15	6777124504336706803	14873374013526969923	9127863099889191891	10192819010423984719	-5897.2734375000	0.0000000000	64.0214085609	66.2818177198
4	43	13744796507174131493	17615345215767154738	11533131221208134734	16135336377640868196	-5897.3168945312	0.0000000000	90.3428902223	26.9176552016
51	1	9320651249542022581	13456819742471436309	8068616445262536270	12118241494888734073	-5897.5239257812	0.0000000000	22.7789460633	113.9998161218
16	43	6777124504336706803	17615345215767154738	3335162836372354523	14582940889457628859	-5897.5507812500	0.0000000000	64.2987523109	27.1515419204
54	7	2021110977399019692	7184753854421583295	3959816879930939720	8669117837377885536	-5897.5688476562	0.0000000000	15.9663379899	79.3453379232
51	20	9320651249542022581	15372946583148891887	7668025452373617139	8499942837371811820	-5897.5747070312	0.0000000000	22.8297273133	62.3495562681
34	18	3412929990841189636	18152464656191664773	10171920821228045890	13084366101846488392	-5897.5756835938	0.0000000000	41.0857671739	63.7264032225
16	25	6777124504336706803	13763019986136493506	5639492243794982265	6564793393405718766	-5897.7460937500	0.0000000000	64.4940648109	48.2271460502
16	8	6777124504336706803	7484687342783232930	6449949594219048874	14931077135514146147	-5897.7724609375	0.0000000000	64.5204319984	78.2167070692
30	31	8500866450241111561	14666872076358745344	6189172540495084509	14554655522593189025	-5897.8398437500	0.0000000000	46.3025616425	43.9703541218
19	33	2058379798036840621	7887039593394851227	7149755438976018886	10762915858030424965	-5897.8515625000	0.0000000000	63.3133778745	42.8761696703
33	2	7887039593394851227	17327495626708656360	3996399249896591928	6440996348999375911	-5898.0019531250	0.0000000000	43.0265602953	97.9445730168
17	42	4419624833696315872	12136865425921854489	11746958900827267629	14664781837860307606	-5898.0180664062	0.0000000000	64.4307609858	27.9336899023
46	13	2604688087602281337	11417629257336667085	6332358200793507095	10342062811484687035	-5898.0190429688	0.0000000000	25.4551057062	69.2337893649
34	57	3412929990841189636	16244187196017896716	13278601398924689202	16244187196017896716	-5898.1074218750	0.0000000000	41.6175054552	3.9350440868
53	20	5657007686144780447	15372946583148891887	2178001158206671162	13111606771362863762	-5898.1191406250	0.0000000000	16.8061278813	62.8939898619
52	28	13163627984283868779	15635922165147853917	7830784260118114875	13829198621894963385	-5898.2763671875	0.0000000000	20.6200472078	47.7549522019
4	57	13744796507174131493	16244187196017896716	1084237860328974942	8129359332385747277	-5898.2851562500	0.0000000000	91.3111519411	4.1127784618
47	0	8892433088587367261	9259356767843306794	740357647993055297	12470765279269124165	-5898.3579101562	0.0000000000	25.4323624480	115.5525405936
1	57	13456819742471436309	16244187196017896716	1267127269411630224	5159294692792460189	-5898.4165039062	0.0000000000	114.8923942468	4.2441261181
11	56	8354271691829693942	8925404338917957100	10253005730490499003	17250521124633735250	-5898.5141601562	0.0000000000	72.1865337182	7.0404507975
59	44	3807724572909194356	8258607018018373577	3807724572909194356	10769906963771451084	-5898.7895507812	0.0000000000	0.7826818124	27.6376910466
47	9	8892433088587367261	18271804820455617114	2935301113764435688	3577381924491980633	-5898.8041992188	0.0000000000	25.8786515105	78.9040654115
59	9	3807724572909194356	18271804820455617114	3807724572909194356	4041496661409330157	-5898.8203125000	0.0000000000	0.8134435312	78.9201786927
24	21	1979202043794946016	10128525784335278497	11974688162966969107	12892919201270713733	-5898.9614257812	0.0000000000	53.3241723847	63.6546047391
58	8	5922156570017638153	7484687342783232930	258822432509965687	5922156570017638153	-5899.0136718750	0.0000000000	4.1217130962	79.4579180067
6	21	5020305692600317862	10128525784335278497	1861616794905078400	13036921454573991116	-5899.0717773438	0.0000000000	85.6977930222	63.7649563016
34	7	3412929990841189636	7184753854421583295	398080279376254377	1672201346791378664	-5899.1079101562	0.0000000000	42.6179937364	80.8844004232
12	43	14533962943741030116	17615345215767154738	7324578195087476947	14582940889457628859	-5899.2163085938	0.0000000000	70.9525092597	28.8170692641
35	29	5302060071100678696	13585000793708429708	10514745922163062329	13639153817673950660	-5899.2641601562	0.0000000000	42.4868099607	47.8505354549
17	33	4419624833696315872	7887039593394851227	3660993412844000231	16138845926694200659	-5899.3886718750	0.0000000000	65.8013664545	44.4132790453
51	15	9320651249542022581	14873374013526969923	2953740918008014824	8402186419322482386	-5899.4970703125	0.0000000000	24.7520905945	68.5054505323
30	13	8500866450241111561	11417629257336667085	4673124332555296436	15519718081896405744	-5899.5512695312	0.0000000000	48.0139874237	70.7660159274
59	0	3807724572909194356	9259356767843306794	3807724572909194356	9881399437920022818	-5899.6513671875	0.0000000000	1.6444982187	116.8459976248
21	52	10128525784335278497	13163627984283868779	8917486923397365721	14495143573642711770	-5899.6840820312	0.0000000000	64.3772609891	22.0277620515
58	4	5922156570017638153	13744796507174131493	6176435730008967064	10578934877527109480	-5899.7553710938	0.0000000000	4.8634123150	92.7813667848
58	51	5922156570017638153	9320651249542022581	10578934877527109480	15819448565934263406	-5899.7553710938	0.0000000000	4.8634123150	25.0103913758
5	42	2398313083122902780	12136865425921854489	7828447959434327895	12860134641328890326	-5899.8793945312	0.0000000000	92.0124814590	29.7950180273
5	49	2398313083122902780	3485241805714512442	10766337764532057205	17710290970042616540	-5899.8833007812	0.0000000000	92.0163877090	26.1902986974
49	8	3485241805714512442	7484687342783232930	5611029653341165439	10766337764532057205	-5899.8833007812	0.0000000000	26.1902986974	80.3275469130
51	42	9320651249542022581	12136865425921854489	5950015172545526734	16910505071407015786	-5900.1372070312	0.0000000000	25.3922273133	30.0528305273
0	57	9259356767843306794	16244187196017896716	5929920509932303175	17450147017962309754	-5900.1396484375	0.0000000000	117.3342788748	5.9672706493
59	1	3807724572909194356	13456819742471436309	3807724572909194356	13504029525405643628	-5900.1484375000	0.0000000000	2.1415685312	116.6243278405
1	60	13456819742471436309	13912855578732038628	13912855578732038628	18070315040247757546	-5900.1831054688	0.0000000000	116.6589958093	1.2402694133
13	60	11417629257336667085	13912855578732038628	2717271415324046624	13912855578732038628	-5900.2109375000	0.0000000000	71.4256838962	1.2681014445
60	9	13912855578732038628	18271804820455617114	5552943310652844993	6059974751248330979	-5900.2915039062	0.0000000000	1.3486678508	80.3913700990
51	4	9320651249542022581	13744796507174131493	11412484022798408926	12332987426098613398	-5900.2963867188	0.0000000000	25.5514070008	93.3223824098
51	12	9320651249542022581	14533962943741030116	6828131414998283969	13834022528348029755	-5900.3081054688	0.0000000000	25.5631257508	72.0443061347
16	51	6777124504336706803	9320651249542022581	268523872979883472	2564649983193419293	-5900.4243164062	0.0000000000	67.1722874671	25.6793366883
3	46	935515840064901728	2604688087602281337	10065288672541268751	12083146664519885098	-5900.4643554688	0.0000000000	94.6434544380	27.9004182062
29	12	13585000793708429708	14533962943741030116	5866320612523170092	7446886774637582220	-5900.4750976562	0.0000000000	49.0614729549	72.2112983222
58	0	5922156570017638153	9259356767843306794	4922489191318682422	10578934877527109480	-5900.6489257812	0.0000000000	5.7569670025	117.8435562186
39	13	9810354197824293314	11417629257336667085	13377477980762668742	14591457660571299575	-5900.7846679688	0.0000000000	35.0945083619	71.9994143649
48	8	5044532849186003532	7484687342783232930	5286668076113518111	12487798922953869580	-5900.8193359375	0.0000000000	27.3144687086	81.2635820692
53	13	5657007686144780447	11417629257336667085	13834246047632498574	17353617385410221111	-5900.8886718750	0.0000000000	19.5756591313	72.1034182712
44	4	8258607018018373577	13744796507174131493	13072880581165062043	18334267237824760316	-5900.9296875000	0.0000000000	29.7778277653	93.9556831911
51	13	9320651249542022581	11417629257336667085	3209318715165573362	7866542376011404399	-5901.0449218750	0.0000000000	26.2999421570	72.2596682712
13	43	11417629257336667085	17615345215767154738	6621960583113851203	13267358765513415243	-5901.1904296875	0.0000000000	72.4051760837	30.7911903579
16	23	6777124504336706803	17353902391342528634	265504153716442812	10494666932052030106	-5901.3056640625	0.0000000000	68.0536351234	56.0939992224
22	59	3034672325705139760	3807724572909194356	3807724572909194356	12205027912969804638	-5901.6069335938	0.0000000000	58.3722305646	3.6000646249
27	9	14565777880098740991	18271804820455617114	12264368537139142470	15309967888219067577	-5901.9663085938	0.0000000000	51.4863131421	82.0661747865
5	58	2398313083122902780	5922156570017638153	4156349860942966424	10578934877527109480	-5902.0249023438	0.0000000000	94.1579892715	7.1329435650
44	41	8258607018018373577	13470350209540924502	336090785592489669	2730831320470508595	-5902.1455078125	0.0000000000	30.9936480778	35.0907892346
0	60	9259356767843306794	13912855578732038628	11161471380687919166	13912855578732038628	-5902.3398437500	0.0000000000	119.5344741873	3.3970076945
34	29	3412929990841189636	13585000793708429708	1453390226878245084	13047606464564590438	-5902.4389648438	0.0000000000	45.9490484239	51.0253401424
30	21	8500866450241111561	10128525784335278497	7274411042993958427	18293505672800389170	-5902.5185546875	0.0000000000	50.9812725800	67.2117336454
13	31	11417629257336667085	14666872076358745344	10915174091644489217	15972814893705731280	-5902.6459960938	0.0000000000	73.8607424899	48.7765064655
21	41	10128525784335278497	13470350209540924502	11445005832494883942	16382530256968687006	-5902.8671875000	0.0000000000	67.5603664579	35.8124689221
19	43	2058379798036840621	17615345215767154738	9989874100386944227	13507263457852736716	-5902.9584960938	0.0000000000	68.4203114682	32.5592567641
19	32	2058379798036840621	11229436157254813284	2323138351512661521	13144733522158985928	-5902.9799804688	0.0000000000	68.4417958432	48.5173961778
17	32	4419624833696315872	11229436157254813284	10233356675937530375	14486357004366156203	-5903.0004882812	0.0000000000	69.4131828608	48.5379039903
46	17	2604688087602281337	4419624833696315872	62005896391939321	1916389684243402842	-5903.0942382812	0.0000000000	30.5303010187	69.5069328608
8	60	7484687342783232930	13912855578732038628	2269056418823723197	13912855578732038628	-5903.1401367188	0.0000000000	83.5843828505	4.1973006633
32	43	11229436157254813284	17615345215767154738	11028965099104744292	13646137505389984972	-5903.1450195312	0.0000000000	48.6824352403	32.7457802016
22	47	3034672325705139760	8892433088587367261	2935301113764435688	5482405759915394240	-5903.1992187500	0.0000000000	59.9645157209	30.2736710418
6	47	5020305692600317862	8892433088587367261	517555917648895058	3738103362495158870	-5903.4042968750	0.0000000000	90.0303125534	30.4787491668
3	35	935515840064901728	5302060071100678696	10299827285486133045	12097886531779351223	-5903.6040039062	0.0000000000	97.7831028755	46.8266537107
11	51	8354271691829693942	9320651249542022581	10372416776931145511	13527700317371366823	-5903.6484375000	0.0000000000	77.3208110620	28.9034577820
11	29	8354271691829693942	13585000793708429708	14795387448029903840	17976631228288879879	-5903.7749023438	0.0000000000	77.4472759057	52.3612776424
24	16	1979202043794946016	6777124504336706803	1630028769973429772	13195367088783694783	-5903.7773437500	0.0000000000	58.1400903535	70.5253148109
44	42	8258607018018373577	12136865425921854489	5373671004724351525	17300882141179406692	-5903.8837890625	0.0000000000	32.7319293278	33.7994125586
19	35	2058379798036840621	5302060071100678696	10514745922163062329	14840967115706488332	-5903.9736328125	0.0000000000	69.4354481870	47.1962826169
3	29	935515840064901728	13585000793708429708	660879753272308729	5986221580955594597	-5904.0747070312	0.0000000000	98.2538060005	52.6610823299
34	21	3412929990841189636	10128525784335278497	3817406611366362083	16403987161868475215	-5904.1738281250	0.0000000000	47.6839117052	68.8670070829
54	11	2021110977399019692	8354271691829693942	5114570669833101925	5923350932770659766	-5904.1782226562	0.0000000000	22.5757129899	77.8505962182
3	60	935515840064901728	13912855578732038628	6885168890018689159	8594158381855108152	-5904.2407226562	0.0000000000	98.4198216255	5.2978866008
5	30	2398313083122902780	8500866450241111561	3440286043252810361	10151058279767107681	-5904.2724609375	0.0000000000	96.4055478652	52.7351788300
47	4	8892433088587367261	13744796507174131493	5953123040170366967	11757760928325825120	-5904.3359375000	0.0000000000	31.4103897918	97.3619331911
13	23	11417629257336667085	17353902391342528634	1559429520013329981	18361121136290887216	-5904.3906250000	0.0000000000	75.6053713962	59.1789601599
52	2	13163627984283868779	17327495626708656360	767045031590539676	3675492704805043753	-5904.4208984375	0.0000000000	26.7645784578	104.3635183293
5	52	2398313083122902780	13163627984283868779	7179059160892564181	15656280232038454007	-5904.4848632812	0.0000000000	96.6179502090	26.8285433015
52	4	13163627984283868779	13744796507174131493	7179059160892564181	18401420430965792804	-5904.4848632812	0.0000000000	26.8285433015	97.5108589723
5	46	2398313083122902780	2604688087602281337	12665539174906057432	14295777898924653750	-5904.5214843750	0.0000000000	96.6545713027	31.9575471125
49	21	3485241805714512442	10128525784335278497	572410649837389872	16676466416584445889	-5904.5434570312	0.0000000000	30.8504549474	69.2366359891
37	29	13285854435125799969	13585000793708429708	2516096172896594373	4014142586712672920	-5904.6064453125	0.0000000000	46.6067254328	53.1928206111
48	32	5044532849186003532	11229436157254813284	4641768785853072396	10736198278386581242	-5904.6479492188	0.0000000000	31.1430819899	50.1853649278
22	10	3034672325705139760	7102445278865218129	12480099220231471711	17680269906320138044	-5904.6870117188	0.0000000000	61.4523086896	78.6109640279
48	23	5044532849186003532	17353902391342528634	9266879155430953208	9818152687963030129	-5904.7749023438	0.0000000000	31.2700351149	59.5632375037
13	41	11417629257336667085	13470350209540924502	3907995854155223487	17377020576466588453	-5904.8232421875	0.0000000000	76.0379885837	37.7685236096
7	55	7184753854421583295	18283626660868936511	8501794493622246177	9729244796112237309	-5904.9467773438	0.0000000000	86.7232676107	19.9738889767
19	17	2058379798036840621	4419624833696315872	171065513489152036	15754971885267206495	-5904.9687500000	0.0000000000	70.4305653745	71.3814445795
54	5	2021110977399019692	2398313083122902780	7580631059276215197	15134257627601863059	-5904.9848632812	0.0000000000	23.3823536149	97.1179502090
26	9	10069114262970339920	18271804820455617114	4709016717028226351	6892690936669424500	-5904.9951171875	0.0000000000	54.9588850378	85.0949833802
45	16	4653565511850072245	6777124504336706803	3052005755237747270	14240513234455903677	-5905.0209960938	0.0000000000	33.1703528129	71.7689671546
7	27	7184753854421583295	14565777880098740991	6065145544354287582	10834828922831344569	-5905.1787109375	0.0000000000	86.9552012044	54.6987154859
45	13	4653565511850072245	11417629257336667085	8210943290309404734	10316538583781241903	-5905.2744140625	0.0000000000	33.4237707817	76.4891604587
49	35	3485241805714512442	5302060071100678696	7281399584021136800	8233375288738532759	-5905.3198242188	0.0000000000	31.6268221349	48.5424740232
49	51	3485241805714512442	9320651249542022581	8403604979327502862	14316132593347590322	-5905.4243164062	0.0000000000	31.7313143224	30.6793366883
42	15	12136865425921854489	14873374013526969923	2166667325399675184	18095113088295170298	-5905.4379882812	0.0000000000	35.3536117773	74.4463685011
8	43	7484687342783232930	17615345215767154738	9543632963868634591	15932262750497030149	-5905.5629882812	0.0000000000	86.0072344130	35.1637489516
14	9	247812421322574847	18271804820455617114	13890190239726859512	15104500953040212265	-5905.6235351562	0.0000000000	76.3128986961	85.7234013490
45	51	4653565511850072245	9320651249542022581	10024973832249204332	14811866487693302004	-5905.6513671875	0.0000000000	33.8007239067	30.9063874695
41	2	13470350209540924502	17327495626708656360	1717061013896221732	4191798890209134898	-5905.6918945312	0.0000000000	38.6371759533	105.6345144230
44	12	8258607018018373577	14533962943741030116	4203233089783493837	14776162918277602914	-5905.7963867188	0.0000000000	34.6445269841	77.5325873847
21	40	10128525784335278497	17329439133771538937	96631759316045151	8644313104123818653	-5906.1098632812	0.0000000000	70.8030422391	39.5291842386
3	43	935515840064901728	17615345215767154738	5482019832119788329	18268399986884102740	-5906.2636718750	0.0000000000	100.4427708443	35.8644325454
42	43	12136865425921854489	17615345215767154738	5394691023102801939	16038339768784335540	-5906.3095703125	0.0000000000	36.2251938086	35.9103309829
3	34	935515840064901728	3412929990841189636	558876669807880105	16129020987244831009	-5906.3378906250	0.0000000000	100.5169895943	49.8479742052
19	48	2058379798036840621	5044532849186003532	2248917068951988688	6683697010424725253	-5906.4116210938	0.0000000000	71.8734364682	32.9067538649
46	22	2604688087602281337	3034672325705139760	4675673678672839337	16579374086251619284	-5906.5805664062	0.0000000000	34.0166291437	63.3458633771
59	16	3807724572909194356	6777124504336706803	12985899192947314563	17062891757714050900	-5906.6586914062	0.0000000000	8.6518224374	73.4066624671
49	27	3485241805714512442	14565777880098740991	425474154485610691	11409844475607838856	-5906.9443359375	0.0000000000	33.2513338537	56.4643404859
5	57	2398313083122902780	16244187196017896716	4060467501691079424	6465252974398210522	-5906.9575195312	0.0000000000	99.0906064590	12.7851417431
40	9	17329439133771538937	18271804820455617114	13108882137788682167	15228763550316384421	-5907.0336914062	0.0000000000	40.4530123636	87.1335575990
24	42	1979202043794946016	12136865425921854489	6285420275147356233	15984143984204998896	-5907.1635742188	0.0000000000	61.5263208222	37.0791977148
12	31	14533962943741030116	14666872076358745344	1002563520618481070	6354962798906708067	-5907.2846679688	0.0000000000	79.0208686347	53.4151783405
52	25	13163627984283868779	13763019986136493506	4690050387490549872	5517203851289137767	-5907.5312500000	0.0000000000	29.8749300203	58.0123023002
11	42	8354271691829693942	12136865425921854489	14407096259098107981	17973981115999585328	-5907.5874023438	0.0000000000	81.2597759057	37.5030258398
33	15	7887039593394851227	14873374013526969923	6917761857074548057	9899280433435801919	-5908.0629882812	0.0000000000	53.0875954516	77.0713685011
21	13	10128525784335278497	11417629257336667085	12100625394114558597	15064594749367728174	-5908.0634765625	0.0000000000	72.7566555204	79.2782229587
35	7	5302060071100678696	7184753854421583295	5051621159882808289	7519977348171061714	-5908.0664062500	0.0000000000	51.2890560544	89.8428965169
35	13	5302060071100678696	11417629257336667085	5057516803622276471	14509822471157971660	-5908.3701171875	0.0000000000	51.5927669919	79.5848635837
19	51	2058379798036840621	9320651249542022581	4061538025303601328	15394129012156737029	-5908.4052734375	0.0000000000	73.8670888120	33.6602937195
22	21	3034672325705139760	10128525784335278497	4429827127205837553	17107013516657925614	-5908.5434570312	0.0000000000	65.3087540021	73.2366359891
6	53	5020305692600317862	5657007686144780447	9011334115767737673	16406310583724231658	-5908.5756835938	0.0000000000	95.2016992722	27.2626708501
59	47	3807724572909194356	8892433088587367261	1996339344257608710	10652646800545337433	-5908.6005859375	0.0000000000	10.5937169687	35.6750382293
5	35	2398313083122902780	5302060071100678696	7060959674082668695	10400681114266765243	-5908.8110351562	0.0000000000	100.9441220840	52.0336849607
6	44	5020305692600317862	8258607018018373577	3069704994558231928	5153014829116604491	-5908.9028320312	0.0000000000	95.5288477097	37.7509722966
8	56	7484687342783232930	8925404338917957100	10743279081423173495	16934705502078094001	-5908.9497070312	0.0000000000	89.3939531630	17.4759976725
61	9	15100574952147350199	18271804820455617114	5440271922159253010	13454285702594968445	-5909.0732421875	0.0000000000	0.9494857372	89.1731083802
3	61	935515840064901728	15100574952147350199	7403676001008466630	13454285702594968445	-5909.0751953125	0.0000000000	103.2542942818	0.9514388622
57	23	16244187196017896716	17353902391342528634	4658677664553753914	15069488316432730614	-5909.0854492188	0.0000000000	14.9130714306	63.8737843787
34	13	3412929990841189636	11417629257336667085	443861091193718934	10532853555685439484	-5909.2319335938	0.0000000000	52.7420171739	80.4466799899
51	61	9320651249542022581	15100574952147350199	12580000378353724693	15100574952147350199	-5909.4160156250	0.0000000000	34.6710359070	1.2922591747
44	29	8258607018018373577	13585000793708429708	9218090694510227678	15224247383638618209	-5909.5170898438	0.0000000000	38.3652301091	58.1034651424
33	52	7887039593394851227	13163627984283868779	2349516418904013690	11700405164060646824	-5909.6352539062	0.0000000000	54.6598610766	31.9789339265
52	55	13163627984283868779	18283626660868936511	2349516418904013690	16546059064548881356	-5909.6352539062	0.0000000000	31.9789339265	24.6623655392
8	36	7484687342783232930	13235648486743037915	7179308678073372316	13848610766789412060	-5909.6894531250	0.0000000000	90.1336992567	52.6102119474
26	2	10069114262970339920	17327495626708656360	11247357690960890084	16539956794470806621	-5909.8466796875	0.0000000000	59.8104475378	109.7892995793
7	31	7184753854421583295	14666872076358745344	10177724344324927381	18020033067627315318	-5909.8813476562	0.0000000000	91.6578379232	56.0118580280
34	31	3412929990841189636	14666872076358745344	857319711128722471	17842990506678411343	-5909.9667968750	0.0000000000	53.4768804552	56.0973072468
19	16	2058379798036840621	6777124504336706803	5660008613971838323	16710885931671335363	-5909.9897460938	0.0000000000	75.4515614682	76.7377171546
36	27	13235648486743037915	14565777880098740991	2691185678169592431	11790916459638915301	-5910.2109375000	0.0000000000	53.1316963224	59.7309420484
59	11	3807724572909194356	8354271691829693942	2618391771403298907	18371044578186954581	-5910.2270507812	0.0000000000	12.2201818124	83.8994243432
16	26	6777124504336706803	10069114262970339920	14287786728853128747	14860611838316751293	-5910.3007812500	0.0000000000	77.0487523109	60.2645491003
56	29	8925404338917957100	13585000793708429708	791425753267932185	12289414109736589732	-5910.3574218750	0.0000000000	18.8837125162	58.9437971736
17	16	4419624833696315872	6777124504336706803	8820064740567711319	15535622453632497770	-5910.4687500000	0.0000000000	76.8814445795	77.2167210609
19	61	2058379798036840621	15100574952147350199	2103869075630166759	3351607511401333595	-5910.5136718750	0.0000000000	75.9754872495	2.3899154247
56	41	8925404338917957100	13470350209540924502	11749387050763649009	16864167652250606940	-5910.5419921875	0.0000000000	19.0682828287	43.4872736096
58	27	5922156570017638153	14565777880098740991	4488270695603100921	8701415747724519160	-5910.6386718750	0.0000000000	15.7467130962	60.1586764234
38	2	16761810037874385395	17327495626708656360	662710704864288441	7072423392512534568	-5910.7763671875	0.0000000000	49.6550912938	110.7189870793
33	51	7887039593394851227	9320651249542022581	1428847215472623700	17993240765797481779	-5910.7856445312	0.0000000000	55.8102517016	36.0406648133
7	61	7184753854421583295	15100574952147350199	1500412301507444686	7469891425937991555	-5910.8725585938	0.0000000000	92.6490488607	2.7488021435
49	48	3485241805714512442	5044532849186003532	6931848031157951867	10978937528659720562	-5911.1333007812	0.0000000000	37.4402986974	37.6284335524
61	2	15100574952147350199	17327495626708656360	1500412301507444686	16358220042461238390	-5911.1416015625	0.0000000000	3.0178451122	111.0842214543
11	43	8354271691829693942	17615345215767154738	1737575810369845592	10074881416939138138	-5911.1938476562	0.0000000000	84.8662212182	40.7946083266
21	55	10128525784335278497	18283626660868936511	10638052212729893527	15081892168600182714	-5911.2504882812	0.0000000000	75.9436672391	26.2775999142
11	61	8354271691829693942	15100574952147350199	3953798067480253631	13454285702594968445	-5911.2983398438	0.0000000000	84.9707134057	3.1745833935
61	43	15100574952147350199	17615345215767154738	1500412301507444686	7437325797156144515	-5911.3232421875	0.0000000000	3.1994857372	40.9240028579
3	54	935515840064901728	2021110977399019692	11466352633127704393	14339197602282505962	-5911.3291015625	0.0000000000	105.5082005318	29.7265918961
31	2	14666872076358745344	17327495626708656360	4403765330126457839	13639233276805434531	-5911.4135742188	0.0000000000	57.5440845905	111.3561941105
34	8	3412929990841189636	7484687342783232930	2382684744798517764	10532853555685439484	-5911.4643554688	0.0000000000	54.9744390489	91.9086016005
34	52	3412929990841189636	13163627984283868779	535436244314548301	2996625706006203942	-5911.6791992188	0.0000000000	55.1892827989	34.0228792390
24	59	1979202043794946016	3807724572909194356	5070450654499388132	6608971298697646343	-5911.6875000000	0.0000000000	66.0502466035	13.6806310312
8	51	7484687342783232930	9320651249542022581	7978384507109439181	8152503201664977283	-5911.9467773438	0.0000000000	92.3910234755	37.2017976258
3	52	935515840064901728	13163627984283868779	6455885975259372110	13219041117034737025	-5911.9780273438	0.0000000000	106.1571263130	34.3217073640
47	13	8892433088587367261	11417629257336667085	8646455573737768710	15674746197549202415	-5912.0307617188	0.0000000000	39.1052140105	83.2455081149
46	28	2604688087602281337	15635922165147853917	7842446574229605261	7925032224693926585	-5912.0888671875	0.0000000000	39.5249299250	61.5674522019
17	60	4419624833696315872	13912855578732038628	13991060407569172	11202874204794539359	-5912.1420898438	0.0000000000	78.5547844233	13.1992537883
6	28	5020305692600317862	15635922165147853917	3055012361655777621	8140815161143003888	-5912.1708984375	0.0000000000	98.7969141159	61.6494834519
0	61	9259356767843306794	15100574952147350199	4618310747173659139	12904489804143286078	-5912.2158203125	0.0000000000	129.4104507498	4.0920638622
36	31	13235648486743037915	14666872076358745344	4384848896945785048	6066523301532533420	-5912.2534179688	0.0000000000	55.1741767912	58.3839283405
7	28	7184753854421583295	15635922165147853917	8074366640249988721	8603441724225152284	-5912.3320312500	0.0000000000	94.1085215169	61.8106162644
32	15	11229436157254813284	14873374013526969923	2754892681196474601	5348250851811308809	-5912.4243164062	0.0000000000	57.9617321153	81.4326966261
44	43	8258607018018373577	17615345215767154738	206684068365707627	18236180883083094067	-5912.4702148438	0.0000000000	41.3183551091	42.0709755141
34	48	3412929990841189636	5044532849186003532	652331188847724855	15545429519093237510	-5912.6147460938	0.0000000000	56.1248296739	39.1098788649
54	21	2021110977399019692	10128525784335278497	993897236355889299	4317106370971054513	-5912.6489257812	0.0000000000	31.0464161149	77.3421047391
46	20	2604688087602281337	15372946583148891887	8851804815449978455	18065395639315905261	-5912.6772460938	0.0000000000	40.1133088312	77.4520953306
46	51	2604688087602281337	9320651249542022581	6210067893609691008	14319112757410556257	-5912.7885742188	0.0000000000	40.2246369562	38.0435945008
21	38	10128525784335278497	16761810037874385395	8615590445161625168	12611475687492561358	-5912.7890625000	0.0000000000	77.4822414579	51.6677866063
12	28	14533962943741030116	15635922165147853917	306565411975122689	3465780298883139536	-5912.8310546875	0.0000000000	84.5672553534	62.3096397019
54	12	2021110977399019692	14533962943741030116	14091519529448442884	17389951897991339555	-5913.0180664062	0.0000000000	31.4155567399	84.7542670722
58	12	5922156570017638153	14533962943741030116	2552145549960150377	13838183571298824949	-5913.0957031250	0.0000000000	18.2037443462	84.8319037909
51	57	9320651249542022581	16244187196017896716	986006753089686363	2879167811116944370	-5913.2822265625	0.0000000000	38.5372468445	19.1098487743
46	35	2604688087602281337	5302060071100678696	14305542995259781391	15563369000682678840	-5913.3715820312	0.0000000000	40.8076447687	56.5942318357
45	7	4653565511850072245	7184753854421583295	4524497901861087720	7331701179034823492	-5913.4140625000	0.0000000000	41.5634192192	95.1905527669
53	16	5657007686144780447	6777124504336706803	4730131114514028781	8022160399075486563	-5913.4355468750	0.0000000000	32.1225341313	80.1835179359
21	42	10128525784335278497	12136865425921854489	4625813323225676740	17610114477559932799	-5913.4799804688	0.0000000000	78.1731594266	43.3956039648
41	20	13470350209540924502	15372946583148891887	4995341681675648387	13536111670033173178	-5913.6098632812	0.0000000000	46.5551447033	78.3847125181
22	2	3034672325705139760	17327495626708656360	6880180016107119760	16760594760370540035	-5913.6772460938	0.0000000000	70.4425430646	113.6198659855
45	26	4653565511850072245	10069114262970339920	2864831485703588748	6847172043287493432	-5913.7373046875	0.0000000000	41.8866614067	63.7010725378
7	29	7184753854421583295	13585000793708429708	6458529720558902318	11220995711893604128	-5913.8041992188	0.0000000000	95.5806894857	62.3905745174
8	61	7484687342783232930	15100574952147350199	4365649030011920013	12212039622281120488	-5913.8393554688	0.0000000000	94.2836016005	5.7155990185
53	29	5657007686144780447	13585000793708429708	1771613976431308066	18324888942014378003	-5913.9038085938	0.0000000000	32.5907958501	62.4901838924
19	12	2058379798036840621	14533962943741030116	363978662124689053	3938223925067813472	-5913.9453125000	0.0000000000	79.4071278745	85.6815131659
59	41	3807724572909194356	13470350209540924502	6608971298697646343	9148573995109178788	-5914.1186523438	0.0000000000	16.1117833749	47.0639337658
5	60	2398313083122902780	13912855578732038628	1903840936577671172	7280246004793868527	-5914.2060546875	0.0000000000	106.3391416152	15.2632186320
10	12	7102445278865218129	14533962943741030116	1258415662988574705	1493433248327595808	-5914.3007812500	0.0000000000	88.2247335592	86.0369819159
34	25	3412929990841189636	13763019986136493506	451581099164383795	17296783534258459575	-5914.5561523438	0.0000000000	58.0662359239	65.0372046440
5	61	2398313083122902780	15100574952147350199	3982619380655997248	17208071835562459976	-5914.5629882812	0.0000000000	106.6960752090	6.4392318310
56	2	8925404338917957100	17327495626708656360	1481933447768773211	16069028759721249045	-5914.6469726562	0.0000000000	23.1732632975	114.5895925480
6	48	5020305692600317862	5044532849186003532	5846956657391162885	9828577392708503080	-5914.6816406250	0.0000000000	101.3076563034	41.1767733961
56	9	8925404338917957100	18271804820455617114	4907125246860837572	16707150552695615031	-5914.8901367188	0.0000000000	23.4164273600	94.9900029115
35	12	5302060071100678696	14533962943741030116	3808003723717109864	6865410944441875623	-5914.9477539062	0.0000000000	58.1704037107	86.6839545722
14	34	247812421322574847	3412929990841189636	9281398921950741553	10769888467238936601	-5914.9833984375	0.0000000000	85.6727619774	58.4934820177
7	56	7184753854421583295	8925404338917957100	9043125013346237998	16014501156286931958	-5915.1269531250	0.0000000000	96.9034433919	23.6532437662
3	56	935515840064901728	8925404338917957100	8048241658015579418	10453644748268568821	-5915.2568359375	0.0000000000	109.4359349068	23.7831265787
24	57	1979202043794946016	16244187196017896716	3375437222217604798	4520977422427980876	-5915.3403320312	0.0000000000	69.7030786347	21.1679542431
46	43	2604688087602281337	17615345215767154738	13367672142213480676	13883878307497607735	-5915.3496093750	0.0000000000	42.7856721125	44.9503700454
35	28	5302060071100678696	15635922165147853917	12472885184387543292	16912337265923894612	-5915.5537109375	0.0000000000	58.7763607419	65.0322959519
48	51	5044532849186003532	9320651249542022581	7906060057732315715	10788386886614631247	-5915.5971679688	0.0000000000	42.0923007399	40.8521882508
48	12	5044532849186003532	14533962943741030116	989826028380464335	16132491740835875174	-5915.7163085938	0.0000000000	42.2114413649	87.4525092597
19	21	2058379798036840621	10128525784335278497	1377723762836799343	12652211604965201859	-5915.9687500000	0.0000000000	81.4305653745	80.6619289579
11	41	8354271691829693942	13470350209540924502	6590844301911155063	16864167652250606940	-5916.0175781250	0.0000000000	89.6899516870	48.9628595471
54	17	2021110977399019692	4419624833696315872	549940160628147010	17417708060029671300	-5916.1279296875	0.0000000000	34.5254200211	82.5406242670
6	61	5020305692600317862	15100574952147350199	12903500933342499070	14988648704391626464	-5916.1518554688	0.0000000000	102.7778711472	8.0280990185
19	31	2058379798036840621	14666872076358745344	5773986532372294779	8298594952338534455	-5916.3168945312	0.0000000000	81.7787099057	62.4474049030
17	6	4419624833696315872	5020305692600317862	8760163248435652690	15852560772604824777	-5916.5585937500	0.0000000000	82.9712883295	103.1846094284
3	30	935515840064901728	8500866450241111561	7834077119406399519	9486472093939219312	-5916.5815429688	0.0000000000	110.7606419380	65.0442608612
50	43	7119631893703464391	17615345215767154738	4421727748055655120	12559498609102087670	-5916.8632812500	0.0000000000	42.6730604351	46.4640419204
30	2	8500866450241111561	17327495626708656360	14264712450766769660	16373134959451276084	-5916.8886718750	0.0000000000	65.3513897675	116.8312917668
60	43	13912855578732038628	17615345215767154738	2697278115051280330	7282414421933252421	-5916.8989257812	0.0000000000	17.9560897258	46.4996864516
27	31	14565777880098740991	14666872076358745344	4063893821120641766	12044810991469151299	-5917.0009765625	0.0000000000	66.5209811109	63.1314869343
14	33	247812421322574847	7887039593394851227	9868807998313950732	15524503246873408452	-5917.0683593750	0.0000000000	87.7577229149	62.0929665453
8	21	7484687342783232930	10128525784335278497	4370165709660748655	12109741218334399575	-5917.1684570312	0.0000000000	97.6127031630	81.8616359891
1	61	13456819742471436309	15100574952147350199	8535414634031192978	15005115159106720947	-5917.2187500000	0.0000000000	133.6946403405	9.0949935497
8	44	7484687342783232930	8258607018018373577	4783185360375417887	7370734299469757596	-5917.2255859375	0.0000000000	97.6698320692	46.0737262028
35	4	5302060071100678696	13744796507174131493	3603875764932572891	8422861592968385712	-5917.2675781250	0.0000000000	60.4902279294	110.2935738161
31	28	14666872076358745344	15635922165147853917	2067132999593310001	13840073725211424601	-5917.3286132812	0.0000000000	63.4591236530	66.8071982957
35	51	5302060071100678696	9320651249542022581	8217837989725139486	14603727836240700874	-5917.3701171875	0.0000000000	60.5927669919	42.6251374695
3	44	935515840064901728	8258607018018373577	1220194166080293546	14158631950099517415	-5917.4174804688	0.0000000000	111.5965794380	46.2656207341
34	23	3412929990841189636	17353902391342528634	769131911756503080	10206784661134717453	-5917.4257812500	0.0000000000	60.9358648302	72.2141164099
14	16	247812421322574847	6777124504336706803	157725043526281194	15524503246873408452	-5917.4384765625	0.0000000000	88.1278401024	84.1864476234
38	9	16761810037874385395	18271804820455617114	671181045405448416	2057564687404077373	-5917.4565429688	0.0000000000	56.3352670750	97.5564091615
34	30	3412929990841189636	8500866450241111561	5013481511521631704	8004158625437957223	-5917.4609375000	0.0000000000	60.9710210802	65.9236553925
29	55	13585000793708429708	18283626660868936511	3152127553051122282	16546059064548881356	-5917.7133789062	0.0000000000	66.2997542049	32.7404905392
47	2	8892433088587367261	17327495626708656360	7506499254624481854	17784172794903410164	-5917.7758789062	0.0000000000	44.8503311980	117.7184987980
41	4	13470350209540924502	13744796507174131493	9680121234242631269	13536111670033173178	-5917.7792968750	0.0000000000	50.7245782971	110.8052925661
45	52	4653565511850072245	13163627984283868779	8052772695024834774	11563074731948780181	-5917.7958984375	0.0000000000	45.9452551567	40.1395784578
3	59	935515840064901728	3807724572909194356	6575771586548043037	13072177641759586861	-5917.8579101562	0.0000000000	112.0370091255	19.8510411874
5	10	2398313083122902780	7102445278865218129	7420773779609644386	16407798015884669639	-5917.9858398438	0.0000000000	110.1189267715	91.9097921529
35	8	5302060071100678696	7484687342783232930	14162609046195135407	14220301847653368392	-5918.1240234375	0.0000000000	61.3466732419	98.5682695692
3	55	935515840064901728	18283626660868936511	3748388098509495654	7625064130565989306	-5918.3779296875	0.0000000000	112.5570286568	33.4050413205
45	21	4653565511850072245	10128525784335278497	8986251392270578089	13896852150674880110	-5918.4990234375	0.0000000000	46.6483801567	83.1922023954
7	42	7184753854421583295	12136865425921854489	701569402939910185	9811660912233494370	-5918.4995117188	0.0000000000	100.2760019857	48.4151352148
33	13	7887039593394851227	11417629257336667085	4614836729286645258	16316987218583998745	-5918.9135742188	0.0000000000	63.9381813891	90.1283206149
30	20	8500866450241111561	15372946583148891887	988288302533313157	10298876374004911874	-5918.9375000000	0.0000000000	67.4002178925	83.7123492369
42	28	12136865425921854489	15635922165147853917	3177107848625077968	6140527152955240715	-5919.0747070312	0.0000000000	48.9903305273	68.5532920457
21	36	10128525784335278497	13235648486743037915	795337943249110795	10489246558678705010	-5919.2934570312	0.0000000000	83.9866359891	62.2142158537
5	59	2398313083122902780	3807724572909194356	2230373505089836363	4527568469441810377	-5919.3002929688	0.0000000000	111.4333798965	21.2934239999
3	47	935515840064901728	8892433088587367261	6394180080945420551	13634857536007091697	-5919.4794921875	0.0000000000	113.6585911568	46.5539444793
14	46	247812421322574847	2604688087602281337	10079032652214526474	14189937569854240652	-5919.5732421875	0.0000000000	90.2626057274	47.0093049250
39	4	9810354197824293314	13744796507174131493	6316159093298746548	8929266246301092898	-5919.6025390625	0.0000000000	53.9123794557	112.6285347536
29	43	13585000793708429708	17615345215767154738	6918407552964380155	15392563357586382469	-5919.6738281250	0.0000000000	68.2602034236	49.2745887954
53	32	5657007686144780447	11229436157254813284	6494164574002783880	17259256781420224367	-5919.8491210938	0.0000000000	38.5361083501	65.3865368028
3	53	935515840064901728	5657007686144780447	397331980403981058	3419870702311607932	-5920.0234375000	0.0000000000	114.2025364693	38.7104247563
53	11	5657007686144780447	8354271691829693942	397331980403981058	8933379732458771545	-5920.0234375000	0.0000000000	38.7104247563	93.6958110620
24	46	1979202043794946016	2604688087602281337	7154512908155826991	16652825927330558961	-5920.0498046875	0.0000000000	74.4125512910	47.4858674250
21	61	10128525784335278497	15100574952147350199	10212542078779493283	15467148690915101552	-5920.1015625000	0.0000000000	84.7947414579	11.9778060497
3	48	935515840064901728	5044532849186003532	3654383625734277055	17071588549090534524	-5920.3496093750	0.0000000000	114.5287083443	46.8447421461
6	51	5020305692600317862	9320651249542022581	400132720428044326	11135898737962768507	-5920.6835937500	0.0000000000	107.3096094284	45.9386140320
25	9	13763019986136493506	18271804820455617114	451581099164383795	4552682085075178533	-5920.6928710938	0.0000000000	71.1739233940	100.7927372865
14	7	247812421322574847	7184753854421583295	5079507701225445479	11553912527477161727	-5920.8496093750	0.0000000000	91.5389729149	102.6260996419
34	15	3412929990841189636	14873374013526969923	634437241512886472	16366841836511150843	-5921.0068359375	0.0000000000	64.5169195177	90.0152161573
7	57	7184753854421583295	16244187196017896716	8001193894150740671	11440601660301967979	-5921.0112304688	0.0000000000	102.7877207357	26.8388526806
8	32	7484687342783232930	11229436157254813284	329724030958157335	12178286533040607158	-5921.0273437500	0.0000000000	101.4715898817	66.5647594590
8	41	7484687342783232930	13470350209540924502	13643600328870922192	17553794452768180023	-5921.1972656250	0.0000000000	101.6415117567	54.1425470471
44	11	8258607018018373577	8354271691829693942	8289627407152036168	13776349746169434084	-5921.2163085938	0.0000000000	50.0644488591	94.8886821557
53	4	5657007686144780447	13744796507174131493	4411170158046567376	6494164574002783880	-5921.2607421875	0.0000000000	39.9477294438	114.2867378786
53	52	5657007686144780447	13163627984283868779	8428369040825737333	12863197622096002451	-5921.2626953125	0.0000000000	39.9496825688	43.6063753328
59	21	3807724572909194356	10128525784335278497	4548710889129646063	7883020801453551100	-5921.4848632812	0.0000000000	23.4779943124	86.1780422391
48	16	5044532849186003532	6777124504336706803	7958892556460356279	14978135836022695535	-5921.6450195312	0.0000000000	48.1401523024	88.3929905921
53	50	5657007686144780447	7119631893703464391	7388388618936743886	9123101920548527677	-5921.7690429688	0.0000000000	40.4560302251	47.5788221538
17	30	4419624833696315872	8500866450241111561	9786992689670662097	11928886117152525883	-5921.8027343750	0.0000000000	88.2154289545	70.2654522675
36	4	13235648486743037915	13744796507174131493	7250395933042222193	8471423352286125297	-5921.8505859375	0.0000000000	64.7713447599	114.8765816286
48	57	5044532849186003532	16244187196017896716	4942742578316311923	7424973682593684461	-5921.8979492188	0.0000000000	48.3930819899	27.7255714306
46	2	2604688087602281337	17327495626708656360	2360469566844471058	5332888721345917692	-5922.1762695312	0.0000000000	49.6123322687	122.1188894230
41	12	13470350209540924502	14533962943741030116	4629447864670898329	17247978088110095586	-5922.4580078125	0.0000000000	55.4032892346	94.1942084784
11	60	8354271691829693942	13912855578732038628	5767305499834484341	17921470299703827569	-5922.4697265625	0.0000000000	96.1421001245	23.5268905070
35	20	5302060071100678696	15372946583148891887	1379747620636355077	6655114437056869609	-5922.5517578125	0.0000000000	65.7744076169	87.3266070494
54	15	2021110977399019692	14873374013526969923	7796660002674114797	16142841727060643328	-5922.5966796875	0.0000000000	40.9941700211	91.6050599073
21	37	10128525784335278497	13285854435125799969	14472343597901019695	17100397291088677249	-5922.6875000000	0.0000000000	87.3806789579	64.6877801203
42	2	12136865425921854489	17327495626708656360	5406316749407223479	5799128774861577828	-5922.9765625000	0.0000000000	52.8921859961	122.9191823918
16	61	6777124504336706803	15100574952147350199	2733522989949849025	17950208994463568877	-5923.0541992188	0.0000000000	89.8021702796	14.9304427685
3	32	935515840064901728	11229436157254813284	8230690601687205735	16524564641687891718	-5923.0644531250	0.0000000000	117.2435520943	68.6018688340
3	45	935515840064901728	4653565511850072245	2341050072171849509	12742604417695795060	-5923.1079101562	0.0000000000	117.2870091255	51.2572668754
39	15	9810354197824293314	14873374013526969923	7699813075124578043	11138805376129358387	-5923.1752929688	0.0000000000	57.4851333619	92.1836731886
51	26	9320651249542022581	10069114262970339920	9439432860053502372	17458402399298610551	-5923.2197265625	0.0000000000	48.4747468445	73.1834944128
59	36	3807724572909194356	13235648486743037915	9860421077351958953	16175567883777794372	-5923.2216796875	0.0000000000	25.2148107187	66.1424385099
59	4	3807724572909194356	13744796507174131493	12253283138254949630	16553936830574114305	-5923.3286132812	0.0000000000	25.3217443124	116.3546089723
33	29	7887039593394851227	13585000793708429708	4261520703070829859	6742640097029754794	-5923.3925781250	0.0000000000	68.4171852953	71.9789534236
11	12	8354271691829693942	14533962943741030116	2931314456144095426	17602824520331106448	-5923.4711914062	0.0000000000	97.1435649682	95.2073920722
6	15	5020305692600317862	14873374013526969923	7763248173085073571	10490402957248817448	-5923.4995117188	0.0000000000	110.1255273972	92.5078919386
4	61	13744796507174131493	15100574952147350199	1511519333670000699	11880944543955824330	-5923.5502929688	0.0000000000	116.5762886598	15.4265365185
33	28	7887039593394851227	15635922165147853917	7047972352404329404	9986608417947756249	-5923.8896484375	0.0000000000	68.9142556078	73.3682334519
54	6	2021110977399019692	5020305692600317862	1739693880439367275	2049907379324905569	-5924.0434570312	0.0000000000	42.4409473649	110.6694727097
35	44	5302060071100678696	8258607018018373577	4475401347911908316	11205874148692488139	-5924.1376953125	0.0000000000	67.3603451169	52.9858355778
8	47	7484687342783232930	8892433088587367261	7299074367149055202	9417294886166488592	-5924.2084960938	0.0000000000	104.6527422255	51.2829483855
16	37	6777124504336706803	13285854435125799969	13568200212272631674	15471400722719698585	-5924.3491210938	0.0000000000	91.0970921546	66.3494012141
47	28	8892433088587367261	15635922165147853917	5260540179043703741	9917595997608249694	-5924.3710937500	0.0000000000	51.4455460418	73.8496787644
59	2	3807724572909194356	17327495626708656360	4653730991369107348	10709070960188366453	-5924.4516601562	0.0000000000	26.4447911874	124.3942800480
47	32	8892433088587367261	11229436157254813284	4407875617216844538	14526722831256127410	-5924.4926757812	0.0000000000	51.5671280730	70.0300914903
48	28	5044532849186003532	15635922165147853917	2749016434165354545	8720142114656817969	-5924.5097656250	0.0000000000	51.0048983961	73.9883506394
16	52	6777124504336706803	13163627984283868779	12558330117909017227	13809744397465987152	-5924.7084960938	0.0000000000	91.4564671546	47.0521761140
19	34	2058379798036840621	3412929990841189636	5246134340678257665	6584648804247176456	-5924.7719726562	0.0000000000	90.2337880307	68.2820562364
13	61	11417629257336667085	15100574952147350199	1487502200700988738	7465408974685084199	-5924.8359375000	0.0000000000	96.0506838962	16.7121810497
47	37	8892433088587367261	13285854435125799969	15929414297384373400	16691946980262106938	-5924.8808593750	0.0000000000	51.9553116668	66.8811394953
59	28	3807724572909194356	15635922165147853917	7160874122698004782	12836645961823578452	-5925.0551757812	0.0000000000	27.0483068124	74.5337607957
53	61	5657007686144780447	15100574952147350199	198091204749401276	6081046204747000913	-5925.1289062500	0.0000000000	43.8158935063	17.0051497997
21	28	10128525784335278497	15635922165147853917	2905979055364820505	7820295156103042107	-5925.2973632812	0.0000000000	89.9905422391	74.7759482957
8	42	7484687342783232930	12136865425921854489	4051245310005670758	8310352568653341229	-5925.4663085938	0.0000000000	105.9105547255	55.3819320898
14	43	247812421322574847	17615345215767154738	5672371875174244488	13903849248112805936	-5925.6494140625	0.0000000000	96.3387776024	55.2501747329
6	27	5020305692600317862	14565777880098740991	1826728265799015105	15954033240759639980	-5925.7744140625	0.0000000000	112.4004297409	75.2944186109
33	57	7887039593394851227	16244187196017896716	4227872947134408237	17210902220116767553	-5925.8247070312	0.0000000000	70.8493142016	31.6523292431
22	6	3034672325705139760	5020305692600317862	12366346233582928774	15437216672193658263	-5925.8759765625	0.0000000000	82.6412735334	112.5019922409
8	52	7484687342783232930	13163627984283868779	7773675091953150969	12854750766444603923	-5925.9101562500	0.0000000000	106.3544023817	48.2538362703
48	11	5044532849186003532	8354271691829693942	8955911606914065949	14338902103874258120	-5925.9394531250	0.0000000000	52.4345858961	99.6118266870
44	28	8258607018018373577	15635922165147853917	4273159700390300969	12836645961823578452	-5926.0219726562	0.0000000000	54.8701129216	75.5005576707
44	36	8258607018018373577	13235648486743037915	365320829788630152	4273159700390300969	-5926.0219726562	0.0000000000	54.8701129216	68.9427314787
47	25	8892433088587367261	13763019986136493506	3929807496084768827	17495543843371273113	-5926.0224609375	0.0000000000	53.0969132293	76.5035132377
14	35	247812421322574847	5302060071100678696	4164335949769193933	5672371875174244488	-5926.1791992188	0.0000000000	96.8685627586	69.4018490232
14	20	247812421322574847	15372946583148891887	778113315991726378	16887868222731392700	-5926.2666015625	0.0000000000	96.9559651024	91.0414507994
3	51	935515840064901728	9320651249542022581	11061928625259798001	17458402399298610551	-5926.3564453125	0.0000000000	120.5355442818	51.6114655945
7	30	7184753854421583295	8500866450241111561	65885049924119229	15844227205687325971	-5926.3725585938	0.0000000000	108.1490488607	74.8352764862
10	29	7102445278865218129	13585000793708429708	740330734085208622	1219865512343250481	-5926.4272460938	0.0000000000	100.3511984029	75.0136213924
22	38	3034672325705139760	16761810037874385395	640678052929910739	8555206096505441597	-5926.4580078125	0.0000000000	83.2233047834	65.3367319188
19	53	2058379798036840621	5657007686144780447	6866658360023096388	13652569581038577163	-5926.4887695312	0.0000000000	91.9505849057	45.1757567876
24	19	1979202043794946016	2058379798036840621	9127146347993537609	18004620161746832862	-5926.6455078125	0.0000000000	81.0082544160	92.1073231870
37	9	13285854435125799969	18271804820455617114	3817733936250255105	5999958190423618602	-5926.8974609375	0.0000000000	68.8977410578	106.9973271302
19	60	2058379798036840621	13912855578732038628	5950327959908491392	15648934425211474866	-5926.9824218750	0.0000000000	92.4442372495	28.0395858195
39	2	9810354197824293314	17327495626708656360	6918808806678582565	9746951624484735512	-5926.9887695312	0.0000000000	61.2986099244	126.9313894230
53	8	5657007686144780447	7484687342783232930	6826133909314882407	9292894332432266158	-5927.0068359375	0.0000000000	45.6938231938	107.4510820692
54	4	2021110977399019692	13744796507174131493	1959372300465951809	3809506620082381211	-5927.2934570312	0.0000000000	45.6909473649	120.3194527223
6	35	5020305692600317862	5302060071100678696	12565199094160162681	17290083015362372126	-5927.5537109375	0.0000000000	114.1797266159	70.7763607419
49	2	3485241805714512442	17327495626708656360	404826170718693771	10141703922363233235	-5927.7001953125	0.0000000000	54.0071932287	127.6428152043
28	57	15635922165147853917	16244187196017896716	9385661818073501927	14859147118229118153	-5927.8217773438	0.0000000000	77.3003623582	33.6493995556
22	57	3034672325705139760	16244187196017896716	1830057741526865763	8874645037412487392	-5927.9687500000	0.0000000000	84.7340469709	33.7963722118
22	29	3034672325705139760	13585000793708429708	3007180137506294807	10463588114061859647	-5928.1811523438	0.0000000000	84.9464493146	76.7675276424
54	16	2021110977399019692	6777124504336706803	5127740699159482113	5141628690355837422	-5928.3417968750	0.0000000000	46.7392872086	95.0897679359
8	18	7484687342783232930	18152464656191664773	6552637685897021656	13030685385234954046	-5928.4697265625	0.0000000000	108.9139726942	94.6204461913
3	38	935515840064901728	16761810037874385395	8251465118060138635	13595176586246482140	-5928.6660156250	0.0000000000	122.8451145943	67.5447397313
17	29	4419624833696315872	13585000793708429708	6311951090265687417	15165436427557466195	-5928.6943359375	0.0000000000	95.1070305170	77.2807112361
10	56	7102445278865218129	8925404338917957100	1770705943466139850	18370232294658836490	-5928.7089843750	0.0000000000	102.6329366842	37.2352750162
29	28	13585000793708429708	15635922165147853917	3236465204679917120	12058623745019280908	-5928.9970703125	0.0000000000	77.5834456111	78.4756553269
22	40	3034672325705139760	17329439133771538937	1717622935161554027	13871217510941848527	-5929.3701171875	0.0000000000	86.1354141584	62.7894381449
59	8	3807724572909194356	7484687342783232930	7406595189768042516	18399290877309568755	-5929.6215820312	0.0000000000	31.6147130624	110.0658281630
6	20	5020305692600317862	15372946583148891887	7270310127067093227	9341455322626395794	-5929.9282226562	0.0000000000	116.5542383347	94.7030718931
7	37	7184753854421583295	13285854435125799969	3470172752804443298	16998314488662484709	-5930.1240234375	0.0000000000	111.9005137044	72.1243035578
8	25	7484687342783232930	13763019986136493506	9843099880072394863	14591969808960525365	-5930.3295898438	0.0000000000	110.7738359755	80.8106421440
28	55	15635922165147853917	18283626660868936511	617503085222493133	1799081967496269008	-5930.4438476562	0.0000000000	79.9224326707	45.4709592892
7	52	7184753854421583295	13163627984283868779	9063394677316337075	16390734486982925678	-5930.6245117188	0.0000000000	112.4010019857	52.9681917390
7	25	7184753854421583295	13763019986136493506	1636509828840652803	3465842227986199548	-5930.8090820312	0.0000000000	112.5855722982	81.2901343315
33	42	7887039593394851227	12136865425921854489	10169444105535568483	15443956182864190956	-5930.8520507812	0.0000000000	75.8766579516	60.7676742773
44	56	8258607018018373577	8925404338917957100	5040908401879187093	17431559711436494765	-5931.1386718750	0.0000000000	59.9868121403	39.6649625162
34	11	3412929990841189636	8354271691829693942	7080713810143644447	9023298975454426521	-5931.1909179688	0.0000000000	74.7010015489	104.8632915307
11	20	8354271691829693942	15372946583148891887	4837327389447528180	9950118210825695023	-5931.6157226562	0.0000000000	105.2880962182	96.3905718931
52	31	13163627984283868779	14666872076358745344	6973384544680542731	10933164528234968014	-5931.6376953125	0.0000000000	53.9813753328	77.7682056843
5	47	2398313083122902780	8892433088587367261	174800746201814017	5860900067558276628	-5931.6806640625	0.0000000000	123.8137509902	58.7551163543
17	58	4419624833696315872	5922156570017638153	11262419429016308791	12864858075414227756	-5932.0922851562	0.0000000000	98.5049797358	37.2003263775
12	23	14533962943741030116	17353902391342528634	8004352887313143683	16124763573440855308	-5932.1230468750	0.0000000000	103.8592475409	86.9113820349
5	44	2398313083122902780	8258607018018373577	5141076140025841003	7759893471629862275	-5932.2475585938	0.0000000000	124.3806455215	61.0956988591
17	36	4419624833696315872	13235648486743037915	1398126627752466700	18323217948759024866	-5932.2661132812	0.0000000000	98.6788078608	75.1868721037
7	44	7184753854421583295	8258607018018373577	1205831275123397067	4579496565813712224	-5932.5683593750	0.0000000000	114.3448496419	61.4164996403
10	42	7102445278865218129	12136865425921854489	638419630704494389	18141741036905825742	-5932.5961914062	0.0000000000	106.5201437154	62.5118149023
44	51	8258607018018373577	9320651249542022581	6085420558117210805	10798800274328831677	-5933.5566406250	0.0000000000	62.4047808903	58.8116609070
22	23	3034672325705139760	17353902391342528634	6764602600527717214	14102891236956502582	-5933.6796875000	0.0000000000	90.4449844709	88.4680226599
3	39	935515840064901728	9810354197824293314	2501012001397199226	16698383922977254251	-5934.3623046875	0.0000000000	128.5414036568	68.6721450807
12	61	14533962943741030116	15100574952147350199	4528713289008447204	13037064370199830548	-5934.6899414062	0.0000000000	106.4261420722	26.5661849560
16	11	6777124504336706803	8354271691829693942	8652819707130081872	11771162968850496464	-5935.0878906250	0.0000000000	101.8358616859	108.7602641870
22	55	3034672325705139760	18283626660868936511	11165394159209787767	16643499697929294725	-5935.3032226562	0.0000000000	92.0685196271	50.3303342892
45	2	4653565511850072245	17327495626708656360	1700151741847531185	16159180497606509786	-5935.3110351562	0.0000000000	63.4603918754	135.2536550480
32	55	11229436157254813284	18283626660868936511	4924081507716239635	6588029699616617078	-5935.4077148438	0.0000000000	80.9451305528	50.4348264767
22	36	3034672325705139760	13235648486743037915	7165778854327195452	12042472102827531303	-5935.5229492188	0.0000000000	92.2882461896	78.4437080412
14	41	247812421322574847	13470350209540924502	334909165779850975	12186432238292909798	-5935.5507812500	0.0000000000	106.2401447899	68.4960626721
22	44	3034672325705139760	8258607018018373577	11642050899447434246	16472099613901369413	-5935.5786132812	0.0000000000	92.3439102521	64.4267535466
22	12	3034672325705139760	14533962943741030116	8787274124276516234	13776048199277419966	-5935.7827148438	0.0000000000	92.5480118146	107.5189155097
45	11	4653565511850072245	8354271691829693942	6027161013284360856	9895548664585531020	-5936.3017578125	0.0000000000	64.4511145317	109.9741313745
4	55	13744796507174131493	18283626660868936511	5274391183809353436	13610872356822506347	-5936.6206054688	0.0000000000	129.6466011598	51.6477171017
17	31	4419624833696315872	14666872076358745344	9655425804303598269	12999641924949088641	-5937.0981445312	0.0000000000	103.5108391108	83.2286549030
32	42	11229436157254813284	12136865425921854489	1100020750310111794	1265137410113816313	-5937.3320312500	0.0000000000	82.8694469590	67.2476547461
41	29	13470350209540924502	13585000793708429708	2563153209858125054	8647478675807615783	-5937.5268554688	0.0000000000	70.4721368908	86.1132307674
44	15	8258607018018373577	14873374013526969923	4419415379857826374	13205153483436810707	-5938.4199218750	0.0000000000	67.2680621403	107.4283020948
17	27	4419624833696315872	14565777880098740991	10833430488899420988	17652615745238973404	-5938.6333007812	0.0000000000	105.0459953608	88.1533053296
47	21	8892433088587367261	10128525784335278497	1375993761832228982	9431207711220140150	-5938.6635742188	0.0000000000	65.7380265105	103.3567531766
45	32	4653565511850072245	11229436157254813284	8587013010174808748	11344551703905650334	-5938.7705078125	0.0000000000	66.9198645317	84.3079235215
7	47	7184753854421583295	8892433088587367261	10966158199887544528	17417975960059173530	-5938.8618164062	0.0000000000	120.6383066732	65.9362686980
48	47	5044532849186003532	8892433088587367261	17417975960059173530	17611385132614886836	-5938.8618164062	0.0000000000	65.3569491774	65.9362686980
54	32	2021110977399019692	11229436157254813284	8259541501091519040	17851381765167518222	-5938.9584960938	0.0000000000	57.3559864274	84.4959118028
48	27	5044532849186003532	14565777880098740991	3350827185255152597	12642902897481918939	-5938.9892578125	0.0000000000	65.4843905836	88.5092623609
58	2	5922156570017638153	17327495626708656360	6444804519364251185	9164575154897256737	-5938.9990234375	0.0000000000	44.1070646587	138.9416433293
19	44	2058379798036840621	8258607018018373577	5719265568440068161	6085420558117210805	-5939.0122070312	0.0000000000	104.4740224057	67.8603472966
5	56	2398313083122902780	8925404338917957100	15889378011955471753	18101720031210776397	-5939.1718750000	0.0000000000	131.3049619277	47.6981656412
6	57	5020305692600317862	16244187196017896716	2702851671366128598	5014066173246291333	-5939.2285156250	0.0000000000	125.8545313034	45.0561378368
3	57	935515840064901728	16244187196017896716	11069477990063700914	12833693629415345132	-5939.4047851562	0.0000000000	133.5838841255	45.2324073681
59	29	3807724572909194356	13585000793708429708	3394059515908618494	11834669890206403143	-5939.4692382812	0.0000000000	41.4623693124	88.0556135799
11	32	8354271691829693942	11229436157254813284	8634820822500089673	17954971069504734985	-5939.6601562500	0.0000000000	113.3325298120	85.1975719590
24	10	1979202043794946016	7102445278865218129	13414831018558321484	14295886038539073891	-5940.0073242188	0.0000000000	94.3700708222	113.9312765279
14	19	247812421322574847	2058379798036840621	8039741922027272404	10089243835086346322	-5940.0805664062	0.0000000000	110.7699299461	105.5423817807
50	7	7119631893703464391	7184753854421583295	12753145175198301034	15465615207287691616	-5940.1010742188	0.0000000000	65.9108534038	121.8775644857
52	12	13163627984283868779	14533962943741030116	8926510388477711160	12252346279906340331	-5940.8540039062	0.0000000000	63.1976839265	112.5902045722
59	38	3807724572909194356	16761810037874385395	825987260930605664	5246331563241322437	-5940.9858398438	0.0000000000	42.9789708749	79.8645639500
46	8	2604688087602281337	7484687342783232930	10570221608310523346	13753449404808977659	-5941.0527343750	0.0000000000	68.4887971125	121.4969805067
19	52	2058379798036840621	13163627984283868779	7743950081318888002	15971140770943950752	-5941.1523437500	0.0000000000	106.6141591245	63.4960237703
16	27	6777124504336706803	14565777880098740991	7448772304002402430	9719684565830986883	-5942.2285156250	0.0000000000	108.9764866859	91.7485201734
26	32	10069114262970339920	11229436157254813284	888584888039648954	8073773536991053421	-5942.9404296875	0.0000000000	92.9041975378	88.4778453965
17	26	4419624833696315872	10069114262970339920	1213932733745614697	5758537600495209986	-5943.2275390625	0.0000000000	109.6402336420	93.1913069128
10	13	7102445278865218129	11417629257336667085	3182124604427410426	7235053089892685108	-5943.6865234375	0.0000000000	117.6104757467	114.9012698337
22	25	3034672325705139760	13763019986136493506	16628089311437117391	18108346405797899746	-5943.7128906250	0.0000000000	100.4781875959	94.1939429252
54	52	2021110977399019692	13163627984283868779	11264991437546810804	17123285156892902982	-5943.7133789062	0.0000000000	62.1108692399	66.0570589265
59	25	3807724572909194356	13763019986136493506	825987260930605664	15563874262887706492	-5943.7226562500	0.0000000000	45.7157872812	94.2037085502
53	42	5657007686144780447	12136865425921854489	3488084138780668292	17230284958362416395	-5943.8208007812	0.0000000000	62.5077880376	73.7364242773
11	52	8354271691829693942	13163627984283868779	2504212875909547779	4831865209786474309	-5944.3696289062	0.0000000000	118.0420024682	66.7133089265
24	43	1979202043794946016	17615345215767154738	2287686360382115752	6164762884285447373	-5944.4008789062	0.0000000000	98.7636255097	74.0016395766
17	44	4419624833696315872	8258607018018373577	4626253552410584332	12609208636688199093	-5945.6699218750	0.0000000000	112.0826164545	74.5180621403
6	42	5020305692600317862	12136865425921854489	5889157636768374649	17608705114952938999	-5945.6821289062	0.0000000000	132.3081445847	75.5977524023
17	41	4419624833696315872	13470350209540924502	2145748647792928353	17503728063720135761	-5945.8457031250	0.0000000000	112.2583977045	78.7909845471
16	60	6777124504336706803	13912855578732038628	3878889007144251830	5906514536685058458	-5946.0537109375	0.0000000000	112.8016819984	47.1108748820
24	34	1979202043794946016	3412929990841189636	11058659529755444671	14718648086114588237	-5946.2373046875	0.0000000000	100.6000512910	89.7473882677
14	48	247812421322574847	5044532849186003532	1629696833463427836	5366552407134988691	-5946.8574218750	0.0000000000	117.5467854149	73.3525546461
24	44	1979202043794946016	8258607018018373577	7977153913012217561	13978314730606743218	-5946.8847656250	0.0000000000	101.2475122285	75.7329058903
14	22	247812421322574847	3034672325705139760	7753235721574782657	7895728505381858362	-5947.5209960938	0.0000000000	118.2103596336	104.2862930646
22	41	3034672325705139760	13470350209540924502	7895728505381858362	15293201241746689204	-5947.5209960938	0.0000000000	104.2862930646	80.4662775158
12	55	14533962943741030116	18283626660868936511	11738840850959923304	15526930707423866599	-5947.9960937500	0.0000000000	119.7322944159	63.0232053830
11	27	8354271691829693942	14565777880098740991	9915833906582152237	13634211863067336994	-5948.0688476562	0.0000000000	121.7412212182	97.5888522046
42	20	12136865425921854489	15372946583148891887	3156621450587534004	7553026748881762255	-5948.6240234375	0.0000000000	78.5396469336	113.3988726744
7	41	7184753854421583295	13470350209540924502	515833942519741546	973091956472077316	-5948.7021484375	0.0000000000	130.4786387044	81.6474298596
21	25	10128525784335278497	13763019986136493506	1767062743882012459	12530298352244166851	-5948.7309570312	0.0000000000	113.4241359891	99.2120093315
59	45	3807724572909194356	4653565511850072245	6911268635548857209	18370716099568722541	-5948.8789062500	0.0000000000	50.8720372812	77.0282629692
22	39	3034672325705139760	9810354197824293314	6341854474796005678	17687058472075437009	-5949.0556640625	0.0000000000	105.8209610334	83.3655044557
42	27	12136865425921854489	14565777880098740991	1435717574865649270	13179049539170029075	-5950.9140625000	0.0000000000	80.8296859961	100.4340670484
16	55	6777124504336706803	18283626660868936511	5012926643366688312	9843427795560670033	-5950.9438476562	0.0000000000	117.6918187171	65.9709592892
19	25	2058379798036840621	13763019986136493506	13225318130590282121	14168261435634173487	-5951.2973632812	0.0000000000	116.7591786557	101.7784155815
5	41	2398313083122902780	13470350209540924502	3657574874716193813	9582417303800730158	-5951.6425781250	0.0000000000	143.7756650527	84.5878595471
29	27	13585000793708429708	14565777880098740991	5755062130914955806	12660942083646629247	-5953.8393554688	0.0000000000	102.4257307674	103.3593600171
52	23	13163627984283868779	17353902391342528634	14394804917814224369	17495526221899226795	-5955.3745117188	0.0000000000	77.7181917390	110.1628468787
29	15	13585000793708429708	14873374013526969923	5707653311677967385	8640258823199349989	-5955.7763671875	0.0000000000	104.3627424861	124.7847474073
25	12	13763019986136493506	14533962943741030116	13089842790743065497	15896420070261634339	-5956.4130859375	0.0000000000	106.8941382377	128.1492866034
8	39	7484687342783232930	9810354197824293314	10948349116159884911	16882386060562691425	-5958.7250976562	0.0000000000	139.1693437880	93.0349380494
45	4	4653565511850072245	13744796507174131493	3089935683769285766	14207650143593872433	-5959.0156250000	0.0000000000	87.1649817192	152.0416206911
45	15	4653565511850072245	14873374013526969923	3089935683769285766	14437798662170490173	-5959.0156250000	0.0000000000	87.1649817192	128.0240052198
25	2	13763019986136493506	17327495626708656360	1927790868968688600	17986487545890355678	-5959.0327148438	0.0000000000	109.5137671440	158.9753347355
52	29	13163627984283868779	13585000793708429708	1184002032743316673	13133836064697663744	-5959.5864257812	0.0000000000	81.9301058015	108.1728010799
45	41	4653565511850072245	13470350209540924502	13562831928132346815	18398272752318844220	-5960.7114257812	0.0000000000	88.8607825004	93.6567072033
45	12	4653565511850072245	14533962943741030116	207229721226346220	15638715575288749485	-5960.8793945312	0.0000000000	89.0287512504	132.6155951972
17	45	4419624833696315872	4653565511850072245	7629824559188414363	11668343330770233262	-5962.0361328125	0.0000000000	128.4488273920	90.1854895317
32	27	11229436157254813284	14565777880098740991	7421919434295652851	10344009890220120206	-5963.7182617188	0.0000000000	109.2556774278	113.2382662671
7	26	7184753854421583295	10069114262970339920	13197304627906431215	14893976216642898057	-5964.4091796875	0.0000000000	146.1856699544	114.3729475378
31	15	14666872076358745344	14873374013526969923	1978449240704365424	15104467179697617999	-5966.5371093750	0.0000000000	112.6676197468	135.5454895948
24	48	1979202043794946016	5044532849186003532	12381492703085286070	16555184100874383113	-5968.1718750000	0.0000000000	122.5346216035	94.6670077711
45	8	4653565511850072245	7484687342783232930	1219777931996760242	9022339279893582681	-5969.6166992188	0.0000000000	97.7660559379	150.0609453505
21	29	10128525784335278497	13585000793708429708	4600145624951687479	9428130930469112583	-5971.9223632812	0.0000000000	136.6155422391	120.5087385799
