section	statistic	value
summary	numTrees	2027025
summary	numEdges	14189175
summary	meanDegree	14.0000000000
local	numLocalPeaks	49
local	posteriorMassOfLocalPeaks	0.4467483949
local	meanUphillFraction	0.4999826628
local	posteriorWeightedMeanUphillFraction	0.0433401187
local	meanBestNeighborLnLDifference	23.4343358411
local	posteriorWeightedMeanBestNeighborLnLDifference	0.0246100534
local	meanNeighborAbsLnLDifference	9.8258037515
local	posteriorWeightedMeanNeighborAbsLnLDifference	11.8373701557
basin	numPeaks	49
basin	numPeaksMassGreater01	3
basin	numPeaksMassGreater05	3
basin	largestBasinSize	218889
basin	largestBasinMass	0.5694435167
basin	basinMassEntropy	0.8456104781
basin	effectiveNumBasins	2.3293994279
basin	mapTreeHash	5124626697685069072
basin	mapPeakHash	5124626697685069072
basin	mapPeakId	0
basin	mapBasinMass	0.3773620016
basin	posteriorMassOutsideMapBasin	0.6226379984
ascent	meanAscentLength	9.3756145089
ascent	posteriorWeightedMeanAscentLength	0.6010881522
ascent	meanAscentLengthCredible95	0.7777777778
ascent	posteriorWeightedMeanAscentLengthCredible95	0.5772181267
ascent	maxAscentLength	22
credible95	credible95NumTrees	9
credible95	credible95Mass	0.9766240104
credible95	credible95NumComponents	3
credible95	credible95LargestComponentSize	4
credible95	credible95LargestComponentMass	0.5635981203
credible95	credible95MapComponentSize	4
credible95	credible95MapComponentMass	0.3655912015
barrier	basinGraphEdges	959
barrier	meanBasinGraphDegree	39.1428571429
barrier	mapBasinGraphDegree	48
barrier	basinGraphConnected	1
barrier	minBarrierFromMap	5.4524663288
barrier	meanBarrier	53.5737075479
barrier	posteriorWeightedMeanBarrier	7.1909632326
barrier	maxBarrier	170.1930514736

# peaks
peakId	peakHash	peakTreeProbability	basinNumTrees	basinPosteriorMass
0	5124626697685069072	0.2088100302	187259	0.3773620016
1	3120059728184164471	0.1903811112	152846	0.5694435167
2	7623427614208258087	0.0474346886	176526	0.0530462839
3	12282654030082164567	0.0001018071	91079	0.0001186049
4	12148029984884665422	0.0000066826	218889	0.0000082039
5	7566619875217688955	0.0000056101	129740	0.0000108858
6	2481712864582340333	0.0000045777	59009	0.0000057194
7	2750524374607360066	0.0000027756	51990	0.0000033041
8	3033361163652542192	0.0000003090	138810	0.0000004161
9	14558911667149204238	0.0000002348	131780	0.0000003298
10	1192542622748345688	0.0000002289	33707	0.0000002957
11	2367463543105110589	0.0000001623	94387	0.0000002057
12	8641599192979763592	0.0000001066	159392	0.0000001374
13	3810287667550947241	0.0000000341	72770	0.0000000564
14	7647425406220833729	0.0000000274	57817	0.0000000293
15	3165649293167897726	0.0000000086	37897	0.0000000091
16	7584003193584940670	0.0000000001	27119	0.0000000001
17	16620027448169996110	0.0000000000	16556	0.0000000001
18	4691607425762229783	0.0000000000	30122	0.0000000000
19	1197105643459895247	0.0000000000	31457	0.0000000000
20	17698835103477650371	0.0000000000	4211	0.0000000000
21	10409534843157417303	0.0000000000	23031	0.0000000000
22	8778873497685683209	0.0000000000	3979	0.0000000000
23	7695679222217891372	0.0000000000	8659	0.0000000000
24	2419078526016386847	0.0000000000	26714	0.0000000000
25	1852490523599609633	0.0000000000	6824	0.0000000000
26	15946675759911737241	0.0000000000	12709	0.0000000000
27	12306497070188140367	0.0000000000	3472	0.0000000000
28	10988380494645954370	0.0000000000	4445	0.0000000000
29	1837521853081289236	0.0000000000	5117	0.0000000000
30	17220426965307046444	0.0000000000	5274	0.0000000000
31	3506540301504164130	0.0000000000	5156	0.0000000000
32	1516518707855475474	0.0000000000	1453	0.0000000000
33	2070994761508512054	0.0000000000	1391	0.0000000000
34	16272411011205755533	0.0000000000	627	0.0000000000
35	15216731797460101753	0.0000000000	2734	0.0000000000
36	13820553120315940318	0.0000000000	875	0.0000000000
37	15212137967074693636	0.0000000000	3250	0.0000000000
38	10363418840233777779	0.0000000000	2476	0.0000000000
39	10864638730396215523	0.0000000000	522	0.0000000000
40	15833120484293195251	0.0000000000	1515	0.0000000000
41	9605445362504030113	0.0000000000	1359	0.0000000000
42	9879016803332830992	0.0000000000	406	0.0000000000
43	7020308137664579948	0.0000000000	389	0.0000000000
44	2662758236787761303	0.0000000000	303	0.0000000000
45	1313911480464372459	0.0000000000	251	0.0000000000
46	4827492153207552429	0.0000000000	254	0.0000000000
47	11318367783796173950	0.0000000000	86	0.0000000000
48	18419531873213247054	0.0000000000	391	0.0000000000

# saddles
peakId1	peakId2	peakHash1	peakHash2	saddleTree1	saddleTree2	saddleLnL	saddleProbability	barrierFromPeak1	barrierFromPeak2
1	2	3120059728184164471	7623427614208258087	7623427614208258087	7653842800756720121	-12389.8916015625	0.0019971262	4.5573349732	3.1676608486
0	2	5124626697685069072	7623427614208258087	778570511197259054	9693203422129762343	-12390.6943359375	0.0008953236	5.4524663288	3.9703952236
1	0	3120059728184164471	5124626697685069072	2027711795589568263	17629189628932648457	-12393.1738281250	0.0000749974	7.8395615357	7.9319585163
1	3	3120059728184164471	12282654030082164567	6701131145037222078	13305110522371950941	-12395.9042968750	0.0000048855	10.5700302857	3.0363270751
6	0	2481712864582340333	5124626697685069072	2481712864582340333	3970177634168273515	-12396.4169921875	0.0000029269	0.4471432479	11.1751225788
4	9	12148029984884665422	14558911667149204238	5714547324202700615	14558911667149204238	-12400.0800781250	0.0000000751	4.4885392153	1.1398818461
10	3	1192542622748345688	12282654030082164567	1192542622748345688	9047107197977414879	-12400.2187500000	0.0000000654	1.2532316047	7.3507802001
7	4	2750524374607360066	12148029984884665422	3502630279012603911	14092172020642930216	-12400.3437500000	0.0000000577	3.8735523747	4.7522110903
10	6	1192542622748345688	2481712864582340333	10702884325424548712	10774295037283002026	-12400.8828125000	0.0000000337	1.9172941047	4.9129635604
10	0	1192542622748345688	5124626697685069072	1192542622748345688	15140930337681294858	-12401.2519531250	0.0000000233	2.2864347297	16.0100835163
7	1	2750524374607360066	3120059728184164471	2750524374607360066	18081502832086592745	-12401.2666015625	0.0000000229	4.7964039372	15.9323349732
6	2	2481712864582340333	7623427614208258087	13275359031271247088	14963658584339023069	-12401.2802734375	0.0000000226	5.3104244979	14.5563327236
5	12	7566619875217688955	8641599192979763592	7722232105119612440	18093755938622471489	-12401.4189453125	0.0000000197	5.6524716344	1.6888561979
13	9	3810287667550947241	14558911667149204238	3810287667550947241	17504493631487452546	-12401.7207031250	0.0000000146	0.8521945626	2.7805068461
8	9	3033361163652542192	14558911667149204238	4042125151231888714	17504493631487452546	-12401.8710937500	0.0000000125	3.2056945024	2.9308974711
7	9	2750524374607360066	14558911667149204238	11424667097096433371	16692774000637229118	-12402.1855468750	0.0000000091	5.7153492497	3.2453505961
11	8	2367463543105110589	3033361163652542192	2367463543105110589	2565095841192363039	-12402.5097656250	0.0000000066	3.2002784625	3.8443663774
8	13	3033361163652542192	3810287667550947241	3810287667550947241	12260878293496213362	-12402.8984375000	0.0000000045	4.2330382524	2.0299289376
0	5	5124626697685069072	7566619875217688955	2740038272910430498	7566619875217688955	-12402.9716796875	0.0000000042	17.7298100788	7.2052060094
2	3	7623427614208258087	12282654030082164567	10159443707460631347	13993387110501640100	-12403.7216796875	0.0000000020	16.9977389736	10.8537098876
10	1	1192542622748345688	3120059728184164471	11369209086705124920	12903025196575571250	-12403.8349609375	0.0000000018	4.8694425422	18.5006943482
14	3	7647425406220833729	12282654030082164567	2997837336853751966	15275500258670182135	-12404.1562500000	0.0000000013	3.0696526007	11.2882802001
7	14	2750524374607360066	7647425406220833729	7647425406220833729	14855494181326784136	-12405.1562500000	0.0000000005	8.6860523747	4.0696526007
14	12	7647425406220833729	8641599192979763592	455970266212370056	845866287172601777	-12405.2910156250	0.0000000004	4.2044182257	5.5609265104
8	5	3033361163652542192	7566619875217688955	2281687992020002704	8185654433011151068	-12405.4482421875	0.0000000004	6.7828429399	9.6817685094
0	3	5124626697685069072	12282654030082164567	852102341026497797	13246024122998980025	-12405.4628906250	0.0000000003	20.2210210163	12.5949208251
6	3	2481712864582340333	12282654030082164567	852102341026497797	13239092321853213518	-12406.1748046875	0.0000000002	10.2049557479	13.3068348876
1	15	3120059728184164471	3165649293167897726	3165649293167897726	15469736879338629325	-12406.6591796875	0.0000000001	21.3249130982	4.4093936561
1	4	3120059728184164471	12148029984884665422	7322199082675419709	17985358174223489783	-12406.7392578125	0.0000000001	21.4049912232	11.1477189028
2	12	7623427614208258087	8641599192979763592	8641599192979763592	15749333221342714267	-12407.1152343750	0.0000000001	20.3912936611	7.3851452604
11	5	2367463543105110589	7566619875217688955	1570714965117006314	6702821088711372580	-12407.3730468750	0.0000000001	8.0635597125	11.6065731969
7	12	2750524374607360066	8641599192979763592	845866287172601777	6884940288326476217	-12407.5380859375	0.0000000000	11.0678883122	7.8079968229
1	9	3120059728184164471	14558911667149204238	2329198982830511574	9771468105917903668	-12407.6337890625	0.0000000000	22.2995224732	8.6935927836
10	17	1192542622748345688	16620027448169996110	6073650629601149375	16620027448169996110	-12407.9521484375	0.0000000000	8.9866300422	0.2074271834
13	0	3810287667550947241	5124626697685069072	8519758214212061583	14360273924211618483	-12408.3134765625	0.0000000000	7.4449680001	23.0716069538
11	0	2367463543105110589	5124626697685069072	7838473169445383322	12850858109149072745	-12408.6396484375	0.0000000000	9.3301612750	23.3977788288
14	17	7647425406220833729	16620027448169996110	4460532138670424122	10919423512318918380	-12408.7177734375	0.0000000000	7.6311760382	0.9730521834
13	5	3810287667550947241	7566619875217688955	11000241166006586587	16936992708711547611	-12408.7880859375	0.0000000000	7.9195773751	13.0216122594
1	12	3120059728184164471	8641599192979763592	8641599192979763592	9177919764710715981	-12408.9433593750	0.0000000000	23.6090927857	9.2132702604
16	4	7584003193584940670	12148029984884665422	7584003193584940670	17590351592212592677	-12409.0927734375	0.0000000000	1.9876006759	13.5012345278
13	18	3810287667550947241	4691607425762229783	3084957739681573496	13267659462447179791	-12409.1679687500	0.0000000000	8.2994601876	0.1612340941
8	18	3033361163652542192	4691607425762229783	4691607425762229783	13329555124743880372	-12409.5859375000	0.0000000000	10.9205382524	0.5792028441
11	4	2367463543105110589	12148029984884665422	7114616572982233291	13848642453599114328	-12410.6474609375	0.0000000000	11.3379737750	15.0559220278
7	0	2750524374607360066	5124626697685069072	4904476888218012704	9716094723263849893	-12410.6835937500	0.0000000000	14.2133961247	25.4417241413
5	9	7566619875217688955	14558911667149204238	8800684977656452136	9712812458183031250	-12410.7382812500	0.0000000000	14.9718075719	11.7980849711
7	5	2750524374607360066	7566619875217688955	4904476888218012704	8800684977656452136	-12410.7382812500	0.0000000000	14.2680836247	14.9718075719
5	17	7566619875217688955	16620027448169996110	7142991001042716889	10919423512318918380	-12410.7509765625	0.0000000000	14.9845028844	3.0062553084
18	4	4691607425762229783	12148029984884665422	11806393459565535595	18324537263014266157	-12410.8886718750	0.0000000000	1.8819372191	15.2971329653
6	1	2481712864582340333	3120059728184164471	6184719984026320175	13828358100735833223	-12411.3583984375	0.0000000000	15.3885494979	26.0241318482
8	4	3033361163652542192	12148029984884665422	3323836814683816641	8763839949989852519	-12411.6025390625	0.0000000000	12.9371398149	16.0110001528
1	14	3120059728184164471	7647425406220833729	5880622147141605380	11848415494662559832	-12411.6279296875	0.0000000000	26.2936630982	10.5413322882
7	17	2750524374607360066	16620027448169996110	5849681584151028342	7928416896674345687	-12411.8369140625	0.0000000000	15.3667164372	4.0921928084
19	12	1197105643459895247	8641599192979763592	9968347062433721353	11054531319032283963	-12412.0214843750	0.0000000000	2.5095376811	12.2913952604
19	2	1197105643459895247	7623427614208258087	3868849069864309586	14557704368537084585	-12412.2958984375	0.0000000000	2.7839517436	25.5719577236
0	20	5124626697685069072	17698835103477650371	11596656841377932029	17698835103477650371	-12412.3818359375	0.0000000000	27.1399663288	2.2106345636
19	18	1197105643459895247	4691607425762229783	10115794965178155410	14250272683825289835	-12412.4326171875	0.0000000000	2.9206704936	3.4258825316
11	9	2367463543105110589	14558911667149204238	6252468727749307627	9676917665676725093	-12412.5537109375	0.0000000000	13.2442237750	13.6135146586
12	4	8641599192979763592	12148029984884665422	2970708738031775104	12434270595881033230	-12412.7558593750	0.0000000000	13.0257702604	17.1643204653
5	14	7566619875217688955	7647425406220833729	8492494099666765431	16279321197619649876	-12412.7998046875	0.0000000000	17.0333310094	11.7132072882
7	2	2750524374607360066	7623427614208258087	4926411284557574281	14557704368537084585	-12412.9843750000	0.0000000000	16.5141773747	26.2604342861
19	7	1197105643459895247	2750524374607360066	3868849069864309586	4926411284557574281	-12412.9843750000	0.0000000000	3.4724283061	16.5141773747
8	16	3033361163652542192	7584003193584940670	14657040769467476439	16154984751944518648	-12413.0117187500	0.0000000000	14.3463195024	5.9065459884
11	16	2367463543105110589	7584003193584940670	16154984751944518648	16657881971573234126	-12413.0117187500	0.0000000000	13.7022315875	5.9065459884
0	21	5124626697685069072	10409534843157417303	10409534843157417303	15835297283215637884	-12413.0234375000	0.0000000000	27.7815678913	0.6382092430
21	20	10409534843157417303	17698835103477650371	15738031896406575629	15856512026091908193	-12413.2490234375	0.0000000000	0.8637951805	3.0778220636
0	22	5124626697685069072	8778873497685683209	2955923302863262423	8778873497685683209	-12413.3662109375	0.0000000000	28.1243413288	0.0177651665
18	16	4691607425762229783	7584003193584940670	7316685512003260128	9246400542007930393	-12413.3710937500	0.0000000000	4.3643590941	6.2659209884
18	2	4691607425762229783	7623427614208258087	5264878588648516088	14250272683825289835	-12413.4150390625	0.0000000000	4.4083044066	26.6910983486
19	16	1197105643459895247	7584003193584940670	1197105643459895247	12640961703263575245	-12413.6718750000	0.0000000000	4.1599283061	6.5667022384
6	5	2481712864582340333	7566619875217688955	2126522508360152355	3666903990734808840	-12414.1972656250	0.0000000000	18.2274166854	18.4307919469
13	4	3810287667550947241	12148029984884665422	2815084605844744996	2966155239476797834	-12414.2421875000	0.0000000000	13.3736789376	18.6506485903
15	0	3165649293167897726	5124626697685069072	1086304102312845859	11322192404611641627	-12414.9287109375	0.0000000000	12.6789249061	29.6868413288
0	17	5124626697685069072	16620027448169996110	7928416896674345687	8383739455487649243	-12415.1826171875	0.0000000000	29.9407475788	7.4378959334
8	0	3033361163652542192	5124626697685069072	6377854047634690048	9610628662719386653	-12415.3056640625	0.0000000000	16.6402648149	30.0637944538
18	12	4691607425762229783	8641599192979763592	3596643952329509044	3834128340813090499	-12415.4677734375	0.0000000000	6.4610387816	15.7376843229
2	4	7623427614208258087	12148029984884665422	11825101285169789680	17908059184377969203	-12415.8291015625	0.0000000000	29.1051608486	20.2375626528
19	4	1197105643459895247	12148029984884665422	9968347062433721353	17401153419007162885	-12416.0341796875	0.0000000000	6.5222329936	20.4426407778
16	2	7584003193584940670	7623427614208258087	3606031811446675282	9961537767005587961	-12416.0419921875	0.0000000000	8.9368194259	29.3180514736
11	7	2367463543105110589	2750524374607360066	6408444978221984072	15162481978217012736	-12416.2861328125	0.0000000000	16.9766456500	19.8159351872
15	23	3165649293167897726	7695679222217891372	8371494015624358295	15435230086981155200	-12416.3466796875	0.0000000000	14.0968936561	2.2867082084
19	13	1197105643459895247	3810287667550947241	7105867468875609727	11795964774923598287	-12416.3652343750	0.0000000000	6.8532876811	15.4967258126
0	12	5124626697685069072	8641599192979763592	3134784556640654987	13843895968853769782	-12416.7490234375	0.0000000000	31.5071538288	17.0189343229
7	3	2750524374607360066	12282654030082164567	2846688254806145366	13876379875588132752	-12416.8837890625	0.0000000000	20.4135914372	24.0158192626
13	16	3810287667550947241	7584003193584940670	12640961703263575245	18269580168669676492	-12417.0830078125	0.0000000000	16.2144992501	9.9778350509
2	23	7623427614208258087	7695679222217891372	9315399472867120874	15435230086981155200	-12417.1845703125	0.0000000000	30.4606295986	3.1245988334
15	2	3165649293167897726	7623427614208258087	11173287732567586850	16764503379142971638	-12417.2519531250	0.0000000000	15.0021670936	30.5280124111
1	21	3120059728184164471	10409534843157417303	15027423183153209146	18197153445066135027	-12417.3447265625	0.0000000000	32.0104599732	4.9594983055
15	21	3165649293167897726	10409534843157417303	6004190199115446463	18197153445066135027	-12417.3447265625	0.0000000000	15.0949405311	4.9594983055
7	13	2750524374607360066	3810287667550947241	10680318084091653561	16462495370065961198	-12417.5703125000	0.0000000000	21.1001148747	16.7018039376
19	8	1197105643459895247	3033361163652542192	134286546249352227	13143953091931230126	-12417.7353515625	0.0000000000	8.2234048686	19.0699523149
19	0	1197105643459895247	5124626697685069072	2317427020798110484	11838515602106997877	-12417.7783203125	0.0000000000	8.2663736186	32.5364507038
10	7	1192542622748345688	2750524374607360066	598642286735709335	3978821923995207788	-12417.8574218750	0.0000000000	18.8919034797	21.3872242497
23	20	7695679222217891372	17698835103477650371	10668457726693850196	15435230086981155200	-12417.9267578125	0.0000000000	3.8667863334	7.7555564386
16	12	7584003193584940670	8641599192979763592	4202589525513036779	11367787161560132527	-12418.2255859375	0.0000000000	11.1204131759	18.4954968229
8	2	3033361163652542192	7623427614208258087	2618047363857986163	18211941779614557877	-12418.4052734375	0.0000000000	19.7398741899	31.6813327236
0	14	5124626697685069072	7647425406220833729	3329752167721768490	5792774805279260590	-12419.1347656250	0.0000000000	33.8928960163	18.0481682257
5	2	7566619875217688955	7623427614208258087	137128071665496937	13621955907927778921	-12419.5566406250	0.0000000000	23.7901669469	32.8326999111
12	9	8641599192979763592	14558911667149204238	9208363041460307502	10035120933171033073	-12419.7744140625	0.0000000000	20.0443249479	20.8342177836
15	22	3165649293167897726	8778873497685683209	9929323290594688689	16733771472985404470	-12419.8017578125	0.0000000000	17.5519717811	6.4533120415
12	3	8641599192979763592	12282654030082164567	1830770051008958996	3431675731782878597	-12420.0039062500	0.0000000000	20.2738171354	27.1359364501
24	4	2419078526016386847	12148029984884665422	10127534559691476014	13843521866817892647	-12420.4423828125	0.0000000000	5.0921550528	24.8508439028
15	20	3165649293167897726	17698835103477650371	8429928999528380473	10668457726693850196	-12420.5683593750	0.0000000000	18.3185733436	10.3971580011
11	13	2367463543105110589	3810287667550947241	4597118156374852615	8809257554537032018	-12421.0830078125	0.0000000000	21.7735206500	20.2144992501
24	15	2419078526016386847	3165649293167897726	2419078526016386847	14476458672639999397	-12421.6816406250	0.0000000000	6.3314128653	19.4318545936
15	3	3165649293167897726	12282654030082164567	11558644824633374468	11776609346037844658	-12421.7529296875	0.0000000000	19.5031436561	28.8849598876
7	8	2750524374607360066	3033361163652542192	8962153609126007968	10512104080261996225	-12422.0546875000	0.0000000000	25.5844898747	23.3892882524
1	23	3120059728184164471	7695679222217891372	13086431679121247675	14948465120515530079	-12422.4990234375	0.0000000000	37.1647568482	8.4390519584
10	14	1192542622748345688	7647425406220833729	13088232902725999904	13193133519301086862	-12422.9082031250	0.0000000000	23.9426847297	21.8216057257
19	9	1197105643459895247	14558911667149204238	6693307829451306051	16776807965059589362	-12423.1503906250	0.0000000000	13.6384439311	24.2101943461
8	12	3033361163652542192	8641599192979763592	5930964133728484124	12499566124001458754	-12424.0458984375	0.0000000000	25.3804991899	24.3158093229
1	13	3120059728184164471	3810287667550947241	4173849030230194862	4652598352824954557	-12424.2216796875	0.0000000000	38.8874130982	23.3531711251
5	4	7566619875217688955	12148029984884665422	10201036113577307293	14724108275856803125	-12425.2480468750	0.0000000000	29.4815731969	29.6565079653
1	17	3120059728184164471	16620027448169996110	4141813192392492810	15532327348818948790	-12425.3203125000	0.0000000000	39.9860459107	17.5755912459
11	1	2367463543105110589	3120059728184164471	8308236216822821045	10494782327868177278	-12425.4599609375	0.0000000000	26.1504737750	40.1256943482
13	12	3810287667550947241	8641599192979763592	8477111186931754329	15753418718172554195	-12425.7910156250	0.0000000000	24.9225070626	26.0609265104
19	1	1197105643459895247	3120059728184164471	6140464047692324120	17139237418533265519	-12426.3925781250	0.0000000000	16.8806314311	41.0583115357
1	5	3120059728184164471	7566619875217688955	8300683808193707177	17117355931819178984	-12426.6933593750	0.0000000000	41.3590927857	30.9268856969
26	20	15946675759911737241	17698835103477650371	5163514259753893989	15946675759911737241	-12426.7197265625	0.0000000000	0.7165460860	16.5485251886
0	4	5124626697685069072	12148029984884665422	14350406744678416329	16389104722431657191	-12426.7958984375	0.0000000000	41.5540288288	31.2043595278
10	25	1192542622748345688	1852490523599609633	1852490523599609633	12277409005555366234	-12427.0439453125	0.0000000000	28.0784269172	1.2187517919
13	2	3810287667550947241	7623427614208258087	4251855696205397958	12122998489187610557	-12427.4414062500	0.0000000000	26.5728976876	40.7174655361
0	9	5124626697685069072	14558911667149204238	1098209251048123811	8742416431672414871	-12427.6337890625	0.0000000000	42.3919194538	28.6935927836
14	4	7647425406220833729	12148029984884665422	289243973987248195	638700310394948314	-12428.1601562500	0.0000000000	27.0735588507	32.5686173403
8	26	3033361163652542192	15946675759911737241	2629328767510430750	15136347083959974492	-12428.2412109375	0.0000000000	29.5758116899	2.2380304610
10	5	1192542622748345688	7566619875217688955	2199251733367334596	5861896438252765839	-12428.3378906250	0.0000000000	29.3723722297	32.5714169469
21	26	10409534843157417303	15946675759911737241	2629328767510430750	6459992376757885953	-12428.3525390625	0.0000000000	15.9673108055	2.3493585860
5	21	7566619875217688955	10409534843157417303	3101962980202747723	7169085695018629124	-12429.2236328125	0.0000000000	33.4571591344	16.8384045555
11	17	2367463543105110589	16620027448169996110	6013466444816301228	13466151954317475217	-12429.5839843750	0.0000000000	30.2744972125	21.8392631209
11	18	2367463543105110589	4691607425762229783	6250144635404679879	9389870021507802280	-12430.5419921875	0.0000000000	31.2325050250	21.5352575316
24	9	2419078526016386847	14558911667149204238	16109927671474677046	17601135496511012562	-12430.7236328125	0.0000000000	15.3734050528	31.7834365336
15	4	3165649293167897726	12148029984884665422	1113407573016887221	6320315711583774247	-12430.8017578125	0.0000000000	28.5519717811	35.2102189028
24	26	2419078526016386847	15946675759911737241	9091962692483180392	10942691016567450880	-12431.3681640625	0.0000000000	16.0179363028	5.3649835860
7	15	2750524374607360066	3165649293167897726	8615196793312567453	15365084770425904236	-12431.6601562500	0.0000000000	35.1899586247	29.4103702186
14	27	7647425406220833729	12306497070188140367	1834862482115341832	12306497070188140367	-12431.7919921875	0.0000000000	30.7053947882	1.1343672955
10	28	1192542622748345688	10988380494645954370	7889001314985431558	10988380494645954370	-12431.8339843750	0.0000000000	32.8684659797	0.0811351060
27	17	12306497070188140367	16620027448169996110	12306497070188140367	17494870831993258676	-12431.8496093750	0.0000000000	1.1919844830	24.1048881209
5	3	7566619875217688955	12282654030082164567	3238945999656812393	11269423517697913492	-12431.9003906250	0.0000000000	36.1339169469	39.0324208251
6	17	2481712864582340333	16620027448169996110	12945192877109413774	17680703146229156823	-12431.9384765625	0.0000000000	35.9686276229	24.1937553084
2	14	7623427614208258087	7647425406220833729	3865946521180213412	12424882925236356863	-12432.1455078125	0.0000000000	45.4215670986	31.0589104132
5	16	7566619875217688955	7584003193584940670	10161222579403526977	15332499848070020100	-12432.2412109375	0.0000000000	36.4747372594	25.1360381759
8	21	3033361163652542192	10409534843157417303	11577407757577857227	13574648422707271844	-12432.2578125000	0.0000000000	33.5924132524	19.8725842430
9	26	14558911667149204238	15946675759911737241	10942691016567450880	11395613422075518999	-12432.2851562500	0.0000000000	33.3449599711	6.2819757735
19	5	1197105643459895247	7566619875217688955	12119420426497720509	16280662965693031428	-12432.5664062500	0.0000000000	23.0544595561	36.7999325719
8	1	3033361163652542192	3120059728184164471	9497391843151952055	12027565706569769730	-12432.5683593750	0.0000000000	33.9029601274	47.2340927857
25	3	1852490523599609633	12282654030082164567	3966119129022992706	6701559612882854146	-12432.6250000000	0.0000000000	6.7998064794	39.7570302001
10	11	1192542622748345688	2367463543105110589	1082753671752760476	6553576192837677611	-12433.1191406250	0.0000000000	34.1536222297	33.8096534625
6	20	2481712864582340333	17698835103477650371	10005191425083056098	13478319067429901667	-12433.1718750000	0.0000000000	37.2020260604	23.0006736261
28	3	10988380494645954370	12282654030082164567	1056084251199505169	10988380494645954370	-12433.2519531250	0.0000000000	1.4991038560	40.3839833251
2	30	7623427614208258087	17220426965307046444	819277399394718552	18267190851247105557	-12433.6406250000	0.0000000000	46.9166842861	0.6593430459
24	18	2419078526016386847	4691607425762229783	6267933243059358768	16276878565950515298	-12433.7060546875	0.0000000000	18.3558269278	24.6993200316
13	22	3810287667550947241	8778873497685683209	6054837581905682770	9943104594073238966	-12433.9218750000	0.0000000000	33.0533664376	20.5734292290
29	4	1837521853081289236	12148029984884665422	1224974631266905211	1837521853081289236	-12434.3154296875	0.0000000000	2.2360432763	38.7238907778
6	12	2481712864582340333	8641599192979763592	7069536871904249346	12272525179536670232	-12434.4091796875	0.0000000000	38.4393307479	34.6790905729
2	22	7623427614208258087	8778873497685683209	11514307387136670930	17601491110418554308	-12434.9707031250	0.0000000000	48.2467624111	21.6222573540
3	17	12282654030082164567	16620027448169996110	3868452212269933828	5732597776382701008	-12435.2119140625	0.0000000000	42.3439442626	27.4671928084
31	26	3506540301504164130	15946675759911737241	3506540301504164130	4358399087682474123	-12435.4189453125	0.0000000000	0.5888448295	9.4157648360
24	20	2419078526016386847	17698835103477650371	1254350452445775407	5712542780738633421	-12435.6611328125	0.0000000000	20.3109050528	25.4899314386
14	9	7647425406220833729	14558911667149204238	10175911185794216623	18306179117993045505	-12435.6894531250	0.0000000000	34.6028557257	36.7492568461
21	3	10409534843157417303	12282654030082164567	1047997424651822677	15697859338683523166	-12435.7246093750	0.0000000000	23.3393811180	42.8566395751
4	3	12148029984884665422	12282654030082164567	3417077498873597940	3549254069173930017	-12435.7685546875	0.0000000000	40.1770157778	42.9005848876
25	1	1852490523599609633	3120059728184164471	1900352391171096062	3966119129022992706	-12435.7958984375	0.0000000000	9.9707049169	50.4616318482
6	14	2481712864582340333	7647425406220833729	2114557743794460720	5367947769846952585	-12435.8310546875	0.0000000000	39.8612057479	34.7444572882
29	3	1837521853081289236	12282654030082164567	1837521853081289236	18354670918547805834	-12436.2548828125	0.0000000000	4.1754964013	43.3869130126
15	28	3165649293167897726	10988380494645954370	2761785368527679353	11274706682015277118	-12436.3554687500	0.0000000000	34.1056827186	4.6026194810
23	30	7695679222217891372	17220426965307046444	907176745242905386	17220426965307046444	-12436.5351562500	0.0000000000	22.4751847709	3.5538742959
6	30	2481712864582340333	17220426965307046444	6987833834581214442	18267190851247105557	-12436.7001953125	0.0000000000	40.7303463729	3.7189133584
11	6	2367463543105110589	2481712864582340333	3998490930372942335	16599895138375202382	-12436.7705078125	0.0000000000	37.4610206500	40.8006588729
22	3	8778873497685683209	12282654030082164567	2742175577626413589	9729088896054239021	-12436.8046875000	0.0000000000	23.4562417290	43.9367177001
1	20	3120059728184164471	17698835103477650371	5183788266105515147	5754782727626434582	-12436.8837890625	0.0000000000	51.5495224732	26.7125876886
25	0	1852490523599609633	5124626697685069072	10504330962872650898	14628848573478128495	-12437.0312500000	0.0000000000	11.2060564794	51.7893803913
24	13	2419078526016386847	3810287667550947241	1254350452445775407	5442628860139071222	-12437.0927734375	0.0000000000	21.7425456778	36.2242648751
10	21	1192542622748345688	10409534843157417303	2540228778787369431	10972099561408346483	-12437.2636718750	0.0000000000	38.2981534797	24.8784436180
21	28	10409534843157417303	10988380494645954370	2540228778787369431	2761785368527679353	-12437.2636718750	0.0000000000	24.8784436180	5.5108226060
3	30	12282654030082164567	17220426965307046444	18267190851247105557	18299182530776896847	-12437.4550781250	0.0000000000	44.5871083251	4.4737961709
0	16	5124626697685069072	7584003193584940670	12151303932478305465	14342426197095101934	-12437.4628906250	0.0000000000	52.2210210163	30.3577178634
8	31	3033361163652542192	3506540301504164130	574857401428057912	3506540301504164130	-12437.5527343750	0.0000000000	38.8873351274	2.7226338920
6	21	2481712864582340333	10409534843157417303	1782435484505968368	8832792038839150673	-12437.9687500000	0.0000000000	41.9989010604	25.5835217430
6	28	2481712864582340333	10988380494645954370	4144172277254237728	8832792038839150673	-12438.1621093750	0.0000000000	42.1922604354	6.4092601060
11	21	2367463543105110589	10409534843157417303	344359316585236372	10344997325161249567	-12438.3447265625	0.0000000000	39.0352394000	25.9594983055
24	21	2419078526016386847	10409534843157417303	344359316585236372	14425038834076117196	-12438.3447265625	0.0000000000	22.9944988028	25.9594983055
11	27	2367463543105110589	12306497070188140367	5477274169192925604	12306497070188140367	-12438.3623046875	0.0000000000	39.0528175250	7.7046797955
11	12	2367463543105110589	8641599192979763592	4571185193149090456	6692253887210234562	-12438.5644531250	0.0000000000	39.2549659625	38.8343640104
15	14	3165649293167897726	7647425406220833729	3855002080434707351	14477383289007615395	-12438.6191406250	0.0000000000	36.3693545936	37.5325432257
29	24	1837521853081289236	2419078526016386847	1407505700683504789	4316319298478704379	-12438.6376953125	0.0000000000	6.5583089013	23.2874675528
6	13	2481712864582340333	3810287667550947241	12029397451192190423	18376238082644913435	-12438.6669921875	0.0000000000	42.6971432479	37.7984836251
0	28	5124626697685069072	10988380494645954370	1304975723921467902	14342826825893807943	-12438.8369140625	0.0000000000	53.5950444538	7.0840647935
22	20	8778873497685683209	17698835103477650371	9676811446595150337	9901663510740802040	-12439.3125000000	0.0000000000	25.9640542290	29.1412986261
10	9	1192542622748345688	14558911667149204238	2729233756248316131	9904517902162565111	-12439.4394531250	0.0000000000	40.4739347297	40.4992568461
24	1	2419078526016386847	3120059728184164471	3285573852872064162	6050470004503366344	-12439.4609375000	0.0000000000	24.1107097403	54.1266709107
24	7	2419078526016386847	2750524374607360066	4467264464990437283	6050470004503366344	-12439.4609375000	0.0000000000	24.1107097403	42.9907398747
24	12	2419078526016386847	8641599192979763592	4587609495110258883	6050470004503366344	-12439.4609375000	0.0000000000	24.1107097403	39.7308483854
13	26	3810287667550947241	15946675759911737241	10029436366252729553	14450970746584244868	-12439.6533203125	0.0000000000	38.7848117501	13.6501398360
2	21	7623427614208258087	10409534843157417303	12834488639730767518	15592747925453214929	-12439.7363281250	0.0000000000	53.0123874111	27.3510998680
5	27	7566619875217688955	12306497070188140367	2278715558771285341	12152837805189825646	-12439.7802734375	0.0000000000	44.0137997594	9.1226485455
19	11	1197105643459895247	2367463543105110589	11747139104896313090	12821567728001527174	-12440.3007812500	0.0000000000	30.7888345561	40.9912940875
27	9	12306497070188140367	14558911667149204238	6941814969086433208	13206443747013527636	-12440.4335937500	0.0000000000	9.7759688580	41.4933974711
24	31	2419078526016386847	3506540301504164130	8453187966931026283	15917249855169437019	-12440.4619140625	0.0000000000	25.1116863028	5.6318135795
4	17	12148029984884665422	16620027448169996110	6652848267769964393	13217199934512106942	-12440.4951171875	0.0000000000	44.9035782778	32.7503959334
1	22	3120059728184164471	8778873497685683209	850710101217980165	2363994183085700078	-12440.5791015625	0.0000000000	55.2448349732	27.2306557915
13	17	3810287667550947241	16620027448169996110	11166235851013859612	17990981730400480127	-12440.6318359375	0.0000000000	39.7633273751	32.8871146834
0	23	5124626697685069072	7695679222217891372	6495791241588890879	18038983024405744550	-12440.7783203125	0.0000000000	55.5364507038	26.7183488334
25	6	1852490523599609633	2481712864582340333	1948972510249993310	13595576439731836254	-12440.8408203125	0.0000000000	15.0156267919	44.8709713729
23	21	7695679222217891372	10409534843157417303	6090579713501600742	12612268031027313937	-12440.8945312500	0.0000000000	26.8345597709	28.5093029930
33	24	2070994761508512054	2419078526016386847	50393180019426952	2070994761508512054	-12440.9492187500	0.0000000000	0.0187944915	25.5989909903
32	11	1516518707855475474	2367463543105110589	1516518707855475474	2173255697357068257	-12440.9746093750	0.0000000000	0.8510312261	41.6651222125
33	31	2070994761508512054	3506540301504164130	2070994761508512054	6075517735150485893	-12441.2382812500	0.0000000000	0.3078569915	6.4081807670
24	3	2419078526016386847	12282654030082164567	7225339454020099278	15461448353394727783	-12441.2500000000	0.0000000000	25.8997722403	48.3820302001
24	8	2419078526016386847	3033361163652542192	1598170706635251307	12546617825834630448	-12441.3144531250	0.0000000000	25.9642253653	42.6490538774
29	34	1837521853081289236	16272411011205755533	14665961819817815423	16272411011205755533	-12441.6904296875	0.0000000000	9.6110432763	0.1073810623
31	23	3506540301504164130	7695679222217891372	2293151676625689288	12525130597063329276	-12441.6992187500	0.0000000000	6.8691182670	27.6392472709
1	18	3120059728184164471	4691607425762229783	12872896608427878065	15046754994980115532	-12441.9277343750	0.0000000000	56.5934677857	32.9209997191
15	12	3165649293167897726	8641599192979763592	472909461624658322	14621569045992610072	-12441.9521484375	0.0000000000	39.7023624061	42.2220593229
31	18	3506540301504164130	4691607425762229783	11572243173305162650	14374231445683574978	-12441.9912109375	0.0000000000	7.1611104545	32.9844762816
2	9	7623427614208258087	14558911667149204238	917901639823412636	4616575535262833099	-12442.2080078125	0.0000000000	55.4840670986	43.2678115336
3	9	12282654030082164567	14558911667149204238	3266297590016416367	11505275849237550844	-12442.2353515625	0.0000000000	49.3673817626	43.2951552836
33	23	2070994761508512054	7695679222217891372	8748161875735508534	12525130597063329276	-12442.4394531250	0.0000000000	1.5090288665	28.3794816459
0	26	5124626697685069072	15946675759911737241	1000692983276546959	9905931080379799831	-12442.4951171875	0.0000000000	57.2532475788	16.4919367110
11	24	2367463543105110589	2419078526016386847	2869549661391552248	9361509779239663465	-12442.5009765625	0.0000000000	43.1914894000	27.1507488028
15	30	3165649293167897726	17220426965307046444	3585051655867086182	6899247012274138351	-12442.5595703125	0.0000000000	40.3097842811	9.5782883584
9	17	14558911667149204238	16620027448169996110	6295795182414283869	14090125000058344168	-12442.6162109375	0.0000000000	43.6760146586	34.8714896834
1	28	3120059728184164471	10988380494645954370	5040379587889420495	9387014226239761395	-12442.6982421875	0.0000000000	57.3639755982	10.9453929185
10	15	1192542622748345688	3165649293167897726	11686500967049815073	12806801710886934568	-12442.7216796875	0.0000000000	43.7561612922	40.4718936561
19	31	1197105643459895247	3506540301504164130	6075517735150485893	17407938164350684465	-12443.5322265625	0.0000000000	34.0202798686	8.7021260795
19	14	1197105643459895247	7647425406220833729	3777192133193193946	4376459917733776979	-12443.7080078125	0.0000000000	34.1960611186	42.6214104132
7	18	2750524374607360066	4691607425762229783	11299043515044206336	14437772725151200216	-12443.7900390625	0.0000000000	47.3198414372	34.7833044066
31	12	3506540301504164130	8641599192979763592	2293151676625689288	7262826766731344078	-12443.8271484375	0.0000000000	8.9970479545	44.0970593229
16	9	7584003193584940670	14558911667149204238	4616575535262833099	8316789689037625427	-12443.8925781250	0.0000000000	36.7874053634	44.9523818461
29	9	1837521853081289236	14558911667149204238	9696983529584395409	14665961819817815423	-12443.8964843750	0.0000000000	11.8170979638	44.9562880961
9	35	14558911667149204238	15216731797460101753	7766661964324112594	15216731797460101753	-12444.0253906250	0.0000000000	45.0851943461	1.8683750728
33	26	2070994761508512054	15946675759911737241	8748161875735508534	14107479307294994917	-12444.1806640625	0.0000000000	3.2502398040	18.1774835860
31	16	3506540301504164130	7584003193584940670	2293151676625689288	5495441993924187211	-12444.2333984375	0.0000000000	9.4032979545	37.1282256759
15	13	3165649293167897726	3810287667550947241	801660672312733765	9634979541607300472	-12444.3056640625	0.0000000000	42.0558780311	43.4371555001
0	36	5124626697685069072	13820553120315940318	6060761767044743636	13820553120315940318	-12444.3613281250	0.0000000000	59.1194585163	0.0677924946
8	36	3033361163652542192	13820553120315940318	13820553120315940318	16902022642388983977	-12444.4179687500	0.0000000000	45.7525695024	0.1244331196
6	8	2481712864582340333	3033361163652542192	7705913200038720412	9401513629697723249	-12444.5117187500	0.0000000000	48.5418698104	45.8463195024
32	35	1516518707855475474	15216731797460101753	2857394085370951976	8908399231289543444	-12444.6523437500	0.0000000000	4.5287656011	2.4953281978
3	34	12282654030082164567	16272411011205755533	9017646141952755390	16272411011205755533	-12444.6591796875	0.0000000000	51.7912098876	3.0761310623
19	33	1197105643459895247	2070994761508512054	2070994761508512054	10297741840812339049	-12444.7246093750	0.0000000000	35.2126626811	3.7941851165
3	27	12282654030082164567	12306497070188140367	12904546126230806323	13293850843205699456	-12444.8535156250	0.0000000000	51.9855458251	14.1958907330
10	27	1192542622748345688	12306497070188140367	12904546126230806323	17113767550281804337	-12444.8535156250	0.0000000000	45.8879972297	14.1958907330
12	17	8641599192979763592	16620027448169996110	1733074632069750382	12580997948794903623	-12444.8720703125	0.0000000000	45.1419811979	37.1273490584
18	9	4691607425762229783	14558911667149204238	5775582638171609709	9009918782134421226	-12445.2685546875	0.0000000000	36.2618200316	46.3283584086
31	4	3506540301504164130	12148029984884665422	4955775090078230623	15008145511988393471	-12445.3095703125	0.0000000000	10.4794698295	49.7180314028
13	21	3810287667550947241	10409534843157417303	3750111831038338772	4788568367072182263	-12445.3457031250	0.0000000000	44.4771945626	32.9604748680
15	26	3165649293167897726	15946675759911737241	12811123129005655675	17464473221789400775	-12445.7001953125	0.0000000000	43.4504092811	19.6970148360
4	26	12148029984884665422	15946675759911737241	764248009445703977	10335617526498745979	-12446.0351562500	0.0000000000	50.4436173403	20.0319757735
24	2	2419078526016386847	7623427614208258087	7077049197872525889	11408131819144687274	-12446.1044921875	0.0000000000	30.7542644278	59.3805514736
10	4	1192542622748345688	12148029984884665422	8994238086309382002	12115531955042360789	-12446.1113281250	0.0000000000	47.1458097297	50.5197892153
15	9	3165649293167897726	14558911667149204238	3151252969689094760	12811123129005655675	-12446.1718750000	0.0000000000	43.9220889686	47.2316787211
8	20	3033361163652542192	17698835103477650371	1720716264396774885	12583184086960985502	-12446.2763671875	0.0000000000	47.6109679399	36.1051658136
23	26	7695679222217891372	15946675759911737241	1739693880439367275	14107479307294994917	-12446.2919921875	0.0000000000	32.2320207084	20.2888117110
1	16	3120059728184164471	7584003193584940670	467549219221511606	18160325938907156473	-12446.3183593750	0.0000000000	60.9840927857	39.2131866134
32	25	1516518707855475474	1852490523599609633	3311304530234108966	4461913693652882070	-12446.3574218750	0.0000000000	6.2338437261	20.5322283544
19	3	1197105643459895247	12282654030082164567	3725160327314542070	3926174939688587968	-12446.5224609375	0.0000000000	37.0105142436	53.6544911376
5	20	7566619875217688955	17698835103477650371	2654794946577885140	4081187084632141293	-12446.6259765625	0.0000000000	50.8595028844	36.4547751886
11	20	2367463543105110589	17698835103477650371	1443174896987198284	6926603249999087129	-12446.6992187500	0.0000000000	47.3897315875	36.5280173761
6	15	2481712864582340333	3165649293167897726	4374528897164688978	8879238257901355538	-12446.7324218750	0.0000000000	50.7625729354	44.4826358436
7	21	2750524374607360066	10409534843157417303	7006299702695858297	9633618664855032991	-12446.7324218750	0.0000000000	50.2622242497	34.3471936180
33	16	2070994761508512054	7584003193584940670	8332969459108943213	8748161875735508534	-12446.9453125000	0.0000000000	6.0148882415	39.8401397384
33	15	2070994761508512054	3165649293167897726	8571244314448730540	12843301923048753873	-12447.0185546875	0.0000000000	6.0881304290	44.7687686561
33	12	2070994761508512054	8641599192979763592	6947319274200439004	17863331940088840617	-12447.4033203125	0.0000000000	6.4728960540	47.6732311979
18	0	4691607425762229783	5124626697685069072	2975471726990643356	7359609748525993487	-12447.4326171875	0.0000000000	38.4258825316	62.1907475788
9	34	14558911667149204238	16272411011205755533	4807419243683379802	16272411011205755533	-12447.5732421875	0.0000000000	48.6330459086	5.9901935623
31	2	3506540301504164130	7623427614208258087	12896935094999153877	16086311765389960228	-12447.7578125000	0.0000000000	12.9277120170	61.0338717861
24	34	2419078526016386847	16272411011205755533	11765619145157421958	16304666655832982441	-12448.0507812500	0.0000000000	32.7005534903	6.4677326248
11	26	2367463543105110589	15946675759911737241	1889859135262961274	3769219448232656975	-12448.1269531250	0.0000000000	48.8174659625	22.1237726485
16	23	7584003193584940670	7695679222217891372	1048328945594837225	1112222145720597704	-12448.1337890625	0.0000000000	41.0286163009	34.0738175834
16	14	7584003193584940670	7647425406220833729	7318098534129705874	14422990507424473474	-12448.2421875000	0.0000000000	41.1370147384	47.1555901007
24	0	2419078526016386847	5124626697685069072	3197341650872064317	16909969212156826387	-12448.2773437500	0.0000000000	32.9271159903	63.0354741413
33	20	2070994761508512054	17698835103477650371	6918195913734977098	8571244314448730540	-12448.8662109375	0.0000000000	7.9357866790	38.6950095636
23	3	7695679222217891372	12282654030082164567	6104488473850947970	6661808916329605789	-12448.9687500000	0.0000000000	34.9087785209	56.1007802001
15	31	3165649293167897726	3506540301504164130	4255163288842415145	11550986138229915084	-12449.0185546875	0.0000000000	46.7687686561	14.1884542045
9	37	14558911667149204238	15212137967074693636	15191597909871129862	15212137967074693636	-12449.0527343750	0.0000000000	50.1125380961	0.2508634572
10	2	1192542622748345688	7623427614208258087	2952095794775850536	18210327933404075078	-12449.0683593750	0.0000000000	50.1028409797	62.3444186611
15	18	3165649293167897726	4691607425762229783	6917761857074548057	7654507644252465287	-12449.2988281250	0.0000000000	47.0490420936	40.2920934691
6	22	2481712864582340333	8778873497685683209	2197774241735247586	8237734783142194656	-12449.3837890625	0.0000000000	53.4139401229	36.0353432915
25	17	1852490523599609633	16620027448169996110	7567108194438056813	16971720588157905054	-12449.4296875000	0.0000000000	23.6044939794	41.6849662459
11	3	2367463543105110589	12282654030082164567	1783243373988750608	13409850362862202537	-12449.4541015625	0.0000000000	50.1446144000	56.5861317626
33	2	2070994761508512054	7623427614208258087	12896935094999153877	17832693536617249082	-12449.4550781250	0.0000000000	8.5246538665	62.7311374111
24	23	2419078526016386847	7695679222217891372	1600203908876334422	4693713709970864649	-12449.5175781250	0.0000000000	34.1673503653	35.4576066459
29	18	1837521853081289236	4691607425762229783	4212511346165513746	10011080848013970180	-12449.5537109375	0.0000000000	17.4743245263	40.5469762816
11	35	2367463543105110589	15216731797460101753	1580592673937240312	7880038205935707222	-12449.5576171875	0.0000000000	50.2481300250	7.4006016353
1	34	3120059728184164471	16272411011205755533	3565312520214098029	16272411011205755533	-12449.6191406250	0.0000000000	64.2848740357	8.0360919998
0	30	5124626697685069072	17220426965307046444	10309250544275510204	11452505588786146553	-12449.6582031250	0.0000000000	64.4163335163	16.6769211709
11	2	2367463543105110589	7623427614208258087	7627246107185499254	17725197706931387021	-12449.7402343750	0.0000000000	50.4307472125	63.0162936611
22	4	8778873497685683209	12148029984884665422	4626834355707899053	9354647279288098710	-12449.8388671875	0.0000000000	36.4904214165	54.2473282778
31	21	3506540301504164130	10409534843157417303	3558823875046050173	6372905498060142227	-12449.8857421875	0.0000000000	15.0556417045	37.5005139305
36	26	13820553120315940318	15946675759911737241	6961922653238658992	13820553120315940318	-12449.9267578125	0.0000000000	5.6332221821	23.9235773360
31	20	3506540301504164130	17698835103477650371	12670406478959258823	18369205711920938164	-12449.9873046875	0.0000000000	15.1572042045	39.8161033136
32	1	1516518707855475474	3120059728184164471	3685953784905943758	12488400028495694329	-12450.2333984375	0.0000000000	10.1098202886	64.8991318482
19	6	1197105643459895247	2481712864582340333	6274328003740689875	12108703505337639038	-12450.2343750000	0.0000000000	40.7224283061	54.2645260604
15	16	3165649293167897726	7584003193584940670	5639278850364335667	8984911554745591748	-12450.2695312500	0.0000000000	48.0197452186	43.1643584884
25	27	1852490523599609633	12306497070188140367	1535075302181655483	10536207427970948397	-12450.4257812500	0.0000000000	24.6005877294	19.7681563580
1	30	3120059728184164471	17220426965307046444	959043606485346301	11960688447166000525	-12450.7011718750	0.0000000000	65.3669052857	17.7198899209
23	12	7695679222217891372	8641599192979763592	4941647143557203096	8907346183533445472	-12450.8652343750	0.0000000000	36.8052628959	51.1351452604
8	38	3033361163652542192	10363418840233777779	1476246542100877525	10363418840233777779	-12450.9042968750	0.0000000000	52.2388976274	0.2616918918
38	26	10363418840233777779	15946675759911737241	6226167223364093899	10363418840233777779	-12450.9492187500	0.0000000000	0.3066137668	24.9460382735
21	9	10409534843157417303	14558911667149204238	4611583910844682234	6257538849345859444	-12451.1572265625	0.0000000000	38.7719983055	52.2170302836
18	5	4691607425762229783	7566619875217688955	8747634019401181135	16175100332922038463	-12451.2460937500	0.0000000000	42.2393590941	55.4796200719
3	20	12282654030082164567	17698835103477650371	1788611851767789141	6285336048469747058	-12451.3183593750	0.0000000000	58.4503895751	41.1471580011
11	15	2367463543105110589	3165649293167897726	7506768121560546111	13939457863448874866	-12451.3867187500	0.0000000000	52.0772315875	49.1369327186
24	14	2419078526016386847	7647425406220833729	10998721663829487601	16996370496527293456	-12451.5019531250	0.0000000000	36.1517253653	50.4153557257
28	9	10988380494645954370	14558911667149204238	14258242753822414040	18331290977191455628	-12451.5322265625	0.0000000000	19.7793772935	52.5920302836
11	28	2367463543105110589	10988380494645954370	6003217816042422616	18331290977191455628	-12451.6064453125	0.0000000000	52.2969581500	19.8535960435
7	28	2750524374607360066	10988380494645954370	6812042623417876887	18331290977191455628	-12451.9052734375	0.0000000000	55.4350758122	20.1524241685
12	21	8641599192979763592	10409534843157417303	7932661314233965793	13608350290219574109	-12451.9150390625	0.0000000000	52.1849499479	39.5298108055
25	11	1852490523599609633	2367463543105110589	15357668126687596753	17661032437679045020	-12452.2060546875	0.0000000000	26.3808611669	52.8965675250
6	7	2481712864582340333	2750524374607360066	16803212672801450999	17047164167970144661	-12452.3486328125	0.0000000000	56.3787838729	55.8784351872
4	37	12148029984884665422	15212137967074693636	4004110142140012640	7345620812127833972	-12452.4062500000	0.0000000000	56.8147110903	3.6043790822
24	28	2419078526016386847	10988380494645954370	7640623442697930730	18331290977191455628	-12452.4199218750	0.0000000000	37.0696941153	20.6670726060
32	4	1516518707855475474	12148029984884665422	4874739839535403222	17624005024693046506	-12452.4306640625	0.0000000000	12.3070859136	56.8391251528
15	5	3165649293167897726	7566619875217688955	2416094777407605631	8790144692324178789	-12452.4853515625	0.0000000000	50.2355655311	56.7188778844
13	34	3810287667550947241	16272411011205755533	2144482275172000346	8464326748295688941	-12452.5771484375	0.0000000000	51.7086398751	10.9940998123
29	1	1837521853081289236	3120059728184164471	7601191716312930762	18298396144630297745	-12452.8974609375	0.0000000000	20.8180745263	67.5631943482
19	24	1197105643459895247	2419078526016386847	7411601700699826391	8842799686823528123	-12453.0771484375	0.0000000000	43.5652017436	37.7269206778
33	18	2070994761508512054	4691607425762229783	15115863526587525606	16975582335636966710	-12453.0927734375	0.0000000000	12.1623491790	44.0860387816
11	14	2367463543105110589	7647425406220833729	10114779327914359539	13297898109760256862	-12453.1152343750	0.0000000000	53.8057472125	52.0286369757
4	27	12148029984884665422	12306497070188140367	8637862995257091946	16338972930270466515	-12453.2382812500	0.0000000000	57.6467423403	22.5806563580
14	21	7647425406220833729	10409534843157417303	9553074621053871793	10909165156282198111	-12453.3515625000	0.0000000000	52.2649651007	40.9663342430
2	20	7623427614208258087	17698835103477650371	9828803626598706732	15722221341283966406	-12453.3779296875	0.0000000000	66.6539889736	43.2067283136
29	13	1837521853081289236	3810287667550947241	10886551529559713133	11389358551254247206	-12453.3964843750	0.0000000000	21.3170979638	52.5279758126
7	16	2750524374607360066	7584003193584940670	10746502374197251635	15922443987999398997	-12453.6083984375	0.0000000000	57.1382008122	46.5032256759
32	7	1516518707855475474	2750524374607360066	4332098777868073125	8025900790355179811	-12453.7744140625	0.0000000000	13.6508359136	57.3042164372
8	14	3033361163652542192	7647425406220833729	2717866944031245677	17846171427578734104	-12453.7968750000	0.0000000000	55.1314757524	52.7102776007
25	21	1852490523599609633	10409534843157417303	9807182393913065511	10332533149014052585	-12453.9853515625	0.0000000000	28.1601580419	41.6001233055
6	26	2481712864582340333	15946675759911737241	1521193430780910870	4186230277149304071	-12454.5400390625	0.0000000000	58.5701901229	28.5368585860
6	27	2481712864582340333	12306497070188140367	15834715473788686024	17553108644601740321	-12454.5761718750	0.0000000000	58.6063229354	23.9185469830
0	39	5124626697685069072	10864638730396215523	1238088962700765341	10864638730396215523	-12454.7783203125	0.0000000000	69.5364507038	0.3831384530
29	15	1837521853081289236	3165649293167897726	23581875617315746	13406213847322857351	-12454.8740234375	0.0000000000	22.7946370263	52.6242374061
18	40	4691607425762229783	15833120484293195251	9740449929985714148	17473143427956841288	-12455.0634765625	0.0000000000	46.0567419066	0.6459988149
25	35	1852490523599609633	15216731797460101753	3810937630573374216	10989126021500173586	-12455.0849609375	0.0000000000	29.2597674169	12.9279453853
29	8	1837521853081289236	3033361163652542192	526599870488471704	10886551529559713133	-12455.1953125000	0.0000000000	23.1159260888	56.5299132524
32	9	1516518707855475474	14558911667149204238	5800379893985453737	8984900691877391185	-12455.2666015625	0.0000000000	15.1430234136	56.3264052836
4	20	12148029984884665422	17698835103477650371	11187662149260028916	14746032368057291357	-12455.2861328125	0.0000000000	59.6945939028	45.1149314386
23	4	7695679222217891372	12148029984884665422	11187662149260028916	14158177158152406463	-12455.2861328125	0.0000000000	41.2261613334	59.6945939028
39	28	10864638730396215523	10988380494645954370	10864638730396215523	17883691625361211327	-12455.3798828125	0.0000000000	0.9847009530	23.6270335435
39	3	10864638730396215523	12282654030082164567	1297461417778441735	10864638730396215523	-12455.3828125000	0.0000000000	0.9876306405	62.5148427001
18	26	4691607425762229783	15946675759911737241	717822394411783560	4732621718705688056	-12455.3886718750	0.0000000000	46.3819372191	29.3854913985
14	28	7647425406220833729	10988380494645954370	1390402880795616572	2077945390604703194	-12455.4648437500	0.0000000000	54.3782463507	23.7119944810
24	22	2419078526016386847	8778873497685683209	3789330850968916461	15442502954812011093	-12455.7109375000	0.0000000000	40.3607097403	42.3624917290
33	8	2070994761508512054	3033361163652542192	15115863526587525606	17424129807141656012	-12455.7587890625	0.0000000000	14.8283648040	57.0933898149
13	36	3810287667550947241	13820553120315940318	2144482275172000346	18181886274460701018	-12455.8281250000	0.0000000000	54.9596164376	11.5345893696
38	9	10363418840233777779	14558911667149204238	5967548162754095524	14540800187935056112	-12455.8447265625	0.0000000000	5.2021215793	56.9045302836
1	35	3120059728184164471	15216731797460101753	2033028182499424535	2137157243629926577	-12455.9062500000	0.0000000000	70.5719834107	13.7492344478
8	40	3033361163652542192	15833120484293195251	10431648147032506248	15833120484293195251	-12456.0429687500	0.0000000000	57.3775695024	1.6254910024
4	35	12148029984884665422	15216731797460101753	1580592673937240312	8944821044935607002	-12456.1318359375	0.0000000000	60.5402970278	13.9748203853
1	26	3120059728184164471	15946675759911737241	5513309539189261354	13276497911794438728	-12456.1552734375	0.0000000000	70.8210068482	30.1520929610
8	37	3033361163652542192	15212137967074693636	10530740387779108475	15212137967074693636	-12456.2451171875	0.0000000000	57.5797179399	7.4432462697
12	20	8641599192979763592	17698835103477650371	11112181014587492936	13037128156090715313	-12456.2587890625	0.0000000000	56.5286999479	46.0875876886
7	35	2750524374607360066	15216731797460101753	2033028182499424535	7419870589116151025	-12456.4023437500	0.0000000000	59.9321461247	14.2453281978
13	28	3810287667550947241	10988380494645954370	10113772776286257682	10825935936839925718	-12456.4335937500	0.0000000000	55.5650851876	24.6807444810
28	26	10988380494645954370	15946675759911737241	1521193430780910870	10113772776286257682	-12456.4335937500	0.0000000000	24.6807444810	30.4304132735
7	34	2750524374607360066	16272411011205755533	3559266561166617196	12945566780354625237	-12456.8818359375	0.0000000000	60.4116383122	15.2987873123
24	5	2419078526016386847	7566619875217688955	1151366467360318181	5352678954327905892	-12457.0449218750	0.0000000000	41.6946941153	61.2784481969
11	37	2367463543105110589	15212137967074693636	4531346720469203167	18026877627014380145	-12457.3369140625	0.0000000000	58.0274269000	8.5350431447
13	38	3810287667550947241	10363418840233777779	4125322738454414647	10825935936839925718	-12457.3886718750	0.0000000000	56.5201633126	6.7460668918
28	27	10988380494645954370	12306497070188140367	3554575793004042182	17910629907690450322	-12457.5878906250	0.0000000000	25.8350413560	26.9302657330
13	40	3810287667550947241	15833120484293195251	7661092688248141628	15833120484293195251	-12457.6503906250	0.0000000000	56.7818820626	3.2329128774
8	15	3033361163652542192	3165649293167897726	4504717034091073882	10086805713158466836	-12457.6904296875	0.0000000000	59.0250304399	55.4406436561
15	41	3165649293167897726	9605445362504030113	6115200479223165035	9605445362504030113	-12457.9228515625	0.0000000000	55.6730655311	2.1790458235
19	29	1197105643459895247	1837521853081289236	2465201499489472732	14648360006835422222	-12458.2089843750	0.0000000000	48.6970376811	26.1295979638
23	22	7695679222217891372	8778873497685683209	4976695951711768899	5927672604978219321	-12458.3242187500	0.0000000000	44.2642472709	44.9757729790
25	9	1852490523599609633	14558911667149204238	7944338275489409265	13287894260976666180	-12458.3535156250	0.0000000000	32.5283221044	59.4133193461
29	22	1837521853081289236	8778873497685683209	6652441548077780367	7550563925688142690	-12458.3554687500	0.0000000000	26.2760823388	45.0070229790
37	40	15212137967074693636	15833120484293195251	16752959680077724802	17473143427956841288	-12458.5390625000	0.0000000000	9.7371915822	4.1215847524
41	21	9605445362504030113	10409534843157417303	3854431187222205677	9605445362504030113	-12459.0312500000	0.0000000000	3.2874442610	46.6460217430
1	42	3120059728184164471	9879016803332830992	6402646255918685043	9879016803332830992	-12459.0605468750	0.0000000000	73.7262802857	1.6851056697
9	40	14558911667149204238	15833120484293195251	4369275615905512893	15833120484293195251	-12459.0771484375	0.0000000000	60.1369521586	4.6596706899
24	17	2419078526016386847	16620027448169996110	13071578023854238239	13679327437114471723	-12459.4746093750	0.0000000000	44.1243816153	51.7298881209
42	3	9879016803332830992	12282654030082164567	9879016803332830992	13752007738096123918	-12459.5039062500	0.0000000000	2.1284650447	66.6359364501
19	23	1197105643459895247	7695679222217891372	8809188316204597187	13323178955400701811	-12459.6337890625	0.0000000000	50.1218423686	45.5738175834
1	27	3120059728184164471	12306497070188140367	5080013872205483436	8070038603070455502	-12459.7197265625	0.0000000000	74.3854599732	29.0621016705
28	17	10988380494645954370	16620027448169996110	492910898222553180	6826235395223634033	-12459.9033203125	0.0000000000	28.1504710435	52.1585990584
25	14	1852490523599609633	7647425406220833729	8975732575795083279	9169064148210532018	-12460.0253906250	0.0000000000	34.2001971044	58.9387932257
30	20	17220426965307046444	17698835103477650371	3527476946766837407	9959626646099829477	-12460.0556640625	0.0000000000	27.0743821084	49.8844626886
5	26	7566619875217688955	15946675759911737241	12752075643333393776	17852146332666318800	-12460.1562500000	0.0000000000	64.3897763219	34.1530695235
27	34	12306497070188140367	16272411011205755533	5838406008054644016	18286171666656634373	-12460.2060546875	0.0000000000	29.5484297955	18.6230060623
8	34	3033361163652542192	16272411011205755533	15683869610967483987	16087231780012873578	-12460.2099609375	0.0000000000	61.5445616899	18.6269123123
11	23	2367463543105110589	7695679222217891372	1048328945594837225	7061315386763075851	-12460.5722656250	0.0000000000	61.2627784625	46.5122941459
15	39	3165649293167897726	10864638730396215523	10864638730396215523	15476085811203718454	-12460.6152343750	0.0000000000	58.3654483436	6.2200525155
33	4	2070994761508512054	12148029984884665422	4040585679132222509	15409890016405121869	-12460.6269531250	0.0000000000	19.6965288665	65.0354142153
11	22	2367463543105110589	8778873497685683209	689534910667802141	18277131538595408942	-12460.7216796875	0.0000000000	61.4121925250	47.3732339165
8	3	3033361163652542192	12282654030082164567	3329900710485919874	13409850362862202537	-12460.8505859375	0.0000000000	62.1851866899	67.9826161376
8	35	3033361163652542192	15216731797460101753	9096372420815139609	13028381200255396758	-12461.2998046875	0.0000000000	62.6344054399	19.1427891353
15	17	3165649293167897726	16620027448169996110	10623879376765920922	14035661557138450686	-12461.3808593750	0.0000000000	59.1310733436	53.6361381209
10	12	1192542622748345688	8641599192979763592	2028443922439956617	15517670107575654033	-12461.5839843750	0.0000000000	62.6184659797	61.8538952604
11	36	2367463543105110589	13820553120315940318	3324329919515308405	17322263085341151759	-12461.6855468750	0.0000000000	62.3760597125	17.3920112446
7	27	2750524374607360066	12306497070188140367	5253473051946986889	18341522836182807802	-12461.7021484375	0.0000000000	65.2319508122	31.0445235455
25	7	1852490523599609633	2750524374607360066	6703410934056412404	7944338275489409265	-12461.7294921875	0.0000000000	35.9042986669	65.2592945622
6	4	2481712864582340333	12148029984884665422	3098434132587481527	4694662084304856860	-12461.7558593750	0.0000000000	65.7860104354	66.1643204653
0	27	5124626697685069072	12306497070188140367	1060499116903671406	5079161983440206612	-12461.9013671875	0.0000000000	76.6594975788	31.2437422955
41	28	9605445362504030113	10988380494645954370	4941649857265269308	16354096403156359527	-12461.9091796875	0.0000000000	6.1653739485	30.1563304185
6	39	2481712864582340333	10864638730396215523	11280373396473219827	13127203699641672817	-12462.2021484375	0.0000000000	66.2322994979	7.8069665780
10	22	1192542622748345688	8778873497685683209	3238193989158210853	17719427795670445373	-12462.2656250000	0.0000000000	63.3001066047	48.9171792290
29	14	1837521853081289236	7647425406220833729	381848557728325042	15152234449124803592	-12462.3867187500	0.0000000000	30.3073323388	61.3001213507
29	26	1837521853081289236	15946675759911737241	13377921884374047652	14335316251872308369	-12462.7089843750	0.0000000000	30.6295979638	36.7058038985
41	39	9605445362504030113	10864638730396215523	6691293575997581148	16572902079673007289	-12462.7929687500	0.0000000000	7.0491630110	8.3977868905
29	2	1837521853081289236	7623427614208258087	1511967229618381780	3957320568770485956	-12462.9052734375	0.0000000000	30.8258870263	76.1813327236
13	14	3810287667550947241	7647425406220833729	9668731286308021639	12532220374708667727	-12462.9570312500	0.0000000000	62.0885226876	61.8704338507
32	8	1516518707855475474	3033361163652542192	7767643879276461500	13031854910186959036	-12462.9609375000	0.0000000000	22.8373593511	64.2955382524
10	8	1192542622748345688	3033361163652542192	1923111324180359968	4857030946826098675	-12463.1005859375	0.0000000000	64.1350675422	64.4351866899
21	27	10409534843157417303	12306497070188140367	2133239089899156300	3554575793004042182	-12463.1015625000	0.0000000000	50.7163342430	32.4439376080
8	23	3033361163652542192	7695679222217891372	6051047053091852801	17762268132372805816	-12463.1601562500	0.0000000000	64.4947570024	49.1001847709
18	22	4691607425762229783	8778873497685683209	6340969784696641234	8775529163987311226	-12463.2949218750	0.0000000000	54.2881872191	49.9464761040
28	20	10988380494645954370	17698835103477650371	13242243889011331554	13386263528860740998	-12463.3828125000	0.0000000000	31.6299632310	53.2116111261
8	17	3033361163652542192	16620027448169996110	612338080513686335	11675339450103781538	-12463.5498046875	0.0000000000	64.8844054399	55.8050834334
22	36	8778873497685683209	13820553120315940318	6652441548077780367	6886292706638587757	-12463.6933593750	0.0000000000	50.3449136040	19.3998237446
29	36	1837521853081289236	13820553120315940318	6886292706638587757	17646399147380409842	-12463.6933593750	0.0000000000	31.6139729638	19.3998237446
4	36	12148029984884665422	13820553120315940318	5537918800225669697	6886292706638587757	-12463.8369140625	0.0000000000	68.2453751528	19.5433784321
13	37	3810287667550947241	15212137967074693636	3652041370034210619	10158325897667248806	-12463.8779296875	0.0000000000	63.0094211251	15.0760587697
21	4	10409534843157417303	12148029984884665422	2721284547118784715	4287403166787236498	-12463.9609375000	0.0000000000	51.5757092430	68.3693985903
22	28	8778873497685683209	10988380494645954370	953406707168508321	3251860210039238784	-12464.1083984375	0.0000000000	50.7599526665	32.3555491685
24	38	2419078526016386847	10363418840233777779	5291830175984407194	6006804948975134287	-12464.1875000000	0.0000000000	48.8372722403	13.5448950168
13	3	3810287667550947241	12282654030082164567	1920468632367149630	9680875792470638507	-12464.3056640625	0.0000000000	63.4371555001	71.4376942626
29	35	1837521853081289236	15216731797460101753	9351167733196084632	13531566471781038221	-12464.5126953125	0.0000000000	32.4333089013	22.3556797603
18	3	4691607425762229783	12282654030082164567	8672243812541138875	11106094659616044293	-12464.5507812500	0.0000000000	55.5440465941	71.6828114501
31	13	3506540301504164130	3810287667550947241	2897215120540142640	17461694196633612203	-12464.7304687500	0.0000000000	29.9003682670	63.8619601876
36	34	13820553120315940318	16272411011205755533	8372962961604487599	16725259970550695671	-12464.7822265625	0.0000000000	20.4886909321	23.1991779373
12	27	8641599192979763592	12306497070188140367	6390352833272938931	15989771497566325599	-12464.9443359375	0.0000000000	65.2142468229	34.2867110455
7	26	2750524374607360066	15946675759911737241	9122828546605196295	14277899712037266484	-12464.9628906250	0.0000000000	68.4926929997	38.9597101485
38	4	10363418840233777779	12148029984884665422	1688112195232815821	13990493312971165177	-12465.1562500000	0.0000000000	14.5136450168	69.5647110903
16	3	7584003193584940670	12282654030082164567	3763160503874905595	10500984046489021180	-12465.1826171875	0.0000000000	58.0774444259	72.3146473876
6	9	2481712864582340333	14558911667149204238	4570095759429591852	9570486588600631949	-12465.2402343750	0.0000000000	69.2703854354	66.3000380961
31	9	3506540301504164130	14558911667149204238	9607084133569602231	9939410542327759034	-12465.8037109375	0.0000000000	30.9736104545	66.8635146586
3	36	12282654030082164567	13820553120315940318	2364864391458683495	9825593913222686745	-12466.1142578125	0.0000000000	73.2462880126	21.8207221821
12	30	8641599192979763592	17220426965307046444	6488196835783717749	6962748348854962507	-12466.2587890625	0.0000000000	66.5286999479	33.2775071084
21	39	10409534843157417303	10864638730396215523	15516567859840279744	17439180898467966887	-12466.3330078125	0.0000000000	53.9477795555	11.9378259530
6	23	2481712864582340333	7695679222217891372	11728984951403076267	16050810323833927894	-12466.4531250000	0.0000000000	70.4832760604	52.3931535209
4	40	12148029984884665422	15833120484293195251	8733571173081916974	14815344395684055565	-12466.7060546875	0.0000000000	71.1145157778	12.2885769399
18	14	4691607425762229783	7647425406220833729	5989912269425331585	14967071350800001215	-12466.7500000000	0.0000000000	57.7432653441	65.6634026007
21	34	10409534843157417303	16272411011205755533	14064957878744320519	16594000573626586719	-12466.8369140625	0.0000000000	54.4516858055	25.2538654373
22	26	8778873497685683209	15946675759911737241	11368431662124485082	17989359401291745149	-12466.8466796875	0.0000000000	53.4982339165	40.8434992110
0	41	5124626697685069072	9605445362504030113	5866787756434108010	8011695459677612340	-12466.8583984375	0.0000000000	81.6165288288	11.1145926985
0	34	5124626697685069072	16272411011205755533	8358049864858570911	8372962961604487599	-12467.2529296875	0.0000000000	82.0110600788	25.6698810623
24	30	2419078526016386847	17220426965307046444	3146088174067498501	12316579230143305605	-12467.2607421875	0.0000000000	51.9105144278	34.2794602334
12	37	8641599192979763592	15212137967074693636	2981315399135099660	3471649611578446958	-12467.7578125000	0.0000000000	68.0277233854	18.9559415822
32	24	1516518707855475474	2419078526016386847	2669649134456919640	11394364249729569181	-12467.7910156250	0.0000000000	27.6674374761	52.4407878653
32	0	1516518707855475474	5124626697685069072	10356107504268855825	13758540327618764838	-12467.9189453125	0.0000000000	27.7953671636	82.6770757038
16	37	7584003193584940670	15212137967074693636	3129925607283056383	16954266304534613073	-12467.9658203125	0.0000000000	60.8606475509	19.1639493947
2	42	7623427614208258087	9879016803332830992	3264288664888688068	6087140352416034018	-12468.0878906250	0.0000000000	81.3639499111	10.7124494197
5	22	7566619875217688955	8778873497685683209	5024629332522840275	9098716756213322389	-12468.1259765625	0.0000000000	72.3595028844	54.7775307915
12	40	8641599192979763592	15833120484293195251	3219026294057478644	12576762723239023375	-12468.2490234375	0.0000000000	68.5189343229	13.8315456899
2	26	7623427614208258087	15946675759911737241	1842267457701999620	16737768643631406488	-12468.4013671875	0.0000000000	81.6774264736	42.3981867110
13	20	3810287667550947241	17698835103477650371	6683320158531389501	11059873181300660976	-12468.4755859375	0.0000000000	67.6070773751	58.3043845636
8	28	3033361163652542192	10988380494645954370	8211889183727406856	10113772776286257682	-12468.8378906250	0.0000000000	70.1724913774	37.0850413560
5	28	7566619875217688955	10988380494645954370	2229160735904890543	15820168262957510042	-12468.9375000000	0.0000000000	73.1710263219	37.1846507310
33	30	2070994761508512054	17220426965307046444	11212116218256603553	16761940658983129069	-12468.9414062500	0.0000000000	28.0109819915	35.9601242959
12	26	8641599192979763592	15946675759911737241	10126388418084087062	11898748635421846550	-12468.9599609375	0.0000000000	69.2298718229	42.9567804610
25	15	1852490523599609633	3165649293167897726	3877985961626477811	4144068450805567714	-12468.9648437500	0.0000000000	43.1396502294	66.7150577186
1	39	3120059728184164471	10864638730396215523	7275085585548069745	8979779603259039441	-12469.0966796875	0.0000000000	83.7624130982	14.7014978280
24	16	2419078526016386847	7584003193584940670	8553926508164229183	12351129659503233938	-12469.2597656250	0.0000000000	53.9095378653	62.1545928634
14	30	7647425406220833729	17220426965307046444	5960620138712691924	16549639491641670253	-12469.2773437500	0.0000000000	68.1907463507	36.2960617959
36	9	13820553120315940318	14558911667149204238	1282069564778233379	10093373779709382622	-12469.3271484375	0.0000000000	25.0336128071	70.3869521586
29	0	1837521853081289236	5124626697685069072	8400680372916544264	12832670454312423448	-12469.6728515625	0.0000000000	37.5934651513	84.4309819538
21	17	10409534843157417303	16620027448169996110	3409808620688715930	8249839871150582446	-12469.6816406250	0.0000000000	57.2964123680	61.9369193709
25	5	1852490523599609633	7566619875217688955	5053301780727727536	10431825669792119465	-12469.8437500000	0.0000000000	44.0185564794	74.0772763219
31	0	3506540301504164130	5124626697685069072	7189000463360345953	9914188787644529763	-12470.0312500000	0.0000000000	35.2011495170	84.7893803913
8	22	3033361163652542192	8778873497685683209	10729499442504862158	13373435502023254873	-12470.0546875000	0.0000000000	71.3892882524	56.7062417290
1	41	3120059728184164471	9605445362504030113	6389193624596670593	9027857814295754945	-12470.1542968750	0.0000000000	84.8200302857	14.4104911360
10	32	1192542622748345688	1516518707855475474	569968566196565158	9173740167835114328	-12470.2666015625	0.0000000000	71.3010831672	30.1430234136
21	30	10409534843157417303	17220426965307046444	1029373895773885340	17555253447913927993	-12470.3984375000	0.0000000000	58.0132092430	37.4171555459
10	39	1192542622748345688	10864638730396215523	3818191062474137738	7275085585548069745	-12470.4580078125	0.0000000000	71.4924894172	16.0628259530
25	4	1852490523599609633	12148029984884665422	1429583888850586640	18113246769299624270	-12470.7597656250	0.0000000000	44.9345721044	75.1682267153
6	16	2481712864582340333	7584003193584940670	4041217742472822552	13871158504315169666	-12471.0039062500	0.0000000000	75.0340573104	63.8987334884
4	30	12148029984884665422	17220426965307046444	12316579230143305605	14325667165135587958	-12471.1103515625	0.0000000000	75.5188126528	38.1290696084
33	38	2070994761508512054	10363418840233777779	13672915741049018590	16761940658983129069	-12471.1689453125	0.0000000000	30.2385210540	20.5263403293
31	38	3506540301504164130	10363418840233777779	11297312518737884578	12677327445500683669	-12471.7089843750	0.0000000000	36.8788838920	21.0663793918
16	27	7584003193584940670	12306497070188140367	13724656327266680223	16351255489085225386	-12471.7724609375	0.0000000000	64.6672881759	41.1148360455
16	30	7584003193584940670	17220426965307046444	11139922456590359372	18236180883083094067	-12471.8085937500	0.0000000000	64.7034209884	38.8273117959
32	34	1516518707855475474	16272411011205755533	8924754998552925192	11841658201838624406	-12471.9560546875	0.0000000000	31.8324765386	30.3730060623
19	37	1197105643459895247	15212137967074693636	9547016108186785985	15756389107639405881	-12472.1162109375	0.0000000000	62.6042642436	23.3143400197
3	26	12282654030082164567	15946675759911737241	6654488743367190036	13625106558964154906	-12472.3398437500	0.0000000000	79.4718739501	46.3366632735
6	38	2481712864582340333	10363418840233777779	7351636615121387781	13672915741049018590	-12472.3750000000	0.0000000000	76.4051510604	21.7323950168
14	37	7647425406220833729	15212137967074693636	8295373977065617414	9547016108186785985	-12472.4550781250	0.0000000000	71.3684807257	23.6532072072
24	6	2419078526016386847	2481712864582340333	6815854627048075842	15177125444892004257	-12472.4736328125	0.0000000000	57.1234050528	76.5037838729
2	36	7623427614208258087	13820553120315940318	1202642642180202879	18078637751615363575	-12472.5634765625	0.0000000000	85.8395358486	28.2699409321
13	27	3810287667550947241	12306497070188140367	5288575103804882500	8637558786209397689	-12472.7324218750	0.0000000000	71.8639133126	42.0747969830
22	41	8778873497685683209	9605445362504030113	7827506151091414548	8041592521550925478	-12473.2001953125	0.0000000000	59.8517495415	17.4563895735
35	26	15216731797460101753	15946675759911737241	11919176781785813260	13596143984994830841	-12473.2451171875	0.0000000000	31.0881016353	47.2419367110
38	20	10363418840233777779	17698835103477650371	6741809068001126043	6928102892919048909	-12473.4218750000	0.0000000000	22.7792700168	63.2506736261
11	34	2367463543105110589	16272411011205755533	3700087265796459660	14699742643762597750	-12473.5146484375	0.0000000000	74.2051612750	31.9315998123
6	18	2481712864582340333	4691607425762229783	4025890564908259766	6706419968248520493	-12473.5712890625	0.0000000000	77.6014401229	64.5645544066
22	39	8778873497685683209	10864638730396215523	1045280074547294782	7275085585548069745	-12473.8144531250	0.0000000000	60.4660073540	19.4192712655
25	8	1852490523599609633	3033361163652542192	7600852540608467412	7700933030365362950	-12473.8271484375	0.0000000000	48.0019549169	75.1617491899
27	26	12306497070188140367	15946675759911737241	1561463513098326812	11556298685686378294	-12473.9833984375	0.0000000000	43.3257735455	47.9802179610
34	17	16272411011205755533	16620027448169996110	12507264400295354994	12593471582743626521	-12474.1005859375	0.0000000000	32.5175373123	66.3558646834
10	13	1192542622748345688	3810287667550947241	5755978952502188346	11074325864533765676	-12474.1347656250	0.0000000000	75.1692472297	73.2662570626
22	21	8778873497685683209	10409534843157417303	1701924245915054099	13548756820224921818	-12474.1738281250	0.0000000000	60.8253823540	61.7885998680
5	37	7566619875217688955	15212137967074693636	1973106720701384369	6846810363470060609	-12474.2490234375	0.0000000000	78.4825497594	25.4471525197
16	21	7584003193584940670	10409534843157417303	12267296448771244827	16321260375946429557	-12474.2539062500	0.0000000000	67.1487334884	61.8686779930
16	26	7584003193584940670	15946675759911737241	6105082034992976845	12267296448771244827	-12474.2539062500	0.0000000000	67.1487334884	48.2507257735
3	35	12282654030082164567	15216731797460101753	3725876583047659493	4308118890362069500	-12474.2568359375	0.0000000000	81.3888661376	32.0998203853
0	35	5124626697685069072	15216731797460101753	14831124694646352963	16549710231244507137	-12474.4589843750	0.0000000000	89.2171147663	32.3019688228
15	34	3165649293167897726	16272411011205755533	14728746607659045894	17914092226852336306	-12474.4619140625	0.0000000000	72.2121280311	32.8788654373
5	36	7566619875217688955	13820553120315940318	14843063777276066011	16862490923242423761	-12474.5371093750	0.0000000000	78.7706356969	30.2435737446
28	30	10988380494645954370	17220426965307046444	11557401323596638099	15455324246349022986	-12474.5419921875	0.0000000000	42.7891429185	41.5607102334
10	24	1192542622748345688	2419078526016386847	8184432621416928878	12129327964827006017	-12474.5986328125	0.0000000000	75.6331144172	59.2484050528
32	28	1516518707855475474	10988380494645954370	6461710099368999255	11610185797660388083	-12474.7646484375	0.0000000000	34.6410702886	43.0117991685
39	20	10864638730396215523	17698835103477650371	10394577795480680904	17439180898467966887	-12474.8251953125	0.0000000000	20.4300134530	64.6539939386
41	20	9605445362504030113	17698835103477650371	10394577795480680904	13370754211003186092	-12474.8251953125	0.0000000000	19.0813895735	64.6539939386
7	23	2750524374607360066	7695679222217891372	8268153807816985459	13329228274990176059	-12474.9238281250	0.0000000000	78.4536304997	60.8638566459
6	41	2481712864582340333	9605445362504030113	2611676442864708190	16242108232079508237	-12475.1005859375	0.0000000000	79.1307369979	19.3567801985
10	41	1192542622748345688	9605445362504030113	16242108232079508237	18203479394781415479	-12475.1005859375	0.0000000000	76.1350675422	19.3567801985
25	28	1852490523599609633	10988380494645954370	15593061730487857847	18359226087392468715	-12475.1259765625	0.0000000000	49.3007830419	43.3731272935
25	22	1852490523599609633	8778873497685683209	4796850320935297930	14323511835479670865	-12475.4296875000	0.0000000000	49.6044939794	62.0812417290
10	34	1192542622748345688	16272411011205755533	10123669962569290095	18201167922641863570	-12475.6894531250	0.0000000000	76.7239347297	34.1064044998
6	42	2481712864582340333	9879016803332830992	244910015201551081	8035728559246913441	-12475.9228515625	0.0000000000	79.9530026229	18.5474103572
10	43	1192542622748345688	7020308137664579948	7020308137664579948	13655637453718795346	-12476.4208984375	0.0000000000	77.4553800422	0.6355057596
10	19	1192542622748345688	1197105643459895247	3233307360877015592	16353957257458368757	-12476.6689453125	0.0000000000	77.7034269172	67.1569986186
15	38	3165649293167897726	10363418840233777779	10402169131112787999	12195948010221220050	-12476.7685546875	0.0000000000	74.5187686561	26.1259497043
7	37	2750524374607360066	15212137967074693636	9360078797492118044	13139174054265757756	-12476.8300781250	0.0000000000	80.3598804997	28.0282072072
33	9	2070994761508512054	14558911667149204238	9837289595990124949	13406995795202106653	-12476.8369140625	0.0000000000	35.9064898040	77.8967177836
14	26	7647425406220833729	15946675759911737241	12124131627410360026	14555862568120378642	-12476.8896484375	0.0000000000	75.8030510382	50.8864679610
19	36	1197105643459895247	13820553120315940318	12237592524589531839	16174972513513036185	-12476.9296875000	0.0000000000	67.4177408061	32.6361518696
7	30	2750524374607360066	17220426965307046444	228657715115469576	5148333735101271698	-12477.0361328125	0.0000000000	80.5659351872	44.0548508584
2	28	7623427614208258087	10988380494645954370	15275024502934298665	15749539636955644638	-12477.2958984375	0.0000000000	90.5719577236	45.5430491685
1	31	3120059728184164471	3506540301504164130	3293435894196605015	10267217643321410270	-12477.4052734375	0.0000000000	92.0710068482	42.5751729545
5	40	7566619875217688955	15833120484293195251	604384838279400778	683151120795182635	-12477.5488281250	0.0000000000	81.7823544469	23.1313503774
14	40	7647425406220833729	15833120484293195251	12995744655194642831	13896962293071355906	-12477.7617187500	0.0000000000	76.6751213507	23.3442410024
1	43	3120059728184164471	7020308137664579948	5889635779656395479	7020308137664579948	-12477.7851562500	0.0000000000	92.4508896607	1.9997635721
10	26	1192542622748345688	15946675759911737241	4536460945348538270	14396713962278494879	-12478.0634765625	0.0000000000	79.0979581672	52.0602960860
9	20	14558911667149204238	17698835103477650371	1190172918049639685	17013476559305013076	-12478.2841796875	0.0000000000	79.3439834086	68.1129783136
23	28	7695679222217891372	10988380494645954370	12705201742283587259	16952594693547000888	-12478.3242187500	0.0000000000	64.2642472709	46.5713694810
24	27	2419078526016386847	12306497070188140367	6260603683971995297	10376135795778797297	-12478.5527343750	0.0000000000	63.2025066153	47.8951094830
33	13	2070994761508512054	3810287667550947241	1859074494087884445	5287299538737074813	-12478.5722656250	0.0000000000	37.6418413665	77.7037570626
43	5	7020308137664579948	7566619875217688955	7020308137664579948	12387787727677277753	-12478.5791015625	0.0000000000	2.7937088846	82.8126278844
38	30	10363418840233777779	17220426965307046444	5781429812861146117	18236180883083094067	-12478.7812500000	0.0000000000	28.1386450168	45.7999680459
19	15	1197105643459895247	3165649293167897726	62105807502883181	15651425480928987714	-12478.7841796875	0.0000000000	69.2722329936	76.5343936561
32	13	1516518707855475474	3810287667550947241	3028563996127863049	16407077655554401681	-12478.9238281250	0.0000000000	38.8002499761	78.0553195626
31	5	3506540301504164130	7566619875217688955	2503798335756767472	15101385448639488778	-12479.5644531250	0.0000000000	44.7343526420	83.7979794469
44	41	2662758236787761303	9605445362504030113	2662758236787761303	7031153030191280336	-12479.7109375000	0.0000000000	0.4713917614	23.9671317610
32	27	1516518707855475474	12306497070188140367	5224908308873553314	6808575783805563855	-12479.8867187500	0.0000000000	39.7631406011	49.2290938580
19	17	1197105643459895247	16620027448169996110	4772551244480000630	7499860684792649154	-12480.3046875000	0.0000000000	70.7927408061	72.5599662459
28	4	10988380494645954370	12148029984884665422	13413651385264981681	17237597384213733855	-12480.8300781250	0.0000000000	49.0772288560	85.2385392153
44	5	2662758236787761303	7566619875217688955	2662758236787761303	14559013223197729062	-12481.1933593750	0.0000000000	1.9538136364	85.4268856969
29	31	1837521853081289236	3506540301504164130	10474800144998597621	17561794721412506666	-12481.2314453125	0.0000000000	49.1520589013	46.4013448295
21	36	10409534843157417303	13820553120315940318	9848917308111535510	10457094094314181591	-12481.3759765625	0.0000000000	68.9907483055	37.0824409321
36	20	13820553120315940318	17698835103477650371	9848917308111535510	9867777318429405752	-12481.3759765625	0.0000000000	37.0824409321	71.2047751886
37	17	15212137967074693636	16620027448169996110	8149360394926255109	12042493635200296513	-12481.4121093750	0.0000000000	32.6102384572	73.6673881209
0	40	5124626697685069072	15833120484293195251	11576433882303257962	14196018920511070773	-12481.5058593750	0.0000000000	96.2639897663	27.0883816274
11	31	2367463543105110589	3506540301504164130	6102088086326420431	9322139969093956595	-12481.7167968750	0.0000000000	82.4073097125	46.8866963920
38	21	10363418840233777779	10409534843157417303	13923589060787674216	15617977255224202881	-12481.8183593750	0.0000000000	31.1757543918	69.4331311180
5	23	7566619875217688955	7695679222217891372	3870458636602922576	16834590438495494403	-12482.0908203125	0.0000000000	86.3243466344	68.0308488334
29	7	1837521853081289236	2750524374607360066	5309930880702817199	17730096317524981565	-12482.0966796875	0.0000000000	50.0172932763	85.6264820622
41	3	9605445362504030113	12282654030082164567	16039211041682201736	17560137138227403644	-12482.2021484375	0.0000000000	26.4583426985	89.3341786376
44	15	2662758236787761303	3165649293167897726	6418002281796319071	10310402904803117518	-12482.3740234375	0.0000000000	3.1344776989	80.1242374061
2	27	7623427614208258087	12306497070188140367	9895440199985243922	11932917926299787473	-12482.4628906250	0.0000000000	95.7389499111	51.8052657330
45	2	1313911480464372459	7623427614208258087	1313911480464372459	15768885986602359269	-12482.5175781250	0.0000000000	0.4029209338	95.7936374111
43	3	7020308137664579948	12282654030082164567	3119433560699074692	11859087178807175394	-12482.5273437500	0.0000000000	6.7419510721	89.6593739501
10	35	1192542622748345688	15216731797460101753	569968566196565158	7426801781908907940	-12482.5791015625	0.0000000000	83.6135831672	40.4220860103
14	23	7647425406220833729	7695679222217891372	7205091422319029314	14125087380338363742	-12482.6005859375	0.0000000000	81.5139885382	68.5406144584
38	28	10363418840233777779	10988380494645954370	3472021136780004481	3749878818224401678	-12482.6748046875	0.0000000000	32.0321997043	50.9219554185
14	35	7647425406220833729	15216731797460101753	4535111508170190729	13185399100809734813	-12482.8935546875	0.0000000000	81.8069572882	40.7365391353
44	21	2662758236787761303	10409534843157417303	6418002281796319071	9923927655427044103	-12483.1464843750	0.0000000000	3.9069386364	70.7612561180
15	42	3165649293167897726	9879016803332830992	1765733790337525067	2754036850224499183	-12483.2500000000	0.0000000000	81.0002139686	25.8745587947
46	2	4827492153207552429	7623427614208258087	4827492153207552429	6014182365294489626	-12483.3525390625	0.0000000000	0.1123637247	96.6285983486
31	30	3506540301504164130	17220426965307046444	5323535595062477484	17485517503915731973	-12483.4619140625	0.0000000000	48.6318135795	50.4806321084
10	42	1192542622748345688	9879016803332830992	10074455396007984550	12765620961897305373	-12483.4658203125	0.0000000000	84.5003019172	26.0903791072
18	38	4691607425762229783	10363418840233777779	3394341363293418631	8005084964124733383	-12483.4990234375	0.0000000000	74.4922887816	32.8564184543
0	43	5124626697685069072	7020308137664579948	643080638958411008	10159778446678038855	-12483.5000000000	0.0000000000	98.2581303913	7.7146073221
29	25	1837521853081289236	1852490523599609633	3882922796783826521	13580033335882413742	-12483.5000000000	0.0000000000	51.4206135888	57.6748064794
7	22	2750524374607360066	8778873497685683209	13832739703743578473	17533688910851603555	-12483.7080078125	0.0000000000	87.2378101872	70.3595620415
3	37	12282654030082164567	15212137967074693636	9324038850576770297	9343687001705238440	-12483.9218750000	0.0000000000	91.0539052001	35.1200040822
23	38	7695679222217891372	10363418840233777779	5781429812861146117	10818495192495427678	-12483.9970703125	0.0000000000	69.9370988334	33.3544653293
2	40	7623427614208258087	15833120484293195251	11853666180004550523	16956379524335040774	-12484.0791015625	0.0000000000	97.3551608486	29.6616238149
10	40	1192542622748345688	15833120484293195251	8503257432447184273	11853666180004550523	-12484.0791015625	0.0000000000	85.1135831672	29.6616238149
14	47	7647425406220833729	11318367783796173950	11318367783796173950	12085144335500306795	-12484.1484375000	0.0000000000	83.0618401007	0.1150595170
46	4	4827492153207552429	12148029984884665422	1110499264452679522	4827492153207552429	-12484.1542968750	0.0000000000	0.9141215372	88.5627579653
45	0	1313911480464372459	5124626697685069072	943676002888536584	1313911480464372459	-12484.5654296875	0.0000000000	2.4507724963	99.3235600788
41	48	9605445362504030113	18419531873213247054	14136237780997712070	18419531873213247054	-12484.8027343750	0.0000000000	29.0589286360	0.6504235607
2	17	7623427614208258087	16620027448169996110	12798245698232734417	17800211606519692383	-12484.8769531250	0.0000000000	98.1530124111	77.1322318709
19	47	1197105643459895247	11318367783796173950	8826120332586108684	11318367783796173950	-12484.9140625000	0.0000000000	75.4021158061	0.8806845170
42	30	9879016803332830992	17220426965307046444	12556150289208631411	18266501580918625090	-12484.9755859375	0.0000000000	27.6001447322	51.9943039834
0	42	5124626697685069072	9879016803332830992	244910015201551081	12375865478201885053	-12485.0644531250	0.0000000000	99.8225835163	27.6890119197
31	3	3506540301504164130	12282654030082164567	8761069771816573183	11271027162954527757	-12485.0937500000	0.0000000000	50.2636495170	92.2257802001
6	36	2481712864582340333	13820553120315940318	15134386106919946029	15650217659580522514	-12485.3593750000	0.0000000000	89.3895260604	41.0658393696
24	41	2419078526016386847	9605445362504030113	6046458127784639704	14452534542555875498	-12485.3789062500	0.0000000000	70.0286784903	29.6351005110
2	39	7623427614208258087	10864638730396215523	271319461749833960	12349486103752213024	-12485.6601562500	0.0000000000	98.9362155361	31.2649743905
24	46	2419078526016386847	4827492153207552429	3897973043834471163	4827492153207552429	-12485.6650390625	0.0000000000	70.3148113028	2.4248637247
24	44	2419078526016386847	2662758236787761303	5850966645326902693	14452534542555875498	-12485.6914062500	0.0000000000	70.3411784903	6.4518605114
44	0	2662758236787761303	5124626697685069072	1194890592158724352	5850966645326902693	-12485.6914062500	0.0000000000	6.4518605114	100.4495366413
45	3	1313911480464372459	12282654030082164567	3067857099035435186	18435349205095818805	-12485.7080078125	0.0000000000	3.5933506213	92.8400380126
7	42	2750524374607360066	9879016803332830992	7487582121441733223	9394263879576916612	-12485.7548828125	0.0000000000	89.2846851872	28.3794416072
12	42	8641599192979763592	9879016803332830992	9394263879576916612	16134652796915383080	-12485.7548828125	0.0000000000	86.0247936979	28.3794416072
10	20	1192542622748345688	17698835103477650371	43532835296132149	10825774771563586128	-12485.7666015625	0.0000000000	86.8010831672	75.5954001886
1	37	3120059728184164471	15212137967074693636	5904591010772338729	10124323442162573724	-12485.8964843750	0.0000000000	100.5622177857	37.0946134572
5	39	7566619875217688955	10864638730396215523	4556451538964232204	17166316963646139814	-12486.2773437500	0.0000000000	90.5108700719	31.8821618905
47	4	11318367783796173950	12148029984884665422	11318367783796173950	11552913309182403958	-12486.3457031250	0.0000000000	2.3123251420	90.7541642153
32	14	1516518707855475474	7647425406220833729	3355106455568382317	6886114759858114022	-12486.4287109375	0.0000000000	46.3051327886	85.3421135382
8	30	3033361163652542192	17220426965307046444	5942770782153757078	7581644071483000784	-12486.6943359375	0.0000000000	88.0289366899	53.7130539834
29	11	1837521853081289236	2367463543105110589	1955422875229027332	13455954417220318676	-12486.7070312500	0.0000000000	54.6276448388	87.3975440875
33	3	2070994761508512054	12282654030082164567	5795885838447422501	12523253446658948864	-12486.8525390625	0.0000000000	45.9221148040	93.9845692626
15	46	3165649293167897726	4827492153207552429	6342809923953946004	7936605301554833504	-12486.9511718750	0.0000000000	84.7013858436	3.7109965372
18	46	4691607425762229783	4827492153207552429	6342809923953946004	15889717184548796713	-12486.9511718750	0.0000000000	77.9444372191	3.7109965372
7	41	2750524374607360066	9605445362504030113	1241358571643578796	4789208904870284397	-12487.0126953125	0.0000000000	90.5424976872	31.2688895735
23	42	7695679222217891372	9879016803332830992	1765733790337525067	7742044984804127267	-12487.0322265625	0.0000000000	72.9722550834	29.6567853572
15	48	3165649293167897726	18419531873213247054	15749326499498537080	17825874186134592770	-12487.1943359375	0.0000000000	84.9445499061	3.0420251232
29	21	1837521853081289236	10409534843157417303	16569540381689198331	17604268734256010776	-12487.7207031250	0.0000000000	55.6413167138	75.3354748680
33	14	2070994761508512054	7647425406220833729	2090424195334166737	6169623062754381423	-12488.1767578125	0.0000000000	47.2463335540	87.0901604132
25	2	1852490523599609633	7623427614208258087	1596621420502601166	9406708398394496309	-12488.1835937500	0.0000000000	62.3584002294	101.4596530361
13	35	3810287667550947241	15216731797460101753	4282921833897559603	15845049334044805723	-12488.2363281250	0.0000000000	87.3678195626	46.0793125728
18	21	4691607425762229783	10409534843157417303	5898913559335001031	17583681890812701276	-12488.3886718750	0.0000000000	79.3819372191	76.0034436180
24	40	2419078526016386847	15833120484293195251	13281190900601890204	17647388453489147645	-12488.4140625000	0.0000000000	73.0638347403	33.9965847524
45	6	1313911480464372459	2481712864582340333	9240511872097024160	14567269932816601206	-12488.4843750000	0.0000000000	6.3697178088	92.5145260604
42	4	9879016803332830992	12148029984884665422	9317203979215120592	9949388932457934639	-12488.6777343750	0.0000000000	31.3022931697	93.0861954653
18	37	4691607425762229783	15212137967074693636	8391849980309999503	17528943931202009395	-12488.9873046875	0.0000000000	79.9805700316	40.1854337697
10	29	1192542622748345688	1837521853081289236	207757742722405612	4143793803987225267	-12488.9902343750	0.0000000000	90.0247159797	56.9108479638
32	6	1516518707855475474	2481712864582340333	14617988204535326646	17208169509719444407	-12489.0458984375	0.0000000000	48.9223202886	93.0760494979
10	30	1192542622748345688	17220426965307046444	356802030468442494	10813969371337661724	-12489.3134765625	0.0000000000	90.3479581672	56.3321946084
39	30	10864638730396215523	17220426965307046444	7710439184820953909	13128658442067548825	-12489.3955078125	0.0000000000	35.0003259530	56.4142258584
14	34	7647425406220833729	16272411011205755533	8855919436544824166	12894023837734326613	-12489.4501953125	0.0000000000	88.3635979132	47.8671466873
7	43	2750524374607360066	7020308137664579948	960851340395522679	10388113785329094525	-12489.7548828125	0.0000000000	93.2846851872	13.9694901346
14	20	7647425406220833729	17698835103477650371	9593760704706366772	12630789612046246048	-12489.7617187500	0.0000000000	88.6751213507	79.5905173761
3	48	12282654030082164567	18419531873213247054	15749326499498537080	16175085485635598296	-12489.7841796875	0.0000000000	96.9162098876	5.6318688732
41	30	9605445362504030113	17220426965307046444	7681125456823976650	10982059586626617361	-12489.7919921875	0.0000000000	34.0481864485	56.8107102334
45	40	1313911480464372459	15833120484293195251	9503384571231987957	14794516356902774711	-12490.1220703125	0.0000000000	8.0074131213	35.7045925649
8	27	3033361163652542192	12306497070188140367	2999961058054838323	18105210600472569270	-12490.1689453125	0.0000000000	91.5035460649	59.5113204205
40	17	15833120484293195251	16620027448169996110	11200537847188628093	17821469288250654938	-12490.4101562500	0.0000000000	35.9926785024	82.6654349959
39	48	10864638730396215523	18419531873213247054	553306511951448371	1108270114796957203	-12490.5839843750	0.0000000000	36.1888025155	6.4316735607
41	4	9605445362504030113	12148029984884665422	903603861627908931	4326853207706068057	-12490.6318359375	0.0000000000	34.8880301985	95.0402970278
29	12	1837521853081289236	8641599192979763592	755705413500926543	2261866429433056158	-12490.7099609375	0.0000000000	58.6305745263	90.9798718229
4	34	12148029984884665422	16272411011205755533	5120579643141578744	16169126977228358549	-12490.7480468750	0.0000000000	95.1565079653	49.1649982498
28	48	10988380494645954370	18419531873213247054	83974924231465470	15157505142253101528	-12490.8125000000	0.0000000000	59.0596507310	6.6601891857
46	23	4827492153207552429	7695679222217891372	2039443984148718895	14126351686820071540	-12490.8642578125	0.0000000000	7.6240824747	76.8042863334
30	48	17220426965307046444	18419531873213247054	7681125456823976650	12586267471404700707	-12490.8945312500	0.0000000000	57.9132492959	6.7422204357
18	23	4691607425762229783	7695679222217891372	682010281775185199	7951091052516151251	-12490.9179687500	0.0000000000	81.9112340941	76.8579972709
23	48	7695679222217891372	18419531873213247054	5949472653016524432	12387685110951194015	-12491.0615234375	0.0000000000	77.0015519584	6.9092126232
24	35	2419078526016386847	15216731797460101753	13700627265616650484	16224150374634374491	-12491.0810546875	0.0000000000	75.7308269278	48.9240391353
12	38	8641599192979763592	10363418840233777779	10639157239433455188	16839035518068233894	-12491.1542968750	0.0000000000	91.4242077604	40.5116918918
33	36	2070994761508512054	13820553120315940318	3714200957369755307	9741001475159423107	-12491.1552734375	0.0000000000	50.2248491790	46.8617378071
39	9	10864638730396215523	14558911667149204238	10531882640035851075	12500538011557984699	-12491.1914062500	0.0000000000	36.7962243905	92.2512099711
44	3	2662758236787761303	12282654030082164567	13655534693738480060	16472025024532031520	-12491.4013671875	0.0000000000	12.1618214489	98.5333973876
46	40	4827492153207552429	15833120484293195251	7402650967746759623	11667841717795588787	-12491.5615234375	0.0000000000	8.3213480997	37.1440456899
47	37	11318367783796173950	15212137967074693636	6221511972072451705	12239969723371296438	-12491.6142578125	0.0000000000	7.5808798295	42.8123868947
46	9	4827492153207552429	14558911667149204238	1752113143317443132	11667841717795588787	-12491.6484375000	0.0000000000	8.4082621622	92.7082412211
29	17	1837521853081289236	16620027448169996110	9986583538784604342	18076801932441859824	-12491.7392578125	0.0000000000	59.6598714013	83.9945365584
31	22	3506540301504164130	8778873497685683209	215675764879260820	10582182764873923166	-12491.7939453125	0.0000000000	56.9638448295	78.4454995415
44	20	2662758236787761303	17698835103477650371	17489241444160643662	17735072048383204972	-12491.8779296875	0.0000000000	12.6383839489	81.7067283136
45	9	1313911480464372459	14558911667149204238	4143150936700415200	11553695880641075256	-12491.9111328125	0.0000000000	9.7964756213	92.9709365336
10	37	1192542622748345688	15212137967074693636	9216881296341701752	10487690008347311481	-12491.9580078125	0.0000000000	92.9924894172	43.1561368947
45	1	1313911480464372459	3120059728184164471	9372360391572823843	11432482147213910290	-12491.9736328125	0.0000000000	9.8589756213	106.6393662232
44	43	2662758236787761303	7020308137664579948	10057021118978766294	10584895004641642614	-12492.0585937500	0.0000000000	12.8190480114	16.2732010721
33	21	2070994761508512054	10409534843157417303	250491628223882421	4156461678025933456	-12492.1054687500	0.0000000000	51.1750444915	79.7202404930
19	30	1197105643459895247	17220426965307046444	10749002919134308408	12337194983563020377	-12492.1845703125	0.0000000000	82.6726236186	59.2032883584
44	12	2662758236787761303	8641599192979763592	6777813930917976753	6850019083786093835	-12492.3867187500	0.0000000000	13.1471730114	92.6566296354
13	23	3810287667550947241	7695679222217891372	1245581762768018151	14459440313731741671	-12492.5048828125	0.0000000000	91.6363742501	78.4449113334
23	9	7695679222217891372	14558911667149204238	1245581762768018151	18125077859414152077	-12492.5048828125	0.0000000000	78.4449113334	93.5646865336
10	45	1192542622748345688	1313911480464372459	4736548091279991909	6068942293870698370	-12492.5410156250	0.0000000000	93.5754972297	10.4263584338
22	17	8778873497685683209	16620027448169996110	11953912272607576942	13984490839304303905	-12492.9052734375	0.0000000000	79.5568276665	85.1605521834
5	38	7566619875217688955	10363418840233777779	5556999124116133797	5575134617015825771	-12492.9619140625	0.0000000000	97.1954403844	42.3193090793
42	9	9879016803332830992	14558911667149204238	3382199675220075284	8816980949380189575	-12493.0302734375	0.0000000000	35.6548322322	94.0900771586
5	30	7566619875217688955	17220426965307046444	903103757228677187	11579392670155672758	-12493.0478515625	0.0000000000	97.2813778844	60.0665696084
43	17	7020308137664579948	16620027448169996110	785607021349640360	7144520176571654047	-12493.1660156250	0.0000000000	17.3806229471	85.4212943709
45	28	1313911480464372459	10988380494645954370	4048570018249816363	14616117128054645804	-12493.2685546875	0.0000000000	11.1538974963	61.5157054185
19	26	1197105643459895247	15946675759911737241	7341702358201666406	14151988183632235284	-12493.2802734375	0.0000000000	83.7683267436	67.2770929610
1	48	3120059728184164471	18419531873213247054	12991243746402236719	13445925392783657027	-12493.4638671875	0.0000000000	108.1296005982	9.3115563732
40	26	15833120484293195251	15946675759911737241	6878176091121325395	9272501680780126668	-12493.7050781250	0.0000000000	39.2876003774	67.7018976485
5	41	7566619875217688955	9605445362504030113	1986408922175448682	11533302549407222269	-12493.7724609375	0.0000000000	98.0059872594	38.0286551985
45	13	1313911480464372459	3810287667550947241	9503384571231987957	17006500657894922021	-12494.1621093750	0.0000000000	12.0474521838	93.2936008126
2	48	7623427614208258087	18419531873213247054	10239312456160739495	13465551521165252198	-12494.2031250000	0.0000000000	107.4791842861	10.0508141857
32	5	1516518707855475474	7566619875217688955	7524105310006073605	17355323969412131053	-12494.2470703125	0.0000000000	54.1234921636	98.4805966344
7	20	2750524374607360066	17698835103477650371	12405196146686800686	17281221858018904176	-12494.3613281250	0.0000000000	97.8911304997	84.1901267511
0	38	5124626697685069072	10363418840233777779	6255210628938855473	8487558256563114579	-12494.3662109375	0.0000000000	109.1243413288	43.7236059543
2	38	7623427614208258087	10363418840233777779	2238784868953075677	7308908243131399121	-12494.3935546875	0.0000000000	107.6696139736	43.7509497043
16	42	7584003193584940670	9879016803332830992	13034512589052406604	16983534609058332326	-12494.4169921875	0.0000000000	87.3118194259	37.0415509822
44	2	2662758236787761303	7623427614208258087	7339344283706060183	9302244589285049618	-12494.4804687500	0.0000000000	15.2409230114	107.7565280361
7	40	2750524374607360066	15833120484293195251	3463986388286742646	8219147824361678108	-12494.5781250000	0.0000000000	98.1079273747	40.1606472524
3	40	12282654030082164567	15833120484293195251	2553818886459787793	10342271512058728334	-12494.5878906250	0.0000000000	101.7199208251	40.1704128774
18	27	4691607425762229783	12306497070188140367	1396470629870591435	15284602694533455666	-12494.6230468750	0.0000000000	85.6163122191	63.9654219830
10	23	1192542622748345688	7695679222217891372	14265750315247753976	15618647097752918532	-12494.6552734375	0.0000000000	95.6897550422	80.5953019584
21	35	10409534843157417303	15216731797460101753	1689525247984467360	7487329702216286650	-12494.6757812500	0.0000000000	82.2905529930	52.5187656978
18	30	4691607425762229783	17220426965307046444	9173214706064491836	12884401862549726081	-12494.7099609375	0.0000000000	85.7032262816	61.7286789834
21	48	10409534843157417303	18419531873213247054	10239312456160739495	14540446916631348871	-12494.7324218750	0.0000000000	82.3471936180	10.5801110607
24	36	2419078526016386847	13820553120315940318	10750547068226404606	18192872305290744896	-12494.7832031250	0.0000000000	79.4329753653	50.4896674946
31	14	3506540301504164130	7647425406220833729	8780184794065088549	11042327318483955860	-12494.7851562500	0.0000000000	59.9550557670	93.6985588507
35	17	15216731797460101753	16620027448169996110	5401166246201080328	16275064897126306379	-12494.8476562500	0.0000000000	52.6906406978	87.1029349959
43	14	7020308137664579948	7647425406220833729	1009518401348082940	2505245353654771322	-12494.8789062500	0.0000000000	19.0935135721	93.7923088507
26	30	15946675759911737241	17220426965307046444	3186892895842476	907010848334434221	-12494.9277343750	0.0000000000	68.9245538985	61.9464524209
33	6	2070994761508512054	2481712864582340333	5188707168506765239	11162811102387482625	-12494.9619140625	0.0000000000	54.0314898040	98.9920651229
26	17	15946675759911737241	16620027448169996110	3918940941437354366	5276580279962439056	-12495.0000000000	0.0000000000	68.9968195235	87.2552787459
32	3	1516518707855475474	12282654030082164567	3120292626034581803	15745526054794326068	-12495.0996093750	0.0000000000	54.9760312261	102.2316395751
6	34	2481712864582340333	16272411011205755533	156032482638318759	5132099657416273808	-12495.1035156250	0.0000000000	99.1336666854	53.5204669998
11	41	2367463543105110589	9605445362504030113	5016585878815795881	7416245294435738002	-12495.1445312500	0.0000000000	95.8350440875	39.4007255110
18	17	4691607425762229783	16620027448169996110	2675406324227229578	7153320115239511095	-12495.4658203125	0.0000000000	86.4590856566	87.7210990584
8	47	3033361163652542192	11318367783796173950	8388398809188138567	11598782127215317654	-12495.5615234375	0.0000000000	96.8961241899	11.5281454545
12	47	8641599192979763592	11318367783796173950	11598782127215317654	14524485721183076105	-12495.5615234375	0.0000000000	95.8314343229	11.5281454545
2	41	7623427614208258087	9605445362504030113	7667692394884434410	11816709249289587251	-12495.7050781250	0.0000000000	108.9811374111	39.9612723860
46	26	4827492153207552429	15946675759911737241	9272501680780126668	14800923935282389335	-12496.4404296875	0.0000000000	13.2002543497	70.4372492110
22	30	8778873497685683209	17220426965307046444	2897429673677393968	16521048277254508728	-12496.5273437500	0.0000000000	83.1788979790	63.5460617959
11	39	2367463543105110589	10864638730396215523	14715468961601844919	17363790268596653790	-12496.5712890625	0.0000000000	97.2618019000	42.1761072030
6	48	2481712864582340333	18419531873213247054	553306511951448371	10786932288773386690	-12496.9179687500	0.0000000000	100.9481198104	12.7656579357
43	4	7020308137664579948	12148029984884665422	6033321859898154624	8339769060716415179	-12497.0371093750	0.0000000000	21.2517166971	101.4455704653
45	8	1313911480464372459	3033361163652542192	11766292199751133047	12651517984170951685	-12497.0595703125	0.0000000000	14.9449131213	98.3941710649
15	40	3165649293167897726	15833120484293195251	2920935535743376053	12544218080504790060	-12497.1601562500	0.0000000000	94.9103702186	42.7426785024
19	20	1197105643459895247	17698835103477650371	5666888335885036878	13222544266028098753	-12497.4726562500	0.0000000000	87.9607095561	87.3014548761
16	22	7584003193584940670	8778873497685683209	6262551747696985318	15805472572025144535	-12497.5078125000	0.0000000000	90.4026397384	84.1593667290
22	34	8778873497685683209	16272411011205755533	10364822356226585906	17993958889614850288	-12497.8027343750	0.0000000000	84.4542886040	56.2196857498
45	18	1313911480464372459	4691607425762229783	9503384571231987957	13322776366583883698	-12497.8818359375	0.0000000000	15.7671787463	88.8751012816
46	37	4827492153207552429	15212137967074693636	9222159600300041062	10627798259978567843	-12497.9648437500	0.0000000000	14.7246684122	49.1629728322
23	41	7695679222217891372	9605445362504030113	8532384111556140880	10564017701847111246	-12498.1445312500	0.0000000000	84.0845597709	42.4007255110
12	22	8641599192979763592	8778873497685683209	8393951139614066098	10727287548987540522	-12498.2177734375	0.0000000000	98.4876843229	84.8693276665
25	13	1852490523599609633	3810287667550947241	11465043022340048018	15169719475509124147	-12498.2314453125	0.0000000000	72.4062517919	97.3629367501
6	37	2481712864582340333	15212137967074693636	1619075056200981534	6292916599619133040	-12498.2685546875	0.0000000000	102.2987057479	49.4666837697
38	3	10363418840233777779	12282654030082164567	6453532869032946238	15847441619625539939	-12498.3457031250	0.0000000000	47.7030981418	105.4777333251
22	27	8778873497685683209	12306497070188140367	1041427984956086893	18292794242035601204	-12498.6132812500	0.0000000000	85.2648354790	67.9556563580
1	47	3120059728184164471	11318367783796173950	175054994849767012	4931783301219608462	-12498.7509765625	0.0000000000	113.4167099732	14.7175985795
5	34	7566619875217688955	16272411011205755533	5078668032909099127	10044171709662033324	-12499.0312500000	0.0000000000	103.2647763219	57.4482013748
46	12	4827492153207552429	8641599192979763592	14292293435994818934	15564936028427862554	-12499.2851562500	0.0000000000	16.0449809122	99.5550671354
6	31	2481712864582340333	3506540301504164130	6529334632871289049	8112356061777025227	-12499.3046875000	0.0000000000	103.3348385604	64.4745870170
39	17	10864638730396215523	16620027448169996110	443175761073657216	13171188939788721756	-12499.3134765625	0.0000000000	44.9182947030	91.5687553084
39	27	10864638730396215523	12306497070188140367	443175761073657216	12203557239286094297	-12499.3134765625	0.0000000000	44.9182947030	68.6558516705
15	35	3165649293167897726	15216731797460101753	1839804153063502728	3689004794042406840	-12499.3339843750	0.0000000000	97.0841983436	57.1769688228
43	12	7020308137664579948	8641599192979763592	393754247048137294	15955801362939513311	-12499.3515625000	0.0000000000	23.5661698221	99.6214733854
32	17	1516518707855475474	16620027448169996110	10265649215806402105	16013815165374721666	-12499.5615234375	0.0000000000	59.4379452886	91.8168021834
42	28	9879016803332830992	10988380494645954370	2722542857620590472	14658439662822202151	-12499.7080078125	0.0000000000	42.3325666072	67.9551585435
33	0	2070994761508512054	5124626697685069072	2471217240844842032	9818494969959254603	-12499.7246093750	0.0000000000	58.7941851165	114.4827397663
25	24	1852490523599609633	2419078526016386847	707168225410094668	11524131587492356172	-12499.8613281250	0.0000000000	74.0361346044	84.5111003653
25	12	1852490523599609633	8641599192979763592	755468975204870115	12686143148873037308	-12499.8955078125	0.0000000000	74.0703142919	100.1654186979
2	37	7623427614208258087	15212137967074693636	5581816038634925541	10499532827148227926	-12499.9638671875	0.0000000000	113.2399264736	51.1619962697
47	9	11318367783796173950	14558911667149204238	1138857270470736542	17310308036937260487	-12500.0312500000	0.0000000000	15.9978720170	101.0910537211
42	37	9879016803332830992	15212137967074693636	12585963127090815741	13497761580061542793	-12500.2177734375	0.0000000000	42.8423322322	51.4159025197
24	37	2419078526016386847	15212137967074693636	1581340496889302158	3292631017423401915	-12500.2685546875	0.0000000000	84.9183269278	51.4666837697
5	47	7566619875217688955	11318367783796173950	634196279763294578	17435817604223594960	-12500.3242187500	0.0000000000	104.5577450719	16.2908407670
41	9	9605445362504030113	14558911667149204238	1361811083704202647	4931329665904913656	-12500.7304687500	0.0000000000	44.9866630110	101.7902724711
0	48	5124626697685069072	18419531873213247054	4343162398719764734	14925888708509379593	-12500.8730468750	0.0000000000	115.6311772663	16.7207360607
10	18	1192542622748345688	4691607425762229783	6127100875617522862	14100898873088768109	-12501.1347656250	0.0000000000	102.1692472297	92.1280309691
32	36	1516518707855475474	13820553120315940318	7133529719076152832	13282216124514117927	-12501.2958984375	0.0000000000	61.1723202886	57.0023628071
45	15	1313911480464372459	3165649293167897726	4736548091279991909	8499590472851412738	-12501.3310546875	0.0000000000	19.2163974963	99.0812686561
10	48	1192542622748345688	18419531873213247054	13368366198680518603	16902023152705917154	-12501.4335937500	0.0000000000	102.4680753547	17.2812829357
15	43	3165649293167897726	7020308137664579948	9766543037883977178	15615906752672064711	-12501.5976562500	0.0000000000	99.3478702186	25.8122635721
13	41	3810287667550947241	9605445362504030113	4441312879295460079	16943029147049873232	-12501.7285156250	0.0000000000	100.8600070626	45.9847098860
29	27	1837521853081289236	12306497070188140367	3153165322577792407	17981221254926204627	-12501.7705078125	0.0000000000	69.6911214013	71.1128829205
7	31	2750524374607360066	3506540301504164130	2377051061118031921	5805514273734552829	-12502.9013671875	0.0000000000	106.4311695622	68.0712667045
19	38	1197105643459895247	10363418840233777779	1466248684603436090	10349597090646892559	-12502.9296875000	0.0000000000	93.4177408061	52.2870825168
14	42	7647425406220833729	9879016803332830992	6704113848148669340	17757588932226036440	-12503.3818359375	0.0000000000	102.2952385382	46.0063947322
29	5	1837521853081289236	7566619875217688955	4090405019907314572	9236809449162179628	-12503.4121093750	0.0000000000	71.3327229638	107.6456356969
45	21	1313911480464372459	10409534843157417303	2338481424184698105	11005865928534070468	-12503.6416015625	0.0000000000	21.5269443713	91.2563733055
46	28	4827492153207552429	10988380494645954370	6360829659954794577	12928949634864585867	-12503.8125000000	0.0000000000	20.5723246622	72.0596507310
23	39	7695679222217891372	10864638730396215523	2766236298070411789	13285718044425182229	-12503.8320312500	0.0000000000	89.7720597709	49.4368493905
1	38	3120059728184164471	10363418840233777779	12434397881329814813	18190053342801726817	-12504.3750000000	0.0000000000	119.0407334107	53.7323950168
11	30	2367463543105110589	17220426965307046444	12536132969627749026	15660686283089277361	-12504.4541015625	0.0000000000	105.1446144000	71.4728196084
43	21	7020308137664579948	10409534843157417303	14235918221285754703	18221743773013512030	-12504.7998046875	0.0000000000	29.0144120096	92.4145764305
14	39	7647425406220833729	10864638730396215523	12777792757597864697	14076128094110163827	-12504.8251953125	0.0000000000	103.7385979132	50.4300134530
31	46	3506540301504164130	4827492153207552429	4458858554264843906	6313593059194223828	-12504.9472656250	0.0000000000	70.1171651420	21.7070902872
28	37	10988380494645954370	15212137967074693636	8076448703408296717	15143517003359939651	-12504.9960937500	0.0000000000	73.2432444810	56.1942228322
1	36	3120059728184164471	13820553120315940318	904521975651227079	9687402366038570319	-12505.2714843750	0.0000000000	119.9372177857	60.9779487446
27	40	12306497070188140367	15833120484293195251	7851834467685463898	15936072998152205658	-12505.2900390625	0.0000000000	74.6324141705	50.8725613149
32	21	1516518707855475474	10409534843157417303	10053764920347355366	16449438334298241997	-12505.4140625000	0.0000000000	65.2904843511	93.0288342430
16	17	7584003193584940670	16620027448169996110	7051307014096968562	13402100417072377366	-12505.4277343750	0.0000000000	98.3225616134	97.6830131209
27	35	12306497070188140367	15216731797460101753	6119031665006815905	12708318680374902920	-12505.4414062500	0.0000000000	74.7837813580	63.2843906978
44	14	2662758236787761303	7647425406220833729	3873125887024214844	6942771486572271016	-12505.4472656250	0.0000000000	26.2077198864	104.3606682257
7	36	2750524374607360066	13820553120315940318	4285189815626537985	11917861578765194701	-12505.7919921875	0.0000000000	109.3217945622	61.4984565571
6	40	2481712864582340333	15833120484293195251	11762303807462698224	16781790353208839801	-12505.8105468750	0.0000000000	109.8406979354	51.3930691274
9	30	14558911667149204238	17220426965307046444	29747147421191211	7175757690263411090	-12505.8867187500	0.0000000000	106.9465224711	72.9054367959
33	11	2070994761508512054	2367463543105110589	7339900765284560614	10623746990267828752	-12506.0224609375	0.0000000000	65.0920366790	106.7129737750
11	42	2367463543105110589	9879016803332830992	2549941262042332731	3929235545343527944	-12506.2207031250	0.0000000000	106.9112159625	48.8452619197
29	6	1837521853081289236	2481712864582340333	1999742856795338177	9113538364913182104	-12506.5468750000	0.0000000000	74.4674885888	110.5770260604
32	16	1516518707855475474	7584003193584940670	8977498590456551687	11564155664019393704	-12506.6367187500	0.0000000000	66.5131406011	99.5315459884
16	35	7584003193584940670	15216731797460101753	7516527123980096963	12893544183330518910	-12507.0244140625	0.0000000000	99.9192413009	64.8673985103
6	35	2481712864582340333	15216731797460101753	4774465734593790508	10963173456654633925	-12507.2558593750	0.0000000000	111.2860104354	65.0988438228
12	28	8641599192979763592	10988380494645954370	7685284800544589871	10589016819219426009	-12507.4072265625	0.0000000000	107.6771374479	75.6543772935
18	20	4691607425762229783	17698835103477650371	8591418391787684843	11088974993652940804	-12507.4072265625	0.0000000000	98.4004919066	97.2360251886
41	27	9605445362504030113	12306497070188140367	1174377799079426832	9338176129505736051	-12507.5205078125	0.0000000000	51.7767020735	76.8628829205
8	46	3033361163652542192	4827492153207552429	7691831105837231597	10544162959182579632	-12507.5908203125	0.0000000000	108.9254210649	24.3506449747
32	15	1516518707855475474	3165649293167897726	11290772304706964753	16071796949703716361	-12507.7548828125	0.0000000000	67.6313046636	105.5050967811
1	40	3120059728184164471	15833120484293195251	6306728091379142021	15189726686320984332	-12507.8447265625	0.0000000000	122.5104599732	53.4272488149
26	34	15946675759911737241	16272411011205755533	9928922916834289035	13764501235870025968	-12507.9423828125	0.0000000000	81.9392023360	66.3593341873
5	35	7566619875217688955	15216731797460101753	3013852108894968037	18191080815689416163	-12508.0000000000	0.0000000000	112.2335263219	65.8429844478
44	48	2662758236787761303	18419531873213247054	475022334319024125	17401245753368890767	-12508.1689453125	0.0000000000	28.9293995739	24.0166344982
31	27	3506540301504164130	12306497070188140367	9037594625743230251	16260019831623211189	-12508.3496093750	0.0000000000	73.5195088920	77.6919844830
29	20	1837521853081289236	17698835103477650371	15091350139750631420	16209325254528122533	-12508.3652343750	0.0000000000	76.2858479638	98.1940330011
15	37	3165649293167897726	15212137967074693636	13168836354565170316	17962581995087652411	-12508.4238281250	0.0000000000	106.1740420936	59.6219572072
44	22	2662758236787761303	8778873497685683209	3873125887024214844	9200908156970957151	-12508.4794921875	0.0000000000	29.2399464489	95.1310464165
29	38	1837521853081289236	10363418840233777779	4966963040229910787	16369222082365187757	-12508.5673828125	0.0000000000	76.4879964013	57.9247778293
19	21	1197105643459895247	10409534843157417303	1597693041725924691	8533780850790665169	-12508.6318359375	0.0000000000	99.1198892436	96.2466076805
46	30	4827492153207552429	17220426965307046444	7484893804705777651	15986225980884006567	-12508.7500000000	0.0000000000	25.5098246622	75.7687180459
38	40	10363418840233777779	15833120484293195251	3651570512067627912	17865906112297382387	-12509.1533203125	0.0000000000	58.5107153293	54.7358425649
28	36	10988380494645954370	13820553120315940318	1650453187268170268	7289571931966277690	-12510.1425781250	0.0000000000	78.3897288560	65.8490424946
19	42	1197105643459895247	9879016803332830992	5545043791539154238	18341010690339421456	-12510.4794921875	0.0000000000	100.9675454936	53.1040509822
27	37	12306497070188140367	15212137967074693636	5401595103163344595	11923470084036390312	-12510.6542968750	0.0000000000	79.9966719830	61.8524259572
11	38	2367463543105110589	10363418840233777779	3064916744272386851	15872972280546054839	-12510.7021484375	0.0000000000	111.3926612750	60.0595434543
44	1	2662758236787761303	3120059728184164471	1598504032854287653	10205068022013172236	-12510.7500000000	0.0000000000	31.5104542614	125.4157334107
40	30	15833120484293195251	17220426965307046444	6554100312373572577	8986848589553738576	-12510.8935546875	0.0000000000	56.4760769399	77.9122727334
18	36	4691607425762229783	13820553120315940318	7090803507495090669	16451443211936130786	-12510.9746093750	0.0000000000	101.9678747191	66.6810737446
19	22	1197105643459895247	8778873497685683209	9021110494594648621	17359491120415288376	-12511.1230468750	0.0000000000	101.6111001811	97.7746011040
33	7	2070994761508512054	2750524374607360066	7561600784766891301	9742785005436154745	-12511.2695312500	0.0000000000	70.3391069915	114.7993336247
31	28	3506540301504164130	10988380494645954370	10327595254878148666	12096304274429764934	-12511.3398437500	0.0000000000	76.5097432670	79.5869944810
11	40	2367463543105110589	15833120484293195251	15636090942121669395	17354040761974556978	-12511.4355468750	0.0000000000	112.1260597125	57.0180691274
39	26	10864638730396215523	15946675759911737241	1541712115337429737	1753798061646779163	-12511.5703125000	0.0000000000	57.1751306405	85.5671320235
33	5	2070994761508512054	7566619875217688955	5035710965526054769	10852693451763242121	-12511.5712890625	0.0000000000	70.6408648040	115.8048153844
12	39	8641599192979763592	10864638730396215523	7590692454661358805	11873165512135747032	-12511.6035156250	0.0000000000	111.8734265104	57.2083337655
12	35	8641599192979763592	15216731797460101753	6389864958766136052	13879247146593542510	-12511.7226562500	0.0000000000	111.9925671354	69.5656406978
13	30	3810287667550947241	17220426965307046444	9502798998720551413	11306929583124824236	-12511.9013671875	0.0000000000	111.0328586251	78.9200852334
29	16	1837521853081289236	7584003193584940670	4349257674536506794	15069282823929508561	-12512.5751953125	0.0000000000	80.4958089013	105.4700225509
4	48	12148029984884665422	18419531873213247054	6825816190655235403	8435582331236943183	-12512.6445312500	0.0000000000	117.0529923403	28.4922204357
12	48	8641599192979763592	18419531873213247054	6825816190655235403	16304383296143645197	-12512.6445312500	0.0000000000	112.9144421354	28.4922204357
2	47	7623427614208258087	11318367783796173950	13851099196436778549	15334912915209558749	-12512.7373046875	0.0000000000	126.0133639736	28.7039267045
7	39	2750524374607360066	10864638730396215523	301664806283252899	8793950381037003823	-12512.8867187500	0.0000000000	116.4165211247	58.4915368905
10	31	1192542622748345688	3506540301504164130	5799391654899771011	18367700358477921096	-12512.9433593750	0.0000000000	113.9778409797	78.1132588920
25	18	1852490523599609633	4691607425762229783	285450063613087506	6109751865925411753	-12513.0039062500	0.0000000000	87.1787127294	103.9971715941
29	40	1837521853081289236	15833120484293195251	7128712130288926103	15553297305948123706	-12513.3281250000	0.0000000000	81.2487385888	58.9106472524
44	30	2662758236787761303	17220426965307046444	12654774472744546925	17923334176093515295	-12513.6562500000	0.0000000000	34.4167042614	80.6749680459
15	36	3165649293167897726	13820553120315940318	4435919497603779810	5455221879054741770	-12514.0000000000	0.0000000000	111.7502139686	69.7064643696
28	40	10988380494645954370	15833120484293195251	8840837958789425993	14039802515807121716	-12514.0439453125	0.0000000000	82.2910960435	59.6264675649
45	4	1313911480464372459	12148029984884665422	5535829904758258715	6031938741986086419	-12514.0507812500	0.0000000000	31.9361240588	118.4592423403
25	26	1852490523599609633	15946675759911737241	4596235982946752907	10608311721488976164	-12514.2812500000	0.0000000000	88.4560564794	88.2780695235
42	21	9879016803332830992	10409534843157417303	2934842480016083416	4745640422136919734	-12514.3486328125	0.0000000000	56.9731916072	101.9634045555
17	30	16620027448169996110	17220426965307046444	4626593505516878417	15164257403902603501	-12514.4707031250	0.0000000000	106.7259818709	81.4894211709
6	47	2481712864582340333	11318367783796173950	785519636068851947	8951205808299871734	-12514.5781250000	0.0000000000	118.6082760604	30.5447470170
43	2	7020308137664579948	7623427614208258087	147635524351167042	4060477183994730767	-12514.6259765625	0.0000000000	38.8405838846	127.9020358486
46	38	4827492153207552429	10363418840233777779	1748972717586808035	3951509436825008458	-12514.8906250000	0.0000000000	31.6504496622	64.2480200168
14	36	7647425406220833729	13820553120315940318	6245658565285310860	6872603278072647277	-12515.1171875000	0.0000000000	114.0305901007	70.8236518696
21	40	10409534843157417303	15833120484293195251	7476220160389556609	14197287703031983923	-12515.3564453125	0.0000000000	102.9712170555	60.9389675649
39	4	10864638730396215523	12148029984884665422	791147387793442760	3258956906366258141	-12515.3583984375	0.0000000000	60.9632165780	119.7668595278
24	48	2419078526016386847	18419531873213247054	5727172641308658471	8133841445132491252	-12515.4365234375	0.0000000000	100.0862956778	31.2842126232
13	46	3810287667550947241	4827492153207552429	147671780965136926	10544162959182579632	-12515.8779296875	0.0000000000	115.0094211251	32.6377543497
38	35	10363418840233777779	15216731797460101753	7666617250969572546	15630676260311017586	-12516.3476562500	0.0000000000	65.7050512668	74.1906406978
0	37	5124626697685069072	15212137967074693636	3595395823223547943	10549886474196401638	-12516.5019531250	0.0000000000	131.2600835163	67.7000822072
25	30	1852490523599609633	17220426965307046444	1450713862399698409	9186120448700912392	-12517.1201171875	0.0000000000	91.2949236669	84.1388352334
33	1	2070994761508512054	3120059728184164471	3885957092233707588	9093846735987155287	-12517.4111328125	0.0000000000	76.4807085540	132.0768662232
2	35	7623427614208258087	15216731797460101753	5871717362130704290	16349048238877579411	-12517.4570312500	0.0000000000	130.7330905361	75.3000156978
7	47	2750524374607360066	11318367783796173950	13027411754415638229	14821840883357362650	-12517.4619140625	0.0000000000	120.9917164372	33.4285360795
29	39	1837521853081289236	10864638730396215523	7176761717046645861	17412270319189528594	-12518.1181640625	0.0000000000	86.0387776513	63.7229822030
18	35	4691607425762229783	15216731797460101753	4441223833647811724	17357892153859795991	-12518.4121093750	0.0000000000	109.4053747191	76.2550938228
19	35	1197105643459895247	15216731797460101753	2820884032943269353	9284610338589052885	-12518.4570312500	0.0000000000	108.9450845561	76.3000156978
37	35	15212137967074693636	15216731797460101753	13309535601060536331	13354582352146924125	-12518.5380859375	0.0000000000	69.7362150197	76.3810703853
46	0	4827492153207552429	5124626697685069072	6436126907177099231	15618943226636634970	-12518.5556640625	0.0000000000	35.3154887247	133.3137944538
45	37	1313911480464372459	15212137967074693636	10571359156149226999	14804107413993796237	-12518.6386718750	0.0000000000	36.5240146838	69.8368009572
22	9	8778873497685683209	14558911667149204238	3073066645153753709	14069365338628379800	-12518.7871093750	0.0000000000	105.4386636040	119.8469130961
44	7	2662758236787761303	2750524374607360066	16484065615795522009	17596954245292341258	-12519.0439453125	0.0000000000	39.8043995739	122.5737476872
11	47	2367463543105110589	11318367783796173950	5004675199993487623	16348903751383130834	-12519.6660156250	0.0000000000	120.3565284625	35.6326376420
23	40	7695679222217891372	15833120484293195251	2491718106957798242	7836408351855486792	-12519.7246093750	0.0000000000	105.6646378959	65.3071316274
14	22	7647425406220833729	8778873497685683209	1604989955899723175	9191083881000205285	-12519.9492187500	0.0000000000	118.8626213507	106.6007729790
24	39	2419078526016386847	10864638730396215523	15677798091432151414	16418863022367819985	-12520.4892578125	0.0000000000	105.1390300528	66.0940759530
44	23	2662758236787761303	7695679222217891372	11240620302109957419	15594427663853479427	-12520.6357421875	0.0000000000	41.3961964489	106.5757707084
16	20	7584003193584940670	17698835103477650371	9463114712918263756	15873972171445919804	-12520.8046875000	0.0000000000	113.6995147384	110.6334861261
25	16	1852490523599609633	7584003193584940670	5361371566854839676	8315483838298987974	-12520.8759765625	0.0000000000	95.0507830419	113.7708038009
44	4	2662758236787761303	12148029984884665422	1102220669998633047	8823420064199431975	-12521.2568359375	0.0000000000	42.0172901989	125.6652970278
37	26	15212137967074693636	15946675759911737241	10266230876605163365	13176517040007430642	-12521.3505859375	0.0000000000	72.5487150197	95.3474054610
19	28	1197105643459895247	10988380494645954370	6404557995202053035	17691707522877571771	-12522.0292968750	0.0000000000	112.5173501811	90.2764476060
43	34	7020308137664579948	16272411011205755533	771319386759238413	8288692319853909773	-12522.1083984375	0.0000000000	46.3230057596	80.5253498123
5	48	7566619875217688955	18419531873213247054	7378858275322333945	11309000971881713242	-12522.2275390625	0.0000000000	126.4610653844	38.0752282482
32	29	1516518707855475474	1837521853081289236	12982627698205737841	16439250986395291719	-12522.6191406250	0.0000000000	82.4955624761	90.5397542138
19	25	1197105643459895247	1852490523599609633	12592395739339237870	15890830071696377527	-12522.6933593750	0.0000000000	113.1814126811	96.8681658544
18	28	4691607425762229783	10988380494645954370	5838085971290810759	10914828087669871064	-12522.8476562500	0.0000000000	113.8409215941	91.0948069810
37	48	15212137967074693636	18419531873213247054	2451619404013561505	10696291069873382442	-12522.9101562500	0.0000000000	74.1082853322	38.7578454357
1	46	3120059728184164471	4827492153207552429	8650788478775446695	16908343688282367338	-12524.9277343750	0.0000000000	139.5934677857	41.6875590372
14	41	7647425406220833729	9605445362504030113	12968360269262168048	18253666023596933046	-12525.1464843750	0.0000000000	124.0598869757	69.4026786360
10	16	1192542622748345688	7584003193584940670	457043436284731591	10286594468314275515	-12525.2324218750	0.0000000000	126.2669034797	118.1272491134
13	48	3810287667550947241	18419531873213247054	9248117421534793205	16449614321252857598	-12525.3251953125	0.0000000000	124.4566867501	41.1728844982
29	37	1837521853081289236	15212137967074693636	7250482828225835178	16811709506121492282	-12525.4111328125	0.0000000000	93.3317464013	76.6092618947
8	48	3033361163652542192	18419531873213247054	1583909042486553494	1892967401075374515	-12525.5527343750	0.0000000000	126.8873351274	41.4004235607
41	26	9605445362504030113	15946675759911737241	6129770312976534218	17021135316561213109	-12525.8388671875	0.0000000000	70.0950614485	99.8356867110
25	36	1852490523599609633	13820553120315940318	1845966211506641217	7068090223189174611	-12526.5810546875	0.0000000000	100.7558611669	82.2875190571
31	17	3506540301504164130	16620027448169996110	7042269927787133900	17172448147990824768	-12526.6123046875	0.0000000000	91.7822042045	118.8675834334
8	41	3033361163652542192	9605445362504030113	1583909042486553494	7173754236155328235	-12527.2138671875	0.0000000000	128.5484679399	71.4700614485
8	42	3033361163652542192	9879016803332830992	5429699821709337496	10781849391978029071	-12527.6425781250	0.0000000000	128.9771788774	70.2671369197
38	37	10363418840233777779	15212137967074693636	1924673183731999754	5078876889563085828	-12527.6894531250	0.0000000000	77.0468481418	78.8875822072
43	30	7020308137664579948	17220426965307046444	115872041255687769	16936558158036698013	-12527.7871093750	0.0000000000	52.0017166971	94.8058274209
39	36	10864638730396215523	13820553120315940318	9944238570983722640	12477408336999368073	-12528.1201171875	0.0000000000	73.7249353280	83.8265815571
33	28	2070994761508512054	10988380494645954370	8852452226767918505	14804754124018725867	-12528.1621093750	0.0000000000	87.2316851165	96.4092601060
41	17	9605445362504030113	16620027448169996110	12278760873033326200	13160307151736984272	-12528.6835937500	0.0000000000	72.9397880110	120.9388724959
45	12	1313911480464372459	8641599192979763592	5005981051277503147	7857007385722963581	-12529.0000000000	0.0000000000	46.8853428088	129.2699108854
7	38	2750524374607360066	10363418840233777779	880032631239779631	6487618899264015435	-12529.1269531250	0.0000000000	132.6567554997	78.4843481418
43	9	7020308137664579948	14558911667149204238	13668554866060684168	18221371191046476104	-12529.2587890625	0.0000000000	53.4733963846	130.3185927836
38	17	10363418840233777779	16620027448169996110	7130635283591486622	17167370020557998005	-12529.3232421875	0.0000000000	78.6806372043	121.5785209334
21	37	10409534843157417303	15212137967074693636	7458326673836036604	10099229736925313635	-12529.3984375000	0.0000000000	117.0132092430	80.5965665822
41	40	9605445362504030113	15833120484293195251	88832311409382144	16595783377152111223	-12529.6308593750	0.0000000000	73.8870536360	75.2133816274
9	48	14558911667149204238	18419531873213247054	15648442240115434064	16331285525114893885	-12529.6767578125	0.0000000000	130.7365615336	45.5244469982
2	34	7623427614208258087	16272411011205755533	1164351411683089846	6225656577704834116	-12529.7939453125	0.0000000000	143.0700045986	88.2108966873
0	47	5124626697685069072	11318367783796173950	10894895652401922987	13799775060787235176	-12529.8750000000	0.0000000000	144.6331303913	45.8416220170
32	12	1516518707855475474	8641599192979763592	4209715123049656948	14536289349268014030	-12529.9257812500	0.0000000000	89.8022031011	130.1956921354
12	36	8641599192979763592	13820553120315940318	8070137640193148206	8491664149894083604	-12529.9531250000	0.0000000000	130.2230358854	85.6595893696
18	41	4691607425762229783	9605445362504030113	4870633008079160063	15871753184884942837	-12530.0537109375	0.0000000000	121.0469762816	74.3099051985
12	41	8641599192979763592	9605445362504030113	4713872956334443735	7137230533737973452	-12530.1748046875	0.0000000000	130.4447155729	74.4309989485
10	38	1192542622748345688	10363418840233777779	9040628090008034175	14854952128144277803	-12530.4794921875	0.0000000000	131.5139737922	79.8368872043
40	48	15833120484293195251	18419531873213247054	283912696026035439	17212373940044595619	-12530.8642578125	0.0000000000	76.4467800649	46.7119469982
46	21	4827492153207552429	10409534843157417303	3470209820758041914	10906316656944157962	-12531.0273437500	0.0000000000	47.7871684122	118.6421154930
31	37	3506540301504164130	15212137967074693636	10266230876605163365	12796543459693846496	-12531.0693359375	0.0000000000	96.2392354545	82.2674650197
22	40	8778873497685683209	15833120484293195251	6691532879954013418	16532525320506481009	-12531.1396484375	0.0000000000	117.7912026665	76.7221706899
45	22	1313911480464372459	8778873497685683209	12781467004818443992	16532525320506481009	-12531.1396484375	0.0000000000	49.0249912463	117.7912026665
44	13	2662758236787761303	3810287667550947241	818195402124295552	12178756279195447377	-12531.2285156250	0.0000000000	51.9889698864	130.3600070626
18	48	4691607425762229783	18419531873213247054	4691385568690221117	8765075464367801403	-12531.5224609375	0.0000000000	122.5157262816	47.3701501232
23	37	7695679222217891372	15212137967074693636	6137048374646756278	6666674112308873261	-12531.6083984375	0.0000000000	117.5484269584	82.8065275197
11	44	2367463543105110589	2662758236787761303	1441532467470742739	5036796337535696429	-12531.6435546875	0.0000000000	132.3340675250	52.4040089489
11	48	2367463543105110589	18419531873213247054	1441532467470742739	9331504540317123698	-12531.6435546875	0.0000000000	132.3340675250	47.4912438732
14	48	7647425406220833729	18419531873213247054	6335475414493612728	8075025825653041351	-12532.8828125000	0.0000000000	131.7962151007	48.7305016857
45	5	1313911480464372459	7566619875217688955	7913021631442233746	10046810573850775678	-12532.9902343750	0.0000000000	50.8755771838	137.2237606969
45	17	1313911480464372459	16620027448169996110	7913021631442233746	16524338743313726570	-12533.1513671875	0.0000000000	51.0367099963	125.4066459334
44	18	2662758236787761303	4691607425762229783	1219942658881104007	11735421414954547831	-12533.2294921875	0.0000000000	53.9899464489	124.2227575316
6	43	2481712864582340333	7020308137664579948	3013640263578569422	16799288857132420397	-12533.9814453125	0.0000000000	138.0115963729	58.1960526346
8	43	3033361163652542192	7020308137664579948	2592984466214751272	14567085469290754695	-12534.6660156250	0.0000000000	136.0006163774	58.8806229471
46	41	4827492153207552429	9605445362504030113	4150635093947138858	9947412968560203523	-12534.7236328125	0.0000000000	51.4834574747	78.9798270735
8	39	3033361163652542192	10864638730396215523	6716200451679515113	13911420964678129209	-12534.8750000000	0.0000000000	136.2096007524	80.4798181405
25	23	1852490523599609633	7695679222217891372	2919578028788758970	10981249767839717167	-12535.6367187500	0.0000000000	109.8115252294	121.5767472709
14	38	7647425406220833729	10363418840233777779	2053917530415019265	14680833271539413499	-12535.8232421875	0.0000000000	134.7366447882	85.1806372043
7	48	2750524374607360066	18419531873213247054	2192289895351235531	8614722805417136345	-12536.2402343750	0.0000000000	139.7700367497	52.0879235607
31	41	3506540301504164130	9605445362504030113	177164909902245733	13000425752869704073	-12536.6152343750	0.0000000000	101.7851338920	80.8714286360
26	48	15946675759911737241	18419531873213247054	2522253158014048175	15212986869981286541	-12536.7431640625	0.0000000000	110.7399835860	52.5908532482
10	33	1192542622748345688	2070994761508512054	1777550472439183075	7183688571882933304	-12536.8144531250	0.0000000000	137.8489347297	95.8840288665
47	3	11318367783796173950	12282654030082164567	262114615298279930	1285110006921088035	-12536.9658203125	0.0000000000	52.9324423295	144.0978505126
13	39	3810287667550947241	10864638730396215523	5229135267557711557	18011103137730653127	-12537.1201171875	0.0000000000	136.2516086251	82.7249353280
46	14	4827492153207552429	7647425406220833729	5211347742983537378	8189055958134758698	-12537.3505859375	0.0000000000	54.1104105997	136.2639885382
45	11	1313911480464372459	2367463543105110589	1264549805849746906	17105186589540345380	-12537.3671875000	0.0000000000	55.2525303088	138.0577003375
28	35	10988380494645954370	15216731797460101753	5894130574694012397	11456215621191139076	-12538.1083984375	0.0000000000	106.3555491685	95.9513828853
12	34	8641599192979763592	16272411011205755533	2247695123573203417	13198488286930099655	-12538.1269531250	0.0000000000	138.3968640104	96.5439044998
46	20	4827492153207552429	17698835103477650371	12214287825128861400	16299074797302413160	-12538.5927734375	0.0000000000	55.3525980997	128.4215720636
46	48	4827492153207552429	18419531873213247054	498207831840794242	1642063630195396579	-12538.8095703125	0.0000000000	55.5693949747	54.6572594982
37	30	15212137967074693636	17220426965307046444	7484934555687682732	17058571430813080159	-12539.0986328125	0.0000000000	90.2967618947	106.1173508584
29	23	1837521853081289236	7695679222217891372	12486860497923122933	16008477093336140527	-12539.5234375000	0.0000000000	107.4440510888	125.4634660209
11	43	2367463543105110589	7020308137664579948	421242782700089981	12435501256615786022	-12539.9042968750	0.0000000000	140.5948097125	64.1189041971
11	46	2367463543105110589	4827492153207552429	9695925612792831199	16323134075858390455	-12539.9257812500	0.0000000000	140.6162940875	56.6856059122
18	43	4691607425762229783	7020308137664579948	3574732203965394834	12458861354831942839	-12539.9804687500	0.0000000000	130.9737340941	64.1950760721
36	17	13820553120315940318	16620027448169996110	1266751718166861164	16886981121082684558	-12540.2304687500	0.0000000000	95.9369331196	132.4857474959
16	48	7584003193584940670	18419531873213247054	5324654918854876163	15594894200780249061	-12540.3554687500	0.0000000000	133.2502959884	56.2031579357
41	38	9605445362504030113	10363418840233777779	4167007920074155386	9588028720406569712	-12541.6416015625	0.0000000000	85.8977958235	90.9989965793
16	38	7584003193584940670	10363418840233777779	8707370884615018696	16011963131179285059	-12542.8916015625	0.0000000000	135.7864288009	92.2489965793
43	41	7020308137664579948	9605445362504030113	6643294628173854848	9274890088080254043	-12543.4824218750	0.0000000000	67.6970291971	87.7386161360
15	27	3165649293167897726	12306497070188140367	9590375066638580635	11460575682234258264	-12543.6132812500	0.0000000000	141.3634952186	112.9556563580
5	42	7566619875217688955	9879016803332830992	1188535116767751844	4618862701108759689	-12544.3593750000	0.0000000000	148.5929013219	86.9839337947
19	32	1197105643459895247	1516518707855475474	814441825099219180	7475608166056705865	-12544.4072265625	0.0000000000	134.8952798686	104.2836484136
46	3	4827492153207552429	12282654030082164567	6590488370912448696	13315330443510933546	-12544.5263671875	0.0000000000	61.2861918497	151.6583973876
41	37	9605445362504030113	15212137967074693636	753874629413770663	5456742945806922370	-12544.5839843750	0.0000000000	88.8401786360	95.7821134572
31	48	3506540301504164130	18419531873213247054	10120414159551224115	18084296377171498846	-12545.1474609375	0.0000000000	110.3173604545	60.9951501232
38	48	10363418840233777779	18419531873213247054	9374231944921805678	10120414159551224115	-12545.1474609375	0.0000000000	94.5048559543	60.9951501232
32	18	1516518707855475474	4691607425762229783	15868630360624330552	16386051176860870262	-12545.2636718750	0.0000000000	105.1400937261	136.2569372191
13	42	3810287667550947241	9879016803332830992	4973718224906987326	17130420785777697444	-12545.4863281250	0.0000000000	144.6178195626	88.1108869197
39	37	10864638730396215523	15212137967074693636	1082990626223041951	3811752545326675142	-12545.7001953125	0.0000000000	91.3050134530	96.8983243947
32	38	1516518707855475474	10363418840233777779	13251393809826718539	15969903209362920074	-12546.6152343750	0.0000000000	106.4916562261	95.9726293918
19	48	1197105643459895247	18419531873213247054	7293568200811488835	13309637092263264439	-12547.3359375000	0.0000000000	137.8239908061	63.1836266857
16	39	7584003193584940670	10864638730396215523	3733263298703219690	13350344338388807425	-12547.4755859375	0.0000000000	140.3704131759	93.0804040780
23	36	7695679222217891372	13820553120315940318	14197633361282710798	15131550377727748312	-12548.6835937500	0.0000000000	134.6236222709	104.3900581196
31	47	3506540301504164130	11318367783796173950	2129331412326248801	6409191669247533841	-12549.2207031250	0.0000000000	114.3906026420	65.1873251420
19	27	1197105643459895247	12306497070188140367	13664151803226912507	16583547520509072977	-12549.5478515625	0.0000000000	140.0359048686	118.8902266705
18	34	4691607425762229783	16272411011205755533	6633292439105374087	8933660992402895320	-12549.6630859375	0.0000000000	140.6563512816	108.0800373123
31	39	3506540301504164130	10864638730396215523	5417595678283336350	14608432294184193016	-12550.0107421875	0.0000000000	115.1806417045	95.6155603280
17	48	16620027448169996110	18419531873213247054	635777167299970158	13001485967552081766	-12551.3164062500	0.0000000000	143.5716849959	67.1640954357
46	5	4827492153207552429	7566619875217688955	2692599769282227327	16532452460578283203	-12551.4169921875	0.0000000000	68.1768168497	155.6505185094
19	45	1197105643459895247	1313911480464372459	2366211384457380765	14671553390438630245	-12551.9970703125	0.0000000000	142.4851236186	69.8824131213
22	38	8778873497685683209	10363418840233777779	722833461604254871	13066586065017738677	-12552.2695312500	0.0000000000	138.9210854790	101.6269262668
32	26	1516518707855475474	15946675759911737241	6087597944996605501	13475676720589619327	-12552.4189453125	0.0000000000	112.2953671636	126.4157648360
29	43	1837521853081289236	7020308137664579948	6533156028439643979	10016241097005928753	-12552.4404296875	0.0000000000	120.3610432763	76.6550370096
19	34	1197105643459895247	16272411011205755533	11445611467773248922	16648593121064076478	-12552.8642578125	0.0000000000	143.3523111186	111.2812091873
16	28	7584003193584940670	10988380494645954370	9728078677781173894	16653468356695761132	-12552.9179687500	0.0000000000	145.8127959884	121.1651194810
36	35	13820553120315940318	15216731797460101753	1334153106642694801	9569217351596915560	-12553.4853515625	0.0000000000	109.1918159321	111.3283360103
44	28	2662758236787761303	10988380494645954370	9368865695335126903	10001957476218135752	-12554.1103515625	0.0000000000	74.8708058239	122.3575022935
32	2	1516518707855475474	7623427614208258087	12686261177178971137	16930123717594608619	-12556.9169921875	0.0000000000	116.7934140386	170.1930514736
10	44	1192542622748345688	2662758236787761303	5029748149432785293	8114935040577554904	-12557.0087890625	0.0000000000	158.0432706672	77.7692433239
19	41	1197105643459895247	9605445362504030113	13280017561685832104	15192834818267526837	-12557.0195312500	0.0000000000	147.5075845561	101.2757255110
23	17	7695679222217891372	16620027448169996110	2902309293448708070	8312069842825622434	-12557.9394531250	0.0000000000	143.8794816459	150.1947318709
33	41	2070994761508512054	9605445362504030113	6736004555990460774	13268439566680296017	-12560.0820312500	0.0000000000	119.1516069915	104.3382255110
42	26	9879016803332830992	15946675759911737241	1373853564022417818	16105097167292562982	-12563.5292968750	0.0000000000	106.1538556697	137.5261163985
43	27	7020308137664579948	12306497070188140367	9624860929863731453	10691475954166186800	-12563.8007812500	0.0000000000	88.0153885721	133.1431563580
45	7	1313911480464372459	2750524374607360066	839193662921616676	9109784486524718416	-12564.3828125000	0.0000000000	82.2681553088	167.9126148747
45	14	1313911480464372459	7647425406220833729	8035540339532040108	16552205171747428127	-12564.6757812500	0.0000000000	82.5611240588	163.5891838507
24	47	2419078526016386847	11318367783796173950	7221400044336932581	14393301253037559733	-12570.6962890625	0.0000000000	155.3460613028	86.6629110795
32	33	1516518707855475474	2070994761508512054	6046899154504493029	16858407481417369367	-12573.9648437500	0.0000000000	133.8412656011	133.0344194915
16	41	7584003193584940670	9605445362504030113	1856889201719190190	11203106573049974616	-12575.2695312500	0.0000000000	168.1643584884	119.5257255110
19	39	1197105643459895247	10864638730396215523	3715940023566934016	12239940836117105803	-12578.6835937500	0.0000000000	169.1716470561	124.2884118905
