section	statistic	value
summary	numTrees	2027025
summary	numEdges	14189175
summary	meanDegree	14.0000000000
local	numLocalPeaks	123
local	posteriorMassOfLocalPeaks	0.6288837955
local	meanUphillFraction	0.4999032713
local	posteriorWeightedMeanUphillFraction	0.0344891589
local	meanBestNeighborLnLDifference	15.8840910206
local	posteriorWeightedMeanBestNeighborLnLDifference	-0.2465028280
local	meanNeighborAbsLnLDifference	6.9572292135
local	posteriorWeightedMeanNeighborAbsLnLDifference	8.7887502618
basin	numPeaks	123
basin	numPeaksMassGreater01	1
basin	numPeaksMassGreater05	1
basin	largestBasinSize	330521
basin	largestBasinMass	0.9939664083
basin	basinMassEntropy	0.0389746046
basin	effectiveNumBasins	1.0397440786
basin	mapTreeHash	10667474865877392284
basin	mapPeakHash	10667474865877392284
basin	mapPeakId	0
basin	mapBasinMass	0.9939664083
basin	posteriorMassOutsideMapBasin	0.0060335917
ascent	meanAscentLength	8.7817219817
ascent	posteriorWeightedMeanAscentLength	0.4035019906
ascent	meanAscentLengthCredible95	0.7500000000
ascent	posteriorWeightedMeanAscentLengthCredible95	0.3453925989
ascent	maxAscentLength	22
credible95	credible95NumTrees	4
credible95	credible95Mass	0.9551574741
credible95	credible95NumComponents	1
credible95	credible95LargestComponentSize	4
credible95	credible95LargestComponentMass	0.9551574741
credible95	credible95MapComponentSize	4
credible95	credible95MapComponentMass	0.9551574741
barrier	basinGraphEdges	5493
barrier	meanBasinGraphDegree	89.3170731707
barrier	mapBasinGraphDegree	122
barrier	basinGraphConnected	1
barrier	minBarrierFromMap	9.4074188317
barrier	meanBarrier	41.8020130309
barrier	posteriorWeightedMeanBarrier	6.7931518200
barrier	maxBarrier	121.4713147710

# peaks
peakId	peakHash	peakTreeProbability	basinNumTrees	basinPosteriorMass
0	10667474865877392284	0.6252531517	330521	0.9939664083
1	10324198887431388283	0.0033407533	315865	0.0053890630
2	13107051123224136067	0.0002797525	120206	0.0006297093
3	14093486591111374668	0.0000095611	108428	0.0000140294
4	16923322824322317466	0.0000002409	66950	0.0000003344
5	2149484152715392458	0.0000002288	28964	0.0000002901
6	16894134299124238804	0.0000000361	36377	0.0000000469
7	15571085747497726625	0.0000000247	53392	0.0000000475
8	8992346648558435547	0.0000000216	43190	0.0000000397
9	2439594373950395860	0.0000000105	24571	0.0000000126
10	3715343508190632273	0.0000000065	25207	0.0000000074
11	17799708269756447471	0.0000000040	89147	0.0000000046
12	14938178270134821508	0.0000000010	6941	0.0000000011
13	10079227655342552495	0.0000000006	65609	0.0000000009
14	12938275795804049604	0.0000000005	9155	0.0000000007
15	3773740555311062023	0.0000000004	28973	0.0000000016
16	12201523437214473668	0.0000000004	17410	0.0000000005
17	429853561211997818	0.0000000003	13541	0.0000000006
18	17473836722014595788	0.0000000002	2032	0.0000000002
19	7692821074440121912	0.0000000002	20183	0.0000000003
20	13355927625687165021	0.0000000002	25698	0.0000000005
21	15016803418478563936	0.0000000001	18138	0.0000000001
22	3990398796172833387	0.0000000001	8407	0.0000000002
23	8983620928718234954	0.0000000000	4840	0.0000000000
24	58338521781336478	0.0000000000	13994	0.0000000000
25	16550426852500463777	0.0000000000	15983	0.0000000000
26	167167149883495741	0.0000000000	4538	0.0000000000
27	13931414467280736271	0.0000000000	6803	0.0000000000
28	17027433896387945395	0.0000000000	8460	0.0000000000
29	520324629128040228	0.0000000000	16599	0.0000000000
30	7858847987573124453	0.0000000000	15887	0.0000000000
31	16657069432005198003	0.0000000000	11963	0.0000000000
32	3303836963991646703	0.0000000000	13697	0.0000000000
33	10368442723802325466	0.0000000000	6292	0.0000000000
34	14097627609532728280	0.0000000000	2916	0.0000000000
35	1374669322539188936	0.0000000000	9081	0.0000000000
36	10369745369462594300	0.0000000000	7858	0.0000000000
37	12249581567144989954	0.0000000000	11760	0.0000000000
38	3887235235952849394	0.0000000000	12514	0.0000000000
39	8936177091956132308	0.0000000000	1825	0.0000000000
40	15633704558089027375	0.0000000000	1337	0.0000000000
41	4688636836818565261	0.0000000000	2224	0.0000000000
42	6149821055044103313	0.0000000000	9279	0.0000000000
43	9188283139325803671	0.0000000000	2632	0.0000000000
44	13956310948762308203	0.0000000000	5721	0.0000000000
45	10118968526249132794	0.0000000000	29792	0.0000000000
46	7251700801891077616	0.0000000000	15887	0.0000000000
47	11947096545996455153	0.0000000000	12359	0.0000000000
48	11384733198153311516	0.0000000000	22493	0.0000000000
49	7823186920941671451	0.0000000000	23701	0.0000000000
50	15516788000137984293	0.0000000000	2765	0.0000000000
51	3374397758373242900	0.0000000000	586	0.0000000000
52	8242477299940831062	0.0000000000	2664	0.0000000000
53	15405698928020597209	0.0000000000	11076	0.0000000000
54	10494363557995427270	0.0000000000	4767	0.0000000000
55	11851817067206489169	0.0000000000	11195	0.0000000000
56	11357898340897756903	0.0000000000	4877	0.0000000000
57	9692447327446626127	0.0000000000	3875	0.0000000000
58	4138555004563608843	0.0000000000	22438	0.0000000000
59	2239142532014743282	0.0000000000	839	0.0000000000
60	230773126182757894	0.0000000000	17014	0.0000000000
61	2173314438107378563	0.0000000000	18237	0.0000000000
62	7011268860006268306	0.0000000000	806	0.0000000000
63	1399070161628260596	0.0000000000	4185	0.0000000000
64	9696301458210436234	0.0000000000	6533	0.0000000000
65	15378060113354634737	0.0000000000	1081	0.0000000000
66	18431247209864649693	0.0000000000	6277	0.0000000000
67	303163103940296667	0.0000000000	4104	0.0000000000
68	13171866292654863094	0.0000000000	9196	0.0000000000
69	2087039987532444631	0.0000000000	5531	0.0000000000
70	1592214687186736870	0.0000000000	11050	0.0000000000
71	2579019396016879642	0.0000000000	708	0.0000000000
72	8503372235075209266	0.0000000000	4823	0.0000000000
73	541435687269551760	0.0000000000	1844	0.0000000000
74	279844733889261352	0.0000000000	2806	0.0000000000
75	14608757246259334758	0.0000000000	6586	0.0000000000
76	2747588696662623730	0.0000000000	3766	0.0000000000
77	7437397082061112758	0.0000000000	6585	0.0000000000
78	14809137665620150592	0.0000000000	2783	0.0000000000
79	2501211020233769820	0.0000000000	15713	0.0000000000
80	11254879324197340454	0.0000000000	1948	0.0000000000
81	3175835436065505467	0.0000000000	2307	0.0000000000
82	13012805549261864440	0.0000000000	6926	0.0000000000
83	13586099871725120471	0.0000000000	3388	0.0000000000
84	2564171262913545665	0.0000000000	2448	0.0000000000
85	16393214166263308105	0.0000000000	2763	0.0000000000
86	2181137809313707726	0.0000000000	4206	0.0000000000
87	5601208716039951663	0.0000000000	3471	0.0000000000
88	10084124936668487071	0.0000000000	380	0.0000000000
89	16609562587620384987	0.0000000000	1184	0.0000000000
90	564253395306586288	0.0000000000	1473	0.0000000000
91	442166951684299261	0.0000000000	2395	0.0000000000
92	10367805946812379509	0.0000000000	970	0.0000000000
93	3242482612805492339	0.0000000000	2380	0.0000000000
94	9222751215651972858	0.0000000000	4510	0.0000000000
95	1269677664921442142	0.0000000000	6317	0.0000000000
96	14922418272091202393	0.0000000000	2197	0.0000000000
97	5828997022151569970	0.0000000000	1064	0.0000000000
98	18248472685024111301	0.0000000000	2324	0.0000000000
99	3770798787649587355	0.0000000000	4239	0.0000000000
100	3742391230315232177	0.0000000000	2383	0.0000000000
101	9781730914178405044	0.0000000000	2753	0.0000000000
102	16966479684116941053	0.0000000000	1659	0.0000000000
103	10916844756336505972	0.0000000000	1919	0.0000000000
104	16298007830431462257	0.0000000000	3922	0.0000000000
105	13728310634633545021	0.0000000000	697	0.0000000000
106	7684204559276021956	0.0000000000	1853	0.0000000000
107	8478510142031607734	0.0000000000	702	0.0000000000
108	14996368193187989284	0.0000000000	1493	0.0000000000
109	8288089849152396567	0.0000000000	1639	0.0000000000
110	6574353373524907807	0.0000000000	522	0.0000000000
111	12355689472340701209	0.0000000000	973	0.0000000000
112	11111376794004924671	0.0000000000	244	0.0000000000
113	11034036556017610313	0.0000000000	1616	0.0000000000
114	15099006944303593007	0.0000000000	1497	0.0000000000
115	5083548386099259802	0.0000000000	148	0.0000000000
116	14319670599260614879	0.0000000000	506	0.0000000000
117	5946235283944295470	0.0000000000	58	0.0000000000
118	5342875789511471951	0.0000000000	227	0.0000000000
119	17918245985891918390	0.0000000000	213	0.0000000000
120	15354991408888356854	0.0000000000	620	0.0000000000
121	17021626295139303671	0.0000000000	349	0.0000000000
122	8167972712163343844	0.0000000000	92	0.0000000000

# saddles
peakId1	peakId2	peakHash1	peakHash2	saddleTree1	saddleTree2	saddleLnL	saddleProbability	barrierFromPeak1	barrierFromPeak2
1	0	10324198887431388283	10667474865877392284	10067323955305925080	13391299105900134278	-5464.3095703125	0.0000513287	4.1754585333	9.4074188317
0	2	10667474865877392284	13107051123224136067	6092665399361976869	13107051123224136067	-5465.4140625000	0.0000170113	10.5119110192	2.7999043839
5	1	2149484152715392458	10324198887431388283	2149484152715392458	13551282101911484165	-5470.4809570312	0.0000001072	0.7579358647	10.3468452520
1	2	10324198887431388283	13107051123224136067	2793630819380891340	6521733416750921545	-5471.6806640625	0.0000000323	11.5465522833	9.0665059464
1	6	10324198887431388283	16894134299124238804	3668232976056347015	16894134299124238804	-5472.0698242188	0.0000000219	11.9357124395	0.4998399134
0	3	10667474865877392284	14093486591111374668	7381781008600950533	15546300561661597823	-5472.2944335938	0.0000000175	17.3922821129	6.3040689294
5	6	2149484152715392458	16894134299124238804	8860414877538723217	16894134299124238804	-5472.9731445312	0.0000000089	3.2501233647	1.4031602259
5	2	2149484152715392458	13107051123224136067	3951205565525294968	13135193900358341799	-5473.0346679688	0.0000000083	3.3116468022	10.4205098526
0	4	10667474865877392284	16923322824322317466	13781705552642234748	16923322824322317466	-5473.1948242188	0.0000000071	18.2926727379	3.5233342804
9	1	2439594373950395860	10324198887431388283	2439594373950395860	16665340437109744151	-5473.6357421875	0.0000000046	0.8295218314	13.5016304083
2	3	13107051123224136067	14093486591111374668	2197449846237236877	18070214119367277672	-5473.9101562500	0.0000000035	11.2959981339	7.9197915857
8	7	8992346648558435547	15571085747497726625	3961522811610125029	12067100788227530379	-5474.0883789062	0.0000000029	2.0065813090	2.1385233232
10	1	3715343508190632273	10324198887431388283	3715343508190632273	4452688233950274594	-5475.1879882812	0.0000000010	1.8963666990	15.0538765020
10	0	3715343508190632273	10667474865877392284	1636821229655449824	16846938153419867359	-5475.4868164062	0.0000000007	2.1951948240	20.5846649254
0	12	10667474865877392284	14938178270134821508	5415043311030251089	14938178270134821508	-5475.7197265625	0.0000000006	20.8175750817	0.5345825005
8	12	8992346648558435547	14938178270134821508	10787188865649193302	14938178270134821508	-5476.6303710938	0.0000000002	4.5485734965	1.4452270317
8	0	8992346648558435547	10667474865877392284	8992346648558435547	15576879124357651153	-5476.7509765625	0.0000000002	4.6691789652	21.8488250817
5	18	2149484152715392458	17473836722014595788	11851904786477222653	17473836722014595788	-5476.9897460938	0.0000000002	7.2667249272	0.1166364451
19	0	7692821074440121912	10667474865877392284	7692821074440121912	15477793420833403576	-5476.9995117188	0.0000000002	0.0645739783	22.0973602379
16	14	12201523437214473668	12938275795804049604	10697592194262778161	12201523437214473668	-5477.0004882812	0.0000000002	0.8166418676	1.1497882182
15	6	3773740555311062023	16894134299124238804	3773740555311062023	6271977925628592627	-5477.2558593750	0.0000000001	1.1463858707	5.6858750697
19	2	7692821074440121912	13107051123224136067	4685653372411384376	15602479274314981082	-5477.6611328125	0.0000000001	0.7261950721	15.0469746964
9	18	2439594373950395860	17473836722014595788	1368067785687439044	17473836722014595788	-5477.6699218750	0.0000000001	4.8637015189	0.7968122263
15	1	3773740555311062023	10324198887431388283	3337508888237186502	16367884110403033185	-5478.0209960938	0.0000000001	1.9115225894	17.8868843145
22	12	3990398796172833387	14938178270134821508	9897239869191137533	14275751437092487374	-5478.0888671875	0.0000000001	0.1806526254	2.9037231255
17	7	429853561211997818	15571085747497726625	429853561211997818	6364899365212510750	-5478.3588867188	0.0000000000	2.1402283963	6.4090311357
1	18	10324198887431388283	17473836722014595788	10406040540287532792	17473836722014595788	-5478.5537109375	0.0000000000	18.4195991583	1.6806012888
13	0	10079227655342552495	10667474865877392284	9953720381342006747	13751433511206880711	-5478.7333984375	0.0000000000	2.9877613905	23.8312469567
22	4	3990398796172833387	16923322824322317466	10334957230388583269	14275751437092487374	-5478.7651367188	0.0000000000	0.8569221566	9.0936467804
3	7	14093486591111374668	15571085747497726625	4351671422837170272	6364899365212510750	-5478.8422851562	0.0000000000	12.8519204919	6.8924295732
15	18	3773740555311062023	17473836722014595788	3259997617897357970	17473836722014595788	-5479.0517578125	0.0000000000	2.9422843082	2.1786481638
22	0	3990398796172833387	10667474865877392284	3990398796172833387	5044808489406887036	-5479.1274414062	0.0000000000	1.2192268441	24.2252899254
14	3	12938275795804049604	14093486591111374668	12938275795804049604	15061835507305105957	-5479.1347656250	0.0000000000	3.2840655620	13.1444009607
22	20	3990398796172833387	13355927625687165021	3760238708457334540	3990398796172833387	-5479.3085937500	0.0000000000	1.4003791879	2.3566573196
17	8	429853561211997818	8992346648558435547	513066644572744834	13625843282894529510	-5479.3300781250	0.0000000000	3.1114198025	7.2482805277
5	15	2149484152715392458	3773740555311062023	3773740555311062023	18333139193226941045	-5479.3657226562	0.0000000000	9.6427014897	3.2562491519
26	25	167167149883495741	16550426852500463777	167167149883495741	10991305823856251489	-5479.4907226562	0.0000000000	0.1752533685	0.2652347657
0	20	10667474865877392284	13355927625687165021	3760238708457334540	6785461738905687357	-5479.6225585938	0.0000000000	24.7204071129	2.6706221633
13	11	10079227655342552495	17799708269756447471	2758909691409259528	7780401567169816283	-5479.7309570312	0.0000000000	3.9853199842	5.9624090938
8	4	8992346648558435547	16923322824322317466	4600958330722195941	12717507083877943759	-5480.0888671875	0.0000000000	8.0070695902	10.4173772491
24	16	58338521781336478	12201523437214473668	58338521781336478	1531048373436938914	-5480.1943359375	0.0000000000	1.0744496126	4.0104895238
4	11	16923322824322317466	17799708269756447471	11627760776242571883	13277350985500901710	-5480.3896484375	0.0000000000	10.7181584991	6.6211005000
0	21	10667474865877392284	15016803418478563936	12428420817994619992	15016803418478563936	-5480.4335937500	0.0000000000	25.5314422692	2.9153992920
20	27	13355927625687165021	13931414467280736271	10925370984679042002	13931414467280736271	-5480.4790039062	0.0000000000	3.5270674758	0.1200288602
13	3	10079227655342552495	14093486591111374668	5942236356119559887	9601078230747906782	-5480.5087890625	0.0000000000	4.7631520155	14.5184243982
1	11	10324198887431388283	17799708269756447471	5070711848259882777	10003447507247173964	-5480.5317382812	0.0000000000	20.3976265020	6.7631903438
1	4	10324198887431388283	16923322824322317466	10003447507247173964	17520673266139668847	-5480.8037109375	0.0000000000	20.6695991583	11.1322209991
23	28	8983620928718234954	17027433896387945395	16477954020900022681	17027433896387945395	-5481.0825195312	0.0000000000	2.5833472093	0.1645633960
9	15	2439594373950395860	3773740555311062023	4376655536033655709	11532078435513071260	-5481.7294921875	0.0000000000	8.9232718314	5.6200186832
17	3	429853561211997818	14093486591111374668	3289704654889966183	15889356277809347765	-5481.8022460938	0.0000000000	5.5835877713	15.8118814294
24	6	58338521781336478	16894134299124238804	58338521781336478	8159606928168355119	-5482.2495117188	0.0000000000	3.1296253939	10.6795274134
2	20	13107051123224136067	13355927625687165021	10925370984679042002	16344991581558932335	-5482.4077148438	0.0000000000	19.7935567276	5.4557784133
2	27	13107051123224136067	13931414467280736271	4411311949632520230	16344991581558932335	-5482.4077148438	0.0000000000	19.7935567276	2.0487397977
23	0	8983620928718234954	10667474865877392284	8983620928718234954	16708634524982679111	-5482.4794921875	0.0000000000	3.9803198655	27.5773407067
9	23	2439594373950395860	8983620928718234954	16477954020900022681	17094973970051024834	-5482.5708007812	0.0000000000	9.7645804251	4.0716284593
29	25	520324629128040228	16550426852500463777	520324629128040228	3124503921858474600	-5482.6679687500	0.0000000000	1.0026855409	3.4424808594
0	34	10667474865877392284	14097627609532728280	4594351229449819887	14097627609532728280	-5482.6748046875	0.0000000000	27.7726532067	0.1979060768
12	4	14938178270134821508	16923322824322317466	5399011007958259104	6455806778956328814	-5482.7470703125	0.0000000000	7.5619262505	13.0755803741
34	21	14097627609532728280	15016803418478563936	11044745076481568611	14097627609532728280	-5482.8979492188	0.0000000000	0.4210506080	5.3797547607
16	3	12201523437214473668	14093486591111374668	4901920830107206961	11943596583654005091	-5482.9169921875	0.0000000000	6.7331457738	16.9266275232
0	31	10667474865877392284	16657069432005198003	16657069432005198003	17189581047765230775	-5482.9526367188	0.0000000000	28.0504852379	1.1837271105
1	28	10324198887431388283	17027433896387945395	1254278980914331789	11301260378577576703	-5483.0146484375	0.0000000000	22.8805366583	2.0966923023
16	25	12201523437214473668	16550426852500463777	14781812088800052166	14945607960063499086	-5483.3613281250	0.0000000000	7.1774817113	4.1358402344
27	12	13931414467280736271	14938178270134821508	4411311949632520230	8135982831513845357	-5483.3989257812	0.0000000000	3.0399507352	8.2137817192
1	36	10324198887431388283	10369745369462594300	7267423719045788483	10369745369462594300	-5483.4047851562	0.0000000000	23.2706733770	0.6548989149
30	0	7858847987573124453	10667474865877392284	7858847987573124453	10593146833416407973	-5483.5869140625	0.0000000000	1.8716674490	28.6847625817
23	14	8983620928718234954	12938275795804049604	10727092748566273268	11814406916803120860	-5483.8090820312	0.0000000000	5.3099097093	7.9583819682
32	8	3303836963991646703	8992346648558435547	3303836963991646703	16866256356758569495	-5483.8481445312	0.0000000000	2.0699508675	11.7663469340
39	4	8936177091956132308	16923322824322317466	1068668178248725379	8936177091956132308	-5483.9453125000	0.0000000000	0.1675915211	14.2738225616
40	4	15633704558089027375	16923322824322317466	1068668178248725379	15633704558089027375	-5483.9453125000	0.0000000000	0.1603213600	14.2738225616
37	11	12249581567144989954	17799708269756447471	5345422971695437627	12249581567144989954	-5484.0307617188	0.0000000000	0.4979720279	10.2622137813
16	6	12201523437214473668	16894134299124238804	1531048373436938914	12256799159848457573	-5484.1630859375	0.0000000000	7.9792395238	12.5931016322
22	8	3990398796172833387	8992346648558435547	3196472042223756275	10843473645015901036	-5484.2075195312	0.0000000000	6.2993049691	12.1257219340
20	4	13355927625687165021	16923322824322317466	13389641969192065840	15834468826486641779	-5484.2597656250	0.0000000000	7.3078291946	14.5882756866
14	25	12938275795804049604	16550426852500463777	5876946639491446487	14881831033874145380	-5484.3012695312	0.0000000000	8.4505694682	5.0757816407
26	14	167167149883495741	12938275795804049604	13632005497222183266	17715832143906170345	-5484.3222656250	0.0000000000	5.0067963373	8.4715655620
16	28	12201523437214473668	17027433896387945395	5740253430887235530	6911589575409251486	-5484.3686523438	0.0000000000	8.1848059301	3.4506962085
42	3	6149821055044103313	14093486591111374668	4109138414273650122	6149821055044103313	-5484.5512695312	0.0000000000	0.0188216707	18.5609048669
35	4	1374669322539188936	16923322824322317466	1374669322539188936	5803981301660527000	-5484.5883789062	0.0000000000	1.9232756205	14.9168889679
19	3	7692821074440121912	14093486591111374668	4109138414273650122	12692862525207426497	-5484.6474609375	0.0000000000	7.7125231971	18.6570962732
42	19	6149821055044103313	7692821074440121912	6149821055044103313	12692862525207426497	-5484.6474609375	0.0000000000	0.1150130769	7.7125231971
16	31	12201523437214473668	16657069432005198003	15680763990793269496	15834752812933810388	-5484.7192382812	0.0000000000	8.5353918676	2.9503286730
2	4	13107051123224136067	16923322824322317466	9164162566302011183	16668886804676775665	-5484.8657226562	0.0000000000	22.2515645401	15.1942327179
41	1	4688636836818565261	10324198887431388283	4688636836818565261	5699514337256905294	-5485.0644531250	0.0000000000	0.5578250342	24.9303413458
43	7	9188283139325803671	15571085747497726625	9188283139325803671	12371728620773305512	-5485.0878906250	0.0000000000	0.3349323213	13.1380350420
15	16	3773740555311062023	12201523437214473668	10634741590737952051	16367884110403033185	-5485.0986328125	0.0000000000	8.9891593082	8.9147863988
19	6	7692821074440121912	16894134299124238804	8596015765450313512	13434757714153953447	-5485.1098632812	0.0000000000	8.1749255408	13.5398789759
41	6	4688636836818565261	16894134299124238804	4688636836818565261	13434757714153953447	-5485.1098632812	0.0000000000	0.6032351904	13.5398789759
32	25	3303836963991646703	16550426852500463777	118355361576611767	7899437158929770146	-5485.1235351562	0.0000000000	3.3453414925	5.8980472657
39	2	8936177091956132308	13107051123224136067	8936177091956132308	10796014567528939021	-5485.1958007812	0.0000000000	1.4180798023	22.5816426651
20	7	13355927625687165021	15571085747497726625	940673793964733095	10925370984679042002	-5485.6245117188	0.0000000000	8.6725752883	13.6746561357
27	40	13931414467280736271	15633704558089027375	15633704558089027375	18105472848559048997	-5485.6298828125	0.0000000000	5.2709077665	1.8448916725
2	40	13107051123224136067	15633704558089027375	15633704558089027375	17845077081774478852	-5485.6914062500	0.0000000000	23.0772481339	1.9064151100
24	1	58338521781336478	10324198887431388283	7917418432100605037	12611540922527034277	-5485.7294921875	0.0000000000	6.6096058626	25.5953804083
3	34	14093486591111374668	14097627609532728280	3817832098786545721	17255726201155894253	-5485.8012695312	0.0000000000	19.8109048669	3.3243709205
38	4	3887235235952849394	16923322824322317466	15022297255352381446	15587802968890397033	-5485.8237304688	0.0000000000	2.0680306458	16.1522405304
8	25	8992346648558435547	16550426852500463777	7899437158929770146	12874420240792291877	-5485.8637695312	0.0000000000	13.7819719340	6.6382816407
20	12	13355927625687165021	14938178270134821508	1091381951911457172	8135982831513845357	-5485.8696289062	0.0000000000	8.9176924758	10.6844848442
10	19	3715343508190632273	7692821074440121912	2364579666270706927	8596015765450313512	-5485.9399414062	0.0000000000	12.6483198240	9.0050036658
1	33	10324198887431388283	10368442723802325466	4141794234312588555	15764685837317744812	-5485.9814453125	0.0000000000	25.8473335333	3.7509557030
26	17	167167149883495741	429853561211997818	1849318601009475469	16080260764624456790	-5486.0439453125	0.0000000000	6.7284760248	9.8252869900
24	5	58338521781336478	2149484152715392458	6030681651411310980	9012466597928892211	-5486.2353515625	0.0000000000	7.1154652376	16.5123303960
39	20	8936177091956132308	13355927625687165021	10888620507574749094	14797802832360928145	-5486.2412109375	0.0000000000	2.4634899586	9.2892745071
1	31	10324198887431388283	16657069432005198003	4071078056168414937	8175268639984926161	-5486.2651367188	0.0000000000	26.1310249395	4.4962271105
17	46	429853561211997818	7251700801891077616	103362734970083077	12839450136881316331	-5486.3369140625	0.0000000000	10.1182557400	1.3146332749
10	44	3715343508190632273	13956310948762308203	13956310948762308203	15620434579573912626	-5486.3793945312	0.0000000000	13.0877729490	1.5938950796
24	29	58338521781336478	520324629128040228	4445644193299631344	5726212209530808781	-5486.4707031250	0.0000000000	7.3508168001	4.8054199159
37	6	12249581567144989954	16894134299124238804	7464368135637944027	17474865164180751348	-5486.4863281250	0.0000000000	2.9535384341	14.9163438197
15	14	3773740555311062023	12938275795804049604	10697592194262778161	12782864794008270542	-5486.5732421875	0.0000000000	10.4637686832	10.7225421245
30	21	7858847987573124453	15016803418478563936	5321281299048225928	7502275944541853046	-5486.5917968750	0.0000000000	4.8765502615	9.0736024170
46	7	7251700801891077616	15571085747497726625	3471069078048078085	7251700801891077616	-5486.6245117188	0.0000000000	1.6022309312	14.6746561357
33	31	10368442723802325466	16657069432005198003	8572005786287899945	16012583275689385186	-5486.7729492188	0.0000000000	4.5424596093	5.0040396105
6	18	16894134299124238804	17473836722014595788	11631979471204816791	12085244015350253202	-5486.7807617188	0.0000000000	15.2107774134	9.9076520701
1	16	10324198887431388283	12201523437214473668	694481602613718444	10634741590737952051	-5486.7910156250	0.0000000000	26.6569038458	10.6071692113
8	50	8992346648558435547	15516788000137984293	15516788000137984293	16017734594185668601	-5486.8671875000	0.0000000000	14.7853899027	0.1176665996
38	0	3887235235952849394	10667474865877392284	3887235235952849394	6584224290940664689	-5486.9438476562	0.0000000000	3.1881478333	32.0416961754
52	0	8242477299940831062	10667474865877392284	8242477299940831062	17331162627228555168	-5486.9614257812	0.0000000000	0.1547485939	32.0592743004
0	28	10667474865877392284	17027433896387945395	914821883932672111	3203456645094576118	-5487.0405273438	0.0000000000	32.1383758629	6.1225712085
27	4	13931414467280736271	16923322824322317466	4545074987223446764	12817412162611810110	-5487.0410156250	0.0000000000	6.6820405790	17.3695256866
24	14	58338521781336478	12938275795804049604	12600557797410602622	12723697779761167491	-5487.0434570312	0.0000000000	7.9235707064	11.1927569682
50	4	15516788000137984293	16923322824322317466	874422166021363215	15516788000137984293	-5487.0903320312	0.0000000000	0.3408111309	17.4188420929
23	8	8983620928718234954	8992346648558435547	1831542398140403967	4857028250233194587	-5487.1225585938	0.0000000000	8.6233862718	15.0407609965
0	7	10667474865877392284	15571085747497726625	763458839221348879	13825483437272230726	-5487.1640625000	0.0000000000	32.2619110192	15.2142069170
1	44	10324198887431388283	13956310948762308203	11397353376754370446	18182439670472408026	-5487.1738281250	0.0000000000	27.0397163458	2.3883286733
32	11	3303836963991646703	17799708269756447471	1523812919993220753	13910779623576265379	-5487.1772460938	0.0000000000	5.3990524300	13.4086981563
26	32	167167149883495741	3303836963991646703	4879181273884819938	18254368072337581060	-5487.1845703125	0.0000000000	7.8691010248	5.4063766487
1	48	10324198887431388283	11384733198153311516	1404115347590107679	12500073595764003468	-5487.1875000000	0.0000000000	27.0533882208	1.0539037738
14	31	12938275795804049604	16657069432005198003	7014609997394687127	8385829314679441354	-5487.2495117188	0.0000000000	11.3988116557	5.4806021105
33	0	10368442723802325466	10667474865877392284	8148720267267793942	14887951635140547309	-5487.2666015625	0.0000000000	5.0361119530	32.3644500817
8	27	8992346648558435547	13931414467280736271	10831089889843073848	11675256640908980538	-5487.3110351562	0.0000000000	15.2292375590	6.9520601102
27	7	13931414467280736271	15571085747497726625	11675256640908980538	12850544952780786090	-5487.3110351562	0.0000000000	6.9520601102	15.3611795732
26	29	167167149883495741	520324629128040228	5146041835860753914	17474515558649535735	-5487.3154296875	0.0000000000	7.9999603998	5.6501464784
9	6	2439594373950395860	16894134299124238804	8017147733747900757	10804804308702064857	-5487.4296875000	0.0000000000	14.6234671439	15.8597031947
9	0	2439594373950395860	10667474865877392284	5181074341162787451	5412578143858283787	-5487.5317382812	0.0000000000	14.7255179251	32.6295868004
54	11	10494363557995427270	17799708269756447471	10494363557995427270	15396406333439937436	-5487.5366210938	0.0000000000	0.3052452042	13.7680731563
24	33	58338521781336478	10368442723802325466	2851562873545388069	9978908075281270869	-5487.7163085938	0.0000000000	8.5964222689	5.4858189843
30	47	7858847987573124453	11947096545996455153	1196109906009515800	11947096545996455153	-5487.8076171875	0.0000000000	6.0923705740	1.9042070947
46	47	7251700801891077616	11947096545996455153	470925313961991596	5874586644569059852	-5487.8203125000	0.0000000000	2.7980317124	1.9169024072
7	4	15571085747497726625	16923322824322317466	2454074731492100154	9038175370403444914	-5487.9062500000	0.0000000000	15.9563944170	18.2347600616
23	1	8983620928718234954	10324198887431388283	9573185220702621375	11082648392544046808	-5487.9082031250	0.0000000000	9.4090308030	27.7740913458
45	2	10118968526249132794	13107051123224136067	2978916640761888705	3088530651097078975	-5487.9365234375	0.0000000000	2.9535314862	25.3223653214
3	31	14093486591111374668	16657069432005198003	5128585449586626481	14012398399644295571	-5487.9550781250	0.0000000000	21.9647134607	6.1861685167
45	0	10118968526249132794	10667474865877392284	2920225749959384399	16521277044200473235	-5487.9731445312	0.0000000000	2.9901525800	33.0709930504
46	0	7251700801891077616	10667474865877392284	7916328257321822678	8329450540228998715	-5488.0170898438	0.0000000000	2.9948090562	33.1149383629
8	21	8992346648558435547	15016803418478563936	7422463086772926380	11900349610082193113	-5488.0708007812	0.0000000000	15.9890031840	10.5526063232
8	11	8992346648558435547	17799708269756447471	495010329968273850	1523812919993220753	-5488.1484375000	0.0000000000	16.0666399027	14.3798895625
47	7	11947096545996455153	15571085747497726625	470925313961991596	8955546668438686839	-5488.1713867188	0.0000000000	2.2679766259	16.2215311357
9	12	2439594373950395860	14938178270134821508	4930524903496571517	9400979191340573674	-5488.1796875000	0.0000000000	15.3734671439	12.9945434380
32	54	3303836963991646703	10494363557995427270	10494363557995427270	17407455800889185750	-5488.1811523438	0.0000000000	6.4029586800	0.9497764542
59	1	2239142532014743282	10324198887431388283	2239142532014743282	4011327978462277810	-5488.1850585938	0.0000000000	0.1859775336	28.0509468145
51	40	3374397758373242900	15633704558089027375	3374397758373242900	3620975261924700425	-5488.1875000000	0.0000000000	1.4118520536	4.4025088600
29	6	520324629128040228	16894134299124238804	8039250990737667789	9645508232976525900	-5488.1948242188	0.0000000000	6.5295410097	16.6248399134
35	38	1374669322539188936	3887235235952849394	11762357865361522839	13080479633969584948	-5488.3364257812	0.0000000000	5.6713224955	4.5807259583
35	50	1374669322539188936	15516788000137984293	8324579552062154086	15516788000137984293	-5488.3378906250	0.0000000000	5.6727873392	1.5883697246
8	1	8992346648558435547	10324198887431388283	3931276010584658067	15981267102117101498	-5488.3666992188	0.0000000000	16.2849016215	28.2325874395
35	30	1374669322539188936	7858847987573124453	2879085724188051124	6306415850222209188	-5488.4365234375	0.0000000000	5.7714201517	6.7212768240
51	4	3374397758373242900	16923322824322317466	3374397758373242900	15477006450947651134	-5488.5156250000	0.0000000000	1.7399770536	18.8441350616
5	3	2149484152715392458	14093486591111374668	7776823869876132734	11320959264101065947	-5488.8115234375	0.0000000000	19.0885022710	22.8211587732
20	3	13355927625687165021	14093486591111374668	11536539071230112507	12519151469844495153	-5488.8276367188	0.0000000000	11.8757002883	22.8372720544
43	4	9188283139325803671	16923322824322317466	9188283139325803671	14475794118008775876	-5488.8974609375	0.0000000000	4.1445026338	19.2259709991
10	41	3715343508190632273	4688636836818565261	15981126801173422833	17981263625423501414	-5488.9238281250	0.0000000000	15.6322065427	4.4172000342
9	36	2439594373950395860	10369745369462594300	14302338766104064942	17905757156003812290	-5488.9287109375	0.0000000000	16.1224905814	6.1788246962
26	3	167167149883495741	14093486591111374668	8506147271837647835	18331507793522583175	-5488.9482421875	0.0000000000	9.6327728998	22.9578775232
57	37	9692447327446626127	12249581567144989954	9963860342394425215	13429602108694930726	-5488.9609375000	0.0000000000	1.1302139800	5.4281478091
24	31	58338521781336478	16657069432005198003	7181314423248757715	13837140462529894431	-5489.0034179688	0.0000000000	9.8835316439	7.2345083605
16	2	12201523437214473668	13107051123224136067	6353801381713424466	6391200803557866011	-5489.0136718750	0.0000000000	12.8298254613	26.3995137589
5	9	2149484152715392458	2439594373950395860	9245585356019793092	10804804308702064857	-5489.0263671875	0.0000000000	19.3033460210	16.2201468314
10	6	3715343508190632273	16894134299124238804	13434757714153953447	16442623874148328172	-5489.0932617188	0.0000000000	15.8016401365	17.5232774134
17	0	429853561211997818	10667474865877392284	5264404578808703876	17757399706654965433	-5489.1113281250	0.0000000000	12.8926698025	34.2091766442
46	8	7251700801891077616	8992346648558435547	3074829404129112547	7916328257321822678	-5489.1630859375	0.0000000000	4.1408051499	17.0812883402
15	2	3773740555311062023	13107051123224136067	12351518147252849711	16136386364067879127	-5489.2309570312	0.0000000000	13.1214835269	26.6167989151
15	3	3773740555311062023	14093486591111374668	8721042648665014861	16136386364067879127	-5489.2309570312	0.0000000000	13.1214835269	23.2405923669
17	25	429853561211997818	16550426852500463777	13535818483269831638	17140759768837828264	-5489.4257812500	0.0000000000	13.2071229275	10.2002933594
29	11	520324629128040228	17799708269756447471	8084441572866149703	12741335097491858390	-5489.5375976562	0.0000000000	7.8723144472	15.7690497188
5	37	2149484152715392458	12249581567144989954	387645084453585141	10937613819408425914	-5489.5517578125	0.0000000000	19.8287366460	6.0189681216
9	8	2439594373950395860	8992346648558435547	3201066888229225923	9588127746811730097	-5489.5786132812	0.0000000000	16.7723929251	17.4968156840
2	7	13107051123224136067	15571085747497726625	794994387532598331	14812618886103486492	-5489.5869140625	0.0000000000	26.9727559464	17.6370584795
1	53	10324198887431388283	15405698928020597209	10836185904482351022	11525426653941079052	-5489.6298828125	0.0000000000	29.4957710333	2.7328924627
30	4	7858847987573124453	16923322824322317466	6306415850222209188	16032438609431880214	-5489.6606445312	0.0000000000	7.9453979177	19.9891545929
17	43	429853561211997818	9188283139325803671	3810405451007200424	15708304652600919139	-5489.7651367188	0.0000000000	13.5464783963	5.0121784150
0	53	10667474865877392284	15405698928020597209	10836185904482351022	11123974854474088934	-5489.8750000000	0.0000000000	34.9728485192	2.9780096502
62	6	7011268860006268306	16894134299124238804	7011268860006268306	12428152583585788457	-5489.8901367188	0.0000000000	0.1077637554	18.3201524134
8	28	8992346648558435547	17027433896387945395	2308343233626057256	11864598309198157479	-5490.0361328125	0.0000000000	17.9543352152	9.1181766773
17	2	429853561211997818	13107051123224136067	1673073164397372362	12897411159257850833	-5490.0771484375	0.0000000000	13.8584901150	27.4629903214
0	11	10667474865877392284	17799708269756447471	238668800228029693	13826828448845456114	-5490.1328125000	0.0000000000	35.2306610192	16.3642645625
35	8	1374669322539188936	8992346648558435547	1374669322539188936	9404046246705211032	-5490.3193359375	0.0000000000	7.6542326517	18.2375383402
29	37	520324629128040228	12249581567144989954	8818578158799766707	14337133658537778731	-5490.3271484375	0.0000000000	8.6618652284	6.7943587466
14	7	12938275795804049604	15571085747497726625	6792999819740345442	18057429923911546789	-5490.3735351562	0.0000000000	14.5228350932	18.4236795732
0	47	10667474865877392284	11947096545996455153	470925313961991596	9214420914864662400	-5490.4389648438	0.0000000000	35.5368133629	4.5355547509
57	54	9692447327446626127	10494363557995427270	996591636112179430	12807745110999371812	-5490.5185546875	0.0000000000	2.6878311675	3.2871787979
26	7	167167149883495741	15571085747497726625	13722452995443286079	13806925663207299616	-5490.5375976562	0.0000000000	11.2221283685	18.5877420732
9	56	2439594373950395860	11357898340897756903	3849120590531911567	13089946191564342914	-5490.5991210938	0.0000000000	17.7929007376	2.7789318172
55	11	11851817067206489169	17799708269756447471	11851817067206489169	12930339741956984900	-5490.6499023438	0.0000000000	3.0427570594	16.8813544063
17	4	429853561211997818	16923322824322317466	241750560357874594	15351568217996986954	-5490.6738281250	0.0000000000	14.4551698025	21.0023381866
25	6	16550426852500463777	16894134299124238804	404312247696021560	2550458106278424454	-5490.6923828125	0.0000000000	11.4668949219	19.1223985072
23	3	8983620928718234954	14093486591111374668	11777448832720643168	16753583268771538224	-5490.7758789062	0.0000000000	12.2767065843	24.7855142419
62	16	7011268860006268306	12201523437214473668	5240936909990294778	7011268860006268306	-5490.8354492188	0.0000000000	1.0530762554	14.6516028051
61	6	2173314438107378563	16894134299124238804	938279873551312712	17218365920817982137	-5490.9306640625	0.0000000000	2.1576390788	19.3606797572
60	1	230773126182757894	10324198887431388283	4628943560386702752	17828769381016007346	-5490.9467773438	0.0000000000	2.7521362584	30.8126655645
60	61	230773126182757894	2173314438107378563	4628943560386702752	5481392921958107638	-5490.9467773438	0.0000000000	2.7521362584	2.1737523601
5	0	2149484152715392458	10667474865877392284	728491745190946850	17927850251643117734	-5491.0170898438	0.0000000000	21.2940686772	36.1149383629
48	53	11384733198153311516	15405698928020597209	11732487254127819056	15405698928020597209	-5491.0356445312	0.0000000000	4.9020483051	4.1386541814
0	18	10667474865877392284	17473836722014595788	6845733516614834647	9185537432243438987	-5491.1142578125	0.0000000000	36.2121063317	14.2411481638
58	13	4138555004563608843	10079227655342552495	13519995284820616421	16027170968293579863	-5491.1313476562	0.0000000000	3.1679395359	15.3857106092
3	18	14093486591111374668	17473836722014595788	4612937190800109448	8721042648665014861	-5491.1372070312	0.0000000000	25.1468423669	14.2640973826
29	63	520324629128040228	1399070161628260596	1399070161628260596	7920672979216718730	-5491.1469726562	0.0000000000	9.4816894472	0.9858625760
35	11	1374669322539188936	17799708269756447471	1763983231942686378	13326051737593882221	-5491.1513671875	0.0000000000	8.4862639017	17.3828192500
32	13	3303836963991646703	10079227655342552495	5639140261410261672	17882020967289180360	-5491.2080078125	0.0000000000	9.4298141487	15.4623707655
51	2	3374397758373242900	13107051123224136067	3374397758373242900	13300700927614205317	-5491.2705078125	0.0000000000	4.4948598661	28.6563496964
25	31	16550426852500463777	16657069432005198003	5075868607773724664	5809455120983250131	-5491.2719726562	0.0000000000	12.0464847657	9.5030630480
0	16	10667474865877392284	12201523437214473668	6118738622551964824	6353801381713424466	-5491.2768554688	0.0000000000	36.3747039879	15.0930090551
39	7	8936177091956132308	15571085747497726625	930358257789956920	6344885904046541260	-5491.3110351562	0.0000000000	7.5333141773	19.3611795732
39	43	8936177091956132308	9188283139325803671	930358257789956920	1233074659540682727	-5491.3110351562	0.0000000000	7.5333141773	6.5580768525
51	8	3374397758373242900	8992346648558435547	10833472098490319866	12348687323217860619	-5491.3696289062	0.0000000000	4.5939809599	19.2878313090
61	1	2173314438107378563	10324198887431388283	2173314438107378563	4226010345629615707	-5491.4091796875	0.0000000000	2.6361547038	31.2750679083
51	27	3374397758373242900	13931414467280736271	1241901352193733600	10833472098490319866	-5491.4360351562	0.0000000000	4.6603872099	11.0770601102
12	40	14938178270134821508	15633704558089027375	1357952042900487263	14809556633494555838	-5491.5190429688	0.0000000000	16.3338989067	7.7340518288
9	14	2439594373950395860	12938275795804049604	137532322679217699	3958816703088471339	-5491.5361328125	0.0000000000	18.7299124564	15.6854327495
29	16	520324629128040228	12201523437214473668	6255806278890706107	14776114152931279621	-5491.6557617188	0.0000000000	9.9904785097	15.4719153051
58	55	4138555004563608843	11851817067206489169	5556481707007377666	10729623081908687625	-5491.6791992188	0.0000000000	3.7157910984	4.0720539344
0	14	10667474865877392284	12938275795804049604	5398325938991933639	6589530415928721775	-5491.6923828125	0.0000000000	36.7902313317	15.8416827495
60	49	230773126182757894	7823186920941671451	11088753455920817106	17464036567573845965	-5491.7343750000	0.0000000000	3.5397339147	5.2115448974
42	2	6149821055044103313	13107051123224136067	6186638682026060143	7913780205256896421	-5491.7514648438	0.0000000000	7.2190169832	29.1373067276
31	28	16657069432005198003	17027433896387945395	8133084206722871779	12320827850501629857	-5491.8100585938	0.0000000000	10.0411489855	10.8921024585
32	31	3303836963991646703	16657069432005198003	8595966711680169756	17138933776856441054	-5491.8837890625	0.0000000000	10.1055953987	10.1148794542
8	3	8992346648558435547	14093486591111374668	1498718956262626265	7944764326519897818	-5491.9067382812	0.0000000000	19.8249406840	25.9163736169
49	56	7823186920941671451	11357898340897756903	16702821116287591761	18418633987711271449	-5491.9736328125	0.0000000000	5.4508027099	4.1534435359
17	51	429853561211997818	3374397758373242900	6642621500741900037	16797181976454658232	-5492.0908203125	0.0000000000	15.8721619900	5.3151723661
19	34	7692821074440121912	14097627609532728280	7525264336183125061	11008979989254545741	-5492.1127929688	0.0000000000	15.1778552283	9.6358943580
37	25	12249581567144989954	16550426852500463777	8370113208894365780	15057601409248159438	-5492.1923828125	0.0000000000	8.6595931216	12.9668949219
1	56	10324198887431388283	11357898340897756903	5102245710724708255	14252168969708360363	-5492.1982421875	0.0000000000	32.0641304083	4.3780529109
41	19	4688636836818565261	7692821074440121912	772663047433562064	11022790972955188278	-5492.2080078125	0.0000000000	7.7013797217	15.2730700721
0	65	10667474865877392284	15378060113354634737	2255519114668777887	15378060113354634737	-5492.2988281250	0.0000000000	37.3966766442	0.6792293036
35	0	1374669322539188936	10667474865877392284	2970525024162724243	18093870508459015382	-5492.3505859375	0.0000000000	9.6854826517	37.4484344567
15	0	3773740555311062023	10667474865877392284	4722855922956073575	7507115664850526975	-5492.3623046875	0.0000000000	16.2528311832	37.4601532067
24	64	58338521781336478	9696301458210436234	9696301458210436234	15910848776986984357	-5492.3803710938	0.0000000000	13.2604847689	1.9437872177
67	57	303163103940296667	9692447327446626127	6309032440146650112	17155554251701250681	-5492.3925781250	0.0000000000	0.5874525802	4.5618546050
17	50	429853561211997818	15516788000137984293	3352757006035342817	7756498391538498169	-5492.4116210938	0.0000000000	16.1929627713	5.6621001934
30	44	7858847987573124453	13956310948762308203	2907131298543501578	11008981428714075050	-5492.4296875000	0.0000000000	10.7144408865	7.6441880483
1	37	10324198887431388283	12249581567144989954	12436615533227544761	14019479525963287470	-5492.4384765625	0.0000000000	32.3043647833	8.9056868716
71	0	2579019396016879642	10667474865877392284	2579019396016879642	2734646555860237546	-5492.5175781250	0.0000000000	0.0227361852	37.6154266442
34	50	14097627609532728280	15516788000137984293	2678704766929573394	15516788000137984293	-5492.5253906250	0.0000000000	10.0484920143	5.7758697246
3	28	14093486591111374668	17027433896387945395	11818418204444067057	17578385438900397596	-5492.5390625000	0.0000000000	26.5486978357	11.6211063648
71	2	2579019396016879642	13107051123224136067	2579019396016879642	16619126014782749779	-5492.5429687500	0.0000000000	0.0481268102	29.9288106339
63	25	1399070161628260596	16550426852500463777	2746096190661130192	9174932661237946974	-5492.5712890625	0.0000000000	2.4101789822	13.3458011719
0	48	10667474865877392284	11384733198153311516	4386176799571331364	7969811197643845280	-5492.5888671875	0.0000000000	37.6867157067	6.4552709613
1	12	10324198887431388283	14938178270134821508	2778486806623583204	6401801639047099452	-5492.6967773438	0.0000000000	32.5626655645	17.5116332817
25	11	16550426852500463777	17799708269756447471	6730685053768990914	8084441572866149703	-5492.7133789062	0.0000000000	13.4878910157	18.9448309688
7	66	15571085747497726625	18431247209864649693	1895460126850822138	18431247209864649693	-5492.7167968750	0.0000000000	20.7669412920	0.9476455543
30	8	7858847987573124453	8992346648558435547	3840819004934212441	15335523211981581022	-5492.8642578125	0.0000000000	11.1490111990	20.7824602152
32	23	3303836963991646703	8983620928718234954	1026614484853531290	6866058292541885204	-5492.8715820312	0.0000000000	11.0933883675	14.3724097093
51	20	3374397758373242900	13355927625687165021	4643277570246583998	10228764626189614652	-5492.9057617188	0.0000000000	6.1301137724	15.9538252883
24	3	58338521781336478	14093486591111374668	331963291117167887	14643509387065497823	-5492.9677734375	0.0000000000	13.8478871126	26.9774087732
32	3	3303836963991646703	14093486591111374668	10168403410715468022	12450918302754810462	-5493.1088867188	0.0000000000	11.3306930550	27.1185220544
17	40	429853561211997818	15633704558089027375	5738251182392000798	6307532046533945689	-5493.1645507812	0.0000000000	16.9458924588	9.3795596413
37	3	12249581567144989954	14093486591111374668	4640208827230272751	13549318591612932011	-5493.1748046875	0.0000000000	9.6420149966	27.1844400232
5	16	2149484152715392458	12201523437214473668	3894413055918254177	4702330250510540331	-5493.2124023438	0.0000000000	23.4893811772	17.0285559301
26	31	167167149883495741	16657069432005198003	1517079047621175190	8517959485136277998	-5493.2299804688	0.0000000000	13.9145111810	11.4610708605
54	4	10494363557995427270	16923322824322317466	548271659142834468	4091485321755363182	-5493.3115234375	0.0000000000	6.0801475479	23.6400334991
54	12	10494363557995427270	14938178270134821508	548271659142834468	11591569538511550990	-5493.3115234375	0.0000000000	6.0801475479	18.1263793755
67	37	303163103940296667	12249581567144989954	2288406410616490659	13284420626535501491	-5493.3813476562	0.0000000000	1.5762221115	9.8485579654
3	21	14093486591111374668	15016803418478563936	11858180916922638151	13538222165418966335	-5493.3964843750	0.0000000000	27.4061197107	15.8782899170
49	45	7823186920941671451	10118968526249132794	5461792735203990744	15998536444024828970	-5493.4047851562	0.0000000000	6.8819550536	8.4217932050
61	49	2173314438107378563	7823186920941671451	2079319188725599746	13806180613790619891	-5493.4160156250	0.0000000000	4.6429906413	6.8931855224
3	25	14093486591111374668	16550426852500463777	2670836695602469750	5627024547246225438	-5493.4506835938	0.0000000000	27.4603189294	14.2251957032
31	11	16657069432005198003	17799708269756447471	16606010398567409636	16833475108645478486	-5493.4960937500	0.0000000000	11.7271841417	19.7275458125
25	28	16550426852500463777	17027433896387945395	841393515340594761	4730210868534763812	-5493.5219726562	0.0000000000	14.2964847657	12.6040165210
60	5	230773126182757894	2149484152715392458	2346597478665962492	5214824807218906399	-5493.5253906250	0.0000000000	5.3307495397	23.8023694585
64	16	9696301458210436234	12201523437214473668	456199426555640840	7971763458502119992	-5493.5380859375	0.0000000000	3.1015020615	17.3542395238
65	4	15378060113354634737	16923322824322317466	2424988646781694286	15378060113354634737	-5493.5458984375	0.0000000000	1.9262996161	23.8744084991
29	32	520324629128040228	3303836963991646703	17315577701069488608	17944653487916703622	-5493.5664062500	0.0000000000	11.9011230409	11.7882125862
67	11	303163103940296667	17799708269756447471	303163103940296667	1265094223540015328	-5493.6127929688	0.0000000000	1.8076674240	19.8442450313
9	68	2439594373950395860	13171866292654863094	3475921102902801011	13607832308755645590	-5493.6303710938	0.0000000000	20.8241507376	1.6619179913
29	3	520324629128040228	14093486591111374668	1835961422110974902	9140850487307317047	-5493.6376953125	0.0000000000	11.9724121034	27.6473306482
38	55	3887235235952849394	11851817067206489169	13878322867526562304	14130547058015161433	-5493.6459960938	0.0000000000	9.8902962708	6.0388508094
47	21	11947096545996455153	15016803418478563936	8174246221663654387	11934480593209407490	-5493.6596679688	0.0000000000	7.7562578759	16.1414735107
69	53	2087039987532444631	15405698928020597209	2363666754822325051	4933671920997768922	-5493.6699218750	0.0000000000	1.6836208578	6.7729315252
35	21	1374669322539188936	15016803418478563936	2970525024162724243	3690161858566464485	-5493.6801757812	0.0000000000	11.0150724955	16.1619813232
15	57	3773740555311062023	9692447327446626127	10018363334946147148	15550289299152729852	-5493.6894531250	0.0000000000	17.5799796207	5.8587296050
7	25	15571085747497726625	16550426852500463777	2360208931387811826	11322232831071984420	-5493.7397460938	0.0000000000	21.7898905107	14.5142582032
9	48	2439594373950395860	11384733198153311516	4399619991229488978	9674220138651660671	-5493.7504882812	0.0000000000	20.9442679251	7.6168920551
13	4	10079227655342552495	16923322824322317466	157058291796505222	1890895726770618760	-5493.8076171875	0.0000000000	18.0619801405	24.1361272491
50	7	15516788000137984293	15571085747497726625	157959873423640569	17470870926701846826	-5493.8134765625	0.0000000000	7.0639556621	21.8636209795
67	54	303163103940296667	10494363557995427270	13766988645854054864	17155554251701250681	-5493.8779296875	0.0000000000	2.0728041427	6.6465537979
29	33	520324629128040228	10368442723802325466	9694808332206912367	11759671479434027591	-5493.8945312500	0.0000000000	12.2292480409	11.6640416405
33	11	10368442723802325466	17799708269756447471	8378082599436022531	11759671479434027591	-5493.8945312500	0.0000000000	11.6640416405	20.1259833125
29	70	520324629128040228	1592214687186736870	2783284965731351606	2867208725266071913	-5493.9243164062	0.0000000000	12.2590331972	1.8531917009
71	19	2579019396016879642	7692821074440121912	2579019396016879642	11889292494278826720	-5493.9970703125	0.0000000000	1.5022283727	17.0621325721
39	40	8936177091956132308	15633704558089027375	596451155750166427	7974399157181261966	-5493.9995117188	0.0000000000	10.2217907398	10.2145205788
58	80	4138555004563608843	11254879324197340454	8463902872149222150	11254879324197340454	-5494.0205078125	0.0000000000	6.0570996921	0.0492276277
50	66	15516788000137984293	18431247209864649693	14897561394206817123	17470870926701846826	-5494.1274414062	0.0000000000	7.3779205059	2.3582900855
43	3	9188283139325803671	14093486591111374668	5219728470128370201	11546146589982344204	-5494.1347656250	0.0000000000	9.3818073213	28.1444009607
32	57	3303836963991646703	9692447327446626127	3150373649720840072	17518928131032491483	-5494.1440429688	0.0000000000	12.3658493050	6.3133194488
57	25	9692447327446626127	16550426852500463777	16950146818825423187	17518928131032491483	-5494.1440429688	0.0000000000	6.3133194488	14.9185550782
15	23	3773740555311062023	8983620928718234954	2653581640752360432	17622634643789472139	-5494.1718750000	0.0000000000	18.0624014957	15.6727026780
0	27	10667474865877392284	13931414467280736271	284203969839942677	8546349799616414511	-5494.2036132812	0.0000000000	39.3014618004	13.8446382352
19	47	7692821074440121912	11947096545996455153	6127715324249827499	13799593897167787257	-5494.2612304688	0.0000000000	17.3262927283	8.3578203759
0	56	10667474865877392284	11357898340897756903	14866471008333804572	17460539426156609159	-5494.2836914062	0.0000000000	39.3815399254	6.4635021297
21	50	15016803418478563936	15516788000137984293	980855377268750836	11124345571115648451	-5494.2929687500	0.0000000000	16.7747742920	7.5434478496
26	23	167167149883495741	8983620928718234954	1026614484853531290	6103191564320867706	-5494.3256835938	0.0000000000	15.0102143060	15.8265112718
51	11	3374397758373242900	17799708269756447471	6535103297331574149	6774830451969924670	-5494.3461914062	0.0000000000	7.5705434599	20.5776434688
60	17	230773126182757894	429853561211997818	1938618683136391984	12491604497130725519	-5494.3505859375	0.0000000000	6.1559448522	18.1319276150
17	32	429853561211997818	3303836963991646703	6594283789580292965	12244772846583271576	-5494.3872070312	0.0000000000	18.1685487088	12.6090133675
1	3	10324198887431388283	14093486591111374668	9337689862674537026	15145905082765859558	-5494.3984375000	0.0000000000	34.2643257208	28.4080728357
0	40	10667474865877392284	15633704558089027375	1357952042900487263	12746985513835880983	-5494.4238281250	0.0000000000	39.5216766442	10.6388369850
51	12	3374397758373242900	14938178270134821508	5789637303522432168	10833472098490319866	-5494.4296875000	0.0000000000	7.6540395536	19.2445434380
73	19	541435687269551760	7692821074440121912	541435687269551760	1260827650379313085	-5494.4663085938	0.0000000000	1.6932683720	17.5313708533
29	31	520324629128040228	16657069432005198003	253443886276918878	9010485753263719771	-5494.4868164062	0.0000000000	12.8215331972	12.7179067980
37	40	12249581567144989954	15633704558089027375	15725092214938196104	17065710513001900637	-5494.6049804688	0.0000000000	11.0721907779	10.8199893288
57	11	9692447327446626127	17799708269756447471	13429602108694930726	16144334498876101806	-5494.6352539062	0.0000000000	6.8045303863	20.8667059688
17	81	429853561211997818	3175835436065505467	3175835436065505467	9922242051224415967	-5494.6606445312	0.0000000000	18.4419862088	0.1375701174
22	54	3990398796172833387	10494363557995427270	304128134588267626	12301070490894335077	-5494.7397460938	0.0000000000	16.8315315316	7.5083702042
69	19	2087039987532444631	7692821074440121912	13226588915103456159	15476389566478231766	-5494.7807617188	0.0000000000	2.7944607015	17.8458239783
29	1	520324629128040228	10324198887431388283	15156171907515663982	15832553293772338004	-5494.8032226562	0.0000000000	13.1379394472	34.6691108770
51	37	3374397758373242900	12249581567144989954	655134738553615588	5888783912525814808	-5494.8032226562	0.0000000000	8.0275747099	11.2704329654
30	50	7858847987573124453	15516788000137984293	13425012573280672715	18075909319525586012	-5494.8413085938	0.0000000000	13.1260619802	8.0917876934
32	56	3303836963991646703	11357898340897756903	7253352232249772044	17937390497813064249	-5494.8867187500	0.0000000000	13.1085250862	7.0665294734
74	1	279844733889261352	10324198887431388283	2421934799336356500	9330606995272974932	-5494.9145507812	0.0000000000	1.9521143691	34.7804390020
46	2	7251700801891077616	13107051123224136067	2187060851416975501	13280700251600171837	-5494.9482421875	0.0000000000	9.9259613999	32.3340840714
1	25	10324198887431388283	16550426852500463777	684468916907163818	14151100234858062995	-5495.0185546875	0.0000000000	34.8844429083	15.7930667969
10	55	3715343508190632273	11851817067206489169	924486492953622464	13596927505977910819	-5495.0209960938	0.0000000000	21.7293745115	7.4138508094
61	44	2173314438107378563	13956310948762308203	3072207712447137799	13962014855202909684	-5495.0468750000	0.0000000000	6.2738500163	10.2613755483
54	37	10494363557995427270	12249581567144989954	11985011984094791348	16076856504668436404	-5495.0478515625	0.0000000000	7.8164756729	11.5150618716
9	28	2439594373950395860	17027433896387945395	8170463781560382801	18076128132966883833	-5495.0541992188	0.0000000000	22.2479788626	14.1362430835
63	62	1399070161628260596	7011268860006268306	3149456736426154898	7186421369658543393	-5495.0620117188	0.0000000000	4.9009016385	5.2796387554
47	2	11947096545996455153	13107051123224136067	6084478070195367893	16015104741214008275	-5495.0898437500	0.0000000000	9.1864336572	32.4756856339
14	28	12938275795804049604	17027433896387945395	1471572064589565667	12703499740520263608	-5495.0966796875	0.0000000000	19.2459796245	14.1787235523
10	53	3715343508190632273	15405698928020597209	4374637937608877499	6340836650198135607	-5495.2065429688	0.0000000000	21.9149213865	8.3095526189
79	48	2501211020233769820	11384733198153311516	7007588636705997176	17620206913313883027	-5495.2680664062	0.0000000000	1.6855461425	9.1344701801
43	66	9188283139325803671	18431247209864649693	2408411026305449829	14569674947142133214	-5495.2861328125	0.0000000000	10.5331745088	3.5169814918
60	7	230773126182757894	15571085747497726625	1075382847070710143	11990753466986849971	-5495.3188476562	0.0000000000	7.1242065709	23.3689920732
1	68	10324198887431388283	13171866292654863094	12599334566937361626	16811709506121492282	-5495.3515625000	0.0000000000	35.2174507208	3.3831093975
49	1	7823186920941671451	10324198887431388283	7837433711685345234	13109021540835224946	-5495.3574218750	0.0000000000	8.8345917724	35.2233100958
9	54	2439594373950395860	10494363557995427270	3385850042272930755	13636812071638205677	-5495.3632812500	0.0000000000	22.5570608939	8.1319053604
21	7	15016803418478563936	15571085747497726625	7435211745964953762	8174246221663654387	-5495.3676757812	0.0000000000	17.8494813232	23.4178201982
17	31	429853561211997818	16657069432005198003	2587183966478512336	17395667219641787890	-5495.3730468750	0.0000000000	19.1543885525	13.6041372667
20	18	13355927625687165021	17473836722014595788	17193892740494110287	17645622423964953490	-5495.3774414062	0.0000000000	18.4255049758	18.5043317576
41	0	4688636836818565261	10667474865877392284	807948279550092642	16620518157803707728	-5495.4531250000	0.0000000000	10.9464969092	40.5509735192
76	3	2747588696662623730	14093486591111374668	3934409109048760876	9085364589756155978	-5495.5122070312	0.0000000000	2.0274765798	29.5218423669
60	6	230773126182757894	16894134299124238804	5106445719086851578	15765214873099624399	-5495.5170898438	0.0000000000	7.3224487584	23.9471055384
49	7	7823186920941671451	15571085747497726625	7115272510734035376	11572708901959454432	-5495.5175781250	0.0000000000	8.9947480224	23.5677225420
38	30	3887235235952849394	7858847987573124453	8003314821106159062	8828040827403032252	-5495.5234375000	0.0000000000	11.7677376770	13.8081908865
3	4	14093486591111374668	16923322824322317466	1973487050874602043	13571268413704201304	-5495.5864257812	0.0000000000	29.5960611169	25.9149358429
73	2	541435687269551760	13107051123224136067	8383066683358751206	13299920742710886949	-5495.5947265625	0.0000000000	2.8216863408	32.9805684464
47	66	11947096545996455153	18431247209864649693	7657714155186446423	15173280284989611592	-5495.6777343750	0.0000000000	9.7743242822	3.9085830543
63	6	1399070161628260596	16894134299124238804	10411445284753311074	16318421988121840500	-5495.7167968750	0.0000000000	5.5556867947	24.1468125697
16	7	12201523437214473668	15571085747497726625	3037117834987186580	17330023497096398082	-5495.7309570312	0.0000000000	19.5471106176	23.7811014482
45	3	10118968526249132794	14093486591111374668	9620184347753536575	16322295250449755935	-5495.7587890625	0.0000000000	10.7757971112	29.7684243982
57	4	9692447327446626127	16923322824322317466	3315824905402627776	14299193940194035171	-5495.7763671875	0.0000000000	7.9456436675	26.1048772491
24	69	58338521781336478	2087039987532444631	4029954860154691049	5767888600754034739	-5495.7792968750	0.0000000000	16.6594105501	3.7929958578
82	6	13012805549261864440	16894134299124238804	5515813220303773493	13012805549261864440	-5495.8007812500	0.0000000000	0.4497286155	24.2307969447
42	21	6149821055044103313	15016803418478563936	255977375561116274	6865316653359164989	-5495.8349609375	0.0000000000	11.3025130769	18.3167664795
46	30	7251700801891077616	7858847987573124453	169303605782888425	8988539821847353311	-5495.8720703125	0.0000000000	10.8497895249	14.1568236990
30	1	7858847987573124453	10324198887431388283	6441232354562699133	8828040827403032252	-5495.9755859375	0.0000000000	14.2603393240	35.8414741583
65	7	15378060113354634737	15571085747497726625	1740008629045002106	6424325378956523457	-5495.9897460938	0.0000000000	4.3701472724	24.0398905107
49	25	7823186920941671451	16550426852500463777	6648779160295159898	12757474500317545648	-5495.9941406250	0.0000000000	9.4713105224	16.7686527344
74	64	279844733889261352	9696301458210436234	2391921733347897730	18041390253264425770	-5496.0224609375	0.0000000000	3.0600245254	5.5858770615
0	83	10667474865877392284	13586099871725120471	7478964106131370648	10065449856682911311	-5496.0288085938	0.0000000000	41.1266571129	0.6775337704
49	16	7823186920941671451	12201523437214473668	7071522032486858093	16323348748494851203	-5496.0346679688	0.0000000000	9.5118378661	19.8508215551
39	6	8936177091956132308	16894134299124238804	15790168209956361953	17959191265544265885	-5496.1118164062	0.0000000000	12.3340954273	24.5418321009
56	28	11357898340897756903	17027433896387945395	11952941719748114165	13251170109914472771	-5496.1220703125	0.0000000000	8.3018810359	15.2041141773
29	61	520324629128040228	2173314438107378563	938279873551312712	16942283177797146465	-5496.1323242188	0.0000000000	14.4670410097	7.3592992351
9	57	2439594373950395860	9692447327446626127	996591636112179430	14500785367477080822	-5496.1469726562	0.0000000000	23.3407523001	8.3162491363
5	61	2149484152715392458	2173314438107378563	3680944650655950291	15913487010340155314	-5496.1704101562	0.0000000000	26.4473889897	7.3973851726
26	16	167167149883495741	12201523437214473668	11712115479921089749	18264622892862216218	-5496.1894531250	0.0000000000	16.8739838373	20.0056067113
5	79	2149484152715392458	2501211020233769820	1859171203028720645	6489286041150024815	-5496.2202148438	0.0000000000	26.4971936772	2.6376945800
13	31	10079227655342552495	16657069432005198003	2426336089513305240	18301764082652873590	-5496.2495117188	0.0000000000	20.5038746717	14.4806021105
69	72	2087039987532444631	8503372235075209266	11182613484664943368	17103738080229796512	-5496.2514648438	0.0000000000	4.2651638265	3.6244823455
72	53	8503372235075209266	15405698928020597209	11182613484664943368	17944268696474428512	-5496.2514648438	0.0000000000	3.6244823455	9.3544744939
43	2	9188283139325803671	13107051123224136067	954976222279505793	3520119186261996121	-5496.2573242188	0.0000000000	11.5043659150	33.6431661026
36	48	10369745369462594300	11384733198153311516	5926686429110033197	16110365233602595577	-5496.2802734375	0.0000000000	13.5303871962	10.1466772113
59	44	2239142532014743282	13956310948762308203	7619332613231899070	12994289051074819332	-5496.2856445312	0.0000000000	8.2865634711	11.5001450796
33	78	10368442723802325466	14809137665620150592	13025252412002897387	14809137665620150592	-5496.3388671875	0.0000000000	14.1083775780	2.7699423012
1	82	10324198887431388283	13012805549261864440	3927013129029438876	18181009668422925521	-5496.3432617188	0.0000000000	36.2091499395	0.9922090843
0	78	10667474865877392284	14809137665620150592	5646238613122196639	14809137665620150592	-5496.3447265625	0.0000000000	41.4425750817	2.7758016762
44	11	13956310948762308203	17799708269756447471	7822805364804729258	14804677793305085648	-5496.3476562500	0.0000000000	11.5621567983	22.5791083125
77	75	7437397082061112758	14608757246259334758	1720797748201512241	11592619752990817666	-5496.3540039062	0.0000000000	2.8463264607	3.2509847197
76	2	2747588696662623730	13107051123224136067	12994924344441435495	18423842139261113988	-5496.4506835938	0.0000000000	2.9659531423	33.8365254776
76	13	2747588696662623730	10079227655342552495	15939764052862119156	18423842139261113988	-5496.4506835938	0.0000000000	2.9659531423	20.7050465467
33	16	10368442723802325466	12201523437214473668	6273576221199263090	17266539179890131200	-5496.4511718750	0.0000000000	14.2206822655	20.2673254613
59	0	2239142532014743282	10667474865877392284	2834591200776605252	8057362727490141142	-5496.4633789062	0.0000000000	8.4642978461	41.5612274254
76	45	2747588696662623730	10118968526249132794	2747588696662623730	12052061185490375847	-5496.4672851562	0.0000000000	2.9825547048	11.4842932050
52	1	8242477299940831062	10324198887431388283	1103232227403656225	8488613030540164408	-5496.4814453125	0.0000000000	9.6747681251	36.3473335333
70	25	1592214687186736870	16550426852500463777	1592214687186736870	12004301409310558278	-5496.4995117188	0.0000000000	4.4283870134	17.2740238282
10	38	3715343508190632273	3887235235952849394	13206693647458259415	13596927505977910819	-5496.5043945312	0.0000000000	23.2127729490	12.7486947083
13	54	10079227655342552495	10494363557995427270	3422756205090915901	17559228372304664291	-5496.5068359375	0.0000000000	20.7611988905	9.2754600479
22	1	3990398796172833387	10324198887431388283	10370218997706332886	15940870084668043612	-5496.5322265625	0.0000000000	18.6240120004	36.3981147833
69	77	2087039987532444631	7437397082061112758	7437397082061112758	12979839583483719349	-5496.5380859375	0.0000000000	4.5517849203	3.0304084919
49	6	7823186920941671451	16894134299124238804	3697181079069760640	6922084194336073249	-5496.5966796875	0.0000000000	10.0738495849	25.0266953822
33	6	10368442723802325466	16894134299124238804	1962361502232247112	12643302067815293827	-5496.6162109375	0.0000000000	14.3857213280	25.0462266322
48	68	11384733198153311516	13171866292654863094	9080891583432906070	11831298836054360197	-5496.6372070312	0.0000000000	10.5036108051	4.6687539288
59	36	2239142532014743282	10369745369462594300	9794755530785143306	11285525707713706039	-5496.6616210938	0.0000000000	8.6625400336	13.9117348524
2	31	13107051123224136067	16657069432005198003	4102416061108006255	4526922787393582986	-5496.6738281250	0.0000000000	34.0596700089	14.9049185167
70	64	1592214687186736870	9696301458210436234	6988262224328228130	17635458550395640500	-5496.6904296875	0.0000000000	4.6193049822	6.2538458115
74	28	279844733889261352	17027433896387945395	279844733889261352	14258301185268972819	-5496.7031250000	0.0000000000	3.7406885879	15.7851688648
15	49	3773740555311062023	7823186920941671451	4366185502689671008	4587811716794551242	-5496.7055664062	0.0000000000	20.5960929019	10.1827363036
47	50	11947096545996455153	15516788000137984293	12950115443768066105	14099606079236772634	-5496.7060546875	0.0000000000	10.8026445947	9.9565337871
69	6	2087039987532444631	16894134299124238804	2087039987532444631	4990837185041154151	-5496.7377929688	0.0000000000	4.7514919515	25.1678086634
1	20	10324198887431388283	13355927625687165021	1156650454399299626	3413379919243135336	-5496.7416992188	0.0000000000	36.6075874395	19.7897627883
58	3	4138555004563608843	14093486591111374668	6081065754910419127	13083130681730968135	-5496.7646484375	0.0000000000	8.8012403171	30.7742837732
29	77	520324629128040228	7437397082061112758	11592619752990817666	17058765844599622355	-5496.7680664062	0.0000000000	15.1027831972	3.2603889607
74	0	279844733889261352	10667474865877392284	279844733889261352	13063909864208323449	-5496.7705078125	0.0000000000	3.8080714004	41.8683563317
17	11	429853561211997818	17799708269756447471	808330050199422558	17233050045240763711	-5496.7797851562	0.0000000000	20.5611268338	23.0112372188
64	2	9696301458210436234	13107051123224136067	8667093680899692323	8924711469715294046	-5496.7802734375	0.0000000000	6.3436895615	34.1661153214
26	57	167167149883495741	9692447327446626127	14409754971767295102	14886876926957315797	-5496.7841796875	0.0000000000	17.4687103998	8.9534561675
2	18	13107051123224136067	17473836722014595788	5732568005596136987	17008547202176712104	-5496.7851562500	0.0000000000	34.1709981339	19.9120466013
5	14	2149484152715392458	12938275795804049604	4521092237754329772	16785218604105817037	-5496.8505859375	0.0000000000	27.1275647710	20.9998858745
75	11	14608757246259334758	17799708269756447471	4582835012971955206	9372885204918289538	-5496.9379882812	0.0000000000	3.8349690947	23.1694403438
33	25	10368442723802325466	16550426852500463777	15441168998516550729	18262529606448700082	-5496.9399414062	0.0000000000	14.7094517968	17.7144535157
52	13	8242477299940831062	10079227655342552495	14699166307229540621	17739518862587923299	-5496.9643554688	0.0000000000	10.1576782814	21.2187184217
84	33	2564171262913545665	10368442723802325466	2564171262913545665	5698084363291449520	-5497.0307617188	0.0000000000	1.1911989146	14.8002721093
19	1	7692821074440121912	10324198887431388283	7157672836631195309	8489531601237183226	-5497.0317382812	0.0000000000	20.0968005408	36.8976265020
60	45	230773126182757894	10118968526249132794	4148438899673234725	11439068223616486302	-5497.0483398438	0.0000000000	8.8536987584	12.0653478925
32	37	3303836963991646703	12249581567144989954	2883358987668288920	3807870699918353320	-5497.0571289062	0.0000000000	15.2789352425	13.5243392154
17	34	429853561211997818	14097627609532728280	7756498391538498169	17122057572922362976	-5497.0732421875	0.0000000000	20.8545838650	14.5963435768
34	7	14097627609532728280	15571085747497726625	4041941742912886016	17122057572922362976	-5497.0732421875	0.0000000000	14.5963435768	25.1233866045
64	14	9696301458210436234	12938275795804049604	7913746325838312398	11530279155462840374	-5497.0825195312	0.0000000000	6.6459356552	21.2318194682
8	56	8992346648558435547	11357898340897756903	6224961425658564967	13539081650440911255	-5497.1020507812	0.0000000000	25.0202531840	9.2818615047
20	85	13355927625687165021	16393214166263308105	5301992903371478381	15284083615979869625	-5497.1269531250	0.0000000000	20.1750166946	1.0075832971
74	23	279844733889261352	8983620928718234954	4445550389504975199	18041390253264425770	-5497.1459960938	0.0000000000	4.1835596816	18.6468237718
85	66	16393214166263308105	18431247209864649693	10753090688590339968	17961550750478410316	-5497.1738281250	0.0000000000	1.0544582971	5.4046768043
30	7	7858847987573124453	15571085747497726625	2445648854652671924	11188086560023603370	-5497.1806640625	0.0000000000	15.4654174490	25.2308084795
50	11	15516788000137984293	17799708269756447471	2168951684067347646	12023937053582569624	-5497.2207031250	0.0000000000	10.4711822246	23.4521551875
22	27	3990398796172833387	13931414467280736271	10975855816612862365	13914914885358508599	-5497.2353515625	0.0000000000	19.3271370004	16.8763765165
8	2	8992346648558435547	13107051123224136067	11248764098331563368	15020415392341577425	-5497.2626953125	0.0000000000	25.1808977152	34.6485371964
57	13	9692447327446626127	10079227655342552495	3422756205090915901	17669206231093202460	-5497.2880859375	0.0000000000	9.4573624175	21.5424488905
85	4	16393214166263308105	16923322824322317466	16393214166263308105	16966675312327056562	-5497.3203125000	0.0000000000	1.2009426721	27.6488225616
21	53	15016803418478563936	15405698928020597209	7995120590513576281	14862462401063828641	-5497.3374023438	0.0000000000	19.8192078857	10.4404119939
17	29	429853561211997818	520324629128040228	1254946074099002597	16951119051349349795	-5497.4135742188	0.0000000000	21.1949158963	15.7482910097
24	53	58338521781336478	15405698928020597209	2363666754822325051	12745793785634946665	-5497.4614257812	0.0000000000	18.3415394564	10.5644354314
3	50	14093486591111374668	15516788000137984293	6103254121997180502	9208196193407655797	-5497.4638671875	0.0000000000	31.4735025232	10.7143462871
36	68	10369745369462594300	13171866292654863094	11101117378431747580	12981791304041779189	-5497.4716796875	0.0000000000	14.7217934462	5.5032265850
67	4	303163103940296667	16923322824322317466	4516488830216777851	16193221201030075281	-5497.5151367188	0.0000000000	5.7100111740	27.8436467804
14	6	12938275795804049604	16894134299124238804	4820553029494843989	12456137960975391255	-5497.5209960938	0.0000000000	21.6702960307	25.9510117884
30	34	7858847987573124453	14097627609532728280	12314309752031367484	15479745992937034292	-5497.5209960938	0.0000000000	15.8057494802	15.0440974830
24	74	58338521781336478	279844733889261352	9330606995272974932	11610239410694024233	-5497.5268554688	0.0000000000	18.4069691439	4.5644190566
6	11	16894134299124238804	17799708269756447471	15790168209956361953	17903227615714759418	-5497.5361328125	0.0000000000	25.9661485072	23.7675848750
86	49	2181137809313707726	7823186920941671451	2181137809313707726	5563083818403918685	-5497.5361328125	0.0000000000	0.9503777886	11.0133027099
58	0	4138555004563608843	10667474865877392284	14414851672589605890	16635875504296745699	-5497.5649414062	0.0000000000	9.6015332859	42.6627899254
9	53	2439594373950395860	15405698928020597209	5190797815494112848	14640678773131916690	-5497.5683593750	0.0000000000	24.7621390189	10.6713690252
17	13	429853561211997818	10079227655342552495	2587183966478512336	12140241201041457364	-5497.6005859375	0.0000000000	21.3819276150	21.8549488905
61	7	2173314438107378563	15571085747497726625	867849146119464759	1217702177305839285	-5497.6186523438	0.0000000000	8.8456273601	25.6687967607
78	31	14809137665620150592	16657069432005198003	14809137665620150592	18413067372797176490	-5497.6191406250	0.0000000000	4.0502157387	15.8502310167
0	50	10667474865877392284	15516788000137984293	6358971638974529509	18075909319525586012	-5497.6987304688	0.0000000000	42.7965789879	10.9492095684
1	21	10324198887431388283	15016803418478563936	2679726902744594157	16222492278817511051	-5497.7084960938	0.0000000000	37.5743843145	20.1903016357
42	88	6149821055044103313	10084124936668487071	6874068031553877794	10084124936668487071	-5497.7167968750	0.0000000000	13.1843490144	0.1716397423
13	80	10079227655342552495	11254879324197340454	17243241654279380746	18220494774287355481	-5497.7319335938	0.0000000000	21.9862965467	3.7606534090
80	3	11254879324197340454	14093486591111374668	12425817583761078027	18220494774287355481	-5497.7319335938	0.0000000000	3.7606534090	31.7415689294
37	4	12249581567144989954	16923322824322317466	464432798444484919	14348588320811303204	-5497.7338867188	0.0000000000	14.2010970279	28.0623967804
22	2	3990398796172833387	13107051123224136067	8068320275893974470	11171426289317024282	-5497.7353515625	0.0000000000	19.8271370004	35.1211934464
88	3	10084124936668487071	14093486591111374668	8805065375549987525	10084124936668487071	-5497.7500000000	0.0000000000	0.2048428673	31.7596353357
32	0	3303836963991646703	10667474865877392284	8105454730862335386	13171623924773687266	-5497.7612304688	0.0000000000	15.9830368050	42.8590789879
61	25	2173314438107378563	16550426852500463777	15882031297310327314	15998308794346929338	-5497.8398437500	0.0000000000	9.0668187663	18.6143558594
64	78	9696301458210436234	14809137665620150592	519915688528557907	14610210653311039016	-5497.8549804688	0.0000000000	7.4183965927	4.2860555825
55	4	11851817067206489169	16923322824322317466	12019977610163905132	12160388170287855424	-5497.8593750000	0.0000000000	10.2522297157	28.1878850616
63	77	1399070161628260596	7437397082061112758	2091533621496210498	7437397082061112758	-5497.8857421875	0.0000000000	7.7246321072	4.3780647419
19	85	7692821074440121912	16393214166263308105	6350263409642809271	11109247305526743786	-5497.8994140625	0.0000000000	20.9644763221	1.7800442346
2	6	13107051123224136067	16894134299124238804	8688757466464722299	15790168209956361953	-5497.9687500000	0.0000000000	35.3545918839	26.3987656947
58	87	4138555004563608843	5601208716039951663	9571842664815221162	12528186024001172227	-5498.0434570312	0.0000000000	10.0800489109	0.7945797001
37	20	12249581567144989954	13355927625687165021	1865536112286060687	16966699764927775593	-5498.0996093750	0.0000000000	14.5668196841	21.1476729446
84	72	2564171262913545665	8503372235075209266	2564171262913545665	7943897933020584772	-5498.1318359375	0.0000000000	2.2922731334	5.5048534392
32	1	3303836963991646703	10324198887431388283	7757077320389733424	17781602645907637479	-5498.1323242188	0.0000000000	16.3541305550	37.9982124395
7	40	15571085747497726625	15633704558089027375	10803938331555535184	14443220808090740528	-5498.1743164062	0.0000000000	26.2244608232	14.3893252663
9	11	2439594373950395860	17799708269756447471	2200114230344553466	17989061449791872323	-5498.1953125000	0.0000000000	25.3890921439	24.4267645625
32	28	3303836963991646703	17027433896387945395	5501423427879079880	9753705999209309998	-5498.1958007812	0.0000000000	16.4176071175	17.2778446460
23	16	8983620928718234954	12201523437214473668	5751411316217589479	5828556002022990698	-5498.1977539062	0.0000000000	19.6985815843	22.0139074926
49	8	7823186920941671451	8992346648558435547	10921386811000944653	11572708901959454432	-5498.2265625000	0.0000000000	11.7037323974	26.1447649027
8	54	8992346648558435547	10494363557995427270	5252695935037684290	12322017164008056622	-5498.2368164062	0.0000000000	26.1550188090	11.0054405167
55	6	11851817067206489169	16894134299124238804	1280693465626967336	10261672319767211360	-5498.2387695312	0.0000000000	10.6316242469	26.6687852259
42	0	6149821055044103313	10667474865877392284	6865316653359164989	9085653251186201348	-5498.2539062500	0.0000000000	13.7214583894	43.3517547692
19	88	7692821074440121912	10084124936668487071	7556020053324315765	10084124936668487071	-5498.2729492188	0.0000000000	21.3380114783	0.7277920860
62	1	7011268860006268306	10324198887431388283	4503083568473762841	13323142408218558352	-5498.2827148438	0.0000000000	8.5003418804	38.1486030645
13	2	10079227655342552495	13107051123224136067	11811594091531020013	14043530627934515598	-5498.3027343750	0.0000000000	22.5570973280	35.6885762589
74	53	279844733889261352	15405698928020597209	9330606995272974932	10510502480172679968	-5498.3134765625	0.0000000000	5.3510401504	11.4164862127
24	2	58338521781336478	13107051123224136067	16236281526819172676	17947282084160469719	-5498.3188476562	0.0000000000	19.1989613314	35.7046895401
52	83	8242477299940831062	13586099871725120471	10065449856682911311	11195164247194158769	-5498.3242187500	0.0000000000	11.5175415626	2.9729439267
35	44	1374669322539188936	13956310948762308203	8235138717832456324	13896815993241633060	-5498.3515625000	0.0000000000	15.6864592142	13.5660630483
86	0	2181137809313707726	10667474865877392284	2181137809313707726	8715355160038052374	-5498.3813476562	0.0000000000	1.7955926323	43.4791961754
39	1	8936177091956132308	10324198887431388283	3490673527820363918	17614872888759628664	-5498.3891601562	0.0000000000	14.6114391773	38.2550483770
39	11	8936177091956132308	17799708269756447471	14004465372843079567	17614872888759628664	-5498.3891601562	0.0000000000	14.6114391773	24.6206122188
32	4	3303836963991646703	16923322824322317466	11978267430781337	7847730064487591268	-5498.4926757812	0.0000000000	16.7144821175	28.8211858429
29	75	520324629128040228	14608757246259334758	10352455938900557015	17058765844599622355	-5498.5209960938	0.0000000000	16.8557128847	5.4179769072
9	49	2439594373950395860	7823186920941671451	9677785492537339450	10508205512656777628	-5498.5600585938	0.0000000000	25.7538382376	12.0372284911
13	37	10079227655342552495	12249581567144989954	16380600046867877273	17932624417319563785	-5498.5668945312	0.0000000000	22.8212574842	15.0341048404
20	11	13355927625687165021	17799708269756447471	4764259578273849377	10866282501052049993	-5498.5751953125	0.0000000000	21.6232588821	24.8066473750
67	20	303163103940296667	13355927625687165021	3671669900222072103	4764259578273849377	-5498.5751953125	0.0000000000	6.7700697677	21.6232588821
26	0	167167149883495741	10667474865877392284	4942532276373911918	15966713973481082379	-5498.6000976562	0.0000000000	19.2846283685	43.6979461754
45	89	10118968526249132794	16609562587620384987	1794980097955546982	16609562587620384987	-5498.6376953125	0.0000000000	13.6547033612	0.2349697261
58	34	4138555004563608843	14097627609532728280	6081065754910419127	14673073899461925797	-5498.6474609375	0.0000000000	10.6840528171	16.1705623268
68	28	13171866292654863094	17027433896387945395	562486751058275194	16811709506121492282	-5498.6748046875	0.0000000000	6.7063515850	17.7568485523
57	27	9692447327446626127	13931414467280736271	1152209825532634437	7816416566484087622	-5498.6840820312	0.0000000000	10.8533585113	18.3251069852
9	4	2439594373950395860	16923322824322317466	2200114230344553466	12681710978922396538	-5498.6943359375	0.0000000000	25.8881155814	29.0228459991
2	89	13107051123224136067	16609562587620384987	2664009929670412313	16609562587620384987	-5498.7216796875	0.0000000000	36.1075215714	0.3189541011
52	2	8242477299940831062	13107051123224136067	4869676857505636653	17132776546336234567	-5498.7285156250	0.0000000000	11.9218384376	36.1143575089
3	11	14093486591111374668	17799708269756447471	10410826813338348824	13225629805205043195	-5498.7426757812	0.0000000000	32.7523111169	24.9741278438
58	11	4138555004563608843	17799708269756447471	104040044625977711	17368753425804649957	-5498.7812500000	0.0000000000	10.8178418796	25.0127020625
24	62	58338521781336478	7011268860006268306	4973113186811916620	16004485522131452019	-5498.7978515625	0.0000000000	19.6779652376	9.0154785992
69	62	2087039987532444631	7011268860006268306	15476389566478231766	16004485522131452019	-5498.7978515625	0.0000000000	6.8115505453	9.0154785992
67	25	303163103940296667	16550426852500463777	2288406410616490659	6770386038780015145	-5498.8129882812	0.0000000000	7.0078627365	19.5875003907
38	50	3887235235952849394	15516788000137984293	2393110034491301420	9261440703344127362	-5498.8222656250	0.0000000000	15.0665658020	12.0727447246
8	47	8992346648558435547	11947096545996455153	3124300766954778010	13352974457744788363	-5498.8706054688	0.0000000000	26.7888078715	12.9671953759
81	47	3175835436065505467	11947096545996455153	3175835436065505467	9848804637098361820	-5498.8706054688	0.0000000000	4.3475310549	12.9671953759
23	56	8983620928718234954	11357898340897756903	4125727306585614751	14095281443395290075	-5498.8784179688	0.0000000000	20.3792456468	11.0582286922
19	53	7692821074440121912	15405698928020597209	13311077801674966756	15379747314208737412	-5498.8857421875	0.0000000000	21.9508044471	11.9887518377
74	48	279844733889261352	11384733198153311516	113776387233886774	3888038122637871243	-5498.8886718750	0.0000000000	5.9262354629	12.7550756488
23	7	8983620928718234954	15571085747497726625	256898237557246503	7151884751450424699	-5498.9125976562	0.0000000000	20.4134253343	26.9627420732
9	32	2439594373950395860	3303836963991646703	3246350448067060440	6565422367216704306	-5498.9218750000	0.0000000000	26.1156546439	17.1436813362
41	62	4688636836818565261	7011268860006268306	13116464193699847485	13323142408218558352	-5498.9389648438	0.0000000000	14.4323367529	9.1565918804
14	2	12938275795804049604	13107051123224136067	5740018705881241786	15472960277693796569	-5498.9555664062	0.0000000000	23.1048663432	36.3414082901
5	36	2149484152715392458	10369745369462594300	227547933016557883	2113914810558521353	-5498.9956054688	0.0000000000	29.2725843022	16.2457192274
17	20	429853561211997818	13355927625687165021	4643277570246583998	10726262031046659998	-5499.0063476562	0.0000000000	22.7876893338	22.0544112258
90	0	564253395306586288	10667474865877392284	564253395306586288	3882930759680413665	-5499.0449218750	0.0000000000	0.4449272568	44.1427703942
72	78	8503372235075209266	14809137665620150592	11089182952305677897	16705017422692746392	-5499.0463867188	0.0000000000	6.4194042205	5.4774618325
81	7	3175835436065505467	15571085747497726625	2477153254361399578	9756782160242557391	-5499.0473632812	0.0000000000	4.5242888674	27.0975076982
81	21	3175835436065505467	15016803418478563936	4505902900719318126	9756782160242557391	-5499.0473632812	0.0000000000	4.5242888674	21.5291688232
81	42	3175835436065505467	6149821055044103313	9756782160242557391	10436592975627743833	-5499.0473632812	0.0000000000	4.5242888674	14.5149154207
3	6	14093486591111374668	16894134299124238804	479591336827329950	1044191979080287325	-5499.0659179688	0.0000000000	33.0755533044	27.4959336634
15	25	3773740555311062023	16550426852500463777	8253973029934177641	18231762115371343294	-5499.1176757812	0.0000000000	23.0082022769	19.8921878907
35	1	1374669322539188936	10324198887431388283	2546120661391113880	16087304801474773413	-5499.1289062500	0.0000000000	16.4638029642	38.9947944708
29	8	520324629128040228	8992346648558435547	16598859900443210064	17792418491826779464	-5499.1406250000	0.0000000000	17.4753417909	27.0588274027
0	25	10667474865877392284	16550426852500463777	3934264015258107604	14097097002156922886	-5499.1606445312	0.0000000000	44.2584930504	19.9351566407
13	45	10079227655342552495	10118968526249132794	8685168723489640460	17526118179628428411	-5499.1943359375	0.0000000000	23.4486988905	14.2113439862
79	82	2501211020233769820	13012805549261864440	11263701487490665663	17108402556132858838	-5499.2163085938	0.0000000000	5.6337883300	3.8652559593
15	92	3773740555311062023	10367805946812379509	10367805946812379509	15187406090486002581	-5499.2758789062	0.0000000000	23.1664054019	0.0912089026
87	3	5601208716039951663	14093486591111374668	4934824323903569483	16260862127030617224	-5499.2856445312	0.0000000000	2.0367672001	33.2952798669
87	19	5601208716039951663	7692821074440121912	4934824323903569483	7556020053324315765	-5499.2856445312	0.0000000000	2.0367672001	22.3507067908
87	42	5601208716039951663	6149821055044103313	2903644614278794327	4934824323903569483	-5499.2856445312	0.0000000000	2.0367672001	14.7531966707
87	88	5601208716039951663	10084124936668487071	4934824323903569483	10084124936668487071	-5499.2856445312	0.0000000000	2.0367672001	1.7404873985
31	4	16657069432005198003	16923322824322317466	2799638318076774813	7266452073123414262	-5499.2866210938	0.0000000000	17.5177114855	29.6151311554
35	10	1374669322539188936	3715343508190632273	2546120661391113880	2554259267534521750	-5499.2905273438	0.0000000000	16.6254240580	25.9989057615
29	57	520324629128040228	9692447327446626127	435876256839177196	1875908009167934290	-5499.3056640625	0.0000000000	17.6403808534	11.4749405425
54	20	10494363557995427270	13355927625687165021	14778446890829912951	16854262738758413125	-5499.3833007812	0.0000000000	12.1519248917	22.4313643508
62	82	7011268860006268306	13012805549261864440	9953346452475940311	18181009668422925521	-5499.4013671875	0.0000000000	9.6189942242	4.0503145530
30	53	7858847987573124453	15405698928020597209	6389783521228870507	8107435714083893001	-5499.4160156250	0.0000000000	17.7007690115	12.5190252752
38	20	3887235235952849394	13355927625687165021	2695653405922881826	4571259846009788517	-5499.4174804688	0.0000000000	15.6617806458	22.4655440383
13	34	10079227655342552495	14097627609532728280	6296735946110644043	14673073899461925797	-5499.4316406250	0.0000000000	23.6860035780	16.9547420143
26	70	167167149883495741	1592214687186736870	1210901748741511651	9937695067135511978	-5499.4960937500	0.0000000000	20.1806244623	7.4249690447
49	14	7823186920941671451	12938275795804049604	9692516301274470822	13862202153495336243	-5499.5439453125	0.0000000000	13.0211152099	23.6932452495
54	25	10494363557995427270	16550426852500463777	171311087220096845	14743171914480908313	-5499.5463867188	0.0000000000	12.3150108292	20.3208988282
44	4	13956310948762308203	16923322824322317466	5872330329687355700	13096167962445131575	-5499.5683593750	0.0000000000	14.7828599233	29.8968694366
5	19	2149484152715392458	7692821074440121912	12372877192974243706	12597575344419887134	-5499.5747070312	0.0000000000	29.8516858647	22.6397692908
24	61	58338521781336478	2173314438107378563	721122173376559849	8708874094788007925	-5499.5844726562	0.0000000000	20.4645863314	10.8114476726
32	7	3303836963991646703	15571085747497726625	1543213584723251885	10383360130916347343	-5499.5952148438	0.0000000000	17.8170211800	27.6453592607
49	28	7823186920941671451	17027433896387945395	312386639630478325	6005817689082697105	-5499.6069335938	0.0000000000	13.0841034911	18.6889774585
10	72	3715343508190632273	8503372235075209266	7943897933020584772	18209318495425888831	-5499.6557617188	0.0000000000	26.3641401365	7.0287792205
84	10	2564171262913545665	3715343508190632273	6176492346474007565	11956905794771496108	-5499.6757812500	0.0000000000	3.8362184459	26.3841596677
36	6	10369745369462594300	16894134299124238804	5870716556906865864	11766445896060327821	-5499.6801757812	0.0000000000	16.9302895399	28.1101914759
87	80	5601208716039951663	11254879324197340454	136057463839127465	8931824002575963913	-5499.7055664062	0.0000000000	2.4566890751	5.7342862215
1	14	10324198887431388283	12938275795804049604	3246965163128454027	13641781951993003677	-5499.7167968750	0.0000000000	39.5826850958	23.8660968120
79	1	2501211020233769820	10324198887431388283	962218948844430533	4285254907214113671	-5499.7465820312	0.0000000000	6.1640617675	39.6124702520
5	48	2149484152715392458	11384733198153311516	454219343766550602	15375019435738709468	-5499.7597656250	0.0000000000	30.0367444585	13.6261693988
49	0	7823186920941671451	10667474865877392284	8448675937868611940	10150696797714452551	-5499.7602539062	0.0000000000	13.2374238036	44.8581024254
75	53	14608757246259334758	15405698928020597209	12014291550990477887	14834602187273046336	-5499.7685546875	0.0000000000	6.6655355009	12.8715643377
73	3	541435687269551760	14093486591111374668	3736046343990938892	13397184129440433884	-5499.7788085938	0.0000000000	7.0057683720	33.7884439294
80	34	11254879324197340454	14097627609532728280	1940124380260782581	7744113256803657116	-5499.7973632812	0.0000000000	5.8260830965	17.3204646705
1	27	10324198887431388283	13931414467280736271	8065596291691420645	10249515204088446902	-5499.8125000000	0.0000000000	39.6783882208	19.4535249540
43	65	9188283139325803671	15378060113354634737	6424325378956523457	15721760475225443757	-5499.8369140625	0.0000000000	15.0839557588	8.2173152411
29	4	520324629128040228	16923322824322317466	7341830675725428941	8701428257778503381	-5499.8784179688	0.0000000000	18.2131347597	30.2069280304
93	15	3242482612805492339	3773740555311062023	3242482612805492339	18251386774269943345	-5499.8984375000	0.0000000000	0.4405419314	23.7889639957
84	0	2564171262913545665	10667474865877392284	12591099262840153563	13303575679064353441	-5499.9399414062	0.0000000000	4.1003786021	45.0377899254
84	31	2564171262913545665	16657069432005198003	12591099262840153563	17470706541079662415	-5499.9399414062	0.0000000000	4.1003786021	18.1710317980
5	11	2149484152715392458	17799708269756447471	1085571532372994516	11731276923261130335	-5499.9497070312	0.0000000000	30.2266858647	26.1811590938
26	13	167167149883495741	10079227655342552495	2022259053771723518	15904508033541110192	-5499.9995117188	0.0000000000	20.6840424310	24.2538746717
29	5	520324629128040228	2149484152715392458	7886028713200907812	15449467574850024873	-5500.0063476562	0.0000000000	18.3410644472	30.2833264897
61	15	2173314438107378563	3773740555311062023	9638646965653092517	16343625561283984232	-5500.0688476562	0.0000000000	11.2958226726	23.9593741519
23	31	8983620928718234954	16657069432005198003	3731923961503337958	9802514551922474120	-5500.0898437500	0.0000000000	21.5906714280	18.3209341417
61	47	2173314438107378563	11947096545996455153	39761429508056041	13279642989420008346	-5500.1064453125	0.0000000000	11.3334203288	14.2030352197
13	56	10079227655342552495	11357898340897756903	8369140128919876724	15316340563488611344	-5500.1611328125	0.0000000000	24.4154957655	12.3409435359
17	16	429853561211997818	12201523437214473668	9521805302775096636	14592951150215033628	-5500.1962890625	0.0000000000	23.9776307400	24.0124426488
5	49	2149484152715392458	7823186920941671451	6882279585527954067	10289299711133715958	-5500.2622070312	0.0000000000	30.5391858647	13.7393769286
69	64	2087039987532444631	9696301458210436234	11530279155462840374	18297263445329954041	-5500.2739257812	0.0000000000	8.2876247640	9.8373419052
29	7	520324629128040228	15571085747497726625	6412116269226840184	13633526618576198830	-5500.3242187500	0.0000000000	18.6589355409	28.3743631670
97	1	5828997022151569970	10324198887431388283	5828997022151569970	14077245540809521868	-5500.3310546875	0.0000000000	0.0721448363	40.1969429083
23	25	8983620928718234954	16550426852500463777	5516611855518694529	8288138810145040944	-5500.3745117188	0.0000000000	21.8753393968	21.1490238282
86	1	2181137809313707726	10324198887431388283	621152525620705290	15109374716980678919	-5500.3842773438	0.0000000000	3.7985223198	40.2501655645
36	56	10369745369462594300	11357898340897756903	2900572951505724165	11101117378431747580	-5500.3911132812	0.0000000000	17.6412270399	12.5709240047
67	6	303163103940296667	16894134299124238804	1880359683013319207	17998831633017711601	-5500.3969726562	0.0000000000	8.5918471115	28.8269883509
24	26	58338521781336478	167167149883495741	4045528522283602714	8845824135936282623	-5500.4311523438	0.0000000000	21.3112660189	21.1156830560
15	20	3773740555311062023	13355927625687165021	3647941479761425911	11382092175021951706	-5500.4438476562	0.0000000000	24.3343741519	23.4919112258
63	11	1399070161628260596	17799708269756447471	2258535013992405128	17214922666415363974	-5500.4575195312	0.0000000000	10.2964094510	26.6889715938
92	96	10367805946812379509	14922418272091202393	10205746372379660396	14922418272091202393	-5500.4584960938	0.0000000000	1.2738260901	0.4857493679
93	92	3242482612805492339	10367805946812379509	10205746372379660396	13286351831876217750	-5500.4584960938	0.0000000000	1.0006005251	1.2738260901
42	47	6149821055044103313	11947096545996455153	16733146982892454315	18241043559253146041	-5500.4951171875	0.0000000000	15.9626693269	14.5917070947
36	44	10369745369462594300	13956310948762308203	8275144789314550728	18380909308865189479	-5500.4965820312	0.0000000000	17.7466957899	15.7110825796
60	0	230773126182757894	10667474865877392284	1931305374448182234	16919623881213005399	-5500.5068359375	0.0000000000	12.3121948522	45.6046844567
61	9	2173314438107378563	2439594373950395860	3794607198268514940	16487624727574690502	-5500.5073242188	0.0000000000	11.7342992351	27.7011038626
34	28	14097627609532728280	17027433896387945395	15992716554160655026	16870068157850529952	-5500.5644531250	0.0000000000	18.0875545143	19.6464969898
61	16	2173314438107378563	12201523437214473668	8313024020103020533	10293484965069770479	-5500.5771484375	0.0000000000	11.8041234538	24.3933020238
34	4	14097627609532728280	16923322824322317466	7271261881720753217	9590048724379567684	-5500.6118164062	0.0000000000	18.1349177955	30.9403264679
60	29	230773126182757894	520324629128040228	5214824807218906399	17689431429503470140	-5500.6435546875	0.0000000000	12.4489136022	18.9782714784
23	68	8983620928718234954	13171866292654863094	7571965997799179527	11322240348108126999	-5500.6445312500	0.0000000000	22.1453589280	8.6760781475
24	11	58338521781336478	17799708269756447471	7418701916604072090	11788202160522460289	-5500.6811523438	0.0000000000	21.5612660189	26.9126044063
27	11	13931414467280736271	17799708269756447471	6338946400147749008	18215263244954064775	-5500.6943359375	0.0000000000	20.3353608915	26.9257880000
37	27	12249581567144989954	13931414467280736271	6338946400147749008	17542503757824034566	-5500.6943359375	0.0000000000	17.1615462466	20.3353608915
7	98	15571085747497726625	18248472685024111301	7343296706518423234	18248472685024111301	-5500.7104492188	0.0000000000	28.7605936357	0.0254910215
67	15	303163103940296667	3773740555311062023	10857812433921965646	18225177502549067035	-5500.7163085938	0.0000000000	8.9111830490	24.6068350894
93	96	3242482612805492339	14922418272091202393	14922418272091202393	17381059685683887124	-5500.7294921875	0.0000000000	1.2715966189	0.7567454616
35	34	1374669322539188936	14097627609532728280	12544341686453530688	13653439139587854469	-5500.7597656250	0.0000000000	18.0946623392	18.2828670143
8	13	8992346648558435547	10079227655342552495	2906721056042908807	3969278584372244520	-5500.7861328125	0.0000000000	28.7043352152	25.0404957655
2	11	13107051123224136067	17799708269756447471	11411081385850657960	13794474548349369155	-5500.8017578125	0.0000000000	38.1875996964	27.0332098750
81	19	3175835436065505467	7692821074440121912	3175835436065505467	12334337547337867923	-5500.8129882812	0.0000000000	6.2899138674	23.8780505408
15	96	3773740555311062023	14922418272091202393	12534291324455300498	14922418272091202393	-5500.8271484375	0.0000000000	24.7176749332	0.8544017116
15	97	3773740555311062023	5828997022151569970	5828997022151569970	12534291324455300498	-5500.8271484375	0.0000000000	24.7176749332	0.5682385863
63	69	1399070161628260596	2087039987532444631	14823223482265313906	18185526051117581745	-5500.8842773438	0.0000000000	10.7231672635	8.8979763265
69	48	2087039987532444631	11384733198153311516	2430529266871058348	13068064026025662616	-5500.9624023438	0.0000000000	8.9761013265	14.8288061176
43	98	9188283139325803671	18248472685024111301	7030931836526738017	18248472685024111301	-5500.9755859375	0.0000000000	16.2226276338	0.2906277403
24	0	58338521781336478	10667474865877392284	4849561249457846050	11237836055873253955	-5501.0063476562	0.0000000000	21.8864613314	46.1041961754
13	1	10079227655342552495	10324198887431388283	4161864249391831549	15151792292272985225	-5501.0214843750	0.0000000000	25.2758473280	40.8873725958
7	31	15571085747497726625	16657069432005198003	673168759870619053	6593394249376355223	-5501.0498046875	0.0000000000	29.0999491045	19.2808950792
68	21	13171866292654863094	15016803418478563936	1782505633941530017	13787370308502026979	-5501.0756835938	0.0000000000	9.1072304913	23.5574891357
10	28	3715343508190632273	17027433896387945395	7399014054027034003	9037596461904820452	-5501.0791015625	0.0000000000	27.7874799802	20.1611454273
38	85	3887235235952849394	16393214166263308105	795294846986635569	5301992903371478381	-5501.0908203125	0.0000000000	17.3351204895	4.9714504846
90	21	564253395306586288	15016803418478563936	564253395306586288	15951365307699170695	-5501.1049804688	0.0000000000	2.5049858506	23.5867860107
69	2	2087039987532444631	13107051123224136067	4698914812487276616	6666158855647858960	-5501.1196289062	0.0000000000	9.1333278890	38.5054707901
2	28	13107051123224136067	17027433896387945395	86719615640217123	7170158589323858059	-5501.1210937500	0.0000000000	38.5069356339	20.2031376148
94	75	9222751215651972858	14608757246259334758	9222751215651972858	17087310387357997273	-5501.1870117188	0.0000000000	1.5695981035	8.0839925322
42	7	6149821055044103313	15571085747497726625	2490782044423644528	3880354083615600598	-5501.2207031250	0.0000000000	16.6882552644	29.2708475420
10	2	3715343508190632273	13107051123224136067	5956367556646511303	18139071217603145531	-5501.2290039062	0.0000000000	27.9373823240	38.6148457901
29	69	520324629128040228	2087039987532444631	9157776284219794096	12468281161572168478	-5501.2583007812	0.0000000000	19.5930175722	9.2719997640
17	47	429853561211997818	11947096545996455153	16900911295003674660	17067066487323947175	-5501.2773437500	0.0000000000	25.0586854275	15.3739336572
17	35	429853561211997818	1374669322539188936	3180960864439889044	5959362679187956102	-5501.2788085938	0.0000000000	25.0601502713	18.6137053080
24	84	58338521781336478	2564171262913545665	11956905794771496108	18234889272356844589	-5501.2934570312	0.0000000000	22.1735707064	5.4538942271
44	25	13956310948762308203	16550426852500463777	3757715680856988600	4390673805798429348	-5501.3012695312	0.0000000000	16.5157700796	22.0757816407
15	27	3773740555311062023	13931414467280736271	2087833272290463443	13580484818197533487	-5501.3120117188	0.0000000000	25.2025382144	20.9530366727
27	6	13931414467280736271	16894134299124238804	2087833272290463443	9937969027763711145	-5501.3120117188	0.0000000000	20.9530366727	29.7420274134
61	37	2173314438107378563	12249581567144989954	6858665169175375184	16576022490155331640	-5501.3178710938	0.0000000000	12.5448461101	17.7850814029
63	55	1399070161628260596	11851817067206489169	1280693465626967336	14753577570007792186	-5501.3256835938	0.0000000000	11.1645735135	13.7185383094
52	45	8242477299940831062	10118968526249132794	5031921469327696864	17514302358889922553	-5501.3510742188	0.0000000000	14.5443970314	16.3680822675
62	3	7011268860006268306	14093486591111374668	7731533438166166179	9777557340775912246	-5501.3671875000	0.0000000000	11.5848145367	35.3768228357
17	28	429853561211997818	17027433896387945395	3770739737898803967	5589231024891788620	-5501.3735351562	0.0000000000	25.1548768338	20.4555790210
8	40	8992346648558435547	15633704558089027375	10635251049629060212	16725187225800335375	-5501.3745117188	0.0000000000	29.2927141215	17.5895205788
0	68	10667474865877392284	13171866292654863094	5608925999614596061	17959013706042937625	-5501.3789062500	0.0000000000	46.4767547692	9.4104531475
70	77	1592214687186736870	7437397082061112758	8570954003431554073	17954406216849981109	-5501.4077148438	0.0000000000	9.3365901384	7.9000373982
68	53	13171866292654863094	15405698928020597209	12115716431105866785	17054308865306731520	-5501.4121093750	0.0000000000	9.4436562725	14.5151190252
9	21	2439594373950395860	15016803418478563936	3255046658927843004	7258496503773375755	-5501.4155273438	0.0000000000	28.6093069876	23.8973328857
19	64	7692821074440121912	9696301458210436234	8924711469715294046	10120673209351393307	-5501.4511718750	0.0000000000	24.5162341346	11.0145879990
61	98	2173314438107378563	18248472685024111301	12863270581138984670	18248472685024111301	-5501.4799804688	0.0000000000	12.7069554851	0.7950222715
17	5	429853561211997818	2149484152715392458	7994754613030698675	13773669115945956814	-5501.4887695312	0.0000000000	25.2701112088	31.7657483647
49	31	7823186920941671451	16657069432005198003	7154272577282348178	11153417755323998592	-5501.5283203125	0.0000000000	15.0054902099	19.7594107042
77	19	7437397082061112758	7692821074440121912	5922838678481690898	12906074298045598963	-5501.5556640625	0.0000000000	8.0479866169	24.6207263221
21	66	15016803418478563936	18431247209864649693	7938448544440103758	12313113337270815940	-5501.5581054688	0.0000000000	24.0399110107	9.7889541480
16	20	12201523437214473668	13355927625687165021	6050900361540047125	12508334106224891584	-5501.5605468750	0.0000000000	25.3767004613	24.6086104446
64	53	9696301458210436234	15405698928020597209	2391921733347897730	5511299692163009889	-5501.5615234375	0.0000000000	11.1249395615	14.6645330877
10	30	3715343508190632273	7858847987573124453	7938902310530104494	8470941638932551273	-5501.5712890625	0.0000000000	28.2796674802	19.8560424490
58	75	4138555004563608843	14608757246259334758	3166262221710602868	15632593630076218169	-5501.6093750000	0.0000000000	13.6459668796	8.5063558134
72	48	8503372235075209266	11384733198153311516	11089182952305677897	18184614923147861452	-5501.6464843750	0.0000000000	9.0195018767	15.5128881488
13	33	10079227655342552495	10368442723802325466	5809779333097683332	7343024105854911346	-5501.6806640625	0.0000000000	25.9350270155	19.4501744530
5	20	2149484152715392458	13355927625687165021	3413379919243135336	10179801017977518876	-5501.7167968750	0.0000000000	31.9937757085	24.7648604446
72	33	8503372235075209266	10368442723802325466	5238811861972381471	7820823805191500106	-5501.7558593750	0.0000000000	9.1288768767	19.5253697655
20	6	13355927625687165021	16894134299124238804	3011440771319989065	14154069881169636684	-5501.7583007812	0.0000000000	24.8063643508	30.1883164759
70	11	1592214687186736870	17799708269756447471	10069491915114569869	18152376199288367373	-5501.7724609375	0.0000000000	9.7013362322	28.0039130000
60	2	230773126182757894	13107051123224136067	4148438899673234725	8683932823622107917	-5501.7915039062	0.0000000000	13.5968628209	39.1773457901
15	82	3773740555311062023	13012805549261864440	9245619851336925509	15187406090486002581	-5501.8085937500	0.0000000000	25.6991202457	6.4575411155
5	40	2149484152715392458	15633704558089027375	9968278613119515163	14431210273147003948	-5501.8090820312	0.0000000000	32.0860608647	18.0240908913
84	6	2564171262913545665	16894134299124238804	11956905794771496108	15789829143215491352	-5501.8159179688	0.0000000000	5.9763551646	30.2459336634
76	7	2747588696662623730	15571085747497726625	36326056127330352	18301670558336948063	-5501.8193359375	0.0000000000	8.3346054861	29.8694803545
50	28	15516788000137984293	17027433896387945395	15180978500203011810	16461744491761117895	-5501.8627929688	0.0000000000	15.1132720684	20.9448368335
49	23	7823186920941671451	8983620928718234954	1292297777608847056	13665295713599344835	-5501.8715820312	0.0000000000	15.3487519286	23.3724097093
92	82	10367805946812379509	13012805549261864440	10367805946812379509	14796774164593175164	-5501.8847656250	0.0000000000	2.7000956214	6.5337129905
2	12	13107051123224136067	14938178270134821508	5445515404452459197	16808576724810038386	-5501.9169921875	0.0000000000	39.3028340714	26.7318481255
29	43	520324629128040228	9188283139325803671	7934438907619811640	13039822974285793245	-5501.9340820312	0.0000000000	20.2687988222	17.1811237275
69	3	2087039987532444631	14093486591111374668	12617552054341495885	13289598758420926945	-5501.9340820312	0.0000000000	9.9477810140	35.9437173669
69	16	2087039987532444631	12201523437214473668	5275231733754708606	13289598758420926945	-5501.9340820312	0.0000000000	9.9477810140	25.7502356176
37	2	12249581567144989954	13107051123224136067	9138195418184659102	11363095615527872429	-5501.9848632812	0.0000000000	18.4520735904	39.3707051651
76	100	2747588696662623730	3742391230315232177	3742391230315232177	13858423410064218165	-5502.0278320312	0.0000000000	8.5431015798	0.2065752811
2	53	13107051123224136067	15405698928020597209	6580518940062873940	17565142744700921040	-5502.0361328125	0.0000000000	39.4219746964	15.1391424627
7	28	15571085747497726625	17027433896387945395	11644449088521651977	18154687507493342160	-5502.0405273438	0.0000000000	30.0906717607	21.1225712085
54	27	10494363557995427270	13931414467280736271	11762278127659806290	17320791434250649818	-5502.0429687500	0.0000000000	14.8115928604	21.6839937040
2	85	13107051123224136067	16393214166263308105	4342626429000902687	10618859023358689226	-5502.0908203125	0.0000000000	39.4766621964	5.9714504846
48	82	11384733198153311516	13012805549261864440	13458289617311864624	14361818836121090731	-5502.1162109375	0.0000000000	15.9826147113	6.7651583030
97	96	5828997022151569970	14922418272091202393	5828997022151569970	16530616297304613566	-5502.1455078125	0.0000000000	1.8865979613	2.1727610866
73	0	541435687269551760	10667474865877392284	3112902989789056153	8829648565262158075	-5502.1508789062	0.0000000000	9.3778386845	47.2487274254
29	98	520324629128040228	18248472685024111301	5438227405802462143	16365607193592543589	-5502.1889648438	0.0000000000	20.5236816347	1.5040066465
3	66	14093486591111374668	18431247209864649693	3772552602597745571	10143635551903698703	-5502.2133789062	0.0000000000	36.2230142419	10.4442275855
55	44	11851817067206489169	13956310948762308203	2793757606077253202	15506380329291666009	-5502.2246093750	0.0000000000	14.6174640907	17.4391099233
12	7	14938178270134821508	15571085747497726625	12277397421020565379	16337646057147363149	-5502.2382812500	0.0000000000	27.0531371880	30.2884256670
22	7	3990398796172833387	15571085747497726625	11397378368954787373	16599287594680047973	-5502.2622070312	0.0000000000	24.3539924691	30.3123514482
60	46	230773126182757894	7251700801891077616	2533463282225595405	14361438261608372403	-5502.2661132812	0.0000000000	14.0714721959	17.2438324937
35	66	1374669322539188936	18431247209864649693	2717597362915785695	14897561394206817123	-5502.2939453125	0.0000000000	19.6288420267	10.5247939918
5	39	2149484152715392458	8936177091956132308	4627580074749758898	8640331238291995408	-5502.3061523438	0.0000000000	32.5831311772	18.5284313648
45	1	10118968526249132794	10324198887431388283	14313796381513715686	15793802252232276915	-5502.3232421875	0.0000000000	17.3402502362	42.1891304083
70	32	1592214687186736870	3303836963991646703	5692974106277905450	6252794225676188900	-5502.3232421875	0.0000000000	10.2521174822	20.5450485237
6	4	16894134299124238804	16923322824322317466	13169157828217076962	14807399793297250628	-5502.3403320312	0.0000000000	30.7703477259	32.6688420929
22	11	3990398796172833387	17799708269756447471	1896215655381865439	17144315013699457459	-5502.3593750000	0.0000000000	24.4511604379	28.5908270625
63	61	1399070161628260596	2173314438107378563	7943212714275367203	9941215316294794124	-5502.3715820312	0.0000000000	12.2104719510	13.5985570476
43	47	9188283139325803671	11947096545996455153	3975765450090139216	17604232149238160126	-5502.4101562500	0.0000000000	17.6571979463	16.5067461572
46	19	7251700801891077616	7692821074440121912	3201265709130870176	14347615321630898263	-5502.4311523438	0.0000000000	17.4088715562	25.4962146033
47	3	11947096545996455153	14093486591111374668	2658964424421343423	15731207573386605048	-5502.4531250000	0.0000000000	16.5497149072	36.4627603357
9	22	2439594373950395860	3990398796172833387	9546802721849609764	12459418380659395335	-5502.5258789062	0.0000000000	29.7196585501	24.6176643441
61	43	2173314438107378563	9188283139325803671	1528383284699373521	7997885242194269074	-5502.5302734375	0.0000000000	13.7572484538	17.7773151338
19	20	7692821074440121912	13355927625687165021	6995118966146175763	12264729774355257224	-5502.5385742188	0.0000000000	25.6036364783	25.5866377883
38	1	3887235235952849394	10324198887431388283	12490040940730449005	18153965599586566462	-5502.5458984375	0.0000000000	18.7901986145	42.4117866583
10	62	3715343508190632273	7011268860006268306	8655165151803363445	14753195463433966728	-5502.5478515625	0.0000000000	29.2562299802	12.7654785992
67	5	303163103940296667	2149484152715392458	375960177818479215	3441137450093654956	-5502.5585937500	0.0000000000	10.7534682052	32.8355725835
8	20	8992346648558435547	13355927625687165021	15139427909399700288	16942766512353385545	-5502.5678710938	0.0000000000	30.4860734965	25.6159346633
91	20	442166951684299261	13355927625687165021	442166951684299261	1283863629157994074	-5502.5815429688	0.0000000000	3.6157620786	25.6296065383
1	7	10324198887431388283	15571085747497726625	14052797500336335138	16000128319572185285	-5502.6113281250	0.0000000000	42.4772163458	30.6614725420
95	30	1269677664921442142	7858847987573124453	65763457129099888	12472272944162045406	-5502.6186523438	0.0000000000	2.7896694936	20.9034057302
15	36	3773740555311062023	10369745369462594300	2113914810558521353	13547360347205809673	-5502.6611328125	0.0000000000	26.5516593082	19.9112465712
12	6	14938178270134821508	16894134299124238804	12314796469903526016	17941663945246397132	-5502.6674804688	0.0000000000	27.4823364067	31.0974961634
1	96	10324198887431388283	14922418272091202393	1169999599876096171	16530616297304613566	-5502.6699218750	0.0000000000	42.5358100958	2.6971751491
0	80	10667474865877392284	11254879324197340454	7352435275346549480	9624663447257099037	-5502.6855468750	0.0000000000	47.7833953942	8.7142666902
91	27	442166951684299261	13931414467280736271	1979449194925321365	18402151735860585323	-5502.7324218750	0.0000000000	3.7666409849	22.3734468290
52	89	8242477299940831062	16609562587620384987	912498167238436948	16609562587620384987	-5502.7426757812	0.0000000000	15.9359985939	4.3399501948
72	0	8503372235075209266	10667474865877392284	14842810764671559178	18039224670545068099	-5502.7607421875	0.0000000000	10.1337596892	47.8585907067
58	42	4138555004563608843	6149821055044103313	9579520448618085070	12988584502827577976	-5502.7934570312	0.0000000000	14.8300489109	18.2610091707
1	40	10324198887431388283	15633704558089027375	14055471228398731069	17816655040006556999	-5502.8041992188	0.0000000000	42.6700874395	19.0192080788
60	47	230773126182757894	11947096545996455153	3140727911633567596	3596962990524554626	-5502.8051757812	0.0000000000	14.6105346959	16.9017656884
61	8	2173314438107378563	8992346648558435547	6705368559406064455	8539193312435052725	-5502.9384765625	0.0000000000	14.1654515788	30.8566789652
53	28	15405698928020597209	17027433896387945395	4756233170820635534	6959958140197948201	-5502.9477539062	0.0000000000	16.0507635564	22.0297977710
5	96	2149484152715392458	14922418272091202393	343604300007645080	1668082068467625620	-5502.9667968750	0.0000000000	33.2437757085	2.9940501491
72	6	8503372235075209266	16894134299124238804	13309535601060536331	15789829143215491352	-5502.9736328125	0.0000000000	10.3466503142	31.4036485072
74	70	279844733889261352	1592214687186736870	3979395479197932466	6252794225676188900	-5502.9765625000	0.0000000000	10.0141260879	10.9054377947
20	40	13355927625687165021	15633704558089027375	6350787659210506733	6815249888374627929	-5503.0185546875	0.0000000000	26.0666182571	19.2335635475
100	13	3742391230315232177	10079227655342552495	3859115596948006296	8738331588093297006	-5503.0268554688	0.0000000000	1.2055987186	27.2812184217
19	4	7692821074440121912	16923322824322317466	8514202696591460374	16131852596425432569	-5503.0327148438	0.0000000000	26.0977771033	33.3612249054
17	49	429853561211997818	7823186920941671451	663524281232357158	10926232892404018637	-5503.0444335938	0.0000000000	26.8257752713	16.5216034911
5	10	2149484152715392458	3715343508190632273	15027881886180434208	16047810563233965542	-5503.0546875000	0.0000000000	33.3316663335	29.7630659177
69	79	2087039987532444631	2501211020233769820	6886781450493021465	13627308093794513602	-5503.0673828125	0.0000000000	11.0810817953	9.4848625488
76	11	2747588696662623730	17799708269756447471	6971757166077875449	13858423410064218165	-5503.0751953125	0.0000000000	9.5904648611	29.3066473750
79	6	2501211020233769820	16894134299124238804	11562920398976387635	13066527851116224098	-5503.0766601562	0.0000000000	9.4941398925	31.5066758509
9	10	2439594373950395860	3715343508190632273	1528499073485792927	15897070592505131324	-5503.1059570312	0.0000000000	30.2997366751	29.8143354490
54	3	10494363557995427270	14093486591111374668	451391091759331985	15050143183463900229	-5503.1459960938	0.0000000000	15.9146202042	37.1556314294
15	11	3773740555311062023	17799708269756447471	18089688927855670156	18347158823486534147	-5503.1508789062	0.0000000000	27.0414054019	29.3823309688
38	11	3887235235952849394	17799708269756447471	6455323667522794963	14215427667402191795	-5503.1562500000	0.0000000000	19.4005501770	29.3877020625
10	4	3715343508190632273	16923322824322317466	6246587135613787503	17620502520523402917	-5503.1611328125	0.0000000000	29.8695112302	33.4896428741
72	75	8503372235075209266	14608757246259334758	2874237008361038891	15295751916370714431	-5503.1855468750	0.0000000000	10.5585643767	10.0825276884
43	11	9188283139325803671	17799708269756447471	3654080390316904076	7030931836526738017	-5503.1909179688	0.0000000000	18.4379596650	29.4223700313
48	2	11384733198153311516	13107051123224136067	2430529266871058348	13575419453435296674	-5503.2099609375	0.0000000000	17.0763647113	40.5958028214
72	1	8503372235075209266	10324198887431388283	5238811861972381471	17502004923895978045	-5503.2407226562	0.0000000000	10.6137401580	43.1066108770
19	80	7692821074440121912	11254879324197340454	3530547611041659338	9429874157644444370	-5503.3071289062	0.0000000000	26.3721911658	9.3358487215
79	64	2501211020233769820	9696301458210436234	1897257271535978602	12267626041181223158	-5503.3251953125	0.0000000000	9.7426750488	12.8886114365
5	4	2149484152715392458	16923322824322317466	4580916698862271693	6665316758296084263	-5503.3286132812	0.0000000000	33.6055921147	33.6571233429
48	6	11384733198153311516	16894134299124238804	7408979647366139009	14361818836121090731	-5503.3330078125	0.0000000000	17.1994115863	31.7630235072
53	6	15405698928020597209	16894134299124238804	7408979647366139009	13767254549237938814	-5503.3330078125	0.0000000000	16.4360174627	31.7630235072
40	6	15633704558089027375	16894134299124238804	2648594979866936635	9661643780227531209	-5503.3662109375	0.0000000000	19.5812197975	31.7962266322
87	13	5601208716039951663	10079227655342552495	28050320860068840	8796463914865535839	-5503.3774414062	0.0000000000	6.1285640751	27.6318043592
35	47	1374669322539188936	11947096545996455153	7495853170570634490	15173280284989611592	-5503.3886718750	0.0000000000	20.7235685892	17.4852617822
79	2	2501211020233769820	13107051123224136067	245939254172896929	8441250405030997352	-5503.4008789062	0.0000000000	9.8183586425	40.7867207901
5	33	2149484152715392458	10368442723802325466	12558886045697439512	17032687549026947622	-5503.4169921875	0.0000000000	33.6939710210	21.1865025780
1	34	10324198887431388283	14097627609532728280	5598547953335874341	11910864666696191471	-5503.4204101562	0.0000000000	43.2862983770	20.9435115455
34	53	14097627609532728280	15405698928020597209	10151360961643763175	14836833662201556958	-5503.4306640625	0.0000000000	20.9537654518	16.5336737127
1	92	10324198887431388283	10367805946812379509	10367805946812379509	14242115085367585922	-5503.4492187500	0.0000000000	43.3151069708	4.2645487464
29	101	520324629128040228	9781730914178405044	9156463122427563478	9781730914178405044	-5503.4648437500	0.0000000000	21.7995605409	1.2493704704
58	2	4138555004563608843	13107051123224136067	9569750175237804726	16310699599772515678	-5503.4687500000	0.0000000000	15.5053418796	40.8545918839
10	31	3715343508190632273	16657069432005198003	6508273658437631927	15983081951947431675	-5503.4716796875	0.0000000000	30.1800581052	21.7027700792
62	31	7011268860006268306	16657069432005198003	8655165151803363445	15983081951947431675	-5503.4716796875	0.0000000000	13.6893067242	21.7027700792
81	3	3175835436065505467	14093486591111374668	10260798402559843459	13575375970538008615	-5503.4936523438	0.0000000000	8.9705779299	37.5032876794
22	3	3990398796172833387	14093486591111374668	13745557733964222445	16302729100650295411	-5503.4960937500	0.0000000000	25.5878791879	37.5057290857
13	28	10079227655342552495	17027433896387945395	8369140128919876724	15342370507943561126	-5503.5043945312	0.0000000000	27.7587574842	22.5864383960
97	3	5828997022151569970	14093486591111374668	2418441769735623256	12921672576629557239	-5503.5122070312	0.0000000000	3.2532971801	37.5218423669
19	45	7692821074440121912	10118968526249132794	7328054215691418260	10231638414071345461	-5503.5634765625	0.0000000000	26.6285388221	18.5804846112
0	44	10667474865877392284	13956310948762308203	2887333564924848932	5019343788275775934	-5503.6083984375	0.0000000000	48.7062469567	18.8228989858
38	12	3887235235952849394	14938178270134821508	3346813788813352486	11937701010205407638	-5503.6176757812	0.0000000000	19.8619759583	28.4325317192
10	11	3715343508190632273	17799708269756447471	3522414431326695193	14960517226807084931	-5503.6191406250	0.0000000000	30.3275190427	29.8505926875
6	98	16894134299124238804	18248472685024111301	4067059016139958004	9915848442064628866	-5503.6298828125	0.0000000000	32.0598985072	2.9449246153
5	51	2149484152715392458	3374397758373242900	4252402032608596130	14258270792421057983	-5503.6865234375	0.0000000000	33.9635022710	16.9108754911
16	53	12201523437214473668	15405698928020597209	4165128888775418055	5165404607552701461	-5503.7270507812	0.0000000000	27.5432043676	16.8300604314
94	11	9222751215651972858	17799708269756447471	11069630351037333115	17132962886865162518	-5503.7465820312	0.0000000000	4.1291684160	29.9780340938
2	21	13107051123224136067	15016803418478563936	4548200353824140458	5221416508422908125	-5503.7631835938	0.0000000000	41.1490254776	26.2449891357
5	27	2149484152715392458	13931414467280736271	903595746023522249	15542907949441681732	-5503.7788085938	0.0000000000	34.0557874272	23.4198335477
36	0	10369745369462594300	10667474865877392284	17021368949509025997	18051921936443244010	-5503.7836914062	0.0000000000	21.0338051649	48.8815399254
35	81	1374669322539188936	3175835436065505467	4876641298214300589	8163098523918612041	-5503.7954101562	0.0000000000	21.1303068705	9.2723357424
30	75	7858847987573124453	14608757246259334758	5335033933268418524	12014291550990477887	-5503.8056640625	0.0000000000	22.0904174490	10.7026448759
45	16	10118968526249132794	12201523437214473668	5278723670618847213	17972268265071083021	-5503.8134765625	0.0000000000	18.8304846112	27.6296301488
64	0	9696301458210436234	10667474865877392284	4557693458914073469	15094629305900135288	-5503.8251953125	0.0000000000	13.3886114365	48.9230438317
77	11	7437397082061112758	17799708269756447471	2988945030451692064	13160953370077253910	-5503.8271484375	0.0000000000	10.3194709919	30.0586005000
57	12	9692447327446626127	14938178270134821508	7624215578775334117	18263285459449595886	-5503.8276367188	0.0000000000	15.9969131988	28.6424926567
8	31	8992346648558435547	16657069432005198003	4551008744014621119	6613406388355650327	-5503.8515625000	0.0000000000	31.7697649027	22.0826528917
46	1	7251700801891077616	10324198887431388283	8453731002093714065	15421676218666802345	-5503.8588867188	0.0000000000	18.8366059312	43.7247749395
69	1	2087039987532444631	10324198887431388283	5457504427629677616	10945755694631816043	-5503.8764648438	0.0000000000	11.8901638265	43.7423530645
7	6	15571085747497726625	16894134299124238804	6298703870405805392	14007533478943111016	-5503.8833007812	0.0000000000	31.9334451982	32.3133164759
19	21	7692821074440121912	15016803418478563936	4063846648582222281	10143868507932847091	-5503.8847656250	0.0000000000	26.9498278846	26.3665711670
60	98	230773126182757894	18248472685024111301	6610200430960832111	6862062744978891832	-5503.9033203125	0.0000000000	15.7086792272	3.2183621153
60	56	230773126182757894	11357898340897756903	10717253346803595017	17217426809956238224	-5503.9067382812	0.0000000000	15.7120971959	16.0865490047
38	19	3887235235952849394	7692821074440121912	11586830368222349329	12349075821333268884	-5503.9082031250	0.0000000000	20.1525033020	26.9732653846
1	55	10324198887431388283	11851817067206489169	339611847010655179	1149414348536077544	-5503.9384765625	0.0000000000	43.8043647833	16.3313312782
12	11	14938178270134821508	17799708269756447471	958641323212516302	11255465826612770010	-5503.9633789062	0.0000000000	28.7782348442	30.1948309688
44	53	13956310948762308203	15405698928020597209	5636096092043476223	14834602187273046336	-5504.0004882812	0.0000000000	19.2149888296	17.1034979314
87	6	5601208716039951663	16894134299124238804	2950048907967335078	7255033796053009413	-5504.0097656250	0.0000000000	6.7608882938	32.4397813197
46	21	7251700801891077616	15016803418478563936	11664604960784100503	14170081921508210834	-5504.0156250000	0.0000000000	18.9933442124	26.4974305420
70	75	1592214687186736870	14608757246259334758	1898946717606521743	2476401634287888499	-5504.0600585938	0.0000000000	11.9889338884	10.9570394072
100	2	3742391230315232177	13107051123224136067	3742391230315232177	13823111762910851706	-5504.0859375000	0.0000000000	2.2646807499	41.4717793839
41	2	4688636836818565261	13107051123224136067	1095555771652720333	5956367556646511303	-5504.0888671875	0.0000000000	19.5822390967	41.4747090714
8	16	8992346648558435547	12201523437214473668	7350867263133239218	13645212265215866924	-5504.1025390625	0.0000000000	32.0207414652	27.9186926488
74	78	279844733889261352	14809137665620150592	5658034978168941694	13384964800799844882	-5504.1376953125	0.0000000000	11.1752589004	10.5687704262
38	22	3887235235952849394	3990398796172833387	9939978573162133953	18162747462695343394	-5504.1430664062	0.0000000000	20.3873665833	26.2348518441
77	25	7437397082061112758	16550426852500463777	10793119901839217255	11053695220068971756	-5504.1889648438	0.0000000000	10.6812873982	24.9634769532
24	79	58338521781336478	2501211020233769820	1897257271535978602	16551354246588550607	-5504.2026367188	0.0000000000	25.0827503939	10.6201164550
35	75	1374669322539188936	14608757246259334758	8241215661497975641	12098573948271859516	-5504.2026367188	0.0000000000	21.5375334330	11.0996175322
14	18	12938275795804049604	17473836722014595788	16081568544774849305	18419087189796200457	-5504.2153320312	0.0000000000	28.3646319682	27.3422223826
0	6	10667474865877392284	16894134299124238804	6345936729514726931	6700983696984467741	-5504.2387695312	0.0000000000	49.3366180504	32.6687852259
17	14	429853561211997818	12938275795804049604	9240292897036787956	12261142083186810276	-5504.2680664062	0.0000000000	28.0494080838	28.4173663432
69	42	2087039987532444631	6149821055044103313	9774847531306431997	16903142241493655153	-5504.2690429688	0.0000000000	12.2827419515	19.7365951082
13	25	10079227655342552495	16550426852500463777	7947849406248401700	8630709977857060056	-5504.2783203125	0.0000000000	28.5326832655	25.0528324219
77	53	7437397082061112758	15405698928020597209	8314430891372625712	14796577026860914113	-5504.3530273438	0.0000000000	10.8453498982	17.4560369939
26	9	167167149883495741	2439594373950395860	11491211705029553041	14432181812402079216	-5504.3642578125	0.0000000000	25.0487885248	31.5580374564
87	77	5601208716039951663	7437397082061112758	7992965183650439653	10468332871406466762	-5504.3764648438	0.0000000000	7.1275875126	10.8687873982
100	3	3742391230315232177	14093486591111374668	7955749388910839741	9344637396227829137	-5504.3925781250	0.0000000000	2.5713213749	38.4022134607
86	31	2181137809313707726	16657069432005198003	15641876996039810519	15757880078998955093	-5504.4365234375	0.0000000000	7.8507684136	22.6676138292
26	8	167167149883495741	8992346648558435547	2399128342019604302	17518880307069699386	-5504.4472656250	0.0000000000	25.1317963373	32.3654680277
60	37	230773126182757894	12249581567144989954	5907667127145630836	15346485055564170146	-5504.4511718750	0.0000000000	16.2565307897	20.9183821841
91	7	442166951684299261	15571085747497726625	8364976378473436394	14414276884194272491	-5504.5146484375	0.0000000000	5.5488675474	32.5647928545
91	8	442166951684299261	8992346648558435547	11022637528619454980	14414276884194272491	-5504.5146484375	0.0000000000	5.5488675474	32.4328508402
95	2	1269677664921442142	13107051123224136067	10497189492299417359	17218453774577770869	-5504.5356445312	0.0000000000	4.7066616811	41.9214864151
70	78	1592214687186736870	14809137665620150592	11273241570197499541	14610210653311039016	-5504.5532226562	0.0000000000	12.4820979509	10.9842977700
26	77	167167149883495741	7437397082061112758	1771371251250197151	4595170613199957724	-5504.5668945312	0.0000000000	25.2514252435	11.0592170857
57	1	9692447327446626127	10324198887431388283	11125834483128136439	16878805131057969279	-5504.5732421875	0.0000000000	16.7425186675	44.4391304083
79	92	2501211020233769820	10367805946812379509	2750596600980986972	10281399821579211106	-5504.5834960938	0.0000000000	11.0009758300	5.3988260901
55	75	11851817067206489169	14608757246259334758	655079987771755620	5931804990805138281	-5504.5888671875	0.0000000000	16.9817219032	11.4858480009
15	54	3773740555311062023	10494363557995427270	5990110377895515260	14518126321860264065	-5504.6059570312	0.0000000000	28.4964835269	17.3745811417
92	68	10367805946812379509	13171866292654863094	14961780798166287777	17585774763950090806	-5504.6166992188	0.0000000000	5.4320292151	12.6482461163
93	68	3242482612805492339	13171866292654863094	420393559252770939	17381059685683887124	-5504.6289062500	0.0000000000	5.1710106814	12.6604531475
64	3	9696301458210436234	14093486591111374668	949334212424185923	8924711469715294046	-5504.6303710938	0.0000000000	14.1937872177	38.6400064294
61	45	2173314438107378563	10118968526249132794	15859635989968976148	16691917951327214536	-5504.6621093750	0.0000000000	15.8890843913	19.6791174237
79	15	2501211020233769820	3773740555311062023	2213391361400743775	4820810420086295733	-5504.6777343750	0.0000000000	11.0952141113	28.5682608707
82	96	13012805549261864440	14922418272091202393	4889800532751917191	14796774164593175164	-5504.7050781250	0.0000000000	9.3540254905	4.7323313991
25	4	16550426852500463777	16923322824322317466	6463865891408236065	16760245716696972684	-5504.7060546875	0.0000000000	25.4805667969	35.0345647491
33	14	10368442723802325466	12938275795804049604	1859018186956074990	10939427739105938201	-5504.7060546875	0.0000000000	22.4755650780	28.8553546245
15	7	3773740555311062023	15571085747497726625	6309024622149492278	15107423740700020857	-5504.7636718750	0.0000000000	28.6541983707	32.8138162920
5	25	2149484152715392458	16550426852500463777	3399176931596404564	7906647540798673676	-5504.7900390625	0.0000000000	35.0670178960	25.5645511719
82	68	13012805549261864440	13171866292654863094	2117110154259471131	4887983875108275234	-5504.8173828125	0.0000000000	9.4663301780	12.8489297100
10	21	3715343508190632273	15016803418478563936	484011021532095917	7258496503773375755	-5504.8408203125	0.0000000000	31.5491987302	27.3226258545
77	80	7437397082061112758	11254879324197340454	3104661614605663645	15954776214952427369	-5504.8427734375	0.0000000000	11.3350959919	10.8714932527
39	98	8936177091956132308	18248472685024111301	5395767800450367882	8624501513782760064	-5504.8481445312	0.0000000000	21.0704235523	4.1631863340
67	16	303163103940296667	12201523437214473668	10877643774141268320	17998831633017711601	-5504.8540039062	0.0000000000	13.0488783615	28.6701574926
48	104	11384733198153311516	16298007830431462257	6356810034320547501	15673508056667758428	-5504.9311523438	0.0000000000	18.7975561176	0.7311561789
57	40	9692447327446626127	15633704558089027375	1464694384441801234	7624215578775334117	-5504.9404296875	0.0000000000	17.1097061675	21.1554385475
0	89	10667474865877392284	16609562587620384987	5363992184284212298	16573384712696724276	-5504.9521484375	0.0000000000	50.0499969567	6.5494228511
26	67	167167149883495741	303163103940296667	9725118399592356877	10424758461981870254	-5504.9541015625	0.0000000000	25.6386322748	13.1489760177
24	28	58338521781336478	17027433896387945395	2629890447589382795	8870803943611542236	-5504.9638671875	0.0000000000	25.8439808626	24.0459110523
28	11	17027433896387945395	17799708269756447471	2114218922440212133	8870803943611542236	-5504.9638671875	0.0000000000	24.0459110523	31.1953192500
56	44	11357898340897756903	13956310948762308203	1043579945530683814	9976046760571743340	-5504.9648437500	0.0000000000	17.1446544734	20.1793442983
49	44	7823186920941671451	13956310948762308203	5863223498699823216	7459499919227101354	-5505.0000000000	0.0000000000	18.4771698974	20.2145005483
24	72	58338521781336478	8503372235075209266	4407520832027065001	14624023195875146933	-5505.0107421875	0.0000000000	25.8908558626	12.3837596892
70	8	1592214687186736870	8992346648558435547	12007040252417306257	12484243996867679979	-5505.0141601562	0.0000000000	12.9430354509	32.9323625590
61	2	2173314438107378563	13107051123224136067	6728870548714944953	14914394601998726063	-5505.0258789062	0.0000000000	16.2528539226	42.4117207901
2	96	13107051123224136067	14922418272091202393	11240025403805664116	12720594729345360352	-5505.0415039062	0.0000000000	42.4273457901	5.0687571804
45	56	10118968526249132794	11357898340897756903	1077581827845358182	17511015877116990462	-5505.0576171875	0.0000000000	20.0746252362	17.2374279109
15	45	3773740555311062023	10118968526249132794	7028688138162137926	9890617333647316400	-5505.0712890625	0.0000000000	28.9618155582	20.0882971112
81	25	3175835436065505467	16550426852500463777	4103622593677282614	6273447191978802467	-5505.0742187500	0.0000000000	10.5511443361	25.8487308594
45	18	10118968526249132794	17473836722014595788	6193785207578564707	7028688138162137926	-5505.0932617188	0.0000000000	20.1102697675	28.2201520701
101	25	9781730914178405044	16550426852500463777	3445202542564246655	10751441954103316422	-5505.0932617188	0.0000000000	2.8777884391	25.8677738282
61	11	2173314438107378563	17799708269756447471	2263386460351602102	15172534722195758959	-5505.1152343750	0.0000000000	16.3422093913	31.3466864375
15	68	3773740555311062023	13171866292654863094	1646685942736311623	1842880338692060334	-5505.1337890625	0.0000000000	29.0243155582	13.1653359600
37	12	12249581567144989954	14938178270134821508	2324089429354529963	15888532727250970289	-5505.1445312500	0.0000000000	21.6117415591	29.9593871880
29	9	520324629128040228	2439594373950395860	8101022936482677209	9348673174131221314	-5505.1713867188	0.0000000000	23.5061035097	32.3651663626
40	11	15633704558089027375	17799708269756447471	3538274735216708944	11479748749188907165	-5505.1958007812	0.0000000000	21.4108096413	31.4272528438
24	60	58338521781336478	230773126182757894	117449640108178670	11337268386808013736	-5505.2031250000	0.0000000000	26.0832386751	17.0084839147
95	47	1269677664921442142	11947096545996455153	7085989907697267847	11919956232073171500	-5505.2089843750	0.0000000000	5.3800015248	19.3055742822
1	54	10324198887431388283	10494363557995427270	204382460156940991	9334462721830251390	-5505.2143554688	0.0000000000	45.0802436895	17.9829795792
10	34	3715343508190632273	14097627609532728280	12040027233564418724	13596520127142396824	-5505.2377929688	0.0000000000	31.9461713865	22.7608943580
42	66	6149821055044103313	18431247209864649693	6111059741603540052	15672369631050228262	-5505.2441406250	0.0000000000	20.7116927644	13.4749893043
15	4	3773740555311062023	16923322824322317466	926768116869029351	14548916538023063081	-5505.2768554688	0.0000000000	29.1673819644	35.6053655304
9	33	2439594373950395860	10368442723802325466	1859018186956074990	13351714937663863320	-5505.2836914062	0.0000000000	32.4774710501	23.0532017968
8	68	8992346648558435547	13171866292654863094	1025033596057020182	15525100876270496389	-5505.2968750000	0.0000000000	33.2150774027	13.3284218975
46	3	7251700801891077616	14093486591111374668	1229333446659155130	14885475483056319609	-5505.2988281250	0.0000000000	20.2765473374	39.3084634607
73	41	541435687269551760	4688636836818565261	1547651819495351313	11415564974965344158	-5505.3129882812	0.0000000000	12.5399480595	20.8063601904
24	43	58338521781336478	9188283139325803671	47628435904157778	3788597212077678105	-5505.3256835938	0.0000000000	26.2057972689	20.5727252900
63	75	1399070161628260596	14608757246259334758	447048059442909032	8543543703055355902	-5505.3276367188	0.0000000000	15.1665266385	12.2246175322
42	6	6149821055044103313	16894134299124238804	10716311241882187665	11034312738950801786	-5505.3452148438	0.0000000000	20.8127669832	33.7752305384
5	92	2149484152715392458	10367805946812379509	7517804657867296032	10281399821579211106	-5505.3544921875	0.0000000000	35.6314710210	6.1698221839
68	96	13171866292654863094	14922418272091202393	420393559252770939	3967765555015055477	-5505.3828125000	0.0000000000	13.4143593975	5.4100657741
19	16	7692821074440121912	12201523437214473668	3245401965208809409	16880574006744270842	-5505.3969726562	0.0000000000	28.4620349158	29.2131262426
9	25	2439594373950395860	16550426852500463777	1270096819587064379	10750998367122489628	-5505.4057617188	0.0000000000	32.5995413626	26.1802738282
19	66	7692821074440121912	18431247209864649693	3322654460131884852	7292432100465590014	-5505.4340820312	0.0000000000	28.4991442908	13.6649307105
29	14	520324629128040228	12938275795804049604	3129311270183903222	12914946897581631261	-5505.4345703125	0.0000000000	23.7692871034	29.5838702495
38	58	3887235235952849394	4138555004563608843	697112442415462064	14533290936755400840	-5505.4472656250	0.0000000000	21.6915658020	17.4838575046
60	104	230773126182757894	16298007830431462257	14585782658030926880	16298007830431462257	-5505.4912109375	0.0000000000	17.2965698522	1.2912147726
79	0	2501211020233769820	10667474865877392284	2684163493034660672	16832561042200980212	-5505.5195312500	0.0000000000	11.9370109863	50.6173797692
79	96	2501211020233769820	14922418272091202393	4889800532751917191	9311094538385837613	-5505.6166992188	0.0000000000	12.0341789550	5.6439524929
3	102	14093486591111374668	16966479684116941053	12540557204124021091	15056145876741692633	-5505.6499023438	0.0000000000	39.6595376794	2.4888661767
79	93	2501211020233769820	3242482612805492339	5530590643434703488	8890017544374473604	-5505.6982421875	0.0000000000	12.1157219238	6.2403466189
12	21	14938178270134821508	15016803418478563936	4159900026107248139	4331124727200230800	-5505.7172851562	0.0000000000	30.5321410942	28.1990906982
97	2	5828997022151569970	13107051123224136067	2418441769735623256	2623483263063686168	-5505.7949218750	0.0000000000	5.5360120238	43.1807637589
0	55	10667474865877392284	11851817067206489169	2039998860036773147	9918554958989946939	-5505.7954101562	0.0000000000	50.8932586754	18.1882648719
71	1	2579019396016879642	10324198887431388283	15294574243682290708	15931591965638620353	-5505.8134765625	0.0000000000	13.3186346227	45.6793647833
69	0	2087039987532444631	10667474865877392284	818774559415118440	16073016066994356903	-5505.8168945312	0.0000000000	13.8305935140	50.9147430504
38	44	3887235235952849394	13956310948762308203	10764485430611556277	15506380329291666009	-5505.8256835938	0.0000000000	22.0699837708	21.0401841421
45	105	10118968526249132794	13728310634633545021	6097605279044665559	13728310634633545021	-5505.8276367188	0.0000000000	20.8446447675	0.4216515418
99	94	3770798787649587355	9222751215651972858	7638323959890925419	9447247913174849055	-5505.8334960938	0.0000000000	4.1797523575	6.2160824785
19	72	7692821074440121912	8503372235075209266	10383784537789976365	11332618242278833808	-5505.8408203125	0.0000000000	28.9058825721	13.2138378142
61	82	2173314438107378563	13012805549261864440	2292983480710842466	12285217273448986567	-5505.8676757812	0.0000000000	17.0946507976	10.5166231468
3	96	14093486591111374668	14922418272091202393	6597319684192020581	12545604090831954929	-5505.8774414062	0.0000000000	39.8870767419	5.9046946804
22	57	3990398796172833387	9692447327446626127	15445841434125515955	17142671255253819413	-5505.9052734375	0.0000000000	27.9970588754	18.0745499175
1	65	10324198887431388283	15378060113354634737	12994855259480739525	15258824406994755386	-5505.9345703125	0.0000000000	45.8004585333	14.3149714911
87	102	5601208716039951663	16966479684116941053	1503656814284580791	12540557204124021091	-5505.9428710938	0.0000000000	8.6939937626	2.7818349267
29	0	520324629128040228	10667474865877392284	7055603698342677357	14629104863702046977	-5505.9482421875	0.0000000000	24.2829589784	51.0460907067
58	21	4138555004563608843	15016803418478563936	15617826658602294707	18338920745456452384	-5505.9760742188	0.0000000000	18.0126660984	28.4578797607
61	0	2173314438107378563	10667474865877392284	11829341107358711809	17223098535044049105	-5505.9780273438	0.0000000000	17.2050023601	51.0758758629
49	3	7823186920941671451	14093486591111374668	9216199498192937814	12889445885953400216	-5506.0039062500	0.0000000000	19.4810761474	40.0135415857
24	9	58338521781336478	2439594373950395860	265899412419380870	5611542944946486737	-5506.0063476562	0.0000000000	26.8864613314	33.2001273001
95	46	1269677664921442142	7251700801891077616	3219076110254751270	17218453774577770869	-5506.0073242188	0.0000000000	6.1783413686	20.9850434312
81	38	3175835436065505467	3887235235952849394	15395987590033177769	17231781956281052742	-5506.0107421875	0.0000000000	11.4876677736	22.2550423645
24	98	58338521781336478	18248472685024111301	113930871435017504	7629207695675348154	-5506.0283203125	0.0000000000	26.9084339876	5.3433621153
10	58	3715343508190632273	4138555004563608843	2143183556739245778	13510074322529146704	-5506.0439453125	0.0000000000	32.7523237302	18.0805371921
49	82	7823186920941671451	13012805549261864440	11774057282846148347	15901087934013105249	-5506.0859375000	0.0000000000	19.5631073974	10.7348848655
26	15	167167149883495741	3773740555311062023	2315364288580890923	5935328683595618071	-5506.1000976562	0.0000000000	26.7846283685	29.9906241519
5	64	2149484152715392458	9696301458210436234	10628996025403227618	14861038376034341512	-5506.1049804688	0.0000000000	36.3819593022	15.6683965927
81	30	3175835436065505467	7858847987573124453	4876641298214300589	8012794977334046723	-5506.1127929688	0.0000000000	11.5897185549	24.3975463552
13	78	10079227655342552495	14809137665620150592	1494998321429748551	6849729550128520166	-5506.1425781250	0.0000000000	30.3969410780	12.5736532387
16	11	12201523437214473668	17799708269756447471	10877643774141268320	17162029653045795059	-5506.1430664062	0.0000000000	29.9592199926	32.3745184688
86	7	2181137809313707726	15571085747497726625	6585310735183983018	15641876996039810519	-5506.1445312500	0.0000000000	9.5587762261	34.1946756670
17	19	429853561211997818	7692821074440121912	3918741162412602077	12891718929660046509	-5506.1689453125	0.0000000000	29.9502869900	29.2340075721
58	102	4138555004563608843	16966479684116941053	9346494414731093067	12540557204124021091	-5506.1699218750	0.0000000000	18.2065137546	3.0088857079
59	30	2239142532014743282	7858847987573124453	637892391669561641	8174226216448641895	-5506.1928710938	0.0000000000	18.1937900336	24.4776244802
91	2	442166951684299261	13107051123224136067	10315172667798848651	18110499850054750692	-5506.1972656250	0.0000000000	7.2314847349	43.5831075089
87	55	5601208716039951663	11851817067206489169	1925720273658402857	2161720389701879912	-5506.2177734375	0.0000000000	8.9688961063	18.6106281532
77	30	7437397082061112758	7858847987573124453	8892920033505332635	8997153864961013046	-5506.2353515625	0.0000000000	12.7276741169	24.5201049490
42	96	6149821055044103313	14922418272091202393	16645335115903180724	17201603144676756306	-5506.2373046875	0.0000000000	21.7048568269	6.2645579616
97	42	5828997022151569970	6149821055044103313	1719966636855503525	16645335115903180724	-5506.2373046875	0.0000000000	5.9783948363	21.7048568269
70	13	1592214687186736870	10079227655342552495	4584461183720321415	16091174903460116682	-5506.2788085938	0.0000000000	14.2076838884	30.5331715467
70	31	1592214687186736870	16657069432005198003	4403885049250727399	16593748813859758862	-5506.2812500000	0.0000000000	14.2101252947	24.5123403917
31	6	16657069432005198003	16894134299124238804	762607001404983579	1936734408456470993	-5506.2851562500	0.0000000000	24.5162466417	34.7151719447
54	2	10494363557995427270	13107051123224136067	12570459018634435492	18103665332703405387	-5506.2885742188	0.0000000000	19.0571983292	43.6744161026
54	18	10494363557995427270	17473836722014595788	5990110377895515260	12180109016578027772	-5506.2939453125	0.0000000000	19.0625694229	29.4208356638
43	0	9188283139325803671	10667474865877392284	3804121875689237948	5308023356442185432	-5506.2983398438	0.0000000000	21.5453815400	51.3961883629
92	6	10367805946812379509	16894134299124238804	11750008058133039123	16002576682604855829	-5506.3149414062	0.0000000000	7.1302714026	34.7449571009
57	20	9692447327446626127	13355927625687165021	2440435257094236937	7309316696981181755	-5506.3217773438	0.0000000000	18.4910538238	29.3698409133
8	34	8992346648558435547	14097627609532728280	12921214692419841582	13920305641895858015	-5506.3256835938	0.0000000000	34.2438859965	23.8487849830
21	4	15016803418478563936	16923322824322317466	1233700240618853683	10774646736198580992	-5506.3515625000	0.0000000000	28.8333680420	36.6800725616
38	21	3887235235952849394	15016803418478563936	4051804908616025673	10774646736198580992	-5506.3515625000	0.0000000000	22.5958626770	28.8333680420
38	65	3887235235952849394	15378060113354634737	13000491961167855134	14520652553272607231	-5506.3730468750	0.0000000000	22.6173470520	14.7534480536
8	43	8992346648558435547	9188283139325803671	9145054710795800296	13962875937713509480	-5506.3769531250	0.0000000000	34.2951555277	21.6239948213
101	37	9781730914178405044	12249581567144989954	6465588454991598792	9781730914178405044	-5506.4472656250	0.0000000000	4.2317923454	22.9144759341
22	37	3990398796172833387	12249581567144989954	12925983746853035082	13874709363881858219	-5506.4487304688	0.0000000000	28.5405159066	22.9159407779
17	61	429853561211997818	2173314438107378563	7830798823764276484	13901410742418774968	-5506.4589843750	0.0000000000	30.2403260525	17.6859593913
81	77	3175835436065505467	7437397082061112758	4103622593677282614	18293260346499305017	-5506.4609375000	0.0000000000	11.9378630861	12.9532600544
59	48	2239142532014743282	11384733198153311516	6419068572519830615	16819463486856384454	-5506.4687500000	0.0000000000	18.4696689398	20.3351537738
24	17	58338521781336478	429853561211997818	1451922822502250059	10106398020740127163	-5506.4838867188	0.0000000000	27.3640003939	30.2652283963
29	13	520324629128040228	10079227655342552495	5747934634515127379	14629104863702046977	-5506.5019531250	0.0000000000	24.8366699159	30.7563160780
5	42	2149484152715392458	6149821055044103313	57589576046888207	13731005162715279206	-5506.5175781250	0.0000000000	36.7945569585	21.9851302644
91	95	442166951684299261	1269677664921442142	3332821132695648060	15914621470924097908	-5506.5585937500	0.0000000000	7.5928128599	6.7296108998
56	4	11357898340897756903	16923322824322317466	12727404265418195473	12945635244698974751	-5506.5629882812	0.0000000000	18.7427990047	36.8914983429
13	75	10079227655342552495	14608757246259334758	5931804990805138281	9932764903957701963	-5506.5634765625	0.0000000000	30.8178395155	13.4604573759
2	66	13107051123224136067	18431247209864649693	12666822757728301758	15454896724562530441	-5506.5727539062	0.0000000000	43.9585957901	14.8036025855
19	13	7692821074440121912	10079227655342552495	9880622761253922014	16267349326666538401	-5506.6088867188	0.0000000000	29.6739489783	30.8632496717
93	82	3242482612805492339	13012805549261864440	2224063408225214598	16404498559785452396	-5506.6284179688	0.0000000000	7.1705224001	11.2773653343
69	14	2087039987532444631	12938275795804049604	7152446417021970133	16147547662492411078	-5506.6376953125	0.0000000000	14.6513942953	30.7869952495
4	28	16923322824322317466	17027433896387945395	5309907724546204058	6923190556007980757	-5506.6801757812	0.0000000000	37.0086858429	25.7622196460
9	16	2439594373950395860	12201523437214473668	2602462642933134727	8427588671396096218	-5506.7231445312	0.0000000000	33.9169241751	30.5392981176
72	31	8503372235075209266	16657069432005198003	6530729261176740447	7042466216873168410	-5506.7548828125	0.0000000000	14.1279003142	24.9859732042
95	107	1269677664921442142	8478510142031607734	5286618122078977991	8478510142031607734	-5506.7792968750	0.0000000000	6.9503140248	0.2102466656
10	56	3715343508190632273	11357898340897756903	6456607957429659221	10925273365844818402	-5506.7797851562	0.0000000000	33.4881635740	18.9595958797
99	101	3770798787649587355	9781730914178405044	3723382904824058172	11183712566926014851	-5506.7797851562	0.0000000000	5.1260414200	4.5643118766
39	0	8936177091956132308	10667474865877392284	842672286088687893	8016614779398277157	-5506.8090820312	0.0000000000	23.0313610523	51.9069305504
74	33	279844733889261352	10368442723802325466	4667385567408403031	6123841854969545405	-5506.8178710938	0.0000000000	13.8554346816	24.5873814843
47	104	11947096545996455153	16298007830431462257	14558427890207303095	16287068221498402023	-5506.8251953125	0.0000000000	20.9217852197	2.6251991476
53	104	15405698928020597209	16298007830431462257	14558427890207303095	17355305832941864828	-5506.8251953125	0.0000000000	19.9282049627	2.6251991476
61	62	2173314438107378563	7011268860006268306	10639001446493569754	15810472563620397627	-5506.8276367188	0.0000000000	18.0546117351	17.0452637554
24	37	58338521781336478	12249581567144989954	10935608598244726490	15797106299285110149	-5506.8598632812	0.0000000000	27.7399769564	23.3270735904
8	37	8992346648558435547	12249581567144989954	11876615482743988543	14637159971602262895	-5506.9165039062	0.0000000000	34.8347063090	23.3837142154
15	28	3773740555311062023	17027433896387945395	2131234819328091740	13519873849703574922	-5506.9360351562	0.0000000000	30.8265616519	26.0180790210
32	14	3303836963991646703	12938275795804049604	696591146064972429	5028407919128378257	-5506.9384765625	0.0000000000	25.1602828987	31.0877764995
70	69	1592214687186736870	2087039987532444631	887028657777043676	3716702122595767449	-5506.9453125000	0.0000000000	14.8741877947	14.9590114828
46	50	7251700801891077616	15516788000137984293	956139483944966560	16024708082544125184	-5506.9750976562	0.0000000000	21.9528168687	20.2255767559
10	83	3715343508190632273	13586099871725120471	3575555555547280255	10065449856682911311	-5506.9824218750	0.0000000000	33.6908002927	11.6311470517
22	28	3990398796172833387	17027433896387945395	2665407446830351114	5309907724546204058	-5506.9848632812	0.0000000000	29.0766487191	26.0669071460
63	84	1399070161628260596	2564171262913545665	6469917812675876851	6863464771352830369	-5506.9902343750	0.0000000000	16.8291242947	11.1506715709
84	55	2564171262913545665	11851817067206489169	6469917812675876851	13217822691353872225	-5506.9902343750	0.0000000000	11.1506715709	19.3830890907
39	66	8936177091956132308	18431247209864649693	1648152932974614315	2652928666277688252	-5507.0053710938	0.0000000000	23.2276501148	15.2362197730
91	107	442166951684299261	8478510142031607734	8478510142031607734	14232642443596872423	-5507.0449218750	0.0000000000	8.0791409849	0.4758716656
61	31	2173314438107378563	16657069432005198003	8303514674782706455	13337015369895970217	-5507.0507812500	0.0000000000	18.2777562663	25.2818716417
61	33	2173314438107378563	10368442723802325466	12039812760750747168	13337015369895970217	-5507.0507812500	0.0000000000	18.2777562663	24.8202916405
63	101	1399070161628260596	9781730914178405044	13808606182865561818	16102537549403077171	-5507.0605468750	0.0000000000	16.8994367947	4.8450735954
62	19	7011268860006268306	7692821074440121912	3245401965208809409	14053958968803952840	-5507.0927734375	0.0000000000	17.3104004742	30.1578356971
23	21	8983620928718234954	15016803418478563936	3839508481916766955	12324896628230287793	-5507.1162109375	0.0000000000	28.6170386155	29.5980164795
58	6	4138555004563608843	16894134299124238804	520695164185050992	2812701881103429416	-5507.1220703125	0.0000000000	19.1586621921	35.5520860072
58	106	4138555004563608843	7684204559276021956	5049520858216754783	7684204559276021956	-5507.1621093750	0.0000000000	19.1987012546	0.9491285136
4	18	16923322824322317466	17473836722014595788	44949414615251566	4192719127299936675	-5507.1840820312	0.0000000000	37.5125920929	30.3109723826
24	19	58338521781336478	7692821074440121912	5324598343182427834	8569693633911774650	-5507.1904296875	0.0000000000	28.0705433626	30.2554919471
24	10	58338521781336478	3715343508190632273	2763058672258371619	6362913871133573953	-5507.1982421875	0.0000000000	28.0783558626	33.9066206052
26	11	167167149883495741	17799708269756447471	163634092207022183	17267198525354835626	-5507.2495117188	0.0000000000	27.9340424310	33.4809637813
84	16	2564171262913545665	12201523437214473668	2180774137538849641	15557466687928319425	-5507.2744140625	0.0000000000	11.4348512584	31.0905676488
84	34	2564171262913545665	14097627609532728280	7396875008470886078	15557466687928319425	-5507.2744140625	0.0000000000	11.4348512584	24.7975154518
95	0	1269677664921442142	10667474865877392284	5954592861562951447	10755543443278011403	-5507.2963867188	0.0000000000	7.4674038686	52.3942352379
74	2	279844733889261352	13107051123224136067	2631548077604377472	15292373789246085781	-5507.3129882812	0.0000000000	14.3505518691	44.6988301651
60	48	230773126182757894	11384733198153311516	9508183245743682339	14585782658030926880	-5507.3222656250	0.0000000000	19.1276245397	21.1886693988
9	31	2439594373950395860	16657069432005198003	736116307885563402	18439955240626995620	-5507.3408203125	0.0000000000	34.5345999564	25.5719107042
69	75	2087039987532444631	14608757246259334758	8237330340663976384	17409351193217329756	-5507.3608398438	0.0000000000	15.3745388265	14.2578206572
61	41	2173314438107378563	4688636836818565261	4568690490640633063	10639001446493569754	-5507.3720703125	0.0000000000	18.5990453288	22.8654422217
15	56	3773740555311062023	11357898340897756903	1463690477582931768	2727696324764122205	-5507.4145507812	0.0000000000	31.3050772769	19.5943615047
26	54	167167149883495741	10494363557995427270	15050143183463900229	15398352758959904243	-5507.4291992188	0.0000000000	28.1137299310	20.1978233292
8	36	8992346648558435547	10369745369462594300	1304662482299489834	12353909685621244523	-5507.4438476562	0.0000000000	35.3620500590	24.6939614149
54	14	10494363557995427270	12938275795804049604	5629193824929941036	6418029585143200107	-5507.4501953125	0.0000000000	20.2188194229	31.5994952495
67	14	303163103940296667	12938275795804049604	5629193824929941036	10857812433921965646	-5507.4501953125	0.0000000000	15.6450697677	31.5994952495
5	45	2149484152715392458	10118968526249132794	1770301172270779168	2756521904712249848	-5507.4584960938	0.0000000000	37.7354749272	22.4755041425
8	65	8992346648558435547	15378060113354634737	10446364532676026678	13294668336692289113	-5507.4619140625	0.0000000000	35.3801164652	15.8423152411
74	110	279844733889261352	6574353373524907807	6574353373524907807	15617952933835347014	-5507.4731445312	0.0000000000	14.5107081191	0.3379037307
55	37	11851817067206489169	12249581567144989954	12831024703212245619	13254383253616088085	-5507.4741210938	0.0000000000	19.8669758094	23.9413314029
87	2	5601208716039951663	13107051123224136067	7734261293938147008	12601121332273824760	-5507.4946289062	0.0000000000	10.2457515751	44.8804707901
29	2	520324629128040228	13107051123224136067	8199802272375534143	12424912057069836611	-5507.4956054688	0.0000000000	25.8303222597	44.8814473526
70	0	1592214687186736870	10667474865877392284	12484243996867679979	13245257358493590773	-5507.5000000000	0.0000000000	15.4288752947	52.5978485192
24	7	58338521781336478	15571085747497726625	262760465001892343	8786865954027991310	-5507.5161132812	0.0000000000	28.3962269564	35.5662576982
38	2	3887235235952849394	13107051123224136067	9568906156511804446	18201826840292705260	-5507.5175781250	0.0000000000	23.7618783020	44.9034200089
16	34	12201523437214473668	14097627609532728280	4367585447290086225	10974007963676378316	-5507.5273437500	0.0000000000	31.3434973363	25.0504451393
30	48	7858847987573124453	11384733198153311516	9508183245743682339	12472527584618673149	-5507.5566406250	0.0000000000	25.8413940115	21.4230443988
109	104	8288089849152396567	16298007830431462257	8882235597247868771	16659553548235829872	-5507.5810546875	0.0000000000	0.7195279403	3.3810585226
20	50	13355927625687165021	15516788000137984293	8622849615451384640	10799304481024043422	-5507.5942382812	0.0000000000	30.6423018508	20.8447173809
2	50	13107051123224136067	15516788000137984293	4550863448755386954	7657519885998994305	-5507.5976562500	0.0000000000	44.9834981339	20.8481353496
23	53	8983620928718234954	15405698928020597209	6274054161623980807	12324896628230287793	-5507.5996093750	0.0000000000	29.1004370530	20.7026190252
2	78	13107051123224136067	14809137665620150592	12660289356445627094	16711814653681520732	-5507.6083984375	0.0000000000	44.9942403214	14.0394735512
35	3	1374669322539188936	14093486591111374668	4361158328616216042	17938726161408649330	-5507.6113281250	0.0000000000	24.9462248392	41.6209634607
90	9	564253395306586288	2439594373950395860	3302582600075501386	15292897461294574897	-5507.6250000000	0.0000000000	9.0250053818	34.8187796439
19	105	7692821074440121912	13728310634633545021	6145890615508036116	15819093821199048502	-5507.6289062500	0.0000000000	30.6939685096	2.2229210731
105	89	13728310634633545021	16609562587620384987	6145890615508036116	17026613496301159590	-5507.6289062500	0.0000000000	2.2229210731	9.2261806636
17	37	429853561211997818	12249581567144989954	1794019977189571585	9632178968539353919	-5507.6401367188	0.0000000000	31.4214783963	24.1073470279
70	30	1592214687186736870	7858847987573124453	9597635522153963804	12665169179778208659	-5507.6459960938	0.0000000000	15.5748713884	25.9307494802
70	80	1592214687186736870	11254879324197340454	4802524977791617594	10410267775622890333	-5507.6459960938	0.0000000000	15.5748713884	13.6747159090
27	3	13931414467280736271	14093486591111374668	7871634269908711641	8359056630239442810	-5507.6630859375	0.0000000000	27.3041108915	41.6727212732
49	92	7823186920941671451	10367805946812379509	3569198270531276229	15301714941344451525	-5507.6811523438	0.0000000000	21.1583222411	8.4964823401
36	82	10369745369462594300	13012805549261864440	5916485123397065437	6947255114860407747	-5507.6845703125	0.0000000000	24.9346840712	12.3335176780
49	47	7823186920941671451	11947096545996455153	2654533587820769140	5524322263298243723	-5507.7001953125	0.0000000000	21.1773652099	21.7967852197
50	25	15516788000137984293	16550426852500463777	10444813135836250287	12334470562418040650	-5507.7084960938	0.0000000000	20.9589751934	28.4830082032
80	2	11254879324197340454	13107051123224136067	4117146313970695108	9735874076360402792	-5507.7124023438	0.0000000000	13.7411221590	45.0982442276
56	16	11357898340897756903	12201523437214473668	7605445525881776302	17456403485781392265	-5507.7250976562	0.0000000000	19.9049083797	31.5412512426
94	48	9222751215651972858	11384733198153311516	2721694863862361099	3659570999213963495	-5507.7631835938	0.0000000000	8.1457699785	21.6295873676
58	19	4138555004563608843	7692821074440121912	2461226459112448607	15040136267307769793	-5507.7695312500	0.0000000000	19.8061231296	30.8345935096
3	89	14093486591111374668	16609562587620384987	10247940048289708524	16961290236256806758	-5507.7739257812	0.0000000000	41.7835611169	9.3712001948
42	30	6149821055044103313	7858847987573124453	8012794977334046723	17541073140182208082	-5507.7822265625	0.0000000000	23.2497787019	26.0669799490
15	39	3773740555311062023	8936177091956132308	15772665317944538137	16831111901489671650	-5507.7846679688	0.0000000000	31.6751944644	24.0069469898
39	57	8936177091956132308	9692447327446626127	5489752287088937919	16831111901489671650	-5507.7846679688	0.0000000000	24.0069469898	19.9539444488
15	37	3773740555311062023	12249581567144989954	6424319560832023768	9290757668060367805	-5507.7939453125	0.0000000000	31.6844718082	24.2611556216
4	98	16923322824322317466	18248472685024111301	5395767800450367882	16669940928000557169	-5507.8071289062	0.0000000000	38.1356389679	7.1221707090
0	75	10667474865877392284	14608757246259334758	6038471872735325508	11755017196762160053	-5507.8334960938	0.0000000000	52.9313446129	14.7304769072
13	83	10079227655342552495	13586099871725120471	6916665813964871401	12679238606065901156	-5507.8452148438	0.0000000000	32.0995777967	12.4939400204
3	40	14093486591111374668	15633704558089027375	6473298205778147119	14448376280818981987	-5507.8540039062	0.0000000000	41.8636392419	24.0690127663
10	75	3715343508190632273	14608757246259334758	10865465832380683992	14191003892684197517	-5507.8598632812	0.0000000000	34.5682416990	14.7568440947
44	75	13956310948762308203	14608757246259334758	10865465832380683992	17701870192903271522	-5507.8598632812	0.0000000000	23.0743638296	14.7568440947
5	28	2149484152715392458	17027433896387945395	636698380548679497	1925728020618517687	-5507.8691406250	0.0000000000	38.1461194585	26.9511844898
51	103	3374397758373242900	10916844756336505972	3466101258576625847	7727600585020055049	-5507.8920898438	0.0000000000	21.1164418974	4.3311555687
101	82	9781730914178405044	13012805549261864440	4667244262296935074	8915466513359679467	-5507.8920898438	0.0000000000	5.6766165641	12.5410372093
29	53	520324629128040228	15405698928020597209	13263805873267223187	15582412718460920424	-5507.8979492188	0.0000000000	26.2326660097	21.0009588689
110	0	6574353373524907807	10667474865877392284	6574353373524907807	12987528660240888381	-5507.9008789062	0.0000000000	0.7656381057	52.9987274254
46	49	7251700801891077616	7823186920941671451	1472634030840328608	12934570904044567995	-5507.9023437500	0.0000000000	22.8800629624	21.3795136474
26	81	167167149883495741	3175835436065505467	4103622593677282614	9870488793572201270	-5507.9155273438	0.0000000000	28.6000580560	13.3924529299
70	99	1592214687186736870	3770798787649587355	7318479429708486553	15703684086760382939	-5507.9389648438	0.0000000000	15.8678401384	6.2852211075
60	25	230773126182757894	16550426852500463777	4258041531232167054	11537051714927600408	-5507.9501953125	0.0000000000	19.7555542272	28.7247074219
17	103	429853561211997818	10916844756336505972	10916844756336505972	15062098037819561408	-5507.9682617188	0.0000000000	31.7496033963	4.4073274437
13	102	10079227655342552495	16966479684116941053	910050620141133075	7769661439642325259	-5508.0283203125	0.0000000000	32.2826832655	4.8672841454
69	58	2087039987532444631	4138555004563608843	8237330340663976384	11621528421025755244	-5508.0366210938	0.0000000000	16.0503200765	20.0732129734
62	53	7011268860006268306	15405698928020597209	17025257157895905207	17638590422541319956	-5508.0488281250	0.0000000000	18.2664551617	21.1518377752
17	22	429853561211997818	3990398796172833387	14206291587149317783	16302729100650295411	-5508.0493164062	0.0000000000	31.8306580838	30.1411018441
60	8	230773126182757894	8992346648558435547	11640562446412561959	15140224276511972470	-5508.0507812500	0.0000000000	19.8561401647	35.9689836527
60	79	230773126182757894	2501211020233769820	6208138943762668121	11826358535991918005	-5508.0874023438	0.0000000000	19.8927612584	14.5048820800
79	109	2501211020233769820	8288089849152396567	6208138943762668121	8288089849152396567	-5508.0874023438	0.0000000000	14.5048820800	1.2258755966
101	6	9781730914178405044	16894134299124238804	10253016854715197909	14435707916393803295	-5508.0874023438	0.0000000000	5.8719290641	36.5174180384
57	31	9692447327446626127	16657069432005198003	12091758246594691018	16972744019839966593	-5508.0917968750	0.0000000000	20.2610733550	26.3228872667
32	15	3303836963991646703	3773740555311062023	2302703691040742289	11797744005662650017	-5508.0957031250	0.0000000000	26.3175094612	31.9862296207
14	53	12938275795804049604	15405698928020597209	1230474662094338351	4338171338552390908	-5508.1059570312	0.0000000000	32.2552569682	21.2089666814
90	56	564253395306586288	11357898340897756903	3790051132182978063	13576301704915524020	-5508.1181640625	0.0000000000	9.5181694443	20.2979747859
0	112	10667474865877392284	11111376794004924671	4057982554918653225	11111376794004924671	-5508.1186523438	0.0000000000	53.2165008629	0.0103054889
77	50	7437397082061112758	15516788000137984293	6831717426693546626	18042424159083157977	-5508.1503906250	0.0000000000	14.6427131794	21.4008697246
70	110	1592214687186736870	6574353373524907807	6574353373524907807	11620708694440579360	-5508.1972656250	0.0000000000	16.1261409197	1.0620248245
77	104	7437397082061112758	16298007830431462257	3535346206944962855	17674773655868364086	-5508.2055664062	0.0000000000	14.6978889607	4.0055702414
107	66	8478510142031607734	18431247209864649693	1648152932974614315	14407454006522736669	-5508.2070312500	0.0000000000	1.6379810406	16.4378799293
35	103	1374669322539188936	10916844756336505972	12023237768819582945	14573746934442164661	-5508.2124023438	0.0000000000	25.5472990580	4.6514680687
68	6	13171866292654863094	16894134299124238804	7166871999401230583	10783397883362281010	-5508.2197265625	0.0000000000	16.2512734600	36.6497422572
24	25	58338521781336478	16550426852500463777	262760465001892343	2046157122718104490	-5508.2539062500	0.0000000000	29.1340199251	29.0284183594
63	33	1399070161628260596	10368442723802325466	15841020785402579742	17610289074471260229	-5508.2773437500	0.0000000000	18.1162336697	26.0468541405
77	47	7437397082061112758	11947096545996455153	1685270156687945302	17453708401277843709	-5508.2915039062	0.0000000000	14.7838264607	22.3880938134
27	25	13931414467280736271	16550426852500463777	16854655340080986536	17954042197401407048	-5508.3022460938	0.0000000000	27.9432710477	29.0767582032
95	4	1269677664921442142	16923322824322317466	7520709021790890832	18315925433298967497	-5508.3457031250	0.0000000000	8.5167202748	38.6742131866
107	20	8478510142031607734	13355927625687165021	5025222306368520672	14407454006522736669	-5508.3549804688	0.0000000000	1.7859302593	31.4030440383
51	3	3374397758373242900	14093486591111374668	6868944369090295880	10021626561205645254	-5508.3691406250	0.0000000000	21.5934926786	42.3787759607
42	16	6149821055044103313	12201523437214473668	2464708972113686485	6271343437981287604	-5508.4023437500	0.0000000000	23.8698958894	32.2184973363
5	7	2149484152715392458	15571085747497726625	3555440785915773467	5084073609984777279	-5508.4062500000	0.0000000000	38.6832288335	36.4563944170
69	78	2087039987532444631	14809137665620150592	11078845549600511180	16591000312577442632	-5508.4086914062	0.0000000000	16.4223903890	14.8397665200
78	53	14809137665620150592	15405698928020597209	7497474279058313985	16591000312577442632	-5508.4086914062	0.0000000000	14.8397665200	21.5117010564
79	99	2501211020233769820	3770798787649587355	3826762506838140423	14080738971129875951	-5508.4101562500	0.0000000000	14.8276359863	6.7564125138
32	55	3303836963991646703	11851817067206489169	14688496544583329414	14730755141078840037	-5508.4174804688	0.0000000000	26.6392868050	20.8103351844
20	66	13355927625687165021	18431247209864649693	7146116077844170810	17666480010671116439	-5508.4262695312	0.0000000000	31.4743331008	16.6571182105
93	6	3242482612805492339	16894134299124238804	4048091710680861596	17073501018880133929	-5508.4291992188	0.0000000000	8.9713036501	36.8592149134
17	65	429853561211997818	15378060113354634737	5724436928132085437	14521343182857252487	-5508.4443359375	0.0000000000	32.2256776150	16.8247371161
74	29	279844733889261352	520324629128040228	2956112268716912110	4369811340365584087	-5508.4492187500	0.0000000000	15.4867823379	26.7839355409
97	68	5828997022151569970	13171866292654863094	5828997022151569970	15826215432798321065	-5508.4604492188	0.0000000000	8.2015393676	16.4919961163
38	66	3887235235952849394	18431247209864649693	2223108958040598839	18290008432087602701	-5508.4648437500	0.0000000000	24.7091439270	16.6956924293
45	112	10118968526249132794	11111376794004924671	3064776922403697531	11111376794004924671	-5508.4653320312	0.0000000000	23.4823400800	0.3569851764
32	27	3303836963991646703	13931414467280736271	11745824168896507106	11797744005662650017	-5508.4746093750	0.0000000000	26.6964157112	28.1156343290
107	4	8478510142031607734	16923322824322317466	411787536353571866	10729725622550437355	-5508.4755859375	0.0000000000	1.9065357281	38.8040959991
70	2	1592214687186736870	13107051123224136067	840060263943865165	7779111542949459012	-5508.4765625000	0.0000000000	16.4054377947	45.8624043839
93	1	3242482612805492339	10324198887431388283	7475124608731982721	11374818213267761941	-5508.4765625000	0.0000000000	9.0186669314	48.3424507208
39	85	8936177091956132308	16393214166263308105	4899841092737202836	17961550750478410316	-5508.4902343750	0.0000000000	24.7125133961	12.3708645471
76	20	2747588696662623730	13355927625687165021	13042105746744173893	17793485541891034502	-5508.5009765625	0.0000000000	15.0162461111	31.5490401321
75	50	14608757246259334758	15516788000137984293	6831717426693546626	8543077136313643184	-5508.5034179688	0.0000000000	15.4003987822	21.7538970684
52	44	8242477299940831062	13956310948762308203	1059276984296721861	11195164247194158769	-5508.5097656250	0.0000000000	21.7030884376	23.7242661733
49	36	7823186920941671451	10369745369462594300	7193601150109501381	9115094609506990269	-5508.5185546875	0.0000000000	21.9957245849	25.7686684462
55	31	11851817067206489169	16657069432005198003	12312707618484356113	14039454163682028397	-5508.5312500000	0.0000000000	20.9241047157	26.7623403917
63	31	1399070161628260596	16657069432005198003	6908784526704298831	12312707618484356113	-5508.5312500000	0.0000000000	18.3701399197	26.7623403917
61	10	2173314438107378563	3715343508190632273	8787991647643280240	10709346076901347631	-5508.5429687500	0.0000000000	19.7699437663	35.2513471677
70	53	1592214687186736870	15405698928020597209	5199451810385827862	9401145161276935711	-5508.5522460938	0.0000000000	16.4811213884	21.6552557439
42	14	6149821055044103313	12938275795804049604	15359121690386692042	18055873307687599766	-5508.5576171875	0.0000000000	24.0251693269	32.7069171245
15	31	3773740555311062023	16657069432005198003	1075603529445696544	15242715664015595756	-5508.5830078125	0.0000000000	32.4735343082	26.8140982042
17	77	429853561211997818	7437397082061112758	4508415642858670720	12574269029189719692	-5508.5952148438	0.0000000000	32.3765565213	15.0875373982
3	65	14093486591111374668	15378060113354634737	5082916026942728861	9045280032063013399	-5508.6020507812	0.0000000000	42.6116861169	16.9824519599
10	3	3715343508190632273	14093486591111374668	4299709999782412897	12443830129030524237	-5508.6137695312	0.0000000000	35.3221479490	42.6234048669
29	55	520324629128040228	11851817067206489169	11120137268286901094	18427149211886941392	-5508.6318359375	0.0000000000	26.9665527284	21.0246906532
15	41	3773740555311062023	4688636836818565261	1870880367593521897	16128451762467884743	-5508.6367187500	0.0000000000	32.5272452457	24.1300906592
45	7	10118968526249132794	15571085747497726625	12143398171563821528	13310022848906587485	-5508.6562500000	0.0000000000	23.6732580487	36.7063944170
13	21	10079227655342552495	15016803418478563936	358375663453919964	14614627020804129454	-5508.6640625000	0.0000000000	32.9184254530	31.1458680420
91	12	442166951684299261	14938178270134821508	1279542878493833389	8208507215911835771	-5508.6660156250	0.0000000000	9.7002347349	33.4808715630
43	16	9188283139325803671	12201523437214473668	5134164043764727325	12064719819960388863	-5508.7895507812	0.0000000000	24.0365924775	32.6057043676
101	11	9781730914178405044	17799708269756447471	6730640614807904753	10629008244608336112	-5508.8066406250	0.0000000000	6.5911673454	35.0380926875
9	93	2439594373950395860	3242482612805492339	13402214026476418955	14383638511979676952	-5508.8203125000	0.0000000000	36.0140921439	9.3624169314
13	111	10079227655342552495	12355689472340701209	5420526493632352006	12355689472340701209	-5508.8212890625	0.0000000000	33.0756520155	1.1520475596
79	72	2501211020233769820	8503372235075209266	16015407962095142641	17228623931740121213	-5508.8417968750	0.0000000000	15.2592766113	16.2148143767
61	66	2173314438107378563	18431247209864649693	10885432407116131678	11541871648744499741	-5508.8813476562	0.0000000000	20.1083226726	17.1121963355
97	18	5828997022151569970	17473836722014595788	5211995156226610006	6974900492238432853	-5508.9238281250	0.0000000000	8.6649182738	32.0507184763
79	104	2501211020233769820	16298007830431462257	6208138943762668121	13757170686408724382	-5508.9287109375	0.0000000000	15.3461906738	4.7287147726
61	89	2173314438107378563	16609562587620384987	8667590301293411990	12426444473228065355	-5508.9458007812	0.0000000000	20.1727757976	10.5430751948
77	0	7437397082061112758	10667474865877392284	7881622803513849227	14968211636975871321	-5508.9951171875	0.0000000000	15.4874397419	54.0929657067
23	13	8983620928718234954	10079227655342552495	589517968551121656	1114269099703997586	-5508.9980468750	0.0000000000	30.4988745530	33.2524098280
0	66	10667474865877392284	18431247209864649693	8075701834202783516	10949319826653482103	-5509.0014648438	0.0000000000	54.0993133629	17.2323135230
58	4	4138555004563608843	16923322824322317466	2905142605525593459	17469572558854575561	-5509.0200195312	0.0000000000	21.0566114109	39.3485295929
87	111	5601208716039951663	12355689472340701209	14056145630192731966	15117283213970214208	-5509.0244140625	0.0000000000	11.7755367313	1.3551725596
108	25	14996368193187989284	16550426852500463777	1169375503749605915	8876288088055056521	-5509.0307617188	0.0000000000	2.3124794379	29.8052738282
63	72	1399070161628260596	8503372235075209266	1326205287092479591	13309535601060536331	-5509.0541992188	0.0000000000	18.8930891385	16.4272167205
5	57	2149484152715392458	9692447327446626127	7877748057437083546	12667745690184717358	-5509.0585937500	0.0000000000	39.3355725835	21.2278702300
43	25	9188283139325803671	16550426852500463777	1748201878311416373	12356737870238792191	-5509.0629882812	0.0000000000	24.3100299775	29.8375003907
57	6	9692447327446626127	16894134299124238804	7877748057437083546	8143468061521718405	-5509.0737304688	0.0000000000	21.2430069488	37.5037461634
15	42	3773740555311062023	6149821055044103313	7997210836461278419	15924553611822696923	-5509.0756835938	0.0000000000	32.9662100894	24.5432357332
61	104	2173314438107378563	16298007830431462257	14537906517872515244	16298007830431462257	-5509.0893554688	0.0000000000	20.3163304851	4.8893593039
60	109	230773126182757894	8288089849152396567	13474231952715757156	14454470684151212615	-5509.0937500000	0.0000000000	20.8991089147	2.2322232528
47	53	11947096545996455153	15405698928020597209	10881461390006850571	17923465734367605681	-5509.0942382812	0.0000000000	23.1908281884	22.1972479314
1	98	10324198887431388283	18248472685024111301	834783947609574635	17627349435556636568	-5509.1118164062	0.0000000000	48.9777046270	8.4268582090
41	85	4688636836818565261	16393214166263308105	15663788904090303104	17375601586409853397	-5509.1293945312	0.0000000000	24.6227664404	13.0100247033
79	68	2501211020233769820	13171866292654863094	420393559252770939	4779714433717286559	-5509.1342773438	0.0000000000	15.5517570800	17.1658242413
32	16	3303836963991646703	12201523437214473668	1983224399718473901	5172361454114145766	-5509.1469726562	0.0000000000	27.3687789925	32.9631262426
81	0	3175835436065505467	10667474865877392284	10747925495369387210	14822939246282099042	-5509.1528320312	0.0000000000	14.6297576174	54.2506805504
60	82	230773126182757894	13012805549261864440	2292983480710842466	2554109034113933553	-5509.1582031250	0.0000000000	20.9635620397	13.8071504905
42	28	6149821055044103313	17027433896387945395	2464708972113686485	7668863547626318440	-5509.1630859375	0.0000000000	24.6306380769	28.2451298023
44	21	13956310948762308203	15016803418478563936	6415151932798000110	13992059111525645177	-5509.1650390625	0.0000000000	24.3795396108	31.6468446045
67	3	303163103940296667	14093486591111374668	3540182055914358178	7141117184105598646	-5509.1811523438	0.0000000000	17.3760267990	43.1907876794
35	55	1374669322539188936	11851817067206489169	10868709729184563250	16259207302566928138	-5509.1953125000	0.0000000000	26.5302092142	21.5881672157
70	46	1592214687186736870	7251700801891077616	4425247451013679080	13571475161218353775	-5509.2006835938	0.0000000000	17.1295588884	24.1784028062
36	11	10369745369462594300	17799708269756447471	5666580602249798968	10773572182077157821	-5509.2011718750	0.0000000000	26.4512856337	35.4326239375
55	25	11851817067206489169	16550426852500463777	4939850865294985619	9503118095177751865	-5509.2314453125	0.0000000000	21.6243000282	30.0059574219
38	34	3887235235952849394	14097627609532728280	81315736494602041	7162258604021765822	-5509.2500000000	0.0000000000	25.4943001770	26.7731013893
43	27	9188283139325803671	13931414467280736271	9145054710795800296	11986050086822909649	-5509.2626953125	0.0000000000	24.5097370088	28.9037202665
24	49	58338521781336478	7823186920941671451	6743981326063534991	13289906471489228124	-5509.2724609375	0.0000000000	30.1525746126	22.7496308349
17	27	429853561211997818	13931414467280736271	1544033705220816698	12289532463607500907	-5509.2768554688	0.0000000000	33.0581971463	28.9178804227
91	35	442166951684299261	1374669322539188936	1628686529936249337	14232642443596872423	-5509.2875976562	0.0000000000	10.3218167661	26.6224943705
64	1	9696301458210436234	10324198887431388283	5821448195329612948	16784911196298888046	-5509.2895507812	0.0000000000	18.8529669052	49.1554390020
32	49	3303836963991646703	7823186920941671451	437770931274395979	18277256175298452443	-5509.2958984375	0.0000000000	27.5177047737	22.7730683349
11	98	17799708269756447471	18248472685024111301	8230438725369184435	18227426287116124046	-5509.3002929688	0.0000000000	35.5317450313	8.6153347715
2	25	13107051123224136067	16550426852500463777	1079351942233410204	1701810589711456052	-5509.3491210938	0.0000000000	46.7349629776	30.1236332032
47	44	11947096545996455153	13956310948762308203	3331413213578898769	13695403518091448804	-5509.3520507812	0.0000000000	23.4486406884	24.5665513296
49	57	7823186920941671451	9692447327446626127	7877748057437083546	14225152588931003524	-5509.3828125000	0.0000000000	22.8599823974	21.5520889800
33	65	10368442723802325466	15378060113354634737	1384270716332476394	10133113186639115499	-5509.3925781250	0.0000000000	27.1620885155	17.7729793036
32	58	3303836963991646703	4138555004563608843	3500803958468439284	5632970389345452562	-5509.4223632812	0.0000000000	27.6441696175	21.4589551609
9	7	2439594373950395860	15571085747497726625	15596666702631994097	17860058989210403022	-5509.4321289062	0.0000000000	36.6259085501	37.4822733232
24	70	58338521781336478	1592214687186736870	5414047254823797403	10186025367846505559	-5509.4458007812	0.0000000000	30.3259144564	17.3746760759
33	37	10368442723802325466	12249581567144989954	2289089030134098508	18134820162783029618	-5509.4594726562	0.0000000000	27.2289830468	25.9266829654
13	55	10079227655342552495	11851817067206489169	2449741403743672711	13718419565126282787	-5509.4624023438	0.0000000000	33.7167652967	21.8552570594
101	108	9781730914178405044	14996368193187989284	11141714225897768444	16072044113765391080	-5509.4721679688	0.0000000000	7.2566946891	2.7538856879
106	19	7684204559276021956	7692821074440121912	302928052486094273	7684204559276021956	-5509.4931640625	0.0000000000	3.2801832011	32.5582263221
35	63	1374669322539188936	1399070161628260596	2697666523775714753	10040904080420516312	-5509.5156250000	0.0000000000	26.8505217142	19.3545149197
16	50	12201523437214473668	15516788000137984293	7384464896505311639	11118689673138206643	-5509.5205078125	0.0000000000	33.3366613988	22.7709869121
99	77	3770798787649587355	7437397082061112758	4549703219341538086	12494540259871868644	-5509.5356445312	0.0000000000	7.8819007950	16.0279670857
42	102	6149821055044103313	16966479684116941053	6026161223307102469	9551405800742175363	-5509.5380859375	0.0000000000	25.0056380769	6.3770497704
35	32	1374669322539188936	3303836963991646703	405954976947554141	14730755141078840037	-5509.5483398438	0.0000000000	26.8832365580	27.7701461800
67	13	303163103940296667	10079227655342552495	1170784010531995852	13250999505660954425	-5509.5488281250	0.0000000000	17.7437025802	33.8031910780
7	104	15571085747497726625	16298007830431462257	6705117612858909364	17204318331494306985	-5509.5498046875	0.0000000000	37.5999491045	5.3498085226
99	75	3770798787649587355	14608757246259334758	4549703219341538086	16752020255607311997	-5509.5556640625	0.0000000000	7.9019203263	16.4526448759
1	50	10324198887431388283	15516788000137984293	3012205710644496815	5934142973047859930	-5509.5590820312	0.0000000000	49.4249702520	22.8095611309
35	107	1374669322539188936	8478510142031607734	5863010952202308538	15731851682917033824	-5509.6049804688	0.0000000000	26.9398771830	3.0359302593
19	30	7692821074440121912	7858847987573124453	12481760958973865456	16594135503627635858	-5509.6137695312	0.0000000000	32.6788317908	27.8985229177
95	40	1269677664921442142	15633704558089027375	8443112367242045691	17712226088878010742	-5509.6176757812	0.0000000000	9.7886929311	25.8326846413
17	21	429853561211997818	15016803418478563936	2617108331472380940	18441981898826255351	-5509.6225585938	0.0000000000	33.4039002713	32.1043641357
29	84	520324629128040228	2564171262913545665	6469917812675876851	10152831932302409424	-5509.6284179688	0.0000000000	27.9631347597	13.7888551646
13	7	10079227655342552495	15571085747497726625	10692056561408087408	14053741199317124739	-5509.6445312500	0.0000000000	33.8988942030	37.6946756670
63	3	1399070161628260596	14093486591111374668	9510868182723369953	16657915729342811267	-5509.6484375000	0.0000000000	19.4873274197	43.6580728357
33	98	10368442723802325466	18248472685024111301	4907910542837059032	13855151894777384721	-5509.7153320312	0.0000000000	27.4848424218	9.0303738340
9	13	2439594373950395860	10079227655342552495	7745961839080850322	8814286693723941063	-5509.7187500000	0.0000000000	36.9125296439	33.9731129530
59	9	2239142532014743282	2439594373950395860	10318355017278616683	17721557693496300894	-5509.7426757812	0.0000000000	21.7435947211	36.9364554251
30	65	7858847987573124453	15378060113354634737	7843530039482337986	14520652553272607231	-5509.7563476562	0.0000000000	28.0411010427	18.1367488349
110	1	6574353373524907807	10324198887431388283	8542538301793053377	11778376585270151175	-5509.7602539062	0.0000000000	2.6250131057	49.6261421270
62	72	7011268860006268306	8503372235075209266	2238409557207550917	3849315261039805994	-5509.7675781250	0.0000000000	19.9852051617	17.1405956267
85	6	16393214166263308105	16894134299124238804	11161249529995863125	16647968681167102461	-5509.7700195312	0.0000000000	13.6506497033	38.2000352259
23	54	8983620928718234954	10494363557995427270	12854980779806887005	15327965369121162748	-5509.7890625000	0.0000000000	31.2898901780	22.5576866104
80	11	11254879324197340454	17799708269756447471	2585833630057948048	7990825935838461067	-5509.7924804688	0.0000000000	15.8212002840	36.0239325313
80	55	11254879324197340454	11851817067206489169	7990825935838461067	17664901677236507167	-5509.7924804688	0.0000000000	15.8212002840	22.1853351844
58	83	4138555004563608843	13586099871725120471	8983395073727585854	17615987591207226379	-5509.8110351562	0.0000000000	21.8476270359	14.4597603329
30	56	7858847987573124453	11357898340897756903	1142031439986625159	9575623414873650768	-5509.8168945312	0.0000000000	28.1016479177	21.9967052547
62	2	7011268860006268306	13107051123224136067	7723523919678526200	10127360066251182639	-5509.8232421875	0.0000000000	20.0408692242	47.2090840714
8	103	8992346648558435547	10916844756336505972	8068442181696509706	10916844756336505972	-5509.8369140625	0.0000000000	37.7551164652	6.2759797874
69	81	2087039987532444631	3175835436065505467	5435129502292174621	17293284432910420194	-5509.8823242188	0.0000000000	17.8960232015	15.3592498049
91	103	442166951684299261	10916844756336505972	2746637634313141872	3332821132695648060	-5509.9013671875	0.0000000000	10.9355862974	6.3404329124
95	103	1269677664921442142	10916844756336505972	2746637634313141872	15914621470924097908	-5509.9013671875	0.0000000000	10.0723843373	6.3404329124
35	77	1374669322539188936	7437397082061112758	803446011156622881	15332948185734192790	-5509.9326171875	0.0000000000	27.2675139017	16.4249397419
65	11	15378060113354634737	17799708269756447471	4578560394455571330	10133113186639115499	-5509.9379882812	0.0000000000	18.3183894599	36.1694403438
32	44	3303836963991646703	13956310948762308203	5189043963314894144	10496022650452306975	-5509.9448242188	0.0000000000	28.1666305550	25.1593247671
42	45	6149821055044103313	10118968526249132794	10004858535277290271	12749087300567703699	-5509.9501953125	0.0000000000	25.4177474519	24.9672033612
36	4	10369745369462594300	16923322824322317466	5666580602249798968	7399228309133782784	-5509.9702148438	0.0000000000	27.2203286024	40.2987249054
73	6	541435687269551760	16894134299124238804	5317417021842845255	13724315387219261816	-5509.9755859375	0.0000000000	17.2025457158	38.4056016322
29	81	520324629128040228	3175835436065505467	7876140593765671750	17293284432910420194	-5509.9790039062	0.0000000000	28.3137206972	15.4559294924
72	55	8503372235075209266	11851817067206489169	614538552546287256	5182560005973596346	-5509.9809570312	0.0000000000	17.3539745330	22.3738117469
95	39	1269677664921442142	8936177091956132308	4421188877882467342	7520709021790890832	-5509.9809570312	0.0000000000	10.1519741811	26.2032360523
2	105	13107051123224136067	13728310634633545021	1480851804251776675	9548153362965227562	-5509.9848632812	0.0000000000	47.3707051651	4.5788781043
57	14	9692447327446626127	12938275795804049604	5227536554646398202	6712151874207486705	-5510.0249023438	0.0000000000	22.1941788238	34.1742022807
41	72	4688636836818565261	8503372235075209266	7875056940397999891	15553220361678556506	-5510.0258789062	0.0000000000	25.5192508154	17.3988964080
44	50	13956310948762308203	15516788000137984293	17171722986143591282	17460688888076659407	-5510.0395507812	0.0000000000	25.2540513296	23.2900298809
77	3	7437397082061112758	14093486591111374668	2164930700743860457	18042424159083157977	-5510.0805664062	0.0000000000	16.5728889607	44.0902017419
63	32	1399070161628260596	3303836963991646703	10028524665156925479	16778940816783807196	-5510.0839843750	0.0000000000	19.9228742947	28.3057907112
48	21	11384733198153311516	15016803418478563936	24894283219624778	11034666840124620511	-5510.1142578125	0.0000000000	23.9806615863	32.5960633545
5	109	2149484152715392458	8288089849152396567	6862529947731158943	15772960370520728826	-5510.1230468750	0.0000000000	40.4000257085	3.2615201278
69	33	2087039987532444631	10368442723802325466	16292084555989723227	17469414585657558192	-5510.1279296875	0.0000000000	18.1416286703	27.8974400780
29	99	520324629128040228	3770798787649587355	2853413133816577563	13358456116296941303	-5510.1743164062	0.0000000000	28.5090331972	8.5205726700
99	37	3770798787649587355	12249581567144989954	13358456116296941303	16148800569781559949	-5510.1743164062	0.0000000000	8.5205726700	26.6415267154
42	25	6149821055044103313	16550426852500463777	3290203672745019773	6647163709767477061	-5510.1831054688	0.0000000000	25.6506576082	30.9576175782
69	25	2087039987532444631	16550426852500463777	5435129502292174621	6647163709767477061	-5510.1831054688	0.0000000000	18.1968044515	30.9576175782
110	8	6574353373524907807	8992346648558435547	6574353373524907807	15971854907819338641	-5510.1875000000	0.0000000000	3.0522591995	38.1057024027
81	103	3175835436065505467	10916844756336505972	5772086403823069900	14410793886222545956	-5510.2084960938	0.0000000000	15.6854216799	6.6475618187
13	20	10079227655342552495	13355927625687165021	17011594692942223587	17938908619890219997	-5510.2124023438	0.0000000000	34.4667652967	33.2604659133
69	99	2087039987532444631	3770798787649587355	6743443685420054570	16292295281266250856	-5510.2197265625	0.0000000000	18.2334255453	8.5659828263
34	11	14097627609532728280	17799708269756447471	3176785296189977261	16872015011439802964	-5510.2392578125	0.0000000000	27.7623592018	36.4707098750
70	94	1592214687186736870	9222751215651972858	5512827383572980324	17013273666318139298	-5510.2475585938	0.0000000000	18.1764338884	10.6301449785
9	44	2439594373950395860	13956310948762308203	6415151932798000110	12753224384622978817	-5510.2480468750	0.0000000000	37.4418265189	25.4625474233
57	108	9692447327446626127	14996368193187989284	6946528885089340599	8876288088055056521	-5510.2524414062	0.0000000000	22.4217178863	3.5341591254
70	33	1592214687186736870	10368442723802325466	7545652319043872826	14190029866028297971	-5510.2788085938	0.0000000000	18.2076838884	28.0483189843
71	3	2579019396016879642	14093486591111374668	10412165892751552124	18398437693892102331	-5510.2802734375	0.0000000000	17.7854314977	44.2899087732
70	5	1592214687186736870	2149484152715392458	6548697696163616292	8908409103662347750	-5510.3125000000	0.0000000000	18.2413752947	40.5894788335
61	86	2173314438107378563	2181137809313707726	63658227586823271	2039574956283450752	-5510.3237304688	0.0000000000	21.5507054851	13.7379754448
38	43	3887235235952849394	9188283139325803671	8139480641043900092	12718387727510677994	-5510.3359375000	0.0000000000	26.5802376770	25.5829791963
63	10	1399070161628260596	3715343508190632273	4402813208149106573	14424202361302237629	-5510.3383789062	0.0000000000	20.1772688260	37.0467573240
9	37	2439594373950395860	12249581567144989954	3336988998737775230	16093302350373860707	-5510.3393554688	0.0000000000	37.5331351126	26.8065657779
95	66	1269677664921442142	18431247209864649693	1646255025967854120	10494049707910280429	-5510.3403320312	0.0000000000	10.5113491811	18.5711807105
83	34	13586099871725120471	14097627609532728280	4552079843869773808	12965081780667990583	-5510.3422851562	0.0000000000	14.9910103329	27.8653865455
87	0	5601208716039951663	10667474865877392284	11563755124172708256	15327398108990996911	-5510.3422851562	0.0000000000	13.0934078251	55.4401336754
110	46	6574353373524907807	7251700801891077616	13495934754988052610	15928930708166255599	-5510.3603515625	0.0000000000	3.2251107620	25.3380707749
103	20	10916844756336505972	13355927625687165021	9520992676166773643	12881242040835388492	-5510.3681640625	0.0000000000	6.8072297874	33.4162276321
97	6	5828997022151569970	16894134299124238804	6507954965545662588	12118905714002636951	-5510.3691406250	0.0000000000	10.1102307738	38.7991563197
10	49	3715343508190632273	7823186920941671451	2272778075197948236	17322410872141058344	-5510.3779296875	0.0000000000	37.0863081052	23.8550995849
26	63	167167149883495741	1399070161628260596	1178728366151818812	4323199854553314664	-5510.3833007812	0.0000000000	31.0678314935	20.2221907010
17	95	429853561211997818	1269677664921442142	5819730575762245328	14729635219259771960	-5510.3950195312	0.0000000000	34.1763612088	10.5660366811
36	50	10369745369462594300	15516788000137984293	3647426385573785777	7946250763392167754	-5510.4169921875	0.0000000000	27.6671059462	23.6674712871
79	36	2501211020233769820	10369745369462594300	2978293350033470664	8754143547333686985	-5510.4194335938	0.0000000000	16.8369133300	27.6695473524
49	2	7823186920941671451	13107051123224136067	3017839955171468321	11124325357070420850	-5510.4511718750	0.0000000000	23.9283417724	47.8370137589
30	94	7858847987573124453	9222751215651972858	3696108290573027752	14817495676699543663	-5510.4707031250	0.0000000000	28.7554565115	10.8532895097
74	9	279844733889261352	2439594373950395860	498079091817596553	3266390186114829720	-5510.4775390625	0.0000000000	17.5151026504	37.6713187064
58	111	4138555004563608843	12355689472340701209	14056145630192731966	15045502835055856405	-5510.4873046875	0.0000000000	22.5238965671	2.8180631846
22	23	3990398796172833387	8983620928718234954	10945437938792869834	12911693986282288956	-5510.5180664062	0.0000000000	32.6098518441	32.0188940843
23	48	8983620928718234954	11384733198153311516	3718095360098652294	15295971332450102610	-5510.5253906250	0.0000000000	32.0262183030	24.3917943988
91	39	442166951684299261	8936177091956132308	3427745656768762768	11317939916936526427	-5510.5375976562	0.0000000000	11.5718167661	26.7598766773
107	39	8478510142031607734	8936177091956132308	3427745656768762768	14407454006522736669	-5510.5375976562	0.0000000000	3.9685474468	26.7598766773
57	2	9692447327446626127	13107051123224136067	5671849850452372928	15842921160951775452	-5510.5410156250	0.0000000000	22.7102921050	47.9268575089
49	33	7823186920941671451	10368442723802325466	10345789378556391057	12090694013711707671	-5510.5415039062	0.0000000000	24.0186738036	28.3110142968
42	46	6149821055044103313	7251700801891077616	7113166768907113774	10766341433866467430	-5510.5493164062	0.0000000000	26.0168685457	25.5270356187
7	11	15571085747497726625	17799708269756447471	2205121191432049586	16827772989800528289	-5510.5668945312	0.0000000000	38.6170389482	36.7983465938
67	32	303163103940296667	3303836963991646703	8366591793924087694	12897659855061706042	-5510.5722656250	0.0000000000	18.7671400802	28.7940719612
63	1	1399070161628260596	10324198887431388283	1649763036955129591	18421103695806555185	-5510.5742187500	0.0000000000	20.4131086697	50.4401069708
3	53	14093486591111374668	15405698928020597209	12060501192033638361	17719470047158336111	-5510.6132812500	0.0000000000	44.6229165857	23.7162909002
15	55	3773740555311062023	11851817067206489169	3504774675936898273	16234997318554957181	-5510.6166992188	0.0000000000	34.5072257144	23.0095539344
67	55	303163103940296667	11851817067206489169	3504774675936898273	10210090978853256169	-5510.6166992188	0.0000000000	18.8115736740	23.0095539344
96	18	14922418272091202393	17473836722014595788	12175921758770280202	15126435702199178566	-5510.6215820312	0.0000000000	10.6488353054	33.7484723826
47	4	11947096545996455153	16923322824322317466	15374969617110053973	17996760167545126891	-5510.6254882812	0.0000000000	24.7220781884	40.9539983429
14	20	12938275795804049604	13355927625687165021	6497790041192337394	14552901328832388745	-5510.6445312500	0.0000000000	34.7938311870	33.6925948196
113	75	11034036556017610313	14608757246259334758	11034036556017610313	14990323409090233331	-5510.6538085938	0.0000000000	1.8090161356	17.5507894072
110	7	6574353373524907807	15571085747497726625	4009859138800303290	11778376585270151175	-5510.7226562500	0.0000000000	3.5874154495	38.7728006670
32	20	3303836963991646703	13355927625687165021	4122337035323244309	17011594692942223587	-5510.7255859375	0.0000000000	28.9473922737	33.7736495071
115	6	5083548386099259802	16894134299124238804	5083548386099259802	11636116196193459531	-5510.7817382812	0.0000000000	0.3024416069	39.2117539759
62	14	7011268860006268306	12938275795804049604	10082526366750113464	15908104496733972265	-5510.7846679688	0.0000000000	21.0022950054	34.9339679057
32	22	3303836963991646703	3990398796172833387	10884757630637959231	15675198231147999070	-5510.7958984375	0.0000000000	29.0177047737	32.8876838754
41	53	4688636836818565261	15405698928020597209	6619951962957406884	7875056940397999891	-5510.8208007812	0.0000000000	26.3141726904	23.9238104314
45	83	10118968526249132794	13586099871725120471	7698009619118939440	14996918031733573145	-5510.8208007812	0.0000000000	25.8378088300	15.4695259579
106	80	7684204559276021956	11254879324197340454	1283727026056374989	5313323111818585666	-5510.8461914062	0.0000000000	4.6332105448	16.8749112215
5	68	2149484152715392458	13171866292654863094	2838111186654238808	16796081530576739860	-5510.8842773438	0.0000000000	41.1612561772	18.9158242413
17	1	429853561211997818	10324198887431388283	6225057178576193906	15122233396083563245	-5510.8940429688	0.0000000000	34.6753846463	50.7599311895
24	39	58338521781336478	8936177091956132308	8967393648267651757	14788631906942937020	-5510.8959960938	0.0000000000	31.7761097689	27.1182751148
39	18	8936177091956132308	17473836722014595788	5066085738262195316	16831111901489671650	-5510.9184570312	0.0000000000	27.1407360523	34.0453473826
70	1	1592214687186736870	10324198887431388283	5740629504710843128	10444406705393664845	-5510.9257812500	0.0000000000	18.8546565447	50.7916694708
86	10	2181137809313707726	3715343508190632273	355413703219472302	9183197001424018041	-5510.9536132812	0.0000000000	14.3678582573	37.6619916990
58	53	4138555004563608843	15405698928020597209	1462700494425993410	11840645003687165922	-5510.9575195312	0.0000000000	22.9941114109	24.0605291814
95	6	1269677664921442142	16894134299124238804	6698973015369418010	6866700322990392344	-5510.9628906250	0.0000000000	11.1339077748	39.3929063197
23	34	8983620928718234954	14097627609532728280	6930393999963956620	17610123572361187401	-5511.0058593750	0.0000000000	32.5066870530	28.5289607643
63	16	1399070161628260596	12201523437214473668	525339081620269756	1990667496470700847	-5511.0336914062	0.0000000000	20.8725813260	34.8498449926
100	58	3742391230315232177	4138555004563608843	9602013062544778423	18075276429450286223	-5511.0405273438	0.0000000000	9.2192705936	23.0771192234
103	2	10916844756336505972	13107051123224136067	11763205717492774615	17721427116936149496	-5511.0541992188	0.0000000000	7.4932649437	48.4400411026
44	6	13956310948762308203	16894134299124238804	8131764693239797814	12214472808242498228	-5511.0659179688	0.0000000000	26.2804185171	39.4959336634
91	4	442166951684299261	16923322824322317466	10729725622550437355	18125077677183785622	-5511.0683593750	0.0000000000	12.1025784849	41.3968694366
42	1	6149821055044103313	10324198887431388283	8823898548860563383	16063844935724795487	-5511.0781250000	0.0000000000	26.5456771394	50.9440132208
1	78	10324198887431388283	14809137665620150592	7438866000773108728	17372074455841792491	-5511.0810546875	0.0000000000	50.9469429083	17.5121298012
35	58	1374669322539188936	4138555004563608843	12737278112597667063	13238489639663191863	-5511.0883789062	0.0000000000	28.4232756205	23.1249707859
41	31	4688636836818565261	16657069432005198003	5305150739527964725	14530289284675794328	-5511.0908203125	0.0000000000	26.5841922217	29.3219107042
70	79	1592214687186736870	2501211020233769820	10034839618738926223	18081190332986134749	-5511.1186523438	0.0000000000	19.0475276384	17.5361320800
109	1	8288089849152396567	10324198887431388283	8241111895505533085	9981981745289936202	-5511.1225585938	0.0000000000	4.2610318466	50.9884468145
18	11	17473836722014595788	17799708269756447471	972962857463985599	10891939773469723107	-5511.1440429688	0.0000000000	34.2709333201	37.3754950313
60	36	230773126182757894	10369745369462594300	15825982499476393017	17501352407022775253	-5511.1450195312	0.0000000000	22.9503784459	28.3951332899
93	14	3242482612805492339	12938275795804049604	3591930726682040091	7947835950634891813	-5511.1616210938	0.0000000000	11.7037255251	35.3109210307
36	2	10369745369462594300	13107051123224136067	1334234428269862110	6746081270360539032	-5511.1684570312	0.0000000000	28.4185707899	48.5542989151
70	114	1592214687186736870	15099006944303593007	4638604096619440914	11524131587492356172	-5511.1743164062	0.0000000000	19.1031917009	1.3276415874
32	108	3303836963991646703	14996368193187989284	2537916493027118133	15709137842862304477	-5511.1821289062	0.0000000000	29.4039352425	4.4638466254
58	77	4138555004563608843	7437397082061112758	13011330060734328365	16596991104766937351	-5511.2026367188	0.0000000000	23.2392285984	17.6949592732
13	89	10079227655342552495	16609562587620384987	14260112967604309364	17055108573165688559	-5511.2060546875	0.0000000000	35.4604176405	12.8033291011
84	53	2564171262913545665	15405698928020597209	10360592038202674534	11444289333596387845	-5511.2143554688	0.0000000000	15.3747926646	24.3173651189
69	41	2087039987532444631	4688636836818565261	3298012168766484328	11013408109161849696	-5511.2241210938	0.0000000000	19.2378200765	26.7174930029
29	28	520324629128040228	17027433896387945395	10327146460675515401	10873180719353712116	-5511.2299804688	0.0000000000	29.5646972597	30.3120243335
44	28	13956310948762308203	17027433896387945395	1420524360955339977	5139067917823483843	-5511.2416992188	0.0000000000	26.4561997671	30.3237430835
61	36	2173314438107378563	10369745369462594300	3866302266214654298	17122382847908533921	-5511.2456054688	0.0000000000	22.4725804851	28.4957192274
1	75	10324198887431388283	14608757246259334758	3579647067096514174	6901538746885852184	-5511.2495117188	0.0000000000	51.1153999395	18.1464925322
48	75	11384733198153311516	14608757246259334758	6901538746885852184	9778212240847750292	-5511.2495117188	0.0000000000	25.1159154926	18.1464925322
87	11	5601208716039951663	17799708269756447471	2929545103218786189	3893158838793062807	-5511.2680664062	0.0000000000	14.0191890751	37.4995184688
5	82	2149484152715392458	13012805549261864440	3146666908376640968	10290484461637125226	-5511.2788085938	0.0000000000	41.5557874272	15.9277559593
103	4	10916844756336505972	16923322824322317466	6391455524233543527	9393273797921321049	-5511.2846679688	0.0000000000	7.7237336937	41.6131780304
57	3	9692447327446626127	14093486591111374668	1368601807368297280	5871152887919084700	-5511.2875976562	0.0000000000	23.4568741363	45.2972329919
67	108	303163103940296667	14996368193187989284	10351083245721845260	14519623061036984484	-5511.2905273438	0.0000000000	19.4854017990	4.5722450629
77	88	7437397082061112758	10084124936668487071	16315455287939192142	18293260346499305017	-5511.3227539062	0.0000000000	17.8150764607	13.7775967735
81	88	3175835436065505467	10084124936668487071	16315455287939192142	18355367672932946952	-5511.3227539062	0.0000000000	16.7996794924	13.7775967735
32	77	3303836963991646703	7437397082061112758	17885198603726269573	18006800079960227564	-5511.3237304688	0.0000000000	29.5455368050	17.8160530232
63	44	1399070161628260596	13956310948762308203	2258535013992405128	14209275267041700525	-5511.3251953125	0.0000000000	21.1640852322	26.5396958608
9	40	2439594373950395860	15633704558089027375	2571840533543660459	10210590057282053087	-5511.3369140625	0.0000000000	38.5306937064	27.5519229225
81	8	3175835436065505467	8992346648558435547	966461673750523963	14410793886222545956	-5511.3623046875	0.0000000000	16.8392302736	39.2805070902
29	64	520324629128040228	9696301458210436234	11513916301875195670	16629076353420567534	-5511.3940429688	0.0000000000	29.7287597597	20.9574590927
95	8	1269677664921442142	8992346648558435547	7964659936208537558	15914621470924097908	-5511.4272460938	0.0000000000	11.5982632436	39.3454484965
4	66	16923322824322317466	18431247209864649693	11010380147193712150	12541118529089489781	-5511.4316406250	0.0000000000	41.7601506866	19.6624893043
5	98	2149484152715392458	18248472685024111301	12602854254454999194	16033703244150142304	-5511.4545898438	0.0000000000	41.7315686772	10.7696316465
8	48	8992346648558435547	11384733198153311516	1815449707062035521	11744320949812029835	-5511.4780273438	0.0000000000	39.3962297465	25.3444311176
89	6	16609562587620384987	16894134299124238804	147375154004586701	4464874409764691720	-5511.4960937500	0.0000000000	13.0933681636	39.9261094447
114	98	15099006944303593007	18248472685024111301	11396411278499901766	15099006944303593007	-5511.4960937500	0.0000000000	1.6494189311	10.8111355528
9	3	2439594373950395860	14093486591111374668	770944455380805856	9103569996466778227	-5511.5014648438	0.0000000000	38.6952444876	45.5111001794
87	75	5601208716039951663	14608757246259334758	3389263511738477781	6289036739832982715	-5511.5136718750	0.0000000000	14.2647945438	18.4106526884
99	108	3770798787649587355	14996368193187989284	5728790418338541432	18081441990350405743	-5511.5590820312	0.0000000000	9.9053382950	4.8407997504
111	3	12355689472340701209	14093486591111374668	2743312453060308637	5868115358506476086	-5511.5600585938	0.0000000000	3.8908170908	45.5696939294
17	66	429853561211997818	18431247209864649693	13953041518637452270	16207796825130500715	-5511.5712890625	0.0000000000	35.3526307400	19.8021377418
95	1	1269677664921442142	10324198887431388283	6150395907889543688	6698973015369418010	-5511.5747070312	0.0000000000	11.7457241811	51.4405952520
111	2	12355689472340701209	13107051123224136067	2743312453060308637	11144827596874468225	-5511.5849609375	0.0000000000	3.9157194346	48.9708028214
67	9	303163103940296667	2439594373950395860	1642437995128178515	14610079005991498496	-5511.5952148438	0.0000000000	19.7900892990	38.7889944876
92	16	10367805946812379509	12201523437214473668	3569198270531276229	18429407240039040783	-5511.5961914062	0.0000000000	12.4115214026	35.4123449926
9	27	2439594373950395860	13931414467280736271	3062919821848230540	6598634088312559631	-5511.5986328125	0.0000000000	38.7924124564	31.2396577665
38	8	3887235235952849394	8992346648558435547	2278807532981968953	8470332395222527700	-5511.6064453125	0.0000000000	27.8507454895	39.5246477152
0	105	10667474865877392284	13728310634633545021	15144695685522636786	15349449768854112944	-5511.6127929688	0.0000000000	56.7106414879	6.2068077918
86	56	2181137809313707726	11357898340897756903	6883427012810277494	8597632524447565420	-5511.6147460938	0.0000000000	15.0289910698	23.7945568172
46	64	7251700801891077616	9696301458210436234	12441669897106311593	15741812367500279522	-5511.6606445312	0.0000000000	26.6383637437	21.2240606552
29	15	520324629128040228	3773740555311062023	433678254265695787	14765784829883189009	-5511.6655273438	0.0000000000	30.0002441347	35.5560538394
41	55	4688636836818565261	11851817067206489169	5000332704154660023	13652911287101308329	-5511.6879882812	0.0000000000	27.1813601904	24.0808429969
30	66	7858847987573124453	18431247209864649693	9254614130935550200	13839479265244775369	-5511.6909179688	0.0000000000	29.9756713552	19.9217666480
77	28	7437397082061112758	17027433896387945395	15648772021964368826	18042424159083157977	-5511.7358398438	0.0000000000	18.2281623982	30.8178837085
90	68	564253395306586288	13171866292654863094	10108358068445499032	13038955238107405529	-5511.7363281250	0.0000000000	13.1363335068	19.7678750225
3	75	14093486591111374668	14608757246259334758	2917921383674178009	12819943438347773094	-5511.7451171875	0.0000000000	45.7547525232	18.6420980009
17	30	429853561211997818	7858847987573124453	71812303395786135	10149012077683770718	-5511.7553710938	0.0000000000	35.5367127713	30.0401244802
25	66	16550426852500463777	18431247209864649693	1103892327553855381	5260463640444987890	-5511.8100585938	0.0000000000	32.5845707032	20.0409072730
117	53	5946235283944295470	15405698928020597209	5946235283944295470	13626622382293044598	-5511.8242187500	0.0000000000	0.0576253454	24.9272284002
60	16	230773126182757894	12201523437214473668	12933931760640475067	15308948843433408118	-5511.8349609375	0.0000000000	23.6403198522	35.6511145238
41	82	4688636836818565261	13012805549261864440	14740080325077253872	17637858690720668075	-5511.8383789062	0.0000000000	27.3317508154	16.4873262718
30	2	7858847987573124453	13107051123224136067	7965288084919000687	13496450255464313843	-5511.8432617188	0.0000000000	30.1280151052	49.2291036026
113	66	11034036556017610313	18431247209864649693	2008928735997185564	17911655445467753216	-5511.8676757812	0.0000000000	3.0228833231	20.0985244605
3	116	14093486591111374668	14319670599260614879	3227787445918659200	14319670599260614879	-5511.8715820312	0.0000000000	45.8812173669	0.5069321386
39	37	8936177091956132308	12249581567144989954	1744905084443194869	15441144229406255993	-5511.8774414062	0.0000000000	28.0997204273	28.3446517154
70	16	1592214687186736870	12201523437214473668	1724223043073495194	16937395262905570586	-5511.8798828125	0.0000000000	19.8087581072	35.6960363988
95	20	1269677664921442142	13355927625687165021	3084439090267262841	17445833409060605546	-5511.8862304688	0.0000000000	12.0572476186	34.9342940383
35	25	1374669322539188936	16550426852500463777	12921202825699749045	15244471393595007814	-5511.9013671875	0.0000000000	29.2362639017	32.6758792969
0	37	10667474865877392284	12249581567144989954	265459534891495052	9552127248935920143	-5511.9248046875	0.0000000000	57.0226532067	28.3920149966
58	88	4138555004563608843	10084124936668487071	8180425382132107607	14512044647397822525	-5511.9272460938	0.0000000000	23.9638379734	14.3820889610
52	21	8242477299940831062	15016803418478563936	961217556047589096	12410298647586390984	-5511.9301757812	0.0000000000	25.1234985939	34.4119813232
83	21	13586099871725120471	15016803418478563936	961217556047589096	16572587056162643048	-5511.9301757812	0.0000000000	16.5789009579	34.4119813232
113	47	11034036556017610313	11947096545996455153	11034036556017610313	12491761474135566389	-5511.9335937500	0.0000000000	3.0888012919	26.0301836572
35	43	1374669322539188936	9188283139325803671	2335393426496379001	13444523204924660783	-5511.9360351562	0.0000000000	29.2709318705	27.1830768525
5	93	2149484152715392458	3242482612805492339	4009397654115287272	7820751888996664767	-5511.9599609375	0.0000000000	42.2369397710	12.5020653689
77	55	7437397082061112758	11851817067206489169	4466407668191949561	11799088873804658220	-5511.9672851562	0.0000000000	18.4596077107	24.3601398719
15	62	3773740555311062023	7011268860006268306	5964604668676610813	15132977566646134051	-5511.9951171875	0.0000000000	35.8856436832	22.2127442242
29	51	520324629128040228	3374397758373242900	2927922392320956581	7799697426082996740	-5512.0004882812	0.0000000000	30.3352050722	25.2248403349
115	19	5083548386099259802	7692821074440121912	5083548386099259802	12404093716055677693	-5512.0083007812	0.0000000000	1.5290041069	35.0733630408
42	103	6149821055044103313	10916844756336505972	2118394347796425351	11903683686044865644	-5512.0092773438	0.0000000000	27.4768294832	8.4483430687
74	69	279844733889261352	2087039987532444631	13119214893822520810	15609669258865659664	-5512.0156250000	0.0000000000	19.0531885879	20.0293239828
20	34	13355927625687165021	14097627609532728280	81315736494602041	5392657442335835706	-5512.0283203125	0.0000000000	35.0763838821	29.5514217018
5	31	2149484152715392458	16657069432005198003	109834046912124884	9575605636140402327	-5512.0288085938	0.0000000000	42.3057874272	30.2598989855
45	47	10118968526249132794	11947096545996455153	8143178866490037221	10162663658686843980	-5512.0292968750	0.0000000000	27.0463049237	26.1258867822
9	96	2439594373950395860	14922418272091202393	5004647253607460283	5902494693198711428	-5512.0327148438	0.0000000000	39.2264944876	12.0599681179
49	96	7823186920941671451	14922418272091202393	5004647253607460283	11002060688131044928	-5512.0327148438	0.0000000000	25.5098847411	12.0599681179
67	51	303163103940296667	3374397758373242900	978528976930008026	15050893887696322070	-5512.0502929688	0.0000000000	20.2451674240	25.2746450224
84	1	2564171262913545665	10324198887431388283	3547701832146097626	14197371362559513727	-5512.0732421875	0.0000000000	16.2336793834	51.9391304083
117	0	5946235283944295470	10667474865877392284	5946235283944295470	14226264337322379795	-5512.0844726562	0.0000000000	0.3178792516	57.1823211754
74	8	279844733889261352	8992346648558435547	728914621191467644	2484211774358318661	-5512.0991210938	0.0000000000	19.1366846816	40.0173234965
114	7	15099006944303593007	15571085747497726625	3369735532711680920	15099006944303593007	-5512.1108398438	0.0000000000	2.2641650249	40.1609842607
52	3	8242477299940831062	14093486591111374668	10566906212879838659	11941365656458209330	-5512.1137695312	0.0000000000	25.3070923439	46.1234048669
9	30	2439594373950395860	7858847987573124453	8804069830901817745	13402384163419623514	-5512.1166992188	0.0000000000	39.3104788626	30.4014526052
46	66	7251700801891077616	18431247209864649693	1568497710138245658	18405709188005886863	-5512.1396484375	0.0000000000	27.1173676499	20.3704971168
79	7	2501211020233769820	15571085747497726625	9197837074463213727	12025464632771898360	-5512.1748046875	0.0000000000	18.5922844238	40.2249491045
83	105	13586099871725120471	13728310634633545021	12702697438466576376	13056355905968326541	-5512.1987304688	0.0000000000	16.8474556454	6.7927452918
58	72	4138555004563608843	8503372235075209266	2206529510038050444	6658073798796407170	-5512.2338867188	0.0000000000	24.2704785984	19.6069042205
42	53	6149821055044103313	15405698928020597209	12914384420343679646	14958397058584133443	-5512.2475585938	0.0000000000	27.7151107332	25.3505682439
79	53	2501211020233769820	15405698928020597209	2059180310425186758	11887614014538818936	-5512.2666015625	0.0000000000	18.6840812988	25.3696112127
70	7	1592214687186736870	15571085747497726625	5381236457785000889	8022251370693959468	-5512.2695312500	0.0000000000	20.1984065447	40.3196756670
93	49	3242482612805492339	7823186920941671451	14995094274127249912	15505981380912617127	-5512.2773437500	0.0000000000	12.8194481814	25.7545136474
42	77	6149821055044103313	7437397082061112758	1538788261661045743	6354351793850553576	-5512.2812500000	0.0000000000	27.7488021394	18.7735725544
71	42	2579019396016879642	6149821055044103313	9920799930618226603	12695035613704504239	-5512.2827148438	0.0000000000	19.7878729039	27.7502669832
115	106	5083548386099259802	7684204559276021956	5083548386099259802	10755662132493167800	-5512.3085937500	0.0000000000	1.8292970757	6.0956128886
81	50	3175835436065505467	15516788000137984293	16222738947891321061	18198494602792194330	-5512.3559570312	0.0000000000	17.8328826174	25.6064361309
6	66	16894134299124238804	18431247209864649693	11244554056502122805	14454393903829421491	-5512.3579101562	0.0000000000	40.7879258509	20.5887588355
115	55	5083548386099259802	11851817067206489169	5083548386099259802	5394023101121931233	-5512.3588867188	0.0000000000	1.8795900444	24.7517414344
1	83	10324198887431388283	13586099871725120471	1155902188410079270	5210355158442515050	-5512.3686523438	0.0000000000	52.2345405645	17.0173775204
61	109	2173314438107378563	8288089849152396567	2620819805894898709	16659553548235829872	-5512.3955078125	0.0000000000	23.6224828288	5.5339810653
81	4	3175835436065505467	16923322824322317466	6513010747118736326	14410793886222545956	-5512.4169921875	0.0000000000	17.8939177736	42.7455022491
76	0	2747588696662623730	10667474865877392284	1707991081108082413	12174472240336763139	-5512.4267578125	0.0000000000	18.9420273611	57.5246063317
5	89	2149484152715392458	16609562587620384987	147375154004586701	3220381792181727620	-5512.4301757812	0.0000000000	42.7071546147	14.0274501948
9	92	2439594373950395860	10367805946812379509	12941623861474323067	16802764349118839045	-5512.4453125000	0.0000000000	39.6390921439	13.2606424964
63	82	1399070161628260596	13012805549261864440	2113326549098676742	15034742563198335001	-5512.4516601562	0.0000000000	22.2905500760	17.1006075218
5	23	2149484152715392458	8983620928718234954	3664470907053460378	17725439248902929599	-5512.4667968750	0.0000000000	42.7437757085	33.9676245530
69	5	2087039987532444631	2149484152715392458	2254397816979038109	18367266943579457085	-5512.4780273438	0.0000000000	20.4917263265	42.7550061772
24	77	58338521781336478	7437397082061112758	10194188718869061388	16757350468614922827	-5512.5039062500	0.0000000000	33.3840199251	18.9962288044
56	6	11357898340897756903	16894134299124238804	12171417598770437365	17247361870547520075	-5512.5395507812	0.0000000000	24.7193615047	40.9695664759
92	36	10367805946812379509	10369745369462594300	2227523187646396532	11752500146757702076	-5512.5419921875	0.0000000000	13.3573221839	29.7921059462
17	42	429853561211997818	6149821055044103313	9031428226679160842	13784409336832360253	-5512.5488281250	0.0000000000	36.3301698025	28.0163802644
73	85	541435687269551760	16393214166263308105	4856157213737631692	13851744964768518916	-5512.5502929688	0.0000000000	19.7772527470	16.4309231408
97	0	5828997022151569970	10667474865877392284	2418441769735623256	9441074930729302070	-5512.5541992188	0.0000000000	12.2952893676	57.6520477379
26	49	167167149883495741	7823186920941671451	496792818897527938	13613153225429517892	-5512.5644531250	0.0000000000	33.2489838373	26.0416230224
45	6	10118968526249132794	16894134299124238804	6510759108245653688	12478473814626765115	-5512.5761718750	0.0000000000	27.5931799237	41.0061875697
49	39	7823186920941671451	8936177091956132308	7590178635994937643	12720026827679335268	-5512.5781250000	0.0000000000	26.0552948974	28.8004040211
36	104	10369745369462594300	16298007830431462257	9493961235675174289	17355953340157300539	-5512.6083984375	0.0000000000	29.8585121962	8.4084022726
92	108	10367805946812379509	14996368193187989284	6942761693496097115	16632485985331961412	-5512.6088867188	0.0000000000	13.4242167151	5.8906044379
53	25	15405698928020597209	16550426852500463777	441159960195563210	18100634083117922149	-5512.6171875000	0.0000000000	25.7201971502	33.3916996094
94	1	9222751215651972858	10324198887431388283	6208008398638744660	11596120597304635361	-5512.6269531250	0.0000000000	13.0095395097	52.4928413458
20	25	13355927625687165021	16550426852500463777	2448946849086546604	17572394301644039660	-5512.6318359375	0.0000000000	35.6798995071	33.4063480469
45	116	10118968526249132794	14319670599260614879	14319670599260614879	15650130921151836574	-5512.6425781250	0.0000000000	27.6595861737	1.2779282324
24	82	58338521781336478	13012805549261864440	5607024182458485766	15739551383731101500	-5512.6474609375	0.0000000000	33.5275746126	17.2964083030
60	3	230773126182757894	14093486591111374668	2287101730365691243	10150981816154639553	-5512.6640625000	0.0000000000	24.4694214147	46.6736978357
84	3	2564171262913545665	14093486591111374668	4934920459271666689	7076239658907346459	-5512.6684570312	0.0000000000	16.8288942271	46.6780923669
10	68	3715343508190632273	13171866292654863094	7360206151872366452	9343432387037917593	-5512.6923828125	0.0000000000	39.4007612302	20.7239297100
45	34	10118968526249132794	14097627609532728280	1367105125244829282	13578207579769100413	-5512.6958007812	0.0000000000	27.7128088300	30.2189021705
94	101	9222751215651972858	9781730914178405044	7536732162356584446	14663969405479502811	-5512.7045898438	0.0000000000	13.0871762285	10.4891165641
30	11	7858847987573124453	17799708269756447471	12559724236935902475	17559785052030476564	-5512.7060546875	0.0000000000	30.9908080740	38.9375067500
106	2	7684204559276021956	13107051123224136067	6904921604526319435	18351035236056716605	-5512.7270507812	0.0000000000	6.5140699198	50.1128926651
13	50	10079227655342552495	15516788000137984293	3859414573954760366	6831717426693546626	-5512.7294921875	0.0000000000	36.9838551405	25.9799712871
35	36	1374669322539188936	10369745369462594300	6802184328208525673	15527911946003087771	-5512.7309570312	0.0000000000	30.0658537455	29.9810707899
110	53	6574353373524907807	15405698928020597209	8135078451443861247	13560067784110130921	-5512.7553710938	0.0000000000	5.6201302932	25.8583807439
95	35	1269677664921442142	1374669322539188936	5286618122078977991	14084075526361401571	-5512.7690429688	0.0000000000	12.9400601186	30.1039396830
62	55	7011268860006268306	11851817067206489169	5369713389235709795	16848815620937995402	-5512.7695312500	0.0000000000	22.9871582867	25.1623859657
77	94	7437397082061112758	9222751215651972858	1614257249620721734	6001770364619933200	-5512.7709960938	0.0000000000	19.2633186482	13.1535824785
94	0	9222751215651972858	10667474865877392284	2803106104866139218	6609733172754812251	-5512.7709960938	0.0000000000	13.1535824785	57.8688446129
33	7	10368442723802325466	15571085747497726625	8738003860585595494	13042447998682116737	-5512.7729492188	0.0000000000	30.5424596093	40.8230936357
10	48	3715343508190632273	11384733198153311516	14988591456976118661	17594733305215493850	-5512.7739257812	0.0000000000	39.4823041990	26.6403295551
35	20	1374669322539188936	13355927625687165021	4857483395935584721	11055629080756484494	-5512.7763671875	0.0000000000	30.1112639017	35.8244307571
67	1	303163103940296667	10324198887431388283	5292009837926605934	5952996878508104166	-5512.7832031250	0.0000000000	20.9780775802	52.6490913458
70	50	1592214687186736870	15516788000137984293	2120858806171718457	9597635522153963804	-5512.7905273438	0.0000000000	20.7194026384	26.0410064434
46	114	7251700801891077616	15099006944303593007	15099006944303593007	17276318983949914036	-5512.8247070312	0.0000000000	27.8024262437	2.9780322124
42	82	6149821055044103313	13012805549261864440	14548403695499418300	16896353107599785339	-5512.8383789062	0.0000000000	28.3059310457	17.4873262718
6	28	16894134299124238804	17027433896387945395	6093457040000681383	15838317614223414861	-5512.8950195312	0.0000000000	41.3250352259	31.9770633960
19	7	7692821074440121912	15571085747497726625	5618312653299894659	10393394521261386967	-5512.8955078125	0.0000000000	35.9605700721	40.9456522295
32	50	3303836963991646703	15516788000137984293	11408982747672466204	14594681337986020322	-5512.9057617188	0.0000000000	31.1275680550	26.1562408184
37	108	12249581567144989954	14996368193187989284	14519623061036984484	17658913074555295634	-5512.9360351562	0.0000000000	29.4032454654	6.2177528754
61	79	2173314438107378563	2501211020233769820	2620819805894898709	5789421109376818743	-5512.9404296875	0.0000000000	24.1674047038	19.3579094238
48	78	11384733198153311516	14809137665620150592	4119790524332734654	15955353548970993124	-5512.9702148438	0.0000000000	26.8366186176	19.4012899575
5	101	2149484152715392458	9781730914178405044	12460973574858785068	16325714776117259074	-5512.9921875000	0.0000000000	43.2691663335	10.7767142204
42	13	6149821055044103313	10079227655342552495	7015418381715225992	9551405800742175363	-5513.0058593750	0.0000000000	28.4734115144	37.2602223280
110	48	6574353373524907807	11384733198153311516	5826208340938158926	8685212285397740343	-5513.0146484375	0.0000000000	5.8794076370	26.8810522113
100	80	3742391230315232177	11254879324197340454	11230224587353734267	14281319426157081690	-5513.0161132812	0.0000000000	11.1948565311	19.0448330965
93	16	3242482612805492339	12201523437214473668	1205993367556202818	10805449030839759647	-5513.0214843750	0.0000000000	13.5635888064	36.8376379613
97	48	5828997022151569970	11384733198153311516	6063513312798418464	8236761858522658053	-5513.0390625000	0.0000000000	12.7801526488	26.9054662738
29	49	520324629128040228	7823186920941671451	9806521831573441193	13289906471489228124	-5513.0556640625	0.0000000000	31.3903808534	26.5328339599
62	28	7011268860006268306	17027433896387945395	1413801755237686473	18240512650807487238	-5513.0644531250	0.0000000000	23.2820801617	32.1464969898
77	72	7437397082061112758	8503372235075209266	1515735943338826632	1750658829827612510	-5513.0678710938	0.0000000000	19.5601936482	20.4408885955
43	21	9188283139325803671	15016803418478563936	3207696296960115474	16006552968232524103	-5513.0781250000	0.0000000000	28.3251666963	35.5599305420
17	70	429853561211997818	1592214687186736870	1959646864200269342	8231102453683628940	-5513.0844726562	0.0000000000	36.8658143338	21.0133479509
22	19	3990398796172833387	7692821074440121912	11427248247274310634	16635192808000515880	-5513.1132812500	0.0000000000	35.2050666879	36.1783435096
70	3	1592214687186736870	14093486591111374668	6218962820754029050	12195292252582725730	-5513.1137695312	0.0000000000	21.0426448259	47.1234048669
72	16	8503372235075209266	12201523437214473668	121352320602049057	1863676172986789466	-5513.1220703125	0.0000000000	20.4950878142	36.9382238988
60	9	230773126182757894	2439594373950395860	7605321712869617623	17454220772197612762	-5513.1259765625	0.0000000000	24.9313354772	40.3197562064
8	14	8992346648558435547	12938275795804049604	17864502427460785266	18049579597097734621	-5513.1376953125	0.0000000000	41.0558977152	37.2869952495
56	68	11357898340897756903	13171866292654863094	10858944152883066022	18323396609490094964	-5513.1469726562	0.0000000000	25.3267833797	21.1785195538
69	104	2087039987532444631	16298007830431462257	192509067122775209	4766550410316322139	-5513.1479492188	0.0000000000	21.1616482015	8.9479530539
95	5	1269677664921442142	2149484152715392458	2404695083428654844	10858647902693883527	-5513.1542968750	0.0000000000	13.3253140248	43.4312757085
76	8	2747588696662623730	8992346648558435547	13860332535026593681	18049579597097734621	-5513.1577148438	0.0000000000	19.6729843923	41.0759172465
62	49	7011268860006268306	7823186920941671451	2847037492959883952	17386883322944059656	-5513.1684570312	0.0000000000	23.3860840679	26.6456269286
63	49	1399070161628260596	7823186920941671451	7257126808339078067	11630016100378424998	-5513.1938476562	0.0000000000	23.0327375760	26.6710175536
106	3	7684204559276021956	14093486591111374668	974502095760716897	9001647103659858745	-5513.2333984375	0.0000000000	7.0204175761	47.2430337732
48	96	11384733198153311516	14922418272091202393	7442734307905265835	16853526746367699998	-5513.2402343750	0.0000000000	27.1066381488	13.2674876491
49	11	7823186920941671451	17799708269756447471	4355238035119464113	12090694013711707671	-5513.2734375000	0.0000000000	26.7506073974	39.5048895625
35	94	1374669322539188936	9222751215651972858	333557181986311614	5415037114190728305	-5513.2758789062	0.0000000000	30.6107756205	13.6584652910
34	25	14097627609532728280	16550426852500463777	10444343662020558372	11696617661730781863	-5513.2817382812	0.0000000000	30.8048396705	34.0562503907
73	1	541435687269551760	10324198887431388283	2081323911333127390	6721337628716664767	-5513.2861328125	0.0000000000	20.5130925908	53.1520210333
35	27	1374669322539188936	13931414467280736271	9845489973097459021	13096962399281187425	-5513.2919921875	0.0000000000	30.6268889017	32.9330171415
84	58	2564171262913545665	4138555004563608843	34083213198464204	2063995525997138997	-5513.2924804688	0.0000000000	17.4529176646	25.3290723484
36	21	10369745369462594300	15016803418478563936	1435268905086674993	7059198932594766537	-5513.2954101562	0.0000000000	30.5455239149	35.7772156982
97	82	5828997022151569970	13012805549261864440	1734011320298056819	12291552970196271028	-5513.3002929688	0.0000000000	13.0413831176	17.9492403343
38	41	3887235235952849394	4688636836818565261	8486043528007084899	15406392593461231443	-5513.3242187500	0.0000000000	29.5685189270	28.8175906592
67	22	303163103940296667	3990398796172833387	168937619415597339	11087546606056837370	-5513.3334960938	0.0000000000	21.5283705490	35.4252815316
36	28	10369745369462594300	17027433896387945395	15247070357418869256	15510015394594813165	-5513.3393554688	0.0000000000	30.5894692274	32.4213993335
80	6	11254879324197340454	16894134299124238804	2386649137742431239	6968887739437760386	-5513.4008789062	0.0000000000	19.4295987215	41.8308946009
77	6	7437397082061112758	16894134299124238804	2386226906208513646	13890239981701692985	-5513.4155273438	0.0000000000	19.9078498982	41.8455430384
16	4	12201523437214473668	16923322824322317466	4410152894175429962	8400209279501573789	-5513.4165039062	0.0000000000	37.2326574926	43.7450139679
113	104	11034036556017610313	16298007830431462257	2358406863537436998	4252822041755670301	-5513.4584960938	0.0000000000	4.6137036356	9.2584999289
29	46	520324629128040228	7251700801891077616	11473486008995272276	11564180830442780277	-5513.4785156250	0.0000000000	31.8132324159	28.4562348374
16	82	12201523437214473668	13012805549261864440	14832033621444120792	17637858690720668075	-5513.4960937500	0.0000000000	37.3122473363	18.1450411155
41	16	4688636836818565261	12201523437214473668	14740080325077253872	14832033621444120792	-5513.4960937500	0.0000000000	28.9894656592	37.3122473363
99	13	3770798787649587355	10079227655342552495	2870919829267293158	14530487614242787752	-5513.5263671875	0.0000000000	11.8726234513	37.7807301405
86	16	2181137809313707726	12201523437214473668	1374426224933912213	13844563198148587301	-5513.5463867188	0.0000000000	16.9606316948	37.3625403051
35	7	1374669322539188936	15571085747497726625	4539222513948940107	8987248796354931039	-5513.5678710938	0.0000000000	30.9027678080	41.6180155107
15	64	3773740555311062023	9696301458210436234	6951143909912864842	17965915527174601058	-5513.5693359375	0.0000000000	37.4598624332	23.1327520615
77	13	7437397082061112758	10079227655342552495	7763753616798593469	14531777285148018061	-5513.5839843750	0.0000000000	20.0763069294	37.8383473280
19	83	7692821074440121912	13586099871725120471	609630844837174263	17359348227793220735	-5513.5874023438	0.0000000000	36.6524646033	18.2361275204
10	13	3715343508190632273	10079227655342552495	764726680351749174	16423358847912121521	-5513.5898437500	0.0000000000	40.2982221677	37.8442067030
69	10	2087039987532444631	3715343508190632273	5770057307244829651	13254625161900263747	-5513.5898437500	0.0000000000	21.6035427328	40.2982221677
35	28	1374669322539188936	17027433896387945395	4949120727036714578	9690769748583169478	-5513.5913085938	0.0000000000	30.9262053080	32.6733524585
77	7	7437397082061112758	15571085747497726625	11734472164456834346	17449969937401923140	-5513.6040039062	0.0000000000	20.0963264607	41.6541483232
61	113	2173314438107378563	11034036556017610313	10320441713397445483	17911655445467753216	-5513.6127929688	0.0000000000	24.8397679851	4.7680005106
10	33	3715343508190632273	10368442723802325466	10955414016648629401	12158904899726687627	-5513.6191406250	0.0000000000	40.3275190427	31.3886510155
84	13	2564171262913545665	10079227655342552495	4859387483241830351	18336186982647109775	-5513.6376953125	0.0000000000	17.7981325084	37.8920582655
43	6	9188283139325803671	16894134299124238804	5358724199049770427	16239646563853370075	-5513.7001953125	0.0000000000	28.9472370088	42.1302110072
90	48	564253395306586288	11384733198153311516	630112511859444314	3075734237804291652	-5513.7070312500	0.0000000000	15.1070366318	27.5734350238
48	31	11384733198153311516	16657069432005198003	12061518164692828667	15746180555747154208	-5513.7124023438	0.0000000000	27.5788061176	31.9434927355
38	13	3887235235952849394	10079227655342552495	12652710631570203959	13718419565126282787	-5513.7148437500	0.0000000000	29.9591439270	37.9692067030
63	81	1399070161628260596	3175835436065505467	1437551547906041502	12578692379778326576	-5513.7177734375	0.0000000000	23.5566633572	19.1946990236
53	11	15405698928020597209	17799708269756447471	5089144708678132287	15549400027916287541	-5513.7182617188	0.0000000000	26.8212713689	39.9497137813
15	108	3773740555311062023	14996368193187989284	5484964987674912894	10774160377937119749	-5513.7285156250	0.0000000000	37.6190421207	7.0102333441
8	66	8992346648558435547	18431247209864649693	728395201751935135	6693442234241896197	-5513.7324218750	0.0000000000	41.6506242777	21.9632705543
2	104	13107051123224136067	16298007830431462257	5774213916863362356	10858766402174259929	-5513.7558593750	0.0000000000	51.1417012589	9.5558632101
103	108	10916844756336505972	14996368193187989284	4001907038219058682	15618964072637589197	-5513.7573242188	0.0000000000	10.1963899437	7.0390419379
91	66	442166951684299261	18431247209864649693	6772577832377163248	16350526732955691001	-5513.7993164062	0.0000000000	14.8335355161	22.0301650855
0	96	10667474865877392284	14922418272091202393	310948474682301237	4692708220035688325	-5513.8002929688	0.0000000000	58.8981414879	13.8275462429
77	113	7437397082061112758	11034036556017610313	11034036556017610313	18159517130425352322	-5513.8066406250	0.0000000000	20.2989631794	4.9618481669
95	7	1269677664921442142	15571085747497726625	8803540760989274298	12220222662055139405	-5513.8203125000	0.0000000000	13.9913296498	41.8704569170
63	99	1399070161628260596	3770798787649587355	7649113369537191651	11392554186587116615	-5513.8364257812	0.0000000000	23.6753157010	12.1826820450
108	11	14996368193187989284	17799708269756447471	12373173413026698776	18273411437237354799	-5513.8374023438	0.0000000000	7.1191200629	40.0688544063
24	42	58338521781336478	6149821055044103313	3357156333530039783	8050342828417653070	-5513.8525390625	0.0000000000	34.7326527376	29.3200912019
67	2	303163103940296667	13107051123224136067	1235552181101239146	7133289558289571868	-5513.9033203125	0.0000000000	22.0981947677	51.2891621964
110	104	6574353373524907807	16298007830431462257	8756628217785637536	15829879780696014196	-5513.9130859375	0.0000000000	6.7778451370	9.7130897726
70	48	1592214687186736870	11384733198153311516	3845335172048035557	12892332576511487623	-5513.9213867188	0.0000000000	21.8502620134	27.7877904926
69	47	2087039987532444631	11947096545996455153	1596562647802348768	13117358592496276409	-5513.9316406250	0.0000000000	21.9453396078	28.0282305322
49	4	7823186920941671451	16923322824322317466	7138026993387689116	10348956127019576916	-5513.9326171875	0.0000000000	27.4097870849	44.2611272491
15	19	3773740555311062023	7692821074440121912	2055867703613828120	15005527676060316205	-5513.9360351562	0.0000000000	37.8265616519	37.0010974158
61	19	2173314438107378563	7692821074440121912	10141756168751755042	15978326736056430852	-5513.9418945312	0.0000000000	25.1688695476	37.0069567908
24	78	58338521781336478	14809137665620150592	3071553798782563113	4119790524332734654	-5513.9531250000	0.0000000000	34.8332386751	20.3842001137
5	99	2149484152715392458	3770798787649587355	9987886784011744142	12539733929138276264	-5513.9638671875	0.0000000000	44.2408460210	12.3101234513
72	13	8503372235075209266	10079227655342552495	3916068616301207208	12293105564127467429	-5513.9838867188	0.0000000000	21.3569042205	38.2382496717
99	103	3770798787649587355	10916844756336505972	4848844548525241336	9971034907641595361	-5513.9960937500	0.0000000000	12.3423500138	10.4351594749
42	72	6149821055044103313	8503372235075209266	5708839062617347207	14713695020581478210	-5514.0058593750	0.0000000000	29.4734115144	21.3788768767
49	37	7823186920941671451	12249581567144989954	9134813348944702747	11571539212651989467	-5514.0136718750	0.0000000000	27.4908417724	30.4808821841
93	25	3242482612805492339	16550426852500463777	1205993367556202818	16031616471803732555	-5514.0517578125	0.0000000000	14.5938622439	34.8262699219
93	2	3242482612805492339	13107051123224136067	16056273997939656684	18308512772140541324	-5514.0727539062	0.0000000000	14.6148583376	51.4585957901
84	25	2564171262913545665	16550426852500463777	6187223565173181238	6809064697404749238	-5514.0937500000	0.0000000000	18.2541871959	34.8682621094
96	6	14922418272091202393	16894134299124238804	9089707905414268006	13585249806544545150	-5514.1059570312	0.0000000000	14.1332103054	42.5359727259
118	3	5342875789511471951	14093486591111374668	5342875789511471951	7163102034416188257	-5514.1108398438	0.0000000000	0.4381501394	48.1204751794
70	4	1592214687186736870	16923322824322317466	8565957906661964660	17639110135739675861	-5514.1118164062	0.0000000000	22.0406917009	44.4403264679
87	106	5601208716039951663	7684204559276021956	12897838301240164210	17377980960961127145	-5514.1333007812	0.0000000000	16.8844234501	7.9203199198
49	50	7823186920941671451	15516788000137984293	7944793540861089300	10444813135836250287	-5514.1699218750	0.0000000000	27.6470917724	27.4204009746
47	85	11947096545996455153	16393214166263308105	173633225119459240	9244477707949508167	-5514.1787109375	0.0000000000	28.2753008447	18.0593411096
30	103	7858847987573124453	10916844756336505972	782962502682737273	7316685512003260128	-5514.2182617188	0.0000000000	32.5030151052	10.6573274437
51	1	3374397758373242900	10324198887431388283	656476573155467161	8689694144186619147	-5514.2211914062	0.0000000000	27.4455434599	54.0870796270
110	64	6574353373524907807	9696301458210436234	4198076644482994001	8856189961047895249	-5514.2275390625	0.0000000000	7.0922982620	23.7909551865
75	4	14608757246259334758	16923322824322317466	390394239106371074	2400654534104407451	-5514.2290039062	0.0000000000	21.1259847197	44.5575139679
79	16	2501211020233769820	12201523437214473668	8507941156516898343	10544801744346366652	-5514.2314453125	0.0000000000	20.6489250488	38.0475988988
8	57	8992346648558435547	9692447327446626127	16345943340589732748	18069944206728551788	-5514.2666015625	0.0000000000	42.1848039652	26.4358780425
74	77	279844733889261352	7437397082061112758	1017750120652701296	5579980013503344003	-5514.2709960938	0.0000000000	21.3085596816	20.7633186482
54	16	10494363557995427270	12201523437214473668	1078346403109804305	6814813201740968733	-5514.2778320312	0.0000000000	27.0464561417	38.0939856176
24	48	58338521781336478	11384733198153311516	12550461995101238764	15794484866758509138	-5514.2939453125	0.0000000000	35.1740589876	28.1603490863
49	18	7823186920941671451	17473836722014595788	2350824538110219808	5461744591569923273	-5514.3154296875	0.0000000000	27.7925995849	37.4423200388
38	39	3887235235952849394	8936177091956132308	7507731415227990808	10847152261401914380	-5514.3193359375	0.0000000000	30.5636361145	30.5416149586
91	42	442166951684299261	6149821055044103313	8502873896900825546	14531804764047001580	-5514.3432617188	0.0000000000	15.3774808286	29.8108138582
22	13	3990398796172833387	10079227655342552495	117432476276622669	8504710567706754770	-5514.3798828125	0.0000000000	36.4716682504	38.6342457655
92	2	10367805946812379509	13107051123224136067	1828882594991558120	17695428376131793339	-5514.3891601562	0.0000000000	15.2044901526	51.7750020401
43	33	9188283139325803671	10368442723802325466	3732148130048263208	5275078925410687726	-5514.4135742188	0.0000000000	29.6606159150	32.1830846093
30	107	7858847987573124453	8478510142031607734	7895572380750335832	15971964391377912388	-5514.4316406250	0.0000000000	32.7163940115	7.8625904156
109	7	8288089849152396567	15571085747497726625	6680667318141373337	15568341672362874834	-5514.4370117188	0.0000000000	7.5754849716	42.4871561357
35	42	1374669322539188936	6149821055044103313	2813352044033588439	10391510032117706838	-5514.4453125000	0.0000000000	31.7802092142	29.9128646394
32	101	3303836963991646703	9781730914178405044	5726596455569666989	8031203006006258536	-5514.4506835938	0.0000000000	32.6724899300	12.2352103141
26	1	167167149883495741	10324198887431388283	9733410315700971124	18308263437560760579	-5514.4584960938	0.0000000000	35.1430268060	54.3243843145
99	1	3770798787649587355	10324198887431388283	5730080702120676055	10552323825576075001	-5514.4658203125	0.0000000000	12.8120765763	54.3317085333
103	3	10916844756336505972	14093486591111374668	5065516374743996523	5448192431115681459	-5514.4760742188	0.0000000000	10.9151399437	48.4857095544
79	77	2501211020233769820	7437397082061112758	4778343754619888179	11132075378373420519	-5514.4765625000	0.0000000000	20.8940422363	20.9688850544
68	18	13171866292654863094	17473836722014595788	1443281698108237844	1624363650362524677	-5514.4785156250	0.0000000000	22.5100625225	37.6054059763
56	48	11357898340897756903	11384733198153311516	10100951142714009864	11411520276360204837	-5514.4892578125	0.0000000000	26.6690685359	28.3556615863
2	34	13107051123224136067	14097627609532728280	1250955885291943289	9705091688735478236	-5514.5034179688	0.0000000000	51.8892598526	32.0265193580
38	80	3887235235952849394	11254879324197340454	336405962053005326	1702511957643658100	-5514.5214843750	0.0000000000	30.7657845520	20.5502041902
83	102	13586099871725120471	16966479684116941053	9926523092402384403	10544984768003479233	-5514.5458984375	0.0000000000	19.1946236142	11.3848622704
95	42	1269677664921442142	6149821055044103313	14531804764047001580	15821595226067571318	-5514.5502929688	0.0000000000	14.7213101186	30.0178451082
15	40	3773740555311062023	15633704558089027375	9119567410942460745	10210590057282053087	-5514.5571289062	0.0000000000	38.4476554019	30.7721377663
9	2	2439594373950395860	13107051123224136067	4095985092474041457	17957986234699239458	-5514.5688476562	0.0000000000	41.7626273001	51.9546895401
82	2	13012805549261864440	13107051123224136067	11039668047273823042	16627523497150580410	-5514.5805664062	0.0000000000	19.2295137718	51.9664082901
42	20	6149821055044103313	13355927625687165021	11903683686044865644	18085535937731013375	-5514.6064453125	0.0000000000	30.0739974519	37.6545088821
88	102	10084124936668487071	16966479684116941053	3536449546782713244	14285990563964278110	-5514.6464843750	0.0000000000	17.1013272423	11.4854482079
58	30	4138555004563608843	7858847987573124453	9898862325066753066	15093877565287230620	-5514.6538085938	0.0000000000	26.6904004734	32.9385619802
39	27	8936177091956132308	13931414467280736271	968600381279563928	4174010461541137395	-5514.6752929688	0.0000000000	30.8975719898	34.3163179227
62	47	7011268860006268306	11947096545996455153	7616463716353325161	12894372014988092423	-5514.6752929688	0.0000000000	24.8929200054	28.7718828759
17	75	429853561211997818	14608757246259334758	12566230163901422697	14765675804160243974	-5514.6855468750	0.0000000000	38.4668885525	21.5825276884
94	13	9222751215651972858	10079227655342552495	1099540356083644608	2396797921127963655	-5514.6879882812	0.0000000000	15.0705746660	38.9423512342
70	14	1592214687186736870	12938275795804049604	4869022667963747725	11883887351332639206	-5514.7031250000	0.0000000000	22.6320002947	38.8524249370
47	6	11947096545996455153	16894134299124238804	1666705650651040902	18287080168356671463	-5514.7231445312	0.0000000000	28.8197344384	43.1531602259
67	17	303163103940296667	429853561211997818	1404807637313244462	9916029584200274586	-5514.7524414062	0.0000000000	22.9473158615	38.5337830838
37	111	12249581567144989954	12355689472340701209	7567314917787447610	8991573657373074247	-5514.7529296875	0.0000000000	31.2201399966	7.0836881846
79	3	2501211020233769820	14093486591111374668	13922393389314949636	15771082806470906965	-5514.7963867188	0.0000000000	21.2138664550	48.8060220544
33	3	10368442723802325466	14093486591111374668	1419542017557728534	16650405579976180273	-5514.8076171875	0.0000000000	32.5771275780	48.8172525232
63	50	1399070161628260596	15516788000137984293	7890690372752345668	11630016100378424998	-5514.8320312500	0.0000000000	24.6709211697	28.0825103496
55	3	11851817067206489169	14093486591111374668	13993836820175185910	16708341930488023243	-5514.8339843750	0.0000000000	27.2268390907	48.8436197107
22	34	3990398796172833387	14097627609532728280	9958959276446213849	15581200291737422214	-5514.8344726562	0.0000000000	36.9262580941	32.3575740455
79	78	2501211020233769820	14809137665620150592	10790884540772982353	12378098587073492170	-5514.8476562500	0.0000000000	21.2651359863	21.2787313637
86	65	2181137809313707726	15378060113354634737	6748444462644368470	12060248912097349754	-5514.8754882812	0.0000000000	18.2897332573	23.2558894599
45	21	10118968526249132794	15016803418478563936	3923752648482300989	18043750363406038645	-5514.8784179688	0.0000000000	29.8954260175	37.3602235107
82	18	13012805549261864440	17473836722014595788	11589867676542090557	17248033364781832671	-5514.8857421875	0.0000000000	19.5346895530	38.0126325388
41	47	4688636836818565261	11947096545996455153	9627237347621374366	12894372014988092423	-5514.9169921875	0.0000000000	30.4103640967	29.0135820947
23	33	8983620928718234954	10368442723802325466	9185630145887230746	14827511340568600695	-5514.9414062500	0.0000000000	36.4422339280	32.7109166405
101	36	9781730914178405044	10369745369462594300	8786488132942455178	13220675309195257304	-5514.9536132812	0.0000000000	12.7381400016	32.2037270399
14	96	12938275795804049604	14922418272091202393	5748448731206291936	15232461418472796709	-5514.9653320312	0.0000000000	39.1146319682	14.9925853054
82	53	13012805549261864440	15405698928020597209	1795590130187606621	4667526053138794848	-5514.9721679688	0.0000000000	19.6211153343	28.0751776189
42	34	6149821055044103313	14097627609532728280	2152306706213166074	13434736411186265398	-5514.9750976562	0.0000000000	30.4426497957	32.4981990455
35	40	1374669322539188936	15633704558089027375	980523872217197930	17082644025143876156	-5514.9775390625	0.0000000000	32.3124357767	31.1925479225
99	11	3770798787649587355	17799708269756447471	12363595320569802236	13358456116296941303	-5514.9916992188	0.0000000000	13.3379554825	41.2231512813
61	110	2173314438107378563	6574353373524907807	2140156312858329300	7814995284791619374	-5515.0034179688	0.0000000000	26.2303929851	7.8681771682
26	108	167167149883495741	14996368193187989284	1008100468865849747	11192643234612826361	-5515.0141601562	0.0000000000	35.6986908685	8.2958778754
32	75	3303836963991646703	14608757246259334758	7819846452095361910	15861209052500089380	-5515.0234375000	0.0000000000	33.2452438362	21.9204183134
16	98	12201523437214473668	18248472685024111301	473938919348651064	3501238272515372590	-5515.0263671875	0.0000000000	38.8425207738	14.3414089903
5	97	2149484152715392458	5828997022151569970	3927147595715452336	5253793777947432242	-5515.0327148438	0.0000000000	45.3096936772	14.7738049926
64	48	9696301458210436234	11384733198153311516	248978909772723637	13036282065192050595	-5515.0356445312	0.0000000000	24.5990606552	28.9020483051
38	42	3887235235952849394	6149821055044103313	10283221749139805401	16379513669095088607	-5515.0400390625	0.0000000000	31.2843392395	30.5075912019
10	42	3715343508190632273	6149821055044103313	11728001638779411665	16245935841163375400	-5515.0541992188	0.0000000000	41.7625776365	30.5217513582
76	32	2747588696662623730	3303836963991646703	6749020752410165843	13860332535026593681	-5515.0605468750	0.0000000000	21.5758164236	33.2823532112
26	4	167167149883495741	16923322824322317466	13057065576420146454	15422678047116180254	-5515.0639648438	0.0000000000	35.7484955560	45.3924749054
7	85	15571085747497726625	16393214166263308105	13851744964768518916	15313975169367143443	-5515.0688476562	0.0000000000	43.1189920732	18.9494778283
100	20	3742391230315232177	13355927625687165021	5362024325827587615	6456743237681505117	-5515.0698242188	0.0000000000	13.2485674686	38.1178877883
3	78	14093486591111374668	14809137665620150592	4973648479437956696	6164951154911021261	-5515.0825195312	0.0000000000	49.0921548669	21.5135946450
99	48	3770798787649587355	11384733198153311516	7295653166895965663	8636525947170031581	-5515.1035156250	0.0000000000	13.4497718888	28.9699193988
23	18	8983620928718234954	17473836722014595788	9137877421831641302	12286433417860393579	-5515.1201171875	0.0000000000	36.6209448655	38.2470075388
43	1	9188283139325803671	10324198887431388283	8650150288047401775	14500930207530987821	-5515.1289062500	0.0000000000	30.3759479463	54.9947944708
60	43	230773126182757894	9188283139325803671	11862983617069649015	15197993130483680118	-5515.1328125000	0.0000000000	26.9381714147	30.3798541963
90	1	564253395306586288	10324198887431388283	3075734237804291652	16935321676531296951	-5515.1352539062	0.0000000000	16.5352592881	55.0011421270
73	42	541435687269551760	6149821055044103313	11401116514783384885	14166988521387061964	-5515.1425781250	0.0000000000	22.3695379033	30.6101302644
43	40	9188283139325803671	15633704558089027375	5834475353165939505	15065344259557970073	-5515.1586914062	0.0000000000	30.4057331025	31.3737002663
33	55	10368442723802325466	11851817067206489169	3949629600843316578	17280288304281540535	-5515.1616210938	0.0000000000	32.9311314843	27.5544758094
116	89	14319670599260614879	16609562587620384987	173408575633694369	4839063625344786656	-5515.1743164062	0.0000000000	3.8096665136	16.7715908198
105	102	13728310634633545021	16966479684116941053	8961114175910990146	9548153362965227562	-5515.1757812500	0.0000000000	9.7697960731	12.0147450829
2	65	13107051123224136067	15378060113354634737	5681926617306530481	7395931113277166200	-5515.1904296875	0.0000000000	52.5762715714	23.5708308661
29	82	520324629128040228	13012805549261864440	7944801102718473029	10867864970414159188	-5515.1997070312	0.0000000000	33.5344238222	19.8486543968
96	108	14922418272091202393	14996368193187989284	2135623982092603242	7166131735530843068	-5515.2133789062	0.0000000000	15.2406321804	8.4950966254
5	8	2149484152715392458	8992346648558435547	3363456107989778285	3750042153877214048	-5515.2163085938	0.0000000000	45.4932874272	43.1345109965
84	62	2564171262913545665	7011268860006268306	11708910011494439546	13459631516727857321	-5515.2246093750	0.0000000000	19.3850465709	25.4422364117
90	2	564253395306586288	13107051123224136067	4623840594696347267	8125491348759344175	-5515.2260742188	0.0000000000	16.6260796006	52.6119161026
42	8	6149821055044103313	8992346648558435547	9628660840149646425	12987039849045806620	-5515.2436523438	0.0000000000	30.7112044832	43.1618547465
64	114	9696301458210436234	15099006944303593007	5981069675397420619	7127707170938310794	-5515.2524414062	0.0000000000	24.8158575302	5.4057665874
82	104	13012805549261864440	16298007830431462257	4912832499529652326	11346688791482269458	-5515.2695312500	0.0000000000	19.9184786155	11.0695350851
63	37	1399070161628260596	12249581567144989954	6308195633253552155	9625013254707780833	-5515.2739257812	0.0000000000	25.1128157010	31.7411360904
58	48	4138555004563608843	11384733198153311516	7767256199415934217	10243502325557239893	-5515.2749023438	0.0000000000	27.3114942234	29.1413061176
63	104	1399070161628260596	16298007830431462257	8817274975122974138	12924326094059023264	-5515.2963867188	0.0000000000	25.1352766385	11.0963905539
29	72	520324629128040228	8503372235075209266	4388896744951358901	14624023195875146933	-5515.3081054688	0.0000000000	33.6428222597	22.6811229705
82	25	13012805549261864440	16550426852500463777	9870417342054695790	12476281708778019234	-5515.3266601562	0.0000000000	19.9756075218	36.1011722657
13	48	10079227655342552495	11384733198153311516	12642438749302741681	12894450959362740608	-5515.3330078125	0.0000000000	39.5873707655	29.1994115863
92	14	10367805946812379509	12938275795804049604	11617208058797664486	16036874732560679466	-5515.3364257812	0.0000000000	16.1517557776	39.4857257182
81	11	3175835436065505467	17799708269756447471	2391855280969100900	6764014069127759245	-5515.3413085938	0.0000000000	20.8182341799	41.5727606563
65	40	15378060113354634737	15633704558089027375	6780457546652502990	8272836734053878945	-5515.3437500000	0.0000000000	23.7241511786	31.5587588600
2	116	13107051123224136067	14319670599260614879	173408575633694369	2792970816995612770	-5515.3608398438	0.0000000000	52.7466817276	3.9961899511
8	44	8992346648558435547	13956310948762308203	11210290174965139513	15635535519722265464	-5515.3886718750	0.0000000000	43.3068742777	30.6031724233
49	13	7823186920941671451	10079227655342552495	6446695316042073448	16239481453526533628	-5515.4335937500	0.0000000000	28.9107636474	39.6879567030
93	36	3242482612805492339	10369745369462594300	7385901688425091636	16306939738339143570	-5515.4355468750	0.0000000000	15.9776513064	32.6856606337
29	36	520324629128040228	10369745369462594300	3063817056707709626	3818299736103839485	-5515.4477539062	0.0000000000	33.7824706972	32.6978676649
112	2	11111376794004924671	13107051123224136067	3435194066123048141	17908832250225660144	-5515.4580078125	0.0000000000	7.3496609576	52.8438496964
96	7	14922418272091202393	15571085747497726625	3124388152123657215	5146191639359075679	-5515.4736328125	0.0000000000	15.5008860866	43.5237772295
32	94	3303836963991646703	9222751215651972858	1057403687168632867	3044691539510591047	-5515.4809570312	0.0000000000	33.7027633675	15.8635434160
29	44	520324629128040228	13956310948762308203	7083607647163420906	10944252087216595267	-5515.4960937500	0.0000000000	33.8308105409	30.7105942983
116	102	14319670599260614879	16966479684116941053	295582185211843439	6908739446718742191	-5515.5185546875	0.0000000000	4.1539047949	12.3575185204
91	21	442166951684299261	15016803418478563936	2826300797663911927	14818250380430468971	-5515.5190429688	0.0000000000	16.5532620786	38.0008485107
8	108	8992346648558435547	14996368193187989284	11224115148062719432	15674623571412190252	-5515.5219726562	0.0000000000	43.4401750590	8.8036903754
21	28	15016803418478563936	17027433896387945395	13721470362741951357	16610858721945786754	-5515.5366210938	0.0000000000	38.0184266357	34.6186649585
42	111	6149821055044103313	12355689472340701209	3550007376500148938	11512658035075597333	-5515.5410156250	0.0000000000	31.0085677644	7.8717741221
63	53	1399070161628260596	15405698928020597209	1392681931568508525	15549400027916287541	-5515.5463867188	0.0000000000	25.3852766385	28.6493963689
9	104	2439594373950395860	16298007830431462257	7840540102027800157	17454220772197612762	-5515.5561523438	0.0000000000	42.7499319876	11.3561561789
61	77	2173314438107378563	7437397082061112758	635793292808073526	11801743351761390175	-5515.5566406250	0.0000000000	26.7836156413	22.0489631794
86	8	2181137809313707726	8992346648558435547	364140185776311311	4281602545332342840	-5515.5683593750	0.0000000000	18.9826043511	43.4865617777
69	117	2087039987532444631	5946235283944295470	5946235283944295470	16026720245655347673	-5515.5742187500	0.0000000000	23.5879177328	3.8076253454
8	75	8992346648558435547	14608757246259334758	1790824294722588819	3537264713885713204	-5515.5756835938	0.0000000000	43.4938859965	22.4726644072
10	37	3715343508190632273	12249581567144989954	1320214164464350724	16604056787302643347	-5515.5766601562	0.0000000000	42.2850385740	32.0438704654
61	75	2173314438107378563	14608757246259334758	1342408670231345033	13701933464381165069	-5515.5961914062	0.0000000000	26.8231664226	22.4931722197
72	94	8503372235075209266	9222751215651972858	13547391434470646584	16141917771211238149	-5515.6035156250	0.0000000000	22.9765331267	15.9861020097
45	28	10118968526249132794	17027433896387945395	15538273848981653712	15928786768055560407	-5515.6362304688	0.0000000000	30.6532385175	34.7182743335
61	21	2173314438107378563	15016803418478563936	918377884049567645	8743205148289268210	-5515.6396484375	0.0000000000	26.8666234538	38.1214539795
5	13	2149484152715392458	10079227655342552495	9017459364221676766	12686788303022838850	-5515.6411132812	0.0000000000	45.9180921147	39.8954762342
29	79	520324629128040228	2501211020233769820	9513468596994637048	12042689697732099672	-5515.6425781250	0.0000000000	33.9772949159	22.0600578613
51	38	3374397758373242900	3887235235952849394	2800515948414703788	6383534771653616805	-5515.6567382812	0.0000000000	28.8810903349	31.9010384583
44	66	13956310948762308203	18431247209864649693	7631106687703611605	9555375335542193284	-5515.6997070312	0.0000000000	30.9142075796	23.9305557105
94	4	9222751215651972858	16923322824322317466	6609733172754812251	14468757456533262899	-5515.7148437500	0.0000000000	16.0974301347	46.0433538116
69	31	2087039987532444631	16657069432005198003	6277204733732553460	17952042964057642044	-5515.7543945312	0.0000000000	23.7680935140	33.9854849230
58	25	4138555004563608843	16550426852500463777	2829929676622348833	12866177227813785162	-5515.7587890625	0.0000000000	27.7953809421	36.5333011719
9	47	2439594373950395860	11947096545996455153	3287818106868807512	18046011120064149641	-5515.7739257812	0.0000000000	42.9677054251	29.8705156884
90	3	564253395306586288	14093486591111374668	9842409933978266835	10550821321895197293	-5515.7773437500	0.0000000000	17.1773491318	49.7869790857
69	113	2087039987532444631	11034036556017610313	7309847898833616760	18394724865027427519	-5515.7851562500	0.0000000000	23.7988552328	6.9403637919
32	68	3303836963991646703	13171866292654863094	1740371317101456870	15329755813308008406	-5515.8012695312	0.0000000000	34.0230758675	23.8328164288
83	89	13586099871725120471	16609562587620384987	10349754920398024926	11712427645485445822	-5515.8227539062	0.0000000000	20.4714790829	17.4200283198
89	102	16609562587620384987	16966479684116941053	10676480545283615383	11712427645485445822	-5515.8227539062	0.0000000000	17.4200283198	12.6617177392
100	106	3742391230315232177	7684204559276021956	3803012168473445133	18190981695402336775	-5515.8291015625	0.0000000000	14.0078448124	9.6161207011
58	1	4138555004563608843	10324198887431388283	17004953018165752928	17770114850072952848	-5515.8374023438	0.0000000000	27.8739942234	55.7032905645
61	46	2173314438107378563	7251700801891077616	7862988180775309117	9409461939831429916	-5515.8559570312	0.0000000000	27.0829320476	30.8336762437
61	56	2173314438107378563	11357898340897756903	2640258612966382469	7944044028718931392	-5515.8559570312	0.0000000000	27.0829320476	28.0357677547
81	2	3175835436065505467	13107051123224136067	2850421076843945185	15303240597187992550	-5515.8632812500	0.0000000000	21.3402068361	53.2491231339
61	57	2173314438107378563	9692447327446626127	6797477341728773151	18050461460757283910	-5515.8681640625	0.0000000000	27.0951390788	28.0374405425
26	33	167167149883495741	10368442723802325466	13018137920394760377	17704308574630306805	-5515.8720703125	0.0000000000	36.5566010248	33.6415807030
33	54	10368442723802325466	10494363557995427270	8921963917249446320	13018137920394760377	-5515.8720703125	0.0000000000	33.6415807030	28.6406944229
43	85	9188283139325803671	16393214166263308105	10880100710860419318	12518364735555642583	-5515.8886718750	0.0000000000	31.1357135713	19.7693020471
81	75	3175835436065505467	14608757246259334758	12566230163901422697	15208454870717633893	-5515.8901367188	0.0000000000	21.3670623049	22.7871175322
95	43	1269677664921442142	9188283139325803671	4538569177560181672	14560836300940693368	-5515.9047851562	0.0000000000	16.0758023061	31.1518268525
86	33	2181137809313707726	10368442723802325466	43928962682873846	12060248912097349754	-5515.9111328125	0.0000000000	19.3253777886	33.6806432030
19	48	7692821074440121912	11384733198153311516	12141147573398502037	15369404614030028096	-5515.9150390625	0.0000000000	38.9801013221	29.7814428363
65	66	15378060113354634737	18431247209864649693	69677526351249849	3693129951014851423	-5515.9257812500	0.0000000000	24.3061824286	24.1566299293
29	47	520324629128040228	11947096545996455153	2165835577864127767	11148770590532034872	-5515.9409179688	0.0000000000	34.2756347597	30.0375078759
54	31	10494363557995427270	16657069432005198003	8302427155796681841	9087436289749684968	-5515.9409179688	0.0000000000	28.7095420792	34.1720083605
80	50	11254879324197340454	15516788000137984293	12559880304421663934	17319353637207090963	-5515.9467773438	0.0000000000	21.9754971590	29.1972564434
63	94	1399070161628260596	9222751215651972858	7536732162356584446	7733498648472366846	-5515.9687500000	0.0000000000	25.8076399197	16.3513363847
99	4	3770798787649587355	16923322824322317466	7434034786129122395	17104633604723617069	-5515.9882812500	0.0000000000	14.3345375138	46.3167913116
50	6	15516788000137984293	16894134299124238804	1666705650651040902	12723973286751698563	-5516.0122070312	0.0000000000	29.2626861309	44.4422227259
69	11	2087039987532444631	17799708269756447471	6277204733732553460	13532000775135282543	-5516.0126953125	0.0000000000	24.0263942953	42.2441473750
38	47	3887235235952849394	11947096545996455153	4540576615577634574	11369887363390028258	-5516.0356445312	0.0000000000	32.2799447083	30.1322344384
38	87	3887235235952849394	5601208716039951663	7005480298322536782	14621889126542395254	-5516.0400390625	0.0000000000	32.2843392395	18.7911617313
36	75	10369745369462594300	14608757246259334758	8549554794790877754	12898296180226666674	-5516.0444335938	0.0000000000	33.2945473524	22.9414144072
94	36	9222751215651972858	10369745369462594300	5067511340033992625	12898296180226666674	-5516.0444335938	0.0000000000	16.4270199785	33.2945473524
94	55	9222751215651972858	11851817067206489169	3556723973561262614	5410450013024350628	-5516.0668945312	0.0000000000	16.4494809160	28.4597492469
97	14	5828997022151569970	12938275795804049604	6981253995399983954	11620349405962222590	-5516.0927734375	0.0000000000	15.8338635863	40.2420733745
13	14	10079227655342552495	12938275795804049604	14956397380168656517	15420050558401893999	-5516.0971679688	0.0000000000	40.3515309217	40.2464679057
84	11	2564171262913545665	17799708269756447471	9707923195755602100	17094628173000787794	-5516.1000976562	0.0000000000	20.2605348521	42.3315497188
80	75	11254879324197340454	14608757246259334758	800726915214359324	17113713012752476980	-5516.1010742188	0.0000000000	22.1297940340	22.9980550322
63	41	1399070161628260596	4688636836818565261	11936800616676430340	15561579142922248267	-5516.1201171875	0.0000000000	25.9590071072	31.6134890967
73	16	541435687269551760	12201523437214473668	9061643305663066905	11692386538051553531	-5516.1201171875	0.0000000000	23.3470769658	39.9362707738
58	44	4138555004563608843	13956310948762308203	5067718481818585824	12125122577002838002	-5516.1347656250	0.0000000000	28.1713575046	31.3492661733
11	66	17799708269756447471	18431247209864649693	3673200669863382559	12979946266770468272	-5516.1533203125	0.0000000000	42.3847723750	24.3841689918
13	16	10079227655342552495	12201523437214473668	4654893333226197267	12605550294700882566	-5516.1806640625	0.0000000000	40.4350270155	39.9968176488
51	99	3374397758373242900	3770798787649587355	551051262268960736	10035475463868946354	-5516.2192382812	0.0000000000	29.4435903349	14.5654945450
90	36	564253395306586288	10369745369462594300	8774042810243100823	15284764313991814365	-5516.2299804688	0.0000000000	17.6299858506	33.4800942274
70	109	1592214687186736870	8288089849152396567	331778518416849780	3742198382962710976	-5516.2568359375	0.0000000000	24.1857112322	9.3953091903
76	43	2747588696662623730	9188283139325803671	4737154216482216803	6223700239681043123	-5516.2602539062	0.0000000000	22.7755234548	31.5072956025
49	109	7823186920941671451	8288089849152396567	9745735870313198001	11826196865638707035	-5516.2705078125	0.0000000000	29.7476777099	9.4089810653
5	56	2149484152715392458	11357898340897756903	778288991144820121	13013014375355137168	-5516.2768554688	0.0000000000	46.5538343022	28.4566661922
79	97	2501211020233769820	5828997022151569970	1474925479844296852	1888265324210944987	-5516.2797851562	0.0000000000	22.6972648925	16.0208753051
63	7	1399070161628260596	15571085747497726625	12888275890909378793	15714918850718394974	-5516.2875976562	0.0000000000	26.1264875760	44.3377420732
9	45	2439594373950395860	10118968526249132794	5778772886288609188	15458779563900571649	-5516.2895507812	0.0000000000	43.4833304251	31.3065588300
35	108	1374669322539188936	14996368193187989284	1534602544125240137	10768812160563532189	-5516.2910156250	0.0000000000	33.6259123392	9.5727333441
94	108	9222751215651972858	14996368193187989284	1534602544125240137	15153816771063619325	-5516.2910156250	0.0000000000	16.6736020097	9.5727333441
99	3	3770798787649587355	14093486591111374668	3851137356456499697	17040221239384118141	-5516.3046875000	0.0000000000	14.6509437638	50.3143228357
14	78	12938275795804049604	14809137665620150592	5796324681867033962	16129949826209161712	-5516.3217773438	0.0000000000	40.4710772807	22.7528524575
109	48	8288089849152396567	11384733198153311516	6911340498868092890	15561970444259373919	-5516.3261718750	0.0000000000	9.4646451278	30.1925756488
0	102	10667474865877392284	16966479684116941053	11499530956272657325	17782374278872021684	-5516.3310546875	0.0000000000	61.4289032067	13.1700185204
104	6	16298007830431462257	16894134299124238804	10955258987995580693	11655006814651339038	-5516.3374023438	0.0000000000	12.1374061789	44.7674180384
71	4	2579019396016879642	16923322824322317466	8251438231732016158	12508803564163275399	-5516.3530273438	0.0000000000	23.8581854039	46.6815374054
0	82	10667474865877392284	13012805549261864440	12591185637059054624	16158106098813564046	-5516.3735351562	0.0000000000	61.4713836754	21.0224825218
2	102	13107051123224136067	16966479684116941053	1298338730212385049	3536449546782713244	-5516.3891601562	0.0000000000	53.7750020401	13.2281239892
15	13	3773740555311062023	10079227655342552495	9615902237524020725	13002358818274929502	-5516.4057617188	0.0000000000	40.2962882144	40.6601246717
69	109	2087039987532444631	8288089849152396567	8309118769914862695	18096166890324488121	-5516.4262695312	0.0000000000	24.4399685140	9.5647427841
77	109	7437397082061112758	8288089849152396567	2386226906208513646	18096166890324488121	-5516.4262695312	0.0000000000	22.9185920857	9.5647427841
86	6	2181137809313707726	16894134299124238804	6978780183821406883	17672064157944531380	-5516.4423828125	0.0000000000	19.8566277886	44.8723985072
96	21	14922418272091202393	15016803418478563936	5119818785672642190	14858410344597978294	-5516.4428710938	0.0000000000	16.4701243679	38.9246766357
55	85	11851817067206489169	16393214166263308105	4431469322810013750	6060333422684504134	-5516.4462890625	0.0000000000	28.8391437782	20.3269192346
63	66	1399070161628260596	18431247209864649693	1990232237477084381	3542118240847544749	-5516.4565429688	0.0000000000	26.2954328885	24.6873916480
38	7	3887235235952849394	15571085747497726625	2686761876211289609	16811689216668946963	-5516.4995117188	0.0000000000	32.7438118958	44.5496561357
51	0	3374397758373242900	10667474865877392284	1769541693960238514	17882570627743302488	-5516.5014648438	0.0000000000	29.7258168974	61.5993133629
79	14	2501211020233769820	12938275795804049604	7693265421427192679	15954194801741778708	-5516.5097656250	0.0000000000	22.9272453613	40.6590655620
19	89	7692821074440121912	16609562587620384987	1599624021370588919	13048104312912756392	-5516.5131835938	0.0000000000	39.5782458533	18.1104580073
40	25	15633704558089027375	16550426852500463777	1978499059149023024	16428523405364141817	-5516.5190429688	0.0000000000	32.7340518288	37.2935550782
38	54	3887235235952849394	10494363557995427270	7696747960618750947	9355624549595525466	-5516.5195312500	0.0000000000	32.7638314270	29.2881553604
115	1	5083548386099259802	10324198887431388283	3778226941380596114	15068393086723976441	-5516.5234375000	0.0000000000	6.0441408257	56.3893257208
46	4	7251700801891077616	16923322824322317466	10124070948463050575	11888887554436333763	-5516.5297851562	0.0000000000	31.5075043687	46.8582952179
26	37	167167149883495741	12249581567144989954	4039303797012530598	10273283201739199232	-5516.5498046875	0.0000000000	37.2343353998	33.0170149966
62	104	7011268860006268306	16298007830431462257	192509067122775209	14282610970152835678	-5516.5766601562	0.0000000000	26.7942871929	12.3766639914
62	66	7011268860006268306	18431247209864649693	3329616537175931138	17498145250419773624	-5516.6020507812	0.0000000000	26.8196778179	24.8328994605
63	36	1399070161628260596	10369745369462594300	9850178089080297790	15844027842398085651	-5516.6352539062	0.0000000000	26.4741438260	33.8853676649
61	32	2173314438107378563	3303836963991646703	1368155204497800653	13727762340580024349	-5516.6411132812	0.0000000000	27.8680882976	34.8629196175
60	28	230773126182757894	17027433896387945395	474144069017596893	943237269842782410	-5516.6474609375	0.0000000000	28.4528198522	35.7295048023
17	6	429853561211997818	16894134299124238804	7330483414283075475	7986418553426056959	-5516.6479492188	0.0000000000	40.4292908963	45.0779649134
9	82	2439594373950395860	13012805549261864440	4194742084855955736	7335419540411443577	-5516.6811523438	0.0000000000	43.8749319876	21.3300997093
32	12	3303836963991646703	14938178270134821508	3119692248443322923	14505119281982448036	-5516.6850585938	0.0000000000	34.9068649300	41.4999145317
48	11	11384733198153311516	17799708269756447471	7629539116517261607	12894450959362740608	-5516.6914062500	0.0000000000	30.5578100238	42.9228583125
21	104	15016803418478563936	16298007830431462257	918377884049567645	17202513595094633888	-5516.7192382812	0.0000000000	39.2010438232	12.5192421164
60	110	230773126182757894	6574353373524907807	7814995284791619374	8541736685319002725	-5516.7294921875	0.0000000000	28.5348511022	9.5942513870
10	47	3715343508190632273	11947096545996455153	6005818590759939526	14140178461430195596	-5516.7343750000	0.0000000000	43.4427534177	30.8309649072
94	103	9222751215651972858	10916844756336505972	7321531976212391651	7678138014338307688	-5516.7397460938	0.0000000000	17.1223324785	13.1788118187
60	11	230773126182757894	17799708269756447471	9741314037813047218	16827772989800528289	-5516.7646484375	0.0000000000	28.5700073522	42.9961005000
54	55	10494363557995427270	11851817067206489169	5487001627720433340	8404671727777281274	-5516.7675781250	0.0000000000	29.5362022354	29.1604328407
25	102	16550426852500463777	16966479684116941053	1049036713739756711	12036365363905074338	-5516.7934570312	0.0000000000	37.5679691407	13.6324208642
21	25	15016803418478563936	16550426852500463777	1483860177577952032	4698798086542231565	-5516.8090820312	0.0000000000	39.2908875732	37.5835941407
81	20	3175835436065505467	13355927625687165021	1339319956082365200	12986640990093507179	-5516.8369140625	0.0000000000	22.3138396486	39.8849776321
63	0	1399070161628260596	10667474865877392284	11270633127157912493	13547379439482401012	-5516.8378906250	0.0000000000	26.6767805447	61.9357391442
73	10	541435687269551760	3715343508190632273	13148186215662740017	17915669276645078961	-5516.9248046875	0.0000000000	24.1517644658	43.6331831052
1	104	10324198887431388283	16298007830431462257	10858766402174259929	17120284095103920587	-5516.9541015625	0.0000000000	56.8199897833	12.7541053976
29	113	520324629128040228	11034036556017610313	10375591223076457920	13818210329204496725	-5516.9594726562	0.0000000000	35.2941894472	8.1146801981
43	113	9188283139325803671	11034036556017610313	2878856373747186952	10375591223076457920	-5516.9594726562	0.0000000000	32.2065143525	8.1146801981
86	9	2181137809313707726	2439594373950395860	4874711243339885000	11049740305185265217	-5516.9633789062	0.0000000000	20.3776238823	44.1571585501
86	15	2181137809313707726	3773740555311062023	4874711243339885000	5012986386057205025	-5516.9633789062	0.0000000000	20.3776238823	40.8539054019
58	31	4138555004563608843	16657069432005198003	12110467318693708072	17233246513531019434	-5516.9741210938	0.0000000000	29.0107129734	35.2052114855
24	46	58338521781336478	7251700801891077616	9633331034985060637	11541939118530675085	-5517.0239257812	0.0000000000	37.9040394564	32.0016449937
63	102	1399070161628260596	16966479684116941053	4396603452556150401	12036365363905074338	-5517.0356445312	0.0000000000	26.8745344510	13.8746083642
26	69	167167149883495741	2087039987532444631	11335186858704987031	14701062780704597304	-5517.0419921875	0.0000000000	37.7265228998	25.0556911703
75	114	14608757246259334758	15099006944303593007	3709129334039679510	14898125394486290632	-5517.0419921875	0.0000000000	23.9389730009	7.1953173686
41	3	4688636836818565261	14093486591111374668	13296068984811870329	17042617209174604254	-5517.0444335938	0.0000000000	32.5378055029	51.0540689294
62	77	7011268860006268306	7437397082061112758	4483687522109711063	17019471782055999401	-5517.0473632812	0.0000000000	27.2649903179	23.5396858357
105	116	13728310634633545021	14319670599260614879	295582185211843439	1137474405722825264	-5517.0590820312	0.0000000000	11.6530968543	5.6944321386
6	102	16894134299124238804	16966479684116941053	5845164811118180774	13679176903010370382	-5517.0649414062	0.0000000000	45.4949571009	13.9039052392
95	27	1269677664921442142	13931414467280736271	1167861841022829638	9744706361438421229	-5517.0649414062	0.0000000000	17.2359585561	36.7059663602
57	7	9692447327446626127	15571085747497726625	4256224579902664170	12141198028798586582	-5517.0668945312	0.0000000000	29.2361710113	45.1170389482
29	109	520324629128040228	8288089849152396567	1210692682880441693	13795908646569877260	-5517.0766601562	0.0000000000	35.4113769472	10.2151334091
74	10	279844733889261352	3715343508190632273	13655637453718795346	17497118590300085206	-5517.0883789062	0.0000000000	24.1259424941	43.7967573240
38	40	3887235235952849394	15633704558089027375	6546321040455051834	13922703174873624926	-5517.0893554688	0.0000000000	33.3336556458	33.3043643288
0	85	10667474865877392284	16393214166263308105	4014311211288342760	9649145705709007175	-5517.1259765625	0.0000000000	62.2238250817	21.0066067346
26	79	167167149883495741	2501211020233769820	3832424798044778540	7693265421427192679	-5517.1328125000	0.0000000000	37.8173432123	23.5502922363
5	41	2149484152715392458	4688636836818565261	6749663685196060894	12581585045379744259	-5517.1499023438	0.0000000000	47.4268811772	32.6432742529
35	2	1374669322539188936	13107051123224136067	3374252192975320737	5027209802123094233	-5517.1582031250	0.0000000000	34.4930998392	54.5440450089
93	48	3242482612805492339	11384733198153311516	4131872215066441090	9639538125846659669	-5517.1601562500	0.0000000000	17.7022606814	31.0265600238
10	23	3715343508190632273	8983620928718234954	8753619960245403834	13655637453718795346	-5517.1630859375	0.0000000000	43.8714643552	38.6639136155
69	94	2087039987532444631	9222751215651972858	1893691071131451365	13736732530478693740	-5517.1669921875	0.0000000000	25.1806911703	17.5495785722
1	89	10324198887431388283	16609562587620384987	3182558185304451978	9983631431816683451	-5517.1733398438	0.0000000000	57.0392280645	18.7706142573
101	1	9781730914178405044	10324198887431388283	9388814651754072350	11328830802612128436	-5517.1870117188	0.0000000000	14.9715384391	57.0528999395
77	44	7437397082061112758	13956310948762308203	14111689922781144116	14209275267041700525	-5517.1884765625	0.0000000000	23.6807991169	32.4029771108
10	52	3715343508190632273	8242477299940831062	3220598206961548608	9040884633227350017	-5517.1889648438	0.0000000000	43.8973432615	30.3822876564
41	20	4688636836818565261	13355927625687165021	15161692968133596644	17541318985291362027	-5517.2114257812	0.0000000000	32.7047976904	40.2594893508
17	91	429853561211997818	442166951684299261	5843390784657592212	10373175268049081912	-5517.2128906250	0.0000000000	40.9942323025	18.2471097349
34	31	14097627609532728280	16657069432005198003	6453983728687721119	13512855599391295226	-5517.2246093750	0.0000000000	34.7477107643	35.4556997667
81	16	3175835436065505467	12201523437214473668	10228273692023563482	14561189955605198193	-5517.2421875000	0.0000000000	22.7191130861	41.0583410863
41	66	4688636836818565261	18431247209864649693	9186722917915375683	14875465329616152909	-5517.2436523438	0.0000000000	32.7370242529	25.4745010230
10	15	3715343508190632273	3773740555311062023	3643804395163409832	3986393006891138982	-5517.2480468750	0.0000000000	43.9564252927	41.1385733707
56	21	11357898340897756903	15016803418478563936	2586641587556042813	6467498009248549985	-5517.2485351562	0.0000000000	29.4283458797	39.7303406982
90	42	564253395306586288	6149821055044103313	8446260347341585294	13768126995220184339	-5517.2802734375	0.0000000000	18.6802788193	32.7478255769
50	85	15516788000137984293	16393214166263308105	6247706249163120979	9592911122886879832	-5517.2807617188	0.0000000000	30.5312408184	21.1613918908
1	85	10324198887431388283	16393214166263308105	7235232962905117305	16263241483163108521	-5517.2939453125	0.0000000000	57.1598335333	21.1745754846
60	59	230773126182757894	2239142532014743282	5382745822833312874	6715980576992560880	-5517.2998046875	0.0000000000	29.1051636022	29.3007236273
100	19	3742391230315232177	7692821074440121912	844331937107253618	13247632430396942229	-5517.3012695312	0.0000000000	15.4800127811	40.3663317908
63	57	1399070161628260596	9692447327446626127	10243559484368886664	12265642311925118387	-5517.3081054688	0.0000000000	27.1469953885	29.4773819488
100	11	3742391230315232177	17799708269756447471	16801379240297635930	17891081942798089339	-5517.3212890625	0.0000000000	15.5000323124	43.5527411250
32	36	3303836963991646703	10369745369462594300	3895149461751600188	18366178512887894868	-5517.3222656250	0.0000000000	35.5440719612	34.5723793837
36	25	10369745369462594300	16550426852500463777	11826785081041484167	18366178512887894868	-5517.3222656250	0.0000000000	34.5723793837	38.0967777344
91	0	442166951684299261	10667474865877392284	4751014458654029648	15406140369705053164	-5517.3247070312	0.0000000000	18.3589261411	62.4225555504
93	108	3242482612805492339	14996368193187989284	10445881203160428478	14996368193187989284	-5517.3349609375	0.0000000000	17.8770653689	10.6166786566
62	50	7011268860006268306	15516788000137984293	2919321454145562314	15470391139664976380	-5517.3583984375	0.0000000000	27.5760254742	30.6088775371
19	104	7692821074440121912	16298007830431462257	5796814203965518767	17337043711146752277	-5517.3588867188	0.0000000000	40.4239489783	13.1588905539
24	75	58338521781336478	14608757246259334758	14302864986899714892	15112370964249485146	-5517.3911132812	0.0000000000	38.2712269564	24.2880940947
24	113	58338521781336478	11034036556017610313	10375591223076457920	15112370964249485146	-5517.3911132812	0.0000000000	38.2712269564	8.5463208231
29	10	520324629128040228	3715343508190632273	4550944850396570048	17367337617687122284	-5517.4296875000	0.0000000000	35.7644042909	44.1380659177
73	106	541435687269551760	7684204559276021956	5342019835622380472	10219957976310601133	-5517.4375000000	0.0000000000	24.6644597783	11.2245191386
92	25	10367805946812379509	16550426852500463777	5996245603030537347	12761718029400402583	-5517.5014648438	0.0000000000	18.3167948401	38.2759769532
99	25	3770798787649587355	16550426852500463777	1969286688862958126	11000530730347364761	-5517.5024414062	0.0000000000	15.8486976700	38.2769535157
83	44	13586099871725120471	13956310948762308203	7595382986765588641	13092179171752840413	-5517.5048828125	0.0000000000	22.1536079892	32.7193833608
58	37	4138555004563608843	12249581567144989954	1228626673311125590	9042119916417523618	-5517.5102539062	0.0000000000	29.5468457859	33.9774642154
106	13	7684204559276021956	10079227655342552495	15643340844625043450	15838304410548864769	-5517.5156250000	0.0000000000	11.3026441386	41.7699879530
63	79	1399070161628260596	2501211020233769820	6550428526983775828	7460129192717461025	-5517.5190429688	0.0000000000	27.3579328885	23.9365227050
62	48	7011268860006268306	11384733198153311516	8663988639831750846	10895922087518125279	-5517.5214843750	0.0000000000	27.7391114117	31.3878881488
76	1	2747588696662623730	10324198887431388283	415656123430371901	1776795058264279406	-5517.5219726562	0.0000000000	24.0372422048	57.3878608770
0	103	10667474865877392284	10916844756336505972	11870039759076197815	17870052263512474188	-5517.5483398438	0.0000000000	62.6461883629	13.9874055687
58	118	4138555004563608843	5342875789511471951	8054986858027318543	17518803038709730446	-5517.5522460938	0.0000000000	29.5888379734	3.8795563894
19	78	7692821074440121912	14809137665620150592	3947101216423958639	13707936250265767103	-5517.5688476562	0.0000000000	40.6339099158	23.9999227700
77	1	7437397082061112758	10324198887431388283	9949798122585450085	9986893651835595567	-5517.5913085938	0.0000000000	24.0836311482	57.4571968145
77	64	7437397082061112758	9696301458210436234	8342266462174580372	8459510977132924438	-5517.6108398438	0.0000000000	24.1031623982	27.1742559677
15	12	3773740555311062023	14938178270134821508	9462665413189444496	11597058255524347864	-5517.6240234375	0.0000000000	41.5145499332	42.4388793755
3	85	14093486591111374668	16393214166263308105	6522721948293662110	15510417706400181506	-5517.6308593750	0.0000000000	51.6404947107	21.5114895471
58	50	4138555004563608843	15516788000137984293	6242440054193605572	18340355725849466249	-5517.6416015625	0.0000000000	29.6781934421	30.8920806621
56	25	11357898340897756903	16550426852500463777	6269074140762381500	15933085696874974156	-5517.6489257812	0.0000000000	29.8287365047	38.4234378907
60	86	230773126182757894	2181137809313707726	13506551701768767427	14054171692702689482	-5517.6562500000	0.0000000000	29.4616089147	21.0704949761
17	39	429853561211997818	8936177091956132308	10899785459590581287	11190809313345861842	-5517.6616210938	0.0000000000	41.4429627713	33.8839001148
60	39	230773126182757894	8936177091956132308	468160246715118062	12942019342820153582	-5517.6640625000	0.0000000000	29.4694214147	33.8863415211
79	19	2501211020233769820	7692821074440121912	6417864565566817978	13868316365033698619	-5517.6655273438	0.0000000000	24.0830070800	40.7305896033
54	108	10494363557995427270	14996368193187989284	15170151908201228543	17313828677883444794	-5517.6938476562	0.0000000000	30.4624717667	10.9755653754
60	70	230773126182757894	1592214687186736870	9346905642875615243	16292337993970091856	-5517.7231445312	0.0000000000	29.5285034459	25.6520198259
81	28	3175835436065505467	17027433896387945395	7668863547626318440	9418471866646065757	-5517.7290039062	0.0000000000	23.2059294924	36.8110477710
47	75	11947096545996455153	14608757246259334758	6513822885507867445	17187908007678778603	-5517.7304687500	0.0000000000	31.8270586572	24.6274495634
79	42	2501211020233769820	6149821055044103313	10202644783610649894	18010556558983661731	-5517.7363281250	0.0000000000	24.1538078613	33.2038802644
94	53	9222751215651972858	15405698928020597209	10292644637523149182	13357445952087985945	-5517.7387695312	0.0000000000	18.1213559160	30.8417791814
31	98	16657069432005198003	18248472685024111301	3703478201910082107	10807715947465486571	-5517.7402343750	0.0000000000	35.9713247667	17.0552761778
2	119	13107051123224136067	17918245985891918390	15876861721026701909	17918245985891918390	-5517.7431640625	0.0000000000	55.1290059464	0.0308917763
109	82	8288089849152396567	13012805549261864440	10634923982049513439	17299690290831916392	-5517.7802734375	0.0000000000	10.9187466903	22.4292208030
109	96	8288089849152396567	14922418272091202393	6541592766812770746	17299690290831916392	-5517.7802734375	0.0000000000	10.9187466903	17.8075267116
48	4	11384733198153311516	16923322824322317466	10133504620819351326	12509385271085433818	-5517.7939453125	0.0000000000	31.6603490863	48.1224553741
61	96	2173314438107378563	14922418272091202393	9770613149252706114	12687448744936546275	-5517.7983398438	0.0000000000	29.0253148601	17.8255931179
45	44	10118968526249132794	13956310948762308203	11097976397604531503	11457329624544550288	-5517.8002929688	0.0000000000	32.8173010175	33.0147935171
41	105	4688636836818565261	13728310634633545021	1645635421856630994	2280676218237193285	-5517.8037109375	0.0000000000	33.2970828467	12.3977257606
106	0	7684204559276021956	10667474865877392284	4482915188993446662	13650051111668250123	-5517.8076171875	0.0000000000	11.5946363261	62.9054657067
61	50	2173314438107378563	15516788000137984293	7890690372752345668	8592439267356654567	-5517.8081054688	0.0000000000	29.0350804851	31.0585845684
63	108	1399070161628260596	14996368193187989284	6344611921948589005	7300173220431258891	-5517.8266601562	0.0000000000	27.6655500760	11.1083778754
69	87	2087039987532444631	5601208716039951663	12365609325768235318	16045439799717252267	-5517.8349609375	0.0000000000	25.8486599203	20.5860836063
91	40	442166951684299261	15633704558089027375	5756694007375948566	9296940562680031767	-5517.8481445312	0.0000000000	18.8823636411	34.0631533913
99	111	3770798787649587355	12355689472340701209	12062585991653260953	12345178694701661461	-5517.8657226562	0.0000000000	16.2119789200	10.1964811533
54	0	10494363557995427270	10667474865877392284	7107466971370342134	9411779340817950176	-5517.8725585938	0.0000000000	30.6411827042	62.9704071129
46	77	7251700801891077616	7437397082061112758	10521193562167574978	15827881388503509374	-5517.8803710938	0.0000000000	32.8580903062	24.3726936482
17	57	429853561211997818	9692447327446626127	4162035292799445023	10519249824579408273	-5517.8959960938	0.0000000000	41.6773377713	30.0652725738
90	45	564253395306586288	10118968526249132794	9468624408439629119	14269243858705413558	-5517.9013671875	0.0000000000	19.3013725693	32.9183752362
60	15	230773126182757894	3773740555311062023	9265192003598017429	17975238848641608678	-5517.9106445312	0.0000000000	29.7160034459	41.8011710269
81	51	3175835436065505467	3374397758373242900	13694282001245008496	17435960357964125550	-5517.9189453125	0.0000000000	23.3958708986	31.1432973661
61	48	2173314438107378563	11384733198153311516	13163108207215787793	14946105028613764859	-5517.9370117188	0.0000000000	29.1639867351	31.8034154926
24	15	58338521781336478	3773740555311062023	17101684358991000600	18223632655736303112	-5517.9458007812	0.0000000000	38.8259144564	41.8363272769
13	6	10079227655342552495	16894134299124238804	9952194689639574913	10710735774663086824	-5517.9492187500	0.0000000000	42.2035817030	46.3792344447
60	95	230773126182757894	1269677664921442142	1589101440271808303	15131833529553443585	-5517.9624023438	0.0000000000	29.7677612584	18.1334194936
63	30	1399070161628260596	7858847987573124453	1392681931568508525	15940757279044341415	-5517.9672851562	0.0000000000	27.8061750760	36.2520385427
98	66	18248472685024111301	18431247209864649693	2008928735997185564	9215695519288520610	-5517.9799804688	0.0000000000	17.2950222715	26.2108291480
118	13	5342875789511471951	10079227655342552495	5342875789511471951	17284374746959111943	-5517.9838867188	0.0000000000	4.3111970144	42.2382496717
79	71	2501211020233769820	2579019396016879642	5532588241334811413	10846315684397809672	-5518.0063476562	0.0000000000	24.4238273925	25.5115057164
29	78	520324629128040228	14809137665620150592	426505986456569190	14733452269135959326	-5518.0146484375	0.0000000000	36.3493652284	24.4457235512
37	31	12249581567144989954	16657069432005198003	8302427155796681841	15199346776612022787	-5518.0478515625	0.0000000000	34.5150618716	36.2789419542
10	25	3715343508190632273	16550426852500463777	7337198737792279772	12921202825699749045	-5518.0742187500	0.0000000000	44.7825971677	38.8487308594
15	48	3773740555311062023	11384733198153311516	1826284264888404051	8962726525100112647	-5518.0815429688	0.0000000000	41.9720694644	31.9479467426
80	4	11254879324197340454	16923322824322317466	10438896748965289814	17750221169608765204	-5518.0878906250	0.0000000000	24.1166104402	48.4164006866
29	50	520324629128040228	15516788000137984293	2699562084573390752	15743101387178118377	-5518.0986328125	0.0000000000	36.4333496034	31.3491119121
8	6	8992346648558435547	16894134299124238804	12066300111364250808	12365486239256940188	-5518.1337890625	0.0000000000	46.0519914652	46.5638047572
43	45	9188283139325803671	10118968526249132794	3527147767776146128	18027830600517260757	-5518.1357421875	0.0000000000	33.3827838838	33.1527502362
79	28	2501211020233769820	17027433896387945395	2169236511762486066	5466605759027131365	-5518.1381835938	0.0000000000	24.5556633300	37.2202274585
52	55	8242477299940831062	11851817067206489169	3220598206961548608	15487967739335862302	-5518.1420898438	0.0000000000	31.3354126564	30.5349445594
109	64	8288089849152396567	9696301458210436234	3742198382962710976	9189977688586599849	-5518.1899414062	0.0000000000	11.3284146591	27.7533575302
57	55	9692447327446626127	11851817067206489169	7278401325032363406	15094554045565210318	-5518.1923828125	0.0000000000	30.3616592925	30.5852375282
10	16	3715343508190632273	12201523437214473668	2912225946909576948	5762489771052537452	-5518.2197265625	0.0000000000	44.9281049802	42.0358801488
81	1	3175835436065505467	10324198887431388283	9418471866646065757	15954678770902896353	-5518.2358398438	0.0000000000	23.7127654299	58.1017280645
46	6	7251700801891077616	16894134299124238804	3420612615166598522	14928001260405194929	-5518.2402343750	0.0000000000	33.2179535874	46.6702500697
15	46	3773740555311062023	7251700801891077616	2208551403574972712	15298737292467693393	-5518.2456054688	0.0000000000	42.1361319644	33.2233246812
77	34	7437397082061112758	14097627609532728280	7251755546861534139	8246671065176643268	-5518.2485351562	0.0000000000	24.7408577107	35.7716365455
106	113	7684204559276021956	11034036556017610313	15397515822597245321	15772521003060868247	-5518.2836914062	0.0000000000	12.0707105448	9.4388989481
77	16	7437397082061112758	12201523437214473668	10331513330609717005	13989250990874421176	-5518.2958984375	0.0000000000	24.7882209919	42.1120520238
76	58	2747588696662623730	4138555004563608843	16322948131263704077	16514293723620548815	-5518.3081054688	0.0000000000	24.8233750173	30.3446973484
44	34	13956310948762308203	14097627609532728280	810402192526960245	9154593657101791307	-5518.3291015625	0.0000000000	33.5436021108	35.8522029518
106	85	7684204559276021956	16393214166263308105	5075591085673818681	7360412581337807873	-5518.3354492188	0.0000000000	12.1224683573	22.2160793908
63	21	1399070161628260596	15016803418478563936	11630016100378424998	11712759222194132724	-5518.3369140625	0.0000000000	28.1758039822	40.8187196045
38	27	3887235235952849394	13931414467280736271	3903273176153213303	11490492722497557416	-5518.3666992188	0.0000000000	34.6109993958	38.0077241727
97	20	5828997022151569970	13355927625687165021	5878759334596375929	14206088197738474480	-5518.3808593750	0.0000000000	18.1219495238	41.4289229446
5	46	2149484152715392458	7251700801891077616	2584919536900850728	15687847796936185530	-5518.3886718750	0.0000000000	48.6656507085	33.3663910874
62	21	7011268860006268306	15016803418478563936	11712759222194132724	14385847588702748678	-5518.4184570312	0.0000000000	28.6360840679	40.9002625732
62	96	7011268860006268306	14922418272091202393	12687448744936546275	14385847588702748678	-5518.4184570312	0.0000000000	28.6360840679	18.4457103054
55	20	11851817067206489169	13355927625687165021	9527212362980695801	13212389964271659173	-5518.4272460938	0.0000000000	30.8201008094	41.4753096633
76	98	2747588696662623730	18248472685024111301	5221472072936763846	12602854254454999194	-5518.4599609375	0.0000000000	24.9752304861	17.7750027403
0	119	10667474865877392284	17918245985891918390	9915538462251492099	17918245985891918390	-5518.4663085938	0.0000000000	63.5641571129	0.7540363076
79	49	2501211020233769820	7823186920941671451	1406951144137583949	10807935578546674961	-5518.4663085938	0.0000000000	24.8837883300	31.9434784911
80	102	11254879324197340454	16966479684116941053	2470603246699801427	4680508181490896861	-5518.4765625000	0.0000000000	24.5052823152	15.3155263329
10	36	3715343508190632273	10369745369462594300	11942001466701665979	18088748152047556826	-5518.4809570312	0.0000000000	45.1893354490	35.7310707899
59	10	2239142532014743282	3715343508190632273	4306799744680821911	18088748152047556826	-5518.4809570312	0.0000000000	30.4818759711	45.1893354490
7	18	15571085747497726625	17473836722014595788	7011956612797787991	11664828412174558267	-5518.4946289062	0.0000000000	46.5447733232	41.6215192576
87	37	5601208716039951663	12249581567144989954	9045447686466040154	10954990574242602922	-5518.5014648438	0.0000000000	21.2525875126	34.9686751529
67	70	303163103940296667	1592214687186736870	3958804494522671834	10328744293486031688	-5518.5048828125	0.0000000000	26.6997572677	26.4337581072
105	3	13728310634633545021	14093486591111374668	254887948156883649	1137474405722825264	-5518.5307617188	0.0000000000	13.1247765418	52.5403970544
49	66	7823186920941671451	18431247209864649693	6415132198193303137	11475627381546039948	-5518.5322265625	0.0000000000	32.0093964599	26.7630752418
77	114	7437397082061112758	15099006944303593007	3312761841144837877	10954918086266604318	-5518.5473632812	0.0000000000	25.0396858357	8.7006884624
72	11	8503372235075209266	17799708269756447471	927619871928824273	5955443262559006879	-5518.5517578125	0.0000000000	25.9247753142	44.7832098750
84	21	2564171262913545665	15016803418478563936	11386548930280907021	13692808694869148379	-5518.5820312500	0.0000000000	22.7424684459	41.0638367920
2	68	13107051123224136067	13171866292654863094	5287078782712917306	5881948453213255952	-5518.5859375000	0.0000000000	55.9717793839	26.6174843975
64	25	9696301458210436234	16550426852500463777	445793409220227397	5785250284875415799	-5518.5878906250	0.0000000000	28.1513067490	39.3624027344
30	43	7858847987573124453	9188283139325803671	768578161451026054	3482543678695357969	-5518.5966796875	0.0000000000	36.8814330740	33.8437213838
92	48	10367805946812379509	11384733198153311516	7605130999642415393	17977236822344499404	-5518.6005859375	0.0000000000	19.4159159339	32.4669897113
81	44	3175835436065505467	13956310948762308203	8394145996623442915	15083478285217008011	-5518.6201171875	0.0000000000	24.0970427736	33.8346177358
9	79	2439594373950395860	2501211020233769820	7179112694248319383	11580376046138863351	-5518.6284179688	0.0000000000	45.8221976126	25.0458977050
61	27	2173314438107378563	13931414467280736271	6022408858854931828	14496780266131360169	-5518.6318359375	0.0000000000	29.8588109538	38.2728608915
17	99	429853561211997818	3770798787649587355	6080573676524015127	10603840575103379428	-5518.6416015625	0.0000000000	42.4229432400	16.9878578263
113	11	11034036556017610313	17799708269756447471	9045765961653759164	17911655445467753216	-5518.6621093750	0.0000000000	9.8173169169	44.8935614375
62	25	7011268860006268306	16550426852500463777	8935266726421431418	14861709445233042140	-5518.6689453125	0.0000000000	28.8865723492	39.4434574219
13	88	10079227655342552495	10084124936668487071	13460481207595831282	13613941595176744901	-5518.6943359375	0.0000000000	42.9486988905	21.1491788048
97	21	5828997022151569970	15016803418478563936	754787700096790887	1163995911178759215	-5518.6972656250	0.0000000000	18.4383557738	41.1790711670
61	3	2173314438107378563	14093486591111374668	3662221432283086518	12399986500839337349	-5518.7055664062	0.0000000000	29.9325414226	52.7152017419
37	7	12249581567144989954	15571085747497726625	11113087261442427435	17756629841832939832	-5518.7348632812	0.0000000000	35.2020735904	46.7850076982
95	99	1269677664921442142	3770798787649587355	1268752396628576957	2318354214001295601	-5518.7377929688	0.0000000000	18.9088101186	17.0840492325
63	87	1399070161628260596	5601208716039951663	2064925179348000446	3123852644077436984	-5518.7753906250	0.0000000000	28.6142805447	21.5265132938
72	113	8503372235075209266	11034036556017610313	7062182814576425414	8225295781444565477	-5518.7846679688	0.0000000000	26.1576854705	9.9398755106
74	13	279844733889261352	10079227655342552495	5659633855783210506	15986845360167586265	-5518.7846679688	0.0000000000	25.8222315566	43.0390309217
16	68	12201523437214473668	13171866292654863094	8455049213349558689	16695925825363330139	-5518.8007812500	0.0000000000	42.6169348363	26.8323281475
17	63	429853561211997818	1399070161628260596	7206767819702331775	16080318158949128039	-5518.8120117188	0.0000000000	42.5933533963	28.6509016385
29	35	520324629128040228	1374669322539188936	636955981711092567	17611217515527671238	-5518.8120117188	0.0000000000	37.1467285097	36.1469084330
49	43	7823186920941671451	9188283139325803671	4832366011692081613	13111586331955263909	-5518.8369140625	0.0000000000	32.3140839599	34.0839557588
91	3	442166951684299261	14093486591111374668	7633612910156572234	14629340722874246199	-5518.8374023438	0.0000000000	19.8716214536	52.8470376794
74	7	279844733889261352	15571085747497726625	628165920590394703	16023810660408746862	-5518.8735351562	0.0000000000	25.9110987441	46.9236795732
32	103	3303836963991646703	10916844756336505972	1086173378697232319	18130955189223797874	-5518.8837890625	0.0000000000	37.1055953987	15.3228547874
95	61	1269677664921442142	2173314438107378563	7295869925278108684	14670131905246473875	-5518.8974609375	0.0000000000	19.0684780873	30.1244359538
81	87	3175835436065505467	5601208716039951663	2935463700821141579	5336006816248484666	-5518.9023437500	0.0000000000	24.3792693361	21.6534664188
5	76	2149484152715392458	2747588696662623730	1776795058264279406	12336301656268704627	-5518.9345703125	0.0000000000	49.2115491460	25.4498398611
17	64	429853561211997818	9696301458210436234	13400397234619110590	15741812367500279522	-5518.9370117188	0.0000000000	42.7183533963	28.5004278427
67	92	303163103940296667	10367805946812379509	8957887383040277665	17811058257949884551	-5518.9687500000	0.0000000000	27.1636244552	19.7840799964
103	7	10916844756336505972	15571085747497726625	3988029233417660938	8879567106283704500	-5518.9902343750	0.0000000000	15.4293000999	47.0403787920
9	97	2439594373950395860	5828997022151569970	8490556775182221900	12068242094831608864	-5518.9936523438	0.0000000000	46.1874319876	18.7347424926
35	31	1374669322539188936	16657069432005198003	13310757067131847415	18206279519036544441	-5518.9965820312	0.0000000000	36.3314787455	37.2276724230
49	20	7823186920941671451	13355927625687165021	11610312101624203862	12638466978894531466	-5519.0224609375	0.0000000000	32.4996308349	42.0705245071
48	7	11384733198153311516	15571085747497726625	3016990188904322783	6155090377982967966	-5519.0429687500	0.0000000000	32.9093725238	47.0931131670
24	109	58338521781336478	8288089849152396567	4841664841163842312	13795908646569877260	-5519.0454101562	0.0000000000	39.9255238314	12.1838834091
93	3	3242482612805492339	14093486591111374668	11532364990260020032	12119794958712853235	-5519.0493164062	0.0000000000	19.5914208376	53.0589517419
42	107	6149821055044103313	8478510142031607734	9869963077131307449	13802138904400203594	-5519.0620117188	0.0000000000	34.5295638582	12.4929615093
107	2	8478510142031607734	13107051123224136067	9869963077131307449	11327227817827825654	-5519.0620117188	0.0000000000	12.4929615093	56.4478536026
5	53	2149484152715392458	15405698928020597209	6437987601357827318	17296062358555909773	-5519.0825195312	0.0000000000	49.3594983647	32.1855291814
68	31	13171866292654863094	16657069432005198003	999935271849575264	1366457955822094351	-5519.0903320312	0.0000000000	27.1218789288	37.3214224230
106	6	7684204559276021956	16894134299124238804	6207400564716114953	17130068798556025402	-5519.0917968750	0.0000000000	12.8788160136	47.5218125697
68	12	13171866292654863094	14938178270134821508	4865719349640685510	8949521663681942105	-5519.0957031250	0.0000000000	27.1272500225	43.9105590630
49	104	7823186920941671451	16298007830431462257	129862872932402012	6851259365145335343	-5519.1108398438	0.0000000000	32.5880097411	14.9108436789
113	6	11034036556017610313	16894134299124238804	10939381250512476069	11583144450730404172	-5519.1284179688	0.0000000000	10.2836255106	47.5584336634
29	104	520324629128040228	16298007830431462257	3377904344191081984	11456712126496997248	-5519.1362304688	0.0000000000	37.4709472597	14.9362343039
70	104	1592214687186736870	16298007830431462257	5432623363382956916	15716193553089652971	-5519.1425781250	0.0000000000	27.0714534197	14.9425819601
72	47	8503372235075209266	11947096545996455153	11297053617231995844	12767709544509652547	-5519.1567382812	0.0000000000	26.5297557830	33.2533281884
73	20	541435687269551760	13355927625687165021	2344753018040271310	3861241154494356831	-5519.1752929688	0.0000000000	26.4022527470	42.2233565383
73	105	541435687269551760	13728310634633545021	7462023774323201257	16679082642570063242	-5519.1772460938	0.0000000000	26.4042058720	13.7712609168
42	68	6149821055044103313	13171866292654863094	15234538850176305201	18096547841840368436	-5519.1777343750	0.0000000000	34.6452865144	27.2092812725
30	72	7858847987573124453	8503372235075209266	5829336980747807093	6592321219002441111	-5519.1875000000	0.0000000000	37.4722533865	26.5605175017
95	71	1269677664921442142	2579019396016879642	8292601039026729705	12610973252353949061	-5519.1904296875	0.0000000000	19.3614468373	26.6955877477
59	8	2239142532014743282	8992346648558435547	8148230140209133998	11648131949830048065	-5519.1992187500	0.0000000000	31.2001376898	47.1174211527
95	44	1269677664921442142	13956310948762308203	1728651094565870141	13921304078467304262	-5519.2050781250	0.0000000000	19.3760952748	34.4195786733
17	45	429853561211997818	10118968526249132794	12629861758313663198	17315970767973519928	-5519.2104492188	0.0000000000	42.9917908963	34.2274572675
78	114	14809137665620150592	15099006944303593007	366825327202378034	4233093392243794668	-5519.2158203125	0.0000000000	25.6468954262	9.3691454936
53	4	15405698928020597209	16923322824322317466	10571533719856452166	14948093520137458857	-5519.2182617188	0.0000000000	32.3212713689	49.5467717804
3	119	14093486591111374668	17918245985891918390	8615440664962116494	17918245985891918390	-5519.2255859375	0.0000000000	53.2352212732	1.5133136513
30	3	7858847987573124453	14093486591111374668	3877118456777648862	17186684616980590248	-5519.2358398438	0.0000000000	37.5205932302	53.2454751794
14	11	12938275795804049604	17799708269756447471	9226857499652252178	18255057368710398914	-5519.2514648438	0.0000000000	43.4007647807	45.4829169063
73	13	541435687269551760	10079227655342552495	3774649985422935396	6535117685620348463	-5519.2690429688	0.0000000000	26.4960027470	43.5234059217
19	102	7692821074440121912	16966479684116941053	12904168060312044165	15452755400812445413	-5519.2695312500	0.0000000000	42.3345935096	16.1084950829
24	47	58338521781336478	11947096545996455153	4366245850229955385	4442804600792483342	-5519.2695312500	0.0000000000	40.1496449251	33.3661211572
1	47	10324198887431388283	11947096545996455153	12906080219170909132	15587814107986089228	-5519.2719726562	0.0000000000	59.1378608770	33.3685625634
84	68	2564171262913545665	13171866292654863094	7460388257388275227	12266730405754854819	-5519.2724609375	0.0000000000	23.4328981334	27.3040078350
77	78	7437397082061112758	14809137665620150592	13992921120940459150	16591000312577442632	-5519.3076171875	0.0000000000	25.7999397419	25.7386923012
13	105	10079227655342552495	13728310634633545021	5567174356113566669	10655265632527993748	-5519.3144531250	0.0000000000	43.5688160780	13.9084679481
58	54	4138555004563608843	10494363557995427270	1580281312528555953	16738682771450855547	-5519.3144531250	0.0000000000	31.3510450046	32.0830772354
94	54	9222751215651972858	10494363557995427270	12232519208621545497	16738682771450855547	-5519.3144531250	0.0000000000	19.6970395097	32.0830772354
9	66	2439594373950395860	18431247209864649693	15695515519855808268	15783203365435620428	-5519.3574218750	0.0000000000	46.5512015189	27.5882705543
60	4	230773126182757894	16923322824322317466	14100245544211324857	17411399134545727871	-5519.3681640625	0.0000000000	31.1735229772	49.6966741241
61	30	2173314438107378563	7858847987573124453	4993875938319167256	7348009726312594437	-5519.3754882812	0.0000000000	30.6024632976	37.6602416677
79	62	2501211020233769820	7011268860006268306	3092506724489446122	3875289051503796142	-5519.3793945312	0.0000000000	25.7968742675	29.5970215679
58	16	4138555004563608843	12201523437214473668	270948945150133117	1439187604792831373	-5519.3813476562	0.0000000000	31.4179395359	43.1975012426
86	59	2181137809313707726	2239142532014743282	1608206740410922210	17280782691892107954	-5519.3886718750	0.0000000000	22.8029168511	31.3895908148
48	120	11384733198153311516	15354991408888356854	14341856443509894329	15354991408888356854	-5519.4033203125	0.0000000000	33.2697240863	0.9908336663
56	7	11357898340897756903	15571085747497726625	270337056960703085	9870986247743897075	-5519.4418945312	0.0000000000	31.6217052547	47.4920389482
77	8	7437397082061112758	8992346648558435547	2684242839956735270	7229628735332645470	-5519.4658203125	0.0000000000	25.9581428669	47.3840227152
113	53	11034036556017610313	15405698928020597209	1101569398702817005	13020013210710502197	-5519.4868164062	0.0000000000	10.6420239481	32.5898260564
68	3	13171866292654863094	14093486591111374668	5224891849949545537	12119794958712853235	-5519.4912109375	0.0000000000	27.5227578350	53.5008462732
46	20	7251700801891077616	13355927625687165021	2144755804986087911	4076286724155847420	-5519.4936523438	0.0000000000	34.4713715562	42.5417159133
60	114	230773126182757894	15099006944303593007	9931907358145506665	15240795766046515026	-5519.4956054688	0.0000000000	31.3009643834	9.6489306499
99	57	3770798787649587355	9692447327446626127	7094996480981562238	12173911995765550259	-5519.5053710938	0.0000000000	17.8516273575	31.6746475738
84	14	2564171262913545665	12938275795804049604	5244647754286016274	10727619523923152644	-5519.5341796875	0.0000000000	23.6946168834	43.6834796245
37	14	12249581567144989954	12938275795804049604	5396671346393873616	8583864401944641929	-5519.5395507812	0.0000000000	36.0067610904	43.6888507182
42	11	6149821055044103313	17799708269756447471	1222476591949611084	3943690055252502524	-5519.5493164062	0.0000000000	35.0168685457	45.7807684688
100	114	3742391230315232177	15099006944303593007	5876292294966151198	11724602869825308387	-5519.5693359375	0.0000000000	17.7480791874	9.7226611186
45	96	10118968526249132794	14922418272091202393	802958231245907675	9586207459052816485	-5519.5747070312	0.0000000000	34.5917150800	19.6019603054
94	31	9222751215651972858	16657069432005198003	13340563281763866133	15078511753199590291	-5519.5795898438	0.0000000000	19.9621762285	37.8106802355
70	28	1592214687186736870	17027433896387945395	14065033745825896216	16996057374821938007	-5519.5883789062	0.0000000000	27.5172542009	38.6704227710
81	58	3175835436065505467	4138555004563608843	4962587204923941005	6042010742129964327	-5519.6269531250	0.0000000000	25.1038787111	31.6635450046
58	94	4138555004563608843	9222751215651972858	3725160327314542070	5129770267945684612	-5519.6347656250	0.0000000000	31.6713575046	20.0173520097
45	102	10118968526249132794	16966479684116941053	3927535090598013034	11461879541817513816	-5519.6557617188	0.0000000000	34.6727697675	16.4947255517
19	11	7692821074440121912	17799708269756447471	4271318159108432624	7482531763380244977	-5519.6918945312	0.0000000000	42.7569567908	45.9233465938
10	8	3715343508190632273	8992346648558435547	812715034759970896	7184466802626528210	-5519.7050781250	0.0000000000	46.4134565427	47.6232805277
57	101	9692447327446626127	9781730914178405044	10409676506963107587	13791274653746305284	-5519.7075195312	0.0000000000	31.8767960113	17.4920462516
96	104	14922418272091202393	16298007830431462257	9716348581964910157	16019384601852365011	-5519.7265625000	0.0000000000	19.7538157741	15.5265663351
93	31	3242482612805492339	16657069432005198003	11365650050829137640	16608722764372039580	-5519.7436523438	0.0000000000	20.2857567751	37.9747427355
67	27	303163103940296667	13931414467280736271	8507033762821531307	16616189639937042060	-5519.7573242188	0.0000000000	27.9521986740	39.3983491727
49	21	7823186920941671451	15016803418478563936	11113312302304281503	16856446837835062327	-5519.7709960938	0.0000000000	33.2481659911	42.2528016357
99	8	3770798787649587355	8992346648558435547	5297542491501468412	14161314771247154091	-5519.7924804688	0.0000000000	18.1387367325	47.7106828715
113	114	11034036556017610313	15099006944303593007	4201071081617650448	15240795766046515026	-5519.8041992188	0.0000000000	10.9594067606	9.9575243999
8	94	8992346648558435547	9222751215651972858	1995144521324117621	2042095658734664163	-5519.8227539062	0.0000000000	47.7409563090	20.2053402910
59	49	2239142532014743282	7823186920941671451	7203469715688501736	15780811659541426597	-5519.8281250000	0.0000000000	31.8290439398	33.3052948974
95	51	1269677664921442142	3374397758373242900	2001744051021387052	7715900050222592734	-5519.8281250000	0.0000000000	19.9991421498	33.0524770536
15	22	3773740555311062023	3990398796172833387	5720916649745837313	10778578738927458405	-5519.8491210938	0.0000000000	43.7396475894	41.9409065316
35	70	1374669322539188936	1592214687186736870	11009992846697484697	12708793968789467835	-5519.8574218750	0.0000000000	37.1923185892	27.7862971697
44	89	13956310948762308203	16609562587620384987	4356974853618407234	16854298615225294762	-5519.8774414062	0.0000000000	35.0919419546	21.4747158198
86	4	2181137809313707726	16923322824322317466	888830507831637533	4883722410860407384	-5519.8935546875	0.0000000000	23.3077996636	50.2220647491
33	2	10368442723802325466	13107051123224136067	2468875880421109958	5570422226547646892	-5519.9145507812	0.0000000000	37.6840611718	57.3003926651
22	68	3990398796172833387	13171866292654863094	5670666205632716787	16538454618590404471	-5519.9560546875	0.0000000000	42.0478401254	27.9876015850
60	77	230773126182757894	7437397082061112758	962357604059037124	8541736685319002725	-5519.9633789062	0.0000000000	31.7687378209	26.4557014607
110	77	6574353373524907807	7437397082061112758	962357604059037124	7814995284791619374	-5519.9633789062	0.0000000000	12.8281381057	26.4557014607
103	21	10916844756336505972	15016803418478563936	2662916037865833739	13743492423781490589	-5519.9746093750	0.0000000000	16.4136750999	42.4564149170
79	25	2501211020233769820	16550426852500463777	2914382398761512853	17147161521021447652	-5519.9809570312	0.0000000000	26.3984367675	40.7554691407
79	101	2501211020233769820	9781730914178405044	18237030092386897046	18253183247404057932	-5519.9882812500	0.0000000000	26.4057609863	17.7728079704
36	37	10369745369462594300	12249581567144989954	7951329001724919853	16148800569781559949	-5519.9956054688	0.0000000000	37.2457192274	36.4628157779
81	66	3175835436065505467	18431247209864649693	17072020671927030842	17640836901950524755	-5520.0034179688	0.0000000000	25.4803435549	28.2342666480
62	109	7011268860006268306	8288089849152396567	9018493584280616474	9343604215402042084	-5520.0175781250	0.0000000000	30.2352051617	13.1560513778
107	8	8478510142031607734	8992346648558435547	17062380824493336229	17185477620256719836	-5520.0219726562	0.0000000000	13.4529224468	47.9401750590
32	45	3303836963991646703	10118968526249132794	8764426280081552971	10864116491471601937	-5520.0356445312	0.0000000000	38.2574508675	35.0526525800
93	62	3242482612805492339	7011268860006268306	479604830865446743	4181954417305602442	-5520.0385742188	0.0000000000	20.5806786501	30.2562012554
73	38	541435687269551760	3887235235952849394	4065987936828220971	14819334830013290033	-5520.0439453125	0.0000000000	27.2709050908	36.2882454895
10	18	3715343508190632273	17473836722014595788	609433360565937307	850846196559908319	-5520.0512695312	0.0000000000	46.7596479490	43.1781598826
3	98	14093486591111374668	18248472685024111301	4279150910559003666	4631551527045805043	-5520.0708007812	0.0000000000	54.0804361169	19.3858425840
64	7	9696301458210436234	15571085747497726625	15631198899944340702	16096580204148890616	-5520.0722656250	0.0000000000	29.6356817490	48.1224100420
24	104	58338521781336478	16298007830431462257	4442804600792483342	14955475534840716352	-5520.0766601562	0.0000000000	40.9567738314	15.8766639914
87	1	5601208716039951663	10324198887431388283	6149461774089994722	8786785068535302869	-5520.0800781250	0.0000000000	22.8312007938	59.9459663458
30	55	7858847987573124453	11851817067206489169	4539274699854906843	16288909336654985657	-5520.0878906250	0.0000000000	38.3726440115	32.4807453407
65	31	15378060113354634737	16657069432005198003	6194023184814943725	12565039425596307991	-5520.0883789062	0.0000000000	28.4687800849	38.3194692980
77	57	7437397082061112758	9692447327446626127	3602687374802045604	10692159513959539131	-5520.0966796875	0.0000000000	26.5890022419	32.2659561675
63	88	1399070161628260596	10084124936668487071	11131669458805049622	17309818502552541986	-5520.1010742188	0.0000000000	29.9399641385	22.5559170860
63	15	1399070161628260596	3773740555311062023	6408432388258880545	14594726543146032977	-5520.1284179688	0.0000000000	29.9673078885	44.0189444644
100	1	3742391230315232177	10324198887431388283	5234469708951508262	11090421456658779362	-5520.1518554688	0.0000000000	18.3305987186	60.0177436895
14	68	12938275795804049604	13171866292654863094	3459561636322850801	9488704664813846997	-5520.1538085938	0.0000000000	44.3031085307	28.1853554913
105	6	13728310634633545021	16894134299124238804	10917482685957750450	12424004363166726967	-5520.1669921875	0.0000000000	14.7610070106	48.5970078822
16	37	12201523437214473668	12249581567144989954	4298918934513972626	7050992978912440484	-5520.1704101562	0.0000000000	43.9865637426	36.6376204654
94	121	9222751215651972858	17021626295139303671	14503612288554538948	17021626295139303671	-5520.1743164062	0.0000000000	20.5569027910	0.2294479005
51	58	3374397758373242900	4138555004563608843	4390588047665104568	6212357439584261560	-5520.2055664062	0.0000000000	33.4299184599	32.2421582859
51	111	3374397758373242900	12355689472340701209	4390588047665104568	15155506963362299021	-5520.2055664062	0.0000000000	33.4299184599	12.5363249033
77	4	7437397082061112758	16923322824322317466	1357437181477365066	10005673880942311060	-5520.2211914062	0.0000000000	26.7135139607	50.5497014679
20	98	13355927625687165021	18248472685024111301	14030841710634945291	15049050491908403373	-5520.2387695312	0.0000000000	43.2868331008	19.5538113340
69	84	2087039987532444631	2564171262913545665	1537954389000839694	15477466247246218500	-5520.2446289062	0.0000000000	28.2583278890	24.4050661021
82	31	13012805549261864440	16657069432005198003	8809978262281702158	17848202145833087278	-5520.2475585938	0.0000000000	24.8965059593	38.4786489855
91	81	442166951684299261	3175835436065505467	8502873896900825546	16128832211580464278	-5520.3281250000	0.0000000000	21.3623441099	25.8050505861
45	20	10118968526249132794	13355927625687165021	2359719116180823509	17997026398885069765	-5520.3315429688	0.0000000000	35.3485510175	43.3796065383
72	25	8503372235075209266	16550426852500463777	6587735632630790950	16987408125064156208	-5520.3403320312	0.0000000000	27.7133495330	41.1148441407
63	5	1399070161628260596	2149484152715392458	1246153249006359347	10550536403711602739	-5520.3500976562	0.0000000000	30.1889875760	50.6270764897
61	4	2173314438107378563	16923322824322317466	2463076072981900496	3632772473933069075	-5520.3583984375	0.0000000000	31.5853734538	50.6869084991
76	106	2747588696662623730	7684204559276021956	5220081213966063093	5793085019202106332	-5520.4003906250	0.0000000000	26.9156601736	14.1874097636
93	97	3242482612805492339	5828997022151569970	12068242094831608864	17027798309984045269	-5520.4028320312	0.0000000000	20.9449364626	20.1439221801
62	7	7011268860006268306	15571085747497726625	4450667703071040982	11033868622998585858	-5520.4038085938	0.0000000000	30.6214356304	48.4539530107
54	7	10494363557995427270	15571085747497726625	1514443019185575015	14829027138011156240	-5520.4111328125	0.0000000000	33.1797569229	48.4612772295
63	42	1399070161628260596	6149821055044103313	620686503448256020	1222476591949611084	-5520.4135742188	0.0000000000	30.2524641385	35.8811263582
63	58	1399070161628260596	4138555004563608843	620686503448256020	8668799120843673783	-5520.4135742188	0.0000000000	30.2524641385	32.4501660984
56	2	11357898340897756903	13107051123224136067	5087925315714840908	13431501157865907300	-5520.4228515625	0.0000000000	32.6026622859	57.8086934464
73	7	541435687269551760	15571085747497726625	7742473173756121625	11491914729676740542	-5520.4287109375	0.0000000000	27.6556707158	48.4788553545
38	3	3887235235952849394	14093486591111374668	1166709236335729717	3296122699782642016	-5520.4311523438	0.0000000000	36.6754525208	54.4407876794
96	25	14922418272091202393	16550426852500463777	10566432232376740660	14097661768987085021	-5520.4414062500	0.0000000000	20.4686595241	41.2159183594
10	66	3715343508190632273	18431247209864649693	11571347792917064519	14605001401055592181	-5520.4438476562	0.0000000000	47.1522260740	28.6746963355
88	11	10084124936668487071	17799708269756447471	4991011596510479219	5469257705060256734	-5520.4951171875	0.0000000000	22.9499600548	46.7265692500
51	94	3374397758373242900	9222751215651972858	7678138014338307688	9833297837081648053	-5520.4965820312	0.0000000000	33.7209340849	20.8791684160
97	62	5828997022151569970	7011268860006268306	1169679362768201325	14375917894392912768	-5520.5000000000	0.0000000000	20.2410901488	30.7176270367
61	84	2173314438107378563	2564171262913545665	3991030160267016009	4896210533660551272	-5520.5039062500	0.0000000000	31.7308812663	24.6643434459
42	116	6149821055044103313	14319670599260614879	6046041167091470163	10420106549152540739	-5520.5083007812	0.0000000000	35.9758529207	9.1436508886
61	12	2173314438107378563	14938178270134821508	8347288422057408984	12910176696347277402	-5520.5405273438	0.0000000000	31.7675023601	45.3553832817
53	50	15405698928020597209	15516788000137984293	12358309038443159110	12519201158408566769	-5520.5668945312	0.0000000000	33.6699041814	33.8173736309
55	102	11851817067206489169	16966479684116941053	4118363412131540820	8050505873128732247	-5520.5751953125	0.0000000000	32.9680500282	17.4141591454
62	0	7011268860006268306	10667474865877392284	13859271631835336149	15000450241271561961	-5520.5791015625	0.0000000000	30.7967285992	65.6769500817
69	61	2087039987532444631	2173314438107378563	12695654705231549779	17859779652499899804	-5520.6088867188	0.0000000000	28.6225857015	31.8358617351
45	119	10118968526249132794	17918245985891918390	2756536582036776948	5691570764017052642	-5520.6333007812	0.0000000000	35.6503088300	2.9210284951
23	78	8983620928718234954	14809137665620150592	3848126126762374714	4270150788840074217	-5520.6362304688	0.0000000000	42.1370581468	27.0673055825
47	16	11947096545996455153	12201523437214473668	4686312576812296514	12003981052453556035	-5520.6430664062	0.0000000000	34.7396563134	44.4592199926
61	72	2173314438107378563	8503372235075209266	3252942394304681653	16566597627445201841	-5520.6494140625	0.0000000000	31.8763890788	28.0224315642
10	50	3715343508190632273	15516788000137984293	633338827231111044	7012217825007743205	-5520.6586914062	0.0000000000	47.3670698240	33.9091705059
8	18	8992346648558435547	17473836722014595788	3583899389726180862	12798987312062593438	-5520.6621093750	0.0000000000	48.5803117777	43.7889997263
76	39	2747588696662623730	8936177091956132308	3167551675238293000	5170482237923249777	-5520.6733398438	0.0000000000	27.1886093923	36.8956188648
60	64	230773126182757894	9696301458210436234	5205424068926903168	17962536547423353237	-5520.6918945312	0.0000000000	32.4972534459	30.2553106552
10	80	3715343508190632273	11254879324197340454	3858265756117958824	18134483361678220617	-5520.6923828125	0.0000000000	47.4007612302	26.7211026277
120	121	15354991408888356854	17021626295139303671	15378683861448680276	17021626295139303671	-5520.6958007812	0.0000000000	2.2833141350	0.7509322755
9	20	2439594373950395860	13355927625687165021	132233094884506580	14758565369960132263	-5520.6972656250	0.0000000000	47.8910452689	43.7453291946
52	105	8242477299940831062	13728310634633545021	3952593876976390101	14947138349912552991	-5520.7187500000	0.0000000000	33.9120728126	15.3127648231
19	14	7692821074440121912	12938275795804049604	249287338157587300	6010506488717287796	-5520.7309570312	0.0000000000	43.7960192908	44.8802569682
35	68	1374669322539188936	13171866292654863094	7313785224603896553	10486436771677509342	-5520.7412109375	0.0000000000	38.0761076517	28.7727578350
39	8	8936177091956132308	8992346648558435547	4800595965457004128	7481337400364177977	-5520.7470703125	0.0000000000	36.9693493336	48.6652727152
26	42	167167149883495741	6149821055044103313	15717889909881385945	15917079889883728444	-5520.7841796875	0.0000000000	41.4687103998	36.2517318269
38	28	3887235235952849394	17027433896387945395	514603734542293525	3902973220209885077	-5520.7968750000	0.0000000000	37.0411751770	39.8789188648
73	50	541435687269551760	15516788000137984293	5855007394446854964	13264058351710223190	-5520.8022460938	0.0000000000	28.0292058720	34.0527251934
122	45	8167972712163343844	10118968526249132794	1649919365625498186	8167972712163343844	-5520.8120117188	0.0000000000	0.4888043455	35.8290197675
46	78	7251700801891077616	14809137665620150592	2816951230444397011	7568021618475695966	-5520.8203125000	0.0000000000	35.7980317124	27.2513876137
44	3	13956310948762308203	14093486591111374668	2643258551122427708	18343508185304035444	-5520.8281250000	0.0000000000	36.0426255483	54.8377603357
55	53	11851817067206489169	15405698928020597209	643061537437274597	11878304207275403657	-5520.8813476562	0.0000000000	33.2742023719	33.9843573064
61	83	2173314438107378563	13586099871725120471	6835241018745682575	11747281191538191684	-5520.8842773438	0.0000000000	32.1112523601	25.5330025204
48	18	11384733198153311516	17473836722014595788	5586548073411392851	10249171989697497021	-5520.8852539062	0.0000000000	34.7516576801	44.0121442576
2	114	13107051123224136067	15099006944303593007	5876292294966151198	18386466650209031682	-5520.8876953125	0.0000000000	58.2735371964	11.0410204936
95	81	1269677664921442142	3175835436065505467	2779436335594727296	16128832211580464278	-5520.8950195312	0.0000000000	21.0660366811	26.3719451174
27	85	13931414467280736271	16393214166263308105	7057960881598683968	8354484861310885068	-5520.9023437500	0.0000000000	40.5433687040	24.7829739221
60	76	230773126182757894	2747588696662623730	12942019342820153582	17386345155732660202	-5520.9047851562	0.0000000000	32.7101440709	27.4200547048
46	45	7251700801891077616	10118968526249132794	4692005139161649009	14519480427745734947	-5520.9150390625	0.0000000000	35.8927582749	35.9320471112
74	5	279844733889261352	2149484152715392458	2484632945905867830	7276427900250646425	-5520.9155273438	0.0000000000	27.9530909316	51.1925061772
81	10	3175835436065505467	3715343508190632273	4327460736697155591	14561189955605198193	-5520.9179687500	0.0000000000	26.3948943361	47.6263471677
70	37	1592214687186736870	12249581567144989954	108884890843670706	14500687430006480413	-5520.9291992188	0.0000000000	28.8580745134	37.3964095279
47	20	11947096545996455153	13355927625687165021	3039684614024991767	17364962611569531272	-5520.9462890625	0.0000000000	35.0428789697	43.9943526321
20	21	13355927625687165021	15016803418478563936	8145497330259104095	9975457200296786689	-5520.9482421875	0.0000000000	43.9963057571	43.4300477295
19	55	7692821074440121912	11851817067206489169	1062643871483569753	2343108328266192552	-5520.9487304688	0.0000000000	44.0137927283	33.3415851844
60	62	230773126182757894	7011268860006268306	17046067036733724458	18141834449065300349	-5520.9814453125	0.0000000000	32.7868042272	31.1990723492
30	36	7858847987573124453	10369745369462594300	858028791153317142	14959880327547462984	-5520.9985351562	0.0000000000	39.2832885427	38.2486489149
59	11	2239142532014743282	17799708269756447471	1655051681670962663	6025045281996814973	-5520.9995117188	0.0000000000	33.0004306586	47.2309637813
51	30	3374397758373242900	7858847987573124453	4691607425762229783	12551072576918507537	-5521.0268554688	0.0000000000	34.2512075224	39.3116088552
86	44	2181137809313707726	13956310948762308203	106269720157105736	16380102987456240342	-5521.0297851562	0.0000000000	24.4440301323	36.2442857046
60	33	230773126182757894	10368442723802325466	786284075607057782	3776382231968669131	-5521.0332031250	0.0000000000	32.8385620397	38.8027135155
115	85	5083548386099259802	16393214166263308105	10261026984423463935	14698708437513285976	-5521.0717773438	0.0000000000	10.5924806694	24.9524075158
79	46	2501211020233769820	7251700801891077616	15566758600489171059	15863157994861650657	-5521.0825195312	0.0000000000	27.4999992675	36.0602387437
82	11	13012805549261864440	17799708269756447471	7384122711731774142	13866645239416576803	-5521.0898437500	0.0000000000	25.7387911155	47.3212958125
42	4	6149821055044103313	16923322824322317466	3849402959131212688	15028715354221837879	-5521.0932617188	0.0000000000	36.5608138582	51.4217717804
42	55	6149821055044103313	11851817067206489169	1862654646735474821	13156298439760423987	-5521.0937500000	0.0000000000	36.5613021394	33.4866047157
122	105	8167972712163343844	13728310634633545021	7737544230191067614	8167972712163343844	-5521.1059570312	0.0000000000	0.7827496580	15.6999718543
19	43	7692821074440121912	9188283139325803671	12357410961304622725	17160048869812520951	-5521.1142578125	0.0000000000	44.1793200721	36.3612995088
29	94	520324629128040228	9222751215651972858	743293156110505324	11409662583764507705	-5521.1206054688	0.0000000000	39.4553222597	21.5031918535
15	33	3773740555311062023	10368442723802325466	1712761983086364782	12379264411075972250	-5521.1210937500	0.0000000000	45.0116202457	38.8906041405
60	69	230773126182757894	2087039987532444631	9295428785566821158	14583291265164593834	-5521.1220703125	0.0000000000	32.9274292272	29.1357692953
61	55	2173314438107378563	11851817067206489169	3659210399458302795	16706154244405998675	-5521.1318359375	0.0000000000	32.3588109538	33.5246906532
26	99	167167149883495741	3770798787649587355	12698715375111685524	13400544893354199340	-5521.1328125000	0.0000000000	41.8173432123	19.4790687638
55	16	11851817067206489169	12201523437214473668	2036524619646362948	15598189117437233886	-5521.1489257812	0.0000000000	33.5417804969	44.9650793676
29	20	520324629128040228	13355927625687165021	180905914088851376	6382285810790081143	-5521.1552734375	0.0000000000	39.4899902284	44.2033370071
63	47	1399070161628260596	11947096545996455153	1938106810431417211	6202510023225651941	-5521.1718750000	0.0000000000	31.0107649197	35.2684649072
1	80	10324198887431388283	11254879324197340454	7483069017453239629	15272027978936132351	-5521.1811523438	0.0000000000	61.0470405645	27.2098721590
95	121	1269677664921442142	17021626295139303671	3610228713733604895	17021626295139303671	-5521.1826171875	0.0000000000	21.3536343373	1.2377486818
107	0	8478510142031607734	10667474865877392284	3873130445231680336	17721957284203889069	-5521.2041015625	0.0000000000	14.6350513531	66.3019500817
52	11	8242477299940831062	17799708269756447471	4609811974086448542	8072134889024890863	-5521.2299804688	0.0000000000	34.4233032814	47.4614325313
107	1	8478510142031607734	10324198887431388283	8326385297575524738	10427767709306569581	-5521.2338867188	0.0000000000	14.6648365093	61.0997749395
64	75	9696301458210436234	14608757246259334758	3709129334039679510	11185377740738377609	-5521.2358398438	0.0000000000	30.7992559677	28.1328206572
87	4	5601208716039951663	16923322824322317466	587840831780934871	2311866640328589211	-5521.2397460938	0.0000000000	23.9908687626	51.5682561554
93	21	3242482612805492339	15016803418478563936	2853954744860024936	3922778654224794502	-5521.2407226562	0.0000000000	21.7828270876	43.7225281982
73	45	541435687269551760	10118968526249132794	8524239466815833838	13596550044435560923	-5521.2490234375	0.0000000000	28.4759832158	36.2660314862
70	72	1592214687186736870	8503372235075209266	11102758132079732577	11679104547065761378	-5521.2670898438	0.0000000000	29.1959651384	28.6401073455
73	66	541435687269551760	18431247209864649693	7742473173756121625	11113584006641252647	-5521.2832031250	0.0000000000	28.5101629033	29.5140518043
64	6	9696301458210436234	16894134299124238804	10051957332749309916	14041358433380301534	-5521.2905273438	0.0000000000	30.8539434677	49.7205430384
21	6	15016803418478563936	16894134299124238804	3698925112788260966	13806684802973131171	-5521.3149414062	0.0000000000	43.7967469482	49.7449571009
9	108	2439594373950395860	14996368193187989284	11124219421285566042	14983078809940595433	-5521.3193359375	0.0000000000	48.5131155814	14.6010536566
32	99	3303836963991646703	3770798787649587355	3567953088084811745	10732399296768246444	-5521.3247070312	0.0000000000	39.5465133675	19.6709632950
20	96	13355927625687165021	14922418272091202393	4413954823524589661	16506999054494067423	-5521.3310546875	0.0000000000	44.3791182571	21.3583079616
8	53	8992346648558435547	15405698928020597209	16072351660109963750	17761517452714430676	-5521.3408203125	0.0000000000	49.2590227152	34.4438299627
111	102	12355689472340701209	16966479684116941053	1627163882054266496	4105330647422653635	-5521.3510742188	0.0000000000	13.6818327158	18.1900380517
77	48	7437397082061112758	11384733198153311516	6966598446604695267	7654281376808551097	-5521.3701171875	0.0000000000	27.8624397419	35.2365209613
95	15	1269677664921442142	3773740555311062023	4341749603061441276	4468532939231923399	-5521.3911132812	0.0000000000	21.5621304311	45.2816397769
73	76	541435687269551760	2747588696662623730	6886968647609305995	14523525708288658909	-5521.3964843750	0.0000000000	28.6234441533	27.9117539236
115	11	5083548386099259802	17799708269756447471	6474004720992512227	8985111128464509257	-5521.3989257812	0.0000000000	10.9196291069	47.6303778438
115	39	5083548386099259802	8936177091956132308	6292447529256639815	6474004720992512227	-5521.3989257812	0.0000000000	10.9196291069	37.6212048023
10	46	3715343508190632273	7251700801891077616	1886240378657932341	4290082353640041462	-5521.4106445312	0.0000000000	48.1190229490	36.3883637437
47	114	11947096545996455153	15099006944303593007	2316647687331084720	13014855711587792835	-5521.4130859375	0.0000000000	35.5096758447	11.5664111186
70	47	1592214687186736870	11947096545996455153	1821854892785222436	13014855711587792835	-5521.4130859375	0.0000000000	29.3419612322	35.5096758447
79	37	2501211020233769820	12249581567144989954	4176353043848463670	13004579078711667476	-5521.4130859375	0.0000000000	27.8305656738	37.8802962466
113	98	11034036556017610313	18248472685024111301	1576634824933466369	11454918771012730844	-5521.4194335938	0.0000000000	12.5746411356	20.7344753965
69	28	2087039987532444631	17027433896387945395	9946663925770857481	16969759913083458625	-5521.4228515625	0.0000000000	29.4365505453	40.5048954273
101	103	9781730914178405044	10916844756336505972	42098194489811837	12703105221138950256	-5521.4282226562	0.0000000000	19.2127493766	17.8672883812
15	8	3773740555311062023	8992346648558435547	17384430019472292721	18248020412771371991	-5521.4345703125	0.0000000000	45.3250968082	49.3527727152
77	2	7437397082061112758	13107051123224136067	9652044806359354282	12176504324836130362	-5521.4355468750	0.0000000000	27.9278694294	58.8213887589
45	104	10118968526249132794	16298007830431462257	9586207459052816485	16921712131673453615	-5521.4365234375	0.0000000000	36.4535314862	17.2365272726
93	0	3242482612805492339	10667474865877392284	3922778654224794502	12400997834804470860	-5521.4487304688	0.0000000000	21.9908349001	66.5465789879
26	96	167167149883495741	14922418272091202393	4885254382171993538	17419480477321644856	-5521.4497070312	0.0000000000	42.1342377435	21.4769603054
30	28	7858847987573124453	17027433896387945395	2925593304409057893	8797931382560813313	-5521.4560546875	0.0000000000	39.7408080740	40.5380985523
84	23	2564171262913545665	8983620928718234954	5244647754286016274	16869048668721049182	-5521.5078125000	0.0000000000	25.6682496959	43.0086401780
3	12	14093486591111374668	14938178270134821508	2255124162410612707	8716193501857372623	-5521.5117187500	0.0000000000	55.5213540857	46.3265746880
19	113	7692821074440121912	11034036556017610313	11934113534748112884	15397515822597245321	-5521.5498046875	0.0000000000	44.6148669471	12.7050122294
64	113	9696301458210436234	11034036556017610313	6809366327448625014	11185377740738377609	-5521.5541992188	0.0000000000	31.1176153427	12.7094067606
70	113	1592214687186736870	11034036556017610313	6809366327448625014	14682422840065839996	-5521.5541992188	0.0000000000	29.4830745134	12.7094067606
100	0	3742391230315232177	10667474865877392284	6291475945408995980	12090990626527726955	-5521.5546875000	0.0000000000	19.7334307499	66.6525360192
22	25	3990398796172833387	16550426852500463777	3209311417349198339	13120026351408705044	-5521.5634765625	0.0000000000	43.6552620004	42.3379886719
19	27	7692821074440121912	13931414467280736271	4939897572423693026	11288571924400528887	-5521.5683593750	0.0000000000	44.6334216346	41.2093843290
29	111	520324629128040228	12355689472340701209	14004607541784858746	18029011558187047062	-5521.5683593750	0.0000000000	39.9030761659	13.8991178721
59	82	2239142532014743282	13012805549261864440	1226891995090515531	6413291161447002091	-5521.5717773438	0.0000000000	33.5726962836	26.2207247093
99	0	3770798787649587355	10667474865877392284	29116447782814922	11735137063975704595	-5521.5869140625	0.0000000000	19.9331703263	66.6847625817
46	109	7251700801891077616	8288089849152396567	3880584451454725945	5357844190109068274	-5521.5898437500	0.0000000000	36.5675629624	14.7283170028
35	53	1374669322539188936	15405698928020597209	2535019200872467867	5557650075856979068	-5521.5952148438	0.0000000000	38.9301115580	34.6982244939
51	75	3374397758373242900	14608757246259334758	551051262268960736	5302314611134337232	-5521.5996093750	0.0000000000	34.8239614286	28.4965901884
82	3	13012805549261864440	14093486591111374668	6363233234928260200	10288731414539208381	-5521.6225585938	0.0000000000	26.2715059593	55.6321939294
32	43	3303836963991646703	9188283139325803671	6927237790672828675	12691920912806426139	-5521.6230468750	0.0000000000	39.8448532112	36.8700885713
35	22	1374669322539188936	3990398796172833387	1580800805374148922	9581073077676908511	-5521.6289062500	0.0000000000	38.9638029642	43.7206916879
57	103	9692447327446626127	10916844756336505972	7391006842873320282	17380613803524448511	-5521.6347656250	0.0000000000	33.8040421050	18.0738313499
17	98	429853561211997818	18248472685024111301	7818588994242984207	11131044615348952282	-5521.6352539062	0.0000000000	45.4165955838	20.9502957090
29	102	520324629128040228	16966479684116941053	6162981638530633318	14336791488773476817	-5521.6694335938	0.0000000000	40.0041503847	18.5083974267
72	80	8503372235075209266	11254879324197340454	9369367900219000709	13257936269661078746	-5521.6894531250	0.0000000000	29.0624706267	27.7181729402
23	12	8983620928718234954	14938178270134821508	5313337522648008666	12762292180213948702	-5521.6958007812	0.0000000000	43.1966284593	46.5106567192
10	77	3715343508190632273	7437397082061112758	12418392912693925527	14806492651160093428	-5521.6977539062	0.0000000000	48.4061323240	28.1900764607
32	48	3303836963991646703	11384733198153311516	2669680306312271104	8557512813148763548	-5521.7275390625	0.0000000000	39.9493453987	35.5939428363
90	8	564253395306586288	8992346648558435547	9180095529042193892	17404536734717119624	-5521.7539062500	0.0000000000	23.1539116318	49.6721086527
92	20	10367805946812379509	13355927625687165021	229793734294542626	17179132770634821680	-5521.7578125000	0.0000000000	22.5731424964	44.8058760696
61	39	2173314438107378563	8936177091956132308	8611223843429512960	15255540835001343847	-5521.7607421875	0.0000000000	32.9877172038	37.9830212086
41	4	4688636836818565261	16923322824322317466	10700966713887760853	18326276850161844166	-5521.7739257812	0.0000000000	37.2672976904	52.1024358429
29	27	520324629128040228	13931414467280736271	6022408858854931828	14737289225295178438	-5521.7807617188	0.0000000000	40.1154785097	41.4217866727
29	58	520324629128040228	4138555004563608843	3422965110466663529	9859565094457951759	-5521.7919921875	0.0000000000	40.1267089784	33.8285840671
76	114	2747588696662623730	15099006944303593007	3113133120758830483	8523002043005482695	-5521.7963867188	0.0000000000	28.3116562673	11.9497118999
61	101	2173314438107378563	9781730914178405044	16461329975696713807	17143140488252821089	-5521.8125000000	0.0000000000	33.0394750163	19.5970267204
91	108	442166951684299261	14996368193187989284	5006174689446061890	12104103906904052608	-5521.8129882812	0.0000000000	22.8472073911	15.0947060004
19	75	7692821074440121912	14608757246259334758	5442345345686574687	6513822885507867445	-5521.8261718750	0.0000000000	44.8912341346	28.7231526884
67	28	303163103940296667	17027433896387945395	13718995960769090624	17142905435305340236	-5521.8276367188	0.0000000000	30.0225111740	40.9096805835
97	8	5828997022151569970	8992346648558435547	5878759334596375929	9596852696500755905	-5521.8388671875	0.0000000000	21.5799573363	49.7570695902
41	48	4688636836818565261	11384733198153311516	4725056942938871336	9700583198948851066	-5521.8471679688	0.0000000000	37.3405398779	35.7135717426
26	61	167167149883495741	2173314438107378563	6289972133023358137	15709334979671328360	-5521.8476562500	0.0000000000	42.5321869623	33.0746312663
9	112	2439594373950395860	11111376794004924671	5401284309054170787	5930731439148944778	-5521.8486328125	0.0000000000	49.0424124564	13.7402859576
76	4	2747588696662623730	16923322824322317466	2006251007229475926	10268692274315960723	-5521.8544921875	0.0000000000	28.3697617361	52.1830022491
79	10	2501211020233769820	3715343508190632273	14322456818176851861	15931801826365034156	-5521.8671875000	0.0000000000	28.2846672363	48.5755659177
10	82	3715343508190632273	13012805549261864440	6849365231412225286	10403027552048199272	-5521.8847656250	0.0000000000	48.5931440427	26.5337129905
91	6	442166951684299261	16894134299124238804	9548713800741077386	16195618752843346655	-5521.9155273438	0.0000000000	22.9497464536	50.3455430384
69	80	2087039987532444631	11254879324197340454	6020823652730274827	15986260217448330624	-5521.9179687500	0.0000000000	29.9316677328	27.9466885652
74	32	279844733889261352	3303836963991646703	16855299385040809519	17871111452530205144	-5521.9438476562	0.0000000000	28.9814112441	40.1656539925
30	40	7858847987573124453	15633704558089027375	5151144167634399773	11148110036008023107	-5521.9521484375	0.0000000000	40.2369018240	38.1671572975
73	15	541435687269551760	3773740555311062023	4372008783990944302	8060987744704047228	-5521.9604492188	0.0000000000	29.1874089970	45.8509757144
77	14	7437397082061112758	12938275795804049604	1428694363017628129	5629637423300632648	-5521.9755859375	0.0000000000	28.4679084919	46.1248858745
86	45	2181137809313707726	10118968526249132794	8921638812587327241	17239072834223718133	-5521.9794921875	0.0000000000	25.3937371636	36.9965002362
64	13	9696301458210436234	10079227655342552495	832921881311427956	16280833856777858552	-5521.9951171875	0.0000000000	31.5585333115	46.2494801405
0	116	10667474865877392284	14319670599260614879	12290018621831857824	16682433417732695813	-5522.0180664062	0.0000000000	67.1159149254	10.6534165136
61	78	2173314438107378563	14809137665620150592	5788901768023074858	9467484471622051880	-5522.0234375000	0.0000000000	33.2504125163	28.4545126137
60	74	230773126182757894	279844733889261352	7301827426319353678	11749545265571182644	-5522.0253906250	0.0000000000	33.8307495397	29.0629542129
61	40	2173314438107378563	15633704558089027375	5104983943046769347	17976213306827940613	-5522.0361328125	0.0000000000	33.2631078288	38.2511416725
99	120	3770798787649587355	15354991408888356854	12531103116907859521	15378683861448680276	-5522.0410156250	0.0000000000	20.3872718888	3.6285289788
30	13	7858847987573124453	10079227655342552495	2311085858694177718	11231252106192227851	-5522.0541992188	0.0000000000	40.3389526052	46.3085621717
117	1	5946235283944295470	10324198887431388283	5946235283944295470	14819781355917188476	-5522.0566406250	0.0000000000	10.2900472204	61.9225288458
86	28	2181137809313707726	17027433896387945395	670185498246473692	2543013944272822763	-5522.0737304688	0.0000000000	25.4879754448	41.1557743335
1	66	10324198887431388283	18431247209864649693	11799890084462193102	14137686110478558771	-5522.0795898438	0.0000000000	61.9454780645	30.3104385230
55	66	11851817067206489169	18431247209864649693	4431469322810013750	11799890084462193102	-5522.0795898438	0.0000000000	34.4724445594	30.3104385230
24	44	58338521781336478	13956310948762308203	12046824313308475336	12863080556558475095	-5522.0874023438	0.0000000000	42.9675160189	37.3019028921
67	7	303163103940296667	15571085747497726625	3135279902691837517	16310374686643140914	-5522.0947265625	0.0000000000	30.2896010177	50.1448709795
13	114	10079227655342552495	15099006944303593007	366825327202378034	10389850677475644987	-5522.1069335938	0.0000000000	46.3612965467	12.2602587749
84	38	2564171262913545665	3887235235952849394	4064202335657971110	4223777873311957514	-5522.1142578125	0.0000000000	26.2746950084	38.3585579895
118	87	5342875789511471951	5601208716039951663	9241668226401996707	13537097347187305676	-5522.1181640625	0.0000000000	8.4454743582	24.8692867313
27	98	13931414467280736271	18248472685024111301	11375413958368508860	15456920581065006569	-5522.1318359375	0.0000000000	41.7728608915	21.4468777403
95	94	1269677664921442142	9222751215651972858	12437812944561860804	14818166377793605906	-5522.1372070312	0.0000000000	22.3082241811	22.5197934160
24	4	58338521781336478	16923322824322317466	7257907339275590551	12947362454271830152	-5522.1416015625	0.0000000000	43.0217152376	52.4701116241
36	53	10369745369462594300	15405698928020597209	7947209908669516002	14205138709669675855	-5522.1582031250	0.0000000000	39.4083168837	35.2612127752
61	53	2173314438107378563	15405698928020597209	12593444377892478814	13203570743462254174	-5522.1772460938	0.0000000000	33.4042211101	35.2802557439
3	108	14093486591111374668	14996368193187989284	2484550449901875343	8113885410961461522	-5522.2055664062	0.0000000000	56.2152017419	15.4872841254
88	0	10084124936668487071	10667474865877392284	5055532628897468446	15957637805043488772	-5522.2124023438	0.0000000000	24.6672452110	67.3102508629
43	13	9188283139325803671	10079227655342552495	436084558669946592	11296888154049313673	-5522.2192382812	0.0000000000	37.4662799775	46.4736012342
59	31	2239142532014743282	16657069432005198003	8162001761787375460	10897796434288633368	-5522.2211914062	0.0000000000	34.2221103461	40.4522817980
29	40	520324629128040228	15633704558089027375	8911479589695244151	9564369257576785987	-5522.2338867188	0.0000000000	40.5686035097	38.4488955788
60	96	230773126182757894	14922418272091202393	834681032347155293	11487665957157793632	-5522.2592773438	0.0000000000	34.0646362584	22.2865306179
52	6	8242477299940831062	16894134299124238804	8629170260491051128	13788406313738588314	-5522.2675781250	0.0000000000	35.4609009376	50.6975938197
61	76	2173314438107378563	2747588696662623730	1621299112885322090	10467698444925707952	-5522.2753906250	0.0000000000	33.5023656413	28.7906601736
99	2	3770798787649587355	13107051123224136067	15328316103170020404	17039296329205976949	-5522.2963867188	0.0000000000	20.6426429825	59.6822286026
17	15	429853561211997818	3773740555311062023	9592722915720030732	12836643714374030751	-5522.3144531250	0.0000000000	46.0957948025	46.2049796207
35	56	1374669322539188936	11357898340897756903	14646899768112858104	18078872505371034894	-5522.3247070312	0.0000000000	39.6596037455	34.5045177547
101	55	9781730914178405044	11851817067206489169	9042721542099739879	18213965008878928965	-5522.3251953125	0.0000000000	20.1097220329	34.7180500282
76	80	2747588696662623730	11254879324197340454	658033484784643754	3598136616905623327	-5522.3281250000	0.0000000000	28.8433945486	28.3568448152
73	82	541435687269551760	13012805549261864440	1556209239442809978	15148725666510899121	-5522.3818359375	0.0000000000	29.6087957158	27.0307833030
79	94	2501211020233769820	9222751215651972858	1550426663753997705	16812732470609879229	-5522.3959960938	0.0000000000	28.8134758300	22.7785824785
79	121	2501211020233769820	17021626295139303671	1550426663753997705	6545754969821761736	-5522.3959960938	0.0000000000	28.8134758300	2.4511275880
55	28	11851817067206489169	17027433896387945395	9792775726110585579	10257854720672214268	-5522.4135742188	0.0000000000	34.8064289344	41.4956180835
109	16	8288089849152396567	12201523437214473668	5920383312199247896	12442375509667197615	-5522.4199218750	0.0000000000	15.5583951278	46.2360754613
122	0	8167972712163343844	10667474865877392284	12064624050338605083	15634804986104843877	-5522.4301757812	0.0000000000	2.1069684080	67.5280243004
122	52	8167972712163343844	8242477299940831062	510078523890641488	15634804986104843877	-5522.4301757812	0.0000000000	2.1069684080	35.6234985939
55	34	11851817067206489169	14097627609532728280	3698705610414231989	5691277967322293320	-5522.4526367188	0.0000000000	34.8454914344	39.9757381080
94	37	9222751215651972858	12249581567144989954	2406204748932928351	13026925713196572948	-5522.4570312500	0.0000000000	22.8396176347	38.9242415591
73	21	541435687269551760	15016803418478563936	11952117036651065412	16304628612861342538	-5522.4892578125	0.0000000000	29.7162175908	44.9710633545
24	41	58338521781336478	4688636836818565261	2727241303568236123	10423488762302479169	-5522.4936523438	0.0000000000	43.3737660189	37.9870242529
71	122	2579019396016879642	8167972712163343844	2381721753306677619	15634804986104843877	-5522.4980468750	0.0000000000	30.0032049352	2.1748395017
71	27	2579019396016879642	13931414467280736271	5461647461407105980	17643709551558358628	-5522.5063476562	0.0000000000	30.0115057164	42.1473726102
78	7	14809137665620150592	15571085747497726625	4381922230950501829	13584898294496232853	-5522.5107421875	0.0000000000	28.9418173012	50.5608866045
58	52	4138555004563608843	8242477299940831062	10961118379984762480	15469290555943111993	-5522.5170898438	0.0000000000	34.5536817234	35.7104126564
84	93	2564171262913545665	3242482612805492339	10189105330139123417	12266730405754854819	-5522.5283203125	0.0000000000	26.6887575084	23.0704247439
58	57	4138555004563608843	9692447327446626127	67877422949922720	16505302891709312453	-5522.5312500000	0.0000000000	34.5678418796	34.7005264800
68	108	13171866292654863094	14996368193187989284	651798672699916485	5085186620510047814	-5522.5312500000	0.0000000000	30.5627968975	15.8129677191
80	53	11254879324197340454	15405698928020597209	5799500554831054037	12665108836861473564	-5522.5322265625	0.0000000000	28.5609463777	35.6352362127
118	111	5342875789511471951	12355689472340701209	5762026025066959497	8627865522634829178	-5522.5546875000	0.0000000000	8.8819977957	14.8854459971
113	55	11034036556017610313	11851817067206489169	6396042133986223936	14435313896704270849	-5522.5732421875	0.0000000000	13.7284497294	34.9660969032
35	101	1374669322539188936	9781730914178405044	5100647381768891350	11084067434560829293	-5522.5966796875	0.0000000000	39.9315764017	20.3812064079
79	18	2501211020233769820	17473836722014595788	7911459755693790443	9380408414409181507	-5522.6181640625	0.0000000000	29.0356437988	45.7450544138
118	45	5342875789511471951	10118968526249132794	13057123404726378263	13088416502229595591	-5522.6191406250	0.0000000000	8.9464509207	37.6361486737
57	0	9692447327446626127	10667474865877392284	8408420287960549815	17155933621438430908	-5522.6250000000	0.0000000000	34.7942764800	67.7228485192
5	72	2149484152715392458	8503372235075209266	3163026709285069677	7402415727185152247	-5522.6313476562	0.0000000000	52.9083264897	30.0043651580
94	47	9222751215651972858	11947096545996455153	14557338793149421488	14777641596557121738	-5522.6318359375	0.0000000000	23.0144223222	36.7284258447
24	89	58338521781336478	16609562587620384987	8755116226847246123	14226066273227313656	-5522.6362304688	0.0000000000	43.5163441439	24.2335048823
113	7	11034036556017610313	15571085747497726625	4056077432209551178	5896704509099709504	-5522.6503906250	0.0000000000	13.8055981669	50.7005350420
60	52	230773126182757894	8242477299940831062	9549066312135844639	13995280688734791278	-5522.6665039062	0.0000000000	34.4718628209	35.8598267189
21	11	15016803418478563936	17799708269756447471	11914185957440412261	13531749138176695243	-5522.6865234375	0.0000000000	45.1683289795	48.9179755000
77	21	7437397082061112758	15016803418478563936	5928707928732446220	11914185957440412261	-5522.6865234375	0.0000000000	29.1788459919	45.1683289795
69	50	2087039987532444631	15516788000137984293	6357290598408433819	16649294059518802257	-5522.7089843750	0.0000000000	30.7226833578	35.9594634746
26	93	167167149883495741	3242482612805492339	11192643234612826361	11457384580291287744	-5522.7597656250	0.0000000000	43.4442963373	23.3018700564
42	75	6149821055044103313	14608757246259334758	7417635020867802573	14479055639484806809	-5522.7739257812	0.0000000000	38.2414779207	29.6709065947
61	42	2173314438107378563	6149821055044103313	6510274801226801663	17811060476442391382	-5522.7861328125	0.0000000000	34.0131078288	38.2536849519
92	7	10367805946812379509	15571085747497726625	13155534484664927157	15168855461177768874	-5522.7880859375	0.0000000000	23.6034159339	50.8382303545
69	46	2087039987532444631	7251700801891077616	6861892621148253884	7545104657468396637	-5522.7890625000	0.0000000000	30.8027614828	37.7667817124
76	54	2747588696662623730	10494363557995427270	452084541734465021	8105646508096493227	-5522.7919921875	0.0000000000	29.3072617361	35.5606162979
5	44	2149484152715392458	13956310948762308203	8787708613829937721	12514699640714094492	-5522.7949218750	0.0000000000	53.0719007085	38.0094224233
108	4	14996368193187989284	16923322824322317466	9150080334974493296	18334367549946968074	-5522.7988281250	0.0000000000	16.0805458441	53.1273381866
47	34	11947096545996455153	14097627609532728280	8537022353689320859	13488476961287256191	-5522.8281250000	0.0000000000	36.9247149072	40.3512263893
24	23	58338521781336478	8983620928718234954	5600347007624001323	16851496491131967902	-5522.8559570312	0.0000000000	43.7360707064	44.3567847093
23	4	8983620928718234954	16923322824322317466	15018087318805141315	16910927720532330148	-5522.8901367188	0.0000000000	44.3909643968	53.2186467804
63	70	1399070161628260596	1592214687186736870	12637577549929923684	13982230544551981160	-5522.9072265625	0.0000000000	32.7461164822	30.8361018572
22	55	3990398796172833387	11851817067206489169	453596094851085226	7176003638839676702	-5522.9086914062	0.0000000000	45.0004768441	35.3015461219
102	11	16966479684116941053	17799708269756447471	2170220942420853947	10857537714560062710	-5522.9282226562	0.0000000000	19.7671864892	49.1596747188
16	66	12201523437214473668	18431247209864649693	5846737696848031259	11130168627014453966	-5522.9345703125	0.0000000000	46.7507238988	31.1654189918
31	66	16657069432005198003	18431247209864649693	11950694006077381709	15568196833516027764	-5522.9414062500	0.0000000000	41.1724966417	31.1722549293
60	44	230773126182757894	13956310948762308203	1719792378119364378	12415213773351678005	-5522.9633789062	0.0000000000	34.7687378209	38.1778794546
42	83	6149821055044103313	13586099871725120471	8563374806410633332	12236133583761885010	-5523.0107421875	0.0000000000	38.4782943269	27.6594673642
0	111	10667474865877392284	12355689472340701209	8116739800771403790	17158132959707846735	-5523.0229492188	0.0000000000	68.1207977379	15.3537077158
19	44	7692821074440121912	13956310948762308203	10546048992627832206	15083478285217008011	-5523.0253906250	0.0000000000	46.0904528846	38.2398911733
23	2	8983620928718234954	13107051123224136067	2455780022550989624	11174005092037437278	-5523.0336914062	0.0000000000	44.5345190843	60.4195332901
48	44	11384733198153311516	13956310948762308203	1574301839008090801	12130282667603495162	-5523.0419921875	0.0000000000	36.9083959613	38.2564927358
26	35	167167149883495741	1374669322539188936	5682683468732757136	18283712869627505649	-5523.0615234375	0.0000000000	43.7460541498	40.3964201517
30	113	7858847987573124453	11034036556017610313	15338000483909670309	18237887973847705277	-5523.0659179688	0.0000000000	41.3506713552	14.2211255106
52	8	8242477299940831062	8992346648558435547	203922011756452362	2066033783781440221	-5523.0766601562	0.0000000000	36.2699829689	50.9948625590
60	30	230773126182757894	7858847987573124453	8213321844048548297	9718041113521463053	-5523.0947265625	0.0000000000	34.9000854772	41.3794799490
67	63	303163103940296667	1399070161628260596	9640764341756401916	10898050858281204751	-5523.1108398438	0.0000000000	31.3057142990	32.9497297635
49	48	7823186920941671451	11384733198153311516	3620881965712096271	13039903942762969173	-5523.1196289062	0.0000000000	36.5967988036	36.9860326801
62	11	7011268860006268306	17799708269756447471	2062736066848427699	8686448679393100910	-5523.1206054688	0.0000000000	33.3382325054	49.3520575313
41	30	4688636836818565261	7858847987573124453	7060898507102196376	17023502996843585557	-5523.1284179688	0.0000000000	38.6217898779	41.4131713552
59	94	2239142532014743282	9222751215651972858	743293156110505324	960766594820807613	-5523.1523437500	0.0000000000	35.1532626898	23.5349301347
42	89	6149821055044103313	16609562587620384987	8228825876537901870	13843369035845921988	-5523.1616210938	0.0000000000	38.6291732332	24.7588955073
0	104	10667474865877392284	16298007830431462257	9582755244419086280	12457785271008909578	-5523.1625976562	0.0000000000	68.2604461754	18.9626014914
45	25	10118968526249132794	16550426852500463777	2789815902664001549	14882155427379403234	-5523.1630859375	0.0000000000	38.1800939862	43.9375980469
67	29	303163103940296667	520324629128040228	5986537048137405202	6602627162989275825	-5523.1665039062	0.0000000000	31.3613783615	41.5012206972
33	4	10368442723802325466	16923322824322317466	4207304189046583621	4973135550427391257	-5523.1733398438	0.0000000000	40.9428502343	53.5018499054
95	3	1269677664921442142	14093486591111374668	14182092560497599507	15263365984657757634	-5523.1752929688	0.0000000000	23.3463101186	57.1849283044
104	25	16298007830431462257	16550426852500463777	9916759057762183687	18122569800638187109	-5523.1904296875	0.0000000000	18.9904335226	43.9649417969
107	7	8478510142031607734	15571085747497726625	6139800689596962953	9400404381477496119	-5523.2104492188	0.0000000000	16.6413990093	51.2605936357
10	22	3715343508190632273	3990398796172833387	10334129980329249317	11989174128320741221	-5523.2812500000	0.0000000000	49.9896284177	45.3730354379
56	18	11357898340897756903	17473836722014595788	344649907280583839	10797348787775863091	-5523.3012695312	0.0000000000	35.4810802547	46.4281598826
81	46	3175835436065505467	7251700801891077616	7557673312824501059	17208044079696880130	-5523.3266601562	0.0000000000	28.8035857424	38.3043793687
70	58	1592214687186736870	4138555004563608843	7592337577477801768	9920197574135000266	-5523.3276367188	0.0000000000	31.2565120134	35.3642285984
70	111	1592214687186736870	12355689472340701209	9920197574135000266	16450849140422313450	-5523.3276367188	0.0000000000	31.2565120134	15.6583952158
51	13	3374397758373242900	10079227655342552495	16991633922563262665	17720128420735541085	-5523.3291015625	0.0000000000	36.5534536161	47.5834645155
107	6	8478510142031607734	16894134299124238804	9940644500988325275	10664889245179763034	-5523.3300781250	0.0000000000	16.7610279156	51.7600938197
61	52	2173314438107378563	8242477299940831062	2520928281186076073	4210042401576859836	-5523.3403320312	0.0000000000	34.5673070476	36.5336548439
74	80	279844733889261352	11254879324197340454	6411068137353042170	10750589253173102658	-5523.3413085938	0.0000000000	30.3788721816	29.3700284090
74	31	279844733889261352	16657069432005198003	11649678458279142638	14249964330642184620	-5523.3427734375	0.0000000000	30.3803370254	41.5738638292
5	52	2149484152715392458	8242477299940831062	15868438543025963738	16045415885579038998	-5523.3544921875	0.0000000000	53.6314710210	36.5478150001
78	104	14809137665620150592	16298007830431462257	9467484471622051880	16836627020431288776	-5523.3652343750	0.0000000000	29.7963094887	19.1652382101
77	101	7437397082061112758	9781730914178405044	8959675390952432991	16037152446048689272	-5523.3769531250	0.0000000000	29.8692756794	21.1614798454
24	63	58338521781336478	1399070161628260596	5887110180588187480	18222359326147134141	-5523.3793945312	0.0000000000	44.2595082064	33.2182844510
80	28	11254879324197340454	17027433896387945395	514603734542293525	6692080756504547052	-5523.3916015625	0.0000000000	29.4203213777	42.4736454273
9	84	2439594373950395860	2564171262913545665	1343165909796041997	11786432388608899762	-5523.4028320312	0.0000000000	50.5966116751	27.5632692271
101	92	9781730914178405044	10367805946812379509	6978006095274380235	14436408517929911533	-5523.4067382812	0.0000000000	21.1912650016	24.2220682776
42	49	6149821055044103313	7823186920941671451	2047603520836509584	15520646120202039169	-5523.4077148438	0.0000000000	38.8752669832	36.8848847411
81	49	3175835436065505467	7823186920941671451	14999956367253220389	15520646120202039169	-5523.4077148438	0.0000000000	28.8846404299	36.8848847411
17	79	429853561211997818	2501211020233769820	12144296470849283567	13707113257062464122	-5523.4130859375	0.0000000000	47.1944276150	29.8305656738
67	99	303163103940296667	3770798787649587355	4140944668509003869	6369763380884675261	-5523.4365234375	0.0000000000	31.6313978927	21.7827797013
93	103	3242482612805492339	10916844756336505972	1801183446044132402	10708887781278502563	-5523.4384765625	0.0000000000	23.9805809939	19.8775422874
49	98	7823186920941671451	18248472685024111301	201007262697702083	2707358018132737116	-5523.4438476562	0.0000000000	36.9210175536	22.7588894590
79	47	2501211020233769820	11947096545996455153	11691203000979104809	14480058742147038633	-5523.4550781250	0.0000000000	29.8725578613	37.5516680322
9	42	2439594373950395860	6149821055044103313	14842742331601498031	15995779423176039125	-5523.4663085938	0.0000000000	50.6600882376	38.9338607332
41	11	4688636836818565261	17799708269756447471	10422137507385159155	13213346794252395035	-5523.4794921875	0.0000000000	38.9728640967	49.7109442500
49	68	7823186920941671451	13171866292654863094	8322022670543283785	18444732907306705347	-5523.4980468750	0.0000000000	36.9752167724	31.5295937725
44	104	13956310948762308203	16298007830431462257	12046824313308475336	15874932167991162283	-5523.5385742188	0.0000000000	38.7530747671	19.3385780539
29	23	520324629128040228	8983620928718234954	1724214885057175449	5643422088407751936	-5523.5410156250	0.0000000000	41.8757324159	45.0418433030
91	32	442166951684299261	3303836963991646703	9227137504287138952	9422188114499630156	-5523.5424804688	0.0000000000	24.5766995786	41.7642868050
49	101	7823186920941671451	9781730914178405044	12588768386620080157	13799054187853628727	-5523.5546875000	0.0000000000	37.0318573974	21.3392142204
73	58	541435687269551760	4138555004563608843	3074261462996048965	5548619160001574539	-5523.5654296875	0.0000000000	30.7923894658	35.6020215671
67	0	303163103940296667	10667474865877392284	4246806112042004632	17537449625023095994	-5523.5717773438	0.0000000000	31.7666517990	68.6696258629
15	112	3773740555311062023	11111376794004924671	8159445425216736511	12568239009597241958	-5523.6118164062	0.0000000000	47.5023429019	15.5034695514
10	12	3715343508190632273	14938178270134821508	6399060956722013529	17883620536698248790	-5523.6186523438	0.0000000000	50.3270307615	48.4335082817
86	36	2181137809313707726	10369745369462594300	5962777448022834354	14194880987455174588	-5523.6254882812	0.0000000000	27.0397332573	40.8756020399
5	84	2149484152715392458	2564171262913545665	14577172321641155266	17553075561403606376	-5523.6406250000	0.0000000000	53.9176038335	27.8010621959
93	42	3242482612805492339	6149821055044103313	13394178044424379764	15394594589258690720	-5523.6538085938	0.0000000000	24.1959130251	39.1213607332
109	47	8288089849152396567	11947096545996455153	6466596327083937602	7251472959418835745	-5523.6635742188	0.0000000000	16.8020474716	37.7601641259
88	2	10084124936668487071	13107051123224136067	411593819548856462	4503446574227047180	-5523.6660156250	0.0000000000	26.1208584923	61.0518575089
20	108	13355927625687165021	14996368193187989284	885387432674349281	12998011585588188809	-5523.6757812500	0.0000000000	46.7238448196	16.9574989691
29	54	520324629128040228	10494363557995427270	6107986965469121692	6690468540526058879	-5523.6835937500	0.0000000000	42.0183105409	36.4522178604
24	13	58338521781336478	10079227655342552495	2586015728435345207	6408738928896046243	-5523.6884765625	0.0000000000	44.5685902376	47.9428395155
10	20	3715343508190632273	13355927625687165021	10123645020175543255	11747071900652961337	-5523.7285156250	0.0000000000	50.4368940427	46.7765791946
87	57	5601208716039951663	9692447327446626127	7553040833233398802	17514583174089652739	-5523.7324218750	0.0000000000	26.4835445438	35.9016983550
77	66	7437397082061112758	18431247209864649693	2666771818841130216	8620146775930199832	-5523.7353515625	0.0000000000	30.2276741169	31.9662002418
88	47	10084124936668487071	11947096545996455153	690536653529612791	6183183535149914814	-5523.7563476562	0.0000000000	26.2111905235	37.8529375634
19	50	7692821074440121912	15516788000137984293	3859048177877339699	16092225321722085857	-5523.7958984375	0.0000000000	46.8609606971	37.0463775371
5	47	2149484152715392458	11947096545996455153	4159083724661346479	5307051121840499587	-5523.8286132812	0.0000000000	54.1055921147	37.9252031884
81	108	3175835436065505467	14996368193187989284	501122379563786938	17295727896149375284	-5523.8481445312	0.0000000000	29.3250701174	17.1298622504
95	79	1269677664921442142	2501211020233769820	1550426663753997705	8611265393672375568	-5523.8676757812	0.0000000000	24.0386929311	30.2851555175
107	11	8478510142031607734	17799708269756447471	14757781939555003926	16006376377432549651	-5523.8735351562	0.0000000000	17.3044849468	50.1049872188
29	59	520324629128040228	2239142532014743282	1859944212841869903	8049906415073415882	-5523.8872070312	0.0000000000	42.2219238222	35.8881259711
61	59	2173314438107378563	2239142532014743282	1859944212841869903	9694572864060561944	-5523.8872070312	0.0000000000	35.1141820476	35.8881259711
109	2	8288089849152396567	13107051123224136067	3394890613700569344	8585386134337703830	-5523.8916015625	0.0000000000	17.0300748153	61.2774434464
29	48	520324629128040228	11384733198153311516	2100133330216753822	11998431950294103216	-5523.9096679688	0.0000000000	42.2443847597	37.7760717426
59	104	2239142532014743282	16298007830431462257	11264114245783788609	15401338288483374331	-5523.9145507812	0.0000000000	35.9154697211	19.7145546164
8	82	8992346648558435547	13012805549261864440	5043400124916518254	12414121485623270189	-5523.9189453125	0.0000000000	51.8371477152	28.5678926780
45	4	10118968526249132794	16923322824322317466	2413241636890659721	5106586479659128677	-5523.9321289062	0.0000000000	38.9491369550	54.2606389679
68	11	13171866292654863094	17799708269756447471	8423193794895959547	10077868315293502241	-5523.9687500000	0.0000000000	32.0002968975	50.2002020625
27	66	13931414467280736271	18431247209864649693	9766209862184899053	9864139033854982357	-5523.9707031250	0.0000000000	43.6117280790	32.2015518043
113	50	11034036556017610313	15516788000137984293	17000530543975588506	18308923556819015220	-5523.9868164062	0.0000000000	15.1420239481	37.2372955059
103	40	10916844756336505972	15633704558089027375	3844359215480346035	16251526159817540543	-5523.9951171875	0.0000000000	20.4341829124	40.2101260475
16	78	12201523437214473668	14809137665620150592	4558891184443938628	15407390597649616597	-5524.0385742188	0.0000000000	47.8547278051	30.4696493325
78	28	14809137665620150592	17027433896387945395	1135520480021815730	15407390597649616597	-5524.0385742188	0.0000000000	30.4696493325	43.1206180835
16	104	12201523437214473668	16298007830431462257	6684462944710121226	12621327444045550734	-5524.0581054688	0.0000000000	47.8742590551	19.8581093039
61	38	2173314438107378563	3887235235952849394	5813369343136934107	13472176681676997777	-5524.0590820312	0.0000000000	35.2860570476	40.3033822083
26	6	167167149883495741	16894134299124238804	7531047229689807974	13348529604535068346	-5524.0649414062	0.0000000000	44.7494721185	52.4949571009
106	105	7684204559276021956	13728310634633545021	11220111031741006584	14086185156619778955	-5524.0869140625	0.0000000000	17.8739332011	18.6809288856
14	82	12938275795804049604	13012805549261864440	709370418671695344	16062536806051081905	-5524.0937500000	0.0000000000	48.2430499370	28.7426973655
99	36	3770798787649587355	10369745369462594300	8607085898785484249	10193434765120399182	-5524.0937500000	0.0000000000	22.4400062638	41.3438637587
35	51	1374669322539188936	3374397758373242900	544514011002699244	6457295501728533605	-5524.1210937500	0.0000000000	41.4559904642	37.3454458036
62	101	7011268860006268306	9781730914178405044	3032747901867290578	6378504524752771409	-5524.1245117188	0.0000000000	34.3421387554	21.9090384391
107	121	8478510142031607734	17021626295139303671	8667544006286544459	10664889245179763034	-5524.1367187500	0.0000000000	17.5676685406	4.1918502443
37	82	12249581567144989954	13012805549261864440	4176353043848463670	10016198643329854445	-5524.1372070312	0.0000000000	40.6044173404	28.7861543968
82	7	13012805549261864440	15571085747497726625	5764559742853638151	6919608552472605027	-5524.1865234375	0.0000000000	28.8354708030	52.2366678545
91	68	442166951684299261	13171866292654863094	9300231139251675569	13976297927187607030	-5524.2695312500	0.0000000000	25.3037503599	32.3010781475
43	55	9188283139325803671	11851817067206489169	4280075112121650502	8697650119994951054	-5524.2768554688	0.0000000000	39.5238971650	36.6697101844
90	58	564253395306586288	4138555004563608843	4474963822351376217	12913647182625003896	-5524.2846679688	0.0000000000	25.6846733506	36.3212598484
9	72	2439594373950395860	8503372235075209266	7938509231312655726	11067648705588854386	-5524.2968750000	0.0000000000	51.4906546439	31.6698925017
79	103	2501211020233769820	10916844756336505972	5038458475835911258	15547697908999266171	-5524.2993164062	0.0000000000	30.7167961425	20.7383821312
30	20	7858847987573124453	13355927625687165021	7514576505172547011	13183127477760271196	-5524.3164062500	0.0000000000	42.6011596365	47.3644698196
27	21	13931414467280736271	15016803418478563936	7683124012385071263	9358456710327728051	-5524.3364257812	0.0000000000	43.9774507352	46.8182313232
46	98	7251700801891077616	18248472685024111301	7250786871080157350	11454918771012730844	-5524.3369140625	0.0000000000	39.3146332749	23.6519558653
46	104	7251700801891077616	16298007830431462257	9858118034356749119	11124394547286158265	-5524.3417968750	0.0000000000	39.3195160874	20.1418007101
8	98	8992346648558435547	18248472685024111301	1866814480585939368	5192517383508707129	-5524.3432617188	0.0000000000	52.2614641215	23.6583035215
26	64	167167149883495741	9696301458210436234	10293916063121357993	16747920279647292610	-5524.3496093750	0.0000000000	45.0341400873	33.9130254990
99	87	3770798787649587355	5601208716039951663	6069845939556379025	16302763362498190692	-5524.3671875000	0.0000000000	22.7134437638	27.1183101688
47	83	11947096545996455153	13586099871725120471	5786682796990952023	10286102751335537788	-5524.3696289062	0.0000000000	38.4662188134	29.0183540829
76	19	2747588696662623730	7692821074440121912	7288156652534149435	13838587460175872252	-5524.3847656250	0.0000000000	30.9000351736	47.4498278846
76	16	2747588696662623730	12201523437214473668	6242579118103261579	13871440860172458527	-5524.4355468750	0.0000000000	30.9508164236	48.2517004613
38	75	3887235235952849394	14608757246259334758	6062612153295493465	15990074616931639117	-5524.4433593750	0.0000000000	40.6876595520	31.3403401884
39	54	8936177091956132308	10494363557995427270	6271339785547562202	18027108795653258815	-5524.4667968750	0.0000000000	40.6890758961	37.2354209854
56	53	11357898340897756903	15405698928020597209	11835806257737185666	14646899768112858104	-5524.4687500000	0.0000000000	36.6485607234	37.5717596502
95	48	1269677664921442142	11384733198153311516	2395938228516884024	10723791770984928405	-5524.4936523438	0.0000000000	24.6646694936	38.3600561176
86	23	2181137809313707726	8983620928718234954	4874711243339885000	11483913136595289850	-5524.5034179688	0.0000000000	27.9176629448	46.0042456468
50	104	15516788000137984293	16298007830431462257	1321190607894677458	15968296259190155639	-5524.5141601562	0.0000000000	37.7646392559	20.3141639914
1	116	10324198887431388283	14319670599260614879	2803644964693096166	6684647870058603517	-5524.5273437500	0.0000000000	64.3932319708	13.1626938574
95	9	1269677664921442142	2439594373950395860	407198661842665545	6023932682119802610	-5524.5317382812	0.0000000000	24.7027554311	51.7255179251
30	27	7858847987573124453	13931414467280736271	1343080643955063038	9102126713324575926	-5524.5566406250	0.0000000000	42.8413940115	44.1976655790
83	3	13586099871725120471	14093486591111374668	11068624575483066604	12132835574951690961	-5524.5703125000	0.0000000000	29.2190376767	58.5799478357
10	57	3715343508190632273	9692447327446626127	6605781128330309993	17000337155393188426	-5524.5722656250	0.0000000000	51.2806440427	36.7415421050
63	19	1399070161628260596	7692821074440121912	1929186663238239461	3123852644077436984	-5524.5751953125	0.0000000000	34.4140852322	47.6402575721
45	11	10118968526249132794	17799708269756447471	11275149450857505208	18295289160838388407	-5524.5791015625	0.0000000000	39.5961096112	50.8105536250
60	21	230773126182757894	15016803418478563936	1226716991342880517	4718652860191296972	-5524.5849609375	0.0000000000	36.3903198522	47.0667664795
26	43	167167149883495741	9188283139325803671	14905193824829435985	16353207523055149151	-5524.5996093750	0.0000000000	45.2841400873	39.8466510713
34	66	14097627609532728280	18431247209864649693	139835067663992733	10389979947989195495	-5524.6166992188	0.0000000000	42.1398006080	32.8475478980
71	87	2579019396016879642	5601208716039951663	10577572875878574936	11901570171268245951	-5524.6254882812	0.0000000000	32.1306463414	27.3766109501
59	4	2239142532014743282	16923322824322317466	5969790001890804458	11215858709578254666	-5524.6376953125	0.0000000000	36.6386142523	54.9662053741
63	93	1399070161628260596	3242482612805492339	12155532692970107561	18106042274583404668	-5524.6572265625	0.0000000000	34.4961164822	25.1993309939
17	44	429853561211997818	13956310948762308203	2019996371296154293	15473659809156366369	-5524.6767578125	0.0000000000	48.4580994900	39.8912583608
79	113	2501211020233769820	11034036556017610313	12086095514214196717	14589965843604314219	-5524.6791992188	0.0000000000	31.0966789550	15.8344067606
41	49	4688636836818565261	7823186920941671451	217718487453631428	1526163607675343401	-5524.6801757812	0.0000000000	40.1735476904	38.1573456786
88	89	10084124936668487071	16609562587620384987	11968652921312110435	12039615534088061678	-5524.6987304688	0.0000000000	27.1535733360	26.2960048823
43	14	9188283139325803671	12938275795804049604	1996945618002766739	18132070001589352886	-5524.7465820312	0.0000000000	39.9936237275	48.8958819682
23	11	8983620928718234954	17799708269756447471	5750860720574055646	7053496559530800963	-5524.7480468750	0.0000000000	46.2488745530	50.9794989375
35	84	1374669322539188936	2564171262913545665	4899065851309746533	7947027350947948277	-5524.7504882812	0.0000000000	42.0853849955	28.9109254771
80	85	11254879324197340454	16393214166263308105	10684302820794345188	11020214307419930661	-5524.7524414062	0.0000000000	30.7811612215	28.6330715783
42	108	6149821055044103313	14996368193187989284	7024741949690704114	15000535822731684786	-5524.7553710938	0.0000000000	40.2229232332	18.0370888129
106	45	7684204559276021956	10118968526249132794	7819312823898246525	16682339616026175594	-5524.7778320312	0.0000000000	18.5648511698	39.7948400800
56	47	11357898340897756903	11947096545996455153	14143831378333303345	14908726535585500220	-5524.8071289062	0.0000000000	36.9869396297	38.9037188134
94	120	9222751215651972858	15354991408888356854	3959886340493459931	15378683861448680276	-5524.8183593750	0.0000000000	25.2009457597	6.4058727288
34	75	14097627609532728280	14608757246259334758	5848793017442948106	10594262259006168917	-5524.8212890625	0.0000000000	42.3443904518	31.7182698759
30	104	7858847987573124453	16298007830431462257	4079248274025895556	16924653987787012421	-5524.8295898438	0.0000000000	43.1143432302	20.6295936789
74	3	279844733889261352	14093486591111374668	722629661456775453	7598850496228772753	-5524.8374023438	0.0000000000	31.8749659316	58.8470376794
42	23	6149821055044103313	8983620928718234954	5555273053791835822	10613286774881459679	-5524.8725585938	0.0000000000	40.3401107332	46.3733862718
35	9	1374669322539188936	2439594373950395860	2535019200872467867	13786935209390923255	-5524.8730468750	0.0000000000	42.2079435892	52.0668265189
29	110	520324629128040228	6574353373524907807	3056087117093318516	7396712504484527158	-5524.8969726562	0.0000000000	43.2316894472	17.7617318557
5	112	2149484152715392458	11111376794004924671	3435194066123048141	5529730103483910315	-5524.9233398438	0.0000000000	55.2003186772	16.8149929889
15	47	3773740555311062023	11947096545996455153	7538017926265208992	9059421748648454526	-5524.9448242188	0.0000000000	48.8353507144	39.0414141259
75	104	14608757246259334758	16298007830431462257	4079248274025895556	7664463339652293769	-5524.9521484375	0.0000000000	31.8491292509	20.7521522726
56	3	11357898340897756903	14093486591111374668	1616782898194226033	5362753605681800859	-5524.9545898438	0.0000000000	37.1344005672	58.9642251794
38	6	3887235235952849394	16894134299124238804	17776178405677578290	18095964192376885375	-5524.9653320312	0.0000000000	41.2096322083	53.3953477259
99	53	3770798787649587355	15405698928020597209	8012342863555304723	12329033522282479220	-5524.9716796875	0.0000000000	23.3179359513	38.0746893377
17	38	429853561211997818	3887235235952849394	9726401725388136088	17310542643739956550	-5524.9736328125	0.0000000000	48.7549744900	41.2179329895
5	21	2149484152715392458	15016803418478563936	4110057779532232668	17326895796730138818	-5524.9833984375	0.0000000000	55.2603772710	47.4652039795
13	65	10079227655342552495	15378060113354634737	901799823015166879	3872833829801396752	-5524.9833984375	0.0000000000	49.2377613905	33.3637996161
68	34	13171866292654863094	14097627609532728280	1541830460550953320	8936311914298631123	-5524.9897460938	0.0000000000	33.0212929913	42.5128474830
10	104	3715343508190632273	16298007830431462257	14476173496801795387	15874932167991162283	-5525.0019531250	0.0000000000	51.7103315427	20.8019569601
46	40	7251700801891077616	15633704558089027375	4997817800938528252	17821135480551332263	-5525.0180664062	0.0000000000	39.9957856187	41.2330752663
46	16	7251700801891077616	12201523437214473668	7394763101136673328	16908181627701105345	-5525.0244140625	0.0000000000	40.0021332749	48.8405676488
53	31	15405698928020597209	16657069432005198003	8817819710119881323	13728525630680539111	-5525.0273437500	0.0000000000	38.1303534002	43.2584341417
30	68	7858847987573124453	13171866292654863094	3356147629830487950	16105879923438040734	-5525.0317382812	0.0000000000	43.3164916677	33.0632851788
81	93	3175835436065505467	3242482612805492339	16119654728597573983	17106745734836216419	-5525.0356445312	0.0000000000	30.5125701174	25.5777489626
24	73	58338521781336478	541435687269551760	1450808236232102187	5916186207254985886	-5525.0522460938	0.0000000000	45.9323597689	32.2792058720
113	121	11034036556017610313	17021626295139303671	9634174488491646669	17696589093464719085	-5525.0659179688	0.0000000000	16.2211255106	5.1210494630
43	57	9188283139325803671	9692447327446626127	13010359819166258427	17259309760187837160	-5525.0927734375	0.0000000000	40.3398151338	37.2620499175
94	113	9222751215651972858	11034036556017610313	3869595592462768954	4574191804319442851	-5525.1020507812	0.0000000000	25.4846371660	16.2572583231
46	31	7251700801891077616	16657069432005198003	10905809067470274865	13057867256180136633	-5525.1064453125	0.0000000000	40.0841645249	43.3375357042
60	31	230773126182757894	16657069432005198003	5954443682986295946	13057867256180136633	-5525.1064453125	0.0000000000	36.9118042272	43.3375357042
83	116	13586099871725120471	14319670599260614879	13431916353260332760	17565607345568378722	-5525.1127929688	0.0000000000	29.7615181454	13.7481430761
56	50	11357898340897756903	15516788000137984293	11280478148225251057	17123367635723960129	-5525.1342773438	0.0000000000	37.3140880672	38.3847564434
88	45	10084124936668487071	10118968526249132794	4758501974904230793	11392066789362123820	-5525.1367187500	0.0000000000	27.5915616173	40.1537267987
16	102	12201523437214473668	16966479684116941053	6902138406606124150	8888947853896334083	-5525.1835937500	0.0000000000	48.9997473363	22.0225575829
70	19	1592214687186736870	7692821074440121912	1822976071036840368	5532102908002336292	-5525.1870117188	0.0000000000	33.1158870134	48.2520739783
1	108	10324198887431388283	14996368193187989284	11766311940275570042	15992531398722531423	-5525.1889648438	0.0000000000	65.0548530645	18.4706825629
55	50	11851817067206489169	15516788000137984293	2208842081125163118	17454073052304861174	-5525.2006835938	0.0000000000	37.5935383094	38.4511626934
22	16	3990398796172833387	12201523437214473668	7079477773713484545	16411057043308199229	-5525.2148437500	0.0000000000	47.3066291879	49.0309973363
39	45	8936177091956132308	10118968526249132794	15422819389322179891	16072144557899204677	-5525.2314453125	0.0000000000	41.4537243336	40.2484533612
45	98	10118968526249132794	18248472685024111301	2106216026558106008	15422819389322179891	-5525.2314453125	0.0000000000	40.2484533612	24.5464871153
61	58	2173314438107378563	4138555004563608843	4674497285472419972	17043575379107419334	-5525.2319335938	0.0000000000	36.4589086101	37.2685254734
69	66	2087039987532444631	18431247209864649693	10774499160914492395	12326433776640812122	-5525.2485351562	0.0000000000	33.2622341390	33.4793838355
94	44	9222751215651972858	13956310948762308203	7459369153362425077	13196117420047650698	-5525.2519531250	0.0000000000	25.6345395097	40.4664536733
97	92	5828997022151569970	10367805946812379509	7020056398890217080	7114318636359832080	-5525.2617187500	0.0000000000	25.0028088988	26.0770487464
110	3	6574353373524907807	14093486591111374668	5610690310601755282	11355108767003811594	-5525.2626953125	0.0000000000	18.1274545120	59.2723306482
72	64	8503372235075209266	9696301458210436234	1805860756585100470	2847532839587834929	-5525.2661132812	0.0000000000	32.6391307830	34.8295294052
63	13	1399070161628260596	10079227655342552495	6173136197290887011	15270285513757316452	-5525.3022460938	0.0000000000	35.1411360135	49.5566090467
2	44	13107051123224136067	13956310948762308203	6891015766154773921	10405714151905354399	-5525.3105468750	0.0000000000	62.6963887589	40.5250474233
64	28	9696301458210436234	17027433896387945395	9221190653464285710	12684490871338256382	-5525.3276367188	0.0000000000	34.8910528427	44.4096805835
10	87	3715343508190632273	5601208716039951663	2420362526950198794	13791288553978041770	-5525.3320312500	0.0000000000	52.0404096677	28.0831539188
46	48	7251700801891077616	11384733198153311516	13230772431883924485	15028124560390727044	-5525.3403320312	0.0000000000	40.3180512437	39.2067358051
58	8	4138555004563608843	8992346648558435547	4184668568400021387	6655815379954587631	-5525.3481445312	0.0000000000	37.3847364109	53.2663469340
69	7	2087039987532444631	15571085747497726625	14796494304475378995	18142721887966066952	-5525.3491210938	0.0000000000	33.3628200765	53.3992655107
99	30	3770798787649587355	7858847987573124453	4735186559543054949	7973613094386791138	-5525.3554687500	0.0000000000	23.7017250138	43.6402221365
29	66	520324629128040228	18431247209864649693	4964291366462568245	17282678192697958958	-5525.3764648438	0.0000000000	43.7111816347	33.6073135230
47	11	11947096545996455153	17799708269756447471	2734185338710580613	4065081560653636732	-5525.3793945312	0.0000000000	39.4759844384	51.6108465938
2	83	13107051123224136067	13586099871725120471	5834284678782307226	5903751291180914682	-5525.3828125000	0.0000000000	62.7686543839	30.0315376767
101	48	9781730914178405044	11384733198153311516	10069169675564263196	11854770358878278699	-5525.3847656250	0.0000000000	23.1692923454	39.2511693988
62	68	7011268860006268306	13171866292654863094	7992424696584439817	10057272979940002617	-5525.3959960938	0.0000000000	35.6136231304	33.4275429913
95	11	1269677664921442142	17799708269756447471	5394465084122144408	14559777966408078744	-5525.4028320312	0.0000000000	25.5738491811	51.6342840938
24	117	58338521781336478	5946235283944295470	11406566918077145607	16210367015319149584	-5525.4052734375	0.0000000000	46.2853871126	13.6386800329
117	64	5946235283944295470	9696301458210436234	2170493170761783108	11406566918077145607	-5525.4052734375	0.0000000000	13.6386800329	34.9686895615
47	25	11947096545996455153	16550426852500463777	4132397284108462113	4800718069174890847	-5525.4116210938	0.0000000000	39.5082110009	46.1861332032
87	72	5601208716039951663	8503372235075209266	12480707509153521016	12549815985651147613	-5525.4125976562	0.0000000000	28.1637203251	32.7856151580
61	65	2173314438107378563	15378060113354634737	7012883532002015843	14696335113000424199	-5525.4267578125	0.0000000000	36.6537328288	33.8071589911
35	13	1374669322539188936	10079227655342552495	383959841403852041	16528918521285186073	-5525.4550781250	0.0000000000	42.7899748392	49.7094410780
100	98	3742391230315232177	18248472685024111301	11927567942529756009	13944882619621077488	-5525.5239257812	0.0000000000	23.7026690311	24.8389675840
60	101	230773126182757894	9781730914178405044	2405044525724400591	11574593658260439754	-5525.5322265625	0.0000000000	37.3375854772	23.3167532829
74	34	279844733889261352	14097627609532728280	2844096440171693760	3797920657018457526	-5525.5336914062	0.0000000000	32.5712549941	43.0567927955
10	105	3715343508190632273	13728310634633545021	14437823469038958239	16214755059202089019	-5525.5419921875	0.0000000000	52.2503706052	20.1360070106
113	3	11034036556017610313	14093486591111374668	8085571155096131461	16468932671536306234	-5525.5634765625	0.0000000000	16.7186841044	59.5731118982
91	22	442166951684299261	3990398796172833387	4013855927468622982	6376419313797826918	-5525.5864257812	0.0000000000	26.6206448911	47.6782112191
97	53	5828997022151569970	15405698928020597209	10702635480852266179	13184460633700666431	-5525.5981445312	0.0000000000	25.3392346801	38.7011541814
95	19	1269677664921442142	7692821074440121912	9811430884949549709	11663384508866936199	-5525.6059570312	0.0000000000	25.7769741811	48.6710192908
86	11	2181137809313707726	17799708269756447471	463351996569247079	4180846103172733047	-5525.6127929688	0.0000000000	29.0270379448	51.8442450313
36	7	10369745369462594300	15571085747497726625	3839224519491073427	15403705659714892475	-5525.6162109375	0.0000000000	42.8663246962	53.6663553545
48	28	11384733198153311516	17027433896387945395	4518615230459417940	14211667516615835019	-5525.6181640625	0.0000000000	39.4845678363	44.7002079273
24	45	58338521781336478	10118968526249132794	17697992689867726263	18345985059010726766	-5525.6313476562	0.0000000000	46.5114613314	40.6483557050
75	78	14608757246259334758	14809137665620150592	12725418787373365871	13331866878243091365	-5525.6699218750	0.0000000000	32.5669026884	32.1009969887
77	98	7437397082061112758	18248472685024111301	1921126355305914899	9515024914892504180	-5525.6762695312	0.0000000000	32.1685920857	24.9913113340
110	4	6574353373524907807	16923322824322317466	9982612375723248641	11142307170397198881	-5525.6816406250	0.0000000000	18.5463998245	56.0101506866
61	14	2173314438107378563	12938275795804049604	2590727560126120745	18344959378310071488	-5525.6850585938	0.0000000000	36.9120336101	49.8343585307
48	16	11384733198153311516	12201523437214473668	2006458366567149746	2259115873174415721	-5525.6948242188	0.0000000000	39.5612279926	49.5109778051
33	48	10368442723802325466	11384733198153311516	6157184994234998962	7162004899222087094	-5525.7163085938	0.0000000000	43.4858189843	39.5827123676
63	96	1399070161628260596	14922418272091202393	16019384601852365011	17778701658146447981	-5525.7211914062	0.0000000000	35.5600813260	25.7484446804
38	83	3887235235952849394	13586099871725120471	6206510765524355722	8404199897360358476	-5525.7231445312	0.0000000000	41.9674447083	30.3718697079
86	30	2181137809313707726	7858847987573124453	8783482782100949626	10409234129810543273	-5525.7280273438	0.0000000000	29.1422723198	44.0127807302
115	113	5083548386099259802	11034036556017610313	3035460785088063306	7787308203979160061	-5525.7333984375	0.0000000000	15.2541017632	16.8886059794
69	110	2087039987532444631	6574353373524907807	2699436898271730218	11489730532822643242	-5525.7368164062	0.0000000000	33.7505153890	18.6015756057
67	40	303163103940296667	15633704558089027375	13249461561754483044	16192737844585054936	-5525.7382812500	0.0000000000	33.9331557052	41.9532901100
63	28	1399070161628260596	17027433896387945395	1496389071864961962	10360262316379681830	-5525.7431640625	0.0000000000	35.5820539822	44.8252079273
29	87	520324629128040228	5601208716039951663	14485799185298003428	17963018784784901045	-5525.7524414062	0.0000000000	44.0871581972	28.5035640751
108	6	14996368193187989284	16894134299124238804	2957361381383095535	13389897095955214204	-5525.7592773438	0.0000000000	19.0409950629	54.1892930384
68	25	13171866292654863094	16550426852500463777	9525699904764160252	12652010298725815511	-5525.7631835938	0.0000000000	33.7947304913	46.5376957032
115	2	5083548386099259802	13107051123224136067	5173727307088689887	13405611822346974577	-5525.7807617188	0.0000000000	15.3014650444	63.1666036026
60	40	230773126182757894	15633704558089027375	7806498552821971794	13140427878396394127	-5525.7856445312	0.0000000000	37.5910034459	42.0006533913
51	46	3374397758373242900	7251700801891077616	8686009423719986633	13694282001245008496	-5525.7963867188	0.0000000000	39.0207387724	40.7741059312
2	98	13107051123224136067	18248472685024111301	5391619880516017739	11253951079793667653	-5525.7968750000	0.0000000000	63.1827168839	25.1119168028
29	19	520324629128040228	7692821074440121912	1998469433191001943	6863665779408034602	-5525.8017578125	0.0000000000	44.1364746034	48.8668200721
86	82	2181137809313707726	13012805549261864440	2139441515406948165	2551859515944088505	-5525.8129882812	0.0000000000	29.2272332573	30.4619356468
1	112	10324198887431388283	11111376794004924671	8224168546883509013	15855617718788747009	-5525.8300781250	0.0000000000	65.6959663458	17.7217312701
75	121	14608757246259334758	17021626295139303671	3056043732485878001	12613521777637355333	-5525.8398437500	0.0000000000	32.7368245634	5.8949752443
82	66	13012805549261864440	18431247209864649693	969119831918540181	8570985427697333380	-5525.9038085938	0.0000000000	30.5527559593	34.1346572730
16	27	12201523437214473668	13931414467280736271	11048611129392299361	18291128076864611077	-5525.9096679688	0.0000000000	49.7258215551	45.5506929227
74	30	279844733889261352	7858847987573124453	13521379028673885105	15130357654745480381	-5525.9213867188	0.0000000000	32.9589503066	44.2061401052
74	56	279844733889261352	11357898340897756903	2010567644653903962	5861642329478003614	-5525.9223632812	0.0000000000	32.9599268691	38.1021740047
101	75	9781730914178405044	14608757246259334758	4640650904984288110	15687483521731212099	-5525.9350585938	0.0000000000	23.7195853141	32.8320394072
99	40	3770798787649587355	15633704558089027375	6445664583901083960	17104633604723617069	-5525.9541015625	0.0000000000	24.3003578263	42.1691104225
87	94	5601208716039951663	9222751215651972858	51006506667639282	8096220954293425259	-5525.9814453125	0.0000000000	28.7325679813	26.3640316972
95	85	1269677664921442142	16393214166263308105	1618174685933366206	13282696967453499341	-5525.9824218750	0.0000000000	26.1534390248	29.8630520471
106	20	7684204559276021956	13355927625687165021	9060665199767927319	13292280546661087098	-5525.9833984375	0.0000000000	19.7704175761	49.0314620071
55	2	11851817067206489169	13107051123224136067	665324904803940694	9405280873871969979	-5525.9858398438	0.0000000000	38.3786945594	63.3716817276
84	28	2564171262913545665	17027433896387945395	9612280791553684641	14490139046725521228	-5525.9882812500	0.0000000000	30.1487184459	45.0703251148
32	6	3303836963991646703	16894134299124238804	1931491392775686225	11247805517051586532	-5525.9995117188	0.0000000000	44.2213180550	54.4295274134
72	66	8503372235075209266	18431247209864649693	13260493075844632358	15568196833516027764	-5526.0073242188	0.0000000000	33.3803417205	34.2381728980
8	45	8992346648558435547	10118968526249132794	1126744971536349949	10577344679711374111	-5526.0190429688	0.0000000000	53.9372453715	41.0360510175
74	72	279844733889261352	8503372235075209266	1077385030608058169	12311706877074299064	-5526.0439453125	0.0000000000	33.0815089004	33.4169628142
86	62	2181137809313707726	7011268860006268306	14194880987455174588	14798215249964557064	-5526.0932617188	0.0000000000	29.5075066948	36.3108887554
69	30	2087039987532444631	7858847987573124453	14877781910336651621	18147984880157910196	-5526.1020507812	0.0000000000	34.1157497640	44.3868041677
56	11	11357898340897756903	17799708269756447471	12541614271821607274	13200293105298397578	-5526.1191406250	0.0000000000	38.2989513484	52.3505926875
49	78	7823186920941671451	14809137665620150592	11672223503760691378	13925142136703554991	-5526.1240234375	0.0000000000	39.6011933349	32.5550985512
109	78	8288089849152396567	14809137665620150592	87721123187795788	11672223503760691378	-5526.1240234375	0.0000000000	19.2624966903	32.5550985512
93	23	3242482612805492339	8983620928718234954	2529459658300582004	2759398242235506916	-5526.1376953125	0.0000000000	26.6797997439	47.6385229905
81	32	3175835436065505467	3303836963991646703	6885901825889109429	9686374184554669750	-5526.1420898438	0.0000000000	31.6190154299	44.3638961800
40	66	15633704558089027375	18431247209864649693	2234692137849490813	15047239114010222615	-5526.1547851562	0.0000000000	42.3697940163	34.3856338355
99	58	3770798787649587355	4138555004563608843	2180446562232908452	14266329522438042578	-5526.1640625000	0.0000000000	24.5103187638	38.2006543796
42	105	6149821055044103313	13728310634633545021	1063988088897623306	14086185156619778955	-5526.1831054688	0.0000000000	41.6506576082	20.7771202918
42	106	6149821055044103313	7684204559276021956	1063988088897623306	11220111031741006584	-5526.1831054688	0.0000000000	41.6506576082	19.9701246073
45	92	10118968526249132794	10367805946812379509	4334510336842923945	5950893862878245005	-5526.1943359375	0.0000000000	41.2113439862	27.0096659339
120	6	15354991408888356854	16894134299124238804	9231544558481537057	13129800297596332327	-5526.1977539062	0.0000000000	7.7852672600	54.6277696009
91	1	442166951684299261	10324198887431388283	3786171561307444706	7386969457466997165	-5526.2133789062	0.0000000000	27.2475980161	66.0792671270
77	33	7437397082061112758	10368442723802325466	9948324664330894275	12825864547729321658	-5526.2182617188	0.0000000000	32.7105842732	43.9877721093
71	20	2579019396016879642	13355927625687165021	1324083734178992320	13557038178926261824	-5526.2338867188	0.0000000000	33.7390447789	49.2819502883
71	58	2579019396016879642	4138555004563608843	6005764897339905371	12360831823437072191	-5526.2412109375	0.0000000000	33.7463689977	38.2778028171
10	7	3715343508190632273	15571085747497726625	2625330880340213914	3509819739427253613	-5526.2490234375	0.0000000000	52.9574018552	54.2991678545
95	120	1269677664921442142	15354991408888356854	2888322058641001920	16289618471870587464	-5526.2553710938	0.0000000000	26.4263882436	7.8428844475
9	52	2439594373950395860	8242477299940831062	1257181130934943143	14507683541299406604	-5526.2583007812	0.0000000000	53.4520804251	39.4516235939
60	53	230773126182757894	15405698928020597209	1624979236153790835	15211028774000914377	-5526.2646484375	0.0000000000	38.0700073522	39.3676580877
49	40	7823186920941671451	15633704558089027375	16347986515820574753	18105412783961338055	-5526.2675781250	0.0000000000	39.7447480224	42.4825869850
19	39	7692821074440121912	8936177091956132308	10348227198474446464	17640630460381136961	-5526.2700195312	0.0000000000	49.3350817908	42.4922985523
62	102	7011268860006268306	16966479684116941053	8888947853896334083	14353577313810222866	-5526.2905273438	0.0000000000	36.5081543804	23.1294911767
15	109	3773740555311062023	8288089849152396567	6631615200530271786	18176352247511459778	-5526.2978515625	0.0000000000	50.1883780582	19.4363248153
26	109	167167149883495741	8288089849152396567	7837795436033809376	18176352247511459778	-5526.2978515625	0.0000000000	46.9823822748	19.4363248153
99	104	3770798787649587355	16298007830431462257	728263591820151558	8597099728022216940	-5526.3017578125	0.0000000000	24.6480140763	22.1017616476
58	28	4138555004563608843	17027433896387945395	9254783177197314166	12047859756343944348	-5526.3330078125	0.0000000000	38.3695996921	45.4150516773
74	14	279844733889261352	12938275795804049604	11543124083616382813	14172673121793441418	-5526.3432617188	0.0000000000	33.3808253066	50.4925616557
75	6	14608757246259334758	16894134299124238804	6794804035839896402	17959830778048044555	-5526.3471679688	0.0000000000	33.2441487822	54.7771836634
80	25	11254879324197340454	16550426852500463777	5933634603315878424	10553059158878752521	-5526.3481445312	0.0000000000	32.3768643465	47.1226566407
15	101	3773740555311062023	9781730914178405044	3688042954170573684	8201324007975698661	-5526.3603515625	0.0000000000	50.2508780582	24.1448782829
13	98	10079227655342552495	18248472685024111301	3134032922680283812	4154348394237022122	-5526.3706054688	0.0000000000	50.6249684217	25.6856472715
59	21	2239142532014743282	15016803418478563936	8214307605062890977	12051628602539518919	-5526.3808593750	0.0000000000	38.3817783148	48.8626649170
70	15	1592214687186736870	3773740555311062023	5630296197745920640	8177443857360528571	-5526.3818359375	0.0000000000	34.3107112322	50.2723624332
32	66	3303836963991646703	18431247209864649693	3983308987813281292	16538835291536138121	-5526.3837890625	0.0000000000	44.6055953987	34.6146377418
71	52	2579019396016879642	8242477299940831062	7748927935476871399	8975443736277926329	-5526.3945312500	0.0000000000	33.8996893102	39.5878540626
78	11	14809137665620150592	17799708269756447471	10458305738269056876	16160586353618935726	-5526.3964843750	0.0000000000	32.8275594887	52.6279364375
70	120	1592214687186736870	15354991408888356854	512985575066694934	16431873129375070326	-5526.3994140625	0.0000000000	34.3282893572	7.9869274163
118	102	5342875789511471951	16966479684116941053	8189261970742374303	8627865522634829178	-5526.4008789062	0.0000000000	12.7281892019	23.2398427392
5	55	2149484152715392458	11851817067206489169	7243737220438041614	11262563254338020436	-5526.4023437500	0.0000000000	56.6793225835	38.7951984657
103	37	10916844756336505972	12249581567144989954	1814783313347849508	11297863678086070238	-5526.4028320312	0.0000000000	22.8418977562	42.8700423404
91	71	442166951684299261	2579019396016879642	14283437618257122894	16598284446060134933	-5526.4077148438	0.0000000000	27.4419339536	33.9128729039
103	25	10916844756336505972	16550426852500463777	3417367727682538601	6196259668404889744	-5526.4335937500	0.0000000000	22.8726594749	47.2081058594
43	50	9188283139325803671	15516788000137984293	2053487273335526237	18308923556819015220	-5526.4365234375	0.0000000000	41.6835651338	39.6870025371
67	19	303163103940296667	7692821074440121912	441995516386459354	8338262531016804122	-5526.4418945312	0.0000000000	34.6367689865	49.5069567908
24	57	58338521781336478	9692447327446626127	5596209933988806879	16837323434953764840	-5526.4594726562	0.0000000000	47.3395863314	38.6287491363
101	4	9781730914178405044	16923322824322317466	4676781002474380950	18240013879199954869	-5526.5058593750	0.0000000000	24.2903860954	56.8343694366
92	3	10367805946812379509	14093486591111374668	3086510019928814667	4804040838531172833	-5526.5244140625	0.0000000000	27.3397440589	60.5340493982
20	28	13355927625687165021	17027433896387945395	7533319595039102472	17951082134312656775	-5526.5341796875	0.0000000000	49.5822432571	45.6162235523
117	75	5946235283944295470	14608757246259334758	1375831267374358626	8178904836055387911	-5526.5395507812	0.0000000000	14.7729573766	33.4365315947
0	114	10667474865877392284	15099006944303593007	13817540691532621549	16817262880836646270	-5526.5444335938	0.0000000000	71.6422821129	16.6977587749
99	42	3770798787649587355	6149821055044103313	2540780321309154862	5218594772359512076	-5526.5502929688	0.0000000000	24.8965492325	42.0178451082
17	93	429853561211997818	3242482612805492339	3278752231662904858	17230160750956771986	-5526.5654296875	0.0000000000	50.3467713650	27.1075341189
95	69	1269677664921442142	2087039987532444631	6828631745096053333	10253404610719982150	-5526.5966796875	0.0000000000	26.7676968373	34.6103786703
95	77	1269677664921442142	7437397082061112758	3094427076465414106	6828631745096053333	-5526.5966796875	0.0000000000	26.7676968373	33.0890022419
36	16	10369745369462594300	12201523437214473668	9326248227945978593	17179465470948768042	-5526.5991210938	0.0000000000	43.8492348524	50.4152746801
13	27	10079227655342552495	13931414467280736271	108885779264143004	422538995809483840	-5526.6049804688	0.0000000000	50.8593434217	46.2460054227
93	101	3242482612805492339	9781730914178405044	3538014302701477	10085301228688019388	-5526.6157226562	0.0000000000	27.1578270876	24.4002493766
33	53	10368442723802325466	15405698928020597209	4757256517587679701	5685210745215119178	-5526.6196289062	0.0000000000	44.3891392968	39.7226385564
74	15	279844733889261352	3773740555311062023	903603861627908931	4326853207706068057	-5526.6206054688	0.0000000000	33.6581690566	50.5111319644
73	4	541435687269551760	16923322824322317466	797205998213560144	16127454116721722765	-5526.6313476562	0.0000000000	33.8583074345	56.9598577179
47	65	11947096545996455153	15378060113354634737	8969536787069033472	10066384574632092410	-5526.6665039062	0.0000000000	40.7630938134	35.0469050849
1	120	10324198887431388283	15354991408888356854	790335347535842656	15497870140809305398	-5526.6718750000	0.0000000000	66.5377632208	8.2593883538
90	112	564253395306586288	11111376794004924671	8816540272921989872	18241107389762384681	-5526.6875000000	0.0000000000	28.0875053818	18.5791531451
84	19	2564171262913545665	7692821074440121912	9422188458365675113	15477466247246218500	-5526.6938476562	0.0000000000	30.8542848521	49.7589099158
17	9	429853561211997818	2439594373950395860	12896564092483175153	15650910119104295584	-5526.7006835938	0.0000000000	50.4820252713	53.8944632376
19	82	7692821074440121912	13012805549261864440	13230176442116192523	16675299599542831547	-5526.7045898438	0.0000000000	49.7696521033	31.3535372093
47	31	11947096545996455153	16657069432005198003	6375473285319829085	7842274213665606544	-5526.7158203125	0.0000000000	40.8124102197	44.9469107042
86	83	2181137809313707726	13586099871725120471	5237621918612747081	17520121269475040275	-5526.7172851562	0.0000000000	30.1315301323	31.3660103329
73	43	541435687269551760	9188283139325803671	1717297528749374043	11679360103576267815	-5526.7260742188	0.0000000000	33.9530339970	41.9731159150
87	20	5601208716039951663	13355927625687165021	1790278045545038887	13620171251231982733	-5526.7265625000	0.0000000000	29.4776851688	49.7746260696
120	11	15354991408888356854	17799708269756447471	2305331452906788053	7567653220231821861	-5526.7373046875	0.0000000000	8.3248180413	52.9687567500
91	101	442166951684299261	9781730914178405044	15408064232819169786	16936017911082492658	-5526.7524414062	0.0000000000	27.7866605161	24.5369681266
73	5	541435687269551760	2149484152715392458	2028639032729371641	3051808129279721922	-5526.7949218750	0.0000000000	34.0218816533	57.0719007085
35	19	1374669322539188936	7692821074440121912	917017885729985227	14216642357295434566	-5526.7998046875	0.0000000000	44.1347014017	49.8648669471
73	34	541435687269551760	14097627609532728280	1968324905033607964	15152804070445414563	-5526.8066406250	0.0000000000	34.0336004033	44.3297420143
13	12	10079227655342552495	14938178270134821508	7815353093021247300	18266919116154934003	-5526.8139648438	0.0000000000	51.0683277967	51.6288207817
35	12	1374669322539188936	14938178270134821508	8170046492395185644	12530915044892847513	-5526.8188476562	0.0000000000	44.1537443705	51.6337035942
39	55	8936177091956132308	11851817067206489169	8974992937508013939	18149640455611486576	-5526.8212890625	0.0000000000	43.0435680836	39.2141437782
91	93	442166951684299261	3242482612805492339	7411788616375302721	12541789968261664525	-5526.8222656250	0.0000000000	27.8564847349	27.3643700564
91	96	442166951684299261	14922418272091202393	1721402489691810564	12541789968261664525	-5526.8222656250	0.0000000000	27.8564847349	26.8495188991
46	36	7251700801891077616	10369745369462594300	3093765375072424065	5473049700007084588	-5526.8505859375	0.0000000000	41.8283051499	44.1006996962
110	30	6574353373524907807	7858847987573124453	15264860223193592786	16825051449459131454	-5526.8886718750	0.0000000000	19.7534310745	45.1734252615
37	75	12249581567144989954	14608757246259334758	6657262256318028043	17283036068249641693	-5526.9199218750	0.0000000000	43.3871321841	33.8169026884
48	12	11384733198153311516	14938178270134821508	5804595007916928531	9910451858759638370	-5526.9326171875	0.0000000000	40.7990209613	51.7474731255
95	75	1269677664921442142	14608757246259334758	1926351581020527829	3134037825575114690	-5526.9379882812	0.0000000000	27.1090054311	33.8349690947
67	23	303163103940296667	8983620928718234954	9838793635166865182	16848917118683600220	-5526.9521484375	0.0000000000	35.1470228927	48.4529761155
67	68	303163103940296667	13171866292654863094	14030402594642997003	16848917118683600220	-5526.9521484375	0.0000000000	35.1470228927	34.9836953350
60	10	230773126182757894	3715343508190632273	2478967900785274286	15557232419766098438	-5526.9672851562	0.0000000000	38.7726440709	53.6756635740
51	36	3374397758373242900	10369745369462594300	12673618276326954420	13203776349011904762	-5526.9741210938	0.0000000000	40.1984731474	44.2242348524
5	66	2149484152715392458	18431247209864649693	2183384088837697007	3685662553038383984	-5526.9853515625	0.0000000000	57.2623303960	35.2162002418
5	30	2149484152715392458	7858847987573124453	8108250091471544824	17826987255072446474	-5526.9907226562	0.0000000000	57.2677014897	45.2754760427
42	57	6149821055044103313	9692447327446626127	8640922135123160367	11275530747231330112	-5526.9951171875	0.0000000000	42.4626693269	39.1643936675
32	114	3303836963991646703	15099006944303593007	1940284898604118642	12577999593029773986	-5526.9980468750	0.0000000000	45.2198532112	17.1513720561
79	108	2501211020233769820	14996368193187989284	2197023746431293790	5478351451860627082	-5527.0004882812	0.0000000000	33.4179680175	20.2822060004
19	31	7692821074440121912	16657069432005198003	1289921532886287472	3817756905121049114	-5527.0102539062	0.0000000000	50.0753161658	45.2413442980
106	75	7684204559276021956	14608757246259334758	10234873851131382950	10387088998366995641	-5527.0522460938	0.0000000000	20.8392652323	33.9492269072
70	87	1592214687186736870	5601208716039951663	4785122879020501326	11479282223175426285	-5527.0693359375	0.0000000000	34.9982112322	29.8204586063
13	108	10079227655342552495	14996368193187989284	5278707573606110943	15222756838373053298	-5527.1079101562	0.0000000000	51.3622731092	20.3896278754
72	3	8503372235075209266	14093486591111374668	245164897063320142	11421243310911083319	-5527.1083984375	0.0000000000	34.4814159392	61.1180337732
79	75	2501211020233769820	14608757246259334758	10659274369102467005	16535783105407024069	-5527.1083984375	0.0000000000	33.5258781738	34.0053792509
91	15	442166951684299261	3773740555311062023	12594300883800696851	17024695761658082749	-5527.1088867188	0.0000000000	28.1431058286	50.9994132144
79	57	2501211020233769820	9692447327446626127	7094996480981562238	15046618543436571164	-5527.1147460938	0.0000000000	33.5322258300	39.2840225738
109	0	8288089849152396567	10667474865877392284	2877290631750216307	17286941830119924469	-5527.1157226562	0.0000000000	20.2541959091	72.2135711754
72	34	8503372235075209266	14097627609532728280	1153115994158074867	11852990454835771440	-5527.1489257812	0.0000000000	34.5219432830	44.6720271705
10	65	3715343508190632273	15378060113354634737	4826719525592363700	10509895987907671006	-5527.1582031250	0.0000000000	53.8665815427	35.5386043036
99	109	3770798787649587355	8288089849152396567	6371680833892844744	7974621896501388345	-5527.1611328125	0.0000000000	25.5073890763	20.2996060653
32	42	3303836963991646703	6149821055044103313	4015511571004861427	16480389740368392336	-5527.1689453125	0.0000000000	45.3907516487	42.6364974519
19	33	7692821074440121912	10368442723802325466	262034718609526761	2080857405484113990	-5527.1777343750	0.0000000000	50.2427966346	44.9472447655
73	83	541435687269551760	13586099871725120471	13035531358787112475	17257563002059572898	-5527.1811523438	0.0000000000	34.4081121220	31.8298775204
60	63	230773126182757894	1399070161628260596	1605058852019162651	5459838344043092111	-5527.1948242188	0.0000000000	39.0001831334	37.0337141385
41	28	4688636836818565261	17027433896387945395	242449053963067061	1232508530226576791	-5527.2197265625	0.0000000000	42.7130984717	46.3017704273
1	105	10324198887431388283	13728310634633545021	7979458062563807466	9238652343129850600	-5527.2368164062	0.0000000000	67.1027046270	21.8308312293
63	48	1399070161628260596	11384733198153311516	3860621473163618369	17166481798083087805	-5527.2519531250	0.0000000000	37.0908430447	41.1183568988
22	21	3990398796172833387	15016803418478563936	3051174718060279544	4457224759428481593	-5527.2641601562	0.0000000000	49.3559455941	49.7459656982
95	37	1269677664921442142	12249581567144989954	1135846500390448499	15934250123372972804	-5527.2646484375	0.0000000000	27.4356655873	43.7318587466
117	30	5946235283944295470	7858847987573124453	5322105118939496928	8178904836055387911	-5527.2646484375	0.0000000000	15.4980550329	45.5494018240
46	103	7251700801891077616	10916844756336505972	5658267363104406014	17120293278613047260	-5527.2841796875	0.0000000000	42.2618988999	23.7232454124
109	114	8288089849152396567	15099006944303593007	11258682787536584504	12563844837524831488	-5527.2875976562	0.0000000000	20.4260709091	17.4409228374
64	98	9696301458210436234	18248472685024111301	5277070567273692363	15088258893985934089	-5527.2929687500	0.0000000000	36.8563848740	26.6080105528
92	0	10367805946812379509	10667474865877392284	1500468809550560999	1724705287250005237	-5527.2949218750	0.0000000000	28.1102518714	72.3927703942
32	2	3303836963991646703	13107051123224136067	7967433149367933296	10950658298612938621	-5527.3100585938	0.0000000000	45.5318649300	64.6959004776
39	3	8936177091956132308	14093486591111374668	6779265599881247950	8351028593225955003	-5527.3583984375	0.0000000000	43.5806774586	61.3680337732
71	13	2579019396016879642	10079227655342552495	3186892895842476	9966491139205843339	-5527.3725585938	0.0000000000	34.8777166539	51.6269215467
60	99	230773126182757894	3770798787649587355	13274059769533601417	16094897742534902400	-5527.3754882812	0.0000000000	39.1808471959	25.7217445450
33	82	10368442723802325466	13012805549261864440	270722731039664454	4355075627006632488	-5527.3969726562	0.0000000000	45.1664830468	32.0459200218
70	54	1592214687186736870	10494363557995427270	5132099657416273808	7115767678758673243	-5527.4433593750	0.0000000000	35.3722346697	40.2119834854
71	10	2579019396016879642	3715343508190632273	7100068573846363645	16104402668732285700	-5527.4482421875	0.0000000000	34.9534002477	54.1566206052
36	120	10369745369462594300	15354991408888356854	13129800297596332327	14312353153942946422	-5527.4838867188	0.0000000000	44.7340004774	9.0714000725
80	20	11254879324197340454	13355927625687165021	8455991619434491409	17888690343863095160	-5527.4853515625	0.0000000000	33.5140713777	50.5334151321
109	6	8288089849152396567	16894134299124238804	7507867687956852988	14568493331919674774	-5527.4858398438	0.0000000000	20.6243130966	55.9158555384
91	92	442166951684299261	10367805946812379509	10518938829832458083	15684378289577136759	-5527.4931640625	0.0000000000	28.5273831724	28.3084940589
17	36	429853561211997818	10369745369462594300	6808124544963096344	17336460353533450036	-5527.4960937500	0.0000000000	51.2774354275	44.7462075087
16	96	12201523437214473668	14922418272091202393	6572111431182171556	15102847906494865606	-5527.5009765625	0.0000000000	51.3171301488	27.5282298366
107	101	8478510142031607734	9781730914178405044	6290250626045932137	14398618302615479375	-5527.5019531250	0.0000000000	20.9329029156	25.2864798454
86	104	2181137809313707726	16298007830431462257	7454553730784232397	9132985533063964345	-5527.5107421875	0.0000000000	30.9249871636	23.3107460226
85	11	16393214166263308105	17799708269756447471	12625671231630062695	14137892140718714667	-5527.5219726562	0.0000000000	31.4026028283	53.7534247188
81	6	3175835436065505467	16894134299124238804	4282699758420334740	6475556515903909855	-5527.5297851562	0.0000000000	33.0067107424	55.9598008509
42	101	6149821055044103313	9781730914178405044	2079811279148691059	3693668236205599749	-5527.5390625000	0.0000000000	43.0066146394	25.3235892204
101	16	9781730914178405044	12201523437214473668	3032747901867290578	7460984986637357926	-5527.5791015625	0.0000000000	25.3636282829	51.3952551488
41	102	4688636836818565261	16966479684116941053	1384940770494706604	9108366965454965752	-5527.5834960938	0.0000000000	43.0768680029	24.4224599267
81	55	3175835436065505467	11851817067206489169	10052046303523426024	15975213409287625142	-5527.5908203125	0.0000000000	33.0677458986	39.9836750282
24	65	58338521781336478	15378060113354634737	15800727715676602963	16443332469689280787	-5527.5942382812	0.0000000000	48.4743519564	35.9746394599
49	64	7823186920941671451	9696301458210436234	6371563136293202526	11954877376950134477	-5527.5957031250	0.0000000000	41.0728730224	37.1591192490
70	49	1592214687186736870	7823186920941671451	559699044174570382	6371563136293202526	-5527.5957031250	0.0000000000	35.5245784197	41.0728730224
5	103	2149484152715392458	10916844756336505972	11504672929371877915	15171718813396237806	-5527.5991210938	0.0000000000	57.8760999272	24.0381868187
10	85	3715343508190632273	16393214166263308105	6382638427138618340	17667623511207829003	-5527.6030273438	0.0000000000	54.3114057615	31.4836575158
106	30	7684204559276021956	7858847987573124453	2444636841881199316	10234873851131382950	-5527.6074218750	0.0000000000	21.3944410136	45.8921752615
79	120	2501211020233769820	15354991408888356854	3850466019457202682	15497870140809305398	-5527.6123046875	0.0000000000	34.0297844238	9.1998180413
72	37	8503372235075209266	12249581567144989954	5175666093983071974	11531164813732464811	-5527.6264648438	0.0000000000	34.9994823455	44.0936751529
109	72	8288089849152396567	8503372235075209266	5655942618322442937	18340156004467344900	-5527.6264648438	0.0000000000	20.7649380966	34.9994823455
80	105	11254879324197340454	13728310634633545021	15273608902747639737	15996999274423471650	-5527.6357421875	0.0000000000	33.6644620027	22.2297570106
105	66	13728310634633545021	18431247209864649693	7231410485164659366	11361962871768521015	-5527.6362304688	0.0000000000	22.2302452918	35.8670791480
71	45	2579019396016879642	10118968526249132794	10733754726983275257	13353378069848698609	-5527.6420898438	0.0000000000	35.1472479039	42.6590978925
36	3	10369745369462594300	14093486591111374668	7180780589736691954	8536204022466676525	-5527.6479492188	0.0000000000	44.8980629774	61.6575845544
41	42	4688636836818565261	6149821055044103313	3067373186968396486	3289388133676420463	-5527.6533203125	0.0000000000	43.1466922217	43.1208724519
86	68	2181137809313707726	13171866292654863094	3491482514983365632	12427711748351297407	-5527.6591796875	0.0000000000	31.0734246636	35.6907265850
10	110	3715343508190632273	6574353373524907807	1392877620528160719	4931163331210601064	-5527.6723632812	0.0000000000	54.3807416990	20.5371224807
46	82	7251700801891077616	13012805549261864440	1108099953100363244	3855266221905780668	-5527.6748046875	0.0000000000	42.6525238999	32.3237520530
9	38	2439594373950395860	3887235235952849394	5877865217175862695	18152798137812916189	-5527.6914062500	0.0000000000	54.8851858939	43.9357064270
114	120	15099006944303593007	15354991408888356854	2305331452906788053	6317101472832520664	-5527.6923828125	0.0000000000	17.8457079936	9.2798961663
64	104	9696301458210436234	16298007830431462257	512450098670875229	13806531658070440679	-5527.6953125000	0.0000000000	37.2587286240	23.4953163351
48	3	11384733198153311516	14093486591111374668	10474515330192994406	14162993350965145379	-5527.7099609375	0.0000000000	41.5763647113	61.7195962732
122	83	8167972712163343844	13586099871725120471	513417466815984221	16535369421682708428	-5527.7104492188	0.0000000000	7.3872418455	32.3591743954
103	82	10916844756336505972	13012805549261864440	8829750217861786009	11889344468902983162	-5527.7124023438	0.0000000000	24.1514680687	32.3613497093
41	116	4688636836818565261	14319670599260614879	9108366965454965752	17477179950560825449	-5527.7143554688	0.0000000000	43.2077273779	16.3497055761
75	108	14608757246259334758	14996368193187989284	13899370299700122626	17826314129353977425	-5527.7221679688	0.0000000000	34.6191487822	21.0038856879
44	7	13956310948762308203	15571085747497726625	8151906946189423246	15808456280673154529	-5527.7231445312	0.0000000000	42.9376450796	55.7732889482
121	11	17021626295139303671	17799708269756447471	7031269007908423982	11177733833565000676	-5527.7231445312	0.0000000000	7.7782760255	53.9545965938
47	98	11947096545996455153	18248472685024111301	14943556031824609516	16870818052553956608	-5527.7290039062	0.0000000000	41.8255938134	27.0440457090
8	33	8992346648558435547	10368442723802325466	4181753989402440847	14180917289058599629	-5527.7412109375	0.0000000000	55.6594133402	45.5107213280
109	98	8288089849152396567	18248472685024111301	687953788335195453	11691823555792398939	-5527.7456054688	0.0000000000	20.8840787216	27.0606472715
45	111	10118968526249132794	12355689472340701209	879776626257990215	17999919143726420040	-5527.7504882812	0.0000000000	42.7674963300	20.0812467783
58	105	4138555004563608843	13728310634633545021	5734282350620126693	7293113632204933748	-5527.7641601562	0.0000000000	39.8007520359	22.3581749793
87	48	5601208716039951663	11384733198153311516	10792419495017181979	16872254139228873039	-5527.8120117188	0.0000000000	30.5631343876	41.6784154926
6	121	16894134299124238804	17021626295139303671	8667544006286544459	14096759928083616309	-5527.8393554688	0.0000000000	56.2693711634	7.8944869630
101	111	9781730914178405044	12355689472340701209	112419865248479456	10004123676002652231	-5527.8491210938	0.0000000000	25.6336478141	20.1798795908
79	45	2501211020233769820	10118968526249132794	2653599956579780864	14916229910119325067	-5527.9335937500	0.0000000000	34.3510734863	42.9506017987
107	82	8478510142031607734	13012805549261864440	7709763977867903739	14359315182149508692	-5527.9360351562	0.0000000000	21.3669849468	32.5849825218
10	89	3715343508190632273	16609562587620384987	16307443326610224047	16650046616771794677	-5527.9589843750	0.0000000000	54.6673627927	29.5562587886
15	80	3773740555311062023	11254879324197340454	8185621933922413932	11326389085053408421	-5527.9804687500	0.0000000000	51.8709952457	34.0091885652
8	92	8992346648558435547	10367805946812379509	8963167173269938004	17159104344791341208	-5527.9941406250	0.0000000000	55.9123430277	28.8094706214
32	92	3303836963991646703	10367805946812379509	6296096150832864004	17159104344791341208	-5527.9941406250	0.0000000000	46.2159469612	28.8094706214
58	113	4138555004563608843	11034036556017610313	14571936174584692003	16715977340457941906	-5528.0185546875	0.0000000000	40.0551465671	19.1737622294
70	56	1592214687186736870	11357898340897756903	5635096048032761601	17172565410033306890	-5528.0341796875	0.0000000000	35.9630549822	40.2139904109
79	31	2501211020233769820	16657069432005198003	7407026322026339315	10303537480796622443	-5528.0400390625	0.0000000000	34.4575187988	46.2711294542
49	105	7823186920941671451	13728310634633545021	1289903048710825708	11361962871768521015	-5528.0458984375	0.0000000000	41.5230683349	22.6399132606
15	30	3773740555311062023	7858847987573124453	10391937083149646605	11328094643445916568	-5528.0698242188	0.0000000000	51.9603507144	46.3545776052
38	77	3887235235952849394	7437397082061112758	7624365117464901405	9782118348558010380	-5528.0825195312	0.0000000000	44.3268197083	34.5748420857
75	25	14608757246259334758	16550426852500463777	12579640441182500921	17194328770079919360	-5528.0893554688	0.0000000000	34.9863362822	48.8638675782
49	108	7823186920941671451	14996368193187989284	7831741814751712861	15121591041560118273	-5528.1005859375	0.0000000000	41.5777558349	21.3823036566
71	53	2579019396016879642	15405698928020597209	10708458166651196526	10904190339300372130	-5528.1147460938	0.0000000000	35.6199041539	41.2177557439
10	108	3715343508190632273	14996368193187989284	7879498988967882982	11766311940275570042	-5528.1162109375	0.0000000000	54.8245893552	21.3979286566
30	83	7858847987573124453	13586099871725120471	3157202525866393937	16564105399892468487	-5528.1181640625	0.0000000000	46.4029174490	32.7668892392
74	104	279844733889261352	16298007830431462257	4251013465441390084	9309204287803433045	-5528.1186523438	0.0000000000	35.1562159316	23.9186561789
72	2	8503372235075209266	13107051123224136067	10771896003928957439	15049274696413179602	-5528.1240234375	0.0000000000	35.4970409392	65.5098653214
74	11	279844733889261352	17799708269756447471	1939607206844014120	8430371234120181460	-5528.1381835938	0.0000000000	35.1757471816	54.3696356563
54	68	10494363557995427270	13171866292654863094	4383674618809918578	15153956563883403367	-5528.1499023438	0.0000000000	40.9185264542	36.1814492413
82	4	13012805549261864440	16923322824322317466	11768749550904289244	16480697180992154625	-5528.1538085938	0.0000000000	32.8027559593	58.4823186554
88	83	10084124936668487071	13586099871725120471	232161947126110382	5750756020498627516	-5528.1547851562	0.0000000000	30.6096280235	32.8035103329
67	93	303163103940296667	3242482612805492339	10382850933757868454	16906383884930917127	-5528.1665039062	0.0000000000	36.3613783615	28.7086083376
38	57	3887235235952849394	9692447327446626127	14389156847669899372	15550917589427989028	-5528.1669921875	0.0000000000	44.4112923645	40.3362686675
52	12	8242477299940831062	14938178270134821508	221417975697713222	334782803320112430	-5528.1728515625	0.0000000000	41.3661743751	52.9877075005
90	13	564253395306586288	10079227655342552495	14606180602444322622	14852626004729172169	-5528.1757812500	0.0000000000	29.5757866318	52.4301442030
42	62	6149821055044103313	7011268860006268306	10668806309579881701	14428659597765238477	-5528.1894531250	0.0000000000	43.6570052644	38.4070801617
58	89	4138555004563608843	16609562587620384987	3019887400617832598	11968652921312110435	-5528.2128906250	0.0000000000	40.2494825046	29.8101650386
99	54	3770798787649587355	10494363557995427270	7620167341670027635	15306276726958708112	-5528.2236328125	0.0000000000	26.5698890763	40.9922569229
23	64	8983620928718234954	9696301458210436234	16347286642102429761	17995126774807306386	-5528.2343750000	0.0000000000	49.7352026780	37.7977911240
35	46	1374669322539188936	7251700801891077616	10410273362450842256	12298577653523318136	-5528.2548828125	0.0000000000	45.5897795267	43.2326020249
52	4	8242477299940831062	16923322824322317466	16230783459304103174	17525113826134936825	-5528.2753906250	0.0000000000	41.4687134376	58.6039006866
84	78	2564171262913545665	14809137665620150592	18157830086215487213	18357143579566966974	-5528.2783203125	0.0000000000	32.4387575084	34.7093954262
0	121	10667474865877392284	17021626295139303671	11925166875721372173	14759543784538984149	-5528.2841796875	0.0000000000	73.3820282067	8.3393111818
73	115	541435687269551760	5083548386099259802	3492225728083266656	10879491276010832057	-5528.3217773438	0.0000000000	35.5487371220	17.8424806694
30	80	7858847987573124453	11254879324197340454	5972769677158862008	6730156509189120834	-5528.3222656250	0.0000000000	46.6070190115	34.3509854402
94	3	9222751215651972858	14093486591111374668	5871850111329490815	17367715263131501109	-5528.3559570312	0.0000000000	28.7385434160	62.3655923669
46	56	7251700801891077616	11357898340897756903	6363616036478314769	9803092993079595340	-5528.3627929688	0.0000000000	43.3405121812	40.5426036922
38	25	3887235235952849394	16550426852500463777	13914889423964181603	17556353691832139800	-5528.3696289062	0.0000000000	44.6139290833	49.1441410157
113	85	11034036556017610313	16393214166263308105	8842138193221947846	11231959180232451754	-5528.3852539062	0.0000000000	19.5404614481	32.2658840783
94	66	9222751215651972858	18431247209864649693	6861691057363516861	17259240085769925400	-5528.3974609375	0.0000000000	28.7800473222	36.6283096168
99	7	3770798787649587355	15571085747497726625	5003461714096618965	11965456897381940231	-5528.3984375000	0.0000000000	26.7446937638	56.4485819170
60	66	230773126182757894	18431247209864649693	2601503444200157205	15944913953728544134	-5528.4130859375	0.0000000000	40.2184448522	36.6439346168
1	121	10324198887431388283	17021626295139303671	11689699298977561642	16306563155461774061	-5528.4184570312	0.0000000000	68.2843452520	8.4735885255
55	111	11851817067206489169	12355689472340701209	3878427007124463278	11110227426446063475	-5528.4199218750	0.0000000000	40.8127765907	20.7506803721
42	85	6149821055044103313	16393214166263308105	2249488301312607961	15909370099639197200	-5528.4277343750	0.0000000000	43.8952865144	32.3083645471
48	27	11384733198153311516	13931414467280736271	5192662244264310643	11519491795526155944	-5528.4389648438	0.0000000000	42.3053686176	48.0799897977
84	15	2564171262913545665	3773740555311062023	103416982396766790	3684683249109665419	-5528.4775390625	0.0000000000	32.6379762584	52.3680655582
15	38	3773740555311062023	3887235235952849394	2697447282426407055	8709703310677357609	-5528.4794921875	0.0000000000	52.3700186832	44.7237923645
57	18	9692447327446626127	17473836722014595788	3647581945266100751	5721683238692155241	-5528.4829101562	0.0000000000	40.6521866363	51.6098005076
57	44	9692447327446626127	13956310948762308203	3097877514835546418	8946133184880132180	-5528.4863281250	0.0000000000	40.6556046050	43.7008286733
67	8	303163103940296667	8992346648558435547	15972798760380463481	17452323525024672189	-5528.5136718750	0.0000000000	36.7085463302	56.4318742777
79	11	2501211020233769820	17799708269756447471	2080929390918178034	11266080413526868554	-5528.5483398438	0.0000000000	34.9658195800	54.7797919063
58	45	4138555004563608843	10118968526249132794	11581870608177263029	11626624499498882253	-5528.5854492188	0.0000000000	40.6220410984	43.6024572675
8	101	8992346648558435547	9781730914178405044	7305022625067815437	13985029011396374259	-5528.6147460938	0.0000000000	56.5329484965	26.3992728141
61	88	2173314438107378563	10084124936668487071	11000370401210616744	12388000418126566592	-5528.6264648438	0.0000000000	39.8534398601	31.0813077110
91	82	442166951684299261	13012805549261864440	5290852893702132416	17186684829628432020	-5528.6313476562	0.0000000000	29.6655667661	33.2802950218
67	103	303163103940296667	10916844756336505972	6863509934264249448	13289941528532108565	-5528.6474609375	0.0000000000	36.8423353927	25.0865266624
60	113	230773126182757894	11034036556017610313	9028862044509895485	16323822888014482853	-5528.6669921875	0.0000000000	40.4723511022	19.8221997294
38	31	3887235235952849394	16657069432005198003	4418672212174140969	16342666404954215710	-5528.6704101562	0.0000000000	44.9147103333	46.9015005480
29	42	520324629128040228	6149821055044103313	372713115823025084	14320444502072576908	-5528.6757812500	0.0000000000	47.0104980409	44.1433333894
72	104	8503372235075209266	16298007830431462257	8483669845750781963	10587667551467761859	-5528.6860351562	0.0000000000	36.0590526580	24.4860389914
9	109	2439594373950395860	8288089849152396567	2048788913591690233	3204152221894417196	-5528.6938476562	0.0000000000	55.8876273001	21.8323209091
56	12	11357898340897756903	14938178270134821508	13295856997047973262	16449974955896336808	-5528.6967773438	0.0000000000	40.8765880672	53.5116332817
16	21	12201523437214473668	15016803418478563936	4811516396915032954	10329881584625866679	-5528.7065429688	0.0000000000	52.5226965551	51.1883485107
69	21	2087039987532444631	15016803418478563936	10329881584625866679	13832874095851324503	-5528.7065429688	0.0000000000	36.7202419515	51.1883485107
91	121	442166951684299261	17021626295139303671	12371713802145048937	16937454750699151529	-5528.7177734375	0.0000000000	29.7519925474	8.7729049318
71	12	2579019396016879642	14938178270134821508	1367042440775067709	16445200190017430806	-5528.7373046875	0.0000000000	36.2424627477	53.5521606255
91	11	442166951684299261	17799708269756447471	6796649122282518581	10741038781584790194	-5528.7446289062	0.0000000000	29.7788480161	54.9760809688
24	96	58338521781336478	14922418272091202393	4241911053030119140	6764825427867414987	-5528.7485351562	0.0000000000	49.6286488314	28.7757884304
22	48	3990398796172833387	11384733198153311516	8202577163194913252	13682734026475037270	-5528.7573242188	0.0000000000	50.8491096566	42.6237279926
93	28	3242482612805492339	17027433896387945395	6358906263088597732	14252290222348804011	-5528.7661132812	0.0000000000	29.3082177126	47.8481571460
41	44	4688636836818565261	13956310948762308203	3677631305881958915	4491991341629972574	-5528.8022460938	0.0000000000	44.2956180029	44.0167466421
58	108	4138555004563608843	14996368193187989284	8817716146413073418	17144491909552579843	-5528.8198242188	0.0000000000	40.8564160984	22.1015419379
37	44	12249581567144989954	13956310948762308203	3793860050752844901	4588116417196209273	-5528.8583984375	0.0000000000	45.3256087466	44.0728989858
88	6	10084124936668487071	16894134299124238804	13863248931660591021	14457055750546315849	-5528.8779296875	0.0000000000	31.3327725548	57.3079453822
12	65	14938178270134821508	15378060113354634737	5910680476790902844	16449974955896336808	-5528.8959960938	0.0000000000	53.7108520317	37.2763972724
84	101	2564171262913545665	9781730914178405044	8345337651587805482	8590058415279187714	-5528.9038085938	0.0000000000	33.0642457896	26.6883353141
3	104	14093486591111374668	16298007830431462257	6312300790620316359	7394481370071294190	-5528.9125976562	0.0000000000	62.9222329919	24.7126014914
116	6	14319670599260614879	16894134299124238804	4557428257841100666	15665640235060342762	-5528.9145507812	0.0000000000	17.5499008886	57.3445664759
63	59	1399070161628260596	2239142532014743282	5751252977088957093	14998700455399497934	-5528.9243164062	0.0000000000	38.7632063260	40.9252353461
116	119	14319670599260614879	17918245985891918390	14141853202208907283	16358533952537880750	-5528.9267578125	0.0000000000	17.5621079199	11.2144855263
61	20	2173314438107378563	13355927625687165021	7164977103562116481	11985733645517667280	-5528.9497070312	0.0000000000	40.1766820476	51.9977706008
75	120	14608757246259334758	15354991408888356854	1193201401656558504	7552397254726919242	-5528.9721679688	0.0000000000	35.8691487822	10.5596813225
106	89	7684204559276021956	16609562587620384987	8894802953335640566	17158545411634389802	-5528.9951171875	0.0000000000	22.7821363261	30.5923916011
71	47	2579019396016879642	11947096545996455153	2070809401633983787	4665600731011947550	-5528.9990234375	0.0000000000	36.5041814977	43.0956133447
34	6	14097627609532728280	16894134299124238804	5339943385134786742	11062635997506913689	-5529.0131835938	0.0000000000	46.5362849830	57.4431992884
9	94	2439594373950395860	9222751215651972858	712363674442832085	12039140818354484399	-5529.0224609375	0.0000000000	56.2162405814	29.4050473222
91	120	442166951684299261	15354991408888356854	3911592213213559146	11269492140723475441	-5529.0244140625	0.0000000000	30.0586331724	10.6119274163
117	77	5946235283944295470	7437397082061112758	8178904836055387911	13539881312609738918	-5529.0415039062	0.0000000000	17.2749105016	35.5338264607
55	12	11851817067206489169	14938178270134821508	3976822911834113974	7665320578773229682	-5529.0727539062	0.0000000000	41.4656086219	53.8876098442
71	72	2579019396016879642	8503372235075209266	15156775062184454899	15157648806469972766	-5529.0942382812	0.0000000000	36.5993963414	36.4672557830
17	109	429853561211997818	8288089849152396567	4857543373410316431	11854807607177189608	-5529.1289062500	0.0000000000	52.9102479275	22.2673795028
69	106	2087039987532444631	7684204559276021956	3357578685652922108	4798203942392725210	-5529.1289062500	0.0000000000	37.1426052328	22.9159253886
60	78	230773126182757894	14809137665620150592	9467484471622051880	17596119401052658569	-5529.1318359375	0.0000000000	40.9371948522	35.5629110512
79	114	2501211020233769820	15099006944303593007	1504782475283684188	6317101472832520664	-5529.1352539062	0.0000000000	35.5527336425	19.2885790874
77	43	7437397082061112758	9188283139325803671	14874900664285826687	15291408436516784189	-5529.1464843750	0.0000000000	35.6388069294	44.3935260713
74	46	279844733889261352	7251700801891077616	15959959630969101383	15961237027120513357	-5529.1660156250	0.0000000000	36.2035792129	44.1437348374
58	101	4138555004563608843	9781730914178405044	232513513860121504	7994200128183219107	-5529.1665039062	0.0000000000	41.2030957859	26.9510306266
101	3	9781730914178405044	14093486591111374668	7994200128183219107	9129380957358654754	-5529.1665039062	0.0000000000	26.9510306266	63.1761392419
106	11	7684204559276021956	17799708269756447471	3178577325749596915	3487552339668872178	-5529.1835937500	0.0000000000	22.9706128886	55.4150458125
5	115	2149484152715392458	5083548386099259802	12163033780182673625	13056012909657688879	-5529.1899414062	0.0000000000	59.4669202397	18.7106447319
59	53	2239142532014743282	15405698928020597209	6603070623686643681	6783612094947001888	-5529.2001953125	0.0000000000	41.2011142523	42.3032049627
59	75	2239142532014743282	14608757246259334758	6603070623686643681	11280235166124107346	-5529.2001953125	0.0000000000	41.2011142523	36.0971761259
19	52	7692821074440121912	8242477299940831062	3125946059773789626	18308121235711463287	-5529.2036132812	0.0000000000	52.2686755408	42.3969360939
30	52	7858847987573124453	8242477299940831062	4994446306207001096	13925943814538823341	-5529.2451171875	0.0000000000	47.5298705740	42.4384400001
23	36	8983620928718234954	10369745369462594300	1229568213209051253	18378514532955515123	-5529.2739257812	0.0000000000	50.7747534593	46.5240395399
120	98	15354991408888356854	18248472685024111301	1598807862908632456	12641094242734050620	-5529.2768554688	0.0000000000	10.8643688225	28.5918972715
9	103	2439594373950395860	10916844756336505972	6891150981392013048	12896564092483175153	-5529.2861328125	0.0000000000	56.4799124564	25.7251985374
103	68	10916844756336505972	13171866292654863094	6891150981392013048	11119931297779880372	-5529.2861328125	0.0000000000	25.7251985374	37.3176797100
82	20	13012805549261864440	13355927625687165021	9604638690553523776	10504540272626881581	-5529.2968750000	0.0000000000	33.9458223655	52.3449385696
109	113	8288089849152396567	11034036556017610313	142816988356872161	16324145900739615563	-5529.2983398438	0.0000000000	22.4368130966	20.4535473856
15	104	3773740555311062023	16298007830431462257	1360165165768163206	2156459294822677399	-5529.3012695312	0.0000000000	53.1917960269	25.1012733664
92	37	10367805946812379509	12249581567144989954	1747607322504641526	3508378347459287845	-5529.3125000000	0.0000000000	30.1278299964	45.7797103091
104	66	16298007830431462257	18431247209864649693	11648562871635003852	12156199097943206778	-5529.3364257812	0.0000000000	25.1364296164	37.5672744605
8	114	8992346648558435547	15099006944303593007	17466042757761804595	17973270005404866364	-5529.3642578125	0.0000000000	57.2824602152	19.5175829936
38	62	3887235235952849394	7011268860006268306	6464553195517666438	13173126356123073809	-5529.3696289062	0.0000000000	45.6139290833	39.5872559429
71	8	2579019396016879642	8992346648558435547	1844737220172501701	11991750828882666047	-5529.3803710938	0.0000000000	36.8855291539	57.2985734965
79	33	2501211020233769820	10368442723802325466	4388087971981644822	17378181898912313699	-5529.3818359375	0.0000000000	35.7993156738	47.1513463280
14	27	12938275795804049604	13931414467280736271	6810350469831863325	7481524895339771308	-5529.3837890625	0.0000000000	53.5330889995	49.0248140165
16	108	12201523437214473668	14996368193187989284	4962586467596773089	12420302696854032411	-5529.4018554688	0.0000000000	53.2180090551	22.6835731879
110	16	6574353373524907807	12201523437214473668	3986226612522836381	14360269165415300044	-5529.4140625000	0.0000000000	22.2788216995	53.2302160863
96	66	14922418272091202393	18431247209864649693	4883156359333040593	15271610650432746650	-5529.4194335938	0.0000000000	29.4466868679	37.6502822730
2	121	13107051123224136067	17021626295139303671	3494108002841717948	5537145154262288654	-5529.4248046875	0.0000000000	66.8106465714	9.4799361818
118	108	5342875789511471951	14996368193187989284	16449030289438883639	17369603084683238183	-5529.4257812500	0.0000000000	15.7530915457	22.7074989691
109	53	8288089849152396567	15405698928020597209	8983127116514134758	8998262089139407993	-5529.4497070312	0.0000000000	22.5881802841	42.5527166814
91	85	442166951684299261	16393214166263308105	2982105484293522923	8278945864493278078	-5529.4580078125	0.0000000000	30.4922269224	33.3386379846
60	18	230773126182757894	17473836722014595788	6189232489625152369	6728062701080692278	-5529.4916992188	0.0000000000	41.2970581334	52.6185895701
91	48	442166951684299261	11384733198153311516	11974463805781685859	15408064232819169786	-5529.4951171875	0.0000000000	30.5293362974	43.3615209613
3	114	14093486591111374668	15099006944303593007	348428470563970352	7117459507845130952	-5529.5039062500	0.0000000000	63.5135415857	19.6572314311
22	30	3990398796172833387	7858847987573124453	10934565095396513631	13601046260391144508	-5529.5395507812	0.0000000000	51.6313362191	47.8243041677
82	108	13012805549261864440	14996368193187989284	5290852893702132416	13812400774689051013	-5529.5498046875	0.0000000000	34.1987520530	22.8315224066
19	28	7692821074440121912	17027433896387945395	77151103969696947	5182086023468775839	-5529.5595703125	0.0000000000	52.6246325721	48.6416141773
26	21	167167149883495741	15016803418478563936	6064211350534017889	6453087368946064840	-5529.5620117188	0.0000000000	50.2465424310	52.0438172607
118	0	5342875789511471951	10667474865877392284	6977564382267534114	15640174108096584963	-5529.5639648438	0.0000000000	15.8912751394	74.6618133629
74	79	279844733889261352	2501211020233769820	7582671977293089616	13056106086191279385	-5529.5693359375	0.0000000000	36.6068995254	35.9868156738
50	31	15516788000137984293	16657069432005198003	5484293710713408633	9210741427244398064	-5529.5703125000	0.0000000000	42.8207915996	47.8014028917
36	55	10369745369462594300	11851817067206489169	7404989667472123441	16055697263045262519	-5529.5781250000	0.0000000000	46.8282387587	41.9709797157
77	102	7437397082061112758	16966479684116941053	6048695499129692401	11816294130365219018	-5529.5893554688	0.0000000000	36.0816780232	26.4283193017
9	81	2439594373950395860	3175835436065505467	1910720425362756974	3228065265203465470	-5529.6157226562	0.0000000000	56.8095023001	35.0926482424
29	120	520324629128040228	15354991408888356854	525472800551469864	6775991667899133694	-5529.6166992188	0.0000000000	47.9514160097	11.2042125725
84	32	2564171262913545665	3303836963991646703	4008588220206984560	9913181625848003242	-5529.6215820312	0.0000000000	33.7820192271	47.8433883675
46	25	7251700801891077616	16550426852500463777	10958072772596900210	12507775124264879889	-5529.6333007812	0.0000000000	44.6110199937	50.4078128907
38	53	3887235235952849394	15405698928020597209	6883990333941252159	12976943847631880769	-5529.6494140625	0.0000000000	45.8937142395	42.7524237127
32	30	3303836963991646703	7858847987573124453	5746801871667978901	16640364710384474467	-5529.6552734375	0.0000000000	47.8770797737	47.9400268240
82	119	13012805549261864440	17918245985891918390	2599190648330424132	18250425854834913733	-5529.6557617188	0.0000000000	34.3047090843	11.9434894326
17	56	429853561211997818	11357898340897756903	10578530673157817760	16054646276676259968	-5529.6704101562	0.0000000000	53.4517518338	41.8502208797
5	114	2149484152715392458	15099006944303593007	1639975509690221465	2207718041075950159	-5529.6708984375	0.0000000000	59.9478772710	19.8242236186
114	11	15099006944303593007	17799708269756447471	1639975509690221465	12705804992116030090	-5529.6708984375	0.0000000000	19.8242236186	55.9023505000
26	56	167167149883495741	11357898340897756903	14036313769594906957	15816041815080334160	-5529.6850585938	0.0000000000	50.3695893060	41.8648693172
91	5	442166951684299261	2149484152715392458	319393143237912322	13605089472780050931	-5529.6865234375	0.0000000000	30.7207425474	59.9635022710
30	45	7858847987573124453	10118968526249132794	672841134190109240	4273805298765425635	-5529.6870117188	0.0000000000	47.9717651052	44.7040197675
24	8	58338521781336478	8992346648558435547	7992617919108790241	9542486161034287188	-5529.6904296875	0.0000000000	50.5705433626	57.6086320902
1	119	10324198887431388283	17918245985891918390	2599190648330424132	13817509662122625117	-5529.6967773438	0.0000000000	69.5626655645	11.9845050576
1	103	10324198887431388283	10916844756336505972	2122879891876254117	16952234674817033855	-5529.6982421875	0.0000000000	69.5641304083	26.1373079124
99	55	3770798787649587355	11851817067206489169	497246448820191985	9980362153887447868	-5529.7187500000	0.0000000000	28.0650062638	42.1116047157
107	36	8478510142031607734	10369745369462594300	8369078609155195147	10349216663256878437	-5529.7553710938	0.0000000000	23.1863208843	47.0054848524
49	12	7823186920941671451	14938178270134821508	8105910445342843452	9546746350572427262	-5529.7597656250	0.0000000000	43.2369355224	54.5746215630
93	57	3242482612805492339	9692447327446626127	6678561548616300714	15029692130777485171	-5529.8002929688	0.0000000000	30.3423974001	41.9695694488
47	27	11947096545996455153	13931414467280736271	10353303831416758718	15015236195628725375	-5529.8149414062	0.0000000000	43.9115313134	49.4559663602
71	119	2579019396016879642	17918245985891918390	4020895195190230412	8662408537658121077	-5529.8193359375	0.0000000000	37.3244939977	12.1070636513
92	4	10367805946812379509	16923322824322317466	5904102094402650413	15605217087625667036	-5529.8354492188	0.0000000000	30.6507792151	60.1639592804
14	108	12938275795804049604	14996368193187989284	7932177768936510777	17019511584002041832	-5529.8447265625	0.0000000000	53.9940264995	23.1264442816
97	108	5828997022151569970	14996368193187989284	9630294932480651117	17019511584002041832	-5529.8447265625	0.0000000000	29.5858167113	23.1264442816
0	98	10667474865877392284	18248472685024111301	1498576283858068403	12223174459830888933	-5529.8461914062	0.0000000000	74.9440399254	29.1612332090
14	21	12938275795804049604	15016803418478563936	7498928967740638405	13902660830406434008	-5529.8491210938	0.0000000000	53.9984210307	52.3309266357
74	16	279844733889261352	12201523437214473668	160405230565192731	12847676537662478366	-5529.8496093750	0.0000000000	36.8871729629	53.6657629613
64	37	9696301458210436234	12249581567144989954	7954040301358727683	11689518058892973516	-5529.8535156250	0.0000000000	39.4169317490	46.3207259341
72	14	8503372235075209266	12938275795804049604	1782728938466127297	2692200607957552103	-5529.8569335938	0.0000000000	37.2299510955	54.0062335307
81	96	3175835436065505467	14922418272091202393	2667763781126983599	3567725882738885210	-5529.8671875000	0.0000000000	35.3441130861	29.8944407741
94	2	9222751215651972858	13107051123224136067	3368272774535545949	13052558767833416353	-5529.8950195312	0.0000000000	30.2776059160	67.2808614151
70	101	1592214687186736870	9781730914178405044	3741260188399302825	4096780909333837908	-5529.8994140625	0.0000000000	37.8282893572	27.6839407829
32	21	3303836963991646703	15016803418478563936	1010348624905484236	5278345072960834355	-5529.9023437500	0.0000000000	48.1241500862	52.3841492920
9	55	2439594373950395860	11851817067206489169	1885618643303218213	4496985357315672730	-5529.9213867188	0.0000000000	57.1151663626	42.3142414344
29	114	520324629128040228	15099006944303593007	17485621011035262324	17717934460430172734	-5529.9326171875	0.0000000000	48.2673339784	20.0859423686
94	6	9222751215651972858	16894134299124238804	4466474100625192819	12078758442891508558	-5529.9438476562	0.0000000000	30.3264340410	58.3738633509
26	55	167167149883495741	11851817067206489169	10888330823236505053	17427911439378828345	-5529.9462890625	0.0000000000	50.6308197748	42.3391437782
71	83	2579019396016879642	13586099871725120471	3653597593860271063	10733754726983275257	-5529.9770507812	0.0000000000	37.4822088414	34.6257759579
42	12	6149821055044103313	14938178270134821508	4665084701373139082	9338721850549767195	-5529.9799804688	0.0000000000	45.4475326082	54.7948364067
9	71	2439594373950395860	2579019396016879642	7335911827104177911	15834330337803239692	-5529.9833984375	0.0000000000	57.1771780814	37.4885564977
30	25	7858847987573124453	16550426852500463777	3254348987483945723	11083724283336285449	-5529.9838867188	0.0000000000	48.2686401052	50.7583988282
76	27	2747588696662623730	13931414467280736271	3528248084838668909	11818366158055011510	-5529.9985351562	0.0000000000	36.5138047048	49.6395601102
15	77	3773740555311062023	7437397082061112758	6506362699084849364	15708758638896459461	-5529.9995117188	0.0000000000	53.8900382144	36.4918342732
67	87	303163103940296667	5601208716039951663	10782687192295807742	16346669621589012252	-5530.0014648438	0.0000000000	38.1963392990	32.7525875126
77	85	7437397082061112758	16393214166263308105	11020214307419930661	17788649907155693588	-5530.0400390625	0.0000000000	36.5323616169	33.9206692346
27	75	13931414467280736271	14608757246259334758	3848424234607937073	12338530523233905921	-5530.0419921875	0.0000000000	49.6830171415	36.9389730009
46	44	7251700801891077616	13956310948762308203	7862988180775309117	14606033651426519658	-5530.0722656250	0.0000000000	45.0499848374	45.2867661733
70	23	1592214687186736870	8983620928718234954	9160191758522425754	13140038972975390136	-5530.0786132812	0.0000000000	38.0074885759	51.5794409593
114	104	15099006944303593007	16298007830431462257	2753895516041983123	9322695138061747431	-5530.0893554688	0.0000000000	20.2426806499	25.8893593039
26	2	167167149883495741	13107051123224136067	6997471962580945967	7048480170056578744	-5530.1030273438	0.0000000000	50.7875580560	67.4888692276
77	49	7437397082061112758	7823186920941671451	1856516314694169588	8398562433472620937	-5530.1069335938	0.0000000000	36.5992561482	43.5841034911
81	31	3175835436065505467	16657069432005198003	662502894828047125	13938728587274869778	-5530.1210937500	0.0000000000	35.5980193361	48.3521841417
9	58	2439594373950395860	4138555004563608843	12583422807120441773	15893210792734682670	-5530.1342773438	0.0000000000	57.3280569876	42.1708692234
26	78	167167149883495741	14809137665620150592	5250110046302424350	10094369883085599628	-5530.1596679688	0.0000000000	50.8441986810	36.5907430825
24	99	58338521781336478	3770798787649587355	1639461036203866698	11864489639951124713	-5530.1767578125	0.0000000000	51.0568714876	28.5230140763
58	20	4138555004563608843	13355927625687165021	4407092187777006566	14421556708266058874	-5530.1791992188	0.0000000000	42.2157910984	53.2272627883
77	108	7437397082061112758	14996368193187989284	9155901978345149261	14257489351900287751	-5530.1923828125	0.0000000000	36.6847053669	23.4741005316
70	98	1592214687186736870	18248472685024111301	7709543211427907783	12627392110380415858	-5530.1967773438	0.0000000000	38.1256526384	29.5118191465
103	27	10916844756336505972	13931414467280736271	6196801346904490834	9025986055180045339	-5530.2001953125	0.0000000000	26.6392610374	49.8412202665
58	119	4138555004563608843	17918245985891918390	1252708245689282472	11585729300728734224	-5530.2138671875	0.0000000000	42.2504590671	12.5015949013
32	78	3303836963991646703	14809137665620150592	5250110046302424350	14536095254920990382	-5530.2275390625	0.0000000000	48.4493453987	36.6586141762
36	27	10369745369462594300	13931414467280736271	10078409168011970492	14330301420724685388	-5530.2402343750	0.0000000000	47.4903481337	49.8812593290
91	19	442166951684299261	7692821074440121912	97071020218814627	2982105484293522923	-5530.2500000000	0.0000000000	31.2842191099	53.3150622596
111	4	12355689472340701209	16923322824322317466	11744471633710931525	12746509595964542245	-5530.2651367188	0.0000000000	22.5958952158	60.5936467804
29	39	520324629128040228	8936177091956132308	5865814364950325866	13204519047045002280	-5530.2685546875	0.0000000000	48.6032714784	46.4908337086
70	51	1592214687186736870	3374397758373242900	6457295501728533605	11339553354299059854	-5530.2807617188	0.0000000000	38.2096370134	43.5051137724
38	103	3887235235952849394	10916844756336505972	1981208990252016907	15580790793610095143	-5530.2978515625	0.0000000000	46.5421517395	26.7369172874
5	108	2149484152715392458	14996368193187989284	6412787772970087545	18079396354065261281	-5530.3002929688	0.0000000000	60.5772718022	23.5820106879
26	74	167167149883495741	279844733889261352	4098761616428462304	10767986579647403438	-5530.3076171875	0.0000000000	50.9921478998	37.3451807754
68	4	13171866292654863094	16923322824322317466	4204572172619209806	15223110285038525451	-5530.3242187500	0.0000000000	38.3557656475	60.6527288116
69	82	2087039987532444631	13012805549261864440	2417394698594941116	3826609866295521689	-5530.3378906250	0.0000000000	38.3515896078	34.9868379905
49	30	7823186920941671451	7858847987573124453	1955643306848390114	10375597328541402430	-5530.3383789062	0.0000000000	43.8155488036	48.6231322927
26	84	167167149883495741	2564171262913545665	16650609107242676388	17068444609738688184	-5530.3593750000	0.0000000000	51.0439057123	34.5198121959
58	66	4138555004563608843	18431247209864649693	2117074058196140223	18164321368794246482	-5530.3666992188	0.0000000000	42.4032910984	38.5975478980
90	52	564253395306586288	8242477299940831062	4370934478136847615	10124827847018990295	-5530.3793945312	0.0000000000	31.7793999131	43.5727173439
48	55	11384733198153311516	11851817067206489169	564432163575224320	7217866955022063043	-5530.3798828125	0.0000000000	44.2462865863	42.7727375282
48	25	11384733198153311516	16550426852500463777	13637968237642651841	16612227837598537141	-5530.4130859375	0.0000000000	44.2794897113	51.1875980469
95	49	1269677664921442142	7823186920941671451	189740836257929464	15711045477695725530	-5530.4174804688	0.0000000000	30.5884976186	43.8946503661
22	40	3990398796172833387	15633704558089027375	7511665247627623950	13221484990526240063	-5530.4238281250	0.0000000000	52.5156135629	46.6388369850
48	47	11384733198153311516	11947096545996455153	5610095442380226991	14206049055993565689	-5530.4331054688	0.0000000000	44.2995092426	44.5296953759
93	7	3242482612805492339	15571085747497726625	370305848197913566	15167836170743623598	-5530.4375000000	0.0000000000	30.9796044314	58.4876444170
86	53	2181137809313707726	15405698928020597209	11173939601329746879	15007575917058411207	-5530.4565429688	0.0000000000	33.8707879448	43.5595526189
100	4	3742391230315232177	16923322824322317466	5339874917895445869	18047938378151323691	-5530.4599609375	0.0000000000	28.6387041874	60.7884709991
12	25	14938178270134821508	16550426852500463777	8585701844933469936	16621313015508226566	-5530.4687500000	0.0000000000	55.2836059380	51.2432621094
22	80	3990398796172833387	11254879324197340454	7733497346632246029	12460355914981432266	-5530.4726562500	0.0000000000	52.5644416879	36.5013760652
90	4	564253395306586288	16923322824322317466	3557753487467578738	15540624191569709137	-5530.4916992188	0.0000000000	31.8917046006	60.8202092804
86	3	2181137809313707726	14093486591111374668	16506382619012260146	18155060157236975778	-5530.4970703125	0.0000000000	33.9113152886	64.5067056482
30	101	7858847987573124453	9781730914178405044	5947318148322004715	7572268272701654395	-5530.5058593750	0.0000000000	48.7906127615	28.2903860954
69	93	2087039987532444631	3242482612805492339	12426363646883876078	14529288382292332580	-5530.5161132812	0.0000000000	38.5298122640	31.0582177126
49	65	7823186920941671451	15378060113354634737	4283115740828031207	13744204935428109110	-5530.5356445312	0.0000000000	44.0128144286	38.9160457099
82	98	13012805549261864440	18248472685024111301	12578234592075492028	15610744029167814241	-5530.5468750000	0.0000000000	35.1958223655	29.8619168028
73	53	541435687269551760	15405698928020597209	962338699288133212	4663128385566104334	-5530.5605468750	0.0000000000	37.7875066533	43.6635565252
77	31	7437397082061112758	16657069432005198003	5047750671180227153	16067932116091241818	-5530.6064453125	0.0000000000	37.0987678669	48.8375357042
87	45	5601208716039951663	10118968526249132794	380309889817338196	1090753656217326037	-5530.6469726562	0.0000000000	33.3980953251	45.6639807050
64	80	9696301458210436234	11254879324197340454	5083584089499320903	10104319326946194327	-5530.6518554688	0.0000000000	40.2152715927	36.6805752840
15	44	3773740555311062023	13956310948762308203	10320296247244590128	10391937083149646605	-5530.6528320312	0.0000000000	54.5433585269	45.8673325796
115	20	5083548386099259802	13355927625687165021	8770828193661254053	13405611822346974577	-5530.6572265625	0.0000000000	20.1779298882	53.7052901321
38	37	3887235235952849394	12249581567144989954	133729916721347895	12098111214320760800	-5530.6625976562	0.0000000000	46.9068978333	47.1298079654
26	58	167167149883495741	4138555004563608843	3616759097551947626	13901087846709849197	-5530.6782226562	0.0000000000	51.3627533685	42.7148145359
23	44	8983620928718234954	13956310948762308203	11736186725558480299	11919355547974496480	-5530.6967773438	0.0000000000	52.1976050218	45.9112778921
38	68	3887235235952849394	13171866292654863094	7077581303603873521	14150006685966187040	-5530.7036132812	0.0000000000	46.9479134583	38.7351601788
112	83	11111376794004924671	13586099871725120471	13005494045946512504	17442938656716836697	-5530.7114257812	0.0000000000	22.6030789264	35.3601509579
24	50	58338521781336478	15516788000137984293	4514633307991367743	11034531404498149020	-5530.7172851562	0.0000000000	51.5973988314	43.9677642559
41	27	4688636836818565261	13931414467280736271	2883017537726008840	12092319604736698163	-5530.7226562500	0.0000000000	46.2160281592	50.3636812040
110	78	6574353373524907807	14809137665620150592	5782432453458352683	17254471318742421339	-5530.7270507812	0.0000000000	23.5918099807	37.1581258950
61	99	2173314438107378563	3770798787649587355	6574313928208333088	17963035114138298318	-5530.7290039062	0.0000000000	41.9559789226	29.0752601700
106	1	7684204559276021956	10324198887431388283	10848565686033703071	16663926471444664599	-5530.7343750000	0.0000000000	24.5213941386	70.6002632208
58	112	4138555004563608843	11111376794004924671	15474458835939897443	17442938656716836697	-5530.7363281250	0.0000000000	42.7729200046	22.6279812701
26	50	167167149883495741	15516788000137984293	12363610319124438458	17017860229570733999	-5530.7558593750	0.0000000000	51.4403900873	44.0063384746
42	31	6149821055044103313	16657069432005198003	3510466073872969651	4265520334926674626	-5530.7636718750	0.0000000000	46.2312240144	48.9947622667
26	5	167167149883495741	2149484152715392458	3890757138783747419	15202292165341426838	-5530.7714843750	0.0000000000	51.4560150873	61.0484632085
16	89	12201523437214473668	16609562587620384987	5159290015832370623	11428145939971658369	-5530.8002929688	0.0000000000	54.6164465551	32.3975673823
93	64	3242482612805492339	9696301458210436234	4465920563121622356	15509996572850447708	-5530.8496093750	0.0000000000	31.3917138064	40.4130254990
65	85	15378060113354634737	16393214166263308105	11002266403668298331	16542297495575250820	-5530.8535156250	0.0000000000	39.2339168036	34.7341457971
82	116	13012805549261864440	14319670599260614879	8410519325578918481	12091760442937626007	-5530.8564453125	0.0000000000	35.5053926780	19.4917954199
75	66	14608757246259334758	18431247209864649693	8260113740962269844	16046121979115176235	-5530.8598632812	0.0000000000	37.7568440947	39.0907119605
32	10	3303836963991646703	3715343508190632273	7020237120581515881	17286928998856009565	-5530.8720703125	0.0000000000	49.0938766487	57.5804487302
13	103	10079227655342552495	10916844756336505972	12294682608009333737	15763433595664281324	-5530.8886718750	0.0000000000	55.1430348280	27.3277375999
48	108	11384733198153311516	14996368193187989284	1756393195342145920	4185307320097758363	-5530.9072265625	0.0000000000	44.7736303363	24.1889442816
79	84	2501211020233769820	2564171262913545665	6097632651327521169	13134411798307921537	-5530.9301757812	0.0000000000	37.3476555175	35.0906129771
106	66	7684204559276021956	18431247209864649693	8638670384748380003	9934685774730132802	-5530.9340820312	0.0000000000	24.7211011698	39.1649307105
93	8	3242482612805492339	8992346648558435547	63446192049795854	13490325685583567206	-5530.9409179688	0.0000000000	31.4830224001	58.8591203715
63	80	1399070161628260596	11254879324197340454	3090771201666708545	11868943232136615772	-5530.9482421875	0.0000000000	40.7871321072	36.9769620027
29	108	520324629128040228	14996368193187989284	8822727731518322490	10293571629539630545	-5530.9560546875	0.0000000000	49.2907714784	24.2377724066
38	106	3887235235952849394	7684204559276021956	8287438832358863993	10234873851131382950	-5530.9565429688	0.0000000000	47.2008431458	24.7435621073
72	44	8503372235075209266	13956310948762308203	609800080063200037	3454502367134249684	-5530.9702148438	0.0000000000	38.3432323455	46.1847153921
95	38	1269677664921442142	3887235235952849394	204803117353522967	16082187566195156618	-5530.9794921875	0.0000000000	31.1505093373	47.2237923645
71	38	2579019396016879642	3887235235952849394	5373555153403771981	11912419283496969578	-5530.9809570312	0.0000000000	38.4861150914	47.2252572083
113	2	11034036556017610313	13107051123224136067	9616865870814429852	17412885880255421088	-5530.9833984375	0.0000000000	22.1386059794	68.3692403214
9	75	2439594373950395860	14608757246259334758	8266513260318609672	15074022640268999680	-5530.9873046875	0.0000000000	58.1810843314	37.8842855009
45	27	10118968526249132794	13931414467280736271	10353610297296895105	11794719605671507412	-5531.0004882812	0.0000000000	46.0174963300	50.6415132352
79	117	2501211020233769820	5946235283944295470	297030828943612808	9925100252797060533	-5531.0024414062	0.0000000000	37.4199211425	19.2358480016
16	65	12201523437214473668	15378060113354634737	9064203274958705497	13744204935428109110	-5531.0537109375	0.0000000000	54.8698645238	39.4341121161
108	7	14996368193187989284	15571085747497726625	10720520380811636819	14382208887611942804	-5531.0585937500	0.0000000000	24.3403114691	59.1087381670
109	25	8288089849152396567	16550426852500463777	5552157845733624912	9502258492785356001	-5531.0761718750	0.0000000000	24.2146451278	51.8506839844
95	98	1269677664921442142	18248472685024111301	5191009012636922237	5304179318741670330	-5531.0854492188	0.0000000000	31.2564663686	30.4004910215
49	34	7823186920941671451	14097627609532728280	632864087423060951	5884968966321252696	-5531.0981445312	0.0000000000	44.5753144286	48.6212459205
41	39	4688636836818565261	8936177091956132308	901951321641964990	2368068506998568090	-5531.1103515625	0.0000000000	46.6037234717	47.3326305836
30	6	7858847987573124453	16894134299124238804	9723261271369130239	17777468923859870456	-5531.1250000000	0.0000000000	49.4097533865	59.5550156947
42	36	6149821055044103313	10369745369462594300	13201265220235569774	17907417415357766565	-5531.1586914062	0.0000000000	46.6262435457	48.4088051649
57	56	9692447327446626127	11357898340897756903	5956906046541759438	9548258882074857824	-5531.1689453125	0.0000000000	43.3382217925	43.3487560359
79	13	2501211020233769820	10079227655342552495	10085638345934854290	14225584053285344788	-5531.1787109375	0.0000000000	37.5961906738	55.4330738905
35	61	1374669322539188936	2173314438107378563	9747076833568685730	16025528360336906568	-5531.2148437500	0.0000000000	48.5497404642	42.4418187663
39	120	8936177091956132308	15354991408888356854	12618926001232027722	15417168493604110000	-5531.2236328125	0.0000000000	47.4459118336	12.8111461663
57	16	9692447327446626127	12201523437214473668	9254055018658027264	13588083975266242559	-5531.2246093750	0.0000000000	43.3938858550	55.0407629613
54	28	10494363557995427270	17027433896387945395	13632870015363397979	17008073126106681059	-5531.2309570312	0.0000000000	43.9995811417	50.3130008960
75	31	14608757246259334758	16657069432005198003	1527164768117577858	7258255094741357798	-5531.2470703125	0.0000000000	38.1440511259	49.4781607042
10	101	3715343508190632273	9781730914178405044	648620714236127157	8748491771094805657	-5531.2495117188	0.0000000000	57.9578901365	29.0340384391
23	20	8983620928718234954	13355927625687165021	1208413917863999161	9579594816223153681	-5531.2558593750	0.0000000000	52.7566870530	54.3039229446
26	20	167167149883495741	13355927625687165021	1208413917863999161	12851158547153064020	-5531.2558593750	0.0000000000	51.9403900873	54.3039229446
43	44	9188283139325803671	13956310948762308203	2935463268476873711	8394916198308366250	-5531.2690429688	0.0000000000	46.5160846650	46.4835435171
64	31	9696301458210436234	16657069432005198003	9532919658718011433	11168825322699362377	-5531.2753906250	0.0000000000	40.8388067490	49.5064810167
5	85	2149484152715392458	16393214166263308105	888759194274605171	16024148748771599470	-5531.2797851562	0.0000000000	61.5567639897	35.1604153283
90	116	564253395306586288	14319670599260614879	9263289429804298938	14814463703456267026	-5531.2919921875	0.0000000000	32.6919975693	19.9273422949
109	36	8288089849152396567	10369745369462594300	863715474475570221	17407366693705164916	-5531.3100585938	0.0000000000	24.4485318466	48.5601723524
42	43	6149821055044103313	9188283139325803671	5815337846309522380	7358857881661786373	-5531.3203125000	0.0000000000	46.7878646394	46.5673541963
56	34	11357898340897756903	14097627609532728280	2844096440171693760	8261600209831801093	-5531.3261718750	0.0000000000	43.5059825984	48.8492732643
35	80	1374669322539188936	11254879324197340454	76770588090774246	450825963406307502	-5531.3325195312	0.0000000000	48.6674162455	37.3612393465
93	56	3242482612805492339	11357898340897756903	2744681730773116430	14667361330064341997	-5531.3325195312	0.0000000000	31.8746239626	43.5123302547
110	75	6574353373524907807	14608757246259334758	4209987312558528958	14451153900479339150	-5531.3413085938	0.0000000000	24.2060677932	38.2382894072
110	13	6574353373524907807	10079227655342552495	11149088706053286034	12340034625706323820	-5531.3437500000	0.0000000000	24.2085091995	55.5981129530
53	66	15405698928020597209	18431247209864649693	3656730700280590454	14437325570501859652	-5531.3588867188	0.0000000000	44.4618963689	39.5897353980
26	68	167167149883495741	13171866292654863094	2263507958254321261	9696390706317878329	-5531.3642578125	0.0000000000	52.0487885248	39.3958047100
58	64	4138555004563608843	9696301458210436234	5642534626863793478	14608087045511730008	-5531.3681640625	0.0000000000	43.4047559421	40.9315801865
48	20	11384733198153311516	13355927625687165021	3598714605173233306	17136616048357774877	-5531.3686523438	0.0000000000	45.2350561176	54.4167159133
91	99	442166951684299261	3770798787649587355	4286680215440931481	13072662963939798562	-5531.3715820312	0.0000000000	32.4058011411	29.7178382950
45	82	10118968526249132794	13012805549261864440	11834334839496732752	17937352307408048997	-5531.3774414062	0.0000000000	46.3944494550	36.0263887718
87	25	5601208716039951663	16550426852500463777	10015313964885409570	18015104922991342647	-5531.3798828125	0.0000000000	34.1310054813	52.1543949219
51	45	3374397758373242900	10118968526249132794	3657977955212741970	10293138650807926687	-5531.3881835938	0.0000000000	44.6125356474	46.4051916425
9	50	2439594373950395860	15516788000137984293	11904437611217394439	13373867462283421169	-5531.3984375000	0.0000000000	58.5922171439	44.6489165996
8	120	8992346648558435547	15354991408888356854	8543885964613922545	18162182600327821148	-5531.4116210938	0.0000000000	59.3298234965	12.9991344475
24	58	58338521781336478	4138555004563608843	6244113014920347441	7423673798780167670	-5531.4277343750	0.0000000000	52.3078480501	43.4643262546
19	49	7692821074440121912	7823186920941671451	16449230231315890086	17525048748731984032	-5531.4624023438	0.0000000000	54.5274646033	44.9395722411
122	102	8167972712163343844	16966479684116941053	5653308878882119130	15712433035100367416	-5531.4765625000	0.0000000000	11.1533551267	28.3155263329
91	9	442166951684299261	2439594373950395860	12548550913237868296	18351140164456182601	-5531.4804687500	0.0000000000	32.5146878599	58.6742483939
91	54	442166951684299261	10494363557995427270	14991278556746739763	18351140164456182601	-5531.4804687500	0.0000000000	32.5146878599	44.2490928604
92	11	10367805946812379509	17799708269756447471	3882511201820208138	6670315599971978769	-5531.4892578125	0.0000000000	32.3045878089	57.7207098750
26	51	167167149883495741	3374397758373242900	508115693323397558	11460438651567664854	-5531.4916992188	0.0000000000	52.1762299310	44.7160512724
82	21	13012805549261864440	15016803418478563936	2557698066753359879	15289721944676257177	-5531.5053710938	0.0000000000	36.1543184593	53.9871766357
39	121	8936177091956132308	17021626295139303671	13477262381732971694	16773486209225592239	-5531.5180664062	0.0000000000	47.7403454273	11.5731979005
103	11	10916844756336505972	17799708269756447471	2156978304080068990	4725511386524921986	-5531.5468750000	0.0000000000	27.9859407249	57.7783270625
20	120	13355927625687165021	15354991408888356854	15512314360434988073	17266345232357107018	-5531.5478515625	0.0000000000	54.5959151321	13.1353649163
68	20	13171866292654863094	13355927625687165021	1247969043234347536	16788516952171615125	-5531.5541992188	0.0000000000	39.5857461163	54.6022627883
121	66	17021626295139303671	18431247209864649693	8930523209775251624	11956597559021524043	-5531.5541992188	0.0000000000	11.6093307130	39.7850478980
109	14	8288089849152396567	12938275795804049604	12158911734094921307	18176352247511459778	-5531.5590820312	0.0000000000	24.6975552841	55.7083819682
52	36	8242477299940831062	10369745369462594300	8846930767742626012	13723960784455721668	-5531.5664062500	0.0000000000	44.7597290626	48.8165200087
81	53	3175835436065505467	15405698928020597209	7034872096412545957	14435808319265496250	-5531.5708007812	0.0000000000	37.0477263674	44.6738104314
30	18	7858847987573124453	17473836722014595788	13394967445273504475	15596220270593863462	-5531.5761718750	0.0000000000	49.8609252615	54.7030622263
81	36	3175835436065505467	10369745369462594300	1558747103401530288	5084828266475533320	-5531.6025390625	0.0000000000	37.0794646486	48.8526528212
92	103	10367805946812379509	10916844756336505972	7722758021311315778	15075372829688296627	-5531.6137695312	0.0000000000	32.4290995276	28.0528352562
71	48	2579019396016879642	11384733198153311516	14637580628633765011	15156775062184454899	-5531.6279296875	0.0000000000	39.1330877477	45.4943334613
42	113	6149821055044103313	11034036556017610313	2358910282992793245	12797242104776717603	-5531.6337890625	0.0000000000	47.1013412019	22.7889966044
91	79	442166951684299261	2501211020233769820	14131542318525964494	17186684829628432020	-5531.6381835938	0.0000000000	32.6724027036	38.0556633300
93	27	3242482612805492339	13931414467280736271	7806839583077308998	8752299429212612987	-5531.7001953125	0.0000000000	32.2422997439	51.3412202665
93	32	3242482612805492339	3303836963991646703	8752299429212612987	11703198580872968036	-5531.7001953125	0.0000000000	32.2422997439	49.9220016487
94	27	9222751215651972858	13931414467280736271	3848424234607937073	11585370934013341392	-5531.7109375000	0.0000000000	32.0935238847	51.3519624540
37	102	12249581567144989954	16966479684116941053	2383186489415349695	9775729910281751896	-5531.7114257812	0.0000000000	48.1786360904	28.5503896142
70	6	1592214687186736870	16894134299124238804	11748967866645571748	11760554630042129791	-5531.7143554688	0.0000000000	39.6432307634	60.1443711634
69	34	2087039987532444631	14097627609532728280	9426310687965216699	12197502755542631914	-5531.7309570312	0.0000000000	39.7446560140	49.2540584205
48	50	11384733198153311516	15516788000137984293	2431375916603240781	9725674241631675624	-5531.7368164062	0.0000000000	45.6032201801	44.9872955059
101	53	9781730914178405044	15405698928020597209	437755458424614975	12398579532641133199	-5531.8037109375	0.0000000000	29.5882376579	44.9067205877
46	92	7251700801891077616	10367805946812379509	4899651357504663005	16330900437864546450	-5531.8076171875	0.0000000000	46.7853363999	32.6229471839
92	21	10367805946812379509	15016803418478563936	2226784400908715473	4899651357504663005	-5531.8076171875	0.0000000000	32.6229471839	54.2894227295
58	115	4138555004563608843	5083548386099259802	1942080114496909473	1995301266296505346	-5531.8232421875	0.0000000000	43.8598340671	21.3439455132
10	117	3715343508190632273	5946235283944295470	10917624953140629307	12767092242105077472	-5531.8828125000	0.0000000000	58.5911909177	20.1162190954
67	101	303163103940296667	9781730914178405044	378477602244221637	6367144583390136816	-5531.8959960938	0.0000000000	40.0908705490	29.6805228141
58	47	4138555004563608843	11947096545996455153	3213236365500703123	11674252703367245302	-5531.9096679688	0.0000000000	43.9462598484	46.0062578759
46	75	7251700801891077616	14608757246259334758	1926351581020527829	2349481274068989702	-5531.9125976562	0.0000000000	46.8903168687	38.8095784697
120	4	15354991408888356854	16923322824322317466	11547922419425045832	15879013062501500589	-5531.9140625000	0.0000000000	13.5015758538	62.2425725616
97	16	5828997022151569970	12201523437214473668	2133897988482447306	4865234960627245811	-5531.9321289062	0.0000000000	31.6732190551	55.7482824926
79	58	2501211020233769820	4138555004563608843	4294286236345018925	13328062487855372053	-5531.9433593750	0.0000000000	38.3608391113	43.9799512546
101	13	9781730914178405044	10079227655342552495	8476993354875792723	9634139062570588929	-5531.9482421875	0.0000000000	29.7327689079	56.2026051405
42	44	6149821055044103313	13956310948762308203	11923392569473959404	13397884903144318285	-5531.9843750000	0.0000000000	47.4519271394	47.1988755483
2	108	13107051123224136067	14996368193187989284	6807384860566530499	12281323497928896572	-5532.0024414062	0.0000000000	69.3882832901	25.2841591254
91	57	442166951684299261	9692447327446626127	6117657234317778376	10320536850427588561	-5532.0122070312	0.0000000000	33.0464261411	44.1814835113
41	45	4688636836818565261	10118968526249132794	8524239466815833838	9085531258531902174	-5532.0219726562	0.0000000000	47.5153445654	47.0389807050
60	75	230773126182757894	14608757246259334758	10389900227170466538	11350011258360326185	-5532.0229492188	0.0000000000	43.8283081334	38.9199300322
58	14	4138555004563608843	12938275795804049604	6179618311134477957	11600035196173022034	-5532.0263671875	0.0000000000	44.0629590671	56.1756671245
24	55	58338521781336478	11851817067206489169	4314587289580810136	9074905581151991370	-5532.0439453125	0.0000000000	52.9240589876	44.4368000282
73	116	541435687269551760	14319670599260614879	14647669702273745249	16991951457309589307	-5532.0517578125	0.0000000000	39.2787175908	20.6871079199
13	53	10079227655342552495	15405698928020597209	2397052352021144986	9557746484301364699	-5532.0625000000	0.0000000000	56.3168629530	45.1655096502
46	43	7251700801891077616	9188283139325803671	2376673879238303531	6977906893751815434	-5532.0649414062	0.0000000000	47.0426606187	47.3119831025
73	69	541435687269551760	2087039987532444631	3716680782516709266	13884773537887005398	-5532.0800781250	0.0000000000	39.3070379033	40.0937771078
59	32	2239142532014743282	3303836963991646703	7635066675095280355	17385350463601558969	-5532.0844726562	0.0000000000	44.0853915961	50.3062789925
70	34	1592214687186736870	14097627609532728280	2316629878614454841	5628174165934555905	-5532.0966796875	0.0000000000	40.0255549822	49.6197810768
64	82	9696301458210436234	13012805549261864440	8314146519683636405	15593782632157390398	-5532.1025390625	0.0000000000	41.6659551865	36.7514864280
42	52	6149821055044103313	8242477299940831062	7780979758081145375	9857792813407150300	-5532.1113281250	0.0000000000	47.5788802644	45.3046509376
91	38	442166951684299261	3887235235952849394	2982105484293522923	5537407931378619353	-5532.1206054688	0.0000000000	33.1548245786	48.3649056458
101	102	9781730914178405044	16966479684116941053	2127977766086897977	10717886075942813240	-5532.1264648438	0.0000000000	29.9109915641	28.9654286767
13	119	10079227655342552495	17918245985891918390	194831045819151490	14565386241647327011	-5532.1352539062	0.0000000000	56.3896168592	14.4229816201
22	46	3990398796172833387	7251700801891077616	4363199395496508258	10978034435223382559	-5532.1650390625	0.0000000000	54.2568245004	47.1427582749
42	37	6149821055044103313	12249581567144989954	5888877322549827179	12516937562188100294	-5532.1669921875	0.0000000000	47.6345443269	48.6342024966
91	37	442166951684299261	12249581567144989954	8272648045140544536	13156393692971733727	-5532.1679687500	0.0000000000	33.2021878599	48.6351790591
47	14	11947096545996455153	12938275795804049604	11805969207181006091	13657276076155901279	-5532.1816406250	0.0000000000	46.2782305322	56.3309405620
46	14	7251700801891077616	12938275795804049604	8504097256779452033	9646016946606838572	-5532.2124023438	0.0000000000	47.1901215562	56.3617022807
13	66	10079227655342552495	18431247209864649693	8682211482383448589	18161412533775225389	-5532.2426757812	0.0000000000	56.4970387342	40.4735244605
35	113	1374669322539188936	11034036556017610313	4164943240589801685	16708941862938338380	-5532.2817382812	0.0000000000	49.6166349955	23.4369458231
107	27	8478510142031607734	13931414467280736271	7691708966242473976	15286411768025210580	-5532.2915039062	0.0000000000	25.7224536968	51.9325288602
95	113	1269677664921442142	11034036556017610313	3935241300227640004	12150365019650739588	-5532.2968750000	0.0000000000	32.4678921498	23.4520825419
122	1	8167972712163343844	10324198887431388283	6505858093041625542	7235542619689982156	-5532.3193359375	0.0000000000	11.9961285642	72.1852241583
60	27	230773126182757894	13931414467280736271	2404311072099396914	11842883992225638679	-5532.3208007812	0.0000000000	44.1261596959	51.9618257352
29	95	520324629128040228	1269677664921442142	5826651550878105327	9506947124684668092	-5532.3417968750	0.0000000000	50.6765136659	32.5128140248
20	121	13355927625687165021	17021626295139303671	6631030300874742642	8883320565067219638	-5532.3530273438	0.0000000000	55.4010909133	12.4081588380
26	27	167167149883495741	13931414467280736271	3726374954684146640	15923899746115826366	-5532.3652343750	0.0000000000	53.0497650873	52.0062593290
95	53	1269677664921442142	15405698928020597209	13791060117086324643	17235724369052860151	-5532.3833007812	0.0000000000	32.5543179311	45.4863104314
69	43	2087039987532444631	9188283139325803671	5675690234125728636	14335928344057560557	-5532.3979492188	0.0000000000	40.4116482015	47.6449909150
92	116	10367805946812379509	14319670599260614879	10837233082065649280	15216271368139898042	-5532.4091796875	0.0000000000	33.2245096839	21.0445297949
87	53	5601208716039951663	15405698928020597209	8062990475133506715	13458515813203954715	-5532.4370117188	0.0000000000	35.1881343876	45.5400213689
94	25	9222751215651972858	16550426852500463777	758342869020313178	4921638591716231875	-5532.4467773438	0.0000000000	32.8293637285	53.2212894532
0	113	10667474865877392284	11034036556017610313	4909074468840135723	7694631118770957921	-5532.4506835938	0.0000000000	77.5485321129	23.6058911356
94	57	9222751215651972858	9692447327446626127	108662751838395642	16077953989978342556	-5532.4531250000	0.0000000000	32.8357113847	44.6224014800
17	92	429853561211997818	10367805946812379509	2103713426299129004	4899651357504663005	-5532.4555664062	0.0000000000	56.2369080838	33.2708964026
41	87	4688636836818565261	5601208716039951663	2426087390177619394	8549189635756561740	-5532.4926757812	0.0000000000	47.9860476904	35.2437984501
20	114	13355927625687165021	15099006944303593007	3307470265919762896	16364307645249979567	-5532.4931640625	0.0000000000	55.5412276321	22.6464892436
82	28	13012805549261864440	17027433896387945395	8073945168327569599	14145471717221467525	-5532.4975585938	0.0000000000	37.1465059593	51.5796024585
113	44	11034036556017610313	13956310948762308203	11239048436924588724	16708941862938338380	-5532.5039062500	0.0000000000	23.6591137919	47.7184067983
0	120	10667474865877392284	15354991408888356854	8368245181873688918	8817817618699315097	-5532.5102539062	0.0000000000	77.6081024254	14.0977672600
63	4	1399070161628260596	16923322824322317466	7103332718912839377	16752548255054023780	-5532.5249023438	0.0000000000	42.3637922635	62.8534124054
33	40	10368442723802325466	15633704558089027375	3755641431308695997	5642190960188331158	-5532.5297851562	0.0000000000	50.2992955468	48.7447940163
99	82	3770798787649587355	13012805549261864440	13114499678649521301	17299365181426148553	-5532.5356445312	0.0000000000	30.8819007950	37.1845918968
48	121	11384733198153311516	17021626295139303671	3930031240697852133	7356364516910774523	-5532.5390625000	0.0000000000	46.4054662738	12.5941939943
99	6	3770798787649587355	16894134299124238804	3865967867735853914	8185945062129188673	-5532.5473632812	0.0000000000	30.8936195450	60.9773789759
29	100	520324629128040228	3742391230315232177	7371235215480545598	17385581430244131602	-5532.5478515625	0.0000000000	50.8825683534	30.7265948124
69	13	2087039987532444631	10079227655342552495	9990483914239181301	16859390263737382051	-5532.5878906250	0.0000000000	40.6015896078	56.8422535780
86	48	2181137809313707726	11384733198153311516	8253125255624363490	8940958885422639410	-5532.6137695312	0.0000000000	36.0280145073	46.4801733051
61	107	2173314438107378563	8478510142031607734	6969237646335097530	11985733645517667280	-5532.6386718750	0.0000000000	43.8656468913	26.0696216656
100	121	3742391230315232177	17021626295139303671	3338985128018581200	7733092434516857903	-5532.6582031250	0.0000000000	30.8369463749	12.7133346193
42	33	6149821055044103313	10368442723802325466	3510466073872969651	15247977041881910800	-5532.6650390625	0.0000000000	48.1325912019	50.4345494530
14	4	12938275795804049604	16923322824322317466	826737283593354332	14889735738011717824	-5532.6782226562	0.0000000000	56.8275225932	63.0067327179
57	96	9692447327446626127	14922418272091202393	839939608971602870	17234790209846802383	-5532.6782226562	0.0000000000	44.8474991363	32.7054759304
81	43	3175835436065505467	9188283139325803671	2431208059100434791	17343851009712492343	-5532.6821289062	0.0000000000	38.1590544924	47.9291706025
59	93	2239142532014743282	3242482612805492339	8642083253501443710	10486501181086695361	-5532.6870117188	0.0000000000	44.6879306586	33.2291161501
51	28	3374397758373242900	17027433896387945395	16088349778063690598	17393537138345302020	-5532.6899414062	0.0000000000	45.9142934599	51.7719852710
61	102	2173314438107378563	16966479684116941053	6855732912151855055	17147406113045934693	-5532.6982421875	0.0000000000	43.9252172038	29.5372060204
17	58	429853561211997818	4138555004563608843	6934352864997949653	17039812150504318062	-5532.7163085938	0.0000000000	56.4976502713	44.7529004734
55	108	11851817067206489169	14996368193187989284	1665531501695337921	11589893425887962131	-5532.7187500000	0.0000000000	45.1116047157	26.0004677191
112	6	11111376794004924671	16894134299124238804	1378710302145158065	1615931089671469685	-5532.7416992188	0.0000000000	24.6333523639	61.1717149134
35	6	1374669322539188936	16894134299124238804	1270028731187066610	7604037245141516532	-5532.7495117188	0.0000000000	50.0844084330	61.1795274134
106	55	7684204559276021956	11851817067206489169	7400589526267616061	12852398643632984823	-5532.7514648438	0.0000000000	26.5384839823	45.1443195594
109	45	8288089849152396567	10118968526249132794	1505662010840519682	13522720240917715155	-5532.7612304688	0.0000000000	25.8997037216	47.7782385175
35	87	1374669322539188936	5601208716039951663	917017885729985227	1486832893409745852	-5532.7656250000	0.0000000000	50.1005217142	35.5167476688
101	54	9781730914178405044	10494363557995427270	6258593820049654402	16893035045423650481	-5532.7666015625	0.0000000000	30.5511282829	45.5352256729
71	21	2579019396016879642	15016803418478563936	10369532128381908936	12068527820274049625	-5532.8051757812	0.0000000000	40.3103338414	55.2869813232
27	53	13931414467280736271	15405698928020597209	3848424234607937073	7422245959949708459	-5532.8242187500	0.0000000000	52.4652437040	45.9272284002
32	33	3303836963991646703	10368442723802325466	4292323681909966725	9120081316022675248	-5532.8247070312	0.0000000000	51.0465133675	50.5942174218
122	2	8167972712163343844	13107051123224136067	12723436750487035282	17555464150931115866	-5532.8647460938	0.0000000000	12.5415387205	70.2505879776
32	34	3303836963991646703	14097627609532728280	13747203137998641731	15451912999726699201	-5532.8666992188	0.0000000000	51.0885055550	50.3898006080
5	104	2149484152715392458	16298007830431462257	1311352318003019856	3802109096410919153	-5532.8720703125	0.0000000000	63.1490491460	28.6720741476
91	25	442166951684299261	16550426852500463777	4398449635168668761	7440888909082595599	-5532.9213867188	0.0000000000	33.9556058286	53.6958988282
13	96	10079227655342552495	14922418272091202393	7405466588919963575	8398268547070284653	-5532.9272460938	0.0000000000	57.1816090467	32.9544993679
21	31	15016803418478563936	16657069432005198003	4886659664743181410	12951312003821071847	-5532.9306640625	0.0000000000	55.4124696045	51.1617544542
120	7	15354991408888356854	15571085747497726625	9454482973217740437	17147607730103925706	-5532.9384765625	0.0000000000	14.5259899163	60.9886209795
83	28	13586099871725120471	17027433896387945395	10410876902156940507	12952868625112799618	-5532.9575195312	0.0000000000	37.6062447079	52.0395633960
9	101	2439594373950395860	9781730914178405044	1271326435605797235	7586281097216749495	-5532.9580078125	0.0000000000	60.1517874564	30.7425345329
26	28	167167149883495741	17027433896387945395	12776489826618517395	17367960002471456652	-5532.9658203125	0.0000000000	53.6503510248	52.0478641773
69	15	2087039987532444631	3773740555311062023	7098330390816213646	16255768206869532950	-5532.9736328125	0.0000000000	40.9873317953	56.8641593082
57	111	9692447327446626127	12355689472340701209	11744471633710931525	16972453110875701933	-5532.9755859375	0.0000000000	45.1448624175	25.3063444346
45	80	10118968526249132794	11254879324197340454	5705029140367034868	8320836208825786357	-5532.9819335938	0.0000000000	47.9989416425	39.0106534090
99	72	3770798787649587355	8503372235075209266	5836829673535618893	8663975807900354856	-5532.9956054688	0.0000000000	31.3418617325	40.3686229705
71	15	2579019396016879642	3773740555311062023	4763007884415437286	17227375770133516115	-5533.0166015625	0.0000000000	40.5217596227	56.9071280582
86	46	2181137809313707726	7251700801891077616	6363118311233305437	17113285343861847620	-5533.0205078125	0.0000000000	36.4347527886	47.9982270249
15	85	3773740555311062023	16393214166263308105	16152806855415134768	16217372683687018475	-5533.0483398438	0.0000000000	56.9388663394	36.9289700158
17	69	429853561211997818	2087039987532444631	2423559705581092706	15366182472046490327	-5533.0512695312	0.0000000000	56.8326112088	41.0649685140
71	7	2579019396016879642	15571085747497726625	723371602763084152	17296093879626166992	-5533.0556640625	0.0000000000	40.5608221227	61.1058084795
91	94	442166951684299261	9222751215651972858	6796649122282518581	15475371980260075095	-5533.0786132812	0.0000000000	34.1128323911	33.4611996660
99	121	3770798787649587355	17021626295139303671	6800719282628391206	13229388916556943571	-5533.0839843750	0.0000000000	31.4302406388	13.1391158693
45	31	10118968526249132794	16657069432005198003	1742639841397544176	1825751287896878934	-5533.0937500000	0.0000000000	48.1107580487	51.3248403917
110	14	6574353373524907807	12938275795804049604	10300464157720588602	17706858551798134053	-5533.1005859375	0.0000000000	25.9653451370	57.2498858745
94	78	9222751215651972858	14809137665620150592	11127935502951734235	14201299681061269236	-5533.1040039062	0.0000000000	33.4865902910	39.5350790200
42	109	6149821055044103313	8288089849152396567	14600764883217629430	16960041464403674741	-5533.1064453125	0.0000000000	48.5739974519	26.2449185653
108	31	14996368193187989284	16657069432005198003	1386652210539095083	8406850216814368822	-5533.1254882812	0.0000000000	26.4072060004	51.3565786730
99	44	3770798787649587355	13956310948762308203	9141385928795445805	18100916123275478917	-5533.1381835938	0.0000000000	31.4844398575	48.3526841421
100	113	3742391230315232177	11034036556017610313	9341552296612891230	14907364030722646765	-5533.1655273438	0.0000000000	31.3442705936	24.3207348856
91	16	442166951684299261	12201523437214473668	9897141405953510624	15430532265825350965	-5533.1835937500	0.0000000000	34.2178128599	56.9997473363
5	12	2149484152715392458	14938178270134821508	16645729777807583367	17421596983946426585	-5533.2148437500	0.0000000000	63.4918225835	58.0296996880
61	13	2173314438107378563	10079227655342552495	1767268707531930911	17700398172703808448	-5533.2163085938	0.0000000000	44.4432836101	57.4706715467
1	113	10324198887431388283	11034036556017610313	9148626613610023731	9643461171436886654	-5533.2197265625	0.0000000000	73.0856147833	24.3749341044
29	21	520324629128040228	15016803418478563936	6508511483574940753	6577011991086032892	-5533.2456054688	0.0000000000	51.5803222597	55.7274110107
27	120	13931414467280736271	15354991408888356854	9881733556250326425	16977593270919347126	-5533.2509765625	0.0000000000	52.8920015165	14.8384899163
106	47	7684204559276021956	11947096545996455153	5666230539001715155	16571913689951314633	-5533.2905273438	0.0000000000	27.0775464823	47.3871172509
97	57	5828997022151569970	9692447327446626127	1044554148675313341	17737990395708956348	-5533.2929687500	0.0000000000	33.0340588988	45.4622452300
29	80	520324629128040228	11254879324197340454	6977950217311054717	11750002610052513274	-5533.3134765625	0.0000000000	51.6481933534	39.3421963777
71	46	2579019396016879642	7251700801891077616	1571934427565803270	8411932040132270207	-5533.3144531250	0.0000000000	40.8196111852	48.2921723374
93	46	3242482612805492339	7251700801891077616	6015941058798644228	6781744434622747130	-5533.3144531250	0.0000000000	33.8565575564	48.2921723374
84	57	2564171262913545665	9692447327446626127	4273726163800853575	5792057475408431492	-5533.3149414062	0.0000000000	37.4753786021	45.4842178863
73	89	541435687269551760	16609562587620384987	1774269133953650354	14764466113955564936	-5533.3212890625	0.0000000000	40.5482488408	34.9185634761
5	106	2149484152715392458	7684204559276021956	2008300310344584707	8034655709599578309	-5533.3330078125	0.0000000000	63.6099866460	27.1200269511
111	11	12355689472340701209	17799708269756447471	1801164965129186088	16977893039566470018	-5533.3364257812	0.0000000000	25.6671842783	59.5678778438
87	21	5601208716039951663	15016803418478563936	4189883144709181202	5187267244208430209	-5533.3593750000	0.0000000000	36.1104976688	55.8411805420
10	45	3715343508190632273	10118968526249132794	7107578178983834902	17470853625924600324	-5533.3623046875	0.0000000000	60.0706831052	48.3793127362
16	12	12201523437214473668	14938178270134821508	3040851623058046830	6762719850059173527	-5533.3671875000	0.0000000000	57.1833410863	58.1820434380
114	31	15099006944303593007	16657069432005198003	641004278228025013	864978674892845966	-5533.3823242188	0.0000000000	23.5356493999	51.6134146105
95	10	1269677664921442142	3715343508190632273	4060493060789448660	7600358229874979853	-5533.3911132812	0.0000000000	33.5621304311	60.0994916990
76	49	2747588696662623730	7823186920941671451	1327257147534527119	5888476693657249014	-5533.4023437500	0.0000000000	39.9176132986	46.8795136474
2	120	13107051123224136067	15354991408888356854	11020371304068065574	18134485276889315912	-5533.4086914062	0.0000000000	70.7945332901	14.9962047600
77	37	7437397082061112758	12249581567144989954	6321070378407109120	10753417119891996385	-5533.4272460938	0.0000000000	39.9195686482	49.8944564029
30	12	7858847987573124453	14938178270134821508	9913541095589556913	14943995793358727839	-5533.4311523438	0.0000000000	51.7159057302	58.2460082817
76	77	2747588696662623730	7437397082061112758	10376184165331657423	11016009963030746138	-5533.4370117188	0.0000000000	39.9522812673	39.9293342732
10	115	3715343508190632273	5083548386099259802	1995301266296505346	13840156718189821731	-5533.4433593750	0.0000000000	60.1517377927	22.9640627007
118	37	5342875789511471951	12249581567144989954	12130238531590457893	12863704188035985629	-5533.4604492188	0.0000000000	19.7877595144	49.9276595279
35	72	1374669322539188936	8503372235075209266	1762981390800746044	6620448278346009065	-5533.4614257812	0.0000000000	50.7963224955	40.8344432830
77	23	7437397082061112758	8983620928718234954	12235999816990608251	17146141399548206613	-5533.4614257812	0.0000000000	39.9537483357	54.9622534593
41	7	4688636836818565261	15571085747497726625	10973139746758745835	15427576765179310171	-5533.4755859375	0.0000000000	48.9689578467	61.5257303545
46	13	7251700801891077616	10079227655342552495	4356034645563601502	6538850807224706264	-5533.4833984375	0.0000000000	48.4611176499	57.7377613905
46	27	7251700801891077616	13931414467280736271	10067516928954583851	14213777676573736384	-5533.5004882812	0.0000000000	48.4782074937	53.1415132352
69	96	2087039987532444631	14922418272091202393	5572846708838412266	15550807275156714735	-5533.5039062500	0.0000000000	41.5176052328	33.5311595241
32	80	3303836963991646703	11254879324197340454	7548566488169010865	9410780150705053046	-5533.5126953125	0.0000000000	51.7345016487	39.5414151277
52	102	8242477299940831062	16966479684116941053	9460284105763149018	12256775584998397853	-5533.5454101562	0.0000000000	46.7387329689	30.3843739892
84	66	2564171262913545665	18431247209864649693	4879236577454821550	14361889683876284412	-5533.5517578125	0.0000000000	37.7121950084	41.7826064918
74	75	279844733889261352	14608757246259334758	11025288008822073353	12500652262627452996	-5533.5698242188	0.0000000000	40.6073878066	40.4668050322
106	111	7684204559276021956	12355689472340701209	441393738911922232	752332853185054170	-5533.5737304688	0.0000000000	27.3607496073	25.9044889658
99	15	3770798787649587355	3773740555311062023	13035359957937387802	18211996275591579597	-5533.5913085938	0.0000000000	31.9375648575	57.4818350894
39	113	8936177091956132308	11034036556017610313	3859266358355414246	14643984298944051364	-5533.5942382812	0.0000000000	49.8165173023	24.7494458231
54	6	10494363557995427270	16894134299124238804	1492687415590740772	17732705129191774236	-5533.6132812500	0.0000000000	46.3819053604	62.0432969447
80	111	11254879324197340454	12355689472340701209	10432082069565292053	15973506392784311382	-5533.6171875000	0.0000000000	39.6459073152	25.9479459971
9	76	2439594373950395860	2747588696662623730	7230886700361377359	14218642969392501371	-5533.6791992188	0.0000000000	60.8729788626	40.1944687673
95	101	1269677664921442142	9781730914178405044	13643344086509962737	14091977826481334189	-5533.7065429688	0.0000000000	33.8775601186	31.4910696891
13	113	10079227655342552495	11034036556017610313	1323824994224871052	8481695857346148184	-5533.7456054688	0.0000000000	57.9999684217	24.9008130106
83	65	13586099871725120471	15378060113354634737	6965154670520739010	15753332155072965981	-5533.7705078125	0.0000000000	38.4192329892	42.1509089911
57	33	9692447327446626127	10368442723802325466	471618983863686414	7442144876260808522	-5533.7890625000	0.0000000000	45.9583389800	51.5585728905
77	54	7437397082061112758	10494363557995427270	15309494856316693430	15406517243141419412	-5533.8110351562	0.0000000000	40.3033577107	46.5796592667
110	33	6574353373524907807	10368442723802325466	8064984686401208179	12514384858878458046	-5533.8168945312	0.0000000000	26.6816537307	51.5864049218
81	82	3175835436065505467	13012805549261864440	7944627830753107425	9436215216737403122	-5533.8193359375	0.0000000000	39.2962615236	38.4682833030
75	102	14608757246259334758	16966479684116941053	1757576581168095108	9240495726309564586	-5533.8227539062	0.0000000000	40.7197347197	30.6617177392
84	75	2564171262913545665	14608757246259334758	4107533029951481108	9240495726309564586	-5533.8227539062	0.0000000000	37.9831911021	40.7197347197
19	8	7692821074440121912	8992346648558435547	287158057105673910	15038168540366087247	-5533.8300781250	0.0000000000	56.8951403846	61.7482805277
17	10	429853561211997818	3715343508190632273	11612885012081977857	12495619875596968501	-5533.8413085938	0.0000000000	57.6226502713	60.5496870115
76	28	2747588696662623730	17027433896387945395	8981645916579016842	13000260478722219496	-5533.8579101562	0.0000000000	40.3731797048	52.9399540210
72	21	8503372235075209266	15016803418478563936	15617172052794834809	18088794903003252270	-5533.8623046875	0.0000000000	41.2353221892	56.3441102295
103	96	10916844756336505972	14922418272091202393	11366041591446888757	16849383624226195775	-5533.8798828125	0.0000000000	30.3189485374	33.9071360866
79	20	2501211020233769820	13355927625687165021	16507222547670711447	17136616048357774877	-5533.8823242188	0.0000000000	40.2998039550	56.9303877883
100	31	3742391230315232177	16657069432005198003	4933754866216784900	17111229949151494746	-5533.9008789062	0.0000000000	32.0796221561	52.1319692980
59	56	2239142532014743282	11357898340897756903	275732426687247735	4742846316236234159	-5533.9091796875	0.0000000000	45.9100986273	46.0889904109
84	37	2564171262913545665	12249581567144989954	5160280581414266356	8942801302099091308	-5533.9243164062	0.0000000000	38.0847536021	50.3915267154
73	55	541435687269551760	11851817067206489169	11859101584101039984	17992402196261666827	-5533.9252929688	0.0000000000	41.1522527470	46.3181476844
86	21	2181137809313707726	15016803418478563936	1903669961029963869	7180609976371549715	-5533.9252929688	0.0000000000	37.3395379448	56.4070985107
61	93	2173314438107378563	3242482612805492339	6938056311901175119	16232936190355755517	-5533.9399414062	0.0000000000	45.1669164226	34.4820458376
22	18	3990398796172833387	17473836722014595788	9107952330622212325	13498330925547607742	-5533.9418945312	0.0000000000	56.0336799691	57.0687848826
72	98	8503372235075209266	18248472685024111301	190002446874191997	11638857869990174074	-5533.9570312500	0.0000000000	41.3300487517	33.2720730528
55	14	11851817067206489169	12938275795804049604	10587457673039452167	13957339029234993216	-5533.9580078125	0.0000000000	46.3508625282	58.1073077495
84	30	2564171262913545665	7858847987573124453	2515849757550566494	13257152199965101467	-5533.9594726562	0.0000000000	38.1199098521	52.2442260427
55	98	11851817067206489169	18248472685024111301	673148808460068408	8974992937508013939	-5533.9741210938	0.0000000000	46.3669758094	33.2891628965
76	21	2747588696662623730	15016803418478563936	7589882032625420988	14979818527595096788	-5533.9785156250	0.0000000000	40.4937851736	56.4603211670
17	94	429853561211997818	9222751215651972858	6053412182152020284	14006959167529437212	-5533.9833984375	0.0000000000	57.7647401150	34.3659848222
10	27	3715343508190632273	13931414467280736271	4365935564548889496	16661162026318218911	-5533.9956054688	0.0000000000	60.7039838865	53.6366304227
67	58	303163103940296667	4138555004563608843	1626535599372881140	9660110578105098077	-5534.0039062500	0.0000000000	42.1987807052	46.0404981296
100	15	3742391230315232177	3773740555311062023	4883186321085409271	13048992875370505531	-5534.0263671875	0.0000000000	32.2051104374	57.9168936832
26	114	167167149883495741	15099006944303593007	5570517429332217520	12577999593029773986	-5534.0327148438	0.0000000000	54.7172455560	24.1860400249
63	9	1399070161628260596	2439594373950395860	1249582407435918843	14402987921189684825	-5534.0522460938	0.0000000000	43.8911360135	61.2460257376
32	47	3303836963991646703	11947096545996455153	10842074312423057493	18031370819115064613	-5534.0571289062	0.0000000000	52.2789352425	48.1537188134
64	11	9696301458210436234	17799708269756447471	3484300287570612945	4117419310814373706	-5534.0634765625	0.0000000000	43.6268926865	60.2949286250
86	66	2181137809313707726	18431247209864649693	5937447471478194742	13721703724121587882	-5534.0742187500	0.0000000000	37.4884637261	42.3050674293
5	78	2149484152715392458	14809137665620150592	2476124375753009666	4559143077132779374	-5534.0761718750	0.0000000000	64.3531507085	40.5072469887
74	82	279844733889261352	13012805549261864440	3064487707582096650	8866067485017601815	-5534.0981445312	0.0000000000	41.1357081191	38.7470918968
9	64	2439594373950395860	9696301458210436234	11073532187760618975	13538108929836170053	-5534.1025390625	0.0000000000	61.2963187064	43.6659551865
93	45	3242482612805492339	10118968526249132794	2271642453718381825	16017428913908376150	-5534.1323242188	0.0000000000	34.6744286501	49.1493322675
113	48	11034036556017610313	11384733198153311516	137901105939281487	11586045914566945696	-5534.1328125000	0.0000000000	25.2880200419	47.9992162738
87	54	5601208716039951663	10494363557995427270	11532093148425291850	11924186465645133533	-5534.1396484375	0.0000000000	36.8907711063	46.9082725479
35	82	1374669322539188936	13012805549261864440	8316161572121571480	12366694691986041167	-5534.1601562500	0.0000000000	51.4950529642	38.8091036155
79	41	2501211020233769820	4688636836818565261	1522838976405017673	17940559598786452590	-5534.1611328125	0.0000000000	40.5786125488	49.6545047217
110	80	6574353373524907807	11254879324197340454	14361014893146047986	15154510056970099464	-5534.1640625000	0.0000000000	27.0288216995	40.1927823152
100	45	3742391230315232177	10118968526249132794	11156260528059667794	15511578121313863787	-5534.1708984375	0.0000000000	32.3496416874	49.1879064862
84	77	2564171262913545665	7437397082061112758	9624556352222243828	11544360839909160779	-5534.1933593750	0.0000000000	38.3537965709	40.6856819294
45	14	10118968526249132794	12938275795804049604	5234295578692094826	7318481742242817423	-5534.1992187500	0.0000000000	49.2162267987	58.3485186870
10	107	3715343508190632273	8478510142031607734	10088639127701711946	15013587875120508252	-5534.2031250000	0.0000000000	60.9115034177	27.6340747906
77	20	7437397082061112758	13355927625687165021	8455991619434491409	12625361388040015618	-5534.2187500000	0.0000000000	40.7110725544	57.2668135696
52	37	8242477299940831062	12249581567144989954	5509116803849901022	11780841845021776708	-5534.2221679688	0.0000000000	47.4154907814	50.6893782779
17	53	429853561211997818	15405698928020597209	2965117635782389761	12383752223747435160	-5534.2436523438	0.0000000000	58.0249940213	47.3466619939
78	25	14809137665620150592	16550426852500463777	11511586256597659259	15407390597649616597	-5534.2626953125	0.0000000000	40.6937704262	55.0372074219
30	120	7858847987573124453	15354991408888356854	7495755311337673842	8817817618699315097	-5534.2636718750	0.0000000000	52.5484252615	15.8511852288
48	14	11384733198153311516	12938275795804049604	5945315877260532509	14483531224605024853	-5534.2680664062	0.0000000000	48.1344701801	58.4173663432
58	78	4138555004563608843	14809137665620150592	3475761880410245192	18172775413318736561	-5534.2749023438	0.0000000000	46.3114942234	40.7059774575
38	107	3887235235952849394	8478510142031607734	12898068243487654543	15503092546429694626	-5534.2797851562	0.0000000000	50.5240853333	27.7107349468
17	82	429853561211997818	13012805549261864440	1421605312546653028	4739491385517842473	-5534.2807617188	0.0000000000	58.0621033963	38.9297090843
106	4	7684204559276021956	16923322824322317466	6876134626610451608	15189729964266869370	-5534.2963867188	0.0000000000	28.0834058573	64.6248967804
61	105	2173314438107378563	13728310634633545021	10661071925652148252	18081660293011321679	-5534.3242187500	0.0000000000	45.5511937663	28.9182335731
110	47	6574353373524907807	11947096545996455153	5815854926722514252	16088305486525977720	-5534.3496093750	0.0000000000	27.2143685745	48.4461992822
96	11	14922418272091202393	17799708269756447471	13043233013785069715	17932672589413061493	-5534.3525390625	0.0000000000	34.3797923366	60.5839911250
61	85	2173314438107378563	16393214166263308105	4712684397516581388	16644073258549995878	-5534.3613281250	0.0000000000	45.5883031413	38.2419582971
19	109	7692821074440121912	8288089849152396567	907278174164988218	9809512576649847530	-5534.3662109375	0.0000000000	57.4312731971	27.5046841903
23	6	8983620928718234954	16894134299124238804	4950336438339566162	17344689690845644896	-5534.3896484375	0.0000000000	55.8904761155	62.8196641322
79	107	2501211020233769820	8478510142031607734	9991826329514527670	14278895759094023558	-5534.4047851562	0.0000000000	40.8222648925	27.8357349468
24	27	58338521781336478	13931414467280736271	2587306193425986364	5807488662788591542	-5534.4570312500	0.0000000000	55.3371449251	54.0980562040
5	111	2149484152715392458	12355689472340701209	14115633100854605162	17927900553820895683	-5534.4594726562	0.0000000000	64.7364514897	26.7902311533
67	81	303163103940296667	3175835436065505467	7036719459576872975	13918102505610049902	-5534.4707031250	0.0000000000	42.6655775802	39.9476287111
35	49	1374669322539188936	7823186920941671451	1377851369568457457	13236740592388428781	-5534.4775390625	0.0000000000	51.8124357767	47.9547089599
80	37	11254879324197340454	12249581567144989954	1519331444155732453	10509333671632141342	-5534.4892578125	0.0000000000	40.5179776277	50.9564681216
9	34	2439594373950395860	14097627609532728280	2167952493661905827	14960588224834566473	-5534.4897460938	0.0000000000	61.6835257376	52.0128474830
86	25	2181137809313707726	16550426852500463777	8117864972801252217	12544927322526024571	-5534.4975585938	0.0000000000	37.9118035698	55.2720707032
24	12	58338521781336478	14938178270134821508	975419775704737726	8638930306552527358	-5534.4985351562	0.0000000000	55.3786488314	59.3133910942
15	78	3773740555311062023	14809137665620150592	5217181601099781384	11724625536625109642	-5534.5063476562	0.0000000000	58.3968741519	40.9374227700
23	55	8983620928718234954	11851817067206489169	6574194571676114406	16131854317646722151	-5534.5249023438	0.0000000000	56.0257300218	46.9177570594
70	20	1592214687186736870	13355927625687165021	143750927959520726	6544708324951880025	-5534.5327148438	0.0000000000	42.4615901384	57.5807784133
41	14	4688636836818565261	12938275795804049604	10104672079640612403	11879342614946992547	-5534.5439453125	0.0000000000	50.0373172217	58.6932452495
42	48	6149821055044103313	11384733198153311516	13753206209788128545	16323134075858390455	-5534.5444335938	0.0000000000	50.0119857332	48.4108373676
69	18	2087039987532444631	17473836722014595788	11885825457353686268	12701807401280383269	-5534.5644531250	0.0000000000	42.5781521078	57.6913434763
49	116	7823186920941671451	14319670599260614879	3433960977211490176	9531617895994409304	-5534.5659179688	0.0000000000	48.0430878661	23.2012680761
99	78	3770798787649587355	14809137665620150592	3116473511346825995	14606182903127238126	-5534.5673828125	0.0000000000	32.9136390763	40.9984579262
91	36	442166951684299261	10369745369462594300	1517061908542275182	16666132505971286641	-5534.5766601562	0.0000000000	35.6108792661	51.8267739149
91	44	442166951684299261	13956310948762308203	4473315027255083691	16666132505971286641	-5534.5766601562	0.0000000000	35.6108792661	49.7911607046
35	65	1374669322539188936	15378060113354634737	4527049669574424727	12980372593192519064	-5534.5996093750	0.0000000000	51.9345060892	42.9800105536
4	121	16923322824322317466	17021626295139303671	9903990826390786346	11925166875721372173	-5534.6005859375	0.0000000000	64.9290959991	14.6557174318
17	33	429853561211997818	10368442723802325466	3082018731294629679	12950693801959139006	-5534.6157226562	0.0000000000	58.3970643338	52.3852330468
20	44	13355927625687165021	13956310948762308203	5643043809228130058	10117300707748410857	-5534.6328125000	0.0000000000	57.6808760696	49.8473130483
24	21	58338521781336478	15016803418478563936	445371610303074792	6937344521907942339	-5534.6406250000	0.0000000000	55.5207386751	57.1224305420
10	111	3715343508190632273	12355689472340701209	4952485315782113946	6758521046180578267	-5534.6411132812	0.0000000000	61.3494916990	26.9718717783
92	50	10367805946812379509	15516788000137984293	3366446499164311107	9874593926608590284	-5534.6596679688	0.0000000000	35.4749979651	47.9101470684
76	85	2747588696662623730	16393214166263308105	3312392663215336720	3707688190148506822	-5534.6699218750	0.0000000000	41.1851914236	38.5505520471
87	104	5601208716039951663	16298007830431462257	1711695870478848030	16872254139228873039	-5534.6840820312	0.0000000000	37.4352047001	30.4840858664
83	53	13586099871725120471	15405698928020597209	3262737625728322616	5207408095202631559	-5534.6953125000	0.0000000000	39.3440376767	47.7983221502
67	31	303163103940296667	16657069432005198003	6679196958085417996	15606768429959216491	-5534.7109375000	0.0000000000	42.9058119552	52.9420278917
21	89	15016803418478563936	16609562587620384987	41974391816225410	15984017523132151428	-5534.7158203125	0.0000000000	57.1976258545	36.3130947261
79	54	2501211020233769820	10494363557995427270	2729544137896701787	3063534910161009527	-5534.7221679688	0.0000000000	41.1396477050	47.4907920792
35	99	1374669322539188936	3770798787649587355	10137193168367005545	15458295290651089672	-5534.7348632812	0.0000000000	52.0697599955	33.0811195450
68	27	13171866292654863094	13931414467280736271	6019845224296071117	13471483937403760061	-5534.7475585938	0.0000000000	42.7791054913	54.3885835477
61	120	2173314438107378563	15354991408888356854	13365952833761561925	16275753391770959010	-5534.7568359375	0.0000000000	45.9838109538	16.3443492913
73	35	541435687269551760	1374669322539188936	3232682460400108667	9827541601721102761	-5534.7705078125	0.0000000000	41.9974675908	52.1054045267
92	27	10367805946812379509	13931414467280736271	4172596979512564205	15115089072443086371	-5534.7929687500	0.0000000000	35.6082987464	54.4339937040
67	12	303163103940296667	14938178270134821508	7177527436122572496	13074740226260005913	-5534.8081054688	0.0000000000	43.0029799240	59.6229614067
73	97	541435687269551760	5828997022151569970	3716680782516709266	5105281548271423628	-5534.8095703125	0.0000000000	42.0365300908	34.5506604613
19	12	7692821074440121912	14938178270134821508	13180783424252561665	15256158967640484561	-5534.8173828125	0.0000000000	57.8824450721	59.6322387505
56	104	11357898340897756903	16298007830431462257	4540703407197057209	13008022689050614353	-5534.8330078125	0.0000000000	47.0128185359	30.6330116476
17	108	429853561211997818	14996368193187989284	12306693002608588748	13405900728848151409	-5534.8432617188	0.0000000000	58.6246033963	28.1249794379
26	103	167167149883495741	10916844756336505972	6243523302250071372	16309858314273987540	-5534.8481445312	0.0000000000	55.5326752435	31.2872102562
5	58	2149484152715392458	4138555004563608843	1859056683040809062	10979944301600705601	-5534.8491210938	0.0000000000	65.1260999272	46.8857129734
42	104	6149821055044103313	16298007830431462257	2504643248497766987	17110562067487104724	-5534.8627929688	0.0000000000	50.3303451082	30.6627968039
81	72	3175835436065505467	8503372235075209266	5029455007830193880	13777768102484274720	-5534.8657226562	0.0000000000	40.3426482424	42.2387401580
84	42	2564171262913545665	6149821055044103313	6409341078126758165	10833219332446724161	-5534.8828125000	0.0000000000	39.0432496959	50.3503646394
38	23	3887235235952849394	8983620928718234954	5060526514899282074	14633740912122247761	-5534.8891601562	0.0000000000	51.1334603333	56.3899878343
91	61	442166951684299261	2173314438107378563	247076605130601560	3971461279756418514	-5534.9106445312	0.0000000000	35.9448636411	46.1376195476
91	63	442166951684299261	1399070161628260596	3971461279756418514	15770271678035230438	-5534.9106445312	0.0000000000	35.9448636411	44.7495344510
16	105	12201523437214473668	13728310634633545021	2999610701889691848	15975104849158602429	-5534.9160156250	0.0000000000	58.7321692113	29.5100304481
88	37	10084124936668487071	12249581567144989954	11342811240243248115	15861753289100182848	-5534.9282226562	0.0000000000	37.3830655235	51.3954329654
9	39	2439594373950395860	8936177091956132308	9668500694351472530	18210932548555132280	-5534.9453125000	0.0000000000	62.1390921439	51.1675915211
94	20	9222751215651972858	13355927625687165021	391030974170349457	16298717760260110855	-5534.9467773438	0.0000000000	35.3293637285	57.9948409133
30	85	7858847987573124453	16393214166263308105	3269158388563503678	7034307925942613229	-5534.9692382812	0.0000000000	53.2539916677	38.8498684533
38	111	3887235235952849394	12355689472340701209	3279727680520853550	4540791436723119130	-5534.9916992188	0.0000000000	51.2359993958	27.3224577158
49	114	7823186920941671451	15099006944303593007	12577999593029773986	16201877467984883609	-5534.9975585938	0.0000000000	48.4747284911	25.1508837749
0	108	10667474865877392284	14996368193187989284	2857806362283089248	16618329993631660342	-5535.0131835938	0.0000000000	80.1110321129	28.2949013129
87	108	5601208716039951663	14996368193187989284	1557978184217399141	16164011617442095239	-5535.0170898438	0.0000000000	37.7682125126	28.2988075629
60	19	230773126182757894	7692821074440121912	9569742178726707083	14739050696366863016	-5535.0263671875	0.0000000000	46.8317261022	58.0914294471
64	45	9696301458210436234	10118968526249132794	5099728815460218246	7150279547982762810	-5535.0268554688	0.0000000000	44.5902715927	50.0438635175
79	87	2501211020233769820	5601208716039951663	1232520842289919729	9441491645024892626	-5535.0327148438	0.0000000000	41.4501945800	37.7838375126
111	108	12355689472340701209	14996368193187989284	2678759308194217350	10775912748804034143	-5535.0546875000	0.0000000000	27.3854459971	28.3364052191
5	54	2149484152715392458	10494363557995427270	2729544137896701787	10847618581847773001	-5535.0766601562	0.0000000000	65.3536389897	47.8452842667
79	39	2501211020233769820	8936177091956132308	904445908634330529	5756298451142243470	-5535.0869140625	0.0000000000	41.5043937988	51.3091930836
67	79	303163103940296667	2501211020233769820	6271120995460432586	17934056441503037114	-5535.0976562500	0.0000000000	43.2925307052	41.5151359863
37	28	12249581567144989954	17027433896387945395	8184212628098466647	18147171632549637884	-5535.0981445312	0.0000000000	51.5653548404	54.1801883960
10	122	3715343508190632273	8167972712163343844	458111414879306054	6759763536123871538	-5535.1069335938	0.0000000000	61.8153120115	14.7837262205
13	68	10079227655342552495	13171866292654863094	13112932261336375514	16100992355916477514	-5535.1411132812	0.0000000000	59.3954762342	43.1726601788
70	27	1592214687186736870	13931414467280736271	9577474265606141475	16386802065999847101	-5535.1586914062	0.0000000000	43.0875667009	54.7997163602
60	42	230773126182757894	6149821055044103313	9206930009055883963	13662104567795640589	-5535.1601562500	0.0000000000	46.9655151647	50.6277083894
40	28	15633704558089027375	17027433896387945395	14217369535305514157	16751348948062680868	-5535.1606445312	0.0000000000	51.3756533913	54.2426883960
101	2	9781730914178405044	13107051123224136067	11247362910987029066	12605356436526076567	-5535.1723632812	0.0000000000	32.9568900016	72.5582051651
87	83	5601208716039951663	13586099871725120471	9193541843058148843	14186847071913471205	-5535.1826171875	0.0000000000	37.9337398563	39.8313423642
45	68	10118968526249132794	13171866292654863094	973278231190624490	6382682957065682508	-5535.1889648438	0.0000000000	50.2059728925	43.2205117413
10	96	3715343508190632273	14922418272091202393	163565484969200043	12360259122772482904	-5535.1977539062	0.0000000000	61.9061323240	35.2250071804
81	83	3175835436065505467	13586099871725120471	5443437539963983884	13999659046445824736	-5535.2197265625	0.0000000000	40.6966521486	39.8684517392
79	30	2501211020233769820	7858847987573124453	72468685964259685	6734269257053662424	-5535.2270507812	0.0000000000	41.6445305175	53.5118041677
90	34	564253395306586288	14097627609532728280	8713935178166053334	12948318808051052534	-5535.2299804688	0.0000000000	36.6299858506	52.7530818580
113	20	11034036556017610313	13355927625687165021	17822847405312677093	17831771445393433410	-5535.2490234375	0.0000000000	26.4042309794	58.2970870071
73	11	541435687269551760	17799708269756447471	12285820047956112362	18044466984021583991	-5535.2607421875	0.0000000000	42.4877019658	61.4921942500
107	94	8478510142031607734	9222751215651972858	1223268002088354485	6657714190018980060	-5535.2651367188	0.0000000000	28.6960865093	35.6477231035
5	94	2149484152715392458	9222751215651972858	10847618581847773001	12373301802195146515	-5535.2685546875	0.0000000000	65.5455335210	35.6511410722
62	37	7011268860006268306	12249581567144989954	3146521800368169436	16643923031158400958	-5535.2685546875	0.0000000000	45.4861817242	51.7357649966
1	114	10324198887431388283	15099006944303593007	1733961331828608782	10315600995778439990	-5535.2778320312	0.0000000000	75.1437202520	25.4311572124
29	103	520324629128040228	10916844756336505972	1039271929592998117	13424891160726036639	-5535.3115234375	0.0000000000	53.6462402284	31.7505891624
69	57	2087039987532444631	9692447327446626127	130170182609835577	9658747068969973844	-5535.3276367188	0.0000000000	43.3413357015	47.4969131988
76	113	2747588696662623730	11034036556017610313	7005632058705968788	17230640922875601679	-5535.3417968750	0.0000000000	41.8570664236	26.4970044169
60	14	230773126182757894	12938275795804049604	662742802073980126	11775063293488335168	-5535.3486328125	0.0000000000	47.1539917272	59.4979327495
21	102	15016803418478563936	16966479684116941053	614334712578407294	7396495813221524194	-5535.3583984375	0.0000000000	57.8402039795	32.1973622704
110	94	6574353373524907807	9222751215651972858	6525959260324893105	10347080607773524311	-5535.3715820312	0.0000000000	28.2363412307	35.7541684160
32	38	3303836963991646703	3887235235952849394	364700478848759841	5027305211736629366	-5535.3730468750	0.0000000000	53.5948532112	51.6173470520
40	85	15633704558089027375	16393214166263308105	8318133224932456775	9666311604531106613	-5535.4047851562	0.0000000000	51.6197940163	39.2854153283
67	96	303163103940296667	14922418272091202393	2243188142546007254	8466779805860937435	-5535.4067382812	0.0000000000	43.6016127365	35.4339915554
72	57	8503372235075209266	9692447327446626127	130170182609835577	12001845054325886159	-5535.4487304688	0.0000000000	42.8217479705	47.6180069488
24	20	58338521781336478	13355927625687165021	12168964088162389251	17376316365385573341	-5535.4907226562	0.0000000000	56.3708363314	58.5387862258
24	76	58338521781336478	2747588696662623730	2294514079960287281	12553404160714371574	-5535.4941406250	0.0000000000	56.3742543001	42.0094101736
63	2	1399070161628260596	13107051123224136067	14929057268589140575	15278200681810607724	-5535.5146484375	0.0000000000	45.3535383572	72.9004903214
22	110	3990398796172833387	6574353373524907807	5736085116220164013	6031540983318477837	-5535.5356445312	0.0000000000	57.6274299691	28.4004037307
32	64	3303836963991646703	9696301458210436234	2750627346767661051	15854602171243607290	-5535.5517578125	0.0000000000	53.7735641487	45.1151739365
86	14	2181137809313707726	12938275795804049604	2136603362688749988	12687186964299317021	-5535.5571289062	0.0000000000	38.9713738823	59.7064288432
30	105	7858847987573124453	13728310634633545021	8806035625288844222	14409249573956636657	-5535.5986328125	0.0000000000	53.8833861990	30.1926476356
79	119	2501211020233769820	17918245985891918390	2599190648330424132	12207936862203667673	-5535.6098632812	0.0000000000	42.0273430175	17.8975909951
93	104	3242482612805492339	16298007830431462257	6938056311901175119	10569652757128714187	-5535.6440429688	0.0000000000	36.1861474001	31.4440468039
106	21	7684204559276021956	15016803418478563936	6001692131413233274	17263963162153776804	-5535.6567382812	0.0000000000	29.4437574198	58.1385438232
2	75	13107051123224136067	14608757246259334758	12753106562433308013	13704648147794989117	-5535.6655273438	0.0000000000	73.0513692276	42.5625081572
22	97	3990398796172833387	5828997022151569970	3991786870884825231	9829110014958667480	-5535.6679687500	0.0000000000	57.7597541879	35.4090588988
36	40	10369745369462594300	15633704558089027375	7252053224680336559	17007379525266934771	-5535.6787109375	0.0000000000	52.9288246962	51.8937197975
32	121	3303836963991646703	17021626295139303671	9050880530878324073	11266158525035069059	-5535.6791992188	0.0000000000	53.9010055550	15.7343307130
61	81	2173314438107378563	3175835436065505467	2108606195430318616	3228065265203465470	-5535.7167968750	0.0000000000	46.9437718913	41.1937224611
81	45	3175835436065505467	10118968526249132794	3644768603994983292	6040954682851781165	-5535.7246093750	0.0000000000	41.2015349611	50.7416174237
117	4	5946235283944295470	16923322824322317466	7606618460358675033	8178904836055387911	-5535.7309570312	0.0000000000	23.9643636266	66.0594670929
67	49	303163103940296667	7823186920941671451	5031533619122769614	16864879730466279929	-5535.7363281250	0.0000000000	43.9312025802	49.2134980224
95	109	1269677664921442142	8288089849152396567	8733254386114575374	10439786032272570158	-5535.7373046875	0.0000000000	35.9083218373	28.8757779403
41	37	4688636836818565261	12249581567144989954	125133378909004348	8242946195884296374	-5535.7387695312	0.0000000000	51.2321414404	52.2059798404
28	66	17027433896387945395	18431247209864649693	12941436559906144316	14092439379086668233	-5535.7504882812	0.0000000000	54.8325321460	43.9813369605
68	50	13171866292654863094	15516788000137984293	12184500492455690714	15952767422920011488	-5535.7573242188	0.0000000000	43.7888711163	49.0078033184
5	34	2149484152715392458	14097627609532728280	8936311914298631123	10548810524377072721	-5535.7680664062	0.0000000000	66.0450452397	53.2911677955
49	83	7823186920941671451	13586099871725120471	6272953464647500976	11299018970603932826	-5535.7690429688	0.0000000000	49.2462128661	40.4177681454
107	85	8478510142031607734	16393214166263308105	35909964913626460	17067573158670887854	-5535.7807617188	0.0000000000	29.2117115093	39.6613918908
41	97	4688636836818565261	5828997022151569970	4066249719735348477	11207665165309043708	-5535.7822265625	0.0000000000	51.2755984717	35.5233167113
14	50	12938275795804049604	15516788000137984293	4930694642632802174	5374267106372138746	-5535.7885742188	0.0000000000	59.9378741557	49.0390533184
118	25	5342875789511471951	16550426852500463777	4543708674700546175	13780896633283061528	-5535.7915039062	0.0000000000	22.1188142019	56.5660160157
95	18	1269677664921442142	17473836722014595788	11457619045971320843	14802487368504438347	-5535.7944335938	0.0000000000	35.9654507436	58.9213239451
36	121	10369745369462594300	17021626295139303671	14072419270441616760	14912699780650916211	-5535.8017578125	0.0000000000	53.0518715712	15.8568893068
17	59	429853561211997818	2239142532014743282	12734606932002876658	18335202322609797272	-5535.8066406250	0.0000000000	59.5879823025	47.8075595648
38	94	3887235235952849394	9222751215651972858	6542403978238957942	16113076073644587680	-5535.8134765625	0.0000000000	52.0577767395	36.1960629472
88	25	10084124936668487071	16550426852500463777	10145041869765132707	11569773768255003327	-5535.8183593750	0.0000000000	38.2732022423	56.5928714844
53	7	15405698928020597209	15571085747497726625	1980499674835271404	17129520982495036100	-5535.8491210938	0.0000000000	48.9521307439	63.8992655107
61	34	2173314438107378563	14097627609532728280	5755214441708896322	11841732038788995975	-5535.8916015625	0.0000000000	47.1185765788	53.4147029518
45	40	10118968526249132794	15633704558089027375	880207600018676007	11640560553921820841	-5535.8955078125	0.0000000000	50.9125158612	52.1105166725
57	45	9692447327446626127	10118968526249132794	7071796190605339779	18049331895916489473	-5535.9125976562	0.0000000000	48.0818741363	50.9296057050
24	68	58338521781336478	13171866292654863094	5526671528511971328	10130407673093534344	-5535.9160156250	0.0000000000	56.7961293001	43.9475625225
70	36	1592214687186736870	10369745369462594300	4871643753668257276	12501713349265006343	-5535.9213867188	0.0000000000	43.8502620134	53.1715004774
60	51	230773126182757894	3374397758373242900	10724471956042832322	15010694025623951004	-5535.9267578125	0.0000000000	47.7321167272	49.1511098661
85	18	16393214166263308105	17473836722014595788	12748594811035325360	17843564780291113021	-5535.9829101562	0.0000000000	39.8635403283	59.1098005076
8	55	8992346648558435547	11851817067206489169	4054506627896753007	7678964209713548616	-5536.0043945312	0.0000000000	63.9225969340	48.3972492469
94	111	9222751215651972858	12355689472340701209	1009040153024469485	2024683569570624008	-5536.0273437500	0.0000000000	36.4099301347	28.3581022471
73	100	541435687269551760	3742391230315232177	5251347661976965569	13949185606984655228	-5536.0307617188	0.0000000000	43.2577214970	34.2095049686
62	75	7011268860006268306	14608757246259334758	4783081703570365452	11715749070449465269	-5536.0380859375	0.0000000000	46.2557129742	42.9350667509
15	58	3773740555311062023	4138555004563608843	9443877197790786204	10131676426729642438	-5536.0493164062	0.0000000000	59.9398429019	48.0859082859
45	36	10118968526249132794	10369745369462594300	240810472840758453	18419119873812675382	-5536.0537109375	0.0000000000	51.0707189862	53.3038246962
101	40	9781730914178405044	15633704558089027375	1480010312400201512	10413700020895588157	-5536.0664062500	0.0000000000	33.8509329704	52.2814151100
94	33	9222751215651972858	10368442723802325466	5700011233796561358	15289428037503135047	-5536.0717773438	0.0000000000	36.4543637285	53.8412877343
113	4	11034036556017610313	16923322824322317466	2193482601712588330	11951910408337409215	-5536.0961914062	0.0000000000	27.2513989481	66.4247014679
15	111	3773740555311062023	12355689472340701209	10380824422602923652	11349370021580471262	-5536.1054687500	0.0000000000	59.9959952457	28.4362272471
54	48	10494363557995427270	11384733198153311516	4797653089442561929	15153956563883403367	-5536.1181640625	0.0000000000	48.8867881729	49.9845678363
7	89	15571085747497726625	16609562587620384987	5159290015832370623	9121209566448752129	-5536.1259765625	0.0000000000	64.1761209795	37.7232509761
95	82	1269677664921442142	13012805549261864440	12857782820969154856	15802265928187464483	-5536.1274414062	0.0000000000	36.2984585561	40.7763887718
113	21	11034036556017610313	15016803418478563936	7092968791801747486	17429025475969913810	-5536.1342773438	0.0000000000	27.2894848856	58.6160828857
99	92	3770798787649587355	10367805946812379509	11033735825209879489	17576381068386794404	-5536.1430664062	0.0000000000	34.4893226700	36.9583964026
103	111	10916844756336505972	12355689472340701209	8053401536099123950	17470611240276766977	-5536.1533203125	0.0000000000	32.5923860374	28.4840788096
26	87	167167149883495741	5601208716039951663	11134534086640113362	14873887082665654230	-5536.1772460938	0.0000000000	56.8617768060	38.9283687626
10	40	3715343508190632273	15633704558089027375	8398248045124548632	10010621980207740004	-5536.1826171875	0.0000000000	62.8909956052	52.3976260475
73	107	541435687269551760	8478510142031607734	7039808969248122230	17067573158670887854	-5536.1840820312	0.0000000000	43.4110418095	29.6150318218
22	85	3990398796172833387	16393214166263308105	2080977160062649647	6032445217330701201	-5536.1899414062	0.0000000000	58.2817268441	40.0705715783
23	45	8983620928718234954	10118968526249132794	7874448218072608533	7888182641756829422	-5536.2080078125	0.0000000000	57.7088354905	51.2250158612
13	116	10079227655342552495	14319670599260614879	11279532592475328837	11964426750669300573	-5536.2133789062	0.0000000000	60.4677418592	24.8487290136
120	53	15354991408888356854	15405698928020597209	41210771956961412	18293938977002936834	-5536.2187500000	0.0000000000	17.8062633538	49.3217596502
56	83	11357898340897756903	13586099871725120471	5728432354232064735	17525092834773250785	-5536.2641601562	0.0000000000	48.4439708797	40.9128853329
76	14	2747588696662623730	12938275795804049604	49006040715150367	8390552193710778305	-5536.2807617188	0.0000000000	42.7960312673	60.4300616557
113	78	11034036556017610313	14809137665620150592	7694242791877165454	16136529631367004812	-5536.2851562500	0.0000000000	27.4403637919	42.7162313637
94	98	9222751215651972858	18248472685024111301	12846070847328536887	14158638978315142844	-5536.2871093750	0.0000000000	36.6696957597	35.6021511778
94	114	9222751215651972858	15099006944303593007	14158638978315142844	16227927360809175211	-5536.2871093750	0.0000000000	36.6696957597	26.4404345561
90	49	564253395306586288	7823186920941671451	2116664771558134709	16004451769747803788	-5536.3002929688	0.0000000000	37.7002983506	49.7774628661
114	66	15099006944303593007	18431247209864649693	5848074218649509772	14467410907694939789	-5536.3051757812	0.0000000000	26.4585009624	44.5360244605
5	22	2149484152715392458	3990398796172833387	5235334507515248244	14029947854879970859	-5536.3061523438	0.0000000000	66.5831311772	58.3979377816
16	44	12201523437214473668	13956310948762308203	9432419334359800153	15841793793384426294	-5536.3173828125	0.0000000000	60.1335363988	51.5318833608
118	57	5342875789511471951	9692447327446626127	6278747032709901247	7722281573017744123	-5536.3408203125	0.0000000000	22.6681306082	48.5100967925
8	96	8992346648558435547	14922418272091202393	5432636888965091242	18248415606906319651	-5536.3862304688	0.0000000000	64.3044328715	36.4134837429
97	7	5828997022151569970	15571085747497726625	3385389928930832393	3566937281147689923	-5536.3955078125	0.0000000000	36.1365979613	64.4456522295
35	85	1374669322539188936	16393214166263308105	10878087717296993332	11767908217749304701	-5536.4096679688	0.0000000000	53.7445646830	40.2902981408
48	37	11384733198153311516	12249581567144989954	6460094857571398199	6586141785181168535	-5536.4160156250	0.0000000000	50.2824193988	52.8832259341
101	96	9781730914178405044	14922418272091202393	11450020017933285527	14202767742381039138	-5536.4174804688	0.0000000000	34.2020071891	36.4447337429
15	50	3773740555311062023	15516788000137984293	8983883276881606770	10803577718874231473	-5536.4501953125	0.0000000000	60.3407218082	49.7006744121
45	37	10118968526249132794	12249581567144989954	13443644464461096945	16785075007008051735	-5536.4941406250	0.0000000000	51.5111486737	52.9613509341
106	43	7684204559276021956	9188283139325803671	12255058759666371226	13811745925316814357	-5536.5302734375	0.0000000000	30.3172925761	51.7773151338
115	43	5083548386099259802	9188283139325803671	11036429494247720549	12255058759666371226	-5536.5302734375	0.0000000000	26.0509767632	51.7773151338
24	54	58338521781336478	10494363557995427270	6498812826869981587	17376316365385573341	-5536.5410156250	0.0000000000	57.4211293001	49.3096397354
41	106	4688636836818565261	7684204559276021956	3482866165806341141	11262152454111040863	-5536.5668945312	0.0000000000	52.0602664404	30.3539136698
83	6	13586099871725120471	16894134299124238804	2345977867800554689	4360410967832212264	-5536.5820312500	0.0000000000	41.2307564267	65.0120469447
105	44	13728310634633545021	13956310948762308203	13783971726959372106	15131610132942478037	-5536.5844726562	0.0000000000	31.1784874793	51.7989732046
84	113	2564171262913545665	11034036556017610313	17463959437182737740	18365497381094519895	-5536.5903320312	0.0000000000	40.7507692271	27.7455395731
67	42	303163103940296667	6149821055044103313	17279859942560203717	17279930981287521773	-5536.6064453125	0.0000000000	44.8013197677	52.0739974519
59	45	2239142532014743282	10118968526249132794	8801272577890144258	17848351461401705846	-5536.6142578125	0.0000000000	48.6151767523	51.6312658612
86	13	2181137809313707726	10079227655342552495	14013616366101922973	16839202936605034289	-5536.6157226562	0.0000000000	40.0299676323	60.8700856092
65	25	15378060113354634737	16550426852500463777	11380049652834649361	13649112777154795101	-5536.6186523438	0.0000000000	44.9990535224	57.3931644532
26	53	167167149883495741	15405698928020597209	8243528970527896672	15714332422313618633	-5536.6230468750	0.0000000000	57.3075775873	49.7260565252
81	94	3175835436065505467	9222751215651972858	2900379975680469426	7189366438883575027	-5536.6333007812	0.0000000000	42.1102263674	37.0158871660
70	57	1592214687186736870	9692447327446626127	4076556973800078561	11168701097009095649	-5536.6406250000	0.0000000000	44.5695002947	48.8099014800
55	82	11851817067206489169	13012805549261864440	251129001635614323	7183309944578896301	-5536.6440429688	0.0000000000	49.0368976844	41.2929903343
63	46	1399070161628260596	7251700801891077616	382418862242068276	14343771248056799093	-5536.6562500000	0.0000000000	46.4951399197	51.6339692124
24	36	58338521781336478	10369745369462594300	3148365362835162569	6164779551438092437	-5536.6611328125	0.0000000000	57.5412464876	53.9112465712
72	82	8503372235075209266	13012805549261864440	463536626464568973	6379469853729961723	-5536.6689453125	0.0000000000	44.0419628142	41.3178926780
46	11	7251700801891077616	17799708269756447471	12968039141424248595	17876101226687727926	-5536.6704101562	0.0000000000	51.6481293687	62.9018622188
99	27	3770798787649587355	13931414467280736271	6901572008745975541	7308314522210246963	-5536.6762695312	0.0000000000	35.0225257950	56.3172944852
70	121	1592214687186736870	17021626295139303671	13758948657477137987	17873810003166931441	-5536.6943359375	0.0000000000	44.6232112322	16.7494674318
76	42	2747588696662623730	6149821055044103313	2822707348398208522	5933766484241317519	-5536.7148437500	0.0000000000	43.2301132986	52.1823958894
22	36	3990398796172833387	10369745369462594300	5060078924238489500	14818345563469642617	-5536.7363281250	0.0000000000	58.8281135629	53.9864418837
34	85	14097627609532728280	16393214166263308105	3910016328331752352	14942851416371286557	-5536.7368164062	0.0000000000	54.2599177955	40.6174465783
111	6	12355689472340701209	16894134299124238804	8607112956049351403	18432244076756794394	-5536.7382812500	0.0000000000	29.0690397471	65.1682969447
76	46	2747588696662623730	7251700801891077616	11286266170797303575	17761935897667398095	-5536.7514648438	0.0000000000	43.2667343923	51.7291840562
10	94	3715343508190632273	9222751215651972858	4449069641099317292	7271993484785980265	-5536.7822265625	0.0000000000	63.4906049802	37.1648129472
118	112	5342875789511471951	11111376794004924671	9577105463967981992	9729411187455763567	-5536.7934570312	0.0000000000	23.1207673269	28.6851101764
69	45	2087039987532444631	10118968526249132794	7171503260873575748	17845365421891418301	-5536.7958984375	0.0000000000	44.8095974203	51.8129064862
27	114	13931414467280736271	15099006944303593007	6910973662020173836	9881733556250326425	-5536.8041992188	0.0000000000	56.4452241727	26.9575243999
32	53	3303836963991646703	15405698928020597209	9490264882889430448	9561402335442378513	-5536.8115234375	0.0000000000	55.0333297737	49.9145330877
111	25	12355689472340701209	16550426852500463777	328605328134470879	7465091586511314006	-5536.8403320312	0.0000000000	29.1710905283	57.6148441407
121	98	17021626295139303671	18248472685024111301	6539394991484305924	17033130672452327254	-5536.8608398438	0.0000000000	16.9159713380	36.1758816465
86	109	2181137809313707726	8288089849152396567	6019067933158726743	13559889989634470634	-5536.8886718750	0.0000000000	40.3029168511	30.0271451278
17	12	429853561211997818	14938178270134821508	3134643626920599649	7598955076476442818	-5536.8906250000	0.0000000000	60.6719666775	61.7054809380
26	62	167167149883495741	7011268860006268306	1919104132715641656	9684593338668126222	-5536.8930664062	0.0000000000	57.5775971185	47.1106934429
81	13	3175835436065505467	10079227655342552495	8422378883407382845	14845040701674957274	-5536.9018554688	0.0000000000	42.3787810549	61.1562184217
100	27	3742391230315232177	13931414467280736271	11367401497086832814	13033080132393537699	-5536.9047851562	0.0000000000	35.0835284061	56.5458101102
74	19	279844733889261352	7692821074440121912	4980866158569180896	8926851359643919234	-5536.9409179688	0.0000000000	43.9784815566	60.0059802283
13	47	10079227655342552495	11947096545996455153	11864842212834727673	13148766380536648615	-5536.9497070312	0.0000000000	61.2040699842	51.0462969384
93	18	3242482612805492339	17473836722014595788	2689994635678172363	9518420033764329164	-5536.9526367188	0.0000000000	37.4947411501	60.0795270701
32	102	3303836963991646703	16966479684116941053	1645257827326806875	2636053593292843479	-5536.9531250000	0.0000000000	55.1749313362	33.7920888329
67	18	303163103940296667	17473836722014595788	3452636434054743452	10036522384494801365	-5536.9531250000	0.0000000000	45.1479994552	60.0800153513
24	102	58338521781336478	16966479684116941053	10954722693733299569	16629675241125250329	-5536.9736328125	0.0000000000	57.8537464876	33.8125966454
17	85	429853561211997818	16393214166263308105	8557640080575799570	10534706984934950462	-5536.9775390625	0.0000000000	60.7588807400	40.8581692346
32	46	3303836963991646703	7251700801891077616	3167632288538020660	12405244444146636991	-5536.9824218750	0.0000000000	55.2042282112	51.9601410874
106	53	7684204559276021956	15405698928020597209	1247984409982307028	13257552085296428851	-5536.9965820312	0.0000000000	30.7836011698	50.0995916814
31	18	16657069432005198003	17473836722014595788	8754622633264307313	17634330539166670239	-5537.0117187500	0.0000000000	55.2428091417	60.1386091013
80	47	11254879324197340454	11947096545996455153	7670018582512922313	13587207291589630318	-5537.0190429688	0.0000000000	43.0477627840	51.1156328759
114	4	15099006944303593007	16923322824322317466	327268990762739547	15666807433757312774	-5537.0190429688	0.0000000000	27.1723681499	67.3475530304
32	87	3303836963991646703	5601208716039951663	6806837252506142940	14744920724561852925	-5537.0214843750	0.0000000000	55.2432907112	39.7726070438
42	92	6149821055044103313	10367805946812379509	4899651357504663005	5298379597600487781	-5537.0214843750	0.0000000000	52.4890365144	37.8368143714
81	57	3175835436065505467	9692447327446626127	6764548054295305447	15015208999984148959	-5537.0229492188	0.0000000000	42.4998748049	49.1922256988
86	47	2181137809313707726	11947096545996455153	848311434914174585	9508801092822897950	-5537.0234375000	0.0000000000	40.4376824761	51.1200274072
36	108	10369745369462594300	14996368193187989284	13202561194129790021	16092674688911083019	-5537.0410156250	0.0000000000	54.2911293837	30.3227333441
99	20	3770798787649587355	13355927625687165021	4286680215440931481	15607586701943077024	-5537.0449218750	0.0000000000	35.3911781388	60.0929854446
71	31	2579019396016879642	16657069432005198003	10606643053441718995	12466607801540039271	-5537.0634765625	0.0000000000	44.5686346227	55.2945669542
86	52	2181137809313707726	8242477299940831062	13668603670677948651	15111829801635136494	-5537.0776367188	0.0000000000	40.4918816948	50.2709595314
49	112	7823186920941671451	11111376794004924671	9631661021921614512	13954606514620515503	-5537.1127929688	0.0000000000	50.5899628661	29.0044461139
86	112	2181137809313707726	11111376794004924671	2833980960752502010	9631661021921614512	-5537.1127929688	0.0000000000	40.5270379448	29.0044461139
19	65	7692821074440121912	15378060113354634737	7861712799686972197	11410702117884271938	-5537.1459960938	0.0000000000	60.2110583533	45.5263972724
72	7	8503372235075209266	15571085747497726625	14052976776364471629	18069770797902252227	-5537.1474609375	0.0000000000	44.5204784392	65.1976053545
107	3	8478510142031607734	14093486591111374668	614546549930075657	13448071186740928192	-5537.1694335938	0.0000000000	30.6003833843	71.1790689294
15	107	3773740555311062023	8478510142031607734	910118351168682860	8533561159295199659	-5537.1699218750	0.0000000000	61.0604483707	30.6008716656
73	92	541435687269551760	10367805946812379509	10837233082065649280	12829664778893574823	-5537.1835937500	0.0000000000	44.4105535283	37.9989237464
86	39	2181137809313707726	8936177091956132308	51100352352980830	2259235561209054488	-5537.1953125000	0.0000000000	40.6095574761	53.4175915211
100	96	3742391230315232177	14922418272091202393	4024519799630957067	7392156946776065229	-5537.2407226562	0.0000000000	35.4194659061	37.2679759304
24	110	58338521781336478	6574353373524907807	6036051799539594762	17835288065355886154	-5537.2412109375	0.0000000000	58.1213246126	30.1059701370
5	107	2149484152715392458	8478510142031607734	16055056982451037509	16272241613941718539	-5537.2421875000	0.0000000000	67.5191663335	30.6731372906
17	23	429853561211997818	8983620928718234954	12541615852101893400	12665661063078103188	-5537.2519531250	0.0000000000	61.0332948025	58.7527808030
35	5	1374669322539188936	2149484152715392458	3999208691141093145	13964699416437151365	-5537.2617187500	0.0000000000	54.5966154642	67.5386975835
36	98	10369745369462594300	18248472685024111301	8013095254901580921	14188163267978394377	-5537.2910156250	0.0000000000	54.5411293837	36.6060574278
42	27	6149821055044103313	13931414467280736271	105105478164629378	15512899802527283281	-5537.3212890625	0.0000000000	52.7888412019	56.9623140165
14	114	12938275795804049604	15099006944303593007	8004391300100373701	8310480091788610467	-5537.3515625000	0.0000000000	61.5008624370	27.5048876811
43	82	9188283139325803671	13012805549261864440	6204193453829695891	10939601340737016624	-5537.3647460938	0.0000000000	52.6117877900	42.0136934593
35	48	1374669322539188936	11384733198153311516	8789942739980271928	14603007268895106052	-5537.3994140625	0.0000000000	54.7343107767	51.2658178363
38	46	3887235235952849394	7251700801891077616	11593191404872921086	16023075442031600443	-5537.4130859375	0.0000000000	53.6573861145	52.3908051499
59	6	2239142532014743282	16894134299124238804	710448509802886134	9335561004039067903	-5537.4169921875	0.0000000000	49.4179111273	65.8470078822
22	6	3990398796172833387	16894134299124238804	15539836664640683358	16747817726441431990	-5537.4287109375	0.0000000000	59.5204963754	65.8587266322
116	21	14319670599260614879	15016803418478563936	258162933070580556	8888842901654170693	-5537.4355468750	0.0000000000	26.0708969824	59.9173524170
100	7	3742391230315232177	15571085747497726625	7193180419468113639	8174408794665920162	-5537.4497070312	0.0000000000	35.6284502811	65.4998514482
38	72	3887235235952849394	8503372235075209266	79699490135214499	1336437514482728529	-5537.4609375000	0.0000000000	53.7052376770	44.8339550017
101	0	9781730914178405044	10667474865877392284	6450016728369158738	10771059092895688049	-5537.4892578125	0.0000000000	35.2737845329	82.5871063317
17	87	429853561211997818	5601208716039951663	973424708986688409	5841382359846660865	-5537.4941406250	0.0000000000	61.2754823025	40.2452632938
93	72	3242482612805492339	8503372235075209266	10851497056657618921	12829836218000713281	-5537.5107421875	0.0000000000	38.0528466189	44.8837596892
74	36	279844733889261352	10369745369462594300	4171344978971889576	16927928436017550644	-5537.5336914062	0.0000000000	44.5712549941	54.7838051649
74	94	279844733889261352	9222751215651972858	5130548880368712956	6789563194211314835	-5537.5346679688	0.0000000000	44.5722315566	37.9172543535
63	14	1399070161628260596	12938275795804049604	2349930072810395131	13430462213047728014	-5537.5419921875	0.0000000000	47.3808821072	61.6912921245
17	113	429853561211997818	11034036556017610313	6765953031121672924	10306818126931086319	-5537.5439453125	0.0000000000	61.3252869900	28.6991528544
60	72	230773126182757894	8503372235075209266	2781478033411651679	7071648309381544052	-5537.5571289062	0.0000000000	49.3624878209	44.9301464080
60	94	230773126182757894	9222751215651972858	2781478033411651679	9830330626076506764	-5537.5571289062	0.0000000000	49.3624878209	37.9397152910
9	19	2439594373950395860	7692821074440121912	1437823121649883094	13308982645326241040	-5537.5620117188	0.0000000000	64.7557913626	60.6270739783
42	56	6149821055044103313	11357898340897756903	7934372460494679075	14321366076239532854	-5537.5761718750	0.0000000000	53.0437240144	49.7559825984
75	7	14608757246259334758	15571085747497726625	5575201059216082370	15325824405904392984	-5537.6088867188	0.0000000000	44.5058675322	65.6590311357
15	66	3773740555311062023	18431247209864649693	16713221061187185875	17053872268517492075	-5537.6601562500	0.0000000000	61.5506827457	45.8910049293
95	58	1269677664921442142	4138555004563608843	1515535685625843111	7196173406467201580	-5537.6601562500	0.0000000000	37.8311733998	49.6967481296
77	111	7437397082061112758	12355689472340701209	9681592078732111762	12407526926034339685	-5537.6713867188	0.0000000000	44.1637092732	30.0021452158
70	61	1592214687186736870	2173314438107378563	276665133305847312	7772092149079195571	-5537.7192382812	0.0000000000	45.6481135759	48.9462132976
22	47	3990398796172833387	11947096545996455153	462065721588707891	10934565095396513631	-5537.7202148438	0.0000000000	59.8120002816	51.8168047509
10	102	3715343508190632273	16966479684116941053	263350627367759341	17843949351433336560	-5537.7285156250	0.0000000000	64.4368940427	34.5674794579
33	113	10368442723802325466	11034036556017610313	7575073879168111500	16905742103289960072	-5537.7529296875	0.0000000000	55.5224400780	28.9081372294
39	13	8936177091956132308	10079227655342552495	1931725419196863502	13969966847358712958	-5537.7758789062	0.0000000000	53.9981579273	62.0302418592
79	8	2501211020233769820	8992346648558435547	73913101258964856	15979104059273799029	-5537.7768554688	0.0000000000	44.1943352050	65.6950578715
82	89	13012805549261864440	16609562587620384987	8127010837647424856	13972644923377019539	-5537.7807617188	0.0000000000	42.4297090843	39.3780361323
93	33	3242482612805492339	10368442723802325466	1096103762645498888	3165036135169257466	-5537.7861328125	0.0000000000	38.3282372439	55.5556432030
46	12	7251700801891077616	14938178270134821508	1945945225542337191	17831213128356464382	-5537.7919921875	0.0000000000	52.7697113999	62.6068481255
17	86	429853561211997818	2181137809313707726	2681586820990120964	6072739415144054874	-5537.8525390625	0.0000000000	61.6338807400	41.2667840386
79	98	2501211020233769820	18248472685024111301	5215752522617756257	17535329326725154692	-5537.8544921875	0.0000000000	44.2719719238	37.1695339903
47	105	11947096545996455153	13728310634633545021	8806035625288844222	10169578415512565189	-5537.8642578125	0.0000000000	51.9608477197	32.4582726356
35	16	1374669322539188936	12201523437214473668	2644316192891238504	16343799227786395874	-5537.8676757812	0.0000000000	55.2025724955	61.6838293676
22	58	3990398796172833387	4138555004563608843	4441602742240396902	15962623003879873848	-5537.8784179688	0.0000000000	59.9702034066	49.9150098484
49	54	7823186920941671451	10494363557995427270	3090894881191168540	11191898977137668010	-5537.8940429688	0.0000000000	51.3712128661	50.6626670792
39	16	8936177091956132308	12201523437214473668	10340623171810676798	13641838087101921687	-5537.9145507812	0.0000000000	54.1368298023	61.7307043676
70	100	1592214687186736870	3742391230315232177	13927311664876402636	16311205657077121352	-5537.9204101562	0.0000000000	45.8492854509	36.0991534061
103	12	10916844756336505972	14938178270134821508	10555246757416962867	13346859196099476329	-5537.9428710938	0.0000000000	34.3819368187	62.7577270317
9	99	2439594373950395860	3770798787649587355	4112621649133480637	7945750270401471005	-5537.9492187500	0.0000000000	65.1429983939	36.2954750138
109	94	8288089849152396567	9222751215651972858	1010386740196550903	8212613174538846656	-5537.9536132812	0.0000000000	31.0920865341	38.3361996660
39	94	8936177091956132308	9222751215651972858	6591785792943084212	17268956930268930502	-5537.9594726562	0.0000000000	54.1817516773	38.3420590410
96	4	14922418272091202393	16923322824322317466	3189795124715774213	4089895709460988503	-5537.9643554688	0.0000000000	37.9916087429	68.2928655304
76	6	2747588696662623730	16894134299124238804	1131422077941769608	4208381353986439527	-5537.9687500000	0.0000000000	44.4840195486	66.3987656947
14	40	12938275795804049604	15633704558089027375	5966940642611426068	10868537214908098151	-5537.9829101562	0.0000000000	62.1322100932	54.1979190163
49	55	7823186920941671451	11851817067206489169	7461388645035278684	15430428654289607964	-5537.9912109375	0.0000000000	51.4683808349	50.3840656532
69	49	2087039987532444631	7823186920941671451	3364891409644340839	3445155788145840730	-5537.9980468750	0.0000000000	46.0117458578	51.4752167724
53	98	15405698928020597209	18248472685024111301	2504209067722275805	7422245959949708459	-5538.0117187500	0.0000000000	51.1147284002	37.3267605528
79	4	2501211020233769820	16923322824322317466	14577444270504338734	16645748252602440752	-5538.0405273438	0.0000000000	44.4580070800	68.3690374054
49	72	7823186920941671451	8503372235075209266	677682322819970368	17774029340579837923	-5538.0419921875	0.0000000000	51.5191620849	45.4150096892
79	40	2501211020233769820	15633704558089027375	1049432633102699554	10125110581789622986	-5538.1372070312	0.0000000000	44.5546867675	54.3522158913
35	37	1374669322539188936	12249581567144989954	3325164574538405996	7243943451965415720	-5538.1411132812	0.0000000000	55.4760099955	54.6083235904
46	85	7251700801891077616	16393214166263308105	6850433329427787335	17102465962516667812	-5538.1772460938	0.0000000000	53.1549653062	42.0578762658
1	102	10324198887431388283	16966479684116941053	263350627367759341	1495020362076613439	-5538.1967773438	0.0000000000	78.0626655645	35.0357411767
26	45	167167149883495741	10118968526249132794	9558177350505148890	10714771746011392894	-5538.2128906250	0.0000000000	58.8974213373	53.2298986737
75	96	14608757246259334758	14922418272091202393	5978136894837665906	14202767742381039138	-5538.2221679688	0.0000000000	45.1191487822	38.2494212429
58	121	4138555004563608843	17021626295139303671	5220603038536289609	14843467655443503929	-5538.2480468750	0.0000000000	50.2846387546	18.3031783693
9	77	2439594373950395860	7437397082061112758	13263132662998683817	16542652912812052727	-5538.2592773438	0.0000000000	65.4530569876	44.7515998982
81	99	3175835436065505467	3770798787649587355	6950036700552004140	17736169918800021729	-5538.2690429688	0.0000000000	43.7459685549	36.6152992325
112	3	11111376794004924671	14093486591111374668	12183524515952074550	17638686934322771432	-5538.2719726562	0.0000000000	30.1636258014	72.2816079919
67	82	303163103940296667	13012805549261864440	4765157683102670210	6385458523918786960	-5538.2880859375	0.0000000000	46.4829603927	42.9370333030
64	33	9696301458210436234	10368442723802325466	7477199495175698339	16053049077326780009	-5538.2968750000	0.0000000000	47.8602911240	56.0663853905
84	99	2564171262913545665	3770798787649587355	1123025312479617558	16758505588354873425	-5538.3090820312	0.0000000000	42.4695192271	36.6553382950
69	55	2087039987532444631	11851817067206489169	1658755152619240304	13354084843392312702	-5538.3139648438	0.0000000000	46.3276638265	50.7068195594
49	113	7823186920941671451	11034036556017610313	7235818252182505805	14557031451479535306	-5538.3178710938	0.0000000000	51.7950409911	29.4730786356
114	25	15099006944303593007	16550426852500463777	1683289235449797555	3399560239029263491	-5538.3344726562	0.0000000000	28.4877978374	59.1089847657
47	28	11947096545996455153	17027433896387945395	2804923755127316765	12707800305945917636	-5538.3535156250	0.0000000000	52.4501055322	57.4355594898
106	54	7684204559276021956	10494363557995427270	5410837423407872427	12036048064430985059	-5538.4003906250	0.0000000000	32.1874097636	51.1690147354
77	36	7437397082061112758	10369745369462594300	7727680090869860443	12817655609958928179	-5538.4008789062	0.0000000000	44.8932014607	55.6509926649
102	119	16966479684116941053	17918245985891918390	8590296319819585184	14565386241647327011	-5538.4218750000	0.0000000000	35.2608388329	20.7096027138
99	49	3770798787649587355	7823186920941671451	2058332136031949110	16289782091518095479	-5538.4379882812	0.0000000000	36.7842445450	51.9151581786
79	81	2501211020233769820	3175835436065505467	3278933173435925973	7891148106820410845	-5538.4448242188	0.0000000000	44.8623039550	43.9217498049
55	83	11851817067206489169	13586099871725120471	937895841711443109	15618398189876682485	-5538.4589843750	0.0000000000	50.8518390907	43.1077095517
60	13	230773126182757894	10079227655342552495	13706031931960204857	13792104181407249089	-5538.5117187500	0.0000000000	50.3170776647	62.7660817030
60	20	230773126182757894	13355927625687165021	4015925815367758923	11308457373247406663	-5538.5141601562	0.0000000000	50.3195190709	61.5622237258
106	83	7684204559276021956	13586099871725120471	6945594899071817167	9524804149321447012	-5538.5615234375	0.0000000000	32.3485425761	43.2102486142
10	99	3715343508190632273	3770798787649587355	3501803761021373683	7067243391824008363	-5538.5908203125	0.0000000000	65.2991987302	36.9370765763
62	64	7011268860006268306	9696301458210436234	316519165593956948	2661709167211126698	-5538.5927734375	0.0000000000	48.8104004742	48.1561895615
86	2	2181137809313707726	13107051123224136067	11031109886125314254	11131420445961717974	-5538.6083984375	0.0000000000	42.0226434136	75.9942403214
58	122	4138555004563608843	8167972712163343844	408016021960049064	16620898725744687317	-5538.6289062500	0.0000000000	50.6654981296	18.3056988767
70	21	1592214687186736870	15016803418478563936	2613997295896834276	8968223101668435039	-5538.6293945312	0.0000000000	46.5582698259	61.1112000732
5	87	2149484152715392458	5601208716039951663	4125456154219657033	16693632897345159500	-5538.6337890625	0.0000000000	68.9107678960	41.3849117313
95	36	1269677664921442142	10369745369462594300	1241470380272151702	14993456487158097601	-5538.6347656250	0.0000000000	38.8057827748	55.8848793837
74	21	279844733889261352	15016803418478563936	895194724629292807	17903703695871446966	-5538.6455078125	0.0000000000	45.6830714004	61.1273133545
72	83	8503372235075209266	13586099871725120471	5444114167465269516	5878883396224369937	-5538.6499023438	0.0000000000	46.0229198455	43.2986275204
79	111	2501211020233769820	12355689472340701209	13440938870485495532	18232189040269763090	-5538.6616210938	0.0000000000	45.0791008300	30.9923795908
118	11	5342875789511471951	17799708269756447471	871513328587020368	4739698448362220650	-5538.6650390625	0.0000000000	24.9923493582	64.8964911250
30	109	7858847987573124453	8288089849152396567	1051290638499280839	10890237157498215448	-5538.6694335938	0.0000000000	56.9541869802	31.8079068466
35	57	1374669322539188936	9692447327446626127	9370573095364879568	15648476619154099141	-5538.6831054688	0.0000000000	56.0180021830	50.8523819488
13	112	10079227655342552495	11111376794004924671	7021945659591231384	13462042179997776851	-5538.6879882812	0.0000000000	62.9423512342	30.5796414264
32	18	3303836963991646703	17473836722014595788	1264001113637309767	3490829314686600787	-5538.7148437500	0.0000000000	56.9366500862	61.8417341013
17	68	429853561211997818	13171866292654863094	7051295579234940929	15949115854776037144	-5538.7304687500	0.0000000000	62.5118104275	46.7620156475
9	46	2439594373950395860	7251700801891077616	14103110452937128579	14381705309601553083	-5538.7578125000	0.0000000000	65.9515921439	53.7355317124
74	114	279844733889261352	15099006944303593007	1045960475182568031	5389034950548523667	-5538.7636718750	0.0000000000	45.8012354629	28.9169970561
49	27	7823186920941671451	13931414467280736271	5077774159749393635	7738161913011439085	-5538.7822265625	0.0000000000	52.2593964599	58.4232515165
24	80	58338521781336478	11254879324197340454	7603834084428209188	16801047766832690516	-5538.7900390625	0.0000000000	59.6701527376	44.8187588777
46	80	7251700801891077616	11254879324197340454	2847246923939674192	17397280615633140249	-5538.8066406250	0.0000000000	53.7843598374	44.8353604402
69	23	2087039987532444631	8983620928718234954	270797449740497430	5086053311404250896	-5538.8144531250	0.0000000000	46.8281521078	60.3152808030
29	117	520324629128040228	5946235283944295470	2475290442398985828	3067785780135267909	-5538.8417968750	0.0000000000	57.1765136659	27.0752034704
35	93	1374669322539188936	3242482612805492339	8073134129222061408	15381021919077571153	-5538.8632812500	0.0000000000	56.1981779642	39.4053856814
74	100	279844733889261352	3742391230315232177	3137746898238180781	14928724502699795774	-5538.8750000000	0.0000000000	45.9125635879	37.0537432499
71	57	2579019396016879642	9692447327446626127	2470801377048974281	14809399108710447366	-5538.8906250000	0.0000000000	46.3957830602	51.0599014800
84	2	2564171262913545665	13107051123224136067	944323401412252601	7705679709169665338	-5538.9106445312	0.0000000000	43.0710817271	76.2964864151
30	78	7858847987573124453	14809137665620150592	4109776184036777278	17680594465877978455	-5538.9121093750	0.0000000000	57.1968627615	45.3431844887
91	100	442166951684299261	3742391230315232177	2346346922640572111	11792507812864874744	-5538.9121093750	0.0000000000	39.9463284849	37.0908526249
84	82	2564171262913545665	13012805549261864440	10662812694790053930	16410100254718109232	-5538.9282226562	0.0000000000	43.0886598521	43.5771700218
75	98	14608757246259334758	18248472685024111301	4010906786837447497	16718586583928850575	-5538.9394531250	0.0000000000	45.8364339384	38.2544949278
107	75	8478510142031607734	14608757246259334758	1223268002088354485	4173870754344437379	-5538.9501953125	0.0000000000	32.3811451031	45.8471761259
55	121	11851817067206489169	17021626295139303671	4928805543582468454	16513543963271284030	-5538.9584960938	0.0000000000	51.3513508094	19.0136275880
36	34	10369745369462594300	14097627609532728280	6018816453912151243	14298654467967945099	-5538.9633789062	0.0000000000	56.2134926649	56.4864802955
20	75	13355927625687165021	14608757246259334758	12750670197151228192	18118981380335645946	-5538.9721679688	0.0000000000	62.0202315383	45.8691487822
36	103	10369745369462594300	10916844756336505972	5298584893878009870	14252590405711721866	-5538.9990234375	0.0000000000	56.2491371962	35.4380891624
12	31	14938178270134821508	16657069432005198003	2191289721705932756	13261120480131269398	-5539.0214843750	0.0000000000	63.8363403130	57.2525747667
54	121	10494363557995427270	17021626295139303671	13033756767770768472	17006024356549862817	-5539.0302734375	0.0000000000	51.7988975479	19.0854049318
32	97	3303836963991646703	5828997022151569970	144937858969045919	10069082392255482571	-5539.0312500000	0.0000000000	57.2530563362	38.7723401488
110	20	6574353373524907807	13355927625687165021	4843685079714104940	13932161715399254642	-5539.0439453125	0.0000000000	31.9087045120	62.0920088821
122	13	8167972712163343844	10079227655342552495	16514773552213584568	17758749575198157887	-5539.0576171875	0.0000000000	18.7344098142	63.3119801405
76	50	2747588696662623730	15516788000137984293	856208353720130917	13543479900466196220	-5539.0590820312	0.0000000000	45.5743515798	52.3095611309
41	83	4688636836818565261	13586099871725120471	6871312499422757637	17100534344212986239	-5539.0605468750	0.0000000000	54.5539187842	43.7092720517
68	7	13171866292654863094	15571085747497726625	3347844140292550351	8990378833004902405	-5539.0610351562	0.0000000000	47.0925820538	67.1111795732
72	114	8503372235075209266	15099006944303593007	10533888599356519104	11187280124690404011	-5539.0620117188	0.0000000000	46.4350292205	29.2153368999
46	72	7251700801891077616	8503372235075209266	5695378696129452641	7821228890507416180	-5539.0654296875	0.0000000000	54.0431488999	46.4384471892
7	121	15571085747497726625	17021626295139303671	3528196775363589314	8573843756498832809	-5539.0761718750	0.0000000000	67.1263162920	19.1313033693
90	96	564253395306586288	14922418272091202393	3421790657037536201	12613990751453363943	-5539.1137695312	0.0000000000	40.5137749131	39.1410228054
96	53	14922418272091202393	15405698928020597209	10707049248176995220	12613990751453363943	-5539.1137695312	0.0000000000	39.1410228054	52.2167791814
63	103	1399070161628260596	10916844756336505972	4109592823582634074	13566076815371373228	-5539.1694335938	0.0000000000	49.0083235135	35.6084993187
110	2	6574353373524907807	13107051123224136067	2182540199396330274	12921281218605055515	-5539.1933593750	0.0000000000	32.0581185745	76.5792012589
51	25	3374397758373242900	16550426852500463777	7070824542275947250	18369857199657164624	-5539.2187500000	0.0000000000	52.4431020536	59.9932621094
100	39	3742391230315232177	8936177091956132308	11419943943564993830	15408939035677988165	-5539.2211914062	0.0000000000	37.3999346561	55.4434704273
84	43	2564171262913545665	9188283139325803671	8283226460231427202	9593827601090704048	-5539.2216796875	0.0000000000	43.3821168834	54.4687213838
79	21	2501211020233769820	15016803418478563936	4768011925761873984	16487493635237524506	-5539.2480468750	0.0000000000	45.6655266113	61.7298524170
91	75	442166951684299261	14608757246259334758	8607907734272489039	18198670126656278803	-5539.2768554688	0.0000000000	40.3110745786	46.1738362822
74	84	279844733889261352	2564171262913545665	11829672705515422320	16378506882080816975	-5539.2822265625	0.0000000000	46.3197901504	43.4426637584
93	37	3242482612805492339	12249581567144989954	499487813460046648	12829836218000713281	-5539.2827148438	0.0000000000	39.8248192751	55.7499251529
93	50	3242482612805492339	15516788000137984293	5475491038514922506	7953760541471999195	-5539.2841796875	0.0000000000	39.8262841189	52.5346587871
76	119	2747588696662623730	17918245985891918390	6621303477278268594	8955814970049352019	-5539.3090820312	0.0000000000	45.8243515798	21.5968097451
91	97	442166951684299261	5828997022151569970	14159911146894827437	16406315384186539860	-5539.3164062500	0.0000000000	40.3506253599	39.0574963988
93	20	3242482612805492339	13355927625687165021	40432296313211786	10968886225876129338	-5539.3168945312	0.0000000000	39.8589989626	62.3649581008
42	119	6149821055044103313	17918245985891918390	1500309722566369432	4450881115773787270	-5539.3208007812	0.0000000000	54.7883529207	21.6085284951
8	104	8992346648558435547	16298007830431462257	14313310378673068043	15184409388382414134	-5539.3408203125	0.0000000000	67.2590227152	35.1408241476
72	111	8503372235075209266	12355689472340701209	12762127660285660709	14708785610948871124	-5539.3457031250	0.0000000000	46.7187206267	31.6764616221
111	75	12355689472340701209	14608757246259334758	9547627431969278335	14756119818939598216	-5539.3476562500	0.0000000000	31.6784147471	46.2446370634
36	20	10369745369462594300	13355927625687165021	1621742157936697073	6307220496777487471	-5539.3583984375	0.0000000000	56.6085121962	62.4064620071
39	82	8936177091956132308	13012805549261864440	5155310010328444480	8147225092927028177	-5539.3779296875	0.0000000000	55.6002087086	44.0268770530
51	55	3374397758373242900	11851817067206489169	10997590349220237876	17523834302558271982	-5539.3862304688	0.0000000000	52.6105825224	51.7790851844
55	27	11851817067206489169	13931414467280736271	1553459752032589325	17523834302558271982	-5539.3862304688	0.0000000000	51.7790851844	59.0272554227
38	113	3887235235952849394	11034036556017610313	774324133357513409	10877993395834308844	-5539.3881835938	0.0000000000	55.6324837708	30.5433911356
90	89	564253395306586288	16609562587620384987	6915576924996127796	17972853055256893619	-5539.3901367188	0.0000000000	40.7901421006	40.9874111323
95	68	1269677664921442142	13171866292654863094	10650628488704140523	16886634041344123315	-5539.4042968750	0.0000000000	39.5753140248	47.4358437725
10	14	3715343508190632273	12938275795804049604	2615392556238564700	18145773442424475137	-5539.4062500000	0.0000000000	66.1146284177	63.5555499370
35	15	1374669322539188936	3773740555311062023	2010021867760299601	4076934889179033855	-5539.4208984375	0.0000000000	56.7557951517	63.3114249332
100	22	3742391230315232177	3990398796172833387	9589327433991549819	13048992875370505531	-5539.4331054688	0.0000000000	37.6118487186	61.5248909066
41	25	4688636836818565261	16550426852500463777	203989278242209668	12380528884465687134	-5539.4467773438	0.0000000000	54.9401492529	60.2212894532
71	76	2579019396016879642	2747588696662623730	6428737869449830140	11740050951274779587	-5539.4521484375	0.0000000000	46.9573064977	45.9674179861
36	66	10369745369462594300	18431247209864649693	7200481755555313209	12422593319272391709	-5539.4565429688	0.0000000000	56.7066567274	47.6873916480
97	54	5828997022151569970	10494363557995427270	1028519325105556810	4745223049939341048	-5539.4824218750	0.0000000000	39.2235120238	52.2510459854
90	92	564253395306586288	10367805946812379509	3784389036482978002	15742243968444136413	-5539.4892578125	0.0000000000	40.8892631943	40.3045878089
58	68	4138555004563608843	13171866292654863094	6591344458985147658	7848536275922069575	-5539.4985351562	0.0000000000	51.5351270359	47.5300820538
87	47	5601208716039951663	11947096545996455153	12417369675694144113	14203017801657803624	-5539.5043945312	0.0000000000	42.2555172001	53.6009844384
26	46	167167149883495741	7251700801891077616	905458235814136404	14065369682230136712	-5539.5380859375	0.0000000000	60.2226166498	54.5158051499
92	85	10367805946812379509	16393214166263308105	1138319450755141023	12293510786090174720	-5539.5585937500	0.0000000000	40.3739237464	43.4392239221
38	36	3887235235952849394	10369745369462594300	7715277228727749933	14669400656004743357	-5539.5673828125	0.0000000000	55.8116829895	56.8174965712
70	45	1592214687186736870	10118968526249132794	16297843051001563289	18173429808876039767	-5539.5708007812	0.0000000000	47.4996760759	54.5878088300
61	92	2173314438107378563	10367805946812379509	5847248960255142662	7024088274583699084	-5539.5976562500	0.0000000000	50.8246312663	40.4129862464
60	32	230773126182757894	3303836963991646703	12548547517271469819	12836493169167282980	-5539.5981445312	0.0000000000	51.4035034459	57.8199508675
81	101	3175835436065505467	9781730914178405044	1128737051217910702	5453453531633240036	-5539.6098632812	0.0000000000	45.0867888674	37.3943900016
70	84	1592214687186736870	2564171262913545665	573404307125280388	7993221145048524834	-5539.6347656250	0.0000000000	47.5636409197	43.7952028209
70	117	1592214687186736870	5946235283944295470	2840299700582678429	3067785780135267909	-5539.6611328125	0.0000000000	47.5900081072	27.8945394079
106	50	7684204559276021956	15516788000137984293	2534806522705968526	8041708033787009235	-5539.6665039062	0.0000000000	33.4535230448	52.9169830059
100	64	3742391230315232177	9696301458210436234	2158000489732285475	8481554156340128223	-5539.7119140625	0.0000000000	37.8906573124	49.2753301865
8	64	8992346648558435547	9696301458210436234	12183688233382447499	12376254872018014766	-5539.7133789062	0.0000000000	67.6315813090	49.2767950302
12	85	14938178270134821508	16393214166263308105	2496377510452203128	6859229505956498363	-5539.7783203125	0.0000000000	64.5931762505	43.6589504846
41	77	4688636836818565261	7437397082061112758	10672078440935901839	12702772166738693727	-5539.7788085938	0.0000000000	55.2721805029	46.2711311482
90	5	564253395306586288	2149484152715392458	239431839858193941	16121402719998855450	-5539.7846679688	0.0000000000	41.1846733506	70.0616468022
34	102	14097627609532728280	16966479684116941053	9217781248000329572	14586947728871848466	-5539.7866210938	0.0000000000	57.3097224830	36.6255849267
78	4	14809137665620150592	16923322824322317466	2052780464367717625	5510533341505239881	-5539.7866210938	0.0000000000	46.2176962075	70.1151311554
99	118	3770798787649587355	5342875789511471951	8705584512041502903	14218787469710973256	-5539.8002929688	0.0000000000	38.1465492325	26.1276032644
45	48	10118968526249132794	11384733198153311516	3787057696423287906	17725915768208935749	-5539.8198242188	0.0000000000	54.8368322675	53.6862279926
83	104	13586099871725120471	16298007830431462257	15838211275019950574	18111097190458423534	-5539.8266601562	0.0000000000	44.4753853329	35.6266639914
30	31	7858847987573124453	16657069432005198003	8057687520917316398	18230283591164456311	-5539.8823242188	0.0000000000	58.1670776052	58.1134146105
64	47	9696301458210436234	11947096545996455153	2767344634806310401	16080630109265774521	-5539.8945312500	0.0000000000	49.4579473740	53.9911211572
96	119	14922418272091202393	17918245985891918390	975738738528725005	3977348382024393338	-5539.8989257812	0.0000000000	39.9261790554	22.1866534951
10	106	3715343508190632273	7684204559276021956	8674723467699225919	13492505192776079941	-5539.9125976562	0.0000000000	66.6209760740	33.6996167948
60	85	230773126182757894	16393214166263308105	5729637346166654520	10817171007792937079	-5539.9218750000	0.0000000000	51.7272339147	43.8025051721
13	120	10079227655342552495	15354991408888356854	2119945801708607207	18236447043914364284	-5539.9409179688	0.0000000000	64.1952809217	21.5284313225
24	120	58338521781336478	15354991408888356854	3374495648379859478	18236447043914364284	-5539.9409179688	0.0000000000	60.8210316439	21.5284313225
59	79	2239142532014743282	2501211020233769820	674211297513035043	16081176892016912774	-5539.9604492188	0.0000000000	51.9613681586	46.3779289550
90	35	564253395306586288	1374669322539188936	10300546936171921	13010171118828387021	-5539.9760742188	0.0000000000	41.3760796006	57.3109709330
15	21	3773740555311062023	15016803418478563936	11053168611818958118	15309926778132460008	-5539.9965820312	0.0000000000	63.8871085269	62.4783875732
16	40	12201523437214473668	15633704558089027375	10813772423927743035	14667876008629867314	-5540.0473632812	0.0000000000	63.8635168676	56.2623721413
97	19	5828997022151569970	7692821074440121912	9983373613910551521	12742325196590416322	-5540.0502929688	0.0000000000	39.7913831176	63.1153552283
95	57	1269677664921442142	9692447327446626127	11745858588330619342	18431152668432234147	-5540.0517578125	0.0000000000	40.2227749623	52.2210342925
46	96	7251700801891077616	14922418272091202393	8310613913526185325	14781287102725089687	-5540.0683593750	0.0000000000	55.0460785874	40.0956126491
5	110	2149484152715392458	6574353373524907807	10403245422011337019	14214699846139682323	-5540.0820312500	0.0000000000	70.3590100835	32.9467904495
90	118	564253395306586288	5342875789511471951	5373654436574108060	9104564342337952146	-5540.1005859375	0.0000000000	41.5005913193	26.4278962332
8	83	8992346648558435547	13586099871725120471	10167690728303586981	10301598105362468640	-5540.1083984375	0.0000000000	68.0266008402	44.7571236142
108	21	14996368193187989284	15016803418478563936	10431558211059813252	11842315264926519006	-5540.1147460938	0.0000000000	33.3964638129	62.5965516357
29	88	520324629128040228	10084124936668487071	449550041261448468	14089198217855596045	-5540.1250000000	0.0000000000	58.4597167909	42.5798428673
33	75	10368442723802325466	14608757246259334758	8567147524265710676	17191480832266047556	-5540.1479492188	0.0000000000	57.9174596093	47.0449300322
26	30	167167149883495741	7858847987573124453	10795288322301193461	16910894766030040988	-5540.1757812500	0.0000000000	60.8603119623	58.4605346365
15	105	3773740555311062023	13728310634633545021	5134337273109799631	17585063438545810299	-5540.1777343750	0.0000000000	64.0682608707	34.7717491981
41	13	4688636836818565261	10079227655342552495	752078723601070740	4642624412396773993	-5540.1904296875	0.0000000000	55.6838015967	64.4447926405
60	93	230773126182757894	3242482612805492339	8116582844034678999	15045941772205252380	-5540.1992187500	0.0000000000	52.0045776647	40.7413231814
5	100	2149484152715392458	3742391230315232177	3796032669122195093	5939203170248415919	-5540.2377929688	0.0000000000	70.5147718022	38.4165362186
86	96	2181137809313707726	14922418272091202393	11564928979586027632	17699522481350365376	-5540.2451171875	0.0000000000	43.6593621636	40.2723704616
24	86	58338521781336478	2181137809313707726	6412676852520751466	18057516727011849421	-5540.2514648438	0.0000000000	61.1315785189	43.6657098198
32	39	3303836963991646703	8936177091956132308	637877508389776254	2275553109919513531	-5540.2548828125	0.0000000000	58.4766891487	56.4771618336
5	38	2149484152715392458	3887235235952849394	1026391789780597453	14382916976655275435	-5540.2641601562	0.0000000000	70.5411389897	56.5084603333
58	33	4138555004563608843	10368442723802325466	1447609895243757335	13278418621925257590	-5540.2836914062	0.0000000000	52.3202832859	58.0532017968
35	23	1374669322539188936	8983620928718234954	739592222963724409	6595011871447103061	-5540.2963867188	0.0000000000	57.6312834330	61.7972143968
26	60	167167149883495741	230773126182757894	3890757138783747419	8524904075605454335	-5540.3041992188	0.0000000000	60.9887299310	52.1095581334
64	20	9696301458210436234	13355927625687165021	2726246100166330098	2786114749305644828	-5540.3144531250	0.0000000000	49.8778692490	63.3625166946
15	103	3773740555311062023	10916844756336505972	3115801862545395752	15005148830581217010	-5540.3164062500	0.0000000000	64.2069327457	36.7554719749
95	45	1269677664921442142	10118968526249132794	9933900807712705172	15637164363112609284	-5540.3173828125	0.0000000000	40.4883999623	55.3343908612
72	4	8503372235075209266	16923322824322317466	79699490135214499	6873177698570941598	-5540.3339843750	0.0000000000	47.7070018767	70.6624944366
59	13	2239142532014743282	10079227655342552495	1163196237698781280	10829747311740226628	-5540.3447265625	0.0000000000	52.3456455023	64.5990895155
57	75	9692447327446626127	14608757246259334758	16138918329051604068	17655084370220504203	-5540.3559570312	0.0000000000	52.5252335113	47.2529378447
19	103	7692821074440121912	10916844756336505972	2964305222761176964	8893461160606484599	-5540.3740234375	0.0000000000	63.4390856971	36.8130891624
73	62	541435687269551760	7011268860006268306	967764210986361945	4580181230939821816	-5540.3881835938	0.0000000000	47.6151433720	50.6058106304
17	48	429853561211997818	11384733198153311516	1906574528919950421	9374075088914471805	-5540.3896484375	0.0000000000	64.1709901150	54.2560522113
8	113	8992346648558435547	11034036556017610313	9910010542322383288	10111289041235799115	-5540.4018554688	0.0000000000	68.3200578715	31.5570630106
60	92	230773126182757894	10367805946812379509	3204509591450724949	3872343604572243971	-5540.4047851562	0.0000000000	52.2101440709	41.2201151526
105	4	13728310634633545021	16923322824322317466	4639575151812044134	15741816512408049844	-5540.4047851562	0.0000000000	34.9987999793	70.7332952179
95	108	1269677664921442142	14996368193187989284	10192006460343733283	18142240691042451003	-5540.4150390625	0.0000000000	40.5860562123	33.6967567816
22	87	3990398796172833387	5601208716039951663	11772350216005187035	15798492245184937429	-5540.4228515625	0.0000000000	62.5146370004	43.1739742313
100	78	3742391230315232177	14809137665620150592	3790339613809603304	11678128821787171632	-5540.4228515625	0.0000000000	38.6015948124	46.8539266762
96	31	14922418272091202393	16657069432005198003	12481292923151773584	13501377872116559482	-5540.4370117188	0.0000000000	40.4642649929	58.6681021105
15	43	3773740555311062023	9188283139325803671	4211442390027123523	10125960546403072109	-5540.4633789062	0.0000000000	64.3539054019	55.7104206025
46	120	7251700801891077616	15354991408888356854	3999036933642875665	10412532894262601776	-5540.4921875000	0.0000000000	55.4699067124	22.0797008538
76	66	2747588696662623730	18431247209864649693	3455426369390599234	8815427358469743140	-5540.5581054688	0.0000000000	47.0733750173	48.7889541480
86	43	2181137809313707726	9188283139325803671	10938873292763600426	13381465922310333313	-5540.5996093750	0.0000000000	44.0138543511	55.8466510713
47	78	11947096545996455153	14809137665620150592	5622942250212421390	9173740167835114328	-5540.6279296875	0.0000000000	54.7245195947	47.0590048012
55	68	11851817067206489169	13171866292654863094	428486394025524721	9250026780189041875	-5540.6298828125	0.0000000000	53.0227375282	48.6614297100
22	49	3990398796172833387	7823186920941671451	4941877969196796752	7890552018576721293	-5540.6621093750	0.0000000000	62.7538948129	54.1392792724
60	50	230773126182757894	15516788000137984293	10495372949547066251	16253265679832265229	-5540.6635742188	0.0000000000	52.4689331334	53.9140533184
79	43	2501211020233769820	9188283139325803671	7432445729466407177	17690271866716069945	-5540.6660156250	0.0000000000	47.0834953613	55.9130573213
91	122	442166951684299261	8167972712163343844	5971305767692876813	16805982043979654696	-5540.6777343750	0.0000000000	41.7119534849	20.3545270017
67	38	303163103940296667	3887235235952849394	6246144406802621738	14084528735431921233	-5540.6801757812	0.0000000000	48.8750502365	56.9244759583
87	116	5601208716039951663	14319670599260614879	439499557201857375	12486098381577196515	-5540.6865234375	0.0000000000	43.4376461063	29.3218735449
58	117	4138555004563608843	5946235283944295470	5395015211386417745	9484420202044100894	-5540.7226562500	0.0000000000	52.7592481296	28.9560628454
109	68	8288089849152396567	13171866292654863094	3738646961772865566	10738370693395170785	-5540.7387695312	0.0000000000	33.8772427841	48.7703164288
24	52	58338521781336478	8242477299940831062	3837927747158896064	7398013884221095693	-5540.7407226562	0.0000000000	61.6208363314	53.9340454689
37	98	12249581567144989954	18248472685024111301	3067621374649598680	18250595636785759813	-5540.7846679688	0.0000000000	57.2518782779	40.0997097715
100	46	3742391230315232177	7251700801891077616	7193180419468113639	16569165638471921631	-5540.8100585938	0.0000000000	38.9888018436	55.7877778062
26	36	167167149883495741	10369745369462594300	7800457527605705196	11236429652233255760	-5540.8295898438	0.0000000000	61.5141205560	58.0797036024
84	47	2564171262913545665	11947096545996455153	11024367121646136117	11558022766525799968	-5540.8515625000	0.0000000000	45.0119996959	54.9481524072
22	56	3990398796172833387	11357898340897756903	8518551355468693943	9914307075284242254	-5540.8520507812	0.0000000000	62.9438362191	53.0318615047
63	8	1399070161628260596	8992346648558435547	3685571255547333290	5772528057301412948	-5540.8535156250	0.0000000000	50.6924055447	68.7717180277
95	50	1269677664921442142	15516788000137984293	5463349838653670208	5481463688428815316	-5540.8657226562	0.0000000000	41.0367398061	54.1162017559
58	27	4138555004563608843	13931414467280736271	11674715406960637710	15421799577848332376	-5540.8681640625	0.0000000000	52.9047559421	60.5091890165
79	32	2501211020233769820	3303836963991646703	227304388679701095	4984592846565945692	-5540.8964843750	0.0000000000	47.3139641113	59.1182907112
54	85	10494363557995427270	16393214166263308105	1813785322122811712	5630145162648854947	-5540.9155273438	0.0000000000	53.6841514542	44.7961575158
32	82	3303836963991646703	13012805549261864440	2279686865508944678	4184827425653196560	-5540.9531250000	0.0000000000	59.1749313362	45.6020723655
95	56	1269677664921442142	11357898340897756903	8988666260908596077	10293171659782634077	-5540.9609375000	0.0000000000	41.1319546498	53.1407482234
95	41	1269677664921442142	4688636836818565261	1253922954059076162	3244578191242655907	-5540.9741210938	0.0000000000	41.1451382436	56.4674930029
5	116	2149484152715392458	14319670599260614879	5836860280389299161	14931475055180428265	-5541.0126953125	0.0000000000	71.2896741460	29.6480454199
26	82	167167149883495741	13012805549261864440	7951755072646361585	14707826175183303644	-5541.0141601562	0.0000000000	61.6986908685	45.6631075218
46	23	7251700801891077616	8983620928718234954	7480013089910928546	17688876190225622173	-5541.0258789062	0.0000000000	56.0035981187	62.5267065843
61	121	2173314438107378563	17021626295139303671	323419260020288063	8438432165580706424	-5541.0317382812	0.0000000000	52.2587132976	21.0868697755
103	6	10916844756336505972	16894134299124238804	2710012765977377021	3920447186270549995	-5541.0625000000	0.0000000000	37.5015657249	69.4925156947
54	103	10494363557995427270	10916844756336505972	1239409543994191097	2150000202614673403	-5541.0688476562	0.0000000000	53.8374717667	37.5079133812
61	64	2173314438107378563	9696301458210436234	9012316834857374023	16080630109265774521	-5541.0712890625	0.0000000000	52.2982640788	50.6347051865
5	83	2149484152715392458	13586099871725120471	280728559032450045	2803520433556193945	-5541.0717773438	0.0000000000	71.3487561772	45.7205025204
46	28	7251700801891077616	17027433896387945395	16136237679595343955	18087988247552020814	-5541.0932617188	0.0000000000	56.0709809312	60.1753055835
97	11	5828997022151569970	17799708269756447471	2476232785664905050	17133892007563677389	-5541.1181640625	0.0000000000	40.8592542113	67.3496161250
39	114	8936177091956132308	15099006944303593007	8708455982346980403	15540112132854549076	-5541.1318359375	0.0000000000	57.3541149586	31.2851611186
78	98	14809137665620150592	18248472685024111301	5216042393981548925	12767341904042323877	-5541.1464843750	0.0000000000	47.5775594887	40.4615261778
69	4	2087039987532444631	16923322824322317466	11425702738141970685	14239363339097876521	-5541.1479492188	0.0000000000	49.1616482015	71.4764592804
95	70	1269677664921442142	1592214687186736870	10091145039214592695	16223492737006944765	-5541.1679687500	0.0000000000	41.3389858998	49.0968440447
115	87	5083548386099259802	5601208716039951663	7978164615696249799	8469492999725076613	-5541.1689453125	0.0000000000	30.6896486382	43.9200679813
48	34	11384733198153311516	14097627609532728280	9217885637183956427	17568881261064159294	-5541.2060546875	0.0000000000	55.0724584613	58.7291560768
107	48	8478510142031607734	11384733198153311516	3411496486439424148	11370535240105706040	-5541.2177734375	0.0000000000	34.6487232281	55.0841772113
99	64	3770798787649587355	9696301458210436234	4550918077979191704	14084858666677646823	-5541.2573242188	0.0000000000	39.6035804825	50.8207403427
100	54	3742391230315232177	10494363557995427270	12036048064430985059	13111613025440613779	-5541.2768554688	0.0000000000	39.4555987186	54.0454795792
84	65	2564171262913545665	15378060113354634737	15595219415444858003	18176238049283416120	-5541.2890625000	0.0000000000	45.4494996959	49.6694636786
46	113	7251700801891077616	11034036556017610313	6261640906079746152	18342668791028922678	-5541.2919921875	0.0000000000	56.2697113999	32.4471997294
69	83	2087039987532444631	13586099871725120471	6902773572999813018	12345154488101969022	-5541.2924804688	0.0000000000	49.3061794515	45.9412056454
84	8	2564171262913545665	8992346648558435547	2858576955480211119	14141774052738602358	-5541.2944335938	0.0000000000	45.4548707896	69.2126359965
49	75	7823186920941671451	14608757246259334758	3136393212017572091	7057222814482873869	-5541.2973632812	0.0000000000	54.7745331786	48.1943440947
45	108	10118968526249132794	14996368193187989284	3533085117501662081	4790121727888192337	-5541.3149414062	0.0000000000	56.3319494550	34.5966591254
45	114	10118968526249132794	15099006944303593007	543654508509923824	16417324279335714643	-5541.3276367188	0.0000000000	56.3446447675	31.4809618999
22	53	3990398796172833387	15405698928020597209	6946348329484497109	11537784991825833936	-5541.3608398438	0.0000000000	63.4526252816	54.4638494939
79	51	2501211020233769820	3374397758373242900	3961742786250690003	17771392544961409231	-5541.3779296875	0.0000000000	47.7954094238	54.6022817411
14	65	12938275795804049604	15378060113354634737	1485041730454880537	8836634005684361797	-5541.3984375000	0.0000000000	65.5477374370	49.7788386786
106	39	7684204559276021956	8936177091956132308	5660655155130028855	11759641005187084614	-5541.4169921875	0.0000000000	35.2040113261	57.6392712086
73	102	541435687269551760	16966479684116941053	7841917440438923903	17796575974593458793	-5541.4409179688	0.0000000000	48.6678777470	38.2798818017
65	28	15378060113354634737	17027433896387945395	10164858829539091248	13423709823705467938	-5541.4628906250	0.0000000000	49.8432918036	60.5449344898
99	96	3770798787649587355	14922418272091202393	3136579408438857404	9122856889597298793	-5541.4628906250	0.0000000000	39.8091468888	41.4901438991
17	104	429853561211997818	16298007830431462257	3712904578158823415	3998929778855453074	-5541.4658203125	0.0000000000	65.2471619900	37.2658241476
3	120	14093486591111374668	15354991408888356854	12314484127750767892	18355190183622857118	-5541.4755859375	0.0000000000	75.4852212732	23.0630992913
56	31	11357898340897756903	16657069432005198003	4941376437823590082	6028269192004775180	-5541.4760742188	0.0000000000	53.6558849422	59.7071646105
87	52	5601208716039951663	8242477299940831062	197352460037642458	9253712122892981003	-5541.5375976562	0.0000000000	44.2887203251	54.7309204689
49	53	7823186920941671451	15405698928020597209	3642853048936281588	10771621491511427500	-5541.5395507812	0.0000000000	55.0167206786	54.6425604314
24	32	58338521781336478	3303836963991646703	14707356345557467224	15719110355877541424	-5541.5600585938	0.0000000000	62.4401722689	59.7818649300
32	120	3303836963991646703	15354991408888356854	5579373769701232645	9651431276935022496	-5541.5610351562	0.0000000000	59.7828414925	23.1485485100
90	28	564253395306586288	17027433896387945395	4221170743879500537	10582632694396000646	-5541.5620117188	0.0000000000	42.9620171006	60.6440555835
52	116	8242477299940831062	14319670599260614879	1674681060279858118	13079967613596350718	-5541.5644531250	0.0000000000	54.7577759376	30.1998032324
13	85	10079227655342552495	16393214166263308105	6309640443863138061	17225967900978960625	-5541.5766601562	0.0000000000	65.8310231092	45.4572903283
61	116	2173314438107378563	14319670599260614879	5812998245883553278	9166777003387638127	-5541.5849609375	0.0000000000	52.8119359538	30.2203110449
48	114	11384733198153311516	15099006944303593007	2411725579832638384	5881344475278679316	-5541.5854492188	0.0000000000	55.4518529926	31.7387743999
52	54	8242477299940831062	10494363557995427270	4427279189398282318	5245664644643068809	-5541.5927734375	0.0000000000	54.7860962501	54.3613975479
58	41	4138555004563608843	4688636836818565261	939570327585130636	18039571557277720321	-5541.6040039062	0.0000000000	53.6405957859	57.0973758154
104	31	16298007830431462257	16657069432005198003	3835486972655712146	13930579637078955504	-5541.6181640625	0.0000000000	37.4181678976	59.8492544542
76	33	2747588696662623730	10368442723802325466	2502362855968406777	10092645478695930544	-5541.6313476562	0.0000000000	48.1466172048	59.4008580468
68	44	13171866292654863094	13956310948762308203	560646901609115127	2196419805605161923	-5541.6323242188	0.0000000000	49.6638711163	56.8468247671
104	11	16298007830431462257	17799708269756447471	4552169418183280739	4853808396525026814	-5541.6450195312	0.0000000000	37.4450233664	67.8764715938
92	31	10367805946812379509	16657069432005198003	4784250137510582161	11814438102440149457	-5541.6582031250	0.0000000000	42.4735331214	59.8892935167
46	53	7251700801891077616	15405698928020597209	8972297352307914772	10781038443868257685	-5541.6923828125	0.0000000000	56.6701020249	54.7953924627
57	68	9692447327446626127	13171866292654863094	7279988820417966171	15897042760953112505	-5541.6967773438	0.0000000000	53.8660538238	49.7283242413
38	33	3887235235952849394	10368442723802325466	402593011634183381	7793455251075543131	-5541.7119140625	0.0000000000	57.9562142395	59.4814244530
12	28	14938178270134821508	17027433896387945395	3701241020774360364	6350667394856189421	-5541.7329101562	0.0000000000	66.5477660942	60.8149540210
19	111	7692821074440121912	12355689472340701209	9170767266583062574	9455997409621961653	-5541.7919921875	0.0000000000	64.8570544471	34.1227506846
79	66	2501211020233769820	18431247209864649693	12020783962527009331	16561720590124512630	-5541.8071289062	0.0000000000	48.2246086425	50.0379775855
60	84	230773126182757894	2564171262913545665	2685600726903951578	15330186896041875432	-5541.8134765625	0.0000000000	53.6188354772	45.9739137584
22	103	3990398796172833387	10916844756336505972	3589753913828347110	12282829102117449051	-5541.8374023438	0.0000000000	63.9291877816	38.2764680687
91	13	442166951684299261	10079227655342552495	13606117511159231755	14838251450188062502	-5541.8383789062	0.0000000000	42.8725980161	66.0927418592
24	100	58338521781336478	3742391230315232177	8643587201299149499	16037510467599923565	-5541.8403320312	0.0000000000	62.7204457064	40.0190752811
90	82	564253395306586288	13012805549261864440	8115473753069719619	14731400116123109819	-5541.8442382812	0.0000000000	43.2442436631	46.4931856468
113	27	11034036556017610313	13931414467280736271	3057709344315243892	14668977680958737610	-5541.8491210938	0.0000000000	33.0043286356	61.4901460477
84	54	2564171262913545665	10494363557995427270	8647665365608036675	12481932644792066898	-5541.8891601562	0.0000000000	46.0495973521	54.6577842667
39	47	8936177091956132308	11947096545996455153	7212883923335066330	18390468419179736859	-5541.8964843750	0.0000000000	58.1187633961	55.9930742822
25	89	16550426852500463777	16609562587620384987	7873157815148431497	12352743095085907389	-5541.9145507812	0.0000000000	62.6890628907	43.5118251948
90	50	564253395306586288	15516788000137984293	5294889133244286698	11702770303178031556	-5541.9414062500	0.0000000000	43.3414116318	55.1918853496
100	120	3742391230315232177	15354991408888356854	6437890389534971872	15413509922504450091	-5541.9575195312	0.0000000000	40.1362627811	23.5450328850
109	66	8288089849152396567	18431247209864649693	10696963664375159226	16284291255651023085	-5541.9589843750	0.0000000000	35.0974576278	50.1898330543
30	114	7858847987573124453	15099006944303593007	4660524883414975714	17675736370698603432	-5541.9677734375	0.0000000000	60.2525268240	32.1210986186
19	94	7692821074440121912	9222751215651972858	3203661162378148186	11516863328062218597	-5541.9750976562	0.0000000000	65.0401599158	42.3576840410
58	56	4138555004563608843	11357898340897756903	5004840014654403995	14102120770708510025	-5542.0141601562	0.0000000000	54.0507520359	54.1939708797
54	56	10494363557995427270	11357898340897756903	1053759903725662481	8518551355468693943	-5542.0190429688	0.0000000000	54.7876670792	54.1988536922
71	30	2579019396016879642	7858847987573124453	2572161900343442996	13862842202405570932	-5542.0200195312	0.0000000000	49.5251775914	60.3047729177
77	106	7437397082061112758	7684204559276021956	9936562419067820444	17149975602589319455	-5542.0639648438	0.0000000000	48.5562873982	35.8509839823
69	37	2087039987532444631	12249581567144989954	5128726521591070215	10605027337776659326	-5542.1113281250	0.0000000000	50.1250271078	58.5785384341
90	11	564253395306586288	17799708269756447471	1806166717646783351	13895683982337036244	-5542.1489257812	0.0000000000	43.5489311631	68.3803778438
106	114	7684204559276021956	15099006944303593007	12730175189649687582	13452379245182385915	-5542.1704101562	0.0000000000	35.9574292948	32.3237353374
79	44	2501211020233769820	13956310948762308203	6969516787922485351	7219595365472403770	-5542.1728515625	0.0000000000	48.5903312988	57.3873521108
30	108	7858847987573124453	14996368193187989284	11273304276512754103	18348553931824373380	-5542.2128906250	0.0000000000	60.4976440115	35.4946083441
77	103	7437397082061112758	10916844756336505972	4623386643644277198	13021252890474700568	-5542.2626953125	0.0000000000	48.7550178669	38.7017610374
49	119	7823186920941671451	17918245985891918390	6870386040687317438	13722236317605358144	-5542.2705078125	0.0000000000	55.7476777099	24.5582355263
106	27	7684204559276021956	13931414467280736271	5802009808286780343	6663005642969710293	-5542.3134765625	0.0000000000	36.1004957011	61.9545015165
74	25	279844733889261352	16550426852500463777	10557586372422702716	15220702389433378313	-5542.3208007812	0.0000000000	49.3583643691	63.0953128907
24	34	58338521781336478	14097627609532728280	11631822938101389933	15226353104931152984	-5542.3256835938	0.0000000000	63.2057972689	59.8487849830
8	121	8992346648558435547	17021626295139303671	14064447062086371441	15305530156756008946	-5542.3432617188	0.0000000000	70.2614641215	22.3983932130
71	55	2579019396016879642	11851817067206489169	16441960493955470539	17969342721229283924	-5542.3500976562	0.0000000000	49.8552557164	54.7429523719
86	92	2181137809313707726	10367805946812379509	3724953070203420098	8770201138510518238	-5542.3662109375	0.0000000000	45.7804559136	43.1815409339
110	19	6574353373524907807	7692821074440121912	131913488622795880	2182540199396330274	-5542.4052734375	0.0000000000	35.2700326370	65.4703356971
69	20	2087039987532444631	13355927625687165021	1743737384997700891	7928973818651412607	-5542.4208984375	0.0000000000	50.4345974203	65.4689620071
109	3	8288089849152396567	14093486591111374668	4352418677050819123	7657590024620738635	-5542.4355468750	0.0000000000	35.5740201278	76.4451822107
115	0	5083548386099259802	10667474865877392284	8469492999725076613	9012926159307968757	-5542.4443359375	0.0000000000	31.9650392632	87.5421844567
29	68	520324629128040228	13171866292654863094	7885958168437238955	17729538608177620966	-5542.4638671875	0.0000000000	60.7985839784	50.4954140850
29	93	520324629128040228	3242482612805492339	4841073813250132035	17729538608177620966	-5542.4638671875	0.0000000000	60.7985839784	43.0059716189
39	31	8936177091956132308	16657069432005198003	15597125309100825033	16361805671572738134	-5542.5161132812	0.0000000000	58.7383923023	60.7472036730
73	49	541435687269551760	7823186920941671451	2732091884056396930	16876595025177369578	-5542.5332031250	0.0000000000	49.7601629033	56.0103730224
46	39	7251700801891077616	8936177091956132308	676902720235584105	6867394685881456535	-5542.5488281250	0.0000000000	57.5265473374	58.7711071461
86	79	2181137809313707726	2501211020233769820	10266260066458512864	11222273558873494653	-5542.5546875000	0.0000000000	45.9689324761	48.9721672363
52	25	8242477299940831062	16550426852500463777	12514995349349048870	18068414364426116974	-5542.5712890625	0.0000000000	55.7646118751	63.3458011719
10	64	3715343508190632273	9696301458210436234	5962027075721721272	17806577845370930158	-5542.5903320312	0.0000000000	69.2987104490	52.1537481552
26	97	167167149883495741	5828997022151569970	2201268924514112311	3694561158869207506	-5542.6142578125	0.0000000000	63.2987885248	42.3553479613
70	55	1592214687186736870	11851817067206489169	5348913397126420665	7991573593123804107	-5542.6191406250	0.0000000000	50.5480159197	55.0119953407
106	72	7684204559276021956	8503372235075209266	441185179199630476	10611081157845488010	-5542.6289062500	0.0000000000	36.4159253886	50.0019237517
72	65	8503372235075209266	15378060113354634737	13650997406958001216	15595219415444858003	-5542.6777343750	0.0000000000	50.0507518767	51.0581355536
108	18	14996368193187989284	17473836722014595788	10650888110546036721	17230322185708731796	-5542.6943359375	0.0000000000	35.9760536566	65.8212262888
58	104	4138555004563608843	16298007830431462257	3220740335754119278	3420164506924519285	-5542.6962890625	0.0000000000	54.7328809421	38.4962928976
60	55	230773126182757894	11851817067206489169	8037052663217762753	8743567305144889862	-5542.7016601562	0.0000000000	54.5070190709	55.0945148719
115	33	5083548386099259802	10368442723802325466	8101864084135593067	9477965003336000433	-5542.7060546875	0.0000000000	32.2267580132	60.4755650780
87	113	5601208716039951663	11034036556017610313	8639504211348986043	9976555855081359379	-5542.7358398438	0.0000000000	45.4869625126	33.8910473856
79	56	2501211020233769820	11357898340897756903	17315566709479419278	17813356170724723801	-5542.7558593750	0.0000000000	49.1733391113	54.9356700984
5	102	2149484152715392458	16966479684116941053	339075848344211015	14176314907063965737	-5542.7636718750	0.0000000000	73.0406507085	39.6026357079
13	44	10079227655342552495	13956310948762308203	4136641764174481013	7499670275820169427	-5542.7841796875	0.0000000000	67.0385426405	57.9986802358
35	59	1374669322539188936	2239142532014743282	17492257864496694817	17791035972162341150	-5542.7885742188	0.0000000000	60.1234709330	54.7894931586
19	18	7692821074440121912	17473836722014595788	2913924207396408951	17990915279307883127	-5542.8486328125	0.0000000000	65.9136950721	65.9755231638
45	103	10118968526249132794	10916844756336505972	3237116636984208688	18123562689632454296	-5542.8491210938	0.0000000000	57.8661291425	39.2881868187
79	27	2501211020233769820	13931414467280736271	11045132740432509161	18446239894078298285	-5542.8881835938	0.0000000000	49.3056633300	62.5292085477
58	103	4138555004563608843	10916844756336505972	316560748541757415	9161172357825413980	-5542.9360351562	0.0000000000	54.9726270359	39.3751008812
17	111	429853561211997818	12355689472340701209	5096533862083515566	17754953576288421211	-5542.9418945312	0.0000000000	66.7232362088	35.2726530283
71	11	2579019396016879642	17799708269756447471	1865430324396792545	17983994861601778843	-5542.9609375000	0.0000000000	50.4660955602	69.1923895625
101	27	9781730914178405044	13931414467280736271	7957190595068679351	13605328530510314842	-5542.9609375000	0.0000000000	40.7454642204	62.6019624540
95	28	1269677664921442142	17027433896387945395	2632495132258119206	7661701152260785770	-5542.9633789062	0.0000000000	43.1343960561	62.0454227710
106	44	7684204559276021956	13956310948762308203	4778498999361177988	9537122844577197839	-5542.9667968750	0.0000000000	36.7538160136	58.1812974233
55	104	11851817067206489169	16298007830431462257	12390131981494245255	17011375034359096923	-5542.9794921875	0.0000000000	55.3723469032	38.7794960226
26	34	167167149883495741	14097627609532728280	3775585221294303159	7908031017646185715	-5542.9921875000	0.0000000000	63.6767182123	60.5152888893
15	106	3773740555311062023	7684204559276021956	7481114533762877571	13060495227296754538	-5543.0009765625	0.0000000000	66.8915030582	36.7879957011
94	7	9222751215651972858	15571085747497726625	14400555668732165065	18419116488465999913	-5543.0239257812	0.0000000000	43.4065121660	71.0740701982
99	46	3770798787649587355	7251700801891077616	11501750501270046488	17174360618364534543	-5543.0297851562	0.0000000000	41.3760414200	58.0075043687
35	86	1374669322539188936	2181137809313707726	14882579260290973009	17690949721797146114	-5543.0307617188	0.0000000000	60.3656584330	46.4450066948
64	56	9696301458210436234	11357898340897756903	14548239093293043234	17452799051943252665	-5543.0380859375	0.0000000000	52.6015020615	55.2178966609
59	3	2239142532014743282	14093486591111374668	4271143054075109203	14063080645974919094	-5543.0410156250	0.0000000000	55.0419345648	77.0506509607
35	104	1374669322539188936	16298007830431462257	1070488647272975124	5129420403529024212	-5543.0468750000	0.0000000000	60.3817717142	38.8468788351
17	96	429853561211997818	14922418272091202393	15659833823861850642	16413742122434867130	-5543.0659179688	0.0000000000	66.8472596463	43.0931712429
90	10	564253395306586288	3715343508190632273	3599503500344768525	6754823304236026799	-5543.1176757812	0.0000000000	44.5176811631	69.8260541990
69	9	2087039987532444631	2439594373950395860	352664128775503777	17971580409745372258	-5543.1191406250	0.0000000000	51.1328396078	70.3129202689
10	98	3715343508190632273	18248472685024111301	9545943608874825813	18104610798942969284	-5543.1328125000	0.0000000000	69.8411909177	42.4478543028
91	49	442166951684299261	7823186920941671451	5819419411878647142	14997052983506464716	-5543.1499023438	0.0000000000	44.1841214536	56.6270722411
107	98	8478510142031607734	18248472685024111301	2989297108408736135	7196560183308332682	-5543.1503906250	0.0000000000	36.5813404156	42.4654324278
57	102	9692447327446626127	16966479684116941053	409151799271317217	7234352735708509817	-5543.1928710938	0.0000000000	55.3621475738	40.0318349267
17	80	429853561211997818	11254879324197340454	9856124748953486911	18299118287801513016	-5543.2143554688	0.0000000000	66.9956971463	49.2430752840
58	7	4138555004563608843	15571085747497726625	12528968920923091437	17560003645756704315	-5543.2373046875	0.0000000000	55.2738965671	71.2874491045
14	66	12938275795804049604	18431247209864649693	15616389234197479057	18086195219265207707	-5543.2392578125	0.0000000000	67.3885577495	51.4701064918
61	28	2173314438107378563	17027433896387945395	5920889879365186716	13037759876884940401	-5543.2568359375	0.0000000000	54.4838109538	62.3388798023
37	53	12249581567144989954	15405698928020597209	8396796703179900748	11062212916774421472	-5543.2749023438	0.0000000000	59.7421126529	56.3779119939
95	63	1269677664921442142	1399070161628260596	2164287306242570740	11182906622053424477	-5543.2758789062	0.0000000000	43.4468960561	53.1147688260
100	75	3742391230315232177	14608757246259334758	8170608237421243849	11266370180731503490	-5543.2851562500	0.0000000000	41.4638994999	50.1821370634
55	21	11851817067206489169	15016803418478563936	2241856198819392303	2822625411293066384	-5543.2861328125	0.0000000000	55.6789875282	65.7679383545
58	96	4138555004563608843	14922418272091202393	1742101910269956308	9117287557611483231	-5543.2885742188	0.0000000000	55.3251660984	43.3158274929
103	44	10916844756336505972	13956310948762308203	12058531051610314231	12929551033278744192	-5543.3266601562	0.0000000000	39.7657258812	58.5411607046
63	64	1399070161628260596	9696301458210436234	2518582144004768204	13276887434737508653	-5543.3461914062	0.0000000000	53.1850813260	52.9096075302
73	79	541435687269551760	2501211020233769820	6005786111539530690	14545135516612959462	-5543.3544921875	0.0000000000	50.5814519658	49.7719719238
43	31	9188283139325803671	16657069432005198003	3342579077652200912	10828123770113284424	-5543.3554687500	0.0000000000	58.6025104463	61.5865591417
114	121	15099006944303593007	17021626295139303671	183037764394263770	17873810003166931441	-5543.3950195312	0.0000000000	33.5483447124	23.4501510255
46	105	7251700801891077616	13728310634633545021	663564718291068934	16952655970619465160	-5543.3999023438	0.0000000000	58.3776215562	37.9939171668
71	14	2579019396016879642	12938275795804049604	2872866892779585314	13690437278319996083	-5543.4111328125	0.0000000000	50.9162908727	67.5604327495
71	82	2579019396016879642	13012805549261864440	6230190516752942179	13690437278319996083	-5543.4111328125	0.0000000000	50.9162908727	48.0600801780
67	64	303163103940296667	9696301458210436234	9867868481893828573	11934418966782521780	-5543.4189453125	0.0000000000	51.6138197677	52.9823614365
93	11	3242482612805492339	17799708269756447471	3392915580583162490	4238132794843255327	-5543.4936523438	0.0000000000	44.0357567751	69.7251044063
106	94	7684204559276021956	9222751215651972858	15896610280484762473	18074628901431778954	-5543.5263671875	0.0000000000	37.3133863261	43.9089535722
27	31	13931414467280736271	16657069432005198003	11251033933693933486	18233686070229946534	-5543.5532226562	0.0000000000	63.1942476102	61.7843130480
114	6	15099006944303593007	16894134299124238804	3307470265919762896	4130577213766365135	-5543.5620117188	0.0000000000	33.7153368999	71.9920274134
74	58	279844733889261352	4138555004563608843	2974114080239127363	9553996063373344415	-5543.5761718750	0.0000000000	50.6137354629	55.6127637546
60	81	230773126182757894	3175835436065505467	1236067169250913022	9575978302963237853	-5543.5991210938	0.0000000000	55.4044800084	49.0760466799
74	22	279844733889261352	3990398796172833387	7039798626535667906	14130282435928900385	-5543.6059570312	0.0000000000	50.6435206191	65.6977424691
1	111	10324198887431388283	12355689472340701209	3434510687183025200	15352096850685781074	-5543.6098632812	0.0000000000	83.4757515020	35.9406217783
77	56	7437397082061112758	11357898340897756903	863053441612508529	1118953256595669084	-5543.6152343750	0.0000000000	50.1075569294	55.7950450984
27	121	13931414467280736271	17021626295139303671	1724563099839527639	17834900243372603463	-5543.6240234375	0.0000000000	63.2650483915	23.6791549318
46	94	7251700801891077616	9222751215651972858	8614193457998022871	17046063887775999198	-5543.6406250000	0.0000000000	58.6183442124	44.0232113847
10	121	3715343508190632273	17021626295139303671	7689078563677424775	16513543963271284030	-5543.6513671875	0.0000000000	70.3597456052	23.7064986818
84	83	2564171262913545665	13586099871725120471	10729289991989460680	17391391422584456963	-5543.6552734375	0.0000000000	47.8157106334	48.3039986142
70	12	1592214687186736870	14938178270134821508	5619426356390023759	11936865820234793657	-5543.6650390625	0.0000000000	51.5939143572	68.4798950005
122	119	8167972712163343844	17918245985891918390	3208184277755135319	14025236839529364771	-5543.6669921875	0.0000000000	23.3437848142	25.9547199013
82	102	13012805549261864440	16966479684116941053	1424823702596464777	7790744189358543243	-5543.6787109375	0.0000000000	48.3276583030	40.5176747704
59	68	2239142532014743282	13171866292654863094	5462651377315940102	9439054033487167846	-5543.7402343750	0.0000000000	55.7411533148	51.7717812725
102	28	16966479684116941053	17027433896387945395	9189179192135043816	14694745228725403085	-5543.7558593750	0.0000000000	40.5948232079	62.8379032398
106	18	7684204559276021956	17473836722014595788	4988315473420277537	13060495227296754538	-5543.7783203125	0.0000000000	37.5653394511	66.9052106638
38	18	3887235235952849394	17473836722014595788	1283458906718165444	9534176626355855292	-5543.7978515625	0.0000000000	60.0421517395	66.9247419138
90	61	564253395306586288	2173314438107378563	5695478567398391558	7984376418003653893	-5543.8007812500	0.0000000000	45.2007866318	55.0277562663
32	118	3303836963991646703	5342875789511471951	899074415174409799	11452962710972670490	-5543.8222656250	0.0000000000	62.0440719612	30.1495759207
60	111	230773126182757894	12355689472340701209	6859721896584782487	18350246935455246367	-5543.8906250000	0.0000000000	55.6959839147	36.2213834971
116	96	14319670599260614879	14922418272091202393	5031520163034384134	6468782090336205945	-5543.8974609375	0.0000000000	32.5328110449	43.9247142116
13	82	10079227655342552495	13012805549261864440	12631749134350640932	15507390465832201545	-5543.9277343750	0.0000000000	68.1820973280	48.5766817405
80	48	11254879324197340454	11384733198153311516	12471745313201059224	15487567427290900152	-5543.9282226562	0.0000000000	49.9569424715	57.7946264301
26	72	167167149883495741	8503372235075209266	14465594916972265176	17168841391164717307	-5543.9721679688	0.0000000000	64.6566986810	51.3451854705
84	7	2564171262913545665	15571085747497726625	10757316337787949249	13333701004125465480	-5543.9726562500	0.0000000000	48.1330934459	72.0228006670
91	58	442166951684299261	4138555004563608843	6119868317733198798	11955006595287193659	-5543.9965820312	0.0000000000	45.0308011411	56.0331739109
19	25	7692821074440121912	16550426852500463777	12448122744419449908	15816126087183650784	-5544.0048828125	0.0000000000	67.0699450721	64.7793949219
86	12	2181137809313707726	14938178270134821508	5394794200078609105	9444834836341975862	-5544.0244140625	0.0000000000	47.4386590386	68.8392700005
95	32	1269677664921442142	3303836963991646703	8545573695549701571	15842132113070648267	-5544.0400390625	0.0000000000	44.2110562123	62.2618453987
49	85	7823186920941671451	16393214166263308105	12682787697224851983	15881082840464020028	-5544.0546875000	0.0000000000	57.5318573974	47.9353176721
60	100	230773126182757894	3742391230315232177	14618966894171512093	17229786596901587954	-5544.0595703125	0.0000000000	55.8649292272	42.2383135624
70	68	1592214687186736870	13171866292654863094	4483801696483647257	10151914855246032544	-5544.0708007812	0.0000000000	51.9996760759	52.1023476788
26	101	167167149883495741	9781730914178405044	1300365696399058624	6356168548922284630	-5544.1044921875	0.0000000000	64.7890228998	41.8890189079
118	101	5342875789511471951	9781730914178405044	11493250417531922424	15868487017782287865	-5544.1225585938	0.0000000000	30.4498688894	41.9070853141
84	97	2564171262913545665	5828997022151569970	416954677988791466	9938126532285641504	-5544.1284179688	0.0000000000	48.2888551646	43.8695081176
80	83	11254879324197340454	13586099871725120471	2547850310229292299	15402788053988099256	-5544.1308593750	0.0000000000	50.1595791902	48.7795845517
115	75	5083548386099259802	14608757246259334758	1376499364740693778	1992511273035518770	-5544.1420898438	0.0000000000	33.6627931694	51.0390706572
5	120	2149484152715392458	15354991408888356854	1997704846095701732	8673197865559231644	-5544.1489257812	0.0000000000	74.4259046147	25.7364391350
84	98	2564171262913545665	18248472685024111301	3775841570993708685	4135662929369117908	-5544.1518554688	0.0000000000	48.3122926646	43.4668972715
88	1	10084124936668487071	10324198887431388283	11264811142806351626	14685596336758695414	-5544.1787109375	0.0000000000	46.6335538048	84.0445991583
48	66	11384733198153311516	18431247209864649693	7239614813296287	3587668015118031695	-5544.1796875000	0.0000000000	58.0460912738	52.4105361793
103	50	10916844756336505972	15516788000137984293	7965730781052102168	11548898636954104748	-5544.2163085938	0.0000000000	40.6553743187	57.4667876934
43	75	9188283139325803671	14608757246259334758	4816784974308143387	18407752146060336130	-5544.2241210938	0.0000000000	59.4711627900	51.1211019072
118	55	5342875789511471951	11851817067206489169	12574283560583072935	16548995968375065464	-5544.2333984375	0.0000000000	30.5607087332	56.6262531532
36	12	10369745369462594300	14938178270134821508	6571298177439885013	13477050365203186412	-5544.2348632812	0.0000000000	61.4849770399	69.0497192192
37	66	12249581567144989954	18431247209864649693	3438095493887335193	15554676173795147547	-5544.2397460938	0.0000000000	60.7069564029	52.4705947730
64	21	9696301458210436234	15016803418478563936	7748483262543639186	7958948063985313784	-5544.2954101562	0.0000000000	53.8588262802	66.7772156982
17	55	429853561211997818	11851817067206489169	13155169552260800734	13807348892302110045	-5544.2988281250	0.0000000000	68.0801698025	56.6916828407
77	45	7437397082061112758	10118968526249132794	5704750408417210397	14385639345610296936	-5544.2993164062	0.0000000000	50.7916389607	59.3163244550
22	31	3990398796172833387	16657069432005198003	557771230500894331	13558195143546838641	-5544.3017578125	0.0000000000	66.3935432504	62.5328482042
83	4	13586099871725120471	16923322824322317466	8590425186089045956	12308292070430665585	-5544.3579101562	0.0000000000	49.0066353329	74.6864202179
81	14	3175835436065505467	12938275795804049604	8126108424616773396	17582660576842886476	-5544.3598632812	0.0000000000	49.8367888674	68.5091632182
76	57	2747588696662623730	9692447327446626127	5202247490281977792	12546620205100826347	-5544.3652343750	0.0000000000	50.8805039236	56.5345108550
100	18	3742391230315232177	17473836722014595788	762617122276757480	9073392729695571284	-5544.3857421875	0.0000000000	42.5644854374	67.5126325388
106	78	7684204559276021956	14809137665620150592	9830946013904101582	15896610280484762473	-5544.3925781250	0.0000000000	38.1795972636	50.8236532387
25	98	16550426852500463777	18248472685024111301	10084153895689317665	15959068850264453559	-5544.4130859375	0.0000000000	65.1875980469	43.7281277403
95	52	1269677664921442142	8242477299940831062	1126567105495233323	2124913284055573948	-5544.4316406250	0.0000000000	44.6026577748	57.6249634376
61	106	2173314438107378563	7684204559276021956	2430560990626950152	17870077079866162137	-5544.4482421875	0.0000000000	55.6752172038	38.2352613261
24	30	58338521781336478	7858847987573124453	2249694500139049993	14217717523318348215	-5544.4497070312	0.0000000000	65.3298207064	62.7344604177
109	111	8288089849152396567	12355689472340701209	5893737784858974277	9862581226756821409	-5544.4785156250	0.0000000000	37.6169888778	36.8092741221
20	116	13355927625687165021	14319670599260614879	1245406088087005487	9863567293768239528	-5544.4848632812	0.0000000000	67.5329268508	33.1202133886
56	14	11357898340897756903	12938275795804049604	3771622135430394119	7523940441754829611	-5544.5024414062	0.0000000000	56.6822521297	68.6517413432
106	121	7684204559276021956	17021626295139303671	385491270773683269	1071985178898093398	-5544.5063476562	0.0000000000	38.2933667948	24.5614791505
58	39	4138555004563608843	8936177091956132308	7732474179686182087	16562329370918367117	-5544.5380859375	0.0000000000	56.5746778171	60.7603649586
70	9	1592214687186736870	2439594373950395860	9180835136201703649	14152068837524422386	-5544.5385742188	0.0000000000	52.4674495134	71.7323538626
79	23	2501211020233769820	8983620928718234954	13054497830759371723	16388681950990883841	-5544.5595703125	0.0000000000	50.9770500488	66.0603979905
114	53	15099006944303593007	15405698928020597209	3648717765705638842	14020744382025727892	-5544.5683593750	0.0000000000	34.7216845561	57.6713690252
60	38	230773126182757894	3887235235952849394	402593011634183381	6935353105579978863	-5544.5888671875	0.0000000000	56.3942261022	60.8331673645
39	96	8936177091956132308	14922418272091202393	7242988941783970076	8339141485945265510	-5544.5957031250	0.0000000000	60.8179821461	44.6229563991
93	4	3242482612805492339	16923322824322317466	5600485751393439811	15364461900252930416	-5544.6083984375	0.0000000000	45.1505028689	74.9369084991
93	10	3242482612805492339	3715343508190632273	2079637731861132867	4136639516012271198	-5544.6093750000	0.0000000000	45.1514794314	71.3177534177
9	87	2439594373950395860	5601208716039951663	7959579263803832334	17679234113232561571	-5544.6186523438	0.0000000000	71.8124319876	47.3697750126
47	96	11947096545996455153	14922418272091202393	9081463202275405449	15511555835429731216	-5544.6215820312	0.0000000000	58.7181719384	44.6488353054
24	66	58338521781336478	18431247209864649693	4468733656397815082	8960041450071957106	-5544.6376953125	0.0000000000	65.5178089876	52.8685439918
106	102	7684204559276021956	16966479684116941053	13137494107106537174	16795645431856838365	-5544.6640625000	0.0000000000	38.4510816386	41.5030263329
26	91	167167149883495741	442166951684299261	736591633925477008	8785162972857959874	-5544.6689453125	0.0000000000	65.3534760248	45.7031644224
44	116	13956310948762308203	14319670599260614879	9166777003387638127	15864977250656897188	-5544.6772460938	0.0000000000	59.8917466421	33.3125962011
35	79	1374669322539188936	2501211020233769820	79619618255394676	4811595014072673048	-5544.6777343750	0.0000000000	62.0126310892	51.0952141113
118	103	5342875789511471951	10916844756336505972	8948205965788335372	13226875309651440675	-5544.6816406250	0.0000000000	31.0089509207	41.1207063499
61	68	2173314438107378563	13171866292654863094	7651132533878937619	13856761248179659698	-5544.6821289062	0.0000000000	55.9091039226	52.7136758038
58	46	4138555004563608843	7251700801891077616	12250425399013273982	13044654357546263027	-5544.7094726562	0.0000000000	56.7460645359	59.6871918687
46	37	7251700801891077616	12249581567144989954	15762759297752652007	18341096793362605541	-5544.7236328125	0.0000000000	59.7013520249	61.1908431216
5	32	2149484152715392458	3303836963991646703	6947075909646259823	13551831633213476760	-5544.7353515625	0.0000000000	75.0123303960	62.9571578987
76	23	2747588696662623730	8983620928718234954	3675703555002306346	6213356898165960547	-5544.7353515625	0.0000000000	51.2506211111	66.2361792405
61	94	2173314438107378563	9222751215651972858	3284517091743194666	3291554709608206637	-5544.7416992188	0.0000000000	55.9686742351	45.1242856035
22	50	3990398796172833387	15516788000137984293	7975367889625274518	15036954848057031362	-5544.7602539062	0.0000000000	66.8520393441	58.0107330059
43	20	9188283139325803671	13355927625687165021	3437740347343456535	16505678841605902072	-5544.8339843750	0.0000000000	60.0810260713	67.8820479446
107	92	8478510142031607734	10367805946812379509	2075076521729959846	6355393899554867304	-5544.8378906250	0.0000000000	38.2688404156	45.6532206214
91	29	442166951684299261	520324629128040228	6100146166101115948	9395952309677450728	-5544.8408203125	0.0000000000	45.8750394224	63.1755371034
26	38	167167149883495741	3887235235952849394	5874894328838887783	16767289969132537267	-5544.8730468750	0.0000000000	65.5575775873	61.1173470520
35	71	1374669322539188936	2579019396016879642	5479336095495233434	8896306011616808647	-5544.8750000000	0.0000000000	62.2098967142	52.3801580602
30	121	7858847987573124453	17021626295139303671	12717905239295376328	16567380529738344694	-5544.9003906250	0.0000000000	63.1851440115	24.9555221193
35	118	1374669322539188936	5342875789511471951	7098072604261235804	13691901097061120968	-5544.9111328125	0.0000000000	62.2460295267	31.2384431082
70	76	1592214687186736870	2747588696662623730	15319798675727363247	18314937716776044151	-5544.9121093750	0.0000000000	52.8409846697	51.4273789236
19	57	7692821074440121912	9692447327446626127	496781944507456103	2690087158308243330	-5544.9204101562	0.0000000000	67.9854724158	57.0896866363
29	71	520324629128040228	2579019396016879642	10622562157293597935	17983994861601778843	-5544.9213867188	0.0000000000	63.2561035097	52.4265447789
82	50	13012805549261864440	15516788000137984293	9643958532824480607	16623320566489938158	-5544.9238281250	0.0000000000	49.5727754905	58.1743072246
87	103	5601208716039951663	10916844756336505972	693320404265240260	11095086311600213986	-5544.9335937500	0.0000000000	47.6847164188	41.3726594749
58	85	4138555004563608843	16393214166263308105	4360744608758914631	11006885871670744639	-5544.9560546875	0.0000000000	56.9926465671	48.8366848596
38	108	3887235235952849394	14996368193187989284	5300353727979085783	15887170963164699986	-5544.9628906250	0.0000000000	61.2071908020	38.2446083441
90	79	564253395306586288	2501211020233769820	1817498031781107557	5865905173088615569	-5544.9667968750	0.0000000000	46.3668022568	51.3842766113
36	47	10369745369462594300	11947096545996455153	1352148539743746250	17798341395714306150	-5544.9819335938	0.0000000000	62.2320473524	59.0785235009
76	107	2747588696662623730	8478510142031607734	7268863538004685199	15357794088011069245	-5544.9843750000	0.0000000000	51.4996445486	38.4153247906
19	40	7692821074440121912	15633704558089027375	807701535014769478	14666621982806710840	-5544.9936523438	0.0000000000	68.0587146033	61.2086612038
32	72	3303836963991646703	8503372235075209266	13081949161771195051	13229873699008826229	-5545.0112304688	0.0000000000	63.2330368050	52.3842479705
106	88	7684204559276021956	10084124936668487071	4093948994065694636	18083636996428941087	-5545.0610351562	0.0000000000	38.8480542948	47.5158780235
51	101	3374397758373242900	9781730914178405044	4436806901599140600	5529329641708335253	-5545.0717773438	0.0000000000	58.2961293974	42.8563040641
44	102	13956310948762308203	16966479684116941053	14101200233189532056	15864977250656897188	-5545.0834960938	0.0000000000	60.2979966421	41.9224599267
21	85	15016803418478563936	16393214166263308105	11069606718417679373	14905970463981769819	-5545.1118164062	0.0000000000	67.5936219482	48.9924465783
38	114	3887235235952849394	15099006944303593007	1186385611851897419	2468129693944383932	-5545.1220703125	0.0000000000	61.3663704895	35.2753954936
49	107	7823186920941671451	8478510142031607734	6451536688461157586	13600380954481439885	-5545.1391601562	0.0000000000	58.6163300536	38.5701099468
107	25	8478510142031607734	16550426852500463777	6451536688461157586	13534575989685919581	-5545.1391601562	0.0000000000	38.5701099468	65.9136722657
45	54	10118968526249132794	10494363557995427270	11577159481051722378	18061566428198203985	-5545.1420898438	0.0000000000	60.1590978925	57.9107139542
87	27	5601208716039951663	13931414467280736271	222434765014321073	4077786862408473748	-5545.1811523438	0.0000000000	47.9322750126	64.8221772977
26	75	167167149883495741	14608757246259334758	10193024898369209938	16512248680914670715	-5545.1914062500	0.0000000000	65.8759369623	52.0883870634
5	43	2149484152715392458	9188283139325803671	940294189976125696	9330065162089453468	-5545.2041015625	0.0000000000	75.4810803960	60.4511432588
74	98	279844733889261352	18248472685024111301	1692436050987033474	15834014655709468292	-5545.2080078125	0.0000000000	52.2455714004	44.5230496153
113	120	11034036556017610313	15354991408888356854	6881034295460851784	9993314651446525420	-5545.2216796875	0.0000000000	36.3768872294	26.8091930413
32	96	3303836963991646703	14922418272091202393	4054145757501182708	4205388515745862176	-5545.2431640625	0.0000000000	63.4649703987	45.2704173366
70	22	1592214687186736870	3990398796172833387	222736645203840378	309556878709591540	-5545.2519531250	0.0000000000	53.1808284197	67.3437385629
35	117	1374669322539188936	5946235283944295470	2584807925114616657	9705939173939916037	-5545.2539062500	0.0000000000	62.5888029642	33.4873128454
117	11	5946235283944295470	17799708269756447471	9070782614857027978	9705939173939916037	-5545.2539062500	0.0000000000	33.4873128454	71.4853583125
49	122	7823186920941671451	8167972712163343844	12640644254839441170	12756596392501994446	-5545.2963867188	0.0000000000	58.7735566161	24.9731793455
13	18	10079227655342552495	17473836722014595788	5455935590582130719	14177255725677937673	-5545.3344726562	0.0000000000	69.5888356092	68.4613630076
64	54	9696301458210436234	10494363557995427270	2729544137896701787	3826795959474978815	-5545.3354492188	0.0000000000	54.8988653427	58.1040733292
117	23	5946235283944295470	8983620928718234954	9073820107449168822	9506234670322828831	-5545.3559570312	0.0000000000	33.5893636266	66.8567847093
76	83	2747588696662623730	13586099871725120471	8514415277454707100	12162025301859855309	-5545.3881835938	0.0000000000	51.9034531423	50.0369087704
41	21	4688636836818565261	15016803418478563936	327953628010602	17503104613557585464	-5545.3920898438	0.0000000000	60.8854617529	67.8738953857
73	84	541435687269551760	2564171262913545665	2987467290735665700	16716366260334567549	-5545.4067382812	0.0000000000	52.6336980595	49.5671754771
109	8	8288089849152396567	8992346648558435547	2801567828998042263	7057612058345327133	-5545.4091796875	0.0000000000	38.5476529403	73.3273820902
78	6	14809137665620150592	16894134299124238804	9852505542202962062	14784380201139440261	-5545.4150390625	0.0000000000	51.8461141762	73.8450547572
57	98	9692447327446626127	18248472685024111301	5782482059300460176	10807087895505384351	-5545.4238281250	0.0000000000	57.5931046050	44.7388699278
29	45	520324629128040228	10118968526249132794	6291572447571984230	8079743566960600320	-5545.4414062500	0.0000000000	63.7761230409	60.4584142987
5	65	2149484152715392458	15378060113354634737	15074126829534201395	15956218429174929700	-5545.4453125000	0.0000000000	75.7222913335	53.8257136786
95	106	1269677664921442142	7684204559276021956	1071985178898093398	8944632085724737646	-5545.4487304688	0.0000000000	45.6197476186	39.2357496073
45	113	10118968526249132794	11034036556017610313	6655794297896009666	6765953031121672924	-5545.4633789062	0.0000000000	60.4803869550	36.6185864481
100	94	3742391230315232177	9222751215651972858	4091750919883863798	5301148755152027957	-5545.4960937500	0.0000000000	43.6748369999	45.8786801347
91	30	442166951684299261	7858847987573124453	9889637998300214422	13164431187490431788	-5545.5180664062	0.0000000000	46.5522855161	63.8028197927
22	45	3990398796172833387	10118968526249132794	7992548317747064242	15687419488710504493	-5545.5507812500	0.0000000000	67.6425666879	60.5677892987
17	88	429853561211997818	10084124936668487071	575320665263724378	9562681150975009746	-5545.5605468750	0.0000000000	69.3418885525	48.0153897423
90	25	564253395306586288	16550426852500463777	2731605418744096671	8499112628441028189	-5545.5615234375	0.0000000000	46.9615288193	66.3360355469
90	104	564253395306586288	16298007830431462257	6587703305695108522	8499112628441028189	-5545.5615234375	0.0000000000	46.9615288193	41.3615272726
97	23	5828997022151569970	8983620928718234954	6396615854653323358	12523899151725684317	-5545.5810546875	0.0000000000	45.3221448363	67.0818823655
110	21	6574353373524907807	15016803418478563936	6637256005247366719	12974431966787400763	-5545.5815429688	0.0000000000	38.4463021682	68.0633485107
63	68	1399070161628260596	13171866292654863094	8459600562022122304	13600936311192866253	-5545.5864257812	0.0000000000	55.4253157010	53.6179726788
67	10	303163103940296667	3715343508190632273	4962918239238283706	9283612415951027209	-5545.6040039062	0.0000000000	53.7988783615	72.3123823240
86	57	2181137809313707726	9692447327446626127	9112032692229154443	15505853919870610568	-5545.6054687500	0.0000000000	49.0197137261	57.7747452300
14	12	12938275795804049604	14938178270134821508	10706770916445495493	18218796962921371859	-5545.6254882812	0.0000000000	69.7747882182	70.4403442192
109	101	8288089849152396567	9781730914178405044	4487938043969378880	18424428868293820353	-5545.6352539062	0.0000000000	38.7737271591	43.4197806266
100	77	3742391230315232177	7437397082061112758	2188943530585541937	8072476700235662159	-5545.6469726562	0.0000000000	43.8257159061	52.1392952107
5	81	2149484152715392458	3175835436065505467	13389613428386045190	17122788641623190143	-5545.6572265625	0.0000000000	75.9342053960	51.1341521486
48	111	11384733198153311516	12355689472340701209	3417276908436313528	6456586035276377070	-5545.6572265625	0.0000000000	59.5236303363	37.9879850596
41	89	4688636836818565261	16609562587620384987	16571821000385348368	16897271474835275284	-5545.6630859375	0.0000000000	61.1564578467	47.2603603511
60	89	230773126182757894	16609562587620384987	2212927595128210323	14646486743551453558	-5545.6743164062	0.0000000000	57.4796753209	47.2715908198
83	11	13586099871725120471	17799708269756447471	2462737651361411669	6977244058219336075	-5545.6831054688	0.0000000000	50.3318306454	71.9145575313
30	37	7858847987573124453	12249581567144989954	1970499348277871690	11860580433690662331	-5545.6860351562	0.0000000000	63.9707885427	62.1532454654
55	120	11851817067206489169	15354991408888356854	479236055073316396	10201636534540222709	-5545.7661132812	0.0000000000	58.1589679969	27.3536266350
35	62	1374669322539188936	7011268860006268306	464299306183816238	483582480317958778	-5545.7690429688	0.0000000000	63.1039396830	55.9866700054
117	44	5946235283944295470	13956310948762308203	8136625540772917162	9705939173939916037	-5545.7861328125	0.0000000000	34.0195394079	61.0006333608
100	6	3742391230315232177	16894134299124238804	14362830121119966073	15585279505585282929	-5545.8002929688	0.0000000000	43.9790362186	74.2303086634
10	39	3715343508190632273	8936177091956132308	801007196881644080	13326735071232407035	-5545.8203125000	0.0000000000	72.5286909177	62.0425915211
79	106	2501211020233769820	7684204559276021956	10471378877741121561	14063176709449343430	-5545.8388671875	0.0000000000	52.2563469238	39.6258863261
93	119	3242482612805492339	17918245985891918390	6322458673287296771	9080903194996173639	-5545.8422851562	0.0000000000	46.3843895876	28.1300128701
118	54	5342875789511471951	10494363557995427270	13436012538290293449	18076926504188497492	-5545.8422851562	0.0000000000	32.1695954519	58.6109092667
46	65	7251700801891077616	15378060113354634737	6040677542328295222	7407797217518455213	-5545.8706054688	0.0000000000	60.8483246812	54.2510066474
36	114	10369745369462594300	15099006944303593007	7639504333753448454	15287368456587984211	-5545.8730468750	0.0000000000	63.1231606337	36.0263720561
24	101	58338521781336478	9781730914178405044	5761086815808908799	8545123097418338110	-5545.8813476562	0.0000000000	66.7614613314	43.6658743766
10	113	3715343508190632273	11034036556017610313	6620704233411410317	17658596828241969226	-5545.8964843750	0.0000000000	72.6048627927	37.0516919169
30	64	7858847987573124453	9696301458210436234	11152124409525771910	16402990056453570488	-5545.8989257812	0.0000000000	64.1836791677	55.4623419052
106	104	7684204559276021956	16298007830431462257	10602979377731163588	13452379245182385915	-5545.9179687500	0.0000000000	39.7049878886	41.7179725851
24	91	58338521781336478	442166951684299261	2225686584580307791	14578719127739923546	-5545.9252929688	0.0000000000	66.8054066439	46.9595120786
92	66	10367805946812379509	18431247209864649693	816099032529428743	18118869945827910057	-5546.0112304688	0.0000000000	46.8265604651	54.2420791480
22	14	3990398796172833387	12938275795804049604	4509521986729527607	15818922396459859059	-5546.0156250000	0.0000000000	68.1074104379	70.1649249370
79	116	2501211020233769820	14319670599260614879	5031520163034384134	16784532139623943113	-5546.0395507812	0.0000000000	52.4570305175	34.6749008886
99	68	3770798787649587355	13171866292654863094	6592239216258149491	15332120469300821423	-5546.0463867188	0.0000000000	44.3926429825	54.0779336163
90	76	564253395306586288	2747588696662623730	12388356910126007616	15580131448674670439	-5546.0483398438	0.0000000000	47.4483452256	52.5636093923
23	82	8983620928718234954	13012805549261864440	3163237288699230194	16432662688157186640	-5546.0825195312	0.0000000000	67.5833472093	50.7314668968
86	34	2181137809313707726	14097627609532728280	7636079304802171699	14110340815764296245	-5546.0961914062	0.0000000000	49.5104363823	63.6192927955
38	52	3887235235952849394	8242477299940831062	13373602604864785990	15623954397871709719	-5546.1108398438	0.0000000000	62.3551400208	59.3041626564
30	88	7858847987573124453	10084124936668487071	9889419422224290671	17748119951969648328	-5546.1113281250	0.0000000000	64.3960815115	48.5661709923
71	78	2579019396016879642	14809137665620150592	3150813525435707864	18162147734604212793	-5546.1420898438	0.0000000000	53.6472479039	52.5731649575
58	23	4138555004563608843	8983620928718234954	1200324730043425359	17744598820512505219	-5546.1479492188	0.0000000000	58.1845410984	67.6487768968
24	67	58338521781336478	303163103940296667	8395651287959070691	8966465826791811494	-5546.1547851562	0.0000000000	67.0348988314	54.3496596115
101	31	9781730914178405044	16657069432005198003	2813546408489747217	12767964576473530261	-5546.1743164062	0.0000000000	43.9588431266	64.4054067980
54	111	10494363557995427270	12355689472340701209	11522654737006171092	13436012538290293449	-5546.1787109375	0.0000000000	58.9473350479	38.5094694346
67	111	303163103940296667	12355689472340701209	2994701371600265860	11522654737006171092	-5546.1787109375	0.0000000000	54.3735853927	38.5094694346
110	49	6574353373524907807	7823186920941671451	3548881028880280587	16268924840993055638	-5546.1943359375	0.0000000000	39.0590951370	59.6715058349
95	21	1269677664921442142	15016803418478563936	9567878707825785716	11356395213534207077	-5546.1987304688	0.0000000000	46.3697476186	68.6805360107
5	75	2149484152715392458	14608757246259334758	6398083809124637359	18184096005460528402	-5546.2016601562	0.0000000000	76.4786389897	53.0986409697
87	8	5601208716039951663	8992346648558435547	10439002796124891378	15401456469424644710	-5546.2055664062	0.0000000000	48.9566890751	74.1237688090
71	107	2579019396016879642	8478510142031607734	2156403795075951586	15215252214791635045	-5546.2104492188	0.0000000000	53.7156072789	39.6413990093
54	89	10494363557995427270	16609562587620384987	4915157560610693927	10272130830191111553	-5546.2402343750	0.0000000000	59.0088584854	47.8375087886
90	6	564253395306586288	16894134299124238804	13766666973072681802	15484115664399690667	-5546.2568359375	0.0000000000	47.6568413193	74.6868516322
64	4	9696301458210436234	16923322824322317466	5298675702664372471	10612657076518748549	-5546.2592773438	0.0000000000	55.8226934677	76.5877874054
81	104	3175835436065505467	16298007830431462257	390849187885723504	16497436205873998508	-5546.2612304688	0.0000000000	51.7381560549	42.0612343039
45	75	10118968526249132794	14608757246259334758	7761421125275408836	10312057005846713005	-5546.2631835938	0.0000000000	61.2801916425	53.1601644072
95	25	1269677664921442142	16550426852500463777	2659228648299345178	4495367165601529475	-5546.2861328125	0.0000000000	46.4571499623	67.0606449219
106	98	7684204559276021956	18248472685024111301	4052597926064862825	6721493016245123289	-5546.2919921875	0.0000000000	40.0790113261	45.6070339903
29	30	520324629128040228	7858847987573124453	237169806965951894	1616975370814109232	-5546.3798828125	0.0000000000	64.7145996034	64.6646361990
32	100	3303836963991646703	3742391230315232177	244763879513848056	3943414208538952072	-5546.3950195312	0.0000000000	64.6168258675	44.5737627811
110	56	6574353373524907807	11357898340897756903	7420590851350621480	13361370605670514330	-5546.4306640625	0.0000000000	39.2954232620	58.6104747859
72	68	8503372235075209266	13171866292654863094	2632032634263462094	6774593534903148545	-5546.4331054688	0.0000000000	53.8061229705	54.4646523663
84	44	2564171262913545665	13956310948762308203	10464770846274671595	14199544239843510966	-5546.4702148438	0.0000000000	50.6306520396	61.6847153921
76	15	2747588696662623730	3773740555311062023	10919191345446172568	17566647227847258841	-5546.4790039062	0.0000000000	52.9942734548	70.3695304019
38	14	3887235235952849394	12938275795804049604	5889346930002277866	15887170963164699986	-5546.4970703125	0.0000000000	62.7413704895	70.6463702495
26	47	167167149883495741	11947096545996455153	1390648482166197539	14592563309232226884	-5546.6010742188	0.0000000000	67.2856049310	60.6976641259
26	10	167167149883495741	3715343508190632273	8192929301746710334	14859147764856220291	-5546.6391601562	0.0000000000	67.3236908685	73.3475385740
67	91	303163103940296667	442166951684299261	6088269320652960227	17504805056466358095	-5546.6396484375	0.0000000000	54.8345228927	47.6738675474
10	103	3715343508190632273	10916844756336505972	346749813281191940	6241950554209736084	-5546.6557617188	0.0000000000	73.3641401365	43.0948274437
12	120	14938178270134821508	15354991408888356854	7854063170778334300	13153343785169233575	-5546.6738281250	0.0000000000	71.4886840630	28.2613414788
61	87	2173314438107378563	5601208716039951663	1495450293606124423	6020241151833928560	-5546.6821289062	0.0000000000	57.9091039226	49.4332515751
23	92	8983620928718234954	10367805946812379509	2367075580701468789	15854920799145145821	-5546.6831054688	0.0000000000	68.1839331468	47.4984354651
9	89	2439594373950395860	16609562587620384987	6818727814216648748	11454263220990620918	-5546.7128906250	0.0000000000	73.9066702689	48.3101650386
76	89	2747588696662623730	16609562587620384987	1541991659333507240	5594402704034765070	-5546.7329101562	0.0000000000	53.2481797048	48.3301845698
57	113	9692447327446626127	11034036556017610313	8109146923921158565	14668977680958737610	-5546.7397460938	0.0000000000	58.9090225738	37.8949536356
69	36	2087039987532444631	10369745369462594300	2421537679382668643	12877941849785544743	-5546.7607421875	0.0000000000	54.7744411703	64.0108559462
118	75	5342875789511471951	14608757246259334758	4539615879677294256	15604498088801184508	-5546.7661132812	0.0000000000	33.0934235769	53.6630940947
63	45	1399070161628260596	10118968526249132794	12819442832468571270	15928781666378899673	-5546.7836914062	0.0000000000	56.6225813260	61.8006994550
27	108	13931414467280736271	14996368193187989284	1987150217455318716	6246992141279015396	-5546.7861328125	0.0000000000	66.4271577665	40.0678505316
12	53	14938178270134821508	15405698928020597209	9958982809914721465	17879381132665758802	-5546.8032226562	0.0000000000	71.6180785942	59.9062323064
58	49	4138555004563608843	7823186920941671451	11147704296401953519	18291324122399112516	-5546.8251953125	0.0000000000	58.8617871921	60.3023652099
109	37	8288089849152396567	12249581567144989954	6894684191756214293	17799156787436190871	-5546.8320312500	0.0000000000	39.9705045028	63.2992415591
76	121	2747588696662623730	17021626295139303671	1706863778697936367	4105623192583631813	-5546.8374023438	0.0000000000	53.3526718923	26.8925338380
15	87	3773740555311062023	5601208716039951663	12175759165439007685	13848158439240778683	-5546.8613281250	0.0000000000	70.7518546207	49.6124507938
49	89	7823186920941671451	16609562587620384987	7930540456046165697	12119485785399846690	-5546.8725585938	0.0000000000	60.3497284911	48.4698330073
43	36	9188283139325803671	10369745369462594300	1050983195865383813	3700335632346527214	-5546.8803710938	0.0000000000	62.1274127900	64.1304848524
91	14	442166951684299261	12938275795804049604	3698086268147754058	4242497721674987854	-5546.9301757812	0.0000000000	47.9643948911	71.0794757182
91	23	442166951684299261	8983620928718234954	3698086268147754058	6400055096720822075	-5546.9301757812	0.0000000000	47.9643948911	68.4310034593
52	119	8242477299940831062	17918245985891918390	584037213625060196	3816823247399844255	-5546.9316406250	0.0000000000	60.1249634376	29.2193683388
13	104	10079227655342552495	16298007830431462257	4853553378092143035	16520974481040023199	-5546.9428710938	0.0000000000	71.1972340467	42.7428749289
55	40	11851817067206489169	15633704558089027375	1741293606473809756	13687413037999211646	-5546.9501953125	0.0000000000	59.3430500282	63.1652041725
35	97	1374669322539188936	5828997022151569970	2676688060421777743	12511653323363178109	-5546.9609375000	0.0000000000	64.2958342142	46.7020276488
71	49	2579019396016879642	7823186920941671451	2888268331367157297	18290701079792820232	-5547.0068359375	0.0000000000	54.5119939977	60.4840058349
33	28	10368442723802325466	17027433896387945395	8752925456004560613	16574862736269624619	-5547.0224609375	0.0000000000	64.7919713280	66.1045048023
109	13	8288089849152396567	10079227655342552495	8392515203806973476	9637131019474769117	-5547.0327148438	0.0000000000	40.1711880966	71.2870777967
62	45	7011268860006268306	10118968526249132794	9543279976434962890	14644699491262988276	-5547.0449218750	0.0000000000	57.2625489117	62.0619299237
79	102	2501211020233769820	16966479684116941053	7392340988559258505	18160654184962000921	-5547.0517578125	0.0000000000	53.4692375488	43.8907216454
71	102	2579019396016879642	16966479684116941053	1686197510909723594	11780647799325602245	-5547.1010742188	0.0000000000	54.6062322789	43.9400380517
38	56	3887235235952849394	11357898340897756903	13551008662586425780	15194719994916121892	-5547.1035156250	0.0000000000	63.3478158020	59.2833263484
71	37	2579019396016879642	12249581567144989954	8409443832732922233	10072199508518843976	-5547.1064453125	0.0000000000	54.6116033727	63.5736556216
91	76	442166951684299261	2747588696662623730	2068650571547969138	13986935709270819276	-5547.1196289062	0.0000000000	48.1538480161	53.6348984548
29	56	520324629128040228	11357898340897756903	1687038011723726438	11184962383730295802	-5547.1206054688	0.0000000000	65.4553222597	59.3004161922
9	65	2439594373950395860	15378060113354634737	382797680788237027	4135268108418085545	-5547.1250000000	0.0000000000	74.3187796439	55.5054011786
20	104	13355927625687165021	16298007830431462257	2625498095235480148	14732079696675832870	-5547.1250000000	0.0000000000	70.1730635696	42.9250038351
26	86	167167149883495741	2181137809313707726	3526156395817218761	3817071551088258032	-5547.1396484375	0.0000000000	67.8241791498	50.5538934136
74	68	279844733889261352	13171866292654863094	6585135399098464308	14809914869761772947	-5547.1469726562	0.0000000000	54.1845362441	55.1785195538
57	78	9692447327446626127	14809137665620150592	2780590858844876905	15347678647413732011	-5547.1562500000	0.0000000000	59.3255264800	53.5873251137
10	43	3715343508190632273	9188283139325803671	2718348392574400493	15882717549451605584	-5547.1708984375	0.0000000000	73.8792768552	62.4179401338
47	82	11947096545996455153	13012805549261864440	13962963028622107256	17202190066942931706	-5547.1855468750	0.0000000000	61.2821367822	51.8344942405
72	8	8503372235075209266	8992346648558435547	311610038237580103	1003795371919393788	-5547.2226562500	0.0000000000	54.5956737517	75.1408586527
26	94	167167149883495741	9222751215651972858	294688058465288767	7474338093777963309	-5547.2333984375	0.0000000000	67.9179291498	47.6159848222
60	58	230773126182757894	4138555004563608843	3588628825628980866	3783103924129806579	-5547.2504882812	0.0000000000	59.0558471959	59.2870801609
68	78	13171866292654863094	14809137665620150592	5131612850047787000	7231966792037527175	-5547.2534179688	0.0000000000	55.2849648663	53.6844930825
84	40	2564171262913545665	15633704558089027375	8825337008872264582	9984593187553001439	-5547.2539062500	0.0000000000	51.4143434459	63.4689151100
67	61	303163103940296667	2173314438107378563	2459737490042807657	6683837069171411719	-5547.2685546875	0.0000000000	55.4634291427	58.4955297038
93	40	3242482612805492339	15633704558089027375	15302781799704987889	17126203417783306380	-5547.2690429688	0.0000000000	47.8111474001	63.4840518288
81	33	3175835436065505467	10368442723802325466	7189914485202850936	16316647502637786285	-5547.2719726562	0.0000000000	52.7488982424	65.0414830468
15	94	3773740555311062023	9222751215651972858	9259343026471717747	16654373889311023400	-5547.2875976562	0.0000000000	71.1781241519	47.6701840410
82	75	13012805549261864440	14608757246259334758	6371538917747262957	9211247615405278184	-5547.2910156250	0.0000000000	51.9399629905	54.1879964384
54	34	10494363557995427270	14097627609532728280	13214175891329432380	15721813710144382044	-5547.3315429688	0.0000000000	60.1001670792	64.8546443580
30	96	7858847987573124453	14922418272091202393	4082092030592350156	12283171655072706232	-5547.3779296875	0.0000000000	65.6626830740	47.4051829616
91	18	442166951684299261	17473836722014595788	8193909952433654042	12836564073377729360	-5547.3940429688	0.0000000000	48.4282620786	70.5209333201
115	37	5083548386099259802	12249581567144989954	13306360088574464102	16909220554289120945	-5547.3959960938	0.0000000000	36.9166994194	63.8632064029
88	55	10084124936668487071	11851817067206489169	13457750742239435299	17072256114279378548	-5547.4072265625	0.0000000000	49.8620694298	59.8000812782
29	12	520324629128040228	14938178270134821508	6190674942035487507	13586402196419261700	-5547.4082031250	0.0000000000	65.7429199159	72.2230590630
99	38	3770798787649587355	3887235235952849394	10427638851989034280	15066305583752469558	-5547.4355468750	0.0000000000	45.7818031388	63.6798470520
81	15	3175835436065505467	3773740555311062023	2721153291957618853	5802147869802444072	-5547.4438476562	0.0000000000	52.9207732424	71.3343741519
94	68	9222751215651972858	13171866292654863094	6339230460466892527	8736128547466925167	-5547.4726562500	0.0000000000	47.8552426347	55.5042031475
32	98	3303836963991646703	18248472685024111301	3299788994216477854	9820757162909413973	-5547.5341796875	0.0000000000	65.7559860237	46.8492214903
101	20	9781730914178405044	13355927625687165021	14075632726783094830	15659813499467186372	-5547.5400390625	0.0000000000	45.3245657829	70.5881026321
33	47	10368442723802325466	11947096545996455153	3413953886244960725	14755625709229698917	-5547.5527343750	0.0000000000	65.3222447655	61.6493242822
58	62	4138555004563608843	7011268860006268306	297385020792224323	16771419280244285201	-5547.5810546875	0.0000000000	59.6176465671	57.7986817242
35	96	1374669322539188936	14922418272091202393	2245893291665583777	3937400227984775289	-5547.5913085938	0.0000000000	64.9262053080	47.6185618679
60	68	230773126182757894	13171866292654863094	3851995855579483350	4356954236671855829	-5547.6005859375	0.0000000000	59.4059448522	55.6321328350
71	75	2579019396016879642	14608757246259334758	1857776971177965582	14837263259206620237	-5547.6127929688	0.0000000000	55.1179510289	54.5097737822
19	37	7692821074440121912	12249581567144989954	2334787548335586111	2570556506004209697	-5547.6215820312	0.0000000000	70.6866442908	64.0887923404
37	83	12249581567144989954	13586099871725120471	7474832006051563749	9600097222981778114	-5547.6503906250	0.0000000000	64.1176009341	52.2991158017
94	104	9222751215651972858	16298007830431462257	12804120456274313039	16279391114081846958	-5547.7089843750	0.0000000000	48.0915707597	43.5089882101
45	66	10118968526249132794	18431247209864649693	1591025763754667011	13757386615040579932	-5547.7094726562	0.0000000000	62.7264807050	55.9403213355
49	94	7823186920941671451	9222751215651972858	9864024708078247098	13583422296244923298	-5547.7255859375	0.0000000000	61.2027558349	48.1081723222
70	81	1592214687186736870	3175835436065505467	2060652819866536440	6062525024400006445	-5547.7460937500	0.0000000000	55.6749690447	53.2230193361
36	116	10369745369462594300	14319670599260614879	8788870440806389688	11007254739098612559	-5547.7631835938	0.0000000000	65.0132973524	36.3985337011
63	107	1399070161628260596	8478510142031607734	7057500284040182835	9997596950308124071	-5547.7763671875	0.0000000000	57.6152571072	41.2073169781
73	8	541435687269551760	8992346648558435547	3154444523538464303	7861589273965458288	-5547.7963867188	0.0000000000	55.0233464970	75.7145891215
43	96	9188283139325803671	14922418272091202393	861955656399866008	2609217099925379083	-5547.8022460938	0.0000000000	63.0492877900	47.8294993679
35	45	1374669322539188936	10118968526249132794	1975319199666480037	5396387066567669342	-5547.8066406250	0.0000000000	65.1415373392	62.8236486737
52	53	8242477299940831062	15405698928020597209	11524187344495008932	17756101863614635768	-5547.8193359375	0.0000000000	61.0126587501	60.9223455877
53	102	15405698928020597209	16966479684116941053	4289324020896745369	7285907864382996131	-5547.8432617188	0.0000000000	60.9462713689	44.6822255517
87	101	5601208716039951663	9781730914178405044	4939149821487995144	8594155485578415477	-5547.8657226562	0.0000000000	50.6168453251	45.6502493766
58	97	4138555004563608843	5828997022151569970	650229294197041842	2461959243093898885	-5547.8662109375	0.0000000000	59.9028028171	47.6073010863
64	120	9696301458210436234	15354991408888356854	8968030246434099765	18161772396238188259	-5547.8852539062	0.0000000000	57.4486700302	29.4727672600
12	104	14938178270134821508	16298007830431462257	4809623087331847509	6900408945161310335	-5547.8901367188	0.0000000000	72.7049926567	43.6901405539
48	98	11384733198153311516	18248472685024111301	3717864152470619549	9836968080999580263	-5547.8950195312	0.0000000000	61.7614233051	47.2100613340
42	50	6149821055044103313	15516788000137984293	5169854368079056157	15150451907046846487	-5547.9072265625	0.0000000000	63.3747787019	61.1577056621
73	39	541435687269551760	8936177091956132308	9718568644954304181	10314040210047305476	-5547.9096679688	0.0000000000	55.1366277470	64.1319469898
97	103	5828997022151569970	10916844756336505972	12373756781697136467	17996259819416102579	-5547.9213867188	0.0000000000	47.6624768676	44.3604524437
69	68	2087039987532444631	13171866292654863094	447743188957605396	10593232261650216606	-5547.9252929688	0.0000000000	55.9389919515	55.9568398663
91	106	442166951684299261	7684204559276021956	6721625876612185758	11065149449030353727	-5547.9448242188	0.0000000000	48.9790433286	41.7318433573
112	68	11111376794004924671	13171866292654863094	10754885739708758058	15670824483093928097	-5547.9570312500	0.0000000000	39.8486843951	55.9885781475
26	44	167167149883495741	13956310948762308203	10366146873793985699	11939205626845487815	-5547.9902343750	0.0000000000	68.6747650873	63.2047349233
41	101	4688636836818565261	9781730914178405044	9016131306057022539	15121356237031630510	-5548.0322265625	0.0000000000	63.5255984717	45.8167532829
5	113	2149484152715392458	11034036556017610313	6521856752146449187	18084112773920764060	-5548.0522460938	0.0000000000	78.3292249272	39.2074536356
36	89	10369745369462594300	16609562587620384987	5791172087453927201	16179426706257583452	-5548.0629882812	0.0000000000	65.3131020399	49.6602626948
76	31	2747588696662623730	16657069432005198003	12074584679099573457	17260213141211364538	-5548.0673828125	0.0000000000	54.5826523611	66.2984732042
87	16	5601208716039951663	12201523437214473668	9992381567904346679	11015431893067983134	-5548.0688476562	0.0000000000	50.8199703251	71.8850012426
93	44	3242482612805492339	13956310948762308203	7006692519682070156	12950596143836223709	-5548.0708007812	0.0000000000	48.6129052126	63.2853013296
43	34	9188283139325803671	14097627609532728280	9631178232115534059	18402647685170388938	-5548.0742187500	0.0000000000	63.3212604463	65.5973201393
54	50	10494363557995427270	15516788000137984293	11721797523104696329	16681065178863067115	-5548.0874023438	0.0000000000	60.8560264542	61.3378814434
95	114	1269677664921442142	15099006944303593007	4351320105256685377	15628914991594737549	-5548.0888671875	0.0000000000	48.2598843373	38.2421923686
107	120	8478510142031607734	15354991408888356854	10118160675603427008	10513567992233657645	-5548.0893554688	0.0000000000	41.5203052593	29.6768688225
35	69	1374669322539188936	2087039987532444631	3503222962606015319	13688770813264922280	-5548.0996093750	0.0000000000	65.4345060892	56.1133083578
35	92	1374669322539188936	10367805946812379509	14191597496987930517	17891881241143860950	-5548.1074218750	0.0000000000	65.4423185892	48.9227518714
99	47	3770798787649587355	11947096545996455153	1008982917764955756	7403884079578997711	-5548.1259765625	0.0000000000	46.4722328263	62.2225664697
22	94	3990398796172833387	9222751215651972858	7724271677539906544	10821134491331344433	-5548.1406250000	0.0000000000	70.2324104379	48.5232113847
92	28	10367805946812379509	17027433896387945395	9551007736522547060	10042760337955861338	-5548.1416015625	0.0000000000	48.9569315589	67.2236454273
55	7	11851817067206489169	15571085747497726625	4297645959962366861	13807985292092802538	-5548.1645507812	0.0000000000	60.5574054969	76.2146951982
61	108	2173314438107378563	14996368193187989284	2477351007393790915	16090657806903485801	-5548.2294921875	0.0000000000	59.4564672038	41.5112099066
70	82	1592214687186736870	13012805549261864440	7741565194444423232	12657537687962387254	-5548.2304687500	0.0000000000	56.1593440447	52.8794161155
43	114	9188283139325803671	15099006944303593007	11774601904857018687	14569907887928689916	-5548.2724609375	0.0000000000	63.5195026338	38.4257861186
60	83	230773126182757894	13586099871725120471	10149439090510900263	18247750611035172977	-5548.2910156250	0.0000000000	60.0963745397	52.9397408017
38	49	3887235235952849394	7823186920941671451	3671339025992440956	9927492939002423618	-5548.2949218750	0.0000000000	64.5392220520	61.7720917724
95	13	1269677664921442142	10079227655342552495	4093153987446705708	9280804014195297115	-5548.3535156250	0.0000000000	48.5245327748	72.6078785780
14	34	12938275795804049604	14097627609532728280	13866030974830116012	15368039969981180562	-5548.3696289062	0.0000000000	72.5189288432	65.8927302955
58	82	4138555004563608843	13012805549261864440	7374068125600838679	11058336416651707875	-5548.3740234375	0.0000000000	60.4106153171	53.0229708030
30	122	7858847987573124453	8167972712163343844	10808889770476298344	17276202014114455953	-5548.3813476562	0.0000000000	66.6661010427	28.0581402830
79	55	2501211020233769820	11851817067206489169	12978227543745916966	13539918251825300394	-5548.3818359375	0.0000000000	54.7993156738	60.7746906532
81	113	3175835436065505467	11034036556017610313	11547222483453334789	16806977138022711129	-5548.3833007812	0.0000000000	53.8602263674	39.5385083231
86	84	2181137809313707726	2564171262913545665	7030041292325784782	13477922108771039189	-5548.3847656250	0.0000000000	51.7990106011	52.5452028209
35	100	1374669322539188936	3742391230315232177	1525397311051003507	17363313541194334391	-5548.3886718750	0.0000000000	65.7235685892	46.5674151249
95	122	1269677664921442142	8167972712163343844	4684012317739338955	18386249349896658208	-5548.4497070312	0.0000000000	48.6207241811	28.1264996580
100	55	3742391230315232177	11851817067206489169	6826792771857418494	12216116344749228045	-5548.4614257812	0.0000000000	46.6401690311	60.8542804969
90	15	564253395306586288	3773740555311062023	6554788830710922627	16748078242118687479	-5548.4741210938	0.0000000000	49.8741264756	72.3646475894
62	30	7011268860006268306	7858847987573124453	7752436892614372385	17466934883618153228	-5548.4804687500	0.0000000000	58.6980957867	66.7652221365
33	21	10368442723802325466	15016803418478563936	2823297439545773074	16406341125270363848	-5548.4946289062	0.0000000000	66.2641392968	70.9764344482
36	119	10369745369462594300	17918245985891918390	1072144441070233311	8524085120852908510	-5548.5000000000	0.0000000000	65.7501137587	30.7877277138
37	104	12249581567144989954	16298007830431462257	619928115288193226	17738044697940434196	-5548.5122070312	0.0000000000	64.9794173404	44.3122108664
76	75	2747588696662623730	14608757246259334758	1553288192900347329	13137380929680264623	-5548.5224609375	0.0000000000	55.0377304861	55.4194417509
57	85	9692447327446626127	16393214166263308105	2818744241690970694	14588307978205964737	-5548.5371093750	0.0000000000	60.7063858550	52.4177395471
73	93	541435687269551760	3242482612805492339	3195901279002170320	8667869967171442200	-5548.5449218750	0.0000000000	55.7718816533	49.0870263064
86	58	2181137809313707726	4138555004563608843	1132589772129057090	16550954568142303814	-5548.5507812500	0.0000000000	51.9650262261	60.5873731296
84	49	2564171262913545665	7823186920941671451	4709301751420933386	8478243658738476357	-5548.5605468750	0.0000000000	52.7209840709	62.0377167724
116	104	14319670599260614879	16298007830431462257	12205863924746333210	13366789968223769595	-5548.6118164062	0.0000000000	37.2471665136	44.4118202414
46	83	7251700801891077616	13586099871725120471	2262979344228209715	9012855836359290164	-5548.6171875000	0.0000000000	63.5949067124	53.2659126767
10	109	3715343508190632273	8288089849152396567	2913023088232753704	7024309192105471727	-5548.6220703125	0.0000000000	75.3304487302	41.7605435653
38	115	3887235235952849394	5083548386099259802	1572851980242494514	3645662849036921271	-5548.6274414062	0.0000000000	64.8717415833	38.1481447319
86	22	2181137809313707726	3990398796172833387	2784580819129517011	3817071551088258032	-5548.6533203125	0.0000000000	52.0675652886	70.7451057504
5	59	2149484152715392458	2239142532014743282	11737653584854504074	14936732682903849180	-5548.6791992188	0.0000000000	78.9561780522	60.6801181586
29	106	520324629128040228	7684204559276021956	3139372128433678568	9744342496047285106	-5548.7114257812	0.0000000000	67.0461425722	42.4984449198
63	38	1399070161628260596	3887235235952849394	3231647972741113695	12347100745366198772	-5548.7338867188	0.0000000000	58.5727766385	64.9781868958
90	53	564253395306586288	15405698928020597209	7110961607336622643	16171807339768708111	-5548.7485351562	0.0000000000	50.1485405381	61.8515448064
9	78	2439594373950395860	14809137665620150592	13577711946769428666	18027721928414203737	-5548.7548828125	0.0000000000	75.9486624564	55.1859579262
23	50	8983620928718234954	15516788000137984293	3670323931964339562	6474412015439127059	-5548.7587890625	0.0000000000	70.2596167405	62.0092681621
70	38	1592214687186736870	3887235235952849394	6046167963509575603	8266561695805846790	-5548.7924804688	0.0000000000	56.7213557634	65.0367806458
80	7	11254879324197340454	15571085747497726625	5004860880097461485	10676761020659621327	-5548.8051757812	0.0000000000	54.8338955965	76.8553201982
91	53	442166951684299261	15405698928020597209	12628883916313285184	12821150808758917008	-5548.8056640625	0.0000000000	49.8398831724	61.9086737127
63	89	1399070161628260596	16609562587620384987	346361371969266232	12249008910147453106	-5548.8208007812	0.0000000000	58.6596907010	50.4180751948
58	43	4138555004563608843	9188283139325803671	11349145203178253243	11561979194843064377	-5548.8261718750	0.0000000000	60.8627637546	64.0732135713
8	89	8992346648558435547	16609562587620384987	10020941748921678663	15370329238452123502	-5548.8369140625	0.0000000000	76.7551164652	50.4341884761
67	75	303163103940296667	14608757246259334758	3107826838033906580	7627583993539702317	-5548.8413085938	0.0000000000	57.0361830490	55.7382894072
61	114	2173314438107378563	15099006944303593007	3652946765630316393	5914401073989974953	-5548.8471679688	0.0000000000	60.0741429851	39.0004931499
35	83	1374669322539188936	13586099871725120471	7742042068443614032	10835323760470621423	-5548.8554687500	0.0000000000	66.1903654642	53.5041939267
55	18	11851817067206489169	17473836722014595788	6858518334705108512	15789594172039376120	-5548.8662109375	0.0000000000	61.2590656532	71.9931012888
82	85	13012805549261864440	16393214166263308105	230315182190065739	12503305962141878069	-5548.8740234375	0.0000000000	53.5229708030	52.7546536096
85	28	16393214166263308105	17027433896387945395	8546784573515012504	9001910290790751116	-5548.9248046875	0.0000000000	52.8054348596	68.0068485523
30	57	7858847987573124453	9692447327446626127	10156150637282850447	17049873021205369983	-5548.9428710938	0.0000000000	67.2276244802	61.1121475738
93	30	3242482612805492339	7858847987573124453	17049873021205369983	17913089637088380186	-5548.9428710938	0.0000000000	49.4849755251	67.2276244802
32	122	3303836963991646703	8167972712163343844	3109428397332944020	14737365104659029067	-5548.9619140625	0.0000000000	67.1837203987	28.6387066892
22	42	3990398796172833387	6149821055044103313	2216486928326020878	4263658880231057529	-5548.9926757812	0.0000000000	71.0844612191	64.4602279207
86	32	2181137809313707726	3303836963991646703	10141730490866972742	13131006919544945831	-5549.0004882812	0.0000000000	52.4147332573	67.2222946175
15	53	3773740555311062023	15405698928020597209	2998222360903025959	6069377662556739727	-5549.0073242188	0.0000000000	72.8978507144	62.1103338689
92	18	10367805946812379509	17473836722014595788	9293036639392688854	15854920799145145821	-5549.0229492188	0.0000000000	49.8382792151	72.1498395701
95	92	1269677664921442142	10367805946812379509	5267839478821598807	17621156498545595393	-5549.0263671875	0.0000000000	49.1973843373	49.8416971839
81	22	3175835436065505467	3990398796172833387	6839428402941198046	8085875155437284758	-5549.1127929688	0.0000000000	54.5897185549	71.2045784066
103	75	10916844756336505972	14608757246259334758	11124954644631352019	16283695561477660137	-5549.1225585938	0.0000000000	45.5616243187	56.0195394072
73	14	541435687269551760	12938275795804049604	713588948729395216	4873038387812033928	-5549.1240234375	0.0000000000	56.3509832158	73.2733233745
118	2	5342875789511471951	13107051123224136067	1668924815127649805	9294809190729307650	-5549.1337890625	0.0000000000	35.4610993582	86.5196309464
90	86	564253395306586288	2181137809313707726	8780285388646366097	12007190188104178351	-5549.1494140625	0.0000000000	50.5494194443	52.5636590386
26	19	167167149883495741	7692821074440121912	1404352378771567285	10081437276615577766	-5549.1582031250	0.0000000000	69.8427338373	72.2232653846
90	7	564253395306586288	15571085747497726625	6806674889356690543	15090752265342463547	-5549.1840820312	0.0000000000	50.5840874131	77.2342264482
90	27	564253395306586288	13931414467280736271	3418520424350915470	15090752265342463547	-5549.1840820312	0.0000000000	50.5840874131	68.8251069852
27	44	13931414467280736271	13956310948762308203	2946694599736886	13455788306625204098	-5549.1860351562	0.0000000000	68.8270601102	64.4005357046
86	110	2181137809313707726	6574353373524907807	3483024257795248513	6549093845222821843	-5549.1884765625	0.0000000000	52.6027215386	42.0532357620
22	114	3990398796172833387	15099006944303593007	1186385611851897419	17590534314602583202	-5549.2001953125	0.0000000000	71.2919807504	39.3535204936
60	22	230773126182757894	3990398796172833387	3186571447675054316	17590534314602583202	-5549.2001953125	0.0000000000	61.0055542272	71.2919807504
57	66	9692447327446626127	18431247209864649693	2201748577649007571	18423504202869635428	-5549.2241210938	0.0000000000	61.3933975738	57.4549697730
80	21	11254879324197340454	15016803418478563936	2108948615143614689	9651102218016886101	-5549.2617187500	0.0000000000	55.2904385652	71.7435242920
84	48	2564171262913545665	11384733198153311516	7770796019892733997	8286586655366082847	-5549.2651367188	0.0000000000	53.4255739146	63.1315404926
86	41	2181137809313707726	4688636836818565261	3538849415203741381	8593603466324759562	-5549.2744140625	0.0000000000	52.6886590386	64.7677859717
15	83	3773740555311062023	13586099871725120471	2744198907447124673	4854595593003825750	-5549.2856445312	0.0000000000	73.1761710269	53.9343697079
91	77	442166951684299261	7437397082061112758	15829793109111489739	17976230700177231808	-5549.3120117188	0.0000000000	50.3462308286	55.8043342732
15	52	3773740555311062023	8242477299940831062	2073950970690536275	11609021359884875827	-5549.3457031250	0.0000000000	73.2362296207	62.5390259376
117	7	5946235283944295470	15571085747497726625	8259398928920058530	12387509019270552267	-5549.3930664062	0.0000000000	37.6264730016	77.4432108232
56	66	11357898340897756903	18431247209864649693	8692852190215407090	11536287921353047514	-5549.4238281250	0.0000000000	61.6036388484	57.6546768043
33	12	10368442723802325466	14938178270134821508	3672759687685347340	3848834729193126798	-5549.4550781250	0.0000000000	67.2245885155	74.2699340630
43	53	9188283139325803671	15405698928020597209	11349145203178253243	12818211736924139262	-5549.4614257812	0.0000000000	64.7084674775	62.5644354314
8	78	8992346648558435547	14809137665620150592	5298229376549663434	15759111074818907256	-5549.4790039062	0.0000000000	77.3972063090	55.9100790200
32	104	3303836963991646703	16298007830431462257	7219207290185762192	15127413969163700672	-5549.4941406250	0.0000000000	67.7159469612	45.2941444601
69	65	2087039987532444631	15378060113354634737	758232290264914260	10262688721472722258	-5549.5351562500	0.0000000000	57.5488552328	57.9155574286
38	16	3887235235952849394	12201523437214473668	8335440848777342964	11994088308904251732	-5549.5488281250	0.0000000000	65.7931283020	73.3649817113
76	92	2747588696662623730	10367805946812379509	2883472163509616137	16018255774745417317	-5549.5712890625	0.0000000000	56.0865586111	50.3866190589
13	36	10079227655342552495	10369745369462594300	1700527397945635360	7512752106926382114	-5549.5766601562	0.0000000000	73.8310231092	66.8267739149
70	43	1592214687186736870	9188283139325803671	6079326336081000029	6483410444132682376	-5549.5795898438	0.0000000000	57.5084651384	64.8266315400
115	13	5083548386099259802	10079227655342552495	1719238073405798647	17347514167743133241	-5549.5839843750	0.0000000000	39.1046877007	73.8383473280
80	66	11254879324197340454	18431247209864649693	5833916701340824264	5980224142602005510	-5549.5874023438	0.0000000000	55.6161221590	57.8182510230
15	98	3773740555311062023	18248472685024111301	2717441754780717543	7081922500412552310	-5549.6435546875	0.0000000000	73.5340811832	48.9585964903
33	68	10368442723802325466	13171866292654863094	6247798718670661910	16200287055140270605	-5549.6469726562	0.0000000000	67.4164830468	57.6785195538
93	22	3242482612805492339	3990398796172833387	7367853672125466060	15331552927064795366	-5549.6791992188	0.0000000000	50.2213036501	71.7709846566
15	116	3773740555311062023	14319670599260614879	5637950558947110080	6947704042429981038	-5549.7036132812	0.0000000000	73.5941397769	38.3389633886
54	96	10494363557995427270	14922418272091202393	13911994928882729413	16363284839943585166	-5549.7480468750	0.0000000000	62.5166709854	49.7753001491
110	6	6574353373524907807	16894134299124238804	10944162341086898070	15904976089886009020	-5549.7514648438	0.0000000000	42.6162240432	78.1814805384
24	95	58338521781336478	1269677664921442142	14748175648704893611	18143423308597490999	-5549.7773437500	0.0000000000	70.6574574251	49.9483608998
100	42	3742391230315232177	6149821055044103313	9123584505504215045	15726721487862358602	-5549.7978515625	0.0000000000	47.9765948124	65.2654037019
46	33	7251700801891077616	10368442723802325466	10254723578707570056	18315031341214018307	-5549.8198242188	0.0000000000	64.7975434312	67.5893346093
76	78	2747588696662623730	14809137665620150592	6660570751163751570	16323228909680680785	-5549.8256835938	0.0000000000	56.3409531423	56.2567587075
35	121	1374669322539188936	17021626295139303671	7256244441890463798	14286698480170279102	-5549.8325195312	0.0000000000	67.1674162455	29.8876510255
15	117	3773740555311062023	5946235283944295470	193802015524394972	8765011753982306789	-5549.8383789062	0.0000000000	73.7289054019	38.0717855016
19	107	7692821074440121912	8478510142031607734	2952376254727993710	18032274236307772947	-5549.8598632812	0.0000000000	72.9249255408	43.2908130718
33	83	10368442723802325466	13586099871725120471	4378497513660827878	10729289991989460680	-5549.8735351562	0.0000000000	67.6430455468	54.5222603329
115	66	5083548386099259802	18431247209864649693	11087648445459453342	11843976669833075251	-5549.9038085938	0.0000000000	39.4245119194	58.1346572730
41	33	4688636836818565261	10368442723802325466	2247782411213741719	15648667956738685517	-5549.9072265625	0.0000000000	65.4005984717	67.6767369530
30	33	7858847987573124453	10368442723802325466	13643241040236601449	16756012629982859154	-5549.9287109375	0.0000000000	68.2134643240	67.6982213280
80	114	11254879324197340454	15099006944303593007	5378745423572093848	8804780589344895828	-5549.9326171875	0.0000000000	55.9613370027	40.0859423686
100	66	3742391230315232177	18431247209864649693	6792900478495671204	10249706339052107324	-5549.9667968750	0.0000000000	48.1455401249	58.1976455543
73	61	541435687269551760	2173314438107378563	8499946766988707682	15007558006625328831	-5549.9687500000	0.0000000000	57.1957097783	61.1957250163
103	16	10916844756336505972	12201523437214473668	9293100314377274131	16661896188101032645	-5549.9721679688	0.0000000000	46.4112336937	73.7883215551
15	114	3773740555311062023	15099006944303593007	12820738936098525664	13398244346889218103	-5549.9824218750	0.0000000000	73.8729483707	40.1357470561
107	43	8478510142031607734	9188283139325803671	4796692178080388745	7933726700502156193	-5550.0073242188	0.0000000000	43.4382740093	65.2543659150
67	35	303163103940296667	1374669322539188936	3067740535949621741	9481063575134341659	-5550.0322265625	0.0000000000	58.2271010177	67.3671232767
12	108	14938178270134821508	14996368193187989284	3439100930766469470	7219360009558777313	-5550.0610351562	0.0000000000	74.8758910942	43.3427528754
60	103	230773126182757894	10916844756336505972	4073108109534286150	13156189911912481001	-5550.0639648438	0.0000000000	61.8693237584	46.5030305687
24	87	58338521781336478	5601208716039951663	17396378301984669152	17465323003548499140	-5550.0903320312	0.0000000000	70.9704457064	52.8414547001
115	4	5083548386099259802	16923322824322317466	11488045828968705836	14718316719533751942	-5550.1166992188	0.0000000000	39.6374025444	80.4452092804
95	55	1269677664921442142	11851817067206489169	7334348251214879174	16359501408019209115	-5550.1264648438	0.0000000000	50.2974819936	62.5193195594
48	40	11384733198153311516	15633704558089027375	3145326308035688497	6205076727406500085	-5550.1289062500	0.0000000000	63.9953100238	66.3439151100
86	38	2181137809313707726	3887235235952849394	4093578462428906198	16248297877560035032	-5550.1328125000	0.0000000000	53.5470574761	66.3771126770
101	45	9781730914178405044	10118968526249132794	8727490130509009300	9107326857995913578	-5550.1572265625	0.0000000000	47.9417532829	65.1742346112
17	72	429853561211997818	8503372235075209266	9496814318855663458	10694680226249969795	-5550.2021484375	0.0000000000	73.9834901150	57.5751659392
22	89	3990398796172833387	16609562587620384987	12545093057502219109	14148713287825288329	-5550.2050781250	0.0000000000	72.2968635629	51.8023525386
93	34	3242482612805492339	14097627609532728280	12865321943535337481	16713940940159287127	-5550.2138671875	0.0000000000	50.7559716189	67.7369685768
93	53	3242482612805492339	15405698928020597209	7298567169078304672	12865321943535337481	-5550.2138671875	0.0000000000	50.7559716189	63.3168768377
73	30	541435687269551760	7858847987573124453	13345007724681224294	13971035396232457023	-5550.2148437500	0.0000000000	57.4418035283	68.4995971365
58	36	4138555004563608843	10369745369462594300	769048505773741890	16004364670902077518	-5550.2299804688	0.0000000000	62.2665723484	67.4800942274
84	64	2564171262913545665	9696301458210436234	6315284715516710738	17641844962797479275	-5550.2993164062	0.0000000000	54.4597536021	59.8627325302
22	52	3990398796172833387	8242477299940831062	2745711259886027042	12297092797994708066	-5550.3061523438	0.0000000000	72.3979377816	63.4994751564
72	43	8503372235075209266	9188283139325803671	7117174409564946508	16617862835957904295	-5550.3183593750	0.0000000000	57.6913768767	65.5654010713
95	97	1269677664921442142	5828997022151569970	903975121278756752	10549383112344594905	-5550.3256835938	0.0000000000	50.4967007436	50.0667737426
97	4	5828997022151569970	16923322824322317466	7496103079386869692	10549383112344594905	-5550.3256835938	0.0000000000	50.0667737426	80.6541936554
89	11	16609562587620384987	17799708269756447471	1600551235277499148	4996666600904943700	-5550.3315429688	0.0000000000	51.9288173823	76.5629950313
19	119	7692821074440121912	17918245985891918390	8554836034837389071	14041340776203310035	-5550.3564453125	0.0000000000	73.4215075721	32.6441730263
100	107	3742391230315232177	8478510142031607734	1165272459761065682	13369191515360846379	-5550.3579101562	0.0000000000	48.5366534061	43.7888599468
58	114	4138555004563608843	15099006944303593007	4266376739161150743	17012924704542520159	-5550.3769531250	0.0000000000	62.4135450046	40.5302783061
56	82	11357898340897756903	13012805549261864440	1085938552246507711	6825133368086302059	-5550.3891601562	0.0000000000	62.5689708797	55.0381075218
100	72	3742391230315232177	8503372235075209266	13552887916397919371	16950696499061311100	-5550.3891601562	0.0000000000	48.5679034061	57.7621776580
79	110	2501211020233769820	6574353373524907807	9343984902217366929	18198110089262023605	-5550.3930664062	0.0000000000	56.8105461425	43.2578256057
95	93	1269677664921442142	3242482612805492339	14868214990403225661	15302781799704987889	-5550.4291992188	0.0000000000	50.6002163686	50.9713036501
84	108	2564171262913545665	14996368193187989284	2403676880537619334	6809545311671008828	-5550.4594726562	0.0000000000	54.6199098521	43.7411903754
9	83	2439594373950395860	13586099871725120471	1020034598915418133	8813601883508174621	-5550.4643554688	0.0000000000	77.6581351126	55.1130806454
99	14	3770798787649587355	12938275795804049604	6533643588709445864	17096127304601461852	-5550.4843750000	0.0000000000	48.8306312638	74.6336749370
45	50	10118968526249132794	15516788000137984293	13434652494339548514	17054567286280149659	-5550.5317382812	0.0000000000	65.5487463300	63.7822173809
23	108	8983620928718234954	14996368193187989284	10457313495783393148	10942280000396458521	-5550.5537109375	0.0000000000	72.0545386155	43.8354286566
74	45	279844733889261352	10118968526249132794	9079869513228933149	17256919321824131263	-5550.5595703125	0.0000000000	57.5971339004	65.5765783612
95	100	1269677664921442142	3742391230315232177	2403256325750196145	4742435216155922980	-5550.5605468750	0.0000000000	50.7315640248	48.7392901249
100	47	3742391230315232177	11947096545996455153	4742435216155922980	4899303419794700560	-5550.5605468750	0.0000000000	48.7392901249	64.6571367822
103	14	10916844756336505972	12938275795804049604	8760133889228544947	17011527631518290127	-5550.5849609375	0.0000000000	47.0240266624	74.7342608745
50	98	15516788000137984293	18248472685024111301	1123879528784649137	11408432890099415633	-5550.6079101562	0.0000000000	63.8583892559	49.9229519590
35	120	1374669322539188936	15354991408888356854	4483703641640451544	12475022934199068059	-5550.6088867188	0.0000000000	67.9437834330	32.1964000725
26	80	167167149883495741	11254879324197340454	2165153642702667035	6978798959239655001	-5550.6093750000	0.0000000000	71.2939057123	56.6380948152
100	16	3742391230315232177	12201523437214473668	15259464455882565463	17159439804570238233	-5550.6284179688	0.0000000000	48.8071612186	74.4445715551
101	116	9781730914178405044	14319670599260614879	2468348185690119674	11737778216467047993	-5550.6289062500	0.0000000000	48.4134329704	39.2642563574
13	121	10079227655342552495	17021626295139303671	8515275422614825465	16723878511785729769	-5550.6474609375	0.0000000000	74.9018238905	30.7025924318
95	64	1269677664921442142	9696301458210436234	1131514195975489984	5249098778250910543	-5550.6689453125	0.0000000000	50.8399624623	60.2323614365
86	42	2181137809313707726	6149821055044103313	13559139110271489226	18097545128907954050	-5550.6738281250	0.0000000000	54.0880731011	66.1413802644
62	43	7011268860006268306	9188283139325803671	5315233378945295066	12111240674493817284	-5550.6811523438	0.0000000000	60.8987793804	65.9281940400
107	103	8478510142031607734	10916844756336505972	4748901335151459176	18032274236307772947	-5550.7031250000	0.0000000000	44.1340747906	47.1421907249
115	3	5083548386099259802	14093486591111374668	4985988258934500674	5642809731848931936	-5550.7036132812	0.0000000000	40.2243166069	84.7132486169
91	50	442166951684299261	15516788000137984293	12594519381566416034	16325574693874805351	-5550.7080078125	0.0000000000	51.7422269224	63.9584869121
21	120	15016803418478563936	15354991408888356854	5318783505954077990	7851455009009965730	-5550.7153320312	0.0000000000	73.1971375732	32.3028453850
8	102	8992346648558435547	16966479684116941053	1918695378022903784	9216825191043653716	-5550.8110351562	0.0000000000	78.7292375590	47.6499989892
99	19	3770798787649587355	7692821074440121912	12490718110555646906	12838513449965447782	-5550.8139648438	0.0000000000	49.1602211075	73.8790271033
39	56	8936177091956132308	11357898340897756903	7034679394203461114	17708257009666331052	-5550.8413085938	0.0000000000	67.0635876148	63.0211193172
110	72	6574353373524907807	8503372235075209266	2764819787944113767	7295966395488947201	-5550.8432617188	0.0000000000	43.7080209182	58.2162792205
105	34	13728310634633545021	14097627609532728280	6070317953496084111	12891440080766892486	-5550.8549804688	0.0000000000	45.4489952918	68.3780818580
15	89	3773740555311062023	16609562587620384987	3085122268858918683	16190736262579230610	-5550.9047851562	0.0000000000	74.7953116519	52.5020595698
5	80	2149484152715392458	11254879324197340454	1858007725699165971	3683222205279927553	-5550.9350585938	0.0000000000	81.2120374272	56.9637784090
67	41	303163103940296667	4688636836818565261	2854461527396466497	7262157270592377322	-5550.9663085938	0.0000000000	59.1611830490	66.4596805029
68	104	13171866292654863094	16298007830431462257	10038657174350791574	15184630413485222940	-5550.9697265625	0.0000000000	59.0012734600	46.7697303976
53	18	15405698928020597209	17473836722014595788	5873126109946452535	18099000740453702220	-5550.9755859375	0.0000000000	64.0785955877	74.1024762888
49	103	7823186920941671451	10916844756336505972	217862411045292615	16051940682914127850	-5550.9916992188	0.0000000000	64.4688691161	47.4307649437
100	8	3742391230315232177	8992346648558435547	12409478782829598224	12569865269932459969	-5551.0073242188	0.0000000000	49.1860674686	78.9255266215
20	53	13355927625687165021	15405698928020597209	6855525949546344177	7046885079676854078	-5551.0087890625	0.0000000000	74.0568526321	64.1117987127
93	19	3242482612805492339	7692821074440121912	7833821328674975438	18269827139434346180	-5551.0830078125	0.0000000000	51.6251122439	74.1480700721
21	18	15016803418478563936	17473836722014595788	5235002086072363851	13861258530786807889	-5551.1098632812	0.0000000000	73.5916688232	74.2367536326
42	39	6149821055044103313	8936177091956132308	8495751844329194631	16105987962848271196	-5551.1181640625	0.0000000000	66.5857162019	67.3404430836
95	96	1269677664921442142	14922418272091202393	15369751505926965836	17844538802469820608	-5551.1279296875	0.0000000000	51.2989468373	51.1551829616
122	82	8167972712163343844	13012805549261864440	6451683716525206047	14737365104659029067	-5551.1323242188	0.0000000000	30.8091168455	55.7812715843
81	37	3175835436065505467	12249581567144989954	2996664937959173103	15093784504132128122	-5551.2011718750	0.0000000000	56.6780974611	67.6683821841
37	78	12249581567144989954	14809137665620150592	8260160429851421708	18400863678793183602	-5551.2016601562	0.0000000000	67.6688704654	57.6327352700
80	78	11254879324197340454	14809137665620150592	5378745423572093848	7099775540735485227	-5551.2519531250	0.0000000000	57.2806729402	57.6830282387
76	120	2747588696662623730	15354991408888356854	637178270507154166	16803596750233744958	-5551.2744140625	0.0000000000	57.7896836111	32.8619274163
112	21	11111376794004924671	15016803418478563936	2115560150223822564	9765854399325836581	-5551.2802734375	0.0000000000	43.1719265826	73.7620789795
79	115	2501211020233769820	5083548386099259802	9217254799932441043	12094806601328183973	-5551.3583984375	0.0000000000	57.7758781738	40.8791017632
115	121	5083548386099259802	17021626295139303671	8515275422614825465	9217254799932441043	-5551.3583984375	0.0000000000	40.8791017632	31.4135299318
64	68	9696301458210436234	13171866292654863094	8424672117168752580	18020562624410177423	-5551.3798828125	0.0000000000	60.9432989365	59.4114297100
63	54	1399070161628260596	10494363557995427270	4306317093014703928	14436133974714301097	-5551.3872070312	0.0000000000	61.2260969510	64.1558311417
70	93	1592214687186736870	3242482612805492339	2619981658786457124	7231916406589280349	-5551.3959960938	0.0000000000	59.3248713884	51.9381005251
58	120	4138555004563608843	15354991408888356854	5982296328360134371	16509356314976532543	-5551.4008789062	0.0000000000	63.4374707859	32.9883922600
72	120	8503372235075209266	15354991408888356854	2195502510337934532	16509356314976532543	-5551.4008789062	0.0000000000	58.7738964080	32.9883922600
36	113	10369745369462594300	11034036556017610313	1353568828070807748	4508366219030905898	-5551.4042968750	0.0000000000	68.6544106337	42.5595044169
49	52	7823186920941671451	8242477299940831062	9315277707209219105	12768262709341789947	-5551.4091796875	0.0000000000	64.8863495849	64.6025025001
86	78	2181137809313707726	14809137665620150592	7778488325308121050	8724798268504193034	-5551.4150390625	0.0000000000	54.8292840386	57.8461141762
99	102	3770798787649587355	16966479684116941053	8670913791489898285	17342863336736920448	-5551.4160156250	0.0000000000	49.7622718888	48.2549794579
100	48	3742391230315232177	11384733198153311516	4653254468029920600	5572002232500419400	-5551.4291992188	0.0000000000	49.6079424686	65.2956029926
115	94	5083548386099259802	9222751215651972858	2905154110826217059	9217254799932441043	-5551.4907226562	0.0000000000	41.0114259819	51.8733090410
76	47	2747588696662623730	11947096545996455153	1553288192900347329	9428229003254253894	-5551.5209960938	0.0000000000	58.0362656423	65.6175860009
63	106	1399070161628260596	7684204559276021956	3916814945260585418	5782391449638325757	-5551.5390625000	0.0000000000	61.3779524197	45.3260816386
58	12	4138555004563608843	14938178270134821508	7914846176279851489	11100500426664292905	-5551.5454101562	0.0000000000	63.5820020359	76.3602660942
91	10	442166951684299261	3715343508190632273	7660009251096345397	14084937896121003175	-5551.5478515625	0.0000000000	52.5820706724	78.2562299802
95	83	1269677664921442142	13586099871725120471	4628417225498533638	16876082725379890291	-5551.5581054688	0.0000000000	51.7291226186	56.2068306454
71	94	2579019396016879642	9222751215651972858	6613964654425765616	18169124719984506441	-5551.5883789062	0.0000000000	59.0935369664	51.9709652910
109	56	8288089849152396567	11357898340897756903	3268345492993566379	10236120045405617504	-5551.6171875000	0.0000000000	44.7556607528	63.7969982234
57	121	9692447327446626127	17021626295139303671	1956027818348330444	5983797565567066198	-5551.6181640625	0.0000000000	63.7874405425	31.6732955568
87	34	5601208716039951663	14097627609532728280	7806675838770589254	13847251627622877749	-5551.6347656250	0.0000000000	54.3858882938	69.1578670143
86	93	2181137809313707726	3242482612805492339	1915894565455414305	8128223099635843363	-5551.6782226562	0.0000000000	55.0924676323	52.2203270876
10	54	3715343508190632273	10494363557995427270	5421522076566142718	15173275988050622830	-5551.6875000000	0.0000000000	78.3958784177	64.4561241104
90	32	564253395306586288	3303836963991646703	6367693970603794153	18358992607275506531	-5551.6938476562	0.0000000000	53.0938530381	69.9156539925
93	54	3242482612805492339	10494363557995427270	4800279324772273510	16074318958429352908	-5551.6977539062	0.0000000000	52.2398583376	64.4663780167
69	86	2087039987532444631	2181137809313707726	12333638921739898273	14185645782541687794	-5551.7026367188	0.0000000000	59.7163357015	55.1168816948
32	19	3303836963991646703	7692821074440121912	9707172998957714384	10769091431669055348	-5551.7207031250	0.0000000000	69.9425094612	74.7857653846
15	75	3773740555311062023	14608757246259334758	6146512964679453314	7548477051625495330	-5551.7270507812	0.0000000000	75.6175772769	58.6240315947
95	54	1269677664921442142	10494363557995427270	8277642537635016606	16294655351468488205	-5551.7299804688	0.0000000000	51.9009976186	64.4986045792
103	28	10916844756336505972	17027433896387945395	9434239054500285901	10586473860727910212	-5551.7314453125	0.0000000000	48.1705110374	70.8134891773
72	45	8503372235075209266	10118968526249132794	288576905085951602	10053378741289435682	-5551.7319335938	0.0000000000	59.1049510955	66.7489416425
99	31	3770798787649587355	16657069432005198003	1691622595573820192	2209020592583292866	-5551.7749023438	0.0000000000	50.1211586075	70.0059927355
95	22	1269677664921442142	3990398796172833387	1149643134189429368	18106032864578123979	-5551.8408203125	0.0000000000	52.0118374623	73.9326057504
107	13	8478510142031607734	10079227655342552495	2858454802291485055	3142461288562326544	-5551.8505859375	0.0000000000	45.2815357281	76.1049488905
17	106	429853561211997818	7684204559276021956	9426902422491456177	13354352093036407898	-5551.8549804688	0.0000000000	75.6363221463	45.6419996073
69	114	2087039987532444631	15099006944303593007	2890219268311847370	13587477389442026841	-5551.9125976562	0.0000000000	59.9262966390	42.0659228374
113	37	11034036556017610313	12249581567144989954	12142692384892272591	18178827103170864343	-5551.9565429688	0.0000000000	43.1117505106	68.4237532779
115	107	5083548386099259802	8478510142031607734	9217254799932441043	11983619604773636681	-5551.9565429688	0.0000000000	41.4772462944	45.3874927593
16	18	12201523437214473668	17473836722014595788	291924769590718055	10001866410448613786	-5551.9628906250	0.0000000000	75.7790442113	75.0897809763
120	25	15354991408888356854	16550426852500463777	9473901290317788421	11861327824524757649	-5552.0029296875	0.0000000000	33.5904430413	72.7774417969
67	100	303163103940296667	3742391230315232177	7804798954933888254	17101388149845485059	-5552.0346679688	0.0000000000	60.2295424240	50.2134112186
23	37	8983620928718234954	12249581567144989954	9126249822119927761	17753136242281533774	-5552.0673828125	0.0000000000	73.5682104905	68.5345931216
106	120	7684204559276021956	15354991408888356854	3433333594416647198	5523333312749080947	-5552.0908203125	0.0000000000	45.8778394511	33.6783336663
87	7	5601208716039951663	15571085747497726625	11701145058271836643	13845093252261659411	-5552.1035156250	0.0000000000	54.8546382938	80.1536600420
62	57	7011268860006268306	9692447327446626127	264546390619773015	2443495591461899783	-5552.1513671875	0.0000000000	62.3689942242	64.3206436675
30	112	7858847987573124453	11111376794004924671	2405363805350210093	13221703071640207044	-5552.1601562500	0.0000000000	70.4449096365	44.0518093951
41	107	4688636836818565261	8478510142031607734	13530391078057342099	18276269987906770618	-5552.1982421875	0.0000000000	67.6916140967	45.6291919781
113	31	11034036556017610313	16657069432005198003	1489313505078220042	14888260984911800395	-5552.2099609375	0.0000000000	43.3651684794	70.4410513292
80	16	11254879324197340454	12201523437214473668	1362489542435471815	17426452147081890295	-5552.2104492188	0.0000000000	58.2391690340	76.0266028051
69	102	2087039987532444631	16966479684116941053	913284203303026823	8526607043616120674	-5552.2128906250	0.0000000000	60.2265896078	49.0518544579
86	72	2181137809313707726	8503372235075209266	15321735449025369780	15709382916500506652	-5552.2260742188	0.0000000000	55.6403191948	59.5990917205
103	55	10916844756336505972	11851817067206489169	7254767631273259487	18013044710889108895	-5552.2451171875	0.0000000000	48.6841829124	64.6379719032
62	34	7011268860006268306	14097627609532728280	945687665341242224	1468750409737541216	-5552.2475585938	0.0000000000	62.4651856304	69.7706599830
37	21	12249581567144989954	15016803418478563936	11586143527779714456	17199494601746173243	-5552.2641601562	0.0000000000	68.7313704654	74.7459656982
69	115	2087039987532444631	5083548386099259802	3518899305374656657	12290072188580423179	-5552.2700195312	0.0000000000	60.2837185140	41.7907228569
39	65	8936177091956132308	15378060113354634737	14770735662337173061	15503892424932866964	-5552.2915039062	0.0000000000	68.5137829273	60.6719050849
16	120	12201523437214473668	15354991408888356854	92965724435667190	17555311572691260251	-5552.3457031250	0.0000000000	76.1618567113	33.9332164788
74	49	279844733889261352	7823186920941671451	6472778262116203186	13532752061605978399	-5552.3505859375	0.0000000000	59.3881495254	65.8277558349
30	16	7858847987573124453	12201523437214473668	11067311877021711204	14217717523318348215	-5552.3671875000	0.0000000000	70.6519408865	76.1833410863
101	44	9781730914178405044	13956310948762308203	1766487000423062020	16834701153666226185	-5552.3901367188	0.0000000000	50.1746634391	67.6046372671
16	85	12201523437214473668	16393214166263308105	6543202124065783827	11912462063297766602	-5552.3930664062	0.0000000000	76.2092199926	56.2736965783
122	28	8167972712163343844	17027433896387945395	12636900516843632090	14737365104659029067	-5552.4057617188	0.0000000000	32.0825543455	71.4878055835
17	54	429853561211997818	10494363557995427270	3002021548911734575	3499103011918631122	-5552.4526367188	0.0000000000	76.2339783963	65.2212608292
20	31	13355927625687165021	16657069432005198003	11034719168644510219	17157238380962600868	-5552.4604492188	0.0000000000	75.5085127883	70.6915396105
105	28	13728310634633545021	17027433896387945395	6070317953496084111	17387860584991991124	-5552.4643554688	0.0000000000	47.0583702918	71.5463993335
100	33	3742391230315232177	10368442723802325466	4808137456146899690	16846992990356317519	-5552.4687500000	0.0000000000	50.6474932499	70.2382603905
94	64	9222751215651972858	9696301458210436234	2852558540731863580	9946002689802174968	-5552.4755859375	0.0000000000	52.8581723222	62.0390020615
47	120	11947096545996455153	15354991408888356854	13186621262296984206	17714206358879699263	-5552.4921875000	0.0000000000	66.5887774072	34.0797008538
67	48	303163103940296667	11384733198153311516	4916917497732236208	6954138083368792191	-5552.4970703125	0.0000000000	60.6919447677	66.3634740863
39	21	8936177091956132308	15016803418478563936	7578729213535029398	13310761680383564762	-5552.5019531250	0.0000000000	68.7242321461	74.9837586670
38	101	3887235235952849394	9781730914178405044	14496141049467843646	15155419836022048679	-5552.5273437500	0.0000000000	68.7716439270	50.3118704704
63	85	1399070161628260596	16393214166263308105	9930512466408632544	13173218287947818109	-5552.6762695312	0.0000000000	62.5151594510	56.5568997033
101	88	9781730914178405044	10084124936668487071	12244025358660965313	13520100070057470711	-5552.7167968750	0.0000000000	50.5013235954	55.1716397423
8	85	8992346648558435547	16393214166263308105	6172088944331261556	16289870435847695557	-5552.7265625000	0.0000000000	80.6447649027	56.6071926721
84	96	2564171262913545665	14922418272091202393	3068498123026158957	16655548330495724071	-5552.7382812500	0.0000000000	56.8987184459	52.7655345241
105	85	13728310634633545021	16393214166263308105	5899264555923234017	17746987634067420481	-5552.7402343750	0.0000000000	47.3342491981	56.6208645471
83	25	13586099871725120471	16550426852500463777	3547080887098500209	5697323583611130518	-5552.8110351562	0.0000000000	57.4597603329	73.5855472657
55	105	11851817067206489169	13728310634633545021	6710547527742576795	18312964979316634174	-5552.8398437500	0.0000000000	65.2326984657	47.4338585731
84	41	2564171262913545665	4688636836818565261	10413981677664072159	15281542372124815977	-5552.9599609375	0.0000000000	57.1203981334	68.4533328467
100	117	3742391230315232177	5946235283944295470	7076148328705862808	15521737850675746718	-5552.9677734375	0.0000000000	51.1465166874	41.2011800329
42	65	6149821055044103313	15378060113354634737	4142380238876433391	18308367513611379917	-5552.9707031250	0.0000000000	68.4382552644	61.3511043036
54	75	10494363557995427270	14608757246259334758	1704681378563098242	11059912727249201406	-5552.9956054688	0.0000000000	65.7642295792	59.8925862822
55	89	11851817067206489169	16609562587620384987	9425596141790143289	15522878840725911897	-5553.0136718750	0.0000000000	65.4065265907	54.6109462886
34	119	14097627609532728280	17918245985891918390	12570366161459878324	14041340776203310035	-5553.0556640625	0.0000000000	70.5787654518	35.3433917763
60	106	230773126182757894	7684204559276021956	10431114035726235141	17954162660922246004	-5553.0605468750	0.0000000000	64.8659057897	46.8475660136
32	110	3303836963991646703	6574353373524907807	8383909749658488166	17487539567749538317	-5553.0664062500	0.0000000000	71.2882125862	45.9311654495
72	50	8503372235075209266	15516788000137984293	10146041764389271760	12574319487166248245	-5553.0893554688	0.0000000000	60.4623729705	66.3398345684
79	100	2501211020233769820	3742391230315232177	1346994752892078863	6752369671066010694	-5553.0991210938	0.0000000000	59.5166008300	51.2778643436
32	113	3303836963991646703	11034036556017610313	1093796323222630189	17607072329124003640	-5553.1171875000	0.0000000000	71.3389938362	44.2723950419
22	77	3990398796172833387	7437397082061112758	7230080250808637965	12738369859788456722	-5553.1357421875	0.0000000000	75.2275276254	59.6280647419
41	68	4688636836818565261	13171866292654863094	3987594458224396266	16458354130855339378	-5553.1430664062	0.0000000000	68.6364383154	61.1746133038
93	109	3242482612805492339	8288089849152396567	1290070672990260516	4773758829852159740	-5553.1479492188	0.0000000000	53.6900536501	46.2864224716
95	16	1269677664921442142	12201523437214473668	2599508879826076547	17827278306528045555	-5553.1894531250	0.0000000000	53.3604702748	77.0056067113
110	11	6574353373524907807	17799708269756447471	2881259320811704477	15074708420657566872	-5553.2075195312	0.0000000000	46.0722787307	79.4389715938
83	7	13586099871725120471	15571085747497726625	7896974942620167894	9390302863472793761	-5553.2524414062	0.0000000000	57.9011665829	81.3025858232
86	54	2181137809313707726	10494363557995427270	11456215621191139076	17208535386370259953	-5553.2592773438	0.0000000000	56.6735223198	66.0279014542
15	120	3773740555311062023	15354991408888356854	6837672101285190200	12475022934199068059	-5553.2675781250	0.0000000000	77.1581046207	34.8550914788
39	48	8936177091956132308	11384733198153311516	5264426821353593789	7252476892862999395	-5553.2788085938	0.0000000000	69.5010876148	67.1452123676
82	78	13012805549261864440	14809137665620150592	2616123865912429694	12546641598486192394	-5553.3090820312	0.0000000000	57.9580293968	59.7401571450
71	33	2579019396016879642	10368442723802325466	10199445717182222907	11959334135333133016	-5553.3232421875	0.0000000000	60.8284002477	71.0927525780
107	55	8478510142031607734	11851817067206489169	7366977894177723812	16285361386173548267	-5553.3540039062	0.0000000000	46.7849536968	65.7468586219
68	119	13171866292654863094	17918245985891918390	8030162907131225747	12987676271677709005	-5553.3647460938	0.0000000000	61.3962929913	35.6524738076
81	56	3175835436065505467	11357898340897756903	5942667013220061866	16124471466967758217	-5553.4121093750	0.0000000000	58.8890349611	65.5919200984
82	114	13012805549261864440	15099006944303593007	10126269049846788400	17229653725753986892	-5553.4238281250	0.0000000000	58.0727754905	43.5771533061
56	40	11357898340897756903	15633704558089027375	4084220723894758276	12511354866786542366	-5553.4321289062	0.0000000000	65.6119396297	69.6471377663
39	50	8936177091956132308	15516788000137984293	2955814161902492105	8363456269726487880	-5553.4472656250	0.0000000000	69.6695446461	66.6977447246
79	50	2501211020233769820	15516788000137984293	1017099888606281583	8237916717472962173	-5553.4873046875	0.0000000000	59.9047844238	66.7377837871
108	120	14996368193187989284	15354991408888356854	11861327824524757649	15547875078347629887	-5553.5541992188	0.0000000000	46.8359169379	35.1417125725
106	7	7684204559276021956	15571085747497726625	8912104614779162286	13694656200782981149	-5553.6010742188	0.0000000000	47.3880933573	81.6512186357
116	25	14319670599260614879	16550426852500463777	1641601634945240408	13429785571150798948	-5553.6181640625	0.0000000000	42.2535141699	74.3926761719
69	44	2087039987532444631	13956310948762308203	9106838832747515962	9644531069334220285	-5553.6235351562	0.0000000000	61.6372341390	68.8380357046
115	98	5083548386099259802	18248472685024111301	9080319600156512353	9217254799932441043	-5553.6943359375	0.0000000000	43.2150392632	53.0093777403
71	109	2579019396016879642	8288089849152396567	336939161219154260	10366317267617356403	-5553.6997070312	0.0000000000	61.2048650914	46.8381802841
85	89	16393214166263308105	16609562587620384987	9272102866225760577	9296737076011068480	-5553.7280273438	0.0000000000	57.6086575158	55.3253017573
55	78	11851817067206489169	14809137665620150592	7567108194438056813	16060177908969970730	-5553.7368164062	0.0000000000	66.1296711219	60.1678915200
96	12	14922418272091202393	14938178270134821508	1939615817420691393	15625142741461913985	-5553.7377929688	0.0000000000	53.7650462429	78.5526489067
93	118	3242482612805492339	5342875789511471951	12986935330838030224	17341473677488486419	-5553.7797851562	0.0000000000	54.3218895876	40.1070954519
54	113	10494363557995427270	11034036556017610313	3298016885922867608	13926687231910947046	-5553.7978515625	0.0000000000	66.5664756729	44.9530591044
30	14	7858847987573124453	12938275795804049604	1811140402335370931	2330097428020738612	-5553.8081054688	0.0000000000	72.0928588552	77.9574054057
82	34	13012805549261864440	14097627609532728280	6678171779734787541	9949863889346445895	-5553.9345703125	0.0000000000	58.5835176780	71.4576717018
3	121	14093486591111374668	17021626295139303671	2576765837298868618	10821096803108782641	-5553.9550781250	0.0000000000	87.9647134607	34.0102096193
61	18	2173314438107378563	17473836722014595788	7260578202500210180	8624726288345766915	-5553.9838867188	0.0000000000	65.2108617351	77.1107770701
107	21	8478510142031607734	15016803418478563936	8517199892433176404	8913750767409898410	-5554.0869140625	0.0000000000	47.5178638531	76.5687196045
15	65	3773740555311062023	15378060113354634737	11352157942150285046	15956118761876588788	-5554.0883789062	0.0000000000	77.9789054019	62.4687800849
5	86	2149484152715392458	2181137809313707726	1901095372698855762	8144776012015296222	-5554.1210937500	0.0000000000	84.3980725835	57.5353387261
30	98	7858847987573124453	18248472685024111301	5458579283856998842	12674544996059168609	-5554.1411132812	0.0000000000	72.4258666677	53.4561550840
23	96	8983620928718234954	14922418272091202393	794109552329202235	17213591173181875063	-5554.1499023438	0.0000000000	75.6507300218	54.1771556179
73	63	541435687269551760	1399070161628260596	12190027022410144706	15057451801147904515	-5554.1801757812	0.0000000000	61.4071355595	64.0190657010
79	38	2501211020233769820	3887235235952849394	4483141640414761523	17096864526008282423	-5554.1806640625	0.0000000000	60.5981437988	70.4249642395
49	88	7823186920941671451	10084124936668487071	6639243041405378212	7208901715531050307	-5554.1811523438	0.0000000000	67.6583222411	56.6359952110
37	85	12249581567144989954	16393214166263308105	6881610168082238431	17393355106319388012	-5554.1845703125	0.0000000000	70.6517806216	58.0652004846
29	86	520324629128040228	2181137809313707726	4151976345761548515	18075988411489556959	-5554.2182617188	0.0000000000	72.5529785097	57.6325066948
43	89	9188283139325803671	16609562587620384987	7794136571793073634	13687943052454224376	-5554.2451171875	0.0000000000	69.4921588838	55.8423916011
60	105	230773126182757894	13728310634633545021	5106731126289067728	8751889585988140927	-5554.2636718750	0.0000000000	66.0690307897	48.8576866981
35	39	1374669322539188936	8936177091956132308	3548880705382155424	15791277334714280077	-5554.2788085938	0.0000000000	71.6137053080	70.5010876148
74	109	279844733889261352	8288089849152396567	11263487467324171473	13316682679585006454	-5554.3066406250	0.0000000000	61.3442042129	47.4451138778
100	85	3742391230315232177	16393214166263308105	15097932527299552793	17650353383782389087	-5554.3090820312	0.0000000000	52.4878252811	58.1897122033
67	85	303163103940296667	16393214166263308105	6881610168082238431	12970374275675756086	-5554.3569335938	0.0000000000	62.5518080490	58.2375637658
118	1	5342875789511471951	10324198887431388283	9937168866841762995	14938401543479073414	-5554.4047851562	0.0000000000	40.7320954519	94.2706733770
69	8	2087039987532444631	8992346648558435547	4650045961168318853	15623848081679537037	-5554.4438476562	0.0000000000	62.4575466390	82.3620500590
95	12	1269677664921442142	14938178270134821508	5161297298066890789	8532065477509372188	-5554.4462890625	0.0000000000	54.6173062123	79.2611450005
112	48	11111376794004924671	11384733198153311516	4787733097807298160	11305580483511709882	-5554.4555664062	0.0000000000	46.3472195514	68.3219701801
83	66	13586099871725120471	18431247209864649693	6067349113589171303	16365956821425016737	-5554.4609375000	0.0000000000	59.1096626767	62.6917861793
87	78	5601208716039951663	14809137665620150592	5041328086483373306	6855368945248484708	-5554.4633789062	0.0000000000	57.2145015751	60.8944540200
23	47	8983620928718234954	11947096545996455153	10815527716496841201	12525714167031819347	-5554.4702148438	0.0000000000	75.9710425218	68.5668047509
46	18	7251700801891077616	17473836722014595788	1356285211931848029	3749812053399446104	-5554.4716796875	0.0000000000	69.4493988999	77.5985700388
69	71	2087039987532444631	2579019396016879642	1712730227487511033	6357773114809135842	-5554.4721679688	0.0000000000	62.4858669515	61.9773260289
71	64	2579019396016879642	9696301458210436234	1712730227487511033	11202718867901139931	-5554.4721679688	0.0000000000	61.9773260289	64.0355840927
93	12	3242482612805492339	14938178270134821508	2989720112004022261	13893060526108676521	-5554.4804687500	0.0000000000	55.0225731814	79.2953246880
99	12	3770798787649587355	14938178270134821508	1949575942088255854	3704430413943828229	-5554.5136718750	0.0000000000	52.8599281388	79.3285278130
84	4	2564171262913545665	16923322824322317466	10277356881874464081	10513819870867041369	-5554.5424804688	0.0000000000	58.7029176646	84.8709905304
76	82	2747588696662623730	13012805549261864440	1069237051252100227	7033909361033455120	-5554.5454101562	0.0000000000	61.0606797048	59.1943575218
69	54	2087039987532444631	10494363557995427270	6513095181373134753	7085625187392919605	-5554.5546875000	0.0000000000	62.5683864828	67.3233116104
27	104	13931414467280736271	16298007830431462257	4695869798272846274	15978962333597115536	-5554.5629882812	0.0000000000	74.2040132352	50.3629921164
84	52	2564171262913545665	8242477299940831062	6685532521926604038	16951894794954128108	-5554.5825195312	0.0000000000	58.7429567271	67.7758423439
24	38	58338521781336478	3887235235952849394	6864721311973798939	18345728247780069864	-5554.6059570312	0.0000000000	75.4860707064	70.8502572083
81	97	3175835436065505467	5828997022151569970	711190764997181235	11295092971642067123	-5554.6083984375	0.0000000000	60.0853240236	54.3494885863
58	98	4138555004563608843	18248472685024111301	5470181254914913179	6319730961334325835	-5554.6171875000	0.0000000000	66.6537793796	53.9322293028
44	85	13956310948762308203	16393214166263308105	8660125890564130741	10161701977599585336	-5554.6293945312	0.0000000000	69.8438950796	58.5100247033
74	61	279844733889261352	2173314438107378563	12953342857281250328	17575711643576160501	-5554.6743164062	0.0000000000	61.7118799941	65.9012914226
101	33	9781730914178405044	10368442723802325466	10797223692372244600	13996968959489940742	-5554.6840820312	0.0000000000	52.4686087516	72.4535924218
43	56	9188283139325803671	11357898340897756903	3524265487457761150	9678369143547906929	-5554.6860351562	0.0000000000	69.9330768525	66.8658458797
87	89	5601208716039951663	16609562587620384987	4284779765805493248	13965912038666616731	-5554.7622070312	0.0000000000	57.5133297001	56.3594814448
32	40	3303836963991646703	15633704558089027375	8750987459857295408	9682718478232390796	-5554.7744140625	0.0000000000	72.9962203987	70.9894229225
67	77	303163103940296667	7437397082061112758	9782412650498516875	18372097578828745548	-5554.7954101562	0.0000000000	62.9902846115	61.2877327107
74	54	279844733889261352	10494363557995427270	1162402804424503075	6077308268112500516	-5554.8330078125	0.0000000000	61.8705714004	67.6016319229
74	20	279844733889261352	13355927625687165021	7188966749654396940	17421050250202675411	-5554.8334960938	0.0000000000	61.8710596816	77.8815596633
58	18	4138555004563608843	17473836722014595788	1772658512176491106	10687847802008890009	-5554.8417968750	0.0000000000	66.8783887546	77.9686872263
45	78	10118968526249132794	14809137665620150592	6127816419521823177	7099775540735485227	-5554.8505859375	0.0000000000	69.8675939862	61.2816610512
93	99	3242482612805492339	3770798787649587355	9241673012357899471	15063627374968944764	-5554.8657226562	0.0000000000	55.4078270876	53.2119789200
72	23	8503372235075209266	8983620928718234954	11018630165984996403	11942203128592274183	-5554.8720703125	0.0000000000	62.2450878142	76.3728979905
101	85	9781730914178405044	16393214166263308105	3309146168709445806	17405983935150487699	-5554.8833007812	0.0000000000	52.6678275016	58.7639309533
86	108	2181137809313707726	14996368193187989284	8514923282206177275	14184864600541793873	-5554.8886718750	0.0000000000	58.3029168511	48.1703895941
99	33	3770798787649587355	10368442723802325466	2563694369686711418	16185847124359092344	-5554.9013671875	0.0000000000	53.2476234513	72.6708775780
41	113	4688636836818565261	11034036556017610313	3169754482413517969	16431531704112201374	-5554.9111328125	0.0000000000	70.4045047217	46.0663403544
82	83	13012805549261864440	13586099871725120471	1510597472755231657	15877979001742815807	-5554.9145507812	0.0000000000	59.5634981468	59.5632759579
13	40	10079227655342552495	15633704558089027375	12461726085538223763	16020973534425591851	-5554.9291992188	0.0000000000	79.1835621717	71.1442080788
26	102	167167149883495741	16966479684116941053	7634904465012898470	12857487624558509981	-5554.9438476562	0.0000000000	75.6283783685	51.7828114892
9	85	2439594373950395860	16393214166263308105	3046029836475367434	18120265568449299586	-5554.9941406250	0.0000000000	82.1879202689	58.8747707971
74	4	279844733889261352	16923322824322317466	1446663150889346675	3582585499459559491	-5554.9941406250	0.0000000000	62.0317042129	85.3226506866
94	82	9222751215651972858	13012805549261864440	12636827518751117032	14747406164494396391	-5555.0229492188	0.0000000000	55.4055356035	59.6718965843
87	64	5601208716039951663	9696301458210436234	5878791012535660823	12524937128658105023	-5555.0742187500	0.0000000000	57.8253414188	64.6376348740
70	44	1592214687186736870	13956310948762308203	10750511263245617866	17467527073228299379	-5555.0751953125	0.0000000000	63.0040706072	70.2896958608
104	85	16298007830431462257	16393214166263308105	2408801710082719532	6150773262998490272	-5555.1079101562	0.0000000000	50.9079139914	58.9885403283
86	64	2181137809313707726	9696301458210436234	641009604673115440	7510979558133804670	-5555.1210937500	0.0000000000	58.5353387261	64.6845098740
52	7	8242477299940831062	15571085747497726625	1219327515545301290	9244820858611472237	-5555.1240234375	0.0000000000	68.3173462501	83.1741678545
97	27	5828997022151569970	13931414467280736271	14741297334817546634	16243216160605289092	-5555.1533203125	0.0000000000	54.8944104613	74.7943452665
99	52	3770798787649587355	8242477299940831062	1813725944762408138	10084237623592850496	-5555.2060546875	0.0000000000	53.5523109513	68.3993775001
41	50	4688636836818565261	15516788000137984293	4508970767938987149	13915321570364836941	-5555.2719726562	0.0000000000	70.7653445654	68.5224517559
61	71	2173314438107378563	2579019396016879642	9329938080221918563	10660584499265197914	-5555.2744140625	0.0000000000	66.5013890788	62.7795721227
46	111	7251700801891077616	12355689472340701209	1833668072860988729	11671641881904384604	-5555.2763671875	0.0000000000	70.2540863999	47.6071256846
67	71	303163103940296667	2579019396016879642	10056817628038265459	13807421913909751656	-5555.2978515625	0.0000000000	63.4927260177	62.8030096227
30	39	7858847987573124453	8936177091956132308	7306284286604785511	17161474348357295458	-5555.3247070312	0.0000000000	73.6094604177	71.5469860523
17	90	429853561211997818	564253395306586288	2936397475483161292	5490938697986748131	-5555.3374023438	0.0000000000	79.1187440213	56.7374077256
75	21	14608757246259334758	15016803418478563936	4365744626875135754	11984355573400704610	-5555.3437500000	0.0000000000	62.2407308134	77.8255555420
67	94	303163103940296667	9222751215651972858	13210711076535713412	16982131060841741532	-5555.4042968750	0.0000000000	63.5991713302	55.7868832597
74	47	279844733889261352	11947096545996455153	4444755662651354675	12073053520001493338	-5555.4316406250	0.0000000000	62.4692042129	69.5282305322
87	28	5601208716039951663	17027433896387945395	10264458358798305934	16387355949617419279	-5555.4370117188	0.0000000000	58.1881343876	74.5190555835
64	36	9696301458210436234	10369745369462594300	11416991283621672311	15654965845348247189	-5555.4594726562	0.0000000000	65.0228887802	72.7095864149
76	56	2747588696662623730	11357898340897756903	7587959712143774552	12861553693929148571	-5555.4711914062	0.0000000000	61.9864609548	67.6510021297
26	111	167167149883495741	12355689472340701209	10194921792631793022	15952681093069606688	-5555.4721679688	0.0000000000	76.1566986810	47.8029264658
87	46	5601208716039951663	7251700801891077616	3061389489215145636	3312300055525964393	-5555.4770507812	0.0000000000	58.2281734501	70.4547699937
24	35	58338521781336478	1374669322539188936	6289474786656198012	9667610736647445241	-5555.5126953125	0.0000000000	76.3928089876	72.8475920267
60	116	230773126182757894	14319670599260614879	10793054349744139074	11637535487845726914	-5555.5327148438	0.0000000000	67.3380737584	44.1680649511
74	90	279844733889261352	564253395306586288	47852092825499460	4263569764269147237	-5555.5371093750	0.0000000000	62.5746729629	56.9371147568
33	66	10368442723802325466	18431247209864649693	5352597534117357721	6240234580093636124	-5555.5507812500	0.0000000000	73.3202916405	63.7816299293
93	58	3242482612805492339	4138555004563608843	1706785993656428466	17136391133642638610	-5555.5512695312	0.0000000000	56.0933739626	67.5878614109
117	13	5946235283944295470	10079227655342552495	8191188599079379813	13682572669774822835	-5555.5532226562	0.0000000000	43.7866292516	79.8075856092
32	51	3303836963991646703	3374397758373242900	9880847999537418288	13210590524612050297	-5555.6582031250	0.0000000000	73.8800094612	68.8825551786
57	47	9692447327446626127	11947096545996455153	15173308127607269518	16903748153138203572	-5555.6645507812	0.0000000000	67.8338272613	69.7611406884
35	54	1374669322539188936	10494363557995427270	6666241039679730213	9737817062487483300	-5555.6728515625	0.0000000000	73.0077482767	68.4414756729
54	78	10494363557995427270	14809137665620150592	5915385629039289233	9569654870232616538	-5555.7050781250	0.0000000000	68.4737022354	62.1361532387
107	45	8478510142031607734	10118968526249132794	5286636443779697364	17739765144802592764	-5555.7343750000	0.0000000000	49.1653247906	70.7513830487
84	94	2564171262913545665	9222751215651972858	7731248124048940641	8832464696419436681	-5555.7358398438	0.0000000000	59.8962770396	56.1184262285
29	38	520324629128040228	3887235235952849394	3827941633755977819	8145478292902508131	-5555.7392578125	0.0000000000	74.0739746034	71.9835579895
19	23	7692821074440121912	8983620928718234954	7080328629309302886	8033713340263247206	-5555.7402343750	0.0000000000	78.8052966346	77.2410620530
29	22	520324629128040228	3990398796172833387	2212232667540217328	7640607897430859835	-5555.7631835938	0.0000000000	74.0979003847	77.8549690316
12	18	14938178270134821508	17473836722014595788	9531083904113032672	12357029776284649166	-5555.8061523438	0.0000000000	80.6210082817	78.9330426951
103	48	10916844756336505972	11384733198153311516	1829674392478604951	15939978955739402039	-5555.8144531250	0.0000000000	52.2535188499	69.6808568988
109	75	8288089849152396567	14608757246259334758	2622069107327918411	15908448315900130015	-5555.8164062500	0.0000000000	48.9548795028	62.7133870634
38	48	3887235235952849394	11384733198153311516	40597531442163542	849513467184091158	-5555.8271484375	0.0000000000	72.0714486145	69.6935522113
86	50	2181137809313707726	15516788000137984293	2541628670902979866	12882806730326144375	-5555.8310546875	0.0000000000	59.2452996636	69.0815337871
47	37	11947096545996455153	12249581567144989954	5274661203972259267	13810315107041943012	-5555.8413085938	0.0000000000	69.9378985009	72.3085189029
30	23	7858847987573124453	8983620928718234954	11018630165984996403	13620732503178930993	-5555.8496093750	0.0000000000	74.1343627615	77.3504370530
45	55	10118968526249132794	11851817067206489169	286313693133469927	15953548093327908485	-5555.8544921875	0.0000000000	70.8715002362	68.2473469032
120	104	15354991408888356854	16298007830431462257	8995365607446695639	10378981034065635450	-5555.8544921875	0.0000000000	37.4420055413	51.6544960226
94	21	9222751215651972858	15016803418478563936	10344648724143001461	16555743537432319943	-5555.8798828125	0.0000000000	56.2624691972	78.3616883545
26	48	167167149883495741	11384733198153311516	9479655740107406159	13879058808011088688	-5555.8911132812	0.0000000000	76.5756439935	69.7575170551
19	114	7692821074440121912	15099006944303593007	707975495530962381	15867824044154085483	-5555.8964843750	0.0000000000	78.9615466346	46.0498095561
70	42	1592214687186736870	6149821055044103313	1497854428608676901	13126792378630818085	-5555.9130859375	0.0000000000	63.8419612322	71.3806380769
122	56	8167972712163343844	11357898340897756903	7650288458266797813	14983074847855424164	-5555.9272460938	0.0000000000	35.6040387205	68.1070568172
27	50	13931414467280736271	15516788000137984293	2049687064461487894	15237842629914515646	-5555.9414062500	0.0000000000	75.5824312040	69.1918853496
26	22	167167149883495741	3990398796172833387	8532234408688901187	12168062679993234648	-5555.9458007812	0.0000000000	76.6303314935	78.0375862191
73	54	541435687269551760	10494363557995427270	3148023624723149240	17360399885152101554	-5555.9687500000	0.0000000000	63.1957097783	68.7373741104
81	54	3175835436065505467	10494363557995427270	5702891862361905537	7142665730806752064	-5555.9824218750	0.0000000000	61.4593474611	68.7510459854
39	64	8936177091956132308	9696301458210436234	5255202502701059495	14438157848749446640	-5556.0122070312	0.0000000000	72.2344860523	65.5756231552
64	66	9696301458210436234	18431247209864649693	5255202502701059495	15535497845518804237	-5556.0122070312	0.0000000000	65.5756231552	64.2430557105
100	30	3742391230315232177	7858847987573124453	3237702587421502698	10915155291456040449	-5556.0229492188	0.0000000000	54.2016924686	74.3077026052
23	75	8983620928718234954	14608757246259334758	91387331704402026	16117907701176471420	-5556.0327148438	0.0000000000	77.5335425218	62.9296956572
70	10	1592214687186736870	3715343508190632273	11649147068461815605	12136191205206624051	-5556.0371093750	0.0000000000	63.9659846697	82.7454877927
56	27	11357898340897756903	13931414467280736271	5259346653526361039	15325522767202185772	-5556.0693359375	0.0000000000	68.2491466609	75.7103608915
37	68	12249581567144989954	13171866292654863094	6060844140828530719	15601863658385238014	-5556.0883789062	0.0000000000	72.5555892154	64.1199258038
60	35	230773126182757894	1374669322539188936	6939029611380940796	8873756234087377454	-5556.1127929688	0.0000000000	67.9181518834	73.4476896830
46	116	7251700801891077616	14319670599260614879	9652542598981935500	10549312808545220370	-5556.1264648438	0.0000000000	71.1041840562	44.7618149511
27	96	13931414467280736271	14922418272091202393	3571876407186341851	11948799815995839235	-5556.1269531250	0.0000000000	75.7679780790	56.1542063991
26	40	167167149883495741	15633704558089027375	285452243583142183	6355065558766024266	-5556.1401367188	0.0000000000	76.8246674310	72.3551455788
94	40	9222751215651972858	15633704558089027375	2972758943866866126	17655441083111679010	-5556.1411132812	0.0000000000	56.5236996660	72.3561221413
17	78	429853561211997818	14809137665620150592	60925657488659891	12837589552819081969	-5556.1533203125	0.0000000000	79.9346619900	62.5843954262
36	14	10369745369462594300	12938275795804049604	6758664557910500497	17668271012263177902	-5556.1591796875	0.0000000000	73.4092934462	80.3084796245
80	104	11254879324197340454	16298007830431462257	4178509366039996370	17378581915691914864	-5556.1630859375	0.0000000000	62.1918057527	51.9630897726
70	103	1592214687186736870	10916844756336505972	2588057428212290795	10578544548224251092	-5556.1845703125	0.0000000000	64.1134456072	52.6236360374
57	82	9692447327446626127	13012805549261864440	759170931932611739	4979788195230311226	-5556.2216796875	0.0000000000	68.3909561675	60.8706270530
56	108	11357898340897756903	14996368193187989284	5480971054908332707	9497748157059271989	-5556.2631835938	0.0000000000	68.4429943172	49.5449013129
47	89	11947096545996455153	16609562587620384987	8110488816008996309	14327853491898222668	-5556.2885742188	0.0000000000	70.3851641259	57.8858486323
94	45	9222751215651972858	10118968526249132794	1790861729834132333	6087448040054914069	-5556.3007812500	0.0000000000	56.6833676347	71.3177892987
46	68	7251700801891077616	13171866292654863094	245008071147314071	9168064929213847306	-5556.3774414062	0.0000000000	71.3551606187	64.4089883038
84	71	2564171262913545665	2579019396016879642	11959334135333133016	13647861554164105734	-5556.3925781250	0.0000000000	60.5530153209	63.8977361852
45	33	10118968526249132794	10368442723802325466	3859333788571764967	6767304413733790976	-5556.4067382812	0.0000000000	71.4237463300	74.1762486718
76	36	2747588696662623730	10369745369462594300	7036948698973144768	15332324852801332000	-5556.4277343750	0.0000000000	62.9430039236	73.6778481337
57	92	9692447327446626127	10367805946812379509	1782311445166960486	17111267312531096395	-5556.4384765625	0.0000000000	68.6077530425	57.2538065589
19	36	7692821074440121912	10369745369462594300	297807868718285604	17988335284252566645	-5556.4462890625	0.0000000000	79.5113513221	73.6964028212
35	76	1374669322539188936	2747588696662623730	10739848910417338556	12253627028900251368	-5556.4511718750	0.0000000000	73.7860685892	62.9664414236
52	48	8242477299940831062	11384733198153311516	4030092651056053393	7068336356052855087	-5556.4682617188	0.0000000000	69.6615845314	70.3346654926
81	48	3175835436065505467	11384733198153311516	2343145337967684730	13879058808011088688	-5556.4697265625	0.0000000000	61.9466521486	70.3361303363
71	96	2579019396016879642	14922418272091202393	341715015513520254	6754817227213567173	-5556.4765625000	0.0000000000	63.9817205602	56.5038157741
65	104	15378060113354634737	16298007830431462257	7974344984185069982	15630676260311017586	-5556.5170898438	0.0000000000	64.8974910224	52.3170936789
99	110	3770798787649587355	6574353373524907807	9659637818545096726	12842851876994807626	-5556.5400390625	0.0000000000	54.8862953263	49.4047982620
70	118	1592214687186736870	5342875789511471951	7589659478141965	16840058779028291591	-5556.5473632812	0.0000000000	64.4762385759	42.8746735769
118	31	5342875789511471951	16657069432005198003	3386514218442142641	16840058779028291591	-5556.5473632812	0.0000000000	42.8746735769	74.7784536730
78	21	14809137665620150592	15016803418478563936	3565665807011280076	6987099754850425235	-5556.6118164062	0.0000000000	63.0428915200	79.0936219482
113	18	11034036556017610313	17473836722014595788	2249222269063063735	9446207473544765049	-5556.6201171875	0.0000000000	47.7753247294	79.7470075388
71	68	2579019396016879642	13171866292654863094	383740216807785364	12717187017096295757	-5556.6328125000	0.0000000000	64.1379705602	64.6643593975
16	119	12201523437214473668	17918245985891918390	1091027331372040272	2930177129373508457	-5556.7465820312	0.0000000000	80.5627356176	39.0343097451
9	113	2439594373950395860	11034036556017610313	9940090269521167179	10696405410667503327	-5556.7514648438	0.0000000000	83.9452444876	47.9066723856
26	104	167167149883495741	16298007830431462257	5927670769422127405	17941980172713708542	-5556.7524414062	0.0000000000	77.4369721185	52.5524452414
110	12	6574353373524907807	14938178270134821508	6960298196997978324	18236986931892049445	-5556.7631835938	0.0000000000	49.6279427932	81.5780395317
30	102	7858847987573124453	16966479684116941053	3770281953055156176	12236642000809945437	-5556.7890625000	0.0000000000	75.0738158865	53.6280263329
17	100	429853561211997818	3742391230315232177	11137076254756738252	16082862229631051457	-5556.8085937500	0.0000000000	80.5899354275	54.9873369999
29	76	520324629128040228	2747588696662623730	8406872402378851627	9540726312274993487	-5556.8320312500	0.0000000000	75.1667480409	63.3473007986
64	34	9696301458210436234	14097627609532728280	1146415926455773898	6725989972872755655	-5556.8349609375	0.0000000000	66.3983770615	74.3580623268
73	65	541435687269551760	15378060113354634737	12229658229635785225	17219515625508736143	-5556.9077148438	0.0000000000	64.1346746220	65.2881160224
97	45	5828997022151569970	10118968526249132794	3931879267205168839	7293642814523520436	-5556.9545898438	0.0000000000	56.6956799926	71.9715978925
110	120	6574353373524907807	15354991408888356854	3038577041253436199	9659637818545096726	-5557.1166992188	0.0000000000	49.9814584182	38.7042125725
15	88	3773740555311062023	10084124936668487071	10956411921376421932	15990731707871940769	-5557.1630859375	0.0000000000	81.0536124332	59.6179288048
27	18	13931414467280736271	17473836722014595788	439334792809868978	6066954159881059127	-5557.1801757812	0.0000000000	76.8212007352	80.3070661326
83	18	13586099871725120471	17473836722014595788	2643697184830161920	13001902799656219952	-5557.1875000000	0.0000000000	61.8362251767	80.3143903513
86	114	2181137809313707726	15099006944303593007	9387153953463368255	14942020390217540369	-5557.2006835938	0.0000000000	60.6149285698	47.3540087749
93	43	3242482612805492339	9188283139325803671	2985963297137018536	13104651705528700984	-5557.2031250000	0.0000000000	57.7452294314	72.4501666963
91	46	442166951684299261	7251700801891077616	3107960996648388320	13089271496953151681	-5557.2158203125	0.0000000000	58.2500394224	72.1935395249
87	30	5601208716039951663	7858847987573124453	3421936526834173743	10269703253217769422	-5557.2319335938	0.0000000000	59.9830562626	75.5166869802
122	4	8167972712163343844	16923322824322317466	10800609021900738138	13602561666004424610	-5557.2548828125	0.0000000000	36.9316754392	87.5833928741
118	8	5342875789511471951	8992346648558435547	7688278297319737277	12596535008969044964	-5557.2602539062	0.0000000000	43.5875642019	85.1784563090
73	96	541435687269551760	14922418272091202393	6610163431718833813	15666238208282998198	-5557.2753906250	0.0000000000	64.5023504033	57.3026438991
70	102	1592214687186736870	16966479684116941053	9004755925512105504	17513375549319280567	-5557.3652343750	0.0000000000	65.2941096697	54.2041982079
81	64	3175835436065505467	9696301458210436234	7134124365124165410	14460020807458834583	-5557.3676757812	0.0000000000	62.8446013674	66.9310919052
100	104	3742391230315232177	16298007830431462257	11500622167508984792	17230796473838573353	-5557.4165039062	0.0000000000	55.5952471561	53.2165077414
100	53	3742391230315232177	15405698928020597209	5414246146042593065	14265920099320774871	-5557.4375000000	0.0000000000	55.6162432499	70.5405096502
104	98	16298007830431462257	18248472685024111301	3651471532810024255	12110653656057160152	-5557.5117187500	0.0000000000	53.3117225851	56.8267605528
5	50	2149484152715392458	15516788000137984293	7803742751857025068	10366612329741700602	-5557.5668945312	0.0000000000	87.8438733647	70.8173736309
70	86	1592214687186736870	2181137809313707726	736602851018717504	11375397408250597390	-5557.5708007812	0.0000000000	65.4996760759	60.9850457573
93	47	3242482612805492339	11947096545996455153	3554160078085821775	9097056653472486434	-5557.5717773438	0.0000000000	58.1138817751	71.6683672509
90	83	564253395306586288	13586099871725120471	2261675305883889825	13210560383563389181	-5557.5732421875	0.0000000000	58.9732475693	62.2219673642
82	105	13012805549261864440	13728310634633545021	5377291305371898657	15146176996543945414	-5557.6103515625	0.0000000000	62.2592989280	52.2043663856
76	94	2747588696662623730	9222751215651972858	6884850015219392972	12168220170632447424	-5557.6396484375	0.0000000000	64.1549179861	58.0222348222
57	64	9692447327446626127	9696301458210436234	2933945312346788019	12303894000998576155	-5557.6528320312	0.0000000000	69.8221085113	67.2162481552
109	11	8288089849152396567	17799708269756447471	15884900343545396826	17303187716246688624	-5557.6767578125	0.0000000000	50.8152310653	83.9082098750
57	88	9692447327446626127	10084124936668487071	13046724980607908562	14674343607815620039	-5557.6845703125	0.0000000000	69.8538467925	60.1394131798
46	112	7251700801891077616	11111376794004924671	7504497082603306317	13947792156757408615	-5557.6904296875	0.0000000000	72.6681488999	49.5820828326
58	109	4138555004563608843	8288089849152396567	8770918568277411305	11168234252739735493	-5557.7480468750	0.0000000000	69.7846387546	50.8865201278
99	22	3770798787649587355	3990398796172833387	3935045864002028440	4657337870613957437	-5557.7519531250	0.0000000000	56.0982093888	79.8437385629
9	121	2439594373950395860	17021626295139303671	14024241298002351007	16916357406504629124	-5557.7543945312	0.0000000000	84.9481741751	37.8095260255
36	18	10369745369462594300	17473836722014595788	3742203329488067812	12990460061998014740	-5557.7788085938	0.0000000000	75.0289223524	80.9056989451
36	96	10369745369462594300	14922418272091202393	426354475919300682	17662813027743848260	-5557.8271484375	0.0000000000	75.0772621962	57.8544017116
44	31	13956310948762308203	16657069432005198003	9633826986664246468	13619117183187844949	-5557.8999023438	0.0000000000	73.1144028921	76.1309927355
12	50	14938178270134821508	15516788000137984293	12010760185811133642	17190327573799726094	-5557.9301757812	0.0000000000	82.7450317192	71.1806548809
58	107	4138555004563608843	8478510142031607734	2315419077003871126	15323760165400299764	-5557.9360351562	0.0000000000	69.9726270359	51.3669849468
29	34	520324629128040228	14097627609532728280	5057538804416634894	12527286581937692366	-5557.9790039062	0.0000000000	76.3137206972	75.5021052955
9	43	2439594373950395860	9188283139325803671	745635678268107617	17858544020348793109	-5557.9956054688	0.0000000000	85.1893851126	73.2426471650
76	68	2747588696662623730	13171866292654863094	10556483155519747869	18405829386261649569	-5558.0317382812	0.0000000000	64.5470078298	66.0632851788
87	12	5601208716039951663	14938178270134821508	7970725688058676300	16382000325418919464	-5558.0781250000	0.0000000000	60.8292476688	82.8929809380
27	78	13931414467280736271	14809137665620150592	2088200615599062608	11215026699452712533	-5558.1176757812	0.0000000000	77.7587007352	64.5487508950
70	62	1592214687186736870	7011268860006268306	5392624486315860209	9860062112194527298	-5558.1372070312	0.0000000000	66.0660823259	68.3548340679
70	59	1592214687186736870	2239142532014743282	7804905847593507109	9994930922884813357	-5558.1518554688	0.0000000000	66.0807307634	70.1527744086
54	98	10494363557995427270	18248472685024111301	12881044200188862713	15533454353306044662	-5558.1713867188	0.0000000000	70.9400108292	57.4864285215
115	102	5083548386099259802	16966479684116941053	7503142478615174514	8279233297953262597	-5558.1918945312	0.0000000000	47.7125978569	55.0308583642
39	12	8936177091956132308	14938178270134821508	899779056281671483	17339634941906369777	-5558.2270507812	0.0000000000	74.4493298023	83.0419067192
93	66	3242482612805492339	18431247209864649693	6059411225522064601	15353595229015012774	-5558.2641601562	0.0000000000	58.8062645876	66.4950088355
15	118	3773740555311062023	5342875789511471951	65537606057035481	14195459109924422040	-5558.2729492188	0.0000000000	82.1634757144	44.6002595144
76	96	2747588696662623730	14922418272091202393	3430122857677387572	15616797669383776664	-5558.2998046875	0.0000000000	64.8150742361	58.3270579616
79	76	2501211020233769820	2747588696662623730	3430122857677387572	15301198025527212243	-5558.2998046875	0.0000000000	64.7172844238	64.8150742361
52	82	8242477299940831062	13012805549261864440	6082121312168081053	17509978780831137350	-5558.3173828125	0.0000000000	71.5107056251	62.9663301780
64	96	9696301458210436234	14922418272091202393	541914004863030724	12760456854856050753	-5558.3364257812	0.0000000000	67.8998419052	58.3636790554
72	101	8503372235075209266	9781730914178405044	5507456749091036195	7400701310430663818	-5558.3593750000	0.0000000000	65.7323925017	56.1439017204
91	45	442166951684299261	10118968526249132794	3805006381202181630	17464076190793040682	-5558.3916015625	0.0000000000	59.4258206724	73.4086096112
118	21	5342875789511471951	15016803418478563936	3557047504342239120	16833136726735995375	-5558.3979492188	0.0000000000	44.7252595144	80.8797547607
107	83	8478510142031607734	13586099871725120471	6786911755287793	2469430492682561114	-5558.4003906250	0.0000000000	51.8313404156	63.0491158017
13	92	10079227655342552495	10367805946812379509	9742360893729326722	14950256607646803850	-5558.4135742188	0.0000000000	82.6679371717	59.2289042151
22	82	3990398796172833387	13012805549261864440	13909594670768893711	15937728246909939532	-5558.4335937500	0.0000000000	80.5253791879	63.0825411155
94	80	9222751215651972858	11254879324197340454	1368038584141424374	13477843415465662242	-5558.5014648438	0.0000000000	58.8840512285	64.5301846590
115	83	5083548386099259802	13586099871725120471	7503142478615174514	17442184582340064059	-5558.5063476562	0.0000000000	48.0270509819	63.1550728329
46	119	7251700801891077616	17918245985891918390	1159850922181277523	3027655639155850010	-5558.5610351562	0.0000000000	73.5387543687	40.8487628701
45	65	10118968526249132794	15378060113354634737	10553475953363089481	17253649395768134301	-5558.5703125000	0.0000000000	73.5873205487	66.9507136786
71	56	2579019396016879642	11357898340897756903	1043964720306895516	15718135811429729961	-5558.6123046875	0.0000000000	66.1174627477	70.7921154109
71	108	2579019396016879642	14996368193187989284	1043964720306895516	9497748157059271989	-5558.6123046875	0.0000000000	66.1174627477	51.8940224066
62	20	7011268860006268306	13355927625687165021	15371417165465741739	16262752626007597933	-5558.6416015625	0.0000000000	68.8592285992	81.6896651321
60	67	230773126182757894	303163103940296667	5513608471676834704	14579653590267552401	-5558.6425781250	0.0000000000	70.4479370397	66.8374525802
71	99	2579019396016879642	3770798787649587355	2648232237350937227	16423394226975610212	-5558.6435546875	0.0000000000	66.1487127477	56.9898109513
60	90	230773126182757894	564253395306586288	8371844246018432927	13677347248123628524	-5558.6630859375	0.0000000000	70.4684448522	60.0630913193
90	66	564253395306586288	18431247209864649693	1542097561957720558	13677347248123628524	-5558.6630859375	0.0000000000	60.0630913193	66.8939346168
76	37	2747588696662623730	12249581567144989954	1712640575694423427	11419252106861026109	-5558.6650390625	0.0000000000	65.1803086111	75.1322493716
59	38	2239142532014743282	3887235235952849394	4341132372287945548	7816558520818576976	-5558.7114257812	0.0000000000	70.7123447211	74.9557259583
47	102	11947096545996455153	16966479684116941053	3770281953055156176	10725281026127878738	-5558.7470703125	0.0000000000	72.8436602197	55.5860341454
105	18	13728310634633545021	17473836722014595788	3151792592538045314	13186996481023248571	-5558.7617187500	0.0000000000	53.3557335731	81.8886091013
60	112	230773126182757894	11111376794004924671	924477605344866852	9748170161762924066	-5558.7719726562	0.0000000000	70.5773315709	50.6636258014
39	25	8936177091956132308	16550426852500463777	4211338167514590167	15396397564773671331	-5558.8330078125	0.0000000000	75.0552868336	79.6075199219
61	23	2173314438107378563	8983620928718234954	11707591882997972436	16096118113328899672	-5558.8427734375	0.0000000000	70.0697484538	80.3436011155
33	104	10368442723802325466	16298007830431462257	2081695057802237406	11513247866004291153	-5558.9218750000	0.0000000000	76.6913853905	54.7218788351
42	94	6149821055044103313	9222751215651972858	5236520212145031147	15372772570841522016	-5558.9409179688	0.0000000000	74.4084701082	59.3235043535
65	98	15378060113354634737	18248472685024111301	1178779099230549163	15669232115187771842	-5558.9731445312	0.0000000000	67.3535457099	58.2881863340
67	102	303163103940296667	16966479684116941053	5039211865978241283	11483782292465410436	-5559.0234375000	0.0000000000	67.2183119552	55.8624013329
105	7	13728310634633545021	15571085747497726625	15496024209657072005	15554173580310473379	-5559.0292968750	0.0000000000	53.6233116981	87.0794412920
62	78	7011268860006268306	14809137665620150592	16238543350515306907	16723530641994539633	-5559.0322265625	0.0000000000	69.2498535992	65.4633016762
106	48	7684204559276021956	11384733198153311516	8930597106867871455	11053317545186778244	-5559.0649414062	0.0000000000	52.8519605448	72.9313451801
107	114	8478510142031607734	15099006944303593007	14745203107981978425	17232152794434974560	-5559.0683593750	0.0000000000	52.4993091656	49.2216845561
93	38	3242482612805492339	3887235235952849394	11684151254458339013	17839927154830576139	-5559.0800781250	0.0000000000	59.6221825564	75.3243783020
88	44	10084124936668487071	13956310948762308203	1396337587507033061	13170383608546575810	-5559.0942382812	0.0000000000	61.5490811485	74.3087388296
30	111	7858847987573124453	12355689472340701209	3244980398484701047	12898696817653649328	-5559.1035156250	0.0000000000	77.3882690115	51.4342741221
73	98	541435687269551760	18248472685024111301	9612516716406812302	15564834590878008550	-5559.1235351562	0.0000000000	66.3504949345	58.4385769590
73	18	541435687269551760	17473836722014595788	4169029331775237639	12824786641143693540	-5559.1894531250	0.0000000000	66.4164129033	82.3163434763
20	78	13355927625687165021	14809137665620150592	2104823405142489215	4924568042845250389	-5559.2084960938	0.0000000000	82.2565596633	65.6395712075
71	121	2579019396016879642	17021626295139303671	6848934121177272678	11903159374769190251	-5559.2358398438	0.0000000000	66.7409979039	39.2909713380
53	85	15405698928020597209	16393214166263308105	346494192109157196	8000547128591824349	-5559.2749023438	0.0000000000	72.3779119939	63.1555325158
19	68	7692821074440121912	13171866292654863094	3692728789719243348	15927629289997082817	-5559.2856445312	0.0000000000	82.3507067908	67.3171914288
45	53	10118968526249132794	15405698928020597209	7500225755230361718	9665331782392050035	-5559.2915039062	0.0000000000	74.3085119550	72.3945135564
88	116	10084124936668487071	14319670599260614879	17189852440463433334	17586932919017765809	-5559.3437500000	0.0000000000	61.7985928673	47.9791001074
17	119	429853561211997818	17918245985891918390	9306516185908884166	13827674978599832216	-5559.3505859375	0.0000000000	83.1319276150	41.6383136513
107	56	8478510142031607734	11357898340897756903	8873819640241526986	17713565227376640790	-5559.3818359375	0.0000000000	52.8127857281	71.5616466609
27	102	13931414467280736271	16966479684116941053	1473515306078327643	6111844895281922198	-5559.4589843750	0.0000000000	79.1000093290	56.2979482079
62	13	7011268860006268306	10079227655342552495	831787069626700298	14117969097949932601	-5559.4726562500	0.0000000000	69.6902832867	83.7270192030
107	113	8478510142031607734	11034036556017610313	13077276315968923519	15273246702474448112	-5559.4799804688	0.0000000000	52.9109302593	50.6351880106
93	13	3242482612805492339	10079227655342552495	1398390448044885626	5860058006750936316	-5559.5019531250	0.0000000000	60.0440575564	83.7563160780
51	50	3374397758373242900	15516788000137984293	17336945156521665851	17888469076865487913	-5559.5292968750	0.0000000000	72.7536489286	72.7797759746
59	81	2239142532014743282	3175835436065505467	453146775218804185	10442699335318679708	-5559.5424804688	0.0000000000	71.5433994086	65.0194060549
35	106	1374669322539188936	7684204559276021956	10273790141547990095	12928592702946992006	-5559.5590820312	0.0000000000	76.8939787455	53.3461011698
74	99	279844733889261352	3770798787649587355	3743097947534713799	6140813144995868762	-5559.5761718750	0.0000000000	66.6137354629	57.9224281388
103	120	10916844756336505972	15354991408888356854	11994539973197824322	16842312449659327205	-5559.5844726562	0.0000000000	56.0235383812	41.1719860100
116	53	14319670599260614879	15405698928020597209	6865229729749406115	9998847791513526144	-5559.5996093750	0.0000000000	48.2349594824	72.7026190252
73	95	541435687269551760	1269677664921442142	2843724567201537041	13571510804731212252	-5559.6181640625	0.0000000000	66.8451238408	59.7891812123
90	43	564253395306586288	9188283139325803671	12849716675100982080	13626581960172187955	-5559.6225585938	0.0000000000	61.0225639756	74.8696002900
95	76	1269677664921442142	2747588696662623730	3435864260790462176	15216461462329563939	-5559.6328125000	0.0000000000	59.8038296498	66.1480820486
64	50	9696301458210436234	15516788000137984293	2826214235246336067	18023040377328295576	-5559.6401367188	0.0000000000	69.2035528427	72.8906158184
16	83	12201523437214473668	13586099871725120471	4009799261064380465	12796278718433042633	-5559.6508789062	0.0000000000	83.4670324926	64.2996040829
17	62	429853561211997818	7011268860006268306	1513238499643076553	7491558813837044781	-5559.7338867188	0.0000000000	83.5152283963	69.9515137554
17	114	429853561211997818	15099006944303593007	5725054300574798561	16515278137002169935	-5559.8193359375	0.0000000000	83.6006776150	49.9726611186
100	25	3742391230315232177	16550426852500463777	5896342950243063607	16777155381360298227	-5559.8593750000	0.0000000000	58.0381182499	80.6338871094
54	80	10494363557995427270	11254879324197340454	1429656446892961222	16614418013350387706	-5559.9541015625	0.0000000000	72.7227256729	65.9828213777
29	62	520324629128040228	7011268860006268306	9399803970642970221	12556152956557884552	-5559.9687500000	0.0000000000	78.3034667909	70.1863770367
87	31	5601208716039951663	16657069432005198003	7059497647429186322	7313759354008823108	-5559.9936523438	0.0000000000	62.7447750126	78.2247427355
100	21	3742391230315232177	15016803418478563936	14060847393200780689	16702592270217596743	-5560.0136718750	0.0000000000	58.1924151249	82.4954774170
109	33	8288089849152396567	10368442723802325466	5748738254603987451	15414204690000612228	-5560.0322265625	0.0000000000	53.1706998153	77.8017369530
92	55	10367805946812379509	11851817067206489169	3649448384234260302	7625733464340106763	-5560.1054687500	0.0000000000	60.9207987464	72.4983234657
67	45	303163103940296667	10118968526249132794	9538982828566679242	12599984545869164987	-5560.1284179688	0.0000000000	68.3232924240	75.1454260175
87	85	5601208716039951663	16393214166263308105	11435770506111979983	16838890965798113980	-5560.1738281250	0.0000000000	62.9249507938	64.0544582971
56	20	11357898340897756903	13355927625687165021	10101156401732476286	10632783629398252290	-5560.2158203125	0.0000000000	72.3956310359	83.2638838821
38	118	3887235235952849394	5342875789511471951	5718670409828289934	15438488554091449713	-5560.2382812500	0.0000000000	76.4825814270	46.5655915457
57	21	9692447327446626127	15016803418478563936	1656514462019281442	15982717429756206503	-5560.2670898438	0.0000000000	72.4363663238	82.7488953857
32	106	3303836963991646703	7684204559276021956	1422417851403508648	8849962453940006894	-5560.2832031250	0.0000000000	78.5050094612	54.0702222636
17	101	429853561211997818	9781730914178405044	11760979338562914181	15140132166558312149	-5560.2841796875	0.0000000000	84.0655213650	58.0687064079
106	16	7684204559276021956	12201523437214473668	4080139152511283938	16955911292319680312	-5560.3652343750	0.0000000000	54.1522535136	84.1813879613
24	115	58338521781336478	5083548386099259802	2310496232513573466	5356678960908837051	-5560.4038085938	0.0000000000	81.2839222689	49.9245119194
15	110	3773740555311062023	6574353373524907807	5039504591252266125	11136885269866256095	-5560.4296875000	0.0000000000	84.3202139957	53.2944466995
54	66	10494363557995427270	18431247209864649693	9372745697830934261	11214361293801184871	-5560.4814453125	0.0000000000	73.2500694229	68.7122939918
33	20	10368442723802325466	13355927625687165021	583273743319732018	6456981458166201769	-5560.5551757812	0.0000000000	78.3246861718	83.6032393508
109	31	8288089849152396567	16657069432005198003	8622176998944860752	10624396572101088384	-5560.5776367188	0.0000000000	53.7161099716	78.8087271105
101	78	9781730914178405044	14809137665620150592	3437014309578431890	9943987087410802580	-5560.6455078125	0.0000000000	58.4300345329	67.0765829262
64	102	9696301458210436234	16966479684116941053	504502630555532248	16485049130246691220	-5560.6513671875	0.0000000000	70.2147833115	57.4903310204
97	30	5828997022151569970	7858847987573124453	6035120237864853909	14371709558446944864	-5560.6835937500	0.0000000000	60.4246838988	78.9683471365
26	65	167167149883495741	15378060113354634737	14378487234293241757	16343324136992818062	-5560.6997070312	0.0000000000	81.3842377435	69.0801082099
19	121	7692821074440121912	17021626295139303671	4093941233284818348	8779313381563977055	-5560.7094726562	0.0000000000	83.7745349158	40.7646041505
36	85	10369745369462594300	16393214166263308105	7276004656735567784	8837209910766488388	-5560.7338867188	0.0000000000	77.9840004774	64.6145168908
97	85	5828997022151569970	16393214166263308105	10634805637103802646	15348377698594312105	-5560.7597656250	0.0000000000	60.5008557738	64.6403957971
41	46	4688636836818565261	7251700801891077616	1133302736314745318	12990640876994009313	-5560.7753906250	0.0000000000	76.2687625342	75.7531098374
118	94	5342875789511471951	9222751215651972858	3284271345317811000	14086244091030011387	-5560.8027343750	0.0000000000	47.1300446707	61.1853207597
60	120	230773126182757894	15354991408888356854	3038577041253436199	11019696117704126402	-5560.8056640625	0.0000000000	72.6110229772	42.3931774163
87	96	5601208716039951663	14922418272091202393	1165267170617901343	13231290610632565550	-5560.8129882812	0.0000000000	63.5641109501	60.8402415554
38	82	3887235235952849394	13012805549261864440	5294806955104681228	13058945848503413701	-5560.8994140625	0.0000000000	77.1437142395	65.5483614280
67	33	303163103940296667	10368442723802325466	4870625296259055868	5095186975377236639	-5560.9287109375	0.0000000000	69.1235853927	78.6982213280
63	83	1399070161628260596	13586099871725120471	5770970004051322234	8504929754472027240	-5560.9697265625	0.0000000000	70.8086164822	65.6184517392
46	122	7251700801891077616	8167972712163343844	1506254848989168430	10206473210953766644	-5560.9824218750	0.0000000000	75.9601410874	40.6592145017
90	54	564253395306586288	10494363557995427270	8668170121430820613	11995487966669044188	-5560.9829101562	0.0000000000	62.3829155381	73.7515342667
97	49	5828997022151569970	7823186920941671451	341606495330305423	13053533377409784551	-5560.9902343750	0.0000000000	60.7313245238	74.4674042724
29	41	520324629128040228	4688636836818565261	3740337905446839378	9371025410583897792	-5560.9956054688	0.0000000000	79.3303222597	76.4889773779
83	119	13586099871725120471	17918245985891918390	3967420148239957791	12254756831283911841	-5561.0229492188	0.0000000000	65.6716743954	43.3106769326
83	85	13586099871725120471	16393214166263308105	6891124608467041229	8493076767800955837	-5561.0493164062	0.0000000000	65.6980415829	64.9299465783
35	14	1374669322539188936	12938275795804049604	9111156242814488875	9647181389736748349	-5561.1103515625	0.0000000000	78.4452482767	85.2596514995
63	86	1399070161628260596	2181137809313707726	11982235554351450992	12223944805080331780	-5561.1289062500	0.0000000000	70.9677961697	64.5431512261
38	104	3887235235952849394	16298007830431462257	2071155289977735407	7997023671473362247	-5561.1767578125	0.0000000000	77.4210579895	56.9767616476
63	22	1399070161628260596	3990398796172833387	13750615335150268442	17568771305520628462	-5561.1865234375	0.0000000000	71.0254133572	83.2783088754
59	52	2239142532014743282	8242477299940831062	15594390620103086191	17695205499663392064	-5561.1918945312	0.0000000000	73.1928134711	74.3852173439
52	16	8242477299940831062	12201523437214473668	868445705607630148	14481077174293987457	-5561.1953125000	0.0000000000	74.3886353126	85.0114660863
70	107	1592214687186736870	8478510142031607734	4291553122388099100	16298595772261417702	-5561.1992187500	0.0000000000	69.1280940447	54.6301685406
42	78	6149821055044103313	14809137665620150592	3271434700566635636	7437102685854956113	-5561.2167968750	0.0000000000	76.6843490144	67.6478719887
109	54	8288089849152396567	10494363557995427270	1410796757877490982	12212633028113066833	-5561.2373046875	0.0000000000	54.3757779403	74.0059287979
90	87	564253395306586288	5601208716039951663	1148572962056718187	8440655979753694059	-5561.2392578125	0.0000000000	62.6392631943	63.9903804813
88	4	10084124936668487071	16923322824322317466	13751901234831393953	15325170055265553403	-5561.2773437500	0.0000000000	63.7321866173	91.6058538116
79	12	2501211020233769820	14938178270134821508	11468922449870791858	13084742988376153437	-5561.3081054688	0.0000000000	67.7255852050	86.1229614067
9	118	2439594373950395860	5342875789511471951	12150953666301646263	12816086216774212671	-5561.3813476562	0.0000000000	88.5751273001	47.7086579519
87	23	5601208716039951663	8983620928718234954	15937357623310608468	16185043001839728961	-5561.4101562500	0.0000000000	64.1612789188	82.9109839280
60	71	230773126182757894	2579019396016879642	4804875682611302809	5091451454828603848	-5561.4213867188	0.0000000000	73.2267456334	68.9265447789
69	38	2087039987532444631	3887235235952849394	8037067923663710407	17910106723858912576	-5561.4458007812	0.0000000000	69.4594997640	77.6901009583
82	27	13012805549261864440	13931414467280736271	8261316807046236912	15241091596102452451	-5561.4897460938	0.0000000000	66.1386934593	81.1307710477
118	68	5342875789511471951	13171866292654863094	5584746916966924639	11219855819529456969	-5561.5766601562	0.0000000000	47.9039704519	69.6082070538
37	120	12249581567144989954	15354991408888356854	2615905111835564354	14325675685858424855	-5561.6264648438	0.0000000000	78.0936751529	43.2139781975
86	55	2181137809313707726	11851817067206489169	7042932322640954177	17391636433139092627	-5561.6474609375	0.0000000000	65.0617059136	74.0403156532
72	121	8503372235075209266	17021626295139303671	8157616469437854774	14361048447070404231	-5561.6601562500	0.0000000000	69.0331737517	41.7152877443
54	82	10494363557995427270	13012805549261864440	7015423693976245200	18135033079907364877	-5561.7026367188	0.0000000000	74.4712608292	66.3515840843
51	48	3374397758373242900	11384733198153311516	7384984887926481862	12541286364561330000	-5561.7436523438	0.0000000000	74.9680043974	75.6100561176
86	75	2181137809313707726	14608757246259334758	331426936718248751	8786703596763456776	-5561.7651367188	0.0000000000	65.1793816948	68.6621175322
94	12	9222751215651972858	14938178270134821508	11518247546927463882	16250261309812223370	-5561.7783203125	0.0000000000	62.1609066972	86.5931762505
84	27	2564171262913545665	13931414467280736271	3299773113156485922	17581256585614819501	-5561.7949218750	0.0000000000	65.9553590709	81.4359468290
7	102	15571085747497726625	16966479684116941053	1473515306078327643	6707187360002727450	-5561.8696289062	0.0000000000	89.9197733232	58.7085927392
62	4	7011268860006268306	16923322824322317466	8624391153912503498	15028672934882918362	-5561.9160156250	0.0000000000	72.1336426617	92.2445256866
86	113	2181137809313707726	11034036556017610313	10363091023419257573	17731812316629080511	-5561.9223632812	0.0000000000	65.3366082573	53.0775708231
90	93	564253395306586288	3242482612805492339	1812175560496245654	10628490333424980351	-5561.9252929688	0.0000000000	63.3252983506	62.4673974001
19	56	7692821074440121912	11357898340897756903	504691249806522228	5721677809522848850	-5561.9726562500	0.0000000000	85.0377185096	74.1524669734
95	72	1269677664921442142	8503372235075209266	3706190187967800992	5567681063497541182	-5561.9965820312	0.0000000000	62.1675991811	69.3695995330
19	108	7692821074440121912	14996368193187989284	3793009569702294457	9497748157059271989	-5562.0175781250	0.0000000000	85.0826403846	55.2992958441
99	16	3770798787649587355	12201523437214473668	1514444819205785778	3099763992414701790	-5562.0253906250	0.0000000000	60.3716468888	85.8415442113
9	51	2439594373950395860	3374397758373242900	4152099503253328251	12006795511629672196	-5562.0605468750	0.0000000000	89.2543265189	75.2848989286
54	21	10494363557995427270	15016803418478563936	5579072042104342710	10214089469136967232	-5562.0747070312	0.0000000000	74.8433311417	84.5565125732
87	62	5601208716039951663	7011268860006268306	1087575957765104322	11376354631112948150	-5562.1181640625	0.0000000000	64.8692867313	72.3357910992
118	48	5342875789511471951	11384733198153311516	2781794136782794332	17957781987790025333	-5562.1381835938	0.0000000000	48.4654938894	76.0045873676
78	120	14809137665620150592	15354991408888356854	903453479198198578	15348444055638131944	-5562.1552734375	0.0000000000	68.5863485512	43.7427867913
81	119	3175835436065505467	17918245985891918390	5957651777776702870	7376568695441765034	-5562.1591796875	0.0000000000	67.6361052736	44.4469074013
32	107	3303836963991646703	8478510142031607734	1043237904456519020	11426181519243807921	-5562.2099609375	0.0000000000	80.4317672737	55.6409107281
107	16	8478510142031607734	12201523437214473668	11426181519243807921	17289678799493470052	-5562.2099609375	0.0000000000	55.6409107281	86.0261145238
46	54	7251700801891077616	10494363557995427270	6226167223364093899	11059912727249201406	-5562.2685546875	0.0000000000	77.2462738999	75.0371787979
86	81	2181137809313707726	3175835436065505467	5118634976186651899	10834339382875276540	-5562.2812500000	0.0000000000	65.6954949761	67.7581755861
54	83	10494363557995427270	13586099871725120471	926166061095980339	14491800728048001821	-5562.2934570312	0.0000000000	75.0620811417	66.9421822079
14	121	12938275795804049604	17021626295139303671	709009507820697965	2885251358162376305	-5562.3178710938	0.0000000000	86.4671710307	42.3730025880
15	102	3773740555311062023	16966479684116941053	8250837485114450055	13193674380617692488	-5562.3247070312	0.0000000000	86.2152335269	59.1636708642
111	7	12355689472340701209	15571085747497726625	845147504024793028	16301287670583407841	-5562.3437500000	0.0000000000	54.6745084971	90.3938944170
38	109	3887235235952849394	8288089849152396567	5263375702211628055	10842858852052915177	-5562.3627929688	0.0000000000	78.6070931458	55.5012662216
70	66	1592214687186736870	18431247209864649693	2537419255698115628	8298407202660237473	-5562.3950195312	0.0000000000	70.3238948259	70.6258682105
97	31	5828997022151569970	16657069432005198003	3972564761578858063	6901802107659923123	-5562.4770507812	0.0000000000	62.2181409301	80.7081411730
17	18	429853561211997818	17473836722014595788	3532467764950428884	13115974488460161879	-5562.5102539062	0.0000000000	86.2915955838	85.6371442576
103	53	10916844756336505972	15405698928020597209	1946964777758926761	3796713377156910538	-5562.5468750000	0.0000000000	58.9859407249	75.6498846502
67	88	303163103940296667	10084124936668487071	10858215368185268589	11880656232936316579	-5562.5991210938	0.0000000000	70.7939955490	65.0539639610
94	88	9222751215651972858	10084124936668487071	9860513572957917734	11880656232936316579	-5562.5991210938	0.0000000000	62.9817074785	65.0539639610
77	83	7437397082061112758	13586099871725120471	4994772219000992815	11808742693039078065	-5562.6523437500	0.0000000000	69.1446663044	67.3010689267
62	44	7011268860006268306	13956310948762308203	9887427249482396034	13545444996251156959	-5562.6923828125	0.0000000000	72.9100098492	77.9068833608
76	55	2747588696662623730	11851817067206489169	842115783748141091	5142041080357477761	-5562.7207031250	0.0000000000	69.2359726736	75.1135578407
36	31	10369745369462594300	16657069432005198003	3243343566121709877	15373444950561975259	-5562.7387695312	0.0000000000	79.9888832899	80.9698599230
103	47	10916844756336505972	11947096545996455153	2341875055397806641	3074868092198942671	-5562.7924804688	0.0000000000	59.2315461937	76.8890703759
39	33	8936177091956132308	10368442723802325466	14029837248143254363	16602342773734226949	-5562.9277343750	0.0000000000	79.1500133961	80.6972447655
76	72	2747588696662623730	8503372235075209266	2919345706447235342	10766311493511282684	-5562.9301757812	0.0000000000	69.4454453298	70.3031932830
9	114	2439594373950395860	15099006944303593007	1527611652466403629	2066985302505739449	-5562.9355468750	0.0000000000	90.1293265189	53.0888720561
8	80	8992346648558435547	11254879324197340454	10433837515836584782	13355369472802369909	-5562.9980468750	0.0000000000	90.9162492777	69.0267666902
32	83	3303836963991646703	13586099871725120471	866353471916952663	12796278718433042633	-5563.0039062500	0.0000000000	81.2257125862	67.6526314267
9	41	2439594373950395860	4688636836818565261	6558576249197289343	16283109233586904777	-5563.1088867188	0.0000000000	90.3026663626	78.6022586279
24	94	58338521781336478	9222751215651972858	8031210671107366069	14037511592175253173	-5563.2075195312	0.0000000000	84.0876332064	63.5901059160
57	48	9692447327446626127	11384733198153311516	105647975845888724	14976427601028019014	-5563.2275390625	0.0000000000	75.3968155425	77.0939428363
72	27	8503372235075209266	13931414467280736271	8419391554673808423	14767178495481140544	-5563.2661132812	0.0000000000	70.6391307830	82.9071382352
87	36	5601208716039951663	10369745369462594300	2398739100969895549	15662908274416138714	-5563.3222656250	0.0000000000	66.0733882938	80.5723793837
59	2	2239142532014743282	13107051123224136067	2586395375599652472	18389731535976703647	-5563.3569335938	0.0000000000	75.3578525336	100.7427754776
69	121	2087039987532444631	17021626295139303671	4534700003052096198	6244641237903203497	-5563.3623046875	0.0000000000	71.3760036703	43.4174361818
90	23	564253395306586288	8983620928718234954	165390949018384877	12850335742920408785	-5563.4277343750	0.0000000000	64.8277397568	84.9285620530
35	98	1374669322539188936	18248472685024111301	11220634173316453544	11629590088361471668	-5563.4692382812	0.0000000000	80.8041349955	62.7842800840
69	101	2087039987532444631	9781730914178405044	741883722840997659	15318658298202815225	-5563.5234375000	0.0000000000	71.5371364828	61.3079642204
74	6	279844733889261352	16894134299124238804	2399364362425952656	14060206625850159290	-5563.5327148438	0.0000000000	70.5702784316	91.9627305384
37	89	12249581567144989954	16609562587620384987	5341263329476226043	13874263619117861752	-5563.5390625000	0.0000000000	80.0062728091	65.1363369136
109	80	8288089849152396567	11254879324197340454	12616952590087805815	12950945439823400542	-5563.5825195312	0.0000000000	56.7209927841	69.6112393465
23	27	8983620928718234954	13931414467280736271	1082694070667042558	8836573148861704685	-5563.6020507812	0.0000000000	85.1028784593	83.2430757352
99	45	3770798787649587355	10118968526249132794	816518687635959751	15703751613291005131	-5563.6220703125	0.0000000000	61.9683265763	78.6390783612
107	44	8478510142031607734	13956310948762308203	6356495258575805594	9270158876861757338	-5563.6445312500	0.0000000000	57.0754810406	78.8590317983
84	110	2564171262913545665	6574353373524907807	12399289913424098305	14616678749159648547	-5563.6621093750	0.0000000000	67.8225465709	56.5268685745
84	104	2564171262913545665	16298007830431462257	13690942759831137853	14616678749159648547	-5563.6860351562	0.0000000000	67.8464723521	59.4860389914
15	113	3773740555311062023	11034036556017610313	7074678213506671064	17006946967353644375	-5563.7333984375	0.0000000000	87.6239249332	54.8886059794
115	28	5083548386099259802	17027433896387945395	22588080484270560	4134552146996896852	-5563.7578125000	0.0000000000	53.2785158257	82.8398563648
52	101	8242477299940831062	9781730914178405044	7717176169079291707	9285223501535678182	-5563.8417968750	0.0000000000	77.0351196876	61.6263235954
20	89	13355927625687165021	16609562587620384987	1779544229792273762	14023072497452890926	-5563.8437500000	0.0000000000	86.8918135696	65.4410244136
87	18	5601208716039951663	17473836722014595788	250507754548536070	13840275854162737230	-5563.8642578125	0.0000000000	66.6153804813	86.9911481638
43	105	9188283139325803671	13728310634633545021	7886439281354981028	14720010143673169378	-5563.8891601562	0.0000000000	79.1362018525	58.4831749793
32	85	3303836963991646703	16393214166263308105	12219927339854352740	18074970185899159346	-5563.9023437500	0.0000000000	82.1241500862	67.7829739221
61	22	2173314438107378563	3990398796172833387	5677448676639270409	13463440356211198899	-5563.9038085938	0.0000000000	75.1307836101	85.9955940316
83	50	13586099871725120471	15516788000137984293	7453851394923861588	15881501251760973974	-5563.9130859375	0.0000000000	68.5618111142	77.1635650371
118	83	5342875789511471951	13586099871725120471	7562697138783327533	14546681909092987701	-5563.9350585938	0.0000000000	50.2623688894	68.5837837704
76	30	2747588696662623730	7858847987573124453	79400429317730756	1284864112824729288	-5563.9858398438	0.0000000000	70.5011093923	82.2705932302
106	57	7684204559276021956	9692447327446626127	1769176428531568060	5694659735545644789	-5563.9873046875	0.0000000000	57.7743238261	76.1565811675
59	42	2239142532014743282	6149821055044103313	3800755874919703357	12879115765818370142	-5563.9936523438	0.0000000000	75.9945712836	79.4612044832
109	27	8288089849152396567	13931414467280736271	7484076853742506175	14664375899261520442	-5564.0029296875	0.0000000000	57.1414029403	83.6439546415
60	122	230773126182757894	8167972712163343844	15348553737324974996	17828264772406173250	-5564.0439453125	0.0000000000	75.8493042272	43.7207379392
33	114	10368442723802325466	15099006944303593007	3650404462446156046	7235634325127497684	-5564.0693359375	0.0000000000	81.8388463280	54.2226611186
71	6	2579019396016879642	16894134299124238804	1845573890543789192	10884008597700829923	-5564.0947265625	0.0000000000	71.5998846227	92.5247422572
71	44	2579019396016879642	13956310948762308203	6716700425282503506	10429063888238488942	-5564.1191406250	0.0000000000	71.6242986852	79.3336411733
47	116	11947096545996455153	14319670599260614879	1890191645557518132	10549312808545220370	-5564.1899414062	0.0000000000	78.2865313134	52.8252915136
104	28	16298007830431462257	17027433896387945395	8063834722356622883	18273179262089366460	-5564.1943359375	0.0000000000	59.9943397726	83.2763798023
73	27	541435687269551760	13931414467280736271	353245949733456886	10408749124711440874	-5564.2202148438	0.0000000000	71.4471746220	83.8612397977
58	92	4138555004563608843	10367805946812379509	1269145928772317362	8857230154490807134	-5564.2333984375	0.0000000000	76.2699903171	65.0487284339
9	98	2439594373950395860	18248472685024111301	8905706949416444693	16635368352347649544	-5564.2353515625	0.0000000000	91.4291312064	63.5503933653
85	25	16393214166263308105	16550426852500463777	955165846914565546	13442912261307315826	-5564.2851562500	0.0000000000	68.1657864221	85.0596683594
38	102	3887235235952849394	16966479684116941053	2915255285650293043	8429699598977103783	-5564.3017578125	0.0000000000	80.5460579895	61.1407216454
84	50	2564171262913545665	15516788000137984293	3390272202361986376	7394325706977284444	-5564.3061523438	0.0000000000	68.4665895396	77.5566314434
109	40	8288089849152396567	15633704558089027375	8583013259682037247	12192128488198692177	-5564.3286132812	0.0000000000	57.4670865341	80.5436221413
76	97	2747588696662623730	5828997022151569970	3047031865562932404	3430122857677387572	-5564.3598632812	0.0000000000	70.8751328298	64.1009534301
75	85	14608757246259334758	16393214166263308105	3826517662372620480	15568750649811570703	-5564.4360351562	0.0000000000	71.3330159697	68.3166653283
59	15	2239142532014743282	3773740555311062023	2984882377820953364	8048284145777704069	-5564.4624023438	0.0000000000	76.4633212836	88.3529288394
34	96	14097627609532728280	14922418272091202393	6370940626910697215	9908966639771152461	-5564.4965820312	0.0000000000	82.0196834205	64.5238353054
56	114	11357898340897756903	15099006944303593007	7936035378075005003	15549324910814042591	-5564.4995117188	0.0000000000	76.6793224422	54.6528368999
81	68	3175835436065505467	13171866292654863094	15108273062576804782	16512022355834942994	-5564.5029296875	0.0000000000	69.9798552736	72.5344765850
84	46	2564171262913545665	7251700801891077616	2526810392976364863	7653801317612027354	-5564.5883789062	0.0000000000	68.7488161021	79.5660981187
64	18	9696301458210436234	17473836722014595788	10526969183713498267	14538014506881337772	-5564.6147460938	0.0000000000	74.1781622177	87.7416364451
26	66	167167149883495741	18431247209864649693	10898190209167462601	16105699478319783237	-5564.6215820312	0.0000000000	85.3061127435	72.8524307105
68	66	13171866292654863094	18431247209864649693	5792326134596374412	16105699478319783237	-5564.6215820312	0.0000000000	72.6531289288	72.8524307105
61	119	2173314438107378563	17918245985891918390	2947900560547339262	6046018993599544797	-5564.6347656250	0.0000000000	75.8617406413	46.9224933388
111	20	12355689472340701209	13355927625687165021	1191418359634356875	6606716159374050003	-5564.6938476562	0.0000000000	57.0246061533	87.7419112258
9	119	2439594373950395860	17918245985891918390	8937951443915548669	13120239663926413014	-5564.6982421875	0.0000000000	91.8920218314	46.9859699013
21	98	15016803418478563936	18248472685024111301	6349848320171545258	15914565210594540382	-5564.7089843750	0.0000000000	87.1907899170	64.0240261778
78	65	14809137665620150592	15378060113354634737	2813363149047392099	4016777182972275297	-5564.7392578125	0.0000000000	71.1703329262	73.1196589911
92	44	10367805946812379509	13956310948762308203	8377139220900441149	10011125679035391862	-5564.7392578125	0.0000000000	65.5545878089	79.9537583608
112	44	11111376794004924671	13956310948762308203	1285208943120919785	5522917624275035996	-5564.7895507812	0.0000000000	56.6812039264	80.0040513296
90	19	564253395306586288	7692821074440121912	7179899759215761647	8947761552181345932	-5564.8291015625	0.0000000000	66.2291069443	87.8941638221
5	105	2149484152715392458	13728310634633545021	7003473258896939718	16473815874020299830	-5564.8720703125	0.0000000000	95.1490491460	59.4660851356
44	114	13956310948762308203	15099006944303593007	8233125904774891941	15273088556774336440	-5564.8725585938	0.0000000000	80.0870591421	55.0258837749
17	102	429853561211997818	16966479684116941053	14337692558739797482	14912299150246601408	-5564.8881835938	0.0000000000	88.6695252713	61.7271474267
106	107	7684204559276021956	8478510142031607734	6179209708086540294	15249074409646878352	-5564.9208984375	0.0000000000	58.7079175761	58.3518482281
109	57	8288089849152396567	9692447327446626127	12926281760350330355	15629002963410222852	-5564.9399414062	0.0000000000	58.0784146591	77.1092178863
63	105	1399070161628260596	13728310634633545021	403114614589944151	7673470730748357258	-5564.9423828125	0.0000000000	74.7812727322	59.5363976356
99	80	3770798787649587355	11254879324197340454	3877403979893840036	16953029383447326783	-5564.9594726562	0.0000000000	63.3057289200	70.9881924715
78	121	14809137665620150592	17021626295139303671	6467774311951349476	15348444055638131944	-5565.0083007812	0.0000000000	71.4393758950	45.0634322755
77	18	7437397082061112758	17473836722014595788	3938569693767965772	12976371274707873393	-5565.0180664062	0.0000000000	71.5103889607	88.1449567576
63	34	1399070161628260596	14097627609532728280	5478629196397466875	9162486725351684149	-5565.0288085938	0.0000000000	74.8676985135	82.5519099830
74	95	279844733889261352	1269677664921442142	11331701267495742287	11744627170412719897	-5565.0913085938	0.0000000000	72.1288721816	65.2623257436
101	68	9781730914178405044	13171866292654863094	11531177219461370695	18384069117833887228	-5565.0932617188	0.0000000000	62.8777884391	73.1248086163
8	105	8992346648558435547	13728310634633545021	1372228417358228325	5818537907990183970	-5565.1943359375	0.0000000000	93.1125383402	59.7883507606
36	102	10369745369462594300	16966479684116941053	15017099630505231806	15568560600962703460	-5565.2358398438	0.0000000000	82.4859536024	62.0748036767
86	19	2181137809313707726	7692821074440121912	1876392922831534263	8025933997238019541	-5565.2636718750	0.0000000000	68.6779168511	88.3287341346
84	114	2564171262913545665	15099006944303593007	5669241173091702804	15291382063140045952	-5565.2919921875	0.0000000000	69.4524293834	55.4453173686
60	102	230773126182757894	16966479684116941053	14678804487423615609	16584189606126392805	-5565.3178710938	0.0000000000	77.1232300084	62.1568349267
107	28	8478510142031607734	17027433896387945395	1303319020070907813	11426181519243807921	-5565.3300781250	0.0000000000	58.7610279156	84.4121219898
15	72	3773740555311062023	8503372235075209266	4654219403465410423	7281157945593724991	-5565.4335937500	0.0000000000	89.3241202457	72.8066112517
97	37	5828997022151569970	12249581567144989954	9745668424982778756	10789715770164590587	-5565.4545898438	0.0000000000	65.1956799926	81.9218001529
47	121	11947096545996455153	17021626295139303671	12951213621789878616	13902048554466196082	-5565.4643554688	0.0000000000	79.5609453759	45.5194869630
92	54	10367805946812379509	10494363557995427270	9262388203085749862	15483648735219288863	-5565.5009765625	0.0000000000	66.3163065589	78.2696006729
106	8	7684204559276021956	8992346648558435547	6128301341922165474	8224924121356781140	-5565.5805664062	0.0000000000	59.3675855448	93.4987688090
63	97	1399070161628260596	5828997022151569970	1099311029661467669	13427917297189421322	-5565.5942382812	0.0000000000	75.4331282010	65.3353284301
72	18	8503372235075209266	17473836722014595788	16020794363226917576	17103714731357832679	-5565.6118164062	0.0000000000	72.9848339080	88.7387067576
109	83	8288089849152396567	13586099871725120471	3739429778973775817	7828426162991983539	-5565.6132812500	0.0000000000	58.7517545028	70.2620064267
87	105	5601208716039951663	13728310634633545021	7236031834813772347	13643721072165207810	-5565.6420898438	0.0000000000	68.3932125126	60.2361046668
101	7	9781730914178405044	15571085747497726625	9097011902294965697	14363661891845940180	-5565.6708984375	0.0000000000	63.4554251579	93.7210428545
115	50	5083548386099259802	15516788000137984293	3872902693288644803	4249917710763399718	-5565.7021484375	0.0000000000	55.2228517632	78.9526275371
19	101	7692821074440121912	9781730914178405044	1764211838638924446	15585776804638068099	-5565.7031250000	0.0000000000	88.7681872596	63.4876517204
109	23	8288089849152396567	8983620928718234954	3725843255576607982	16663421451357055044	-5565.7133789062	0.0000000000	58.8518521591	87.2142065843
78	108	14809137665620150592	14996368193187989284	4502924411670957822	12189057276078560759	-5565.7397460938	0.0000000000	72.1708212075	59.0214638129
52	104	8242477299940831062	16298007830431462257	5263395718857149669	15064173839749990100	-5565.7539062500	0.0000000000	78.9472290626	61.5539100851
90	16	564253395306586288	12201523437214473668	13120089110643605062	15930815570712071225	-5565.7827148438	0.0000000000	67.1827202256	89.5988684301
60	118	230773126182757894	5342875789511471951	6970742094633872819	14357726513149534825	-5565.7978515625	0.0000000000	77.6032104772	52.1251618582
79	118	2501211020233769820	5342875789511471951	552276820237558496	14357726513149534825	-5565.7978515625	0.0000000000	72.2153312988	52.1251618582
60	41	230773126182757894	4688636836818565261	9298148577778377007	13447056443685184549	-5565.8208007812	0.0000000000	77.6261596959	81.3141726904
45	12	10118968526249132794	14938178270134821508	3140080239584717908	7529797967607152140	-5565.9023437500	0.0000000000	80.9193517987	90.7171996880
35	114	1374669322539188936	15099006944303593007	8648380363592326892	11110493770516929992	-5565.9106445312	0.0000000000	83.2455412455	56.0639697124
74	37	279844733889261352	12249581567144989954	2437509054301948288	17305160542917902177	-5565.9379882812	0.0000000000	72.9755518691	82.4051985904
85	102	16393214166263308105	16966479684116941053	1947443381548412505	4787349968727749339	-5566.0756835938	0.0000000000	69.9563137658	62.9146474267
67	115	303163103940296667	5083548386099259802	2504700531310084888	4707829624761842421	-5566.1191406250	0.0000000000	74.3140150802	55.6398439507
56	65	11357898340897756903	15378060113354634737	9833290405349749489	16207271412095222579	-5566.1318359375	0.0000000000	78.3116466609	74.5122371161
43	28	9188283139325803671	17027433896387945395	101708415069332596	6988473648569028974	-5566.1430664062	0.0000000000	81.3901081025	85.2251102710
59	7	2239142532014743282	15571085747497726625	7399889851833840839	12796292479253658503	-5566.1508789062	0.0000000000	78.1517978461	94.2010233232
41	52	4688636836818565261	8242477299940831062	9488841705209659166	17277425714230413140	-5566.2651367188	0.0000000000	81.7585086279	79.4584595314
90	37	564253395306586288	12249581567144989954	2415722353842513440	12355270369136876944	-5566.2963867188	0.0000000000	67.6963921006	82.7635970279
81	12	3175835436065505467	14938178270134821508	4675443244800012850	13108644946749325860	-5566.3417968750	0.0000000000	71.8187224611	91.1566528130
95	14	1269677664921442142	12938275795804049604	456433877954439359	7638417804492160176	-5566.3461914062	0.0000000000	66.5172085561	90.4954913432
82	12	13012805549261864440	14938178270134821508	9176191984443694115	13484122313837008258	-5566.3637695312	0.0000000000	71.0127168968	91.1786254692
100	57	3742391230315232177	9692447327446626127	6363597318551054214	14081350167288582169	-5566.3774414062	0.0000000000	64.5561846561	78.5467178863
112	16	11111376794004924671	12201523437214473668	12064824549596177469	17554585895239781944	-5566.4238281250	0.0000000000	58.3154812701	90.2399817113
73	113	541435687269551760	11034036556017610313	177053609580228355	15595593457657636013	-5566.4565429688	0.0000000000	73.6835027470	57.6117505106
72	36	8503372235075209266	10369745369462594300	13328923333848550615	15514542437822017414	-5566.4794921875	0.0000000000	73.8525096892	83.7296059462
17	105	429853561211997818	13728310634633545021	16135056430307298197	16939841772193209582	-5566.4838867188	0.0000000000	90.2652283963	61.0779015418
46	101	7251700801891077616	9781730914178405044	3109838036583686289	10004212208903776735	-5566.4960937500	0.0000000000	81.4738129624	64.2806204704
78	66	14809137665620150592	18431247209864649693	17412263660814719082	17710991900623092201	-5566.5698242188	0.0000000000	73.0008993325	74.8006728980
52	28	8242477299940831062	17027433896387945395	12254722006402753673	17095059915079931763	-5566.6181640625	0.0000000000	79.8114868751	85.7002079273
9	116	2439594373950395860	14319670599260614879	1220570653576079481	10954430104224452048	-5566.7548828125	0.0000000000	93.9486624564	55.3902329199
69	100	2087039987532444631	3742391230315232177	8326151164747708132	8458298619711416081	-5566.7646484375	0.0000000000	74.7783474203	64.9433916874
73	33	541435687269551760	10368442723802325466	4647862584612128301	8903741509143917499	-5566.7924804688	0.0000000000	74.0194402470	84.5619908593
38	45	3887235235952849394	10118968526249132794	3894768645414005797	7740407520643946996	-5566.8520507812	0.0000000000	83.0963509583	81.8690588300
76	22	2747588696662623730	3990398796172833387	1081748798168642815	15626691688151573832	-5566.8764648438	0.0000000000	73.3917343923	88.9682502816
33	121	10368442723802325466	17021626295139303671	2300609181643271860	13779187673689119827	-5566.9165039062	0.0000000000	84.6860142968	46.9716354005
99	97	3770798787649587355	5828997022151569970	5855973162384576725	12864182074193977905	-5566.9228515625	0.0000000000	65.2691078263	66.6639417113
23	57	8983620928718234954	9692447327446626127	7740482366432576803	10638968479125917140	-5566.9311523438	0.0000000000	88.4319800218	79.1004288238
53	121	15405698928020597209	17021626295139303671	2459182356866548634	10555047682222395304	-5566.9404296875	0.0000000000	80.0434393377	46.9955611818
43	83	9188283139325803671	13586099871725120471	12815458668054434466	17688117886415397734	-5566.9755859375	0.0000000000	82.2226276338	71.6243111142
62	85	7011268860006268306	16393214166263308105	11261429497525375425	15065083934971798792	-5566.9755859375	0.0000000000	77.1932129742	70.8562161096
8	119	8992346648558435547	17918245985891918390	3877795613266212336	16772159685734683049	-5566.9882812500	0.0000000000	94.9064836527	49.2760089638
70	18	1592214687186736870	17473836722014595788	4858223086638068199	14450702408457761791	-5567.0493164062	0.0000000000	74.9781917009	90.1762067576
110	45	6574353373524907807	10118968526249132794	8331932386084299098	16634792336980164862	-5567.0913085938	0.0000000000	59.9560677932	82.1083166425
60	57	230773126182757894	9692447327446626127	3276654732431021616	10019807309969070153	-5567.0976562500	0.0000000000	78.9030151647	79.2669327300
30	82	7858847987573124453	13012805549261864440	7596264166215109985	14454459161228259300	-5567.1000976562	0.0000000000	85.3848510427	71.7490450218
99	56	3770798787649587355	11357898340897756903	8322314547996877660	12861518092200117067	-5567.1083984375	0.0000000000	65.4546547013	79.2882091609
106	68	7684204559276021956	13171866292654863094	1785248263216855071	17287039420129624324	-5567.1123046875	0.0000000000	60.8993238261	75.1438515850
24	114	58338521781336478	15099006944303593007	7371789164896381228	16944690337866603202	-5567.1225585938	0.0000000000	88.0026722689	57.2758837749
73	36	541435687269551760	10369745369462594300	3037749028607378626	3289068356298878954	-5567.1289062500	0.0000000000	74.3558660283	84.3790200087
76	53	2747588696662623730	15405698928020597209	1513478768032088365	7668870384472875323	-5567.1416015625	0.0000000000	73.6568711111	80.2446112127
91	113	442166951684299261	11034036556017610313	10220774662101710702	18431296696910093772	-5567.1845703125	0.0000000000	68.2187894224	58.3397778544
71	32	2579019396016879642	3303836963991646703	12121341188726137693	14247516489169529639	-5567.1894531250	0.0000000000	74.6946111852	85.4112594612
59	76	2239142532014743282	2747588696662623730	661458765391579203	16111751487356559085	-5567.2207031250	0.0000000000	79.2216220648	73.7359726736
59	25	2239142532014743282	16550426852500463777	5579577183205140597	7808885065226810994	-5567.2285156250	0.0000000000	79.2294345648	88.0030277344
22	120	3990398796172833387	15354991408888356854	1255392848640072740	14555581250299397803	-5567.3330078125	0.0000000000	89.4247932504	48.9205211663
38	92	3887235235952849394	10367805946812379509	8148812264247685332	17852179010634445092	-5567.3662109375	0.0000000000	83.6105111145	68.1815409339
73	32	541435687269551760	3303836963991646703	7791852621655721735	12664402274449104866	-5567.3842773438	0.0000000000	74.6112371220	85.6060836800
109	28	8288089849152396567	17027433896387945395	8121005274309961641	14352470974832515875	-5567.3940429688	0.0000000000	60.5325162216	86.4760868335
62	83	7011268860006268306	13586099871725120471	3519407948825468175	6700465956589763167	-5567.4008789062	0.0000000000	77.6185059429	72.0496040829
60	119	230773126182757894	17918245985891918390	2465071454255592454	11430674687386677139	-5567.4697265625	0.0000000000	79.2750854772	49.7574542763
10	78	3715343508190632273	14809137665620150592	10374650575616448437	18158705547802703357	-5567.4965820312	0.0000000000	94.2049604490	73.9276571450
57	83	9692447327446626127	13586099871725120471	6876950757127627498	14733492729223952950	-5567.4990234375	0.0000000000	79.6682999175	72.1477486142
56	78	11357898340897756903	14809137665620150592	9693834970069180897	18436843271778320180	-5567.5419921875	0.0000000000	79.7218029109	73.9730673012
29	90	520324629128040228	564253395306586288	237522137845385342	11543419157232211522	-5567.5971679688	0.0000000000	85.9318847597	68.9971733506
67	56	303163103940296667	11357898340897756903	10582576099772011651	11667398729047757058	-5567.6005859375	0.0000000000	75.7954603927	79.7803966609
59	16	2239142532014743282	12201523437214473668	7173528925299140249	14656192054638402735	-5567.6567382812	0.0000000000	79.6576572211	91.4728918676
38	98	3887235235952849394	18248472685024111301	12678447224988839927	14851573041172479946	-5567.7148437500	0.0000000000	83.9591439270	67.0298855528
100	68	3742391230315232177	13171866292654863094	11589472783115922474	14952828921180541439	-5567.7612304688	0.0000000000	65.9399737186	75.7927773663
117	3	5946235283944295470	14093486591111374668	5303860272749377714	5568150020685131331	-5567.8100585938	0.0000000000	56.0434651891	101.8196939294
64	121	9696301458210436234	17021626295139303671	3137241702604276448	9296654650302260572	-5567.8159179688	0.0000000000	77.3793340927	47.8710494630
101	12	9781730914178405044	14938178270134821508	7667442398095694911	18065170094754617077	-5567.8549804688	0.0000000000	65.6395071891	92.6698364067
97	39	5828997022151569970	8936177091956132308	4256404869507174894	11427696272395387011	-5567.8847656250	0.0000000000	67.6258557738	84.1070446461
81	27	3175835436065505467	13931414467280736271	5750068232890297092	17289784609139081894	-5567.9106445312	0.0000000000	73.3875701174	87.5516694852
52	14	8242477299940831062	12938275795804049604	14561251143708215526	17815082601879169502	-5567.9160156250	0.0000000000	81.1093384376	92.0653155620
79	22	2501211020233769820	3990398796172833387	2174844702372500601	8627337820777017460	-5567.9589843750	0.0000000000	74.3764641113	90.0507698129
23	83	8983620928718234954	13586099871725120471	10630732986384590831	14345802947121181451	-5567.9707031250	0.0000000000	89.4715308030	72.6194283017
45	85	10118968526249132794	16393214166263308105	1442082283880028543	10150317466577827980	-5568.0004882812	0.0000000000	83.0174963300	71.8811184533
46	89	7251700801891077616	16609562587620384987	8650234685511794986	9637167221812822844	-5568.1704101562	0.0000000000	83.1481293687	69.7676845698
76	38	2747588696662623730	3887235235952849394	12711506146363296473	15478771124798917865	-5568.1845703125	0.0000000000	74.6998398611	84.4288704895
24	56	58338521781336478	11357898340897756903	5508754089774091268	12152715253359737633	-5568.2246093750	0.0000000000	89.1047230501	80.4044200984
84	56	2564171262913545665	11357898340897756903	5526634493121076430	12152715253359737633	-5568.2246093750	0.0000000000	72.3850465709	80.4044200984
52	56	8242477299940831062	11357898340897756903	3521490824785507349	9860867076458108412	-5568.2666015625	0.0000000000	81.4599243751	80.4464122859
5	77	2149484152715392458	7437397082061112758	418461927920336761	6308352412104398580	-5568.2675781250	0.0000000000	98.5445569585	74.7599006794
101	21	9781730914178405044	15016803418478563936	485358135641655802	8866370996118033243	-5568.2905273438	0.0000000000	66.0750540641	90.7723328857
83	98	13586099871725120471	18248472685024111301	7119198568614762087	13261345328339298503	-5568.2924804688	0.0000000000	72.9412056454	67.6075222715
38	97	3887235235952849394	5828997022151569970	8905505436059280279	15730423429928374286	-5568.3540039062	0.0000000000	84.5983040833	68.0950940551
86	27	2181137809313707726	13931414467280736271	9614344292620630058	12173757811112555587	-5568.4125976562	0.0000000000	71.8268426323	88.0536226102
29	52	520324629128040228	8242477299940831062	149609274542702157	7828500315473443735	-5568.4291992188	0.0000000000	86.7639160097	81.6225220314
86	37	2181137809313707726	12249581567144989954	6545212021722653407	11007464970870343521	-5568.4702148438	0.0000000000	71.8844598198	84.9374251529
90	57	564253395306586288	9692447327446626127	3542321496029132557	7065139559017898566	-5568.5214843750	0.0000000000	69.9214897568	80.6907608550
99	114	3770798787649587355	15099006944303593007	4328257750953602811	12046228473859944423	-5568.6093750000	0.0000000000	66.9556312638	58.7627001811
35	119	1374669322539188936	17918245985891918390	2777650180793794036	3027655639155850010	-5568.6279296875	0.0000000000	85.9628264017	50.9156574013
109	55	8288089849152396567	11851817067206489169	3640537748549242995	4776911176203640775	-5568.6875000000	0.0000000000	61.8259732528	81.0803547157
99	28	3770798787649587355	17027433896387945395	8211896448469359936	17994390844097308565	-5568.7109375000	0.0000000000	67.0571937638	87.7929813648
67	90	303163103940296667	564253395306586288	3205693323490932890	15529219649815593370	-5568.7211914062	0.0000000000	76.9160658615	70.1211967881
118	4	5342875789511471951	16923322824322317466	13348275455006790582	14941832609961696310	-5568.7529296875	0.0000000000	55.0802399832	99.0814397491
4	102	16923322824322317466	16966479684116941053	2446058197311771481	12153585993939768335	-5568.8110351562	0.0000000000	99.1395452179	65.6499989892
112	11	11111376794004924671	17799708269756447471	7493162237667161950	7595254747961166650	-5568.8266601562	0.0000000000	60.7183133014	95.0581122188
99	112	3770798787649587355	11111376794004924671	2647570487094759151	8343300751501000009	-5568.8930664062	0.0000000000	67.2393226700	60.7847195514
48	116	11384733198153311516	14319670599260614879	3805261017998148152	10954430104224452048	-5568.9169921875	0.0000000000	82.7833959613	57.5523422949
65	6	15378060113354634737	16894134299124238804	7394984494516392363	12217288610023083594	-5568.9682617188	0.0000000000	77.3486628974	97.3982774134
81	102	3175835436065505467	16966479684116941053	11466303179970849597	13999862926658574951	-5569.0493164062	0.0000000000	74.5262419924	65.8882802392
29	89	520324629128040228	16609562587620384987	13681147483609351400	13741206654918951480	-5569.0537109375	0.0000000000	87.3884277284	70.6509853511
67	36	303163103940296667	10369745369462594300	9168822343217042527	14398100685866661963	-5569.1269531250	0.0000000000	77.3218275802	86.3770668837
60	91	230773126182757894	442166951684299261	8801838776372961079	16848235888510278213	-5569.2246093750	0.0000000000	81.0299682897	70.2588284849
70	85	1592214687186736870	16393214166263308105	2747121477719174206	17281952583843741174	-5569.2563476562	0.0000000000	77.1852229509	73.1369778283
118	49	5342875789511471951	7823186920941671451	7752907955569867543	17948669921561650099	-5569.3393554688	0.0000000000	55.6666657644	82.8165253661
106	14	7684204559276021956	12938275795804049604	8510986849933060789	11368846245532583177	-5569.4062500000	0.0000000000	63.1932691386	93.5555499370
76	10	2747588696662623730	3715343508190632273	7922384182720169778	8895639252586828009	-5569.4125976562	0.0000000000	75.9278672048	96.1209760740
11	119	17799708269756447471	17918245985891918390	106914517616915132	1361772192114534766	-5569.4619140625	0.0000000000	95.6933661250	51.7496417763
91	41	442166951684299261	4688636836818565261	3347995140800051517	11736781058689426398	-5569.5449218750	0.0000000000	70.5791409849	85.0382937842
99	98	3770798787649587355	18248472685024111301	4125794124051905463	10274700066171597788	-5569.6923828125	0.0000000000	68.0386390763	69.0074246153
101	83	9781730914178405044	13586099871725120471	249446838835664386	8858198093836150774	-5569.7958984375	0.0000000000	67.5804251579	74.4446236142
104	89	16298007830431462257	16609562587620384987	253003512827945795	7368291497068708982	-5569.8032226562	0.0000000000	65.6032264914	71.4004970698
35	102	1374669322539188936	16966479684116941053	12326508888321033833	16641247162001151424	-5569.8481445312	0.0000000000	87.1830412455	66.6871083642
78	102	14809137665620150592	16966479684116941053	2120452985588173576	16641247162001151424	-5569.8481445312	0.0000000000	76.2792196450	66.6871083642
101	28	9781730914178405044	17027433896387945395	3662872897671638276	6440772922871504344	-5569.8686523438	0.0000000000	67.6531790641	88.9506962085
68	75	13171866292654863094	14608757246259334758	8311890006232553582	11927259856836653741	-5569.8754882812	0.0000000000	77.9070351788	76.7724690947
23	80	8983620928718234954	11254879324197340454	12187651874001513022	14033659134794724498	-5569.8808593750	0.0000000000	91.3816870530	75.9095791902
97	13	5828997022151569970	10079227655342552495	4370600277081683604	10875256010081057950	-5569.8852539062	0.0000000000	69.6263440551	94.1396168592
33	120	10368442723802325466	15354991408888356854	821454757456053136	3980985884875587323	-5569.8911132812	0.0000000000	87.6606236718	51.4786266350
118	14	5342875789511471951	12938275795804049604	3928528323125444503	8295335140914235989	-5569.9399414062	0.0000000000	56.2672517019	94.0892413432
50	119	15516788000137984293	17918245985891918390	2404377235578866645	14496995880559236115	-5569.9741210938	0.0000000000	83.2246001934	52.2618488076
116	7	14319670599260614879	15571085747497726625	5482127898681204305	6334798034420030508	-5569.9985351562	0.0000000000	58.6338852636	98.0486795732
73	44	541435687269551760	13956310948762308203	8571114432422595317	12932381876303768384	-5570.0219726562	0.0000000000	77.2489324345	85.2364732046
38	78	3887235235952849394	14809137665620150592	294662577507549121	1699852776803744576	-5570.0585937500	0.0000000000	86.3028939270	76.4896688637
80	14	11254879324197340454	12938275795804049604	4500497575379864770	7965284643333503042	-5570.0703125000	0.0000000000	76.0990323152	94.2196124370
22	64	3990398796172833387	9696301458210436234	2695489423986789246	3664441707068046705	-5570.0898437500	0.0000000000	92.1816291879	79.6532598740
17	84	429853561211997818	2564171262913545665	1645403911795505634	3477349593484089850	-5570.1166992188	0.0000000000	93.8980408963	74.2771364146
95	78	1269677664921442142	14809137665620150592	15184891793614966368	17912111600984296099	-5570.1757812500	0.0000000000	70.3467983998	76.6068563637
55	96	11851817067206489169	14922418272091202393	10254550066964123502	14695536484714694353	-5570.2338867188	0.0000000000	82.6267414344	70.2611399929
47	18	11947096545996455153	17473836722014595788	1295861075119253742	12050230486027929833	-5570.2958984375	0.0000000000	84.3924883447	93.4227887888
107	68	8478510142031607734	13171866292654863094	4584627277506942976	8919931145995125125	-5570.3041992188	0.0000000000	63.7351490093	78.3357461163
91	47	442166951684299261	11947096545996455153	11268208349530277767	14461280629986311672	-5570.3168945312	0.0000000000	71.3511136411	84.4134844384
100	82	3742391230315232177	13012805549261864440	9271135594989181545	9816801993781596622	-5570.3466796875	0.0000000000	68.5254229374	74.9956270530
67	69	303163103940296667	2087039987532444631	10140605789058309293	18260760835845378825	-5570.4365234375	0.0000000000	78.6313978927	78.4502224203
22	101	3990398796172833387	9781730914178405044	9691903445129107970	13670990155237552764	-5570.4892578125	0.0000000000	92.5810432504	68.2737845329
22	102	3990398796172833387	16966479684116941053	8429699598977103783	9691903445129107970	-5570.4892578125	0.0000000000	92.5810432504	67.3282216454
117	27	5946235283944295470	13931414467280736271	7998509104032156717	13076062425652318071	-5570.4902343750	0.0000000000	58.7236409704	90.1312593290
16	114	12201523437214473668	15099006944303593007	4729661408672441338	15542853607043122265	-5570.5444335938	0.0000000000	94.3605871801	60.6977587749
29	92	520324629128040228	10367805946812379509	6082533231832075617	12837485890585292341	-5570.5571289062	0.0000000000	88.8918456972	71.3724589026
99	23	3770798787649587355	8983620928718234954	10951703337610323158	16655365109930385390	-5570.6689453125	0.0000000000	69.0152015763	92.1697729905
100	36	3742391230315232177	10369745369462594300	8924846948249056034	15092394152891311669	-5570.7548828125	0.0000000000	68.9336260624	88.0049965712
54	53	10494363557995427270	15405698928020597209	8963390981151255202	11195656142187049641	-5570.7646484375	0.0000000000	83.5332725479	83.8676580877
79	80	2501211020233769820	11254879324197340454	6334540094169636478	14521495087183405525	-5570.8876953125	0.0000000000	77.3051750488	76.9164151277
74	81	279844733889261352	3175835436065505467	3585032765784678171	8387521766079742035	-5570.9047851562	0.0000000000	77.9423487441	76.3817107424
24	59	58338521781336478	2239142532014743282	7693460526704060341	14730852609075831401	-5570.9111328125	0.0000000000	91.7912464876	82.9120517523
10	97	3715343508190632273	5828997022151569970	2755256371291788198	6901802107659923123	-5570.9223632812	0.0000000000	97.6307416990	70.6634534301
55	114	11851817067206489169	15099006944303593007	3815675943307080017	4215799256090598807	-5570.9223632812	0.0000000000	83.3152179969	61.0756884624
44	40	13956310948762308203	15633704558089027375	11037720470941959327	12665067972045037506	-5570.9394531250	0.0000000000	86.1539536733	87.1544619850
91	90	442166951684299261	564253395306586288	5476881888977845007	15710331363221277105	-5571.0405273438	0.0000000000	72.0747464536	72.4405327256
108	102	14996368193187989284	16966479684116941053	1714488154860784106	14299605846330944345	-5571.0620117188	0.0000000000	64.3437294379	67.9009755517
82	121	13012805549261864440	17021626295139303671	2901820550963868338	11117191546205129788	-5571.1328125000	0.0000000000	75.7817598655	51.1879439943
67	95	303163103940296667	1269677664921442142	9790327803155510144	11444282840368013344	-5571.2514648438	0.0000000000	79.4463392990	71.4224819936
107	12	8478510142031607734	14938178270134821508	6112938952154900781	14961202238139246674	-5571.2856445312	0.0000000000	64.7165943218	96.1005004692
43	103	9188283139325803671	10916844756336505972	9950006512549494107	12220044319304165501	-5571.3041992188	0.0000000000	86.5512409150	67.7432649437
100	89	3742391230315232177	16609562587620384987	4823728773513470741	17924424674915864854	-5571.4345703125	0.0000000000	69.6133135624	73.0318447261
93	55	3242482612805492339	11851817067206489169	4377449848917119670	9654483236558344505	-5571.4750976562	0.0000000000	72.0172020876	83.8679523719
118	16	5342875789511471951	12201523437214473668	7203172722024891897	14399674417624684557	-5571.4775390625	0.0000000000	57.8048493582	95.2936926488
59	55	2239142532014743282	11851817067206489169	3221927136988830317	10004702335553468609	-5571.4882812500	0.0000000000	83.4892001898	83.8811359657
116	4	14319670599260614879	16923322824322317466	2446058197311771481	11844180588259204230	-5571.4887695312	0.0000000000	60.1241196386	101.8172795929
81	18	3175835436065505467	17473836722014595788	8856940146521259729	17538981308956279197	-5571.4985351562	0.0000000000	76.9754607424	94.6254255076
61	54	2173314438107378563	10494363557995427270	6421708199617371350	11895623023060488197	-5571.5375976562	0.0000000000	82.7645726726	84.3062217667
87	82	5601208716039951663	13012805549261864440	8113581245340064201	15972077382807064332	-5571.5444335938	0.0000000000	74.2955562626	76.1933809593
67	21	303163103940296667	15016803418478563936	14723109056206364584	15499369787508852009	-5571.5639648438	0.0000000000	79.7588392990	94.0457703857
35	18	1374669322539188936	17473836722014595788	1820082490911490634	3892070585982390948	-5571.6962890625	0.0000000000	89.0311857767	94.8231794138
73	121	541435687269551760	17021626295139303671	8664498573844360378	16119202535095352473	-5571.8081054688	0.0000000000	79.0350652470	51.8632369630
81	106	3175835436065505467	7684204559276021956	7944272575445144292	10226631789894213763	-5571.8666992188	0.0000000000	77.3436248049	65.6537183573
106	82	7684204559276021956	13012805549261864440	5131138207688617962	11496615331487842412	-5571.8852539062	0.0000000000	65.6722730448	76.5342012718
61	100	2173314438107378563	3742391230315232177	11269448185445561474	15782261450028204929	-5571.8955078125	0.0000000000	83.1224828288	70.0742510624
100	44	3742391230315232177	13956310948762308203	13653402350774272668	15782261450028204929	-5571.8955078125	0.0000000000	70.0742510624	87.1100083608
64	83	9696301458210436234	13586099871725120471	13668892363416118578	15045139682350450119	-5571.9218750000	0.0000000000	81.4852911240	76.5706001767
86	20	2181137809313707726	13355927625687165021	3464428347800784770	8842331809473927110	-5571.9560546875	0.0000000000	75.3702996636	95.0041182571
91	114	442166951684299261	15099006944303593007	133676036625063884	7196443905349951167	-5572.0566406250	0.0000000000	73.0908597349	62.2099658061
72	54	8503372235075209266	10494363557995427270	2220753261692013826	4454821724580629584	-5572.1108398438	0.0000000000	79.4838573455	84.8794639542
104	18	16298007830431462257	17473836722014595788	5708066622166419678	5907986210780257915	-5572.1401367188	0.0000000000	67.9401405539	95.2670270701
19	122	7692821074440121912	8167972712163343844	84185797737364076	4955619152034343665	-5572.1625976562	0.0000000000	95.2276599158	51.8393902830
17	83	429853561211997818	13586099871725120471	7244844942753998090	17982183243476737695	-5572.2978515625	0.0000000000	96.0791932400	76.9465767392
86	76	2181137809313707726	2747588696662623730	6145481756462354961	11003828976297959300	-5572.3652343750	0.0000000000	75.7794793511	78.8805039236
91	56	442166951684299261	11357898340897756903	6258262327800705420	6288822220310533735	-5572.3979492188	0.0000000000	73.4321683286	84.5777599422
56	75	11357898340897756903	14608757246259334758	9330915428870200989	13587950720341042145	-5572.4262695312	0.0000000000	84.6060802547	79.3232503447
97	47	5828997022151569970	11947096545996455153	12051119827057211248	14854879018440856922	-5572.4389648438	0.0000000000	72.1800549926	86.5355547509
70	106	1592214687186736870	7684204559276021956	1201778752761974008	2527508728619732587	-5572.4555664062	0.0000000000	80.3844417009	66.2425855448
120	40	15354991408888356854	15633704558089027375	4516127076555987572	7750383797655568287	-5572.4848632812	0.0000000000	54.0723766350	88.6998721413
30	54	7858847987573124453	10494363557995427270	12198002649874848577	12882743934358577090	-5572.4936523438	0.0000000000	90.7784057302	85.2622764542
35	64	1374669322539188936	9696301458210436234	9676935160069689204	13038222619068612778	-5572.5068359375	0.0000000000	89.8417326517	82.0702520615
43	101	9188283139325803671	9781730914178405044	2746718795560307710	3165391974362091358	-5572.5327148438	0.0000000000	87.7797565400	70.3172415641
38	64	3887235235952849394	9696301458210436234	11023853346714461807	14479733431995847800	-5572.5708007812	0.0000000000	88.8151009583	82.1342169052
46	108	7251700801891077616	14996368193187989284	470306190984954977	13722084112323817806	-5572.5952148438	0.0000000000	87.5729340562	65.8769325629
49	80	7823186920941671451	11254879324197340454	1949160793522256488	2294321466865151036	-5572.6049804688	0.0000000000	86.0821503661	78.6337002840
106	40	7684204559276021956	15633704558089027375	14235500095497417010	15317486639447358149	-5572.6074218750	0.0000000000	66.3944410136	88.8224307350
112	7	11111376794004924671	15571085747497726625	16891098536069932266	17082771504991701345	-5572.6225585938	0.0000000000	64.5142117389	100.6727030107
90	14	564253395306586288	12938275795804049604	6237357878974388017	15654396712964634697	-5572.6523437500	0.0000000000	74.0523491318	96.8016436870
48	83	11384733198153311516	13586099871725120471	1673171386177502716	7566142385756696775	-5572.8403320312	0.0000000000	86.7067358051	77.4890572079
26	18	167167149883495741	17473836722014595788	369781353889323629	16734001638679643964	-5572.8442382812	0.0000000000	93.5287689935	95.9711286326
113	16	11034036556017610313	12201523437214473668	16387419821965490914	17541837063967502638	-5572.8823242188	0.0000000000	64.0375317606	96.6984778051
91	86	442166951684299261	2181137809313707726	11003828976297959300	12599572385169151095	-5572.9130859375	0.0000000000	73.9473050474	76.3273309136
19	54	7692821074440121912	10494363557995427270	757613281070311123	9769020605605394251	-5572.9531250000	0.0000000000	96.0181872596	85.7217491104
70	39	1592214687186736870	8936177091956132308	1655015243689988752	7912387007514706692	-5573.0649414062	0.0000000000	80.9938167009	89.2872204273
49	102	7823186920941671451	16966479684116941053	3770281953055156176	9872764859466098085	-5573.1059570312	0.0000000000	86.5831269286	69.9449208642
54	102	10494363557995427270	16966479684116941053	5361873911455701902	17402748002138336310	-5573.1513671875	0.0000000000	85.9199912979	69.9903310204
97	120	5828997022151569970	15354991408888356854	3974837979068370680	9550092645855294577	-5573.1547851562	0.0000000000	72.8958753051	54.7422985100
60	23	230773126182757894	8983620928718234954	1879606038443385713	9898562597068788209	-5573.2329101562	0.0000000000	85.0382690709	94.7337378343
29	85	520324629128040228	16393214166263308105	6068273095842733492	13023368703223867500	-5573.3398437500	0.0000000000	91.6745605409	77.2204739221
24	121	58338521781336478	17021626295139303671	2345127385787038985	9028900619519285798	-5573.4062500000	0.0000000000	94.2863636751	53.4613814943
60	121	230773126182757894	17021626295139303671	4794035308999572016	9028900619519285798	-5573.4062500000	0.0000000000	85.2116089147	53.4613814943
46	102	7251700801891077616	16966479684116941053	6820114418442707161	17034166695691195791	-5573.4721679688	0.0000000000	88.4498871812	70.3111318017
71	98	2579019396016879642	18248472685024111301	6500187504193382143	12830265608542979314	-5573.4785156250	0.0000000000	80.9836736852	72.7935574278
84	12	2564171262913545665	14938178270134821508	4745280186570463056	13893891223872697931	-5573.5546875000	0.0000000000	77.7151246959	98.3695434380
51	7	3374397758373242900	15571085747497726625	2672196003530580211	12071663590993500693	-5573.5937500000	0.0000000000	86.8181020536	101.6438944170
67	97	303163103940296667	5828997022151569970	2044263170827943552	8813682347113149419	-5573.6337890625	0.0000000000	81.8286635177	73.3748792113
93	107	3242482612805492339	8478510142031607734	8413663212965127253	13092108673223219955	-5573.6459960938	0.0000000000	74.1881005251	67.0769458843
113	82	11034036556017610313	13012805549261864440	16947775006637184	16941075402448878463	-5573.7045898438	0.0000000000	64.8597973856	78.3535372093
74	67	279844733889261352	303163103940296667	5804926591096244473	9759241675006586063	-5573.7553710938	0.0000000000	80.7929346816	81.9502455490
104	102	16298007830431462257	16966479684116941053	4707926902024709969	6772748145782331204	-5573.7578125000	0.0000000000	69.5578163351	70.5967763329
51	10	3374397758373242900	3715343508190632273	1290142370704184712	10773039855142940100	-5573.7856445312	0.0000000000	87.0099965849	100.4940229490
69	98	2087039987532444631	18248472685024111301	10665669120003025538	18226283245291532454	-5573.7939453125	0.0000000000	81.8076442953	73.1089871153
93	51	3242482612805492339	3374397758373242900	8773444364939893173	9028075975128688472	-5573.8315429688	0.0000000000	74.3736474001	87.0558950224
52	47	8242477299940831062	11947096545996455153	5021876527918005830	6497116841863814590	-5573.8349609375	0.0000000000	87.0282837501	87.9315508447
90	103	564253395306586288	10916844756336505972	3501184153186662603	13056262543069614639	-5573.8437500000	0.0000000000	75.2437553818	70.2828157249
73	47	541435687269551760	11947096545996455153	6391965108791879456	6804396648253909809	-5574.1215820312	0.0000000000	81.3485418095	88.2181719384
32	109	3303836963991646703	8288089849152396567	1643482415343469083	9750810397667756986	-5574.2597656250	0.0000000000	92.4815719612	67.3982388778
60	34	230773126182757894	14097627609532728280	31788493225335476	751778710229586019	-5574.3784179688	0.0000000000	86.1837768834	91.9015193580
70	88	1592214687186736870	10084124936668487071	635554811260225139	10153928627830404760	-5574.4218750000	0.0000000000	82.3507502947	76.8767178673
109	21	8288089849152396567	15016803418478563936	3663433379350683658	7868924172879553192	-5574.4316406250	0.0000000000	67.5701138778	96.9134461670
74	93	279844733889261352	3242482612805492339	2695057675854308505	15733930192472179258	-5574.5346679688	0.0000000000	81.5722315566	75.0767724001
24	106	58338521781336478	7684204559276021956	7581746093484476161	11324717086933228353	-5574.5419921875	0.0000000000	95.4221058626	68.3290113261
33	36	10368442723802325466	10369745369462594300	6832752571888671972	15310792083361961278	-5574.5664062500	0.0000000000	92.3359166405	91.8165200087
32	119	3303836963991646703	17918245985891918390	8766506104687009685	14920541342411832468	-5574.6201171875	0.0000000000	92.8419235237	56.9078449013
60	65	230773126182757894	15378060113354634737	776603180735056264	11480499771191936773	-5574.6357421875	0.0000000000	86.4411011022	83.0161433661
43	12	9188283139325803671	14938178270134821508	4634376358832496601	15083787166100664660	-5574.6909179688	0.0000000000	89.9379596650	99.5057739067
83	27	13586099871725120471	13931414467280736271	4170574817351108015	7566142385756696775	-5574.7031250000	0.0000000000	79.3518501767	94.3441499540
73	48	541435687269551760	11384733198153311516	2086801528070534684	18443816574883616795	-5574.7177734375	0.0000000000	81.9447332158	88.5841772113
21	65	15016803418478563936	15378060113354634737	381769715380792295	2690206374137658994	-5574.8398437500	0.0000000000	97.3216492920	83.2202449286
82	65	13012805549261864440	15378060113354634737	5584528461987040691	8935011946230375909	-5574.9370117188	0.0000000000	79.5859590843	83.3174128974
68	83	13171866292654863094	13586099871725120471	7230530331673712912	13074456081183015395	-5575.1469726562	0.0000000000	83.1785195538	79.7956978329
68	114	13171866292654863094	15099006944303593007	11016396338606434964	13454129868975816712	-5575.1518554688	0.0000000000	83.1834023663	65.3051806499
86	85	2181137809313707726	16393214166263308105	4485943290625617712	14453505151949848145	-5575.2709960938	0.0000000000	78.6852410698	79.1516262658
90	99	564253395306586288	3770798787649587355	2301078187152403749	13056262543069614639	-5575.3012695312	0.0000000000	76.7012749131	73.6475257950
70	83	1592214687186736870	13586099871725120471	6316377866941986404	6563156851974538704	-5575.4003906250	0.0000000000	83.3292659197	80.0491158017
97	40	5828997022151569970	15633704558089027375	3974837979068370680	4738473417705054529	-5575.4184570312	0.0000000000	75.1595471801	91.6334658913
99	21	3770798787649587355	15016803418478563936	3859221078827825063	6446998033368015167	-5575.4296875000	0.0000000000	73.7759437638	97.9114930420
67	34	303163103940296667	14097627609532728280	4477928037691961068	14027909690659437041	-5575.4433593750	0.0000000000	83.6382338302	92.9664607643
63	92	1399070161628260596	10367805946812379509	4516471743349007595	18138941487144547823	-5575.5932617188	0.0000000000	85.4321516385	76.4085917151
43	78	9188283139325803671	14809137665620150592	4269487781902491983	8085187606363432306	-5575.6459960938	0.0000000000	90.8930377900	82.0770712075
74	87	279844733889261352	5601208716039951663	7288244531829654037	10641624399838522954	-5575.6674804688	0.0000000000	82.7050440566	78.4186031376
79	83	2501211020233769820	13586099871725120471	16490180317094534159	17434735768483016566	-5575.7041015625	0.0000000000	82.1215812988	80.3528267392
19	96	7692821074440121912	14922418272091202393	2251735767597338653	7731663048091266509	-5575.9931640625	0.0000000000	99.0582263221	76.0204173366
69	76	2087039987532444631	2747588696662623730	5317804419074564784	8356412335947145754	-5576.0458984375	0.0000000000	84.0595974203	82.5611679861
43	116	9188283139325803671	14319670599260614879	8802556960913600417	14031412249872581954	-5576.1108398438	0.0000000000	91.3578815400	64.7461899511
62	8	7011268860006268306	8992346648558435547	1635374936196485362	4160804299155428622	-5576.1108398438	0.0000000000	86.3284668804	104.0290422465
67	110	303163103940296667	6574353373524907807	1933070651589953235	16094882450248027904	-5576.1435546875	0.0000000000	84.3384291427	69.0083138870
100	49	3742391230315232177	7823186920941671451	11143514805294895654	13774278030325144141	-5576.1567382812	0.0000000000	74.3354815311	89.6339081786
91	104	442166951684299261	16298007830431462257	11196831131276934156	11547741654197590933	-5576.1801757812	0.0000000000	77.2143948911	71.9801796164
55	47	11851817067206489169	11947096545996455153	4588657617862314234	12246462914715605011	-5576.2578125000	0.0000000000	88.6506672157	90.3544024072
58	40	4138555004563608843	15633704558089027375	8235265902748850402	10841485356411721610	-5576.4204101562	0.0000000000	88.4570020359	92.6354190163
118	46	5342875789511471951	7251700801891077616	1368979289472901423	3629886838276928237	-5576.5869140625	0.0000000000	62.9142243582	91.5646332749
60	12	230773126182757894	14938178270134821508	8230429710591931016	9083810758534226299	-5576.5903320312	0.0000000000	88.3956909459	101.4051879692
73	57	541435687269551760	9692447327446626127	13135730172401180191	17997272173953401394	-5576.6010742188	0.0000000000	83.8280339970	88.7703506988
63	20	1399070161628260596	13355927625687165021	749424107818890597	7226089671344486837	-5576.6054687500	0.0000000000	86.4443586697	99.6535323196
56	105	11357898340897756903	13728310634633545021	577942716609753620	14901046845448802495	-5576.6279296875	0.0000000000	88.8077404109	71.2219445106
76	44	2747588696662623730	13956310948762308203	13653402350774272668	15606000639355909702	-5576.6503906250	0.0000000000	83.1656601736	91.8648911733
83	40	13586099871725120471	15633704558089027375	13313440507541083633	17806044984097305558	-5576.6591796875	0.0000000000	81.3079048642	92.8741885475
51	68	3374397758373242900	13171866292654863094	5352796819051434498	9028075975128688472	-5576.8066406250	0.0000000000	90.0309926786	84.8381875225
90	64	564253395306586288	9696301458210436234	16804563630778547135	18444649986534409507	-5577.0522460938	0.0000000000	78.4522514756	86.6156622177
48	119	11384733198153311516	17918245985891918390	775969460078513014	5880885060716000190	-5577.1245117188	0.0000000000	90.9909154926	59.4122394326
97	25	5828997022151569970	16550426852500463777	5969009120437728921	7147378457241041470	-5577.1308593750	0.0000000000	76.8719495238	97.9053714844
15	34	3773740555311062023	14097627609532728280	1994438754884058998	12134510973191354828	-5577.2236328125	0.0000000000	101.1141593082	94.7467342018
67	72	303163103940296667	8503372235075209266	10353831240160996039	14427702670966296307	-5577.2534179688	0.0000000000	85.4482924240	84.6264354705
67	44	303163103940296667	13956310948762308203	12139136149968534460	15863231280954611367	-5577.2734375000	0.0000000000	85.4683119552	92.4879380483
96	28	14922418272091202393	17027433896387945395	5327697416478754427	6813576765074074945	-5577.3188476562	0.0000000000	77.3461009304	96.4008915210
18	66	17473836722014595788	18431247209864649693	5472562854897063465	15003999610678777792	-5577.3681640625	0.0000000000	100.4950544138	85.5990127418
52	88	8242477299940831062	10084124936668487071	2365454429270200674	14758339589289843450	-5577.4038085938	0.0000000000	90.5971314064	79.8586514610
109	121	8288089849152396567	17021626295139303671	7824287232218125304	12025465100271524986	-5577.4326171875	0.0000000000	70.5710904403	57.4877486818
97	101	5828997022151569970	9781730914178405044	13643627776283425133	17413415746605240294	-5577.5786132812	0.0000000000	77.3197034301	75.3631400016
79	52	2501211020233769820	8242477299940831062	5218804400531577302	5415159684866012511	-5577.6430664062	0.0000000000	84.0605461425	90.8363892189
76	64	2747588696662623730	9696301458210436234	5236470395893901392	18433064344850510839	-5577.6508789062	0.0000000000	84.1661484548	87.2142950302
100	14	3742391230315232177	12938275795804049604	9463848995412396476	12469236190451224707	-5577.7309570312	0.0000000000	75.9097002811	101.8802569682
90	55	564253395306586288	11851817067206489169	11554606429805884682	14011687589357457996	-5577.7602539062	0.0000000000	79.1602592881	90.1531086219
90	107	564253395306586288	8478510142031607734	11554606429805884682	17950033573705903671	-5577.7602539062	0.0000000000	79.1602592881	71.1912036968
22	96	3990398796172833387	14922418272091202393	7099432045359706106	14416520279378873300	-5577.9726562500	0.0000000000	100.0644416879	77.9999095241
64	111	9696301458210436234	12355689472340701209	922514230076021480	14504753785256120766	-5578.0205078125	0.0000000000	87.5839239365	70.3512663096
44	98	13956310948762308203	18248472685024111301	6466232957835676287	11294257121997149671	-5578.2636718750	0.0000000000	93.4781724233	77.5787136778
32	88	3303836963991646703	10084124936668487071	3332285620295038423	7584595366806083818	-5578.2734375000	0.0000000000	96.4952438362	80.7282803673
89	66	16609562587620384987	18431247209864649693	10835777756795829133	11599242280165140817	-5578.2856445312	0.0000000000	79.8829189448	86.5164932105
114	50	15099006944303593007	15516788000137984293	4120502621377689321	7511530278556006948	-5578.3935546875	0.0000000000	68.5468798686	91.6440337871
103	18	10916844756336505972	17473836722014595788	771363094943975581	5787940473640287027	-5578.4296875000	0.0000000000	74.8687532249	101.5565778513
57	114	9692447327446626127	15099006944303593007	1949583683984769439	8393346530901304638	-5578.4536132812	0.0000000000	90.6228897613	68.6069384624
50	121	15516788000137984293	17021626295139303671	12229250355191558356	17707891898972658543	-5578.5024414062	0.0000000000	91.7529205059	58.5575729005
43	48	9188283139325803671	11384733198153311516	4210708654261226063	9781227735638695923	-5578.5341796875	0.0000000000	93.7812213838	92.4005834613
76	103	2747588696662623730	10916844756336505972	14355551199186995336	17006072920122696988	-5578.5537109375	0.0000000000	85.0689804861	74.9927766624
10	114	3715343508190632273	15099006944303593007	8405723965436097958	12729502294839815204	-5578.5678710938	0.0000000000	105.2762495115	68.7211962749
71	54	2579019396016879642	10494363557995427270	8219959473938987732	17963973384178056317	-5578.6176757812	0.0000000000	86.1228338414	91.3862998917
4	119	16923322824322317466	17918245985891918390	8289364154461863326	9180128892383538908	-5578.6328125000	0.0000000000	108.9613225616	60.9205402138
95	105	1269677664921442142	13728310634633545021	7203388844071133437	14235149228303183740	-5578.7172851562	0.0000000000	78.8883023061	73.3112999793
111	12	12355689472340701209	14938178270134821508	1496733111498379547	7886169359090465988	-5578.7275390625	0.0000000000	71.0582975596	103.5423950005
84	76	2564171262913545665	2747588696662623730	4958845445475196051	14224685462258385712	-5578.7695312500	0.0000000000	82.9299684459	85.2848007986
84	120	2564171262913545665	15354991408888356854	10563148333000771366	14224685462258385712	-5578.7695312500	0.0000000000	82.9299684459	60.3570446038
111	27	12355689472340701209	13931414467280736271	3531976261270323090	11628543996155261070	-5578.8012695312	0.0000000000	71.1320280283	98.4422944852
48	65	11384733198153311516	15378060113354634737	8986719701926457302	9403789822008179886	-5578.9350585938	0.0000000000	92.8014623676	87.3154597724
52	72	8242477299940831062	8503372235075209266	11225324035909849303	17941393848927574555	-5578.9384765625	0.0000000000	92.1317993751	86.3114940642
41	103	4688636836818565261	10916844756336505972	2535285608942654979	11304806752869794819	-5579.0239257812	0.0000000000	94.5172976904	75.4629915062
46	55	7251700801891077616	11851817067206489169	8404476708971548529	9803554304109946107	-5579.1088867188	0.0000000000	94.0866059312	91.5017414344
63	56	1399070161628260596	11357898340897756903	8418132202271158149	12152715253359737633	-5579.1367187500	0.0000000000	88.9756086697	91.3165294734
62	23	7011268860006268306	8983620928718234954	1254956509246759935	9550663896079145600	-5579.3198242188	0.0000000000	89.5374512554	100.8206518968
104	4	16298007830431462257	16923322824322317466	4451876539641994372	7475519556038618126	-5579.3271484375	0.0000000000	75.1271522726	109.6556584991
46	34	7251700801891077616	14097627609532728280	7824337719377494359	17263565435795100952	-5579.3569335938	0.0000000000	94.3346528062	96.8800349830
120	66	15354991408888356854	18431247209864649693	5170612468967574134	15631073924691775258	-5579.3911132812	0.0000000000	60.9786266350	87.6219619605
100	50	3742391230315232177	15516788000137984293	1941220815186048391	12845763112492682620	-5579.4204101562	0.0000000000	77.5991534061	92.6708892559
64	40	9696301458210436234	15633704558089027375	1971861395466801681	8539144936643254712	-5579.4677734375	0.0000000000	89.0311895615	95.6827822975
90	22	564253395306586288	3990398796172833387	8776046237247100077	16334692649659482021	-5579.5429687500	0.0000000000	80.9429741318	101.6347541879
57	50	9692447327446626127	15516788000137984293	8170573326599472928	15468257422923524552	-5579.5800781250	0.0000000000	91.7493546050	92.8305572246
73	56	541435687269551760	11357898340897756903	7301554084464549101	16134914559048612351	-5579.6030273438	0.0000000000	86.8299871220	91.7828380672
61	51	2173314438107378563	3374397758373242900	3957847930193424628	9086592414013303634	-5579.6210937500	0.0000000000	90.8480687663	92.8454458036
91	83	442166951684299261	13586099871725120471	4512020242032800045	12829206498291944447	-5579.7836914062	0.0000000000	80.8179105161	84.4324165829
99	83	3770798787649587355	13586099871725120471	3723640807981680694	12829206498291944447	-5579.7836914062	0.0000000000	78.1299476700	84.4324165829
71	101	2579019396016879642	9781730914178405044	5048461462896259551	11717989405450660418	-5579.8100585938	0.0000000000	87.3152166539	77.5945853141
73	25	541435687269551760	16550426852500463777	11539770728817732848	15283454155504076217	-5579.8349609375	0.0000000000	87.0619207158	100.6094730469
86	106	2181137809313707726	7684204559276021956	1465525311629684024	11050010097026903338	-5579.9580078125	0.0000000000	83.3722527886	73.7450269511
64	65	9696301458210436234	15378060113354634737	6477090141188378989	13578168329932038019	-5580.0273437500	0.0000000000	89.5907598740	88.4077449286
77	27	7437397082061112758	13931414467280736271	1256024249486960759	8173119289151018089	-5580.0288085938	0.0000000000	86.5211311482	99.6698335477
54	44	10494363557995427270	13956310948762308203	17876543626282657454	17963973384178056317	-5580.0585937500	0.0000000000	92.8272178604	95.2730942983
105	108	13728310634633545021	14996368193187989284	161967432935357382	1559926125955874636	-5580.0766601562	0.0000000000	74.6706749793	73.3583778754
91	62	442166951684299261	7011268860006268306	11020154218912087523	12176248452190776821	-5580.3120117188	0.0000000000	81.3462308286	90.5296387554
9	100	2439594373950395860	3742391230315232177	16899927717622817441	16975757275422563485	-5580.3212890625	0.0000000000	107.5150687064	78.5000323124
74	17	279844733889261352	429853561211997818	6370928846745332822	13578616876303980818	-5580.5854492188	0.0000000000	87.6230128066	104.3667908963
40	18	15633704558089027375	17473836722014595788	2562156588226887215	15535054612909534417	-5580.6704101562	0.0000000000	96.8854190163	103.7973005076
68	40	13171866292654863094	15633704558089027375	1069807730247120397	3541907296571970434	-5580.7021484375	0.0000000000	88.7336953350	96.9171572975
10	100	3715343508190632273	3742391230315232177	3020307406098926844	10225715030473102469	-5580.7324218750	0.0000000000	107.4408002927	78.9111651249
105	25	13728310634633545021	16550426852500463777	2643807408161931132	9592943343263005066	-5580.7729492188	0.0000000000	75.3669640418	101.5474613282
76	18	2747588696662623730	17473836722014595788	5303305308539923891	17902887968262770165	-5580.8588867188	0.0000000000	87.3741562673	103.9857770701
46	57	7251700801891077616	9692447327446626127	1716416009533498505	17901281588450866968	-5580.8779296875	0.0000000000	95.8556488999	93.0472061675
23	113	8983620928718234954	11034036556017610313	4387022799229842803	7027582713977109718	-5581.2055664062	0.0000000000	102.7063940843	72.3607739481
29	96	520324629128040228	14922418272091202393	15670992127123856408	18027360343125734446	-5581.2153320312	0.0000000000	99.5500488222	81.2425853054
41	8	4688636836818565261	8992346648558435547	1859852604225986722	15608717576690669489	-5581.3413085938	0.0000000000	96.8346805029	109.2595109965
37	105	12249581567144989954	13728310634633545021	11509015993938393734	11582073381664819874	-5581.3706054688	0.0000000000	97.8378157779	75.9646202918
64	101	9696301458210436234	9781730914178405044	16661824757592733473	17852005933422341746	-5581.4418945312	0.0000000000	91.0053106552	79.2264212516
75	65	14608757246259334758	15378060113354634737	14221720948645597262	16342717780396800937	-5581.5727539062	0.0000000000	88.4697347197	89.9531550849
86	77	2181137809313707726	7437397082061112758	1206340648271247289	4950141939485895741	-5581.6508789062	0.0000000000	85.0651238823	88.1432014607
76	48	2747588696662623730	11384733198153311516	272540983041013878	10081861731289986849	-5581.6816406250	0.0000000000	88.1969101736	95.5480443988
95	86	1269677664921442142	2181137809313707726	5456243702025048585	15690097327968956171	-5581.6967773438	0.0000000000	81.8677944936	85.1110223198
109	4	8288089849152396567	16923322824322317466	10620255662429542592	14873501681537245233	-5581.8559570312	0.0000000000	74.9944302841	112.1844670929
101	14	9781730914178405044	12938275795804049604	14971147622787040229	17852005933422341746	-5581.9057617188	0.0000000000	79.6902884391	106.0550616557
8	112	8992346648558435547	11111376794004924671	14645559044910154382	16165141201041760808	-5581.9174804688	0.0000000000	109.8356828715	73.8091336139
59	64	2239142532014743282	9696301458210436234	16439440254055697975	18149578644344939555	-5582.0107421875	0.0000000000	94.0116611273	91.5741583115
41	36	4688636836818565261	10369745369462594300	965937440357660346	1825410965929113389	-5582.0170898438	0.0000000000	97.5104617529	99.2672036024
68	85	13171866292654863094	16393214166263308105	12088799743886804256	13200243114764744557	-5582.0512695312	0.0000000000	90.0828164288	85.9318997033
38	119	3887235235952849394	17918245985891918390	4067821863148052384	17614203455328787312	-5582.3388671875	0.0000000000	98.5831673645	64.6265949013
55	119	11851817067206489169	17918245985891918390	2933220112923319653	17614203455328787312	-5582.3388671875	0.0000000000	94.7317219032	64.6265949013
87	49	5601208716039951663	7823186920941671451	3489295005133754391	10989768312461212968	-5582.3833007812	0.0000000000	85.1344234501	95.8604706786
24	22	58338521781336478	3990398796172833387	10651876403802161675	13993950645539592432	-5582.6108398438	0.0000000000	103.4909535189	104.7026252816
101	89	9781730914178405044	16609562587620384987	963189076348078716	10040984445785744364	-5582.8666992188	0.0000000000	80.6512259391	84.4639736323
35	109	1374669322539188936	8288089849152396567	7448035865849324877	15162648725428488933	-5582.8774414062	0.0000000000	100.2123381205	76.0159146591
61	97	2173314438107378563	5828997022151569970	2321033672452079789	7103483310147560290	-5582.8994140625	0.0000000000	94.1263890788	82.6405042113
51	16	3374397758373242900	12201523437214473668	3853978531434473304	14703420505986985199	-5582.9399414062	0.0000000000	96.1642934599	106.7560949926
93	75	3242482612805492339	14608757246259334758	1091170092212263215	1587536688998255597	-5583.0244140625	0.0000000000	83.5665184939	89.9213948759
101	18	9781730914178405044	17473836722014595788	3654030854308415724	15154922669010206463	-5583.1059570312	0.0000000000	80.8904837516	106.2328473826
73	68	541435687269551760	13171866292654863094	9893827020610669156	16101448303743948524	-5583.1616210938	0.0000000000	90.3885808720	91.1931679913
122	107	8167972712163343844	8478510142031607734	6452173381838653106	9833090843791260297	-5583.2138671875	0.0000000000	62.8906598142	76.6448169781
15	121	3773740555311062023	17021626295139303671	499275764332232240	13813165203015848379	-5583.3437500000	0.0000000000	107.2342764957	63.3988814943
84	45	2564171262913545665	10118968526249132794	8670938674180260887	11471601354321598786	-5583.3574218750	0.0000000000	87.5178590709	98.3744299237
43	54	9188283139325803671	10494363557995427270	2311673665498295838	17505136085564491986	-5583.3696289062	0.0000000000	98.6166706025	96.1382530167
23	104	8983620928718234954	16298007830431462257	5674991218032349064	15394159836071608096	-5583.5961914062	0.0000000000	105.0970190843	79.3961952414
100	23	3742391230315232177	8983620928718234954	16889144552823780335	17199826027969715930	-5583.6000976562	0.0000000000	81.7788409061	105.1009253343
101	56	9781730914178405044	11357898340897756903	4971287335606928743	12276463904526506401	-5583.8872070312	0.0000000000	81.6717337516	96.0670177547
42	18	6149821055044103313	17473836722014595788	16203469031225431346	16430523419507202250	-5584.0717773438	0.0000000000	99.5393294832	107.1986676951
77	120	7437397082061112758	15354991408888356854	88050850902841479	7120997932053050447	-5584.1840820312	0.0000000000	90.6764045857	65.7715953850
73	37	541435687269551760	12249581567144989954	409019998701387407	4025498812849880157	-5584.1875000000	0.0000000000	91.4144597783	100.6547103091
103	34	10916844756336505972	14097627609532728280	4003066035690990896	7246567574078516228	-5584.3608398438	0.0000000000	80.7999055687	101.8839412330
48	85	11384733198153311516	16393214166263308105	5992446385898926263	9098429278781960863	-5584.5214843750	0.0000000000	98.3878881488	88.4021145471
24	90	58338521781336478	564253395306586288	10368230438090280812	11958730702934557945	-5584.6079101562	0.0000000000	105.4880238314	86.0079155381
36	54	10369745369462594300	10494363557995427270	5417215250425153624	13954878621976624694	-5584.6826171875	0.0000000000	101.9327309462	97.4512412979
77	121	7437397082061112758	17021626295139303671	4151404218760576659	17346163994517588767	-5585.0537109375	0.0000000000	91.5460334919	65.1088424318
23	66	8983620928718234954	18431247209864649693	375301684626715378	17575761558061698750	-5585.8315429688	0.0000000000	107.3323706468	94.0623916480
112	4	11111376794004924671	16923322824322317466	3997222500738220003	16689210984659869290	-5585.8491210938	0.0000000000	77.7407742389	116.1776311554
90	70	564253395306586288	1592214687186736870	10368230438090280812	14749414298992762981	-5586.1655273438	0.0000000000	87.5655327256	94.0944026384
63	52	1399070161628260596	8242477299940831062	16538728685952391334	17303933112152583766	-5586.4248046875	0.0000000000	96.2636946072	99.6181275001
56	85	11357898340897756903	16393214166263308105	6273914261160976184	15493129805079692718	-5586.4428710938	0.0000000000	98.6226818172	90.3235012658
86	101	2181137809313707726	9781730914178405044	8699297404756098945	8942049843912516945	-5586.7968750000	0.0000000000	90.2111199761	84.5814017204
37	96	12249581567144989954	14922418272091202393	3945070462871221251	5057688117037553629	-5586.8466796875	0.0000000000	103.3138899966	86.8739329616
99	18	3770798787649587355	17473836722014595788	7587717916627231514	8684062887172753114	-5587.1513671875	0.0000000000	85.4976234513	110.2782575388
32	62	3303836963991646703	7011268860006268306	5965526375380259984	13357950067948472992	-5587.3002929688	0.0000000000	105.5220993050	97.5179200054
89	4	16609562587620384987	16923322824322317466	14109097019227606568	17897597921134406851	-5587.4013671875	0.0000000000	88.9986416011	117.7298772491
22	83	3990398796172833387	13586099871725120471	804104236848066714	5136903493062837020	-5587.4296875000	0.0000000000	109.5214729379	92.0784126767
122	11	8167972712163343844	17799708269756447471	2208383007764664307	9833090843791260297	-5588.1323242188	0.0000000000	67.8091168455	114.3637762813
112	27	11111376794004924671	13931414467280736271	6214838704103221307	16038027981572460170	-5588.4765625000	0.0000000000	80.3682156451	108.1175874540
59	27	2239142532014743282	13931414467280736271	10757190547037988939	11354545293457997309	-5588.5639648438	0.0000000000	100.5648837836	108.2049897977
64	27	9696301458210436234	13931414467280736271	9768793926643199283	18372913889589968606	-5588.6176757812	0.0000000000	98.1810919052	108.2587007352
28	98	17027433896387945395	18248472685024111301	1432429051939729725	11221656146045247085	-5589.1523437500	0.0000000000	108.2343876148	88.4673855528
91	70	442166951684299261	1592214687186736870	13157875704117331468	13356270255005035736	-5589.1645507812	0.0000000000	90.1987698911	97.0934260759
17	97	429853561211997818	5828997022151569970	35187439404794048	2052852789520327542	-5589.2216796875	0.0000000000	113.0030213650	88.9627698363
7	119	15571085747497726625	17918245985891918390	1838077653626053524	13688988367922803501	-5589.2363281250	0.0000000000	117.2864725420	71.5240558388
60	54	230773126182757894	10494363557995427270	1086107993121303796	14279423419571655443	-5589.7851562500	0.0000000000	101.5905151647	102.5537803604
20	83	13355927625687165021	13586099871725120471	86753025986531089	9642507536486414735	-5589.7963867188	0.0000000000	112.8444502883	94.4451118954
100	52	3742391230315232177	8242477299940831062	10186194010806212411	14891883649750497202	-5589.8286132812	0.0000000000	88.0073565311	103.0219360939
67	109	303163103940296667	8288089849152396567	4733552020719558357	13833119952830254107	-5589.8920898438	0.0000000000	98.0869642990	83.0305630966
105	40	13728310634633545021	15633704558089027375	6290031321784151557	14422822111343227340	-5590.0747070312	0.0000000000	84.6687218543	106.2897158913
22	104	3990398796172833387	16298007830431462257	655009263605261025	8272632646793284121	-5590.5317382812	0.0000000000	112.6235237191	86.3317421164
73	9	541435687269551760	2439594373950395860	9603675469829979257	16860561778651124980	-5590.5839843750	0.0000000000	97.8109441533	117.7777640189
70	96	1592214687186736870	14922418272091202393	1410989390187008823	7708720813270507043	-5590.7607421875	0.0000000000	98.6896174822	90.7879954616
22	44	3990398796172833387	13956310948762308203	8305105975526579194	17101209572519562866	-5590.8559570312	0.0000000000	112.9477424691	106.0704575796
5	122	2149484152715392458	8167972712163343844	13885850777679428619	17242732451543362293	-5591.1943359375	0.0000000000	121.4713147710	70.8711285642
122	27	8167972712163343844	13931414467280736271	7890860693896790921	17242732451543362293	-5591.1943359375	0.0000000000	70.8711285642	110.8353608915
90	46	564253395306586288	7251700801891077616	7139393988762117421	12119098170954181809	-5591.2729492188	0.0000000000	92.6729546006	106.2506684312
122	20	8167972712163343844	13355927625687165021	6833127501050363786	17242732451543362293	-5591.4321289062	0.0000000000	71.1089215330	114.4801924758
56	37	11357898340897756903	12249581567144989954	1719863628267222114	16348142784842507606	-5591.4482421875	0.0000000000	103.6280529109	107.9154524966
90	31	564253395306586288	16657069432005198003	135235390746635300	7139393988762117421	-5592.3095703125	0.0000000000	93.7095756943	110.5406607042
84	22	2564171262913545665	3990398796172833387	1421280750383241243	11686259473742712964	-5592.6542968750	0.0000000000	96.8147340709	114.7460823129
16	75	12201523437214473668	14608757246259334758	14511966526314414124	17824717885617185639	-5592.7089843750	0.0000000000	116.5251379613	99.6059651884
81	39	3175835436065505467	8936177091956132308	2635618577255800051	3650712388941789127	-5592.8559570312	0.0000000000	98.3328826174	109.0782360523
90	20	564253395306586288	13355927625687165021	9759876959550688272	12376958343426858142	-5593.2021484375	0.0000000000	94.6021538193	116.2502120071
93	102	3242482612805492339	16966479684116941053	6248003579067953491	15811773698502420374	-5593.3750000000	0.0000000000	93.9171044314	90.2139638329
76	52	2747588696662623730	8242477299940831062	1113816327350447086	9345959401059790070	-5593.9321289062	0.0000000000	100.4473984548	107.1254517189
100	97	3742391230315232177	5828997022151569970	22587687996354472	3677256209754161732	-5594.0649414062	0.0000000000	92.2436846561	93.8060315551
87	14	5601208716039951663	12938275795804049604	9296155752320328679	10002315308611762693	-5594.5332031250	0.0000000000	97.2843257938	118.6825030620
77	68	7437397082061112758	13171866292654863094	4537720789353990336	5672607562420785683	-5594.5336914062	0.0000000000	101.0260139607	102.5652383038
67	107	303163103940296667	8478510142031607734	286272808108252187	18081374221813242151	-5594.5458984375	0.0000000000	102.7407728927	87.9768482281
91	64	442166951684299261	9696301458210436234	1998391074873570434	4836706034587784663	-5595.7744140625	0.0000000000	96.8086331724	105.3378301865
67	86	303163103940296667	2181137809313707726	7423677039146760336	16007072332888212241	-5595.8789062500	0.0000000000	104.0737807052	99.2931512261
70	108	1592214687186736870	14996368193187989284	4571521214649646886	16917735381950271632	-5598.6210937500	0.0000000000	106.5499690447	91.9028114691
48	102	11384733198153311516	16966479684116941053	6998364083108710295	14437480793523547110	-5599.4916992188	0.0000000000	113.3581029926	96.3306630517
70	41	1592214687186736870	4688636836818565261	5851037319685642285	12355191469697572637	-5600.4897460938	0.0000000000	108.4186213884	115.9831180029
