section	statistic	value
summary	numTrees	2027025
summary	numEdges	14189175
summary	meanDegree	14.0000000000
local	numLocalPeaks	59
local	posteriorMassOfLocalPeaks	0.2685115194
local	meanUphillFraction	0.4998764904
local	posteriorWeightedMeanUphillFraction	0.0785657365
local	meanBestNeighborLnLDifference	20.1300252205
local	posteriorWeightedMeanBestNeighborLnLDifference	0.4920131211
local	meanNeighborAbsLnLDifference	7.6596941548
local	posteriorWeightedMeanNeighborAbsLnLDifference	10.4147553169
basin	numPeaks	59
basin	numPeaksMassGreater01	1
basin	numPeaksMassGreater05	1
basin	largestBasinSize	402107
basin	largestBasinMass	0.9991055785
basin	basinMassEntropy	0.0078325785
basin	effectiveNumBasins	1.0078633334
basin	mapTreeHash	4486680833199316427
basin	mapPeakHash	4486680833199316427
basin	mapPeakId	0
basin	mapBasinMass	0.9991055785
basin	posteriorMassOutsideMapBasin	0.0008944215
ascent	meanAscentLength	9.7177760511
ascent	posteriorWeightedMeanAscentLength	0.9947227807
ascent	meanAscentLengthCredible95	1.2857142857
ascent	posteriorWeightedMeanAscentLengthCredible95	0.9384947060
ascent	maxAscentLength	25
credible95	credible95NumTrees	7
credible95	credible95Mass	0.9525415589
credible95	credible95NumComponents	1
credible95	credible95LargestComponentSize	7
credible95	credible95LargestComponentMass	0.9525415589
credible95	credible95MapComponentSize	7
credible95	credible95MapComponentMass	0.9525415589
barrier	basinGraphEdges	1136
barrier	meanBasinGraphDegree	38.5084745763
barrier	mapBasinGraphDegree	58
barrier	basinGraphConnected	1
barrier	minBarrierFromMap	8.0643233458
barrier	meanBarrier	47.6999424916
barrier	posteriorWeightedMeanBarrier	11.9226920453
barrier	maxBarrier	163.6667589939

# peaks
peakId	peakHash	peakTreeProbability	basinNumTrees	basinPosteriorMass
0	4486680833199316427	0.2678391286	402107	0.9991055785
1	1003474530184899753	0.0005350296	381326	0.0006335436
2	12368598152062035838	0.0001187275	166052	0.0002193327
3	1824801473999038781	0.0000179328	190969	0.0000402707
4	10030869934610250162	0.0000006441	171257	0.0000012016
5	400865686854966429	0.0000000329	44098	0.0000000335
6	8395721638934952659	0.0000000235	18061	0.0000000389
7	4035451743491366184	0.0000000003	53388	0.0000000005
8	2567673090136276702	0.0000000000	8665	0.0000000000
9	15168955154244634497	0.0000000000	81257	0.0000000000
10	10647909296076280839	0.0000000000	41452	0.0000000000
11	3014400843069910159	0.0000000000	87446	0.0000000000
12	1130588334984313667	0.0000000000	58912	0.0000000000
13	6967721170451395993	0.0000000000	62599	0.0000000000
14	10370296548701631185	0.0000000000	49182	0.0000000000
15	11764746872706139310	0.0000000000	4044	0.0000000000
16	8734085401787823863	0.0000000000	14422	0.0000000000
17	10901976594871680934	0.0000000000	5820	0.0000000000
18	9716062930587852222	0.0000000000	41949	0.0000000000
19	1951058302206518847	0.0000000000	29887	0.0000000000
20	15045896547175014149	0.0000000000	3669	0.0000000000
21	12512665348523024409	0.0000000000	5060	0.0000000000
22	14095314857813469349	0.0000000000	18522	0.0000000000
23	13505882762685108858	0.0000000000	1333	0.0000000000
24	4507307458106498086	0.0000000000	20492	0.0000000000
25	8810458188350850335	0.0000000000	13800	0.0000000000
26	13586848843206904846	0.0000000000	5483	0.0000000000
27	8797034359378533445	0.0000000000	9881	0.0000000000
28	7184783928487134827	0.0000000000	5563	0.0000000000
29	16635774903079397922	0.0000000000	2996	0.0000000000
30	2453815681683307041	0.0000000000	8404	0.0000000000
31	7359509944410812612	0.0000000000	1378	0.0000000000
32	2183215208754432378	0.0000000000	719	0.0000000000
33	6576157680456774869	0.0000000000	1182	0.0000000000
34	2052468541041058701	0.0000000000	340	0.0000000000
35	4561077847438262461	0.0000000000	706	0.0000000000
36	9611614326086648347	0.0000000000	975	0.0000000000
37	10402685666058560611	0.0000000000	250	0.0000000000
38	6733135408595255315	0.0000000000	208	0.0000000000
39	5085874584416179516	0.0000000000	196	0.0000000000
40	8807412603912768031	0.0000000000	144	0.0000000000
41	12065429013071856360	0.0000000000	971	0.0000000000
42	2973831986525992917	0.0000000000	172	0.0000000000
43	13150936435615904820	0.0000000000	3314	0.0000000000
44	11252735991028366504	0.0000000000	659	0.0000000000
45	9811863530185099306	0.0000000000	119	0.0000000000
46	18162896272049765510	0.0000000000	4425	0.0000000000
47	4299207398531012478	0.0000000000	329	0.0000000000
48	16468351384395117018	0.0000000000	274	0.0000000000
49	17127396999717919807	0.0000000000	561	0.0000000000
50	13749690989139397258	0.0000000000	114	0.0000000000
51	11554222005007951863	0.0000000000	62	0.0000000000
52	7715203069063406350	0.0000000000	255	0.0000000000
53	11973000412733658697	0.0000000000	250	0.0000000000
54	18225237726290923403	0.0000000000	465	0.0000000000
55	12130167897450210765	0.0000000000	199	0.0000000000
56	2999918506620049079	0.0000000000	421	0.0000000000
57	10847976279630373510	0.0000000000	150	0.0000000000
58	7652984189360285993	0.0000000000	91	0.0000000000

# saddles
peakId1	peakId2	peakHash1	peakHash2	saddleTree1	saddleTree2	saddleLnL	saddleProbability	barrierFromPeak1	barrierFromPeak2
0	2	4486680833199316427	12368598152062035838	12368598152062035838	14423189999648351916	-6175.2978515625	0.0000842367	8.0643233458	0.3430125361
3	0	1824801473999038781	4486680833199316427	1824801473999038781	8663053074244922759	-6177.9687500000	0.0000058296	1.1237141122	10.7352217833
1	4	1003474530184899753	10030869934610250162	6878209845189821389	10030869934610250162	-6181.0380859375	0.0000002708	7.5887379721	0.8665661241
1	3	1003474530184899753	1824801473999038781	2018853004501787061	8844703343835469293	-6182.4077148438	0.0000000688	8.9583668784	5.5626789559
5	0	400865686854966429	4486680833199316427	400865686854966429	4121547301343739132	-6183.4726562500	0.0000000237	0.3266356333	16.2391280333
5	1	400865686854966429	1003474530184899753	400865686854966429	10119436470687595126	-6184.3613281250	0.0000000098	1.2153075083	10.9119801596
1	6	1003474530184899753	8395721638934952659	2780013718732906925	17072821144324541650	-6184.5742187500	0.0000000079	11.1248707846	1.0910754002
6	4	8395721638934952659	10030869934610250162	8395721638934952659	15460540849810539505	-6184.8051757812	0.0000000063	1.3220324314	4.6336559678
3	2	1824801473999038781	12368598152062035838	283957862134953333	18079321867630621703	-6184.9658203125	0.0000000053	8.1207844247	10.0109812861
1	0	1003474530184899753	4486680833199316427	2794792804772928909	2940714233449232468	-6185.3071289062	0.0000000038	11.8577809409	18.0736006895
5	4	400865686854966429	10030869934610250162	400865686854966429	7718194982899743221	-6185.8901367188	0.0000000021	2.7441161020	5.7186169053
0	4	4486680833199316427	10030869934610250162	13417821001325955514	16913579356004416589	-6189.5161132812	0.0000000001	22.2825850645	9.3445934678
7	4	4035451743491366184	10030869934610250162	1940547034751834403	8611240598254181594	-6190.1743164062	0.0000000000	2.3445484573	10.0027965928
1	8	1003474530184899753	2567673090136276702	2567673090136276702	9016913840309376133	-6191.7387695312	0.0000000000	18.2894215659	0.5945613548
0	6	4486680833199316427	8395721638934952659	2780013718732906925	9056430452053536340	-6192.0683593750	0.0000000000	24.8348311583	8.5852160252
1	7	1003474530184899753	4035451743491366184	9016913840309376133	10918445273878287545	-6192.2104492188	0.0000000000	18.7611012534	4.3806812698
8	7	2567673090136276702	4035451743491366184	2567673090136276702	10918445273878287545	-6192.2104492188	0.0000000000	1.0662410423	4.3806812698
1	9	1003474530184899753	15168955154244634497	10415910910134182926	15168955154244634497	-6192.6508789062	0.0000000000	19.2015309409	1.3833140637
3	10	1824801473999038781	10647909296076280839	10647909296076280839	17562136431703608485	-6193.3344726562	0.0000000000	16.4894367684	0.2112002403
4	2	10030869934610250162	12368598152062035838	1963723945840123548	2861948402970974561	-6195.2973632812	0.0000000000	15.1258434678	20.3425242548
7	0	4035451743491366184	4486680833199316427	9624339878969836924	17014713399756250666	-6196.1455078125	0.0000000000	8.3157398636	28.9119795958
3	11	1824801473999038781	3014400843069910159	12843777533826400614	15068034864820465847	-6196.3027343750	0.0000000000	19.4576984872	2.1728303219
11	10	3014400843069910159	10647909296076280839	15244173514085081119	16500395789403148134	-6196.8154296875	0.0000000000	2.6855256344	3.6921572715
12	0	1130588334984313667	4486680833199316427	1130588334984313667	4816318416607930772	-6198.5971679688	0.0000000000	0.2138557321	31.3636397520
5	2	400865686854966429	12368598152062035838	4384488389848650754	8908076277442861394	-6198.7167968750	0.0000000000	15.5707762583	23.7619578486
0	10	4486680833199316427	10647909296076280839	2186339330613966160	14568889164600505700	-6198.8579101562	0.0000000000	31.6243819395	5.7346377403
12	13	1130588334984313667	6967721170451395993	423247836925136269	7611557877315321035	-6199.6035156250	0.0000000000	1.2202033883	0.3204900162
10	9	10647909296076280839	15168955154244634497	9850434302356910771	12938815851920063185	-6199.8540039062	0.0000000000	6.7307314903	8.5864390637
1	2	1003474530184899753	12368598152062035838	9268750900924953274	11730295059139632658	-6199.9047851562	0.0000000000	26.4554371909	24.9499461298
6	2	8395721638934952659	12368598152062035838	1322134148887930488	5789735366808566319	-6199.9663085938	0.0000000000	16.4831652439	25.0114695673
7	6	4035451743491366184	8395721638934952659	12883642640915531279	14443570910281172500	-6200.0078125000	0.0000000000	12.1780445511	16.5246691502
7	2	4035451743491366184	12368598152062035838	11017618207104678939	12506392012147519896	-6201.2353515625	0.0000000000	13.4055836136	26.2805125361
5	15	400865686854966429	11764746872706139310	11764746872706139310	18285122903654023378	-6201.9941406250	0.0000000000	18.8481200083	0.3467810266
1	14	1003474530184899753	10370296548701631185	8521134678718601844	10370296548701631185	-6202.7045898438	0.0000000000	29.2552418784	1.9885585561
11	9	3014400843069910159	15168955154244634497	1668498239869978036	2148624968215988293	-6202.8139648438	0.0000000000	8.6840607907	11.5464000012
11	0	3014400843069910159	4486680833199316427	14733296626013775975	17281376799015429624	-6203.2436523438	0.0000000000	9.1137482907	36.0101241270
1	11	1003474530184899753	3014400843069910159	1668498239869978036	12562301496685427342	-6203.9160156250	0.0000000000	30.4666676596	9.7861115719
12	2	1130588334984313667	12368598152062035838	6832686467101643656	15857865240202018299	-6203.9448242188	0.0000000000	5.5615119821	28.9899851923
4	15	10030869934610250162	11764746872706139310	9561044099527696715	14516560889213749490	-6203.9555664062	0.0000000000	23.7840465928	2.3082068079
0	13	4486680833199316427	6967721170451395993	6159956441705681083	6967721170451395993	-6204.4770507812	0.0000000000	37.2435225645	5.1940251725
12	16	1130588334984313667	8734085401787823863	3299004750599040967	8734085401787823863	-6204.9843750000	0.0000000000	6.6010627633	0.5458869558
1	17	1003474530184899753	10901976594871680934	10901976594871680934	15859179025155211340	-6205.0766601562	0.0000000000	31.6273121909	0.0714885420
3	4	1824801473999038781	10030869934610250162	6625053379053791715	7250613370757111368	-6205.3544921875	0.0000000000	28.5094562997	25.1829723741
13	16	6967721170451395993	8734085401787823863	8734085401787823863	10931929229910267851	-6205.6020507812	0.0000000000	6.3190251725	1.1635627371
3	17	1824801473999038781	10901976594871680934	10901976594871680934	11584856474806225428	-6205.7426757812	0.0000000000	28.8976398934	0.7375041670
13	2	6967721170451395993	12368598152062035838	5118530254957410453	9464164146462565717	-6205.8881835938	0.0000000000	6.6051579850	30.9333445673
8	4	2567673090136276702	10030869934610250162	8380380693985612244	9592733584233941170	-6206.1953125000	0.0000000000	15.0511043236	26.0237926866
0	15	4486680833199316427	11764746872706139310	1567807564868646558	11764746872706139310	-6206.3188476562	0.0000000000	39.0853194395	4.6714880579
0	16	4486680833199316427	8734085401787823863	8734085401787823863	11100716477393734393	-6206.3188476562	0.0000000000	39.0853194395	1.8803596121
12	18	1130588334984313667	9716062930587852222	16239150160589580200	16985497388272833503	-6206.5502929688	0.0000000000	8.1669807321	1.0199262205
11	2	3014400843069910159	12368598152062035838	4326507828874615456	7990972271689025209	-6208.0532226562	0.0000000000	13.9233186032	33.0983836298
1	10	1003474530184899753	10647909296076280839	1804812820590752730	16510890535592627429	-6208.1474609375	0.0000000000	34.6981129721	15.0241885215
0	17	4486680833199316427	10901976594871680934	9844599297367653292	10901976594871680934	-6208.3740234375	0.0000000000	41.1404952208	3.3688518232
13	14	6967721170451395993	10370296548701631185	816299310664112063	11498008289678186611	-6208.4013671875	0.0000000000	9.1183415787	7.6853358998
3	13	1824801473999038781	6967721170451395993	3361428305638292554	11804389115256465130	-6208.6972656250	0.0000000000	31.8522297372	9.4142400162
5	6	400865686854966429	8395721638934952659	9714274068071041352	12430429046078663294	-6208.9428710938	0.0000000000	25.7968504770	25.4597277439
0	18	4486680833199316427	9716062930587852222	8901271065115668892	9870277945068277724	-6209.6030273438	0.0000000000	42.3694991270	4.0726605955
12	14	1130588334984313667	10370296548701631185	7945851711570515900	17192991149815278908	-6209.6791992188	0.0000000000	11.2958869821	8.9631679311
19	14	1951058302206518847	10370296548701631185	1951058302206518847	11054285703368290894	-6209.7255859375	0.0000000000	0.1936576713	9.0095546498
13	18	6967721170451395993	9716062930587852222	9645974359214676219	14518350437600129303	-6210.1660156250	0.0000000000	10.8829900162	4.6356488768
4	9	10030869934610250162	15168955154244634497	7318507700177138791	18378679963554428638	-6210.2441406250	0.0000000000	30.0726208116	18.9765757825
1	15	1003474530184899753	11764746872706139310	9266586455662129641	17120820179583292548	-6210.5620117188	0.0000000000	37.1126637534	8.9146521204
8	0	2567673090136276702	4486680833199316427	614729903530162140	6364641958689460248	-6210.7924804688	0.0000000000	19.6482722923	43.5589522520
10	2	10647909296076280839	12368598152062035838	8350076066679365231	16612893871060285639	-6211.4091796875	0.0000000000	18.2859072715	36.4543406611
6	9	8395721638934952659	15168955154244634497	9625393677159789016	12323909433337086218	-6211.6215820312	0.0000000000	28.1384386814	20.3540171887
8	20	2567673090136276702	15045896547175014149	15045896547175014149	17703937494725529105	-6211.7387695312	0.0000000000	20.5945613548	0.0174829021
20	9	15045896547175014149	15168955154244634497	15045896547175014149	18353062876945889793	-6212.0908203125	0.0000000000	0.3695336833	20.8232554700
8	9	2567673090136276702	15168955154244634497	14305947051257368822	17703937494725529105	-6212.5454101562	0.0000000000	21.4012019798	21.2778453137
18	2	9716062930587852222	12368598152062035838	12177010784171616213	12964815134317562816	-6212.5590820312	0.0000000000	7.0287152830	37.6042430048
5	3	400865686854966429	1824801473999038781	4228410657656825678	14974045548908851245	-6212.6186523438	0.0000000000	29.4726317270	35.7736164559
0	21	4486680833199316427	12512665348523024409	10459588823540629109	12512665348523024409	-6212.6606445312	0.0000000000	45.4271163145	0.3437013306
10	23	10647909296076280839	13505882762685108858	7747920330600959706	9802551165019471451	-6213.1752929688	0.0000000000	20.0520205528	0.2016553962
3	23	1824801473999038781	13505882762685108858	45405804544083496	13505882762685108858	-6213.2753906250	0.0000000000	36.4303547372	0.3017530524
19	22	1951058302206518847	14095314857813469349	13387402970639956783	14095314857813469349	-6213.3032226562	0.0000000000	3.7712943900	0.8402709160
19	6	1951058302206518847	8395721638934952659	3406378731659233907	7914778528688306194	-6213.8623046875	0.0000000000	4.3303764213	30.3791613377
1	20	1003474530184899753	15045896547175014149	3498644121907679638	15045896547175014149	-6214.2158203125	0.0000000000	40.7664723471	2.4945336833
12	3	1130588334984313667	1824801473999038781	11667222797119809882	17192991149815278908	-6214.3510742188	0.0000000000	15.9677619821	37.5060383309
11	23	3014400843069910159	13505882762685108858	7867195520156936874	9802551165019471451	-6214.8393554688	0.0000000000	20.7094514157	1.8657178962
15	2	11764746872706139310	12368598152062035838	1547367652838575922	12953234625014724750	-6215.3061523438	0.0000000000	13.6587927454	40.3513133173
4	22	10030869934610250162	14095314857813469349	4128479296470628941	5541988438113032155	-6215.4916992188	0.0000000000	35.3201794053	3.0287474785
14	22	10370296548701631185	14095314857813469349	1479820085761929253	9231894302665883762	-6215.5385742188	0.0000000000	14.8225429311	3.0756224785
12	19	1130588334984313667	1951058302206518847	11454189983893054589	13232157760454459442	-6216.0488281250	0.0000000000	17.6655158883	6.5168998588
11	21	3014400843069910159	12512665348523024409	3979577717908978408	12512665348523024409	-6216.0737304688	0.0000000000	21.9438264157	3.7567872681
2	22	12368598152062035838	14095314857813469349	14089805697807120494	15445542696309803518	-6216.2021484375	0.0000000000	41.2473094111	3.7391966973
5	12	400865686854966429	1130588334984313667	5958726910618925505	15805888286373922612	-6216.2988281250	0.0000000000	33.1528075083	17.9155158883
10	21	10647909296076280839	12512665348523024409	3809791531751843153	12512665348523024409	-6216.3457031250	0.0000000000	23.2224307090	4.0287599244
6	15	8395721638934952659	11764746872706139310	3759928734199903829	11267698676692831956	-6216.4804687500	0.0000000000	32.9973254002	14.8331091516
5	14	400865686854966429	10370296548701631185	798259123046092621	10569474031136251556	-6216.5004882812	0.0000000000	33.3544676645	15.7844569936
3	9	1824801473999038781	15168955154244634497	5400328794484724003	6603311079013866896	-6216.5361328125	0.0000000000	39.6910969247	25.2685679700
13	22	6967721170451395993	14095314857813469349	4929442637570509404	14221846676465375870	-6216.6040039062	0.0000000000	17.3209782975	4.1410521660
3	6	1824801473999038781	8395721638934952659	8281531254987723966	11246487108701242597	-6216.9262695312	0.0000000000	40.0812336434	33.4431261814
7	9	4035451743491366184	15168955154244634497	12773251400448916370	14305947051257368822	-6217.6494140625	0.0000000000	29.8196461136	26.3818492200
3	21	1824801473999038781	12512665348523024409	9663196388673499418	11218776931593375880	-6217.7167968750	0.0000000000	40.8717609872	5.3998536744
16	18	8734085401787823863	9716062930587852222	3993936230845113004	5356963115761325140	-6217.7944335938	0.0000000000	13.3559455496	12.2640668455
7	20	4035451743491366184	15045896547175014149	3112520056023806113	14552587750522474658	-6217.8339843750	0.0000000000	30.0042164261	6.1126977458
1	21	1003474530184899753	12512665348523024409	2341967616788721137	3859970643656623410	-6218.1044921875	0.0000000000	44.6551442221	5.7875489869
16	14	8734085401787823863	10370296548701631185	10505935520847969414	16067188955304676334	-6218.3930664062	0.0000000000	13.9545783621	17.6770351186
19	4	1951058302206518847	10030869934610250162	3458737793429967274	4194511410685898214	-6218.4360351562	0.0000000000	8.9041068900	38.2645153428
19	16	1951058302206518847	8734085401787823863	8399946548817110359	14943862180572054859	-6218.5156250000	0.0000000000	8.9836967338	14.0771369558
1	22	1003474530184899753	14095314857813469349	15324245190960357529	18145600364306521906	-6218.8178710938	0.0000000000	45.3685231284	6.3549193535
5	18	400865686854966429	9716062930587852222	10970123866945013612	12531389112241240916	-6219.0053710938	0.0000000000	35.8593504770	13.4750043455
3	18	1824801473999038781	9716062930587852222	7544685263717150607	10420352453680750887	-6219.0439453125	0.0000000000	42.1989094247	13.5135785643
7	24	4035451743491366184	4507307458106498086	261240640495807683	4507307458106498086	-6219.1523437500	0.0000000000	31.3225758011	2.1918353709
5	7	400865686854966429	4035451743491366184	14980107415430352525	17289973537700564884	-6219.3603515625	0.0000000000	36.2143309458	31.5305836136
0	23	4486680833199316427	13505882762685108858	9802551165019471451	16828945930376197698	-6220.1127929688	0.0000000000	52.8792647520	7.1391553962
7	15	4035451743491366184	11764746872706139310	5826944390227183900	10777501593028942502	-6220.1777343750	0.0000000000	32.3479664261	18.5303747766
3	7	1824801473999038781	4035451743491366184	17160704555860503537	17436920420351053669	-6220.3349609375	0.0000000000	43.4899250497	32.5051929886
3	8	1824801473999038781	2567673090136276702	8980512326554427811	15657553770935722866	-6220.7270507812	0.0000000000	43.8820148934	29.5828426048
8	6	2567673090136276702	8395721638934952659	728427568461518478	8020707687137621404	-6220.7641601562	0.0000000000	29.6199519798	37.2810168064
19	24	1951058302206518847	4507307458106498086	13442702636787674359	14333237771543116119	-6220.8051757812	0.0000000000	11.2732475150	3.8446674022
0	9	4486680833199316427	15168955154244634497	3564522830807425349	15929359696166886639	-6220.9038085938	0.0000000000	53.6702803770	29.6362437512
14	2	10370296548701631185	12368598152062035838	10545865653444451744	17829257947905535596	-6220.9687500000	0.0000000000	20.2527187123	46.0139109736
1	19	1003474530184899753	1951058302206518847	8407944682433647	8409979398922340672	-6221.3828125000	0.0000000000	47.9334645346	11.8508842338
19	13	1951058302206518847	6967721170451395993	6811853898384150285	17898755546160072353	-6221.7436523438	0.0000000000	12.2117240775	22.4606267350
0	26	4486680833199316427	13586848843206904846	6201977090814000558	13586848843206904846	-6221.7602539062	0.0000000000	54.5267256895	0.1053956430
2	26	12368598152062035838	13586848843206904846	13586848843206904846	17814679620273238451	-6221.9179687500	0.0000000000	46.9631297236	0.2631104867
11	4	3014400843069910159	10030869934610250162	5573700242661268188	9113836753648097073	-6221.9824218750	0.0000000000	27.8525178219	41.8109020616
0	25	4486680833199316427	8810458188350850335	7132888562077934649	7385416477865193984	-6222.2744140625	0.0000000000	55.0408858458	1.3288171496
25	26	8810458188350850335	13586848843206904846	7132888562077934649	13586848843206904846	-6222.2744140625	0.0000000000	1.3288171496	0.6195557992
4	14	10030869934610250162	10370296548701631185	641674522828260076	4071989970480954582	-6222.3002929688	0.0000000000	42.1287731553	21.5842616811
7	27	4035451743491366184	8797034359378533445	499420032663428939	8797034359378533445	-6222.3330078125	0.0000000000	34.5032398636	0.3867865769
19	7	1951058302206518847	4035451743491366184	7208765269882668763	14082255171357604390	-6222.3330078125	0.0000000000	12.8010795463	34.5032398636
1	18	1003474530184899753	9716062930587852222	6759391219241422343	14992991702266413219	-6222.3911132812	0.0000000000	48.9417653159	16.8607465330
21	20	12512665348523024409	15045896547175014149	2341967616788721137	11846635677226477773	-6222.4819335938	0.0000000000	10.1649903931	10.7606469646
12	25	1130588334984313667	8810458188350850335	1318596735818927679	15364691307086165648	-6222.5478515625	0.0000000000	24.1645393258	1.6022546496
12	6	1130588334984313667	8395721638934952659	2249989979460726364	17684723200954694839	-6222.5737304688	0.0000000000	24.1904182321	39.0905871189
18	14	9716062930587852222	10370296548701631185	2427473396589584962	8466983048474899400	-6222.6093750000	0.0000000000	17.0790082518	21.8933437123
15	9	11764746872706139310	15168955154244634497	11204818027127459711	17241115399281713249	-6222.6103515625	0.0000000000	20.9629919641	31.3427867200
6	22	8395721638934952659	14095314857813469349	629995281186787706	12999064548084957209	-6222.8422851562	0.0000000000	39.3591418064	10.3793334160
24	4	4507307458106498086	10030869934610250162	479523887338108148	15142408075363727692	-6222.9116210938	0.0000000000	5.9511127147	42.7401012803
24	22	4507307458106498086	14095314857813469349	479523887338108148	3753288360748549486	-6223.0009765625	0.0000000000	6.0404681834	10.5380248223
12	26	1130588334984313667	13586848843206904846	657627495495653018	8557110328647241084	-6223.1347656250	0.0000000000	24.7514533883	1.4799073617
3	16	1824801473999038781	8734085401787823863	3608371488696644300	16067188955304676334	-6223.2358398438	0.0000000000	46.3908039559	18.7973517996
5	19	400865686854966429	1951058302206518847	10887740392833549039	17898755546160072353	-6223.2968750000	0.0000000000	40.1508543833	13.7649467338
24	27	4507307458106498086	8797034359378533445	3449798377630877536	16925064541960556805	-6223.4272460938	0.0000000000	6.4667377147	1.4810248581
1	13	1003474530184899753	6967721170451395993	6604553302353716895	12781818029109079483	-6223.5615234375	0.0000000000	50.1121754721	24.2784978287
5	9	400865686854966429	15168955154244634497	1368587291312012261	5058618143043429500	-6223.8549804688	0.0000000000	40.7089598520	32.5874156262
19	2	1951058302206518847	12368598152062035838	7141536909027119225	12711000589384002155	-6223.8681640625	0.0000000000	14.3362357963	48.9133250361
13	25	6967721170451395993	8810458188350850335	8730948097329298664	8810458188350850335	-6224.0019531250	0.0000000000	24.7189275162	3.0563562121
1	12	1003474530184899753	1130588334984313667	6542664658236513122	7869872049749143656	-6224.0625000000	0.0000000000	50.6131520346	25.6791877633
14	29	10370296548701631185	16635774903079397922	12443129705199297738	16635774903079397922	-6224.2568359375	0.0000000000	23.5408046498	0.0911916224
17	9	10901976594871680934	15168955154244634497	15694919358887479235	16935413075346855348	-6224.4594726562	0.0000000000	19.4543010420	33.1919078137
28	4	7184783928487134827	10030869934610250162	2709925310952292795	7184783928487134827	-6224.5708007812	0.0000000000	0.8113905614	44.3992809678
11	17	3014400843069910159	10901976594871680934	14484407112707757621	14766761274781498141	-6224.7065429688	0.0000000000	30.5766389157	19.7013713545
16	27	8734085401787823863	8797034359378533445	3449798377630877536	8830596105645040549	-6224.7084960938	0.0000000000	20.2700080496	2.7622748581
18	4	9716062930587852222	10030869934610250162	12713525472159201770	17957299765721526967	-6225.2138671875	0.0000000000	19.6835004393	45.0423473741
19	18	1951058302206518847	9716062930587852222	5151116103485620794	12804269211084701743	-6225.4428710938	0.0000000000	15.9109428275	19.9125043455
16	25	8734085401787823863	8810458188350850335	1402008413369749582	9571377063256337282	-6225.5937500000	0.0000000000	21.1552619558	4.6481530871
24	16	4507307458106498086	8734085401787823863	9571377063256337282	16925064541960556805	-6225.5937500000	0.0000000000	8.6332416209	21.1552619558
3	14	1824801473999038781	10370296548701631185	3267324356605935844	6460031920260937424	-6225.6923828125	0.0000000000	48.8473469247	24.9763515248
19	0	1951058302206518847	4486680833199316427	1379084357922741258	13232157760454459442	-6225.9003906250	0.0000000000	16.3684623588	58.6668624083
10	17	10647909296076280839	10901976594871680934	7596844165495283623	9384990681992018056	-6226.0180664062	0.0000000000	32.8947939903	21.0128947920
30	0	2453815681683307041	4486680833199316427	2453815681683307041	9854566702313455821	-6226.1660156250	0.0000000000	0.5182075793	58.9324874083
16	26	8734085401787823863	13586848843206904846	5607643055085514444	14315465018995462333	-6226.2690429688	0.0000000000	21.8305549246	4.6141847055
27	26	8797034359378533445	13586848843206904846	3449798377630877536	14315465018995462333	-6226.2690429688	0.0000000000	4.3228217331	4.6141847055
6	16	8395721638934952659	8734085401787823863	9424314405746648487	17333713356588051984	-6226.4951171875	0.0000000000	43.0119738377	22.0566291433
7	22	4035451743491366184	14095314857813469349	331584395597796866	12926797400383707424	-6226.5219726562	0.0000000000	38.6922047073	14.0590209160
8	2	2567673090136276702	12368598152062035838	2056042465887583219	7908607884943425268	-6226.6948242188	0.0000000000	35.5506160423	51.7399851923
24	29	4507307458106498086	16635774903079397922	12307204482446687870	13590340958003143154	-6226.8300781250	0.0000000000	9.8695697459	2.6644338099
24	28	4507307458106498086	7184783928487134827	5103158207199438327	7184783928487134827	-6227.0815429688	0.0000000000	10.1210345897	3.3221327489
12	4	1130588334984313667	10030869934610250162	5875557893475733464	7986797983318617253	-6227.3271484375	0.0000000000	28.9438362008	47.1556286241
24	14	4507307458106498086	10370296548701631185	9459575126218928619	15633247944674321411	-6227.4628906250	0.0000000000	10.5023822459	26.7468593373
31	14	7359509944410812612	10370296548701631185	7359509944410812612	15633247944674321411	-6227.4628906250	0.0000000000	0.3719989003	26.7468593373
17	2	10901976594871680934	12368598152062035838	7949981119540842163	9062763955333257728	-6227.4687500000	0.0000000000	22.4635783857	52.5139109736
13	4	6967721170451395993	10030869934610250162	7279734957305521588	9200083826973104254	-6227.5239257812	0.0000000000	28.2409001725	47.3524059678
24	31	4507307458106498086	7359509944410812612	4800914124744823229	7359509944410812612	-6227.6313476562	0.0000000000	10.6708392772	0.5404559315
25	2	8810458188350850335	12368598152062035838	2745459258264089080	9233445470762142288	-6227.7578125000	0.0000000000	6.8122155871	52.8029734736
2	9	12368598152062035838	15168955154244634497	1536613207700413244	8127948117969304792	-6228.1704101562	0.0000000000	53.2155711298	36.9028453137
1	29	1003474530184899753	16635774903079397922	14343153804992490901	16635774903079397922	-6228.3208007812	0.0000000000	54.8714528159	4.1551564661
27	2	8797034359378533445	12368598152062035838	13676036022837678395	16019037553069508426	-6228.4130859375	0.0000000000	6.4668647019	53.4582469111
16	2	8734085401787823863	12368598152062035838	3312599093406626866	18198500241491432018	-6228.8457031250	0.0000000000	24.4072150808	53.8908640986
13	26	6967721170451395993	13586848843206904846	8629865908970768935	13586848843206904846	-6229.0878906250	0.0000000000	29.8048650162	7.4330323617
11	15	3014400843069910159	11764746872706139310	2170987145415976001	10441414948696385091	-6229.1831054688	0.0000000000	35.0532014157	27.5357458704
32	15	2183215208754432378	11764746872706139310	2170987145415976001	2183215208754432378	-6229.1831054688	0.0000000000	0.2503196326	27.5357458704
1	32	1003474530184899753	2183215208754432378	2183215208754432378	2292451007589713262	-6229.2099609375	0.0000000000	55.7606129721	0.2771751014
12	7	1130588334984313667	4035451743491366184	3444082615043346574	7086981337325425265	-6229.2133789062	0.0000000000	30.8300666696	41.3836109573
33	13	6576157680456774869	6967721170451395993	1790998416051678377	6576157680456774869	-6229.3227539062	0.0000000000	0.3756544628	30.0397282975
14	9	10370296548701631185	15168955154244634497	14752258180884799746	17185121017935862935	-6229.3823242188	0.0000000000	28.6662929311	38.1147593762
33	14	6576157680456774869	10370296548701631185	2777582975885012402	6576157680456774869	-6229.5458984375	0.0000000000	0.5987989941	28.8298671498
24	6	4507307458106498086	8395721638934952659	2775870439447224015	16913296242853906933	-6229.7377929688	0.0000000000	12.7772845897	46.2546496189
0	28	4486680833199316427	7184783928487134827	10857845358459966761	12530075297263955540	-6230.0034179688	0.0000000000	62.7698897520	6.2440077489
33	2	6576157680456774869	12368598152062035838	2192404146783552787	6576157680456774869	-6230.4980468750	0.0000000000	1.5509474316	55.5432078486
32	11	2183215208754432378	3014400843069910159	2183215208754432378	17674714167831309418	-6230.5004882812	0.0000000000	1.5677024451	36.3705842282
34	4	2052468541041058701	10030869934610250162	2052468541041058701	17590744671088563097	-6230.5161132812	0.0000000000	0.5394745911	50.3445934678
0	14	4486680833199316427	10370296548701631185	6460031920260937424	9003021423934276829	-6230.5219726562	0.0000000000	63.2884444395	29.8059413686
19	34	1951058302206518847	2052468541041058701	2052468541041058701	3854938988366274032	-6230.6962890625	0.0000000000	21.1643607963	0.7196503723
18	22	9716062930587852222	14095314857813469349	2650466677921264793	15308770736562773717	-6230.7231445312	0.0000000000	25.1927777830	18.2601927910
8	24	2567673090136276702	4507307458106498086	3629227053654171447	7264528574293566852	-6230.7675781250	0.0000000000	39.6233699486	13.8070697459
1	35	1003474530184899753	4561077847438262461	4561077847438262461	4842762569266570043	-6231.0380859375	0.0000000000	57.5887379721	0.0564786658
0	24	4486680833199316427	4507307458106498086	7383937853346379392	11493655134723261950	-6231.0869140625	0.0000000000	63.8533858458	14.1264056834
24	25	4507307458106498086	8810458188350850335	10181346433890293892	15184030448812979999	-6231.3579101562	0.0000000000	14.3974017772	10.4123132434
1	24	1003474530184899753	4507307458106498086	2589212569179174011	7076601847158722157	-6231.4272460938	0.0000000000	57.9778981284	14.4667377147
7	28	4035451743491366184	7184783928487134827	10329859641772846947	16700035829291364106	-6231.4663085938	0.0000000000	43.6365406448	7.7068983739
19	28	1951058302206518847	7184783928487134827	4888934421616033908	15521224310464131265	-6231.6328125000	0.0000000000	22.1008842338	7.8734022802
21	9	12512665348523024409	15168955154244634497	2774512966831667666	3583444470107221403	-6231.6884765625	0.0000000000	19.3715333619	40.4209117200
6	10	8395721638934952659	10647909296076280839	15250394732854563157	16448544357472234055	-6231.7553710938	0.0000000000	48.2722277439	38.6320986778
24	2	4507307458106498086	12368598152062035838	25668012262640937	10233926978662009734	-6231.7753906250	0.0000000000	14.8148822459	56.8205515986
28	2	7184783928487134827	12368598152062035838	25668012262640937	3828198554887114029	-6231.7753906250	0.0000000000	8.0159804052	56.8205515986
12	33	1130588334984313667	6576157680456774869	6576157680456774869	17697201466799614226	-6231.7817382812	0.0000000000	33.3984260446	2.8346388378
10	15	10647909296076280839	11764746872706139310	3294908782121341268	7615850057719311050	-6231.7929687500	0.0000000000	38.6696963340	30.1456091516
19	27	1951058302206518847	8797034359378533445	3020426716716092045	14601816990233936489	-6231.8842773438	0.0000000000	22.3523490775	9.9380561081
34	18	2052468541041058701	9716062930587852222	2052468541041058701	18297052714382463786	-6231.9619140625	0.0000000000	1.9852753723	26.4315473143
35	14	4561077847438262461	10370296548701631185	4561077847438262461	10210523731270896234	-6232.0581054688	0.0000000000	1.0764981971	31.3420741811
1	31	1003474530184899753	7359509944410812612	2589212569179174011	14339983021649981040	-6232.2128906250	0.0000000000	58.7635426596	5.1219989003
7	31	4035451743491366184	7359509944410812612	6903132201722213326	14339983021649981040	-6232.2128906250	0.0000000000	44.3831226761	5.1219989003
4	20	10030869934610250162	15045896547175014149	15599347203019933866	16475297528810491971	-6232.2451171875	0.0000000000	52.0735973741	20.5238305583
0	20	4486680833199316427	15045896547175014149	4716269556415190509	5885033723253548848	-6232.4394531250	0.0000000000	65.2059249083	20.7181664958
12	27	1130588334984313667	8797034359378533445	7491295646040293167	12811222369213945854	-6232.5639648438	0.0000000000	34.1806526071	10.6177436081
5	25	400865686854966429	8810458188350850335	932565130217853591	14585624427762915336	-6232.7045898438	0.0000000000	49.5585692270	11.7589929309
19	35	1951058302206518847	4561077847438262461	4561077847438262461	10159267802127038342	-6232.7133789062	0.0000000000	23.1814506400	1.7317716346
4	10	10030869934610250162	10647909296076280839	13622851184795096386	18232796484764988900	-6232.8901367188	0.0000000000	52.7186169053	39.7668643028
32	10	2183215208754432378	10647909296076280839	2606715556598467823	13622851184795096386	-6232.8901367188	0.0000000000	3.9573508826	39.7668643028
8	31	2567673090136276702	7359509944410812612	14339983021649981040	17793784881266870293	-6232.9375000000	0.0000000000	41.7932918236	5.8466082753
25	29	8810458188350850335	16635774903079397922	10045589880384297401	14476079085442708095	-6233.1367187500	0.0000000000	12.1911218371	8.9710744349
30	13	2453815681683307041	6967721170451395993	2453815681683307041	18168106626027222221	-6233.2597656250	0.0000000000	7.6119575793	33.9767400162
8	10	2567673090136276702	10647909296076280839	11445051137760897569	16218817248036770113	-6233.2729492188	0.0000000000	42.1287410423	40.1496768028
11	13	3014400843069910159	6967721170451395993	1808740468969456457	7907349579154303545	-6233.4287109375	0.0000000000	39.2988068844	34.1456853287
5	11	400865686854966429	3014400843069910159	4453858060729542841	8993634323782137340	-6233.8422851562	0.0000000000	50.6962645395	39.7123811032
12	30	1130588334984313667	2453815681683307041	7450061127527837130	15438047077801723158	-6233.9057617188	0.0000000000	35.5224494821	8.2579536731
1	16	1003474530184899753	8734085401787823863	1643427479214625466	12835094420375620691	-6233.9165039062	0.0000000000	60.4671559409	29.4780158621
16	4	8734085401787823863	10030869934610250162	5939073498232626585	15915735153872433876	-6233.9575195312	0.0000000000	29.5190314871	53.7859997178
13	6	6967721170451395993	8395721638934952659	3323236797971474074	7760460893037331811	-6234.0239257812	0.0000000000	34.7409001725	50.5407824314
12	22	1130588334984313667	14095314857813469349	3505924043145592929	11179179426096516556	-6234.1152343750	0.0000000000	35.7319221383	21.6522826348
1	28	1003474530184899753	7184783928487134827	3006920824217198961	10813728174676789685	-6234.3139648438	0.0000000000	60.8646168784	10.5545546239
27	22	8797034359378533445	14095314857813469349	4776143407497339874	12932693210425557977	-6234.8247070312	0.0000000000	12.8784857956	22.3617552910
32	9	2183215208754432378	15168955154244634497	2606715556598467823	5662572663066104020	-6234.9809570312	0.0000000000	6.0481711951	43.7133921887
3	32	1824801473999038781	2183215208754432378	3168402195969264345	14151584040238420948	-6235.0458984375	0.0000000000	58.2008625497	6.1131126014
25	14	8810458188350850335	10370296548701631185	1708643810342694322	2992123334490095728	-6235.1821289062	0.0000000000	14.2365319934	34.4660976186
34	28	2052468541041058701	7184783928487134827	1004354299136854161	2052468541041058701	-6235.1875000000	0.0000000000	5.2108613098	11.4280897802
13	10	6967721170451395993	10647909296076280839	10142270548801337149	10352955392633291248	-6235.1962890625	0.0000000000	35.9132634537	42.0730166465
3	15	1824801473999038781	11764746872706139310	2170987145415976001	18361174316282708198	-6235.2539062500	0.0000000000	58.4088703622	33.6065466516
18	26	9716062930587852222	13586848843206904846	12696190982304253543	18106381937445059065	-6235.2846679688	0.0000000000	29.7543012205	13.6298097055
0	27	4486680833199316427	8797034359378533445	680357773997919112	15357678698496600920	-6235.4404296875	0.0000000000	68.2069014708	13.4942084519
7	16	4035451743491366184	8734085401787823863	7848070917939510410	18288675283467294355	-6235.5087890625	0.0000000000	47.6790211136	31.0703010183
32	4	2183215208754432378	10030869934610250162	9192020039786940852	15196948343731872119	-6235.8149414062	0.0000000000	6.8821555701	55.6434215928
3	25	1824801473999038781	8810458188350850335	14476079085442708095	16425187295221367199	-6236.0849609375	0.0000000000	59.2399250497	15.1393640246
5	27	400865686854966429	8797034359378533445	6799785626885347983	10376475484242672077	-6236.1191406250	0.0000000000	52.9731200083	14.1729193894
13	27	6967721170451395993	8797034359378533445	5264035520651548969	6799785626885347983	-6236.1191406250	0.0000000000	36.8361150162	14.1729193894
11	36	3014400843069910159	9611614326086648347	2945025532839772841	9611614326086648347	-6236.5454101562	0.0000000000	42.4155061032	0.9288452828
32	6	2183215208754432378	8395721638934952659	11607140045887914963	15383660163847935628	-6236.7070312500	0.0000000000	7.7742454139	53.2238879002
37	23	10402685666058560611	13505882762685108858	9251789769485177839	10402685666058560611	-6236.8281250000	0.0000000000	0.0906288023	23.8544874274
22	29	14095314857813469349	16635774903079397922	3533641110021752312	10431264458867834889	-6236.9702148438	0.0000000000	24.5072631035	12.8045705286
4	17	10030869934610250162	10901976594871680934	4192016277881553054	10795695068201912310	-6237.0141601562	0.0000000000	56.8426403428	32.0089885420
23	9	13505882762685108858	15168955154244634497	13698226443355678700	17824931942991275590	-6237.0600585938	0.0000000000	24.0864210212	45.7924937512
34	14	2052468541041058701	10370296548701631185	1531341467436314438	4582559431505393978	-6237.0913085938	0.0000000000	7.1146699036	36.3752773061
11	37	3014400843069910159	10402685666058560611	10232799050171661768	13004931413675982988	-6237.5512695312	0.0000000000	43.4213654782	0.8137733335
3	37	1824801473999038781	10402685666058560611	450191198113635083	10402685666058560611	-6237.5937500000	0.0000000000	60.7487141122	0.8562538023
7	10	4035451743491366184	10647909296076280839	5347221226810210179	5666680454877043526	-6237.6074218750	0.0000000000	49.7776539261	44.4841494590
2	21	12368598152062035838	12512665348523024409	4992615918402821341	6851091854379804392	-6237.6787109375	0.0000000000	62.7238719111	25.3617677369
30	2	2453815681683307041	12368598152062035838	4544592451998535551	17015375249130689218	-6237.8320312500	0.0000000000	12.1842232043	62.8771922236
19	38	1951058302206518847	6733135408595255315	3196053698910631182	6733135408595255315	-6238.2568359375	0.0000000000	28.7249076713	0.5925863069
38	22	6733135408595255315	14095314857813469349	6733135408595255315	13406450181118122258	-6238.3447265625	0.0000000000	0.6804769319	25.8817748223
6	20	8395721638934952659	15045896547175014149	7534783348025730152	9678005534689761454	-6238.4165039062	0.0000000000	54.9333605564	26.6952172771
3	26	1824801473999038781	13586848843206904846	9524385396788005974	11238177765511483095	-6238.4902343750	0.0000000000	61.6451984872	16.8353761117
28	26	7184783928487134827	13586848843206904846	5368153799326992973	12696190982304253543	-6238.6103515625	0.0000000000	14.8509413427	16.9554932992
1	34	1003474530184899753	2052468541041058701	1829995904410374	5314625553820056050	-6238.7500000000	0.0000000000	65.3006520346	8.7733613098
3	30	1824801473999038781	2453815681683307041	25200263731332574	17952767411131966538	-6238.8657226562	0.0000000000	62.0206867684	13.2179146106
5	10	400865686854966429	10647909296076280839	9606271837628511111	10787334111809951489	-6238.8994140625	0.0000000000	55.7533934458	45.7761416465
7	14	4035451743491366184	10370296548701631185	7513499863436444648	17334877573511326510	-6238.9575195312	0.0000000000	51.1277515823	38.2414882436
36	2	9611614326086648347	12368598152062035838	1051083447027830611	9611614326086648347	-6239.1474609375	0.0000000000	3.5308960641	64.1926219111
21	23	12512665348523024409	13505882762685108858	1916393281309935127	12705332387836733950	-6239.2646484375	0.0000000000	26.9477052369	26.2910108649
8	16	2567673090136276702	8734085401787823863	6532668963072364570	7820844749626544438	-6239.3896484375	0.0000000000	48.2454402611	34.9511603933
31	22	7359509944410812612	14095314857813469349	3071914642637116528	10033095403367185430	-6239.4106445312	0.0000000000	12.3197528065	26.9476927910
18	17	9716062930587852222	10901976594871680934	2266205501349846208	8935772963992498630	-6239.4360351562	0.0000000000	33.9056684080	34.4308635420
3	19	1824801473999038781	1951058302206518847	1214542572599447575	8501113798219857513	-6239.4843750000	0.0000000000	62.6393391122	29.9524467338
8	21	2567673090136276702	12512665348523024409	12508768721473839292	17853047458826349269	-6239.6694335938	0.0000000000	48.5252254173	27.3524903931
12	8	1130588334984313667	2567673090136276702	4117942091785248939	14611467437162328931	-6239.8120117188	0.0000000000	41.4286994821	48.6678035423
0	33	4486680833199316427	6576157680456774869	10631325440672959262	12815652930672044213	-6239.8842773438	0.0000000000	72.6507491270	10.9371779003
3	22	1824801473999038781	14095314857813469349	4754959142387059	13537412662808149151	-6239.9296875000	0.0000000000	63.0846516122	27.4667357598
12	10	1130588334984313667	10647909296076280839	6199394688286989841	14258400400545100532	-6240.0141601562	0.0000000000	41.6308479196	46.8908877403
36	10	9611614326086648347	10647909296076280839	3410431860495332376	12468431613977871018	-6240.2539062500	0.0000000000	4.6373413766	47.1306338340
37	10	10402685666058560611	10647909296076280839	1678709634266360261	10402685666058560611	-6240.3583984375	0.0000000000	3.6209022398	47.2351260215
5	26	400865686854966429	13586848843206904846	12201586116390529502	14758808197559355354	-6240.4667968750	0.0000000000	57.3207762583	18.8119386117
19	39	1951058302206518847	5085874584416179516	5085874584416179516	18195738121720720387	-6240.5009765625	0.0000000000	30.9690482963	0.0122289388
19	9	1951058302206518847	15168955154244634497	1551847925527913019	3038350988236983841	-6240.5117187500	0.0000000000	30.9797904838	49.2441539075
14	15	10370296548701631185	11764746872706139310	4768321731617054014	11769726187094830214	-6240.5268554688	0.0000000000	39.8108241811	38.8794958704
3	33	1824801473999038781	6576157680456774869	8278069271183259432	14017534549824525813	-6240.5390625000	0.0000000000	63.6940266122	11.5919630566
39	22	5085874584416179516	14095314857813469349	4337668006974306384	5085874584416179516	-6240.5864257812	0.0000000000	0.0976781576	28.1234740410
0	22	4486680833199316427	14095314857813469349	3511598635782632509	4240086509851358147	-6240.6337890625	0.0000000000	73.4002608458	28.1708373223
38	2	6733135408595255315	12368598152062035838	6733135408595255315	8685853116569416509	-6240.8574218750	0.0000000000	3.1931722444	65.9025828486
32	0	2183215208754432378	4486680833199316427	3168402195969264345	9449149883572800973	-6241.2124023438	0.0000000000	12.2796165076	73.9788741270
6	14	8395721638934952659	10370296548701631185	5581800488624088619	16284150197759551059	-6241.4316406250	0.0000000000	57.9484972752	40.7156093373
1	25	1003474530184899753	8810458188350850335	7494963016058375131	17249527841755314067	-6241.4404296875	0.0000000000	67.9910817221	20.4948327746
28	14	7184783928487134827	10370296548701631185	11272144691136141183	17239085740793794220	-6241.5249023438	0.0000000000	17.7654921239	40.8088710561
28	18	7184783928487134827	9716062930587852222	11480657401964268812	15330746292271953290	-6241.5976562500	0.0000000000	17.8382460302	36.0672895018
5	13	400865686854966429	6967721170451395993	15108177542399781351	17492122755132963005	-6241.7309570312	0.0000000000	58.5849364145	42.4479314225
28	6	7184783928487134827	8395721638934952659	8222245953107278012	14057530254198035534	-6242.0156250000	0.0000000000	18.2562147802	58.5324816502
7	35	4035451743491366184	4561077847438262461	1226850791978640987	17663951732441858958	-6242.0278320312	0.0000000000	54.1980640823	11.0462247596
5	22	400865686854966429	14095314857813469349	9947599507880419223	13489153042763250895	-6242.1552734375	0.0000000000	59.0092528208	29.6923216973
12	24	1130588334984313667	4507307458106498086	8320020997309215526	11829796178311430600	-6242.3657226562	0.0000000000	43.9824104196	25.4052142772
8	11	2567673090136276702	3014400843069910159	16465298156872118229	17185845383228594577	-6242.3701171875	0.0000000000	51.2259090111	48.2402131344
7	18	4035451743491366184	9716062930587852222	11273881338037537852	14031202946912781150	-6242.4848632812	0.0000000000	54.6550953323	36.9544965330
24	13	4507307458106498086	6967721170451395993	634197863557990792	7425456192706653312	-6242.6562500000	0.0000000000	25.6957416209	43.3732243912
3	36	1824801473999038781	9611614326086648347	2028393712833838627	3247932409769343431	-6242.8374023438	0.0000000000	65.9923664559	7.2208374703
0	40	4486680833199316427	8807412603912768031	613771478021961834	8807412603912768031	-6242.9736328125	0.0000000000	75.7401045958	0.1037655799
19	33	1951058302206518847	6576157680456774869	8211387362977833693	17774483121920405895	-6243.1523437500	0.0000000000	33.6204154838	14.2052443066
30	16	2453815681683307041	8734085401787823863	477632623811443548	6217699932870283817	-6243.3388671875	0.0000000000	17.6910591418	38.9003791433
7	21	4035451743491366184	12512665348523024409	1839019877130035088	7283971728269865369	-6243.3964843750	0.0000000000	55.5667164261	31.0795411744
1	40	1003474530184899753	8807412603912768031	5174665898293505971	10426437892495451636	-6243.4677734375	0.0000000000	70.0184254721	0.5979062049
11	20	3014400843069910159	15045896547175014149	8859034043969870835	15266204816992412749	-6243.4956054688	0.0000000000	49.3657014157	31.7743188396
11	6	3014400843069910159	8395721638934952659	5639600850470225776	14406120975304005553	-6243.5366210938	0.0000000000	49.4067170407	60.0534777439
7	40	4035451743491366184	8807412603912768031	11910007642786296013	17854944900363025607	-6243.5478515625	0.0000000000	55.7180836136	0.6779843299
27	14	8797034359378533445	10370296548701631185	15465224723363896544	15669425439408211987	-6243.7626953125	0.0000000000	21.8164740769	43.0466640248
39	2	5085874584416179516	12368598152062035838	5085874584416179516	17975408888556037906	-6243.7861328125	0.0000000000	3.2973851888	68.8312937861
27	25	8797034359378533445	8810458188350850335	2589336021409010572	7632490512973499900	-6243.8305664062	0.0000000000	21.8843451706	22.8849694934
19	25	1951058302206518847	8810458188350850335	4453983653456678629	16839112981043728686	-6244.0527343750	0.0000000000	34.5208061088	23.1071374621
32	40	2183215208754432378	8807412603912768031	11910007642786296013	18175317708864676584	-6244.0585937500	0.0000000000	15.1258079139	1.1887265174
3	24	1824801473999038781	4507307458106498086	13304124016710746946	14278762150121701168	-6244.0590820312	0.0000000000	67.2140461434	27.0985736522
2	29	12368598152062035838	16635774903079397922	13562969743955473985	16867854768144107204	-6244.2446289062	0.0000000000	69.2897898798	20.0789845911
27	29	8797034359378533445	16635774903079397922	13562969743955473985	15465224723363896544	-6244.2446289062	0.0000000000	22.2984076706	20.0789845911
12	11	1130588334984313667	3014400843069910159	13849531348313729345	13865090722823282606	-6244.4560546875	0.0000000000	46.0727424508	50.3261506344
11	18	3014400843069910159	9716062930587852222	8943817210421225338	11019259323403448384	-6244.4584960938	0.0000000000	50.3285920407	38.9281293455
5	16	400865686854966429	8734085401787823863	1774674135546424642	2145259512212438432	-6244.5654296875	0.0000000000	61.4194090708	40.1269416433
4	21	10030869934610250162	12512665348523024409	4992615918402821341	15694870080192855821	-6244.5898437500	0.0000000000	64.4183239366	32.2729005494
5	8	400865686854966429	2567673090136276702	3431232062518177310	13797658056230290563	-6244.6542968750	0.0000000000	61.5082762583	53.5100886986
1	33	1003474530184899753	6576157680456774869	2328387307913168127	3185519098603113177	-6244.6875000000	0.0000000000	71.2381520346	15.7404005566
34	6	2052468541041058701	8395721638934952659	7740495875577632132	10460645400997948635	-6244.8037109375	0.0000000000	14.8270722473	61.3205675877
12	35	1130588334984313667	4561077847438262461	7765476172774846617	12933910527119184363	-6244.8378906250	0.0000000000	46.4545783883	13.8562833533
2	23	12368598152062035838	13505882762685108858	4676172793663970648	6465087942264742227	-6244.9609375000	0.0000000000	70.0060984736	31.9872999274
19	11	1951058302206518847	3014400843069910159	966786735210763477	15756122893449337408	-6245.0107421875	0.0000000000	35.4788139213	50.8808381344
35	13	4561077847438262461	6967721170451395993	2361081833569927355	12933910527119184363	-6245.0166015625	0.0000000000	14.0349942908	45.7335759537
33	16	6576157680456774869	8734085401787823863	8810037504058168188	10013592966778083692	-6245.0214843750	0.0000000000	16.0743849316	40.5829963308
22	9	14095314857813469349	15168955154244634497	2743461901348857927	9824984176901083089	-6245.0356445312	0.0000000000	32.5726927910	53.7680796887
34	22	2052468541041058701	14095314857813469349	6953877019919284948	17198237589234657589	-6245.1166992188	0.0000000000	15.1400605286	32.6537474785
0	37	4486680833199316427	10402685666058560611	535626957993675738	1088166108184484019	-6245.6757812500	0.0000000000	78.4422530333	8.9382850523
0	41	4486680833199316427	12065429013071856360	3236435212045496467	12065429013071856360	-6246.0380859375	0.0000000000	78.8045577208	0.3717693379
30	10	2453815681683307041	10647909296076280839	1450620659336316035	2982833823165804422	-6246.0800781250	0.0000000000	20.4322700793	52.9568057090
8	27	2567673090136276702	8797034359378533445	2315586670925973936	7820844749626544438	-6246.1333007812	0.0000000000	54.9890926048	24.1870795456
19	8	1951058302206518847	2567673090136276702	1459614888580194412	16655954313365963477	-6246.4848632812	0.0000000000	36.9529350150	55.3406551048
12	17	1130588334984313667	10901976594871680934	7498522874653739661	10731768662215227356	-6246.6909179688	0.0000000000	48.3076057321	41.6857463545
11	7	3014400843069910159	4035451743491366184	3046008377032082802	13749516627346015132	-6246.7915039062	0.0000000000	52.6615998532	58.9617359573
19	26	1951058302206518847	13586848843206904846	4144604070104616824	8253680772534195805	-6246.7954101562	0.0000000000	37.2634818900	25.1405518930
24	26	4507307458106498086	13586848843206904846	8253680772534195805	12430966579833183230	-6246.7954101562	0.0000000000	29.8349017772	25.1405518930
38	4	6733135408595255315	10030869934610250162	4359955261243097715	16667952046364043040	-6246.8642578125	0.0000000000	9.2000081819	66.6927379991
7	25	4035451743491366184	8810458188350850335	438792413905831618	1924247429982325195	-6246.9018554688	0.0000000000	59.0720875198	25.9562585559
3	40	1824801473999038781	8807412603912768031	7024650619131834933	18013422921611050749	-6246.9482421875	0.0000000000	70.1032062997	4.0783749549
1	26	1003474530184899753	13586848843206904846	5735084957363704946	12518298320782367401	-6247.0502929688	0.0000000000	73.6009450034	25.3954347055
26	29	13586848843206904846	16635774903079397922	12518298320782367401	13562969743955473985	-6247.0502929688	0.0000000000	25.3954347055	22.8846486536
27	4	8797034359378533445	10030869934610250162	10981925146207234717	12202624157135322526	-6247.0576171875	0.0000000000	25.1113959519	66.8860973741
7	13	4035451743491366184	6967721170451395993	761359466897122878	8656138369705303734	-6247.0712890625	0.0000000000	59.2415211136	47.7882634537
1	27	1003474530184899753	8797034359378533445	6560571178405915113	11818965117778561681	-6247.2382812500	0.0000000000	73.7889332846	25.2920600144
13	17	6967721170451395993	10901976594871680934	10108260368407096390	13643680064700364598	-6247.5131835938	0.0000000000	48.2301579850	42.5080119795
8	35	2567673090136276702	4561077847438262461	4631497407030089694	18270305543941593018	-6247.5634765625	0.0000000000	56.4192683861	16.5818692908
28	22	7184783928487134827	14095314857813469349	6953877019919284948	8551713871501953404	-6247.6069335938	0.0000000000	23.8475233739	35.1439818535
3	20	1824801473999038781	15045896547175014149	1744883294577934144	7405808922328620268	-6247.7192382812	0.0000000000	70.8742023934	35.9979516521
12	31	1130588334984313667	7359509944410812612	571684141421817325	17604428847514292987	-6248.0205078125	0.0000000000	49.6371955758	20.9296160878
37	2	10402685666058560611	12368598152062035838	2747154930730124332	10452722178175472321	-6248.1015625000	0.0000000000	11.3640663023	73.1467234736
18	10	9716062930587852222	10647909296076280839	698999052162094039	16373336214972421580	-6248.1240234375	0.0000000000	42.5936566893	55.0007510215
42	9	2973831986525992917	15168955154244634497	2973831986525992917	13954320745984249177	-6248.3388671875	0.0000000000	0.8106768338	57.0713023450
31	25	7359509944410812612	8810458188350850335	4289852185435920072	8631138778248819440	-6248.5698242188	0.0000000000	21.4789324940	27.6242273059
35	4	4561077847438262461	10030869934610250162	2744427230001632973	9415847038523046881	-6248.5913085938	0.0000000000	17.6097013221	68.4197887803
5	17	400865686854966429	10901976594871680934	12561272048872881751	13657381940765215467	-6248.7954101562	0.0000000000	65.6493895395	43.7902385420
3	42	1824801473999038781	2973831986525992917	204188484189820571	2973831986525992917	-6248.8588867188	0.0000000000	72.0138508309	1.3306963651
12	15	1130588334984313667	11764746872706139310	8734623875108646634	9534869395062456621	-6248.8862304688	0.0000000000	50.5029182321	47.2388708704
35	22	4561077847438262461	14095314857813469349	1305249973800708994	3355155484992738209	-6248.9155273438	0.0000000000	17.9339200721	36.4525756035
28	29	7184783928487134827	16635774903079397922	958281876648635992	7924690848691021662	-6248.9257812500	0.0000000000	25.1663710302	24.7601369349
42	10	2973831986525992917	10647909296076280839	2747062798347780930	2973831986525992917	-6248.9482421875	0.0000000000	1.4200518338	55.8249697715
38	15	6733135408595255315	11764746872706139310	13778957443122099462	16168175779229141687	-6248.9672851562	0.0000000000	11.3030355256	47.3199255579
4	26	10030869934610250162	13586848843206904846	7151345354839516492	10442861619723382230	-6249.0698242188	0.0000000000	68.8983044053	27.4149659555
30	41	2453815681683307041	12065429013071856360	12065429013071856360	17550341521269748700	-6249.0996093750	0.0000000000	23.4518013293	3.4332927754
1	23	1003474530184899753	13505882762685108858	4328330479531536008	7640819622592435908	-6249.1176757812	0.0000000000	75.6683278159	36.1440382087
34	13	2052468541041058701	6967721170451395993	11835160170176103159	18362065439697191030	-6249.2182617188	0.0000000000	19.2416230286	49.9352361100
10	20	10647909296076280839	15045896547175014149	12029741588201793390	14582461917214309124	-6249.2836914062	0.0000000000	56.1604189903	37.5624047771
16	10	8734085401787823863	10647909296076280839	2863407602905000347	17479557768787194376	-6249.4096679688	0.0000000000	44.9711799246	56.2863955528
38	18	6733135408595255315	9716062930587852222	4359955261243097715	6611726273588876044	-6249.5683593750	0.0000000000	11.9041097444	44.0379926268
40	10	8807412603912768031	10647909296076280839	14146418286523056272	17364815142109953673	-6249.7587890625	0.0000000000	6.8889218299	56.6355166465
1	42	1003474530184899753	2973831986525992917	2691455473251504209	8903283564135048338	-6249.9399414062	0.0000000000	76.4905934409	2.4117510526
32	7	2183215208754432378	4035451743491366184	8206901090570704953	8447789524573535071	-6250.0859375000	0.0000000000	21.1531516639	62.2561695511
44	2	11252735991028366504	12368598152062035838	98733928519037672	11252735991028366504	-6250.1748046875	0.0000000000	0.3686257558	75.2199656611
8	14	2567673090136276702	10370296548701631185	1827117137914798790	17787008040886167003	-6250.2382812500	0.0000000000	59.0940730736	49.5222499623
5	24	400865686854966429	4507307458106498086	12430966579833183230	13843306626761108735	-6250.2949218750	0.0000000000	67.1489012583	33.3344134959
5	30	400865686854966429	2453815681683307041	1776118969540486473	7617920240903514143	-6250.4355468750	0.0000000000	67.2895262583	24.7877388293
24	9	4507307458106498086	15168955154244634497	3012866250694591998	3352378327107162089	-6250.4711914062	0.0000000000	33.5106830272	59.2036265637
4	29	10030869934610250162	16635774903079397922	3377422813435528998	13100356806481516035	-6250.5917968750	0.0000000000	70.4202770616	26.4261525599
1	45	1003474530184899753	9811863530185099306	8342199115755220897	9811863530185099306	-6250.6279296875	0.0000000000	77.1785817221	0.2852740854
35	16	4561077847438262461	8734085401787823863	927720546558056086	9554080918579059132	-6250.7016601562	0.0000000000	19.7200528846	46.2631721121
0	44	4486680833199316427	11252735991028366504	1202067335849323308	11252735991028366504	-6250.7583007812	0.0000000000	83.5247725645	0.9521218496
12	9	1130588334984313667	15168955154244634497	4675425707419778298	16945762152375671973	-6250.8100585938	0.0000000000	52.4267463571	59.5424937512
0	38	4486680833199316427	6733135408595255315	9668535760084094422	14541959148433085085	-6250.8476562500	0.0000000000	83.6141280333	13.1834066194
3	29	1824801473999038781	16635774903079397922	8036415995635766660	16260818812662939976	-6251.0112304688	0.0000000000	74.1661945809	26.8455861536
32	45	2183215208754432378	9811863530185099306	8811913961228505491	9811863530185099306	-6251.0151367188	0.0000000000	22.0823508826	0.6724811166
6	21	8395721638934952659	12512665348523024409	5066505178120367630	10179555411646889361	-6251.2666015625	0.0000000000	67.7834582127	38.9496583619
3	27	1824801473999038781	8797034359378533445	6986401938065497815	10066890299558834995	-6251.4516601562	0.0000000000	74.6066242684	29.5054389206
13	31	6967721170451395993	7359509944410812612	11465369366586965089	13224259798984344778	-6251.5156250000	0.0000000000	52.2325993912	24.4247332753
0	43	4486680833199316427	13150936435615904820	13150936435615904820	14424736507775416321	-6251.5605468750	0.0000000000	84.3270186583	3.3936662557
1	30	1003474530184899753	2453815681683307041	13910531799143191616	16377106010948789291	-6251.6264648438	0.0000000000	78.1771168784	25.9786567981
6	27	8395721638934952659	8797034359378533445	2723292499886787523	4867969428488321242	-6251.6708984375	0.0000000000	68.1877550877	29.7246772019
42	7	2973831986525992917	4035451743491366184	2570802409907346596	15011692231493492721	-6251.6796875000	0.0000000000	4.1514971463	63.8499195511
9	29	15168955154244634497	16635774903079397922	4364694178815632534	8709927193693329335	-6251.7778320312	0.0000000000	60.5102671887	27.6121877161
30	4	2453815681683307041	10030869934610250162	11007087526347833850	18268406520273419495	-6251.9746093750	0.0000000000	26.3268013293	71.8030895616
42	4	2973831986525992917	10030869934610250162	6842048168637728296	15011692231493492721	-6252.0278320312	0.0000000000	4.4996416776	71.8563122178
13	29	6967721170451395993	16635774903079397922	6695206431156748970	16819604196074097815	-6252.1635742188	0.0000000000	52.8805486100	27.9979299036
11	14	3014400843069910159	10370296548701631185	2774267759618440257	9465668593943171756	-6252.1796875000	0.0000000000	58.0497834469	51.4636562123
33	22	6576157680456774869	14095314857813469349	8531764817401940519	10601580449286416652	-6252.2924804688	0.0000000000	23.3453810253	39.8295287285
0	29	4486680833199316427	16635774903079397922	2331599881882541555	16340093235349717100	-6252.3662109375	0.0000000000	85.1326827208	28.2005666224
21	43	12512665348523024409	13150936435615904820	12341120871153304780	17998224147866790716	-6252.3862304688	0.0000000000	40.0692872681	4.2193498495
7	26	4035451743491366184	13586848843206904846	7922663756297656514	16535274810938806804	-6252.4287109375	0.0000000000	64.5989429886	30.7738526742
40	4	8807412603912768031	10030869934610250162	7024650619131834933	7585973380823049987	-6252.4487304688	0.0000000000	9.5788632362	72.2772106553
43	9	13150936435615904820	15168955154244634497	8709927193693329335	17840333034176450183	-6252.5131835938	0.0000000000	4.3463029745	61.2456187512
11	46	3014400843069910159	18162896272049765510	2774267759618440257	6306584973959523516	-6252.5888671875	0.0000000000	58.4589631344	0.5766807313
47	0	4299207398531012478	4486680833199316427	4299207398531012478	8970711535703376336	-6252.6044921875	0.0000000000	0.0842991884	85.3709639708
36	46	9611614326086648347	18162896272049765510	3754248424585592910	6306584973959523516	-6252.6596679688	0.0000000000	17.0431030953	0.6474815125
19	30	1951058302206518847	2453815681683307041	4554184069216819118	6901872139453955927	-6252.6831054688	0.0000000000	43.1511772025	27.0352974231
39	4	5085874584416179516	10030869934610250162	6184598562815135268	7003488932806667727	-6252.6982421875	0.0000000000	12.2094945638	72.5267223741
0	31	4486680833199316427	7359509944410812612	860876305145665765	12351954135573644475	-6252.7006835938	0.0000000000	85.4671553770	25.6097918690
39	18	5085874584416179516	9716062930587852222	10499817080275965657	11698891701995661232	-6252.8271484375	0.0000000000	12.3384008138	47.2967816893
25	10	8810458188350850335	10647909296076280839	1531951755865728325	5423297786581704651	-6252.8715820312	0.0000000000	31.9259851184	59.7483096153
25	43	8810458188350850335	13150936435615904820	2507476881221960653	13150936435615904820	-6252.9458007812	0.0000000000	32.0002038684	4.7789201620
19	31	1951058302206518847	7359509944410812612	4743137990215073662	15395336852327906107	-6252.9868164062	0.0000000000	43.4548881400	25.8959246815
11	47	3014400843069910159	4299207398531012478	2617498920825304936	4299207398531012478	-6253.1787109375	0.0000000000	59.0488068844	0.6585179384
0	39	4486680833199316427	5085874584416179516	10499817080275965657	16652707642671267127	-6253.3320312500	0.0000000000	86.0985030333	12.8432836263
36	18	9611614326086648347	9716062930587852222	6811303976695821336	16860649574147740170	-6253.3618164062	0.0000000000	17.7452515328	47.8314496580
5	37	400865686854966429	10402685666058560611	4729285929135647127	5722415015320362150	-6253.4858398438	0.0000000000	70.3398192270	16.7483436460
42	37	2973831986525992917	10402685666058560611	11910648939812126160	13183918731587724130	-6253.6630859375	0.0000000000	6.1348955838	16.9255897398
5	29	400865686854966429	16635774903079397922	5937540711915369631	16059348160443293650	-6253.7578125000	0.0000000000	70.6117918833	29.5921681849
30	11	2453815681683307041	3014400843069910159	2896086948325901403	11680591610979298886	-6253.9135742188	0.0000000000	28.2657661731	59.7836701657
30	18	2453815681683307041	9716062930587852222	2813220333599441090	2896086948325901403	-6253.9135742188	0.0000000000	28.2657661731	48.3832074705
45	4	9811863530185099306	10030869934610250162	4452935835620698035	9513735493279452596	-6254.0820312500	0.0000000000	3.7393756479	73.9105114366
6	18	8395721638934952659	9716062930587852222	664295359615694688	8320422353245110052	-6254.1201171875	0.0000000000	70.6369738377	48.5897504393
42	6	2973831986525992917	8395721638934952659	15011692231493492721	15136254615690384837	-6254.1713867188	0.0000000000	6.6431963651	70.6882433689
12	29	1130588334984313667	16635774903079397922	6748004888327099038	17788263040799583159	-6254.1972656250	0.0000000000	55.8139533883	30.0316213099
25	41	8810458188350850335	12065429013071856360	11518436073118276971	13337760715948887309	-6254.3828125000	0.0000000000	33.4372155871	8.7164959004
42	0	2973831986525992917	4486680833199316427	9024309716013568618	18380318563911024337	-6254.6811523438	0.0000000000	7.1529619901	87.4476241270
3	48	1824801473999038781	16468351384395117018	13380907413170533196	16468351384395117018	-6254.8056640625	0.0000000000	77.9606281747	0.1822535706
15	21	11764746872706139310	12512665348523024409	5697443972599783910	17341503042186365999	-6254.8110351562	0.0000000000	53.1636755579	42.4940919556
14	46	10370296548701631185	18162896272049765510	6306584973959523516	17347708243180990004	-6254.8125000000	0.0000000000	54.0964687123	2.8003135438
3	43	1824801473999038781	13150936435615904820	6756779313038068435	12002084990077987620	-6254.8325195312	0.0000000000	77.9874836434	6.6656389120
25	4	8810458188350850335	10030869934610250162	11501663772744796653	16836761991519968475	-6254.8413085938	0.0000000000	33.8957116809	74.6697887803
3	45	1824801473999038781	9811863530185099306	8014867969855015561	9174461095570133452	-6254.8608398438	0.0000000000	78.0158039559	4.5181842416
0	36	4486680833199316427	9611614326086648347	6791323330992936613	14690980023309339261	-6254.8725585938	0.0000000000	87.6390303770	19.2559937203
32	46	2183215208754432378	18162896272049765510	7469466992735274333	14484238458484634233	-6254.9428710938	0.0000000000	26.0100852576	2.9306846375
17	15	10901976594871680934	11764746872706139310	8044259928432373917	13275953525954660918	-6254.9497070312	0.0000000000	49.9445354170	53.3023474329
10	43	10647909296076280839	13150936435615904820	6542116532155655163	10094300991709034652	-6254.9833984375	0.0000000000	61.8601260215	6.8165178182
12	36	1130588334984313667	9611614326086648347	5470938724051584282	18139243198447202418	-6255.0385742188	0.0000000000	56.6552619821	19.4220093453
30	15	2453815681683307041	11764746872706139310	13243804041388088071	15881841026912819159	-6255.1362304688	0.0000000000	29.4884224231	53.4888708704
31	9	7359509944410812612	15168955154244634497	11726705151233563388	18310537021195001147	-6255.2470703125	0.0000000000	28.1561785878	63.9795054700
0	48	4486680833199316427	16468351384395117018	4634020393402498008	16468351384395117018	-6255.2475585938	0.0000000000	88.0140303770	0.6241481019
19	15	1951058302206518847	11764746872706139310	2689367950105235168	17882346989483950238	-6255.3530273438	0.0000000000	45.8210990775	53.7056677454
0	35	4486680833199316427	4561077847438262461	7235950014233420517	12258331608476511315	-6255.4013671875	0.0000000000	88.1678389708	24.4197599158
24	43	4507307458106498086	13150936435615904820	16517566835089408323	17840333034176450183	-6255.5097656250	0.0000000000	38.5492572459	7.3428850057
13	28	6967721170451395993	7184783928487134827	3753303254747085574	7677102559402987038	-6255.5620117188	0.0000000000	56.2789861100	31.8026014989
8	26	2567673090136276702	13586848843206904846	8011998728824663562	16364524864972037124	-6255.6425781250	0.0000000000	64.4983699486	33.9877198617
11	43	3014400843069910159	13150936435615904820	327238548147389986	8123145774886005507	-6255.9038085938	0.0000000000	61.7739045407	7.7369279745
5	21	400865686854966429	12512665348523024409	4168880757032017229	9583360953216052092	-6255.9726562500	0.0000000000	72.8266356333	43.6557130494
28	25	7184783928487134827	8810458188350850335	7814065370425737631	12440958287648826137	-6256.0805664062	0.0000000000	32.3211561864	35.1349694934
25	44	8810458188350850335	11252735991028366504	9631178167652419922	13696439847418117189	-6256.1689453125	0.0000000000	35.2233483996	6.3627663808
2	46	12368598152062035838	18162896272049765510	6858432654666797413	10331220671319240831	-6256.1972656250	0.0000000000	81.2424265986	4.1850791688
9	46	15168955154244634497	18162896272049765510	6858432654666797413	18264867170348031898	-6256.1972656250	0.0000000000	64.9297007825	4.1850791688
33	29	6576157680456774869	16635774903079397922	13649420488281104786	14078106735946867284	-6256.2792968750	0.0000000000	27.3321974316	32.1136525599
30	22	2453815681683307041	14095314857813469349	7859845027955238590	11048806740775336557	-6256.3193359375	0.0000000000	30.6715278918	43.8563841973
13	43	6967721170451395993	13150936435615904820	12002084990077987620	15070035985690589667	-6256.3964843750	0.0000000000	57.1134587662	8.2296037557
30	14	2453815681683307041	10370296548701631185	956581810275028227	17252903269590322002	-6256.3984375000	0.0000000000	30.7506294543	55.6824062123
47	48	4299207398531012478	16468351384395117018	6184199339989790564	12169590023778263119	-6256.6127929688	0.0000000000	4.0925999696	1.9893824769
34	0	2052468541041058701	4486680833199316427	3690323045492286862	5447365887838492752	-6256.7597656250	0.0000000000	26.7831269348	89.5262374083
13	15	6967721170451395993	11764746872706139310	2063181127762201560	16696403920864715497	-6256.7685546875	0.0000000000	57.4855290787	55.1211950891
30	9	2453815681683307041	15168955154244634497	956581810275028227	9047941601937860540	-6256.8627929688	0.0000000000	31.2149849231	65.5952281262
18	9	9716062930587852222	15168955154244634497	4293042133606661659	4367805497485429333	-6256.8701171875	0.0000000000	51.3397504393	65.6025523450
13	41	6967721170451395993	12065429013071856360	11518436073118276971	14540407150803399655	-6256.8969726562	0.0000000000	57.6139470475	11.2306560566
19	29	1951058302206518847	16635774903079397922	11607347745768224834	14439935663058039214	-6256.9082031250	0.0000000000	47.3762748588	32.7425588099
33	27	6576157680456774869	8797034359378533445	6137480263481579837	7180307845945190726	-6257.0517578125	0.0000000000	28.1046583691	35.1055365769
39	6	5085874584416179516	8395721638934952659	4827106612298451691	7978145519693825191	-6257.0786132812	0.0000000000	16.5898656576	73.5954699314
43	49	13150936435615904820	17127396999717919807	7533636468984219389	17127396999717919807	-6257.1230468750	0.0000000000	8.9561662557	0.7771868823
1	43	1003474530184899753	13150936435615904820	2984410574501223860	17840333034176450183	-6257.1743164062	0.0000000000	83.7249684409	9.0074357870
33	4	6576157680456774869	10030869934610250162	317088208465055742	7180307845945190726	-6257.1884765625	0.0000000000	28.2413771191	77.0169567491
25	18	8810458188350850335	9716062930587852222	9234574142956583432	14417427233804765618	-6257.3291015625	0.0000000000	36.3835046496	51.7987348143
41	2	12065429013071856360	12368598152062035838	4531579853555886081	7059148436366433129	-6257.3735351562	0.0000000000	11.7072185566	82.4186961298
3	31	1824801473999038781	7359509944410812612	8184953096615377495	14463037244852244013	-6257.5087890625	0.0000000000	80.6637531747	30.4178973378
3	47	1824801473999038781	4299207398531012478	1178366764468315801	1973756659614613385	-6257.5859375000	0.0000000000	80.7409016122	5.0657445009
6	26	8395721638934952659	13586848843206904846	7343663906456441501	8391821455445136173	-6257.7792968750	0.0000000000	74.2961535252	36.1244386117
5	41	400865686854966429	12065429013071856360	8639479189275829818	15160505588686317655	-6257.8310546875	0.0000000000	74.6850340708	12.1647380879
6	40	8395721638934952659	8807412603912768031	867339236318828789	14097318134293817583	-6257.8339843750	0.0000000000	74.3508410252	14.9641171424
11	25	3014400843069910159	8810458188350850335	3258742645911241522	4783496912054642418	-6258.0600585938	0.0000000000	63.9301545407	37.1144616809
33	46	6576157680456774869	18162896272049765510	1056048330564774015	4700290561922410476	-6258.1484375000	0.0000000000	29.2013380566	6.1362510438
31	4	7359509944410812612	10030869934610250162	8070038580295974028	15805559354561859121	-6258.1728515625	0.0000000000	31.0819598378	78.0013317491
11	48	3014400843069910159	16468351384395117018	11520873328246715179	16872328682783848384	-6258.2353515625	0.0000000000	64.1054475094	3.6119410706
28	9	7184783928487134827	15168955154244634497	9768649306470740616	16670662522936474086	-6258.2700195312	0.0000000000	34.5106093114	67.0024546887
10	46	10647909296076280839	18162896272049765510	1909990154866185262	6951589684908908490	-6258.2841796875	0.0000000000	65.1609072715	6.2719932313
26	22	13586848843206904846	14095314857813469349	5976937175780058425	15795873778198325080	-6258.3032226562	0.0000000000	36.6483643930	45.8402709160
45	10	9811863530185099306	10647909296076280839	5774844917745630893	13321527644342731578	-6258.3964843750	0.0000000000	8.0538287729	65.2732119590
44	26	11252735991028366504	13586848843206904846	14192296287068260038	15693107710193638991	-6258.4350585938	0.0000000000	8.6288796621	36.7802003305
6	25	8395721638934952659	8810458188350850335	4143690574791926757	11186448265579997937	-6258.4946289062	0.0000000000	75.0114855564	37.5490319934
14	17	10370296548701631185	10901976594871680934	7987704025067902824	14567728978656639695	-6258.5454101562	0.0000000000	57.8293788686	53.5402385420
14	10	10370296548701631185	10647909296076280839	10638657267403415138	10814046274485995751	-6258.5913085938	0.0000000000	57.8752773061	65.4680361778
11	49	3014400843069910159	17127396999717919807	6094141168903766227	17127396999717919807	-6258.6289062500	0.0000000000	64.4990021969	2.2830462573
3	50	1824801473999038781	13749690989139397258	1554817417665442395	13749690989139397258	-6258.6840820312	0.0000000000	81.8390461434	0.6991030067
40	45	8807412603912768031	9811863530185099306	2544332566036857228	14397331806201304714	-6258.6948242188	0.0000000000	15.8249569862	8.3521686166
5	42	400865686854966429	2973831986525992917	9975272810830572806	13992188985354029037	-6258.8408203125	0.0000000000	75.6947996958	11.3126299588
16	22	8734085401787823863	14095314857813469349	11355055160629246810	12702032027817316940	-6258.8730468750	0.0000000000	54.4345588308	46.4100951348
18	44	9716062930587852222	11252735991028366504	6577339499934074629	17786774209680448303	-6258.8774414062	0.0000000000	53.3470746580	9.0712624746
11	16	3014400843069910159	8734085401787823863	9410726585990623473	16987084317903061098	-6258.9492187500	0.0000000000	64.8193146969	54.5107307058
31	16	7359509944410812612	8734085401787823863	8259570307007798288	13385942044799786960	-6258.9956054688	0.0000000000	31.9047137440	54.5571174246
1	46	1003474530184899753	18162896272049765510	1439973687882557421	8610175934493362135	-6259.1088867188	0.0000000000	85.6595387534	7.0967002625
14	43	10370296548701631185	13150936435615904820	6506594941808902082	17840333034176450183	-6259.1899414062	0.0000000000	58.4739101186	11.0230607870
12	46	1130588334984313667	18162896272049765510	1056048330564774015	16537714476302000442	-6259.2519531250	0.0000000000	60.8686408883	7.2397666688
2	49	12368598152062035838	17127396999717919807	198866312955175973	17127396999717919807	-6259.2666015625	0.0000000000	84.3117625361	2.9207415698
13	9	6967721170451395993	15168955154244634497	11950347026181554525	16696403920864715497	-6259.4028320312	0.0000000000	60.1198064225	68.1352671887
18	50	9716062930587852222	13749690989139397258	14181884567981164631	18030024574734192343	-6259.7661132812	0.0000000000	54.2357465330	1.7811342567
12	47	1130588334984313667	4299207398531012478	2166729866088382883	16765703809727552327	-6259.7812500000	0.0000000000	61.3979377633	7.2610570009
15	20	11764746872706139310	15045896547175014149	5181103201039668793	12925253962074496612	-6259.8427734375	0.0000000000	58.1954138391	48.1214868083
47	50	4299207398531012478	13749690989139397258	1522573868227820505	18030024574734192343	-6259.8828125000	0.0000000000	7.3626195009	1.8978334754
4	44	10030869934610250162	11252735991028366504	3574637566535465194	9633647310253420511	-6260.0190429688	0.0000000000	79.8475231553	10.2128640371
16	15	8734085401787823863	11764746872706139310	9041043177559079557	10308234160397293227	-6260.0249023438	0.0000000000	55.5864142996	58.3775427454
51	50	11554222005007951863	13749690989139397258	2315236216047451569	11554222005007951863	-6260.0971679688	0.0000000000	0.2468247771	2.1121889442
7	41	4035451743491366184	12065429013071856360	5344797803845454085	8545641152954667144	-6260.1142578125	0.0000000000	72.2844898636	14.4479412129
36	4	9611614326086648347	10030869934610250162	478608855154656182	16200550123117648304	-6260.2065429688	0.0000000000	24.5899780953	80.0350231553
31	20	7359509944410812612	15045896547175014149	2591022199982864295	3067024330718437900	-6260.2309570312	0.0000000000	33.1400653065	48.5096704021
3	49	1824801473999038781	17127396999717919807	2753587593431317709	17127396999717919807	-6260.2353515625	0.0000000000	83.3903156747	3.8894915698
30	25	2453815681683307041	8810458188350850335	690964677322206693	11820702839318443680	-6260.2910156250	0.0000000000	34.6432075793	39.3454187121
31	29	7359509944410812612	16635774903079397922	11248062360353327797	15485025930050102526	-6260.3051757812	0.0000000000	33.2142840565	36.1395314661
3	51	1824801473999038781	11554222005007951863	5512053102483469687	11554222005007951863	-6260.3706054688	0.0000000000	83.5255695809	0.5202622771
43	29	13150936435615904820	16635774903079397922	12002084990077987620	15058528589060064827	-6260.4550781250	0.0000000000	12.2881975057	36.2894338099
12	34	1130588334984313667	2052468541041058701	4561846664761240125	13409507494319155621	-6260.5136718750	0.0000000000	62.1303596383	30.5370331848
4	23	10030869934610250162	13505882762685108858	12615741635988729374	17343739017661457469	-6260.5664062500	0.0000000000	80.3948864366	47.5927686774
5	33	400865686854966429	6576157680456774869	8385681838689329793	14379531342953948256	-6260.5834960938	0.0000000000	77.4374754770	31.6363966503
1	37	1003474530184899753	10402685666058560611	9801750428323794584	10250802405797817539	-6260.5922851562	0.0000000000	87.1429371909	23.8547889585
33	6	6576157680456774869	8395721638934952659	6239756642951538114	7253569571312882572	-6260.7153320312	0.0000000000	31.7682325878	77.2321886814
18	51	9716062930587852222	11554222005007951863	4890108900220418619	7116875429865977814	-6260.8959960938	0.0000000000	55.3656293455	1.0456529021
45	9	9811863530185099306	15168955154244634497	4799931455273316466	9266786566148810760	-6260.9282226562	0.0000000000	10.5855670541	69.6606578137
13	23	6967721170451395993	13505882762685108858	2320385133424647318	11149892909482955258	-6261.0073242188	0.0000000000	61.7242986100	48.0336866462
51	48	11554222005007951863	16468351384395117018	11554222005007951863	12433350588900536548	-6261.0239257812	0.0000000000	1.1735825896	6.4005152894
24	20	4507307458106498086	15045896547175014149	11301630738989521788	12605504201973612996	-6261.1767578125	0.0000000000	44.2162494334	49.4554711833
27	44	8797034359378533445	11252735991028366504	550221084260857456	1185023151514239010	-6261.2050781250	0.0000000000	39.2588568894	11.3988991933
44	22	11252735991028366504	14095314857813469349	550221084260857456	5414661761549843218	-6261.2050781250	0.0000000000	11.3988991933	48.7421263848
11	33	3014400843069910159	6576157680456774869	6476833186086417588	15894041752550368572	-6261.3237304688	0.0000000000	67.1938264157	32.3766310253
24	38	4507307458106498086	6733135408595255315	5787758672269917338	12230266719978197799	-6261.3510742188	0.0000000000	44.3905658397	23.6868245881
19	10	1951058302206518847	10647909296076280839	539621939463233313	9323733727835570470	-6261.3979492188	0.0000000000	51.8660209525	68.2746768028
12	48	1130588334984313667	16468351384395117018	11520873328246715179	14431251246054819638	-6261.4995117188	0.0000000000	63.1161994821	6.8761012269
47	18	4299207398531012478	9716062930587852222	9415792115550420679	10644667808129590622	-6261.5595703125	0.0000000000	9.0393773134	56.0292035643
8	22	2567673090136276702	14095314857813469349	1413249060088400074	8834785848169918776	-6261.5634765625	0.0000000000	70.4192683861	49.1005248223
6	23	8395721638934952659	13505882762685108858	5853033087688433070	16989949846647810170	-6261.7543945312	0.0000000000	78.2712511814	48.7807569587
27	9	8797034359378533445	15168955154244634497	5829411106294616490	17135328497515887062	-6261.7895507812	0.0000000000	39.8433295456	70.5219859387
13	46	6967721170451395993	18162896272049765510	1056048330564774015	8976285881297941768	-6261.8471679688	0.0000000000	62.5641423600	9.8349815125
30	6	2453815681683307041	8395721638934952659	15989343805752858867	16985124215970854777	-6261.8979492188	0.0000000000	36.2501411731	78.4148058689
12	43	1130588334984313667	13150936435615904820	10457906590673599944	18403706595908691610	-6261.9248046875	0.0000000000	63.5414924508	13.7579240682
8	25	2567673090136276702	8810458188350850335	8075605661794799856	8621069941393998303	-6261.9897460938	0.0000000000	70.8455379173	41.0441491809
18	48	9716062930587852222	16468351384395117018	8501452738322961216	10311501265772859664	-6262.3959960938	0.0000000000	56.8656293455	7.7725856019
0	51	4486680833199316427	11554222005007951863	3549889274560079494	11554222005007951863	-6262.5073242188	0.0000000000	95.2737960020	2.6569810271
24	15	4507307458106498086	11764746872706139310	12333873254079621902	16195199735442942111	-6262.6733398438	0.0000000000	45.7128314647	61.0259802454
47	23	4299207398531012478	13505882762685108858	4299207398531012478	10170772848423160573	-6262.6762695312	0.0000000000	10.1560765321	49.7026319587
47	2	4299207398531012478	12368598152062035838	5934214648159108994	9952515763454950889	-6262.6840820312	0.0000000000	10.1638890321	87.7292430048
1	38	1003474530184899753	6733135408595255315	4942716581186917681	12876669403580737295	-6262.7592773438	0.0000000000	89.3099293784	25.0950277131
38	44	6733135408595255315	11252735991028366504	12876669403580737295	17786774209680448303	-6262.7592773438	0.0000000000	25.0950277131	12.9530984121
7	29	4035451743491366184	16635774903079397922	11211302840498705048	16848868366130809171	-6262.9033203125	0.0000000000	75.0735523636	38.7376759974
16	44	8734085401787823863	11252735991028366504	71676521313620977	10442562947990157939	-6262.9941406250	0.0000000000	58.5556525808	13.1879616933
44	43	11252735991028366504	13150936435615904820	14021973686609212846	14439871610143076406	-6263.0810546875	0.0000000000	13.2748757558	14.9141740682
28	27	7184783928487134827	8797034359378533445	588009858494893455	1582893641010486713	-6263.1342773438	0.0000000000	39.3748671239	41.1880561081
5	28	400865686854966429	7184783928487134827	5155496081910080912	14776602655431095310	-6263.2382812500	0.0000000000	80.0922606333	39.4788710302
1	52	1003474530184899753	7715203069063406350	7715203069063406350	15847967104248146263	-6263.3686523438	0.0000000000	89.9193043784	1.9668263350
25	22	8810458188350850335	14095314857813469349	14229198547858835782	14268578616790812694	-6263.4052734375	0.0000000000	42.4596765246	50.9423216973
0	50	4486680833199316427	13749690989139397258	3549889274560079494	10544792479004164168	-6263.4184570312	0.0000000000	96.1849288145	5.4334780067
38	9	6733135408595255315	15168955154244634497	520448291672801823	16485812102205267361	-6263.4619140625	0.0000000000	25.7976644319	72.1943492200
33	18	6576157680456774869	9716062930587852222	1336427683676160873	11673222334580508323	-6263.5434570312	0.0000000000	34.5963575878	58.0130902830
52	4	7715203069063406350	10030869934610250162	7715203069063406350	13186804525041792063	-6263.7231445312	0.0000000000	2.3213185225	83.5516247178
17	53	10901976594871680934	11973000412733658697	7950891730888493460	11973000412733658697	-6263.8364257812	0.0000000000	58.8312541670	0.2571917556
8	18	2567673090136276702	9716062930587852222	15523197465988183407	15610016531894025449	-6263.9082031250	0.0000000000	72.7639949486	58.3778363768
18	15	9716062930587852222	11764746872706139310	7440613074161615848	12333873254079621902	-6263.9589843750	0.0000000000	58.4286176268	62.3116247766
25	9	8810458188350850335	15168955154244634497	3452639757562195922	6057129713219346040	-6264.0473632812	0.0000000000	43.1017663684	72.7797984387
1	53	1003474530184899753	11973000412733658697	11973000412733658697	13843646926889674046	-6264.0668945312	0.0000000000	90.6175465659	0.4876605056
44	49	11252735991028366504	17127396999717919807	1197225370590358050	4028170650585742771	-6264.0698242188	0.0000000000	14.2636452871	7.7239642261
18	21	9716062930587852222	12512665348523024409	5453232512286704889	10647858928251602904	-6264.1645507812	0.0000000000	58.6341840330	51.8476075806
1	36	1003474530184899753	9611614326086648347	9729910141347955262	17036306232639386256	-6264.2607421875	0.0000000000	90.8113942221	28.6441773141
24	35	4507307458106498086	4561077847438262461	597997827744927813	13559282403255177336	-6264.4462890625	0.0000000000	47.4857806834	33.4646817908
13	49	6967721170451395993	17127396999717919807	5368272897336624205	10425224710113596841	-6264.5000000000	0.0000000000	65.2169743912	8.1541400073
7	38	4035451743491366184	6733135408595255315	6816514674434999534	16962693909362337712	-6264.5981445312	0.0000000000	76.7683765823	26.9338949006
13	36	6967721170451395993	9611614326086648347	9710051429159083965	12449159689730961298	-6264.6069335938	0.0000000000	65.3239079850	28.9903687203
42	20	2973831986525992917	15045896547175014149	5834525788032631773	16477037250408034140	-6264.6567382812	0.0000000000	17.1285479276	52.9354516521
16	9	8734085401787823863	15168955154244634497	7997264490158560183	10955254025430893596	-6264.7368164062	0.0000000000	60.2983283621	73.4692515637
16	46	8734085401787823863	18162896272049765510	639449255106201279	7997264490158560183	-6264.7368164062	0.0000000000	60.2983283621	12.7246299500
12	21	1130588334984313667	12512665348523024409	2960596356659175213	10584895004641642614	-6264.7416992188	0.0000000000	66.3583869821	52.4247560181
3	53	1824801473999038781	11973000412733658697	11481499413121311132	12637647627671063594	-6264.7558593750	0.0000000000	87.9108234872	1.1766253493
12	32	1130588334984313667	2183215208754432378	8280136238568625039	17356737206832607932	-6264.8032226562	0.0000000000	66.4199104196	35.8704368201
44	41	11252735991028366504	12065429013071856360	3834435818933100985	16481130699805174760	-6264.9653320312	0.0000000000	15.1591530996	19.2990154316
12	44	1130588334984313667	11252735991028366504	9566368748013612483	10032181918854043618	-6264.9692382812	0.0000000000	66.5859260446	15.1630593496
35	2	4561077847438262461	12368598152062035838	8627108223372618430	14401343201300615055	-6265.0898437500	0.0000000000	34.1082364783	90.1350047236
0	45	4486680833199316427	9811863530185099306	2731002451133880905	15582642687943846374	-6265.1152343750	0.0000000000	97.8817061583	14.7725787729
7	17	4035451743491366184	10901976594871680934	7325159991693892418	13110446947231221798	-6265.1450195312	0.0000000000	77.3152515823	60.1398479170
36	49	9611614326086648347	17127396999717919807	465029458224980455	2934268671109132356	-6265.1660156250	0.0000000000	29.5494507516	8.8201556323
25	21	8810458188350850335	12512665348523024409	1300249118909580679	2754609631358487753	-6265.2968750000	0.0000000000	44.3512780871	52.9799317994
10	22	10647909296076280839	14095314857813469349	2697784043330556600	15001058763355304118	-6265.3681640625	0.0000000000	72.2448916465	52.9052123223
52	9	7715203069063406350	15168955154244634497	16061184000098340106	16332874465549990617	-6265.4174804688	0.0000000000	4.0156544600	74.1499156262
32	33	2183215208754432378	6576157680456774869	6893010273930226142	13047755517525208905	-6265.4858398438	0.0000000000	36.5530540076	36.5387404003
7	37	4035451743491366184	10402685666058560611	10197940214322860906	16918722680340429400	-6265.6484375000	0.0000000000	77.8186695511	28.9109413023
1	41	1003474530184899753	12065429013071856360	7266202552607429032	8816869208416951508	-6265.7036132812	0.0000000000	92.2542653159	20.0372966816
5	34	400865686854966429	2052468541041058701	634564874588246468	4721531763547455864	-6265.8833007812	0.0000000000	82.7372801645	35.9066620911
13	21	6967721170451395993	12512665348523024409	13970445759467801831	16459130014067402126	-6265.9326171875	0.0000000000	66.6495915787	53.6156739869
11	26	3014400843069910159	13586848843206904846	10180100413327425034	10629516464631623440	-6265.9716796875	0.0000000000	71.8417756344	44.3168214242
5	20	400865686854966429	15045896547175014149	617239999911065687	12202786945549840128	-6266.3583984375	0.0000000000	83.2123778208	54.6371118083
10	48	10647909296076280839	16468351384395117018	5510280545322145166	14958088169806233713	-6266.3940429688	0.0000000000	73.2707705528	11.7706324769
19	46	1951058302206518847	18162896272049765510	702778287252279628	8892720565890214922	-6266.4907226562	0.0000000000	56.9587943900	14.4785362000
24	39	4507307458106498086	5085874584416179516	2699417587980246280	13369672767815439289	-6266.8959960938	0.0000000000	49.9354877147	26.4072484701
2	43	12368598152062035838	13150936435615904820	14945450076895869888	16805381851959874129	-6266.9658203125	0.0000000000	92.0109812861	18.7989396932
3	46	1824801473999038781	18162896272049765510	1394178898975679754	5164619883324727948	-6266.9931640625	0.0000000000	90.1481281747	14.9809776063
30	7	2453815681683307041	4035451743491366184	6164684985716556987	18085758213893198100	-6267.0219726562	0.0000000000	41.3741646106	79.1922047073
27	54	8797034359378533445	18225237726290923403	8604261619338214145	18225237726290923403	-6267.3154296875	0.0000000000	45.3692084519	0.0557037106
5	44	400865686854966429	11252735991028366504	12636354261772906379	17017770944679913114	-6267.4843750000	0.0000000000	84.3383543833	17.6781960683
6	17	8395721638934952659	10901976594871680934	10691404026749815685	18445797721687889613	-6267.7534179688	0.0000000000	84.2702746189	62.7482463545
47	10	4299207398531012478	10647909296076280839	12236028377316982641	16760103792433249890	-6267.8466796875	0.0000000000	15.3264866884	74.7234072715
7	39	4035451743491366184	5085874584416179516	3897234537966568704	5277089984092295127	-6267.8798828125	0.0000000000	80.0501148636	27.3911351888
41	43	12065429013071856360	13150936435615904820	4558009607296702581	14454929040143119335	-6267.8916015625	0.0000000000	22.2252849629	19.7247209432
7	45	4035451743491366184	9811863530185099306	15036693986654445025	17920798789860886725	-6267.9052734375	0.0000000000	80.0755054886	17.5626178354
1	44	1003474530184899753	11252735991028366504	15699228393766888985	16913617770433025578	-6267.9375000000	0.0000000000	94.4881520346	18.1313210683
30	24	2453815681683307041	4507307458106498086	221272605907486964	4879069492707098699	-6268.0488281250	0.0000000000	42.4010200793	51.0883197459
39	28	5085874584416179516	7184783928487134827	14262940371096985703	17285871828547220723	-6268.1215820312	0.0000000000	27.6328344076	44.3621718114
38	27	6733135408595255315	8797034359378533445	15505988962068651886	16883497619550945961	-6268.1572265625	0.0000000000	30.4929769319	46.2110053269
11	53	3014400843069910159	11973000412733658697	4016173498310519897	7364254754268383645	-6268.3007812500	0.0000000000	74.1708771969	4.7215472243
3	41	1824801473999038781	12065429013071856360	572307853659587501	8981627853131373916	-6268.4272460938	0.0000000000	91.5822102059	22.7609294941
15	22	11764746872706139310	14095314857813469349	715907826200646734	5509321590117646983	-6268.4653320312	0.0000000000	66.8179724329	56.0023802910
10	53	10647909296076280839	11973000412733658697	13482844988571948420	17685917929784041097	-6268.7548828125	0.0000000000	75.6316103965	5.1756487868
4	46	10030869934610250162	18162896272049765510	3163833965309494615	15835944968372170841	-6268.9409179688	0.0000000000	88.7693981553	16.9287315125
27	46	8797034359378533445	18162896272049765510	3041205779649730329	14628132942784652666	-6268.9482421875	0.0000000000	47.0020209519	16.9360557313
11	22	3014400843069910159	14095314857813469349	9651427652351835326	16529203296348113067	-6268.9667968750	0.0000000000	74.8368928219	56.5038451348
6	45	8395721638934952659	9811863530185099306	8742912573088249410	17920798789860886725	-6269.0527343750	0.0000000000	85.5695910252	18.7100787729
11	50	3014400843069910159	13749690989139397258	1411458870317364447	15125724617078790417	-6269.0649414062	0.0000000000	74.9350373532	11.0799623817
7	33	4035451743491366184	6576157680456774869	5796111663608848666	10202167225514247295	-6269.1225585938	0.0000000000	81.2927906448	40.1754591503
2	20	12368598152062035838	15045896547175014149	7973986292369149712	11055714428170720772	-6269.1386718750	0.0000000000	94.1838328486	57.4173852458
1	49	1003474530184899753	17127396999717919807	689822287538585824	10592860361273113159	-6269.1748046875	0.0000000000	95.7254567221	12.8289446948
14	20	10370296548701631185	15045896547175014149	8004220281187636418	10821962662614958429	-6269.2612304688	0.0000000000	68.5451991811	57.5399438396
24	44	4507307458106498086	11252735991028366504	1578958109924429084	14021973686609212846	-6269.5786132812	0.0000000000	52.6181049022	19.7724343496
24	33	4507307458106498086	6576157680456774869	10202167225514247295	10243796051315732712	-6269.6484375000	0.0000000000	52.6879291209	40.7013380566
0	54	4486680833199316427	18225237726290923403	14907813886392948632	18225237726290923403	-6269.7348632812	0.0000000000	102.5013350645	2.4751373043
30	17	2453815681683307041	10901976594871680934	757028248102201769	3778957256021374568	-6270.0117187500	0.0000000000	44.3639107043	65.0065471357
53	9	11973000412733658697	15168955154244634497	2267494697757345651	3585534004291758371	-6270.1015625000	0.0000000000	6.5223284743	78.8339976575
22	46	14095314857813469349	18162896272049765510	2993515417349906772	11646528427956050432	-6270.1806640625	0.0000000000	57.7177123223	18.1684776063
14	26	10370296548701631185	13586848843206904846	11411651007339918895	13087890630986083696	-6270.2319335938	0.0000000000	69.5159023061	48.5770753305
19	54	1951058302206518847	18225237726290923403	12842522294863700105	18421075596299651090	-6270.3461914062	0.0000000000	60.8142631400	3.0864654293
41	26	12065429013071856360	13586848843206904846	506088291442002160	16026705617869977726	-6270.4272460938	0.0000000000	24.7609294941	48.7723878305
28	15	7184783928487134827	11764746872706139310	5958030697358635338	18219626231112255294	-6270.4345703125	0.0000000000	46.6751600927	68.7872107141
27	18	8797034359378533445	9716062930587852222	1770830418802148764	2612720976433662829	-6270.5522460938	0.0000000000	48.6060248581	65.0218793455
41	9	12065429013071856360	15168955154244634497	2068417479167285490	4188970648613235827	-6270.7778320312	0.0000000000	25.1115154316	79.5102671887
24	10	4507307458106498086	10647909296076280839	698369225756714498	15658806152902921262	-6270.8276367188	0.0000000000	53.8671283397	77.7043643028
13	44	6967721170451395993	11252735991028366504	2290980370297539812	3002805567798208015	-6270.9311523438	0.0000000000	71.6481267350	21.1249734121
36	17	9611614326086648347	10901976594871680934	5592486518273140745	5599323233962184127	-6271.0498046875	0.0000000000	35.4332398141	66.0446330732
30	38	2453815681683307041	6733135408595255315	5927047827710528944	12020322839693118962	-6271.2387695312	0.0000000000	45.5909614856	33.5745199006
27	40	8797034359378533445	8807412603912768031	5970555709238604150	8425901809532538645	-6271.3383789062	0.0000000000	49.3921576706	28.4685116737
16	21	8734085401787823863	12512665348523024409	8495556104576642883	17470878891189323841	-6271.4492187500	0.0000000000	67.0107307058	59.1322755494
19	32	1951058302206518847	2183215208754432378	2044492211723875979	5860188888106128641	-6271.4536132812	0.0000000000	61.9216850150	42.5208274451
18	49	9716062930587852222	17127396999717919807	231090570329885729	6058171080550781512	-6271.4819335938	0.0000000000	65.9515668455	15.1360736011
0	46	4486680833199316427	18162896272049765510	11129407806603214746	15648399843682055114	-6271.5229492188	0.0000000000	104.2894210020	19.5107627625
11	44	3014400843069910159	11252735991028366504	4107589298281650830	6774830451969924670	-6271.5302734375	0.0000000000	77.4003693844	21.7240945058
11	27	3014400843069910159	8797034359378533445	9972190482467109937	15646017105218124395	-6271.5429687500	0.0000000000	77.4130646969	49.5967475144
16	41	8734085401787823863	12065429013071856360	7858900983896845218	8545641152954667144	-6271.5693359375	0.0000000000	67.1308478933	25.9030193379
55	46	12130167897450210765	18162896272049765510	8662079423100445583	12130167897450210765	-6271.6157226562	0.0000000000	0.2270826158	19.6035362000
44	9	11252735991028366504	15168955154244634497	4126709136271462301	9999730777245686906	-6271.6777343750	0.0000000000	21.8715554433	80.4101695325
40	54	8807412603912768031	18225237726290923403	16028656700180897918	18421075596299651090	-6271.8632812500	0.0000000000	28.9934140174	4.6035552731
36	21	9611614326086648347	12512665348523024409	2301206843929788473	13371265133829508745	-6271.9223632812	0.0000000000	36.3057984078	59.6054200806
31	18	7359509944410812612	9716062930587852222	8198189639592872137	16662933107963200615	-6271.9462890625	0.0000000000	44.8553973378	66.4159223143
18	46	9716062930587852222	18162896272049765510	1775688904925020867	7394758719979638321	-6271.9526367188	0.0000000000	66.4222699705	19.9404502625
27	41	8797034359378533445	12065429013071856360	5535791632209439435	11197589630940317049	-6272.0483398438	0.0000000000	50.1021186081	26.3820232441
55	2	12130167897450210765	12368598152062035838	890133215978663603	12130167897450210765	-6272.1323242188	0.0000000000	0.7436841783	97.1774851923
27	10	8797034359378533445	10647909296076280839	10073694427059988342	11148410200071245361	-6272.1992187500	0.0000000000	50.2529975144	79.0759463340
11	29	3014400843069910159	16635774903079397922	10049785289212564585	17771676788163163178	-6272.2900390625	0.0000000000	78.1601350094	48.1243947474
19	40	1951058302206518847	8807412603912768031	12095206807516138443	12842522294863700105	-6272.3071289062	0.0000000000	62.7752006400	29.4372616737
9	49	15168955154244634497	17127396999717919807	11591007167740251265	14422530734787761239	-6272.4228515625	0.0000000000	81.1552867200	16.0769915698
49	46	17127396999717919807	18162896272049765510	1484021725325051174	11692726959009032693	-6272.5048828125	0.0000000000	16.1590228198	20.4926963563
28	44	7184783928487134827	11252735991028366504	9345266935527327473	14461480921177573410	-6272.6430664062	0.0000000000	48.8836561864	22.8368874746
26	49	13586848843206904846	17127396999717919807	2626704830243588377	8634461033259086203	-6272.7709960938	0.0000000000	51.1161378305	16.4251361011
43	26	13150936435615904820	13586848843206904846	4923876043314206593	8634461033259086203	-6272.7709960938	0.0000000000	24.6041154745	51.1161378305
30	27	2453815681683307041	8797034359378533445	2188314250006196361	16255598035360408233	-6272.8261718750	0.0000000000	47.1783638293	50.8799506394
12	20	1130588334984313667	15045896547175014149	4908519045925022745	10372154808009382674	-6272.8720703125	0.0000000000	74.4887580758	61.1507836833
7	43	4035451743491366184	13150936435615904820	6496313685161524573	17048546299538137944	-6272.9384765625	0.0000000000	85.1087086136	24.7715959432
16	54	8734085401787823863	18225237726290923403	12972401661520528222	13803764744618927334	-6272.9565429688	0.0000000000	68.5180549246	5.6968169918
4	37	10030869934610250162	10402685666058560611	2712203735946254057	14867229261522554823	-6273.0175781250	0.0000000000	92.8460583116	36.2800819273
46	54	18162896272049765510	18225237726290923403	11978962945921703517	13803764744618927334	-6273.0722656250	0.0000000000	21.0600791688	5.8125396481
30	44	2453815681683307041	11252735991028366504	243466164193425064	4460645635533340403	-6273.2583007812	0.0000000000	47.6104927356	23.4521218496
39	27	5085874584416179516	8797034359378533445	13030083240114356581	13288682484771584284	-6273.2724609375	0.0000000000	32.7837133138	51.3262397019
36	9	9611614326086648347	15168955154244634497	4928951679161857728	10815063067068100264	-6273.3974609375	0.0000000000	37.7808960641	82.1298960950
25	23	8810458188350850335	13505882762685108858	5354306165260438082	8539450818234852169	-6273.7763671875	0.0000000000	52.8307702746	60.8027296149
37	9	10402685666058560611	15168955154244634497	10369631288351959517	11452213183447676369	-6273.8081054688	0.0000000000	37.0706092710	82.5405406262
38	13	6733135408595255315	6967721170451395993	8989536204660241187	13608324650951662089	-6273.8120117188	0.0000000000	36.1477620881	74.5289861100
30	36	2453815681683307041	9611614326086648347	10211033624329485916	15982763161884995333	-6273.9160156250	0.0000000000	48.2682075793	38.2994507516
25	49	8810458188350850335	17127396999717919807	1174773100852231367	17001063580525322690	-6273.9433593750	0.0000000000	52.9977624621	17.5974993823
4	49	10030869934610250162	17127396999717919807	14588047202825708020	17682663141338519621	-6274.0610351562	0.0000000000	93.8895153428	17.7151751636
21	49	12512665348523024409	17127396999717919807	8727015111862732128	13602079012152859908	-6274.2773437500	0.0000000000	61.9604005494	17.9314837573
56	46	2999918506620049079	18162896272049765510	1958356599119578593	9283942978257560167	-6274.4277343750	0.0000000000	0.9513969457	22.4155479188
11	45	3014400843069910159	9811863530185099306	15566040280577816231	17244683805559270057	-6274.4516601562	0.0000000000	80.3217561032	24.1090045541
32	55	2183215208754432378	12130167897450210765	4381084779941030167	13952729192190617794	-6274.4697265625	0.0000000000	45.5369407264	3.0810865221
0	49	4486680833199316427	17127396999717919807	5281211176086649907	17421596983946426585	-6274.6049804688	0.0000000000	107.3714522520	18.2591204761
12	38	1130588334984313667	6733135408595255315	11926470560123987026	16549209431935781801	-6274.6616210938	0.0000000000	76.2783088571	36.9973714631
12	53	1130588334984313667	11973000412733658697	3242945788531112108	11569562164166465997	-6274.7270507812	0.0000000000	76.3437385446	11.1478167556
55	22	12130167897450210765	14095314857813469349	4381084779941030167	13355757078627768287	-6274.7597656250	0.0000000000	3.3711255846	62.2968138848
5	23	400865686854966429	13505882762685108858	16020196811438716740	18391372884500867038	-6274.7880859375	0.0000000000	91.6420653208	61.8144483649
28	16	7184783928487134827	8734085401787823863	13067110855664794586	17622132505907101135	-6274.8320312500	0.0000000000	51.0726210302	70.3935432058
7	54	4035451743491366184	18225237726290923403	3130651178442939307	7784812122637638770	-6274.9057617188	0.0000000000	87.0759937698	7.6460357418
39	13	5085874584416179516	6967721170451395993	7401204746840748249	15933468666263080027	-6275.0034179688	0.0000000000	34.5146703451	75.7203923600
13	53	6967721170451395993	11973000412733658697	6126450340730764848	11973000412733658697	-6275.0615234375	0.0000000000	75.7784978287	11.4822894118
1	48	1003474530184899753	16468351384395117018	4494575366572660780	16518386976226990480	-6275.1513671875	0.0000000000	101.7020192221	20.5279566956
52	22	7715203069063406350	14095314857813469349	5899952530811311610	11116791778467146809	-6275.1967773438	0.0000000000	13.7949513350	62.7338256035
32	16	2183215208754432378	8734085401787823863	11733121870183361144	17073334076932997840	-6275.3002929688	0.0000000000	46.3675071326	70.8618049246
29	46	16635774903079397922	18162896272049765510	7655681003702885432	10707753566677811803	-6275.3510742188	0.0000000000	51.1854299036	23.3388877625
18	29	9716062930587852222	16635774903079397922	484652816790009362	2236722794222651863	-6275.3964843750	0.0000000000	69.8661176268	51.2308400599
15	26	11764746872706139310	13586848843206904846	5779885325434411603	8238530359346361069	-6275.4165039062	0.0000000000	73.7691443079	53.7616456430
35	9	4561077847438262461	15168955154244634497	2697765205744402548	7154139091626506786	-6275.5468750000	0.0000000000	44.5652677283	84.2793101575
35	20	4561077847438262461	15045896547175014149	2697765205744402548	10754416412222262070	-6275.5468750000	0.0000000000	44.5652677283	63.8255883708
1	56	1003474530184899753	2999918506620049079	6542706625500754523	10690134220376229669	-6275.6655273438	0.0000000000	102.2161793784	2.1891899145
43	23	13150936435615904820	13505882762685108858	2951515678292890774	6822055222622255016	-6275.6831054688	0.0000000000	27.5162248495	62.7094678962
3	35	1824801473999038781	4561077847438262461	4563001918311173542	15142175478975738341	-6275.7324218750	0.0000000000	98.8873859872	44.7508146033
56	45	2999918506620049079	9811863530185099306	8343928463012341556	9283942978257560167	-6275.7949218750	0.0000000000	2.3185844457	25.4522662729
4	41	10030869934610250162	12065429013071856360	9698586442673826965	14831647758603592120	-6275.9628906250	0.0000000000	95.7913708116	30.2965740254
24	54	4507307458106498086	18225237726290923403	980537402843927503	15196014599523201968	-6275.9785156250	0.0000000000	59.0180072459	8.7187896481
16	43	8734085401787823863	13150936435615904820	6119806804809268653	13068087182181377897	-6276.0649414062	0.0000000000	71.6264533621	27.8980607870
27	49	8797034359378533445	17127396999717919807	3138520885030141819	4605506366651638162	-6276.2573242188	0.0000000000	54.3111029831	19.9114642261
24	41	4507307458106498086	12065429013071856360	609692172946170881	14097785014316894738	-6276.3842773438	0.0000000000	59.4237689647	30.7179607441
0	55	4486680833199316427	12130167897450210765	12019735878168196015	14618626817146355732	-6276.6606445312	0.0000000000	109.4271163145	5.2720044908
11	55	3014400843069910159	12130167897450210765	3602975833990587945	14618626817146355732	-6276.6606445312	0.0000000000	82.5307404782	5.2720044908
56	11	2999918506620049079	3014400843069910159	3221887052825204876	6542706625500754523	-6276.7294921875	0.0000000000	3.2531547582	82.5995881344
40	29	8807412603912768031	16635774903079397922	3105391685422947359	16254947506259069082	-6276.8173828125	0.0000000000	33.9475155799	52.6517384974
35	18	4561077847438262461	9716062930587852222	17426571366857525458	17512702348454046020	-6276.8779296875	0.0000000000	45.8963224158	71.3475629393
19	43	1951058302206518847	13150936435615904820	15251526530478115350	17937946226918508467	-6277.0209960938	0.0000000000	67.4890678275	28.8541154745
32	22	2183215208754432378	14095314857813469349	50510692410456885	8922826726548852333	-6277.0312500000	0.0000000000	48.0984641639	64.5682982598
12	49	1130588334984313667	17127396999717919807	2918131026659968509	3037051102601027495	-6277.0595703125	0.0000000000	78.6762580758	20.7137103198
56	13	2999918506620049079	6967721170451395993	2999918506620049079	12007076219131528423	-6277.0854492188	0.0000000000	3.6091117895	77.8024236100
3	28	1824801473999038781	7184783928487134827	492662094002133946	17722445228242762323	-6277.1406250000	0.0000000000	100.2955891122	53.3812147802
10	55	10647909296076280839	12130167897450210765	17233425852029469448	17571772730793281441	-6277.1611328125	0.0000000000	84.0378603965	5.7724927721
25	36	8810458188350850335	9611614326086648347	6966577881216013159	9098588609496790105	-6277.2534179688	0.0000000000	56.3078210559	41.6368530953
25	46	8810458188350850335	18162896272049765510	7663641351974097289	9098588609496790105	-6277.2534179688	0.0000000000	56.3078210559	25.2412315125
40	46	8807412603912768031	18162896272049765510	9463645470564447439	12931486677422439093	-6277.2573242188	0.0000000000	34.3874569862	25.2451377625
3	34	1824801473999038781	2052468541041058701	3871800903618658543	7916469617327211927	-6277.3193359375	0.0000000000	100.4743000497	47.3426972473
1	51	1003474530184899753	11554222005007951863	2630192104262805733	18306499952866942913	-6277.3920898438	0.0000000000	103.9427418784	17.5417466521
7	23	4035451743491366184	13505882762685108858	190689317520586252	4178071059291069683	-6277.4106445312	0.0000000000	89.5808765823	64.4370069587
1	54	1003474530184899753	18225237726290923403	889806260020471817	3658895753105107511	-6277.4726562500	0.0000000000	104.0233082846	10.2129302731
36	57	9611614326086648347	10847976279630373510	9409699555881602669	10847976279630373510	-6277.5952148438	0.0000000000	41.9786499703	0.3525527101
33	55	6576157680456774869	12130167897450210765	13133230302250486392	14161071347365079345	-6277.7299804688	0.0000000000	48.7828810253	6.3413404283
11	54	3014400843069910159	18225237726290923403	1666442581381641709	9366744340055227299	-6277.8046875000	0.0000000000	83.6747834469	10.5449615231
52	2	7715203069063406350	12368598152062035838	5178242960202649486	14792575095961714363	-6277.9165039062	0.0000000000	16.5146778975	102.9616648798
12	55	1130588334984313667	12130167897450210765	5578727131871583420	14618626817146355732	-6277.9404296875	0.0000000000	79.5571174508	6.5517896471
3	44	1824801473999038781	11252735991028366504	8150186155739701896	16412440663023756181	-6278.1093750000	0.0000000000	101.2643391122	28.3031960683
0	53	4486680833199316427	11973000412733658697	3055679346861667204	9336026774189425022	-6278.3271484375	0.0000000000	111.0936202208	14.7479144118
19	41	1951058302206518847	12065429013071856360	3861396269603642719	9114875691640285865	-6278.3461914062	0.0000000000	68.8142631400	32.6798748066
24	49	4507307458106498086	17127396999717919807	8692646453390891008	14917367293319533380	-6278.4594726562	0.0000000000	61.4989642772	22.1136126636
11	38	3014400843069910159	6733135408595255315	12525487438471165973	18220544776621209230	-6278.6958007812	0.0000000000	84.5658967282	41.0315511506
43	20	13150936435615904820	15045896547175014149	4928751405445679414	12922518737288462811	-6278.6972656250	0.0000000000	30.5303850057	66.9759789958
1	55	1003474530184899753	12130167897450210765	5045835670287347909	13020111029009337237	-6278.8681640625	0.0000000000	105.4188160971	7.4795240221
26	54	13586848843206904846	18225237726290923403	2636058692092897957	15196014599523201968	-6278.8803710938	0.0000000000	57.2255128305	11.6206451168
10	26	10647909296076280839	13586848843206904846	5916220193629825263	10238594348007028875	-6278.9482421875	0.0000000000	85.8249697715	57.2933839242
19	55	1951058302206518847	12130167897450210765	2561284669738996885	3298245687070980277	-6278.9697265625	0.0000000000	69.4377982963	7.5810865221
14	41	10370296548701631185	12065429013071856360	1930184013308120110	5899344567955701072	-6279.1728515625	0.0000000000	78.4568202748	33.5065349629
31	2	7359509944410812612	12368598152062035838	6662065041015945129	10482598055083907418	-6279.1992187500	0.0000000000	52.1083270253	104.2443797236
57	53	10847976279630373510	11973000412733658697	10847976279630373510	12027322334738560405	-6279.2211914062	0.0000000000	1.9785292726	15.6419573806
56	16	2999918506620049079	8734085401787823863	188991670061190035	11513428438827472361	-6279.2568359375	0.0000000000	5.7804985082	74.8183478933
27	43	8797034359378533445	13150936435615904820	330758594981100287	3263848159221130983	-6279.2617187500	0.0000000000	57.3154975144	31.0948381307
12	42	1130588334984313667	2973831986525992917	1039855970777099963	13288925472282080024	-6279.2709960938	0.0000000000	80.8876838571	31.7428057401
55	9	12130167897450210765	15168955154244634497	4462226638678235440	13020111029009337237	-6279.2988281250	0.0000000000	7.9101880846	88.0312632825
24	46	4507307458106498086	18162896272049765510	3977661110212752587	16282629898243640386	-6279.2998046875	0.0000000000	62.3392963084	27.2876182313
14	21	10370296548701631185	12512665348523024409	967843542798887951	18249211739804200713	-6279.4111328125	0.0000000000	78.6951015248	67.0941896119
47	37	4299207398531012478	10402685666058560611	4025647220639350653	7172849803898907392	-6279.5180664062	0.0000000000	26.9978734071	42.7805702085
13	37	6967721170451395993	10402685666058560611	5437615153775949110	12106291436910448563	-6279.5219726562	0.0000000000	80.2389470475	42.7844764585
22	20	14095314857813469349	15045896547175014149	6409439710284804667	6802238916219472019	-6279.5429687500	0.0000000000	67.0800170098	67.8216821208
11	28	3014400843069910159	7184783928487134827	4155975735435491129	11189329957707669919	-6279.5639648438	0.0000000000	85.4340607907	55.8045546239
7	46	4035451743491366184	18162896272049765510	1091616013248547838	11529002262686906742	-6279.5649414062	0.0000000000	91.7351734573	27.5527549500
52	18	7715203069063406350	9716062930587852222	5520969005903716081	18152675412549816871	-6279.5830078125	0.0000000000	18.1811818038	74.0526410643
11	57	3014400843069910159	10847976279630373510	10463307740463038030	16027460314497039243	-6279.5986328125	0.0000000000	85.4687287594	2.3559706789
25	54	8810458188350850335	18225237726290923403	4280598980382321545	8175795932149113462	-6279.6030273438	0.0000000000	58.6574304309	12.3433013668
52	17	7715203069063406350	10901976594871680934	5178242960202649486	8086538958165652920	-6279.6147460938	0.0000000000	18.2129200850	74.6095744795
6	41	8395721638934952659	12065429013071856360	4191152320687714673	7834891992692244535	-6279.6416015625	0.0000000000	96.1584582127	33.9752849629
11	52	3014400843069910159	7715203069063406350	10768777089590036245	17791802119933906000	-6279.8364257812	0.0000000000	85.7065217282	18.4345997725
11	24	3014400843069910159	4507307458106498086	794615036543611458	6037415181173305769	-6280.0336914062	0.0000000000	85.9037873532	63.0731830272
28	10	7184783928487134827	10647909296076280839	1155426086033412495	4456790680176827411	-6280.0380859375	0.0000000000	56.2786757177	86.9148135215
3	52	1824801473999038781	7715203069063406350	13896142127479248804	17791802119933906000	-6280.1337890625	0.0000000000	103.2887531747	18.7319630538
56	33	2999918506620049079	6576157680456774869	3729517234152916241	9997317785884371103	-6280.1894531250	0.0000000000	6.7131156957	51.2423536816
30	43	2453815681683307041	13150936435615904820	3858151369890801462	10978568074240565283	-6280.2636718750	0.0000000000	54.6158638293	32.0967912557
34	16	2052468541041058701	8734085401787823863	11416381808067417415	11636569079451226828	-6280.3554687500	0.0000000000	50.3788300598	75.9169807058
33	9	6576157680456774869	15168955154244634497	1752394034808766569	18400272298690218615	-6280.3925781250	0.0000000000	51.4454786816	89.1250132825
37	43	10402685666058560611	13150936435615904820	2985942461938901420	8604560952463697195	-6280.4580078125	0.0000000000	43.7205116148	32.2911271932
17	48	10901976594871680934	16468351384395117018	3366716852844302522	10561863113166117881	-6280.4975585938	0.0000000000	75.4923869795	25.8741481019
13	45	6967721170451395993	9811863530185099306	8320431918451065039	8343928463012341556	-6280.5073242188	0.0000000000	81.2242986100	30.1646686166
12	56	1130588334984313667	2999918506620049079	9526652782236893693	14136091100918072345	-6280.5454101562	0.0000000000	82.1620979196	7.0690727270
16	20	8734085401787823863	15045896547175014149	4697316779342668748	11380680189950188670	-6280.7211914062	0.0000000000	76.2827033621	68.9999047771
3	57	1824801473999038781	10847976279630373510	15446416565303073716	16574258179047355588	-6280.8867187500	0.0000000000	104.0416828622	3.6440566164
3	55	1824801473999038781	12130167897450210765	1718321634765291956	14644260766461493645	-6280.9604492188	0.0000000000	104.1154133309	9.5718091783
7	52	4035451743491366184	7715203069063406350	1103211391840241334	5960396175333909483	-6281.1035156250	0.0000000000	93.2737476761	19.7016896163
24	18	4507307458106498086	9716062930587852222	6514650522411860079	8174206393298960280	-6281.1708984375	0.0000000000	64.2103900584	75.6405316893
57	46	10847976279630373510	18162896272049765510	13720682993054588691	16574258179047355588	-6281.1821289062	0.0000000000	3.9394667726	29.1699424500
36	14	9611614326086648347	10370296548701631185	14047509760988973701	14277556953491321513	-6281.2001953125	0.0000000000	45.5836304391	80.4841640248
57	2	10847976279630373510	12368598152062035838	1997506574096960415	10847976279630373510	-6281.3071289062	0.0000000000	4.0644667726	106.3522898798
1	47	1003474530184899753	4299207398531012478	15052567386757304641	15944881863864362713	-6281.4565429688	0.0000000000	108.0071950034	28.9363499696
44	21	11252735991028366504	12512665348523024409	8689694144186619147	16272745809555665644	-6281.6103515625	0.0000000000	31.8041726308	69.2934083619
14	53	10370296548701631185	11973000412733658697	301707510122803395	13271446396767036834	-6281.6469726562	0.0000000000	80.9309413686	18.0677386306
42	16	2973831986525992917	8734085401787823863	10756385666108027186	11489129411969941724	-6281.7060546875	0.0000000000	34.1778643338	77.2675666433
42	25	2973831986525992917	8810458188350850335	5023800260690577837	10756385666108027186	-6281.7060546875	0.0000000000	34.1778643338	60.7604577746
34	2	2052468541041058701	12368598152062035838	4137177217338863599	18095658654962379703	-6281.7187500000	0.0000000000	51.7421113098	106.7639109736
27	15	8797034359378533445	11764746872706139310	1089298337413265172	16382174165548315009	-6281.7236328125	0.0000000000	59.7774115769	80.0762732141
5	46	400865686854966429	18162896272049765510	7067258498330864227	13686666440818117716	-6281.7436523438	0.0000000000	98.5976317270	29.7314658875
18	43	9716062930587852222	13150936435615904820	53978985139868173	11086188952789810345	-6281.8369140625	0.0000000000	76.3065473143	33.6700334432
31	10	7359509944410812612	10647909296076280839	8364374708653286568	12644443612796855722	-6282.1118164062	0.0000000000	55.0209246815	88.9885439903
19	56	1951058302206518847	2999918506620049079	6983203390775419781	13984694968893394387	-6282.2646484375	0.0000000000	72.7327201713	8.7883110082
8	28	2567673090136276702	7184783928487134827	5470046554219546309	17586370489211302406	-6282.2934570312	0.0000000000	91.1492488548	58.5340468114
6	55	8395721638934952659	12130167897450210765	12791559235836640283	14644260766461493645	-6282.3354492188	0.0000000000	98.8523058689	10.9468091783
18	20	9716062930587852222	15045896547175014149	10703213959524382763	18431199197462570611	-6282.4218750000	0.0000000000	76.8915082518	70.7005883708
10	54	10647909296076280839	18225237726290923403	12455050890412212216	18035599954998476892	-6282.5288085938	0.0000000000	89.4055361778	15.2690826168
42	24	2973831986525992917	4507307458106498086	10756385666108027186	16403677884191835517	-6282.5292968750	0.0000000000	35.0011065213	65.5687884959
6	46	8395721638934952659	18162896272049765510	12204150824067543034	14865508748962281374	-6282.5439453125	0.0000000000	99.0608019627	30.5317588563
16	36	8734085401787823863	9611614326086648347	778113315991726378	6278440244849670234	-6282.5898437500	0.0000000000	78.1513557058	46.9732788766
2	54	12368598152062035838	18225237726290923403	3470837733320696479	13644414240242000272	-6282.6308593750	0.0000000000	107.6760203486	15.3711333981
42	46	2973831986525992917	18162896272049765510	2498498021019077808	17982748572430500174	-6282.6582031250	0.0000000000	35.1300127713	30.6460166688
27	20	8797034359378533445	15045896547175014149	4697316779342668748	5726716900396349712	-6282.7338867188	0.0000000000	60.7876654831	71.0126000896
45	46	9811863530185099306	18162896272049765510	10564614742477741940	12262896953690793881	-6282.7568359375	0.0000000000	32.4141803354	30.7446494813
19	20	1951058302206518847	15045896547175014149	7011949579286272019	13006903044175689906	-6282.7958984375	0.0000000000	73.2639701713	71.0746118083
38	6	6733135408595255315	8395721638934952659	7651054347333281226	16636378907642970360	-6282.8535156250	0.0000000000	45.1892659944	99.3703722752
47	46	4299207398531012478	18162896272049765510	7975244461201225938	17948558798512683979	-6283.1098632812	0.0000000000	30.5896702821	31.0976768250
10	49	10647909296076280839	17127396999717919807	1463733643641602445	13029552087031585240	-6283.4589843750	0.0000000000	90.3357119590	27.1131243823
19	44	1951058302206518847	11252735991028366504	5363403321759655820	14976212613508181308	-6283.5029296875	0.0000000000	73.9710014213	33.6967507558
32	27	2183215208754432378	8797034359378533445	2408528649199049649	12390227405320279099	-6283.5156250000	0.0000000000	54.5828391639	61.5694037644
1	50	1003474530184899753	13749690989139397258	10334454996082035440	18213752518149666175	-6283.5166015625	0.0000000000	110.0672535971	25.5316225379
31	43	7359509944410812612	13150936435615904820	14234358287091070200	16397911572006333914	-6283.5747070312	0.0000000000	56.4838153065	35.4078264120
28	49	7184783928487134827	17127396999717919807	868600779486332060	10024595455801125410	-6283.5966796875	0.0000000000	59.8372694677	27.2508196948
37	50	10402685666058560611	13749690989139397258	428903673440147855	3154321925607010982	-6283.6640625000	0.0000000000	46.9265663023	25.6790834754
47	14	4299207398531012478	10370296548701631185	1071547732668917075	18257329247992586480	-6283.6918945312	0.0000000000	31.1717015321	82.9758632436
1	57	1003474530184899753	10847976279630373510	1195261025037918981	4055910751262425470	-6283.7216796875	0.0000000000	110.2723317221	6.4790175539
3	56	1824801473999038781	2999918506620049079	3299713465290777658	15909263173835383501	-6283.7783203125	0.0000000000	106.9332844247	10.3019828832
41	21	12065429013071856360	12512665348523024409	1066710406194679234	9141204816556873444	-6283.8027343750	0.0000000000	38.1364177754	71.4857911744
56	2	2999918506620049079	12368598152062035838	2312846356111963471	6330597127075454755	-6283.8129882812	0.0000000000	10.3366508520	108.8581492548
56	14	2999918506620049079	10370296548701631185	2312846356111963471	3012465760482353448	-6283.8129882812	0.0000000000	10.3366508520	83.0969569936
53	22	11973000412733658697	14095314857813469349	5719712544946650354	18100608280892542646	-6283.8769531250	0.0000000000	20.2977190993	71.4140013848
56	27	2999918506620049079	8797034359378533445	2312846356111963471	9909863631448871951	-6283.9687500000	0.0000000000	10.4924125707	62.0225287644
7	44	4035451743491366184	11252735991028366504	6237108942810277498	15681652329519852936	-6284.0034179688	0.0000000000	96.1736500198	34.1972390371
44	46	11252735991028366504	18162896272049765510	10013770611062792601	13770190344858036181	-6284.0854492188	0.0000000000	34.2792702871	32.0732627625
47	21	4299207398531012478	12512665348523024409	14015812562704723987	17203941495967362834	-6284.3188476562	0.0000000000	31.7986546571	72.0019044556
47	4	4299207398531012478	10030869934610250162	11152046347651028437	15052567386757304641	-6284.4130859375	0.0000000000	31.8928929384	104.2415661241
24	21	4507307458106498086	12512665348523024409	10412253582171188820	15237959725797234932	-6284.4311523438	0.0000000000	67.4706439647	72.1142091431
30	53	2453815681683307041	11973000412733658697	6703189987910236072	13791237876724881391	-6284.4785156250	0.0000000000	58.8307075793	20.8992815993
0	57	4486680833199316427	10847976279630373510	4532675189493899049	4654718209474641092	-6284.6860351562	0.0000000000	117.4525069395	7.4433730226
47	9	4299207398531012478	15168955154244634497	11870956415263251630	17948558798512683979	-6284.7998046875	0.0000000000	32.2796116884	93.5322398450
12	37	1130588334984313667	10402685666058560611	6584397766393573897	7178122968778560118	-6284.9672851562	0.0000000000	86.5839729196	48.2297889585
52	10	7715203069063406350	10647909296076280839	5520969005903716081	9574867560823186659	-6285.0942382812	0.0000000000	23.6924122725	91.9709658653
56	29	2999918506620049079	16635774903079397922	109037682892142725	1049007684653934935	-6285.1674804688	0.0000000000	11.6911430395	61.0018361536
30	8	2453815681683307041	2567673090136276702	4200671440075180084	9154211387994409540	-6285.1831054688	0.0000000000	59.5352974231	94.0388972923
56	4	2999918506620049079	10030869934610250162	485292862734632800	16133655293181210217	-6285.2084960938	0.0000000000	11.7321586645	105.0369762803
9	48	15168955154244634497	16468351384395117018	2323381890933659496	13782017885127442775	-6285.4711914062	0.0000000000	94.2036265637	30.8477809144
19	21	1951058302206518847	12512665348523024409	1154269194652118118	14933366575441087591	-6285.6381835938	0.0000000000	76.1062553275	73.3212403931
56	54	2999918506620049079	18225237726290923403	7174889310777909638	12486621806196290720	-6285.6416015625	0.0000000000	12.1652641332	18.3818755856
19	53	1951058302206518847	11973000412733658697	6000820133914736350	10145105335783966494	-6285.8037109375	0.0000000000	76.2717826713	22.2244769118
14	50	10370296548701631185	13749690989139397258	8930670915546223401	9225304588145397699	-6286.0800781250	0.0000000000	85.3640468373	28.0950991004
2	48	12368598152062035838	16468351384395117018	9359766143052312801	12049349682032869107	-6286.1665039062	0.0000000000	111.2116648798	31.5430934144
4	55	10030869934610250162	12130167897450210765	4381084779941030167	5104652378352165868	-6286.3720703125	0.0000000000	106.2005504991	14.9834302721
51	9	11554222005007951863	15168955154244634497	130077789953589358	2289841845899847141	-6286.4072265625	0.0000000000	26.5568833708	95.1396617200
33	15	6576157680456774869	11764746872706139310	5326503844533526714	18020185755788178881	-6286.4101562500	0.0000000000	57.4630568066	84.7627966516
22	54	14095314857813469349	18225237726290923403	15942074169272523878	16487535965438457247	-6286.4306640625	0.0000000000	73.9677123223	19.1709380856
56	22	2999918506620049079	14095314857813469349	7837670847090817816	15942074169272523878	-6286.4306640625	0.0000000000	12.9543266332	73.9677123223
34	9	2052468541041058701	15168955154244634497	2118772595169877163	11145726704168823765	-6286.5170898438	0.0000000000	56.5404511536	95.2495250012
10	57	10647909296076280839	10847976279630373510	6754487542469402537	6875627281805993095	-6286.6162109375	0.0000000000	93.4929385215	9.3735488039
3	54	1824801473999038781	18225237726290923403	4621477764852781320	6384809476600086163	-6286.6816406250	0.0000000000	109.8366047372	19.4219146481
19	23	1951058302206518847	13505882762685108858	10434008662305756599	13660044877702218139	-6286.6855468750	0.0000000000	77.1536186088	73.7119093024
9	54	15168955154244634497	18225237726290923403	598173782582088064	16487535965438457247	-6286.7001953125	0.0000000000	95.4326304700	19.4404693356
33	36	6576157680456774869	9611614326086648347	2903168152428549896	15725954430358197310	-6286.7465820312	0.0000000000	57.7994825878	51.1300171578
56	9	2999918506620049079	15168955154244634497	2312846356111963471	13807925730255591076	-6286.8574218750	0.0000000000	13.3810844457	95.5898570325
8	13	2567673090136276702	6967721170451395993	3823638453042713953	12235955448797956936	-6286.8598632812	0.0000000000	95.7156551048	87.5768376725
24	40	4507307458106498086	8807412603912768031	8730133716008790098	9668235065155126484	-6287.0307617188	0.0000000000	70.0702533397	44.1608944862
48	46	16468351384395117018	18162896272049765510	3450807773852550922	12049349682032869107	-6287.0463867188	0.0000000000	32.4229762269	35.0342002625
32	14	2183215208754432378	10370296548701631185	2384166716743096313	8511822664360687365	-6287.0678710938	0.0000000000	58.1350852576	86.3518398061
50	9	13749690989139397258	15168955154244634497	1452385923202906734	5534875643257336691	-6287.0751953125	0.0000000000	29.0902162879	95.8076304700
28	46	7184783928487134827	18162896272049765510	1992380049569319741	5396388433350065909	-6287.0839843750	0.0000000000	63.3245741552	35.0717979188
28	43	7184783928487134827	13150936435615904820	4659439662638594828	10938835888737323322	-6287.1127929688	0.0000000000	63.3533827489	38.9459123495
4	54	10030869934610250162	18225237726290923403	6375324047283814144	18220044283911852831	-6287.2314453125	0.0000000000	107.0599254991	19.9717193356
19	45	1951058302206518847	9811863530185099306	1971822572420544461	7557205320726997432	-6287.3144531250	0.0000000000	77.7825248588	36.9717975229
12	41	1130588334984313667	12065429013071856360	4471519588339300158	17902763986863386246	-6287.5659179688	0.0000000000	89.1826057321	41.8996013691
43	22	13150936435615904820	14095314857813469349	14460753775156841514	14702228798956825233	-6287.6572265625	0.0000000000	39.4903459432	75.1942748223
19	36	1951058302206518847	9611614326086648347	2442510830959903218	7427349760733002124	-6287.6748046875	0.0000000000	78.1428764213	52.0582398141
13	54	6967721170451395993	18225237726290923403	13370677479451587798	17971899808330783044	-6287.7392578125	0.0000000000	88.4562322037	20.4795318356
33	10	6576157680456774869	10647909296076280839	3794854119055018017	9943135121356929652	-6287.7626953125	0.0000000000	58.8155958691	94.6394228965
12	58	1130588334984313667	7652984189360285993	12873694600403128639	15429942443779476089	-6287.7846679688	0.0000000000	89.4013557321	0.9548927737
31	21	7359509944410812612	12512665348523024409	3128819406564211099	14875826805152216193	-6287.8437500000	0.0000000000	60.7528582753	75.5268067994
26	46	13586848843206904846	18162896272049765510	13699476892604368202	18012693025712496838	-6287.8579101562	0.0000000000	66.2030518930	35.8457237000
45	2	9811863530185099306	12368598152062035838	6003522135700037060	13973456036906336769	-6287.9960937500	0.0000000000	37.6534381479	113.0412547236
0	58	4486680833199316427	7652984189360285993	8572513592603345386	12873694600403128639	-6287.9995117188	0.0000000000	120.7659835020	1.1697365237
51	2	11554222005007951863	12368598152062035838	1260062676116077217	17746233769969567364	-6288.0205078125	0.0000000000	28.1701646208	113.0656687861
13	58	6967721170451395993	7652984189360285993	4327601508619766187	12873694600403128639	-6288.1049804688	0.0000000000	88.8219548600	1.2752052737
28	54	7184783928487134827	18225237726290923403	5473717238225879178	6355119682925580743	-6288.1298828125	0.0000000000	64.3704725927	20.8701568356
58	46	7652984189360285993	18162896272049765510	4883054660864584880	7652984189360285993	-6288.1455078125	0.0000000000	1.3157326174	36.1333213563
56	58	2999918506620049079	7652984189360285993	7652984189360285993	16968283820480400745	-6288.2680664062	0.0000000000	14.7917289770	1.4382912112
42	27	2973831986525992917	8797034359378533445	3894727340187363208	5974647295796704680	-6288.3208007812	0.0000000000	40.7926104276	66.3745795456
41	20	12065429013071856360	15045896547175014149	10006258006551189489	10011079622633703223	-6288.3222656250	0.0000000000	42.6559490254	76.6009789958
14	23	10370296548701631185	13505882762685108858	14292902593113200293	16971265547733795113	-6288.4912109375	0.0000000000	87.7751796498	75.5175733649
6	29	8395721638934952659	16635774903079397922	6262841909301224173	11712881188920926697	-6288.5058593750	0.0000000000	105.0227160252	64.3402150599
58	2	7652984189360285993	12368598152062035838	8092411154832547959	12873694600403128639	-6288.5605468750	0.0000000000	1.7307716799	113.6057078486
28	20	7184783928487134827	15045896547175014149	4635699618131508174	18008930166415442162	-6288.5668945312	0.0000000000	64.8074843114	76.8456079021
32	43	2183215208754432378	13150936435615904820	676193465010884380	13361686682504538269	-6288.5776367188	0.0000000000	59.6448508826	40.4107560995
43	46	13150936435615904820	18162896272049765510	8125553392209697889	13361686682504538269	-6288.5776367188	0.0000000000	40.4107560995	36.5654502625
1	58	1003474530184899753	7652984189360285993	7652984189360285993	9037062362392623669	-6288.6054687500	0.0000000000	115.1561207846	1.7756935549
15	46	11764746872706139310	18162896272049765510	17250012624589641234	17922502516986379052	-6288.9335937500	0.0000000000	87.2862341516	36.9214072938
24	23	4507307458106498086	13505882762685108858	4174010536594338366	5813318435244351816	-6288.9624023438	0.0000000000	72.0018939647	75.9887647712
18	37	9716062930587852222	10402685666058560611	9114139073204999121	17288140820345641443	-6288.9897460938	0.0000000000	83.4593793455	52.2522498960
14	48	10370296548701631185	16468351384395117018	3065180885721537248	5453537609729227160	-6289.0786132812	0.0000000000	88.3625819936	34.4552027894
32	2	2183215208754432378	12368598152062035838	878689303642196906	8201255102576952091	-6289.1997070312	0.0000000000	60.2669211951	114.2448680048
4	50	10030869934610250162	13749690989139397258	5194264418951563663	10081155914488297140	-6289.2578125000	0.0000000000	109.0862926866	31.2728334754
11	41	3014400843069910159	12065429013071856360	5847822952962056153	15077563176626988056	-6289.3642578125	0.0000000000	95.2343537594	43.6979412129
56	55	2999918506620049079	12130167897450210765	3130291948893494460	6685442035819270192	-6289.4042968750	0.0000000000	15.9279594457	18.0156568346
36	15	9611614326086648347	11764746872706139310	8052657805764216893	16306113074060159140	-6289.6845703125	0.0000000000	54.0680054391	88.0372107141
27	21	8797034359378533445	12512665348523024409	11116539449311800141	13981982669402255920	-6289.8256835938	0.0000000000	67.8794623581	77.5087403931
57	22	10847976279630373510	14095314857813469349	4654718209474641092	15731699934806043488	-6289.8266601562	0.0000000000	12.5839980226	77.3637084160
22	48	14095314857813469349	16468351384395117018	7436060842489312517	12049349682032869107	-6290.0766601562	0.0000000000	77.6137084160	35.4532496644
53	2	11973000412733658697	12368598152062035838	5586128344479999976	15329732519305099650	-6290.1323242188	0.0000000000	26.5530901931	115.1774851923
27	36	8797034359378533445	9611614326086648347	8674608286299765293	11258042620833426111	-6290.1386718750	0.0000000000	68.1924506394	54.5221070016
30	26	2453815681683307041	13586848843206904846	6808683498465792803	17326050967720142837	-6290.2856445312	0.0000000000	64.6378364856	68.6307862680
40	2	8807412603912768031	12368598152062035838	9761966747752060808	17829682508172217217	-6290.3710937500	0.0000000000	47.5012265174	115.4162547236
42	13	2973831986525992917	6967721170451395993	7428960823092757501	8436683886522821599	-6290.7138671875	0.0000000000	43.1856768338	91.4308415787
58	16	7652984189360285993	8734085401787823863	4038963018419044263	16836504502661657206	-6290.7651367188	0.0000000000	3.9353615237	86.3266486746
58	14	7652984189360285993	10370296548701631185	11486679503771271533	13391740465406500632	-6290.8344726562	0.0000000000	4.0046974612	90.1184413686
38	26	6733135408595255315	13586848843206904846	907511637291490387	16148139526812338626	-6290.9453125000	0.0000000000	53.2810628694	69.2904542367
13	57	6967721170451395993	10847976279630373510	8373406212188632525	18111550668815119516	-6291.0869140625	0.0000000000	91.8038884537	13.8442519289
37	46	10402685666058560611	18162896272049765510	592364868912782420	16007831046810470845	-6291.2319335938	0.0000000000	54.4944373960	39.2197471375
36	29	9611614326086648347	16635774903079397922	11205255352126907181	15674480662391474267	-6291.3671875000	0.0000000000	55.7506226266	67.2015431849
45	54	9811863530185099306	18225237726290923403	1971822572420544461	7865105923891427090	-6291.3686523438	0.0000000000	41.0259967416	24.1089263668
0	52	4486680833199316427	7715203069063406350	3034804001085674869	12566597153922183019	-6291.3813476562	0.0000000000	124.1478194395	29.9795216475
56	7	2999918506620049079	4035451743491366184	8191957996779491294	9016797654353847057	-6291.3901367188	0.0000000000	17.9137992895	103.5603687698
21	26	12512665348523024409	13586848843206904846	15563138049789423091	16979496407932531150	-6291.5703125000	0.0000000000	79.2533692994	69.9154542367
58	25	7652984189360285993	8810458188350850335	12873694600403128639	15280299586543727231	-6291.6948242188	0.0000000000	4.8650490237	70.7492273059
56	10	2999918506620049079	10647909296076280839	1007697082820208536	17498967479423889176	-6291.7509765625	0.0000000000	18.2746391332	98.6277041465
2	50	12368598152062035838	13749690989139397258	7683741692525631737	16273518396830026546	-6291.8383789062	0.0000000000	116.8835398798	33.8533998817
42	22	2973831986525992917	14095314857813469349	6371114767406485093	10055113751050098396	-6291.8486328125	0.0000000000	44.3204424588	79.3856810723
58	22	7652984189360285993	14095314857813469349	2260246933557188287	10055113751050098396	-6291.8486328125	0.0000000000	5.0188576174	79.3856810723
19	17	1951058302206518847	10901976594871680934	4472822142049928784	12925376032693292353	-6291.8813476562	0.0000000000	82.3494193900	86.8761760420
4	43	10030869934610250162	13150936435615904820	5932049626064375093	7338256218483705138	-6292.0107421875	0.0000000000	111.8392223741	43.8438615682
34	11	2052468541041058701	3014400843069910159	4776878351358169956	5858574472601254898	-6292.0166015625	0.0000000000	62.0399628723	97.8866975094
41	49	12065429013071856360	17127396999717919807	967215514284183232	13492981815850588002	-6292.0737304688	0.0000000000	46.4074138691	35.7278704761
5	43	400865686854966429	13150936435615904820	16878420676679424796	17096630881698563124	-6292.0791015625	0.0000000000	108.9330809458	43.9122209432
33	54	6576157680456774869	18225237726290923403	2766914513419576230	3655131816416678160	-6292.1098632812	0.0000000000	63.1627638378	24.8501373043
58	10	7652984189360285993	10647909296076280839	784436800480005599	8255036992686327002	-6292.1728515625	0.0000000000	5.3430763674	99.0495791465
55	54	12130167897450210765	18225237726290923403	1122607211369288831	17651267576254104321	-6292.3603515625	0.0000000000	20.9717115221	25.1006255856
33	28	6576157680456774869	7184783928487134827	3358673171971090265	9273972003739654708	-6292.6059570312	0.0000000000	63.6588575878	68.8465468114
20	29	15045896547175014149	16635774903079397922	9638733281560066742	15375730802909098513	-6292.7290039062	0.0000000000	81.0077172771	68.5633595911
38	10	6733135408595255315	10647909296076280839	3126358051793301007	15917584954993583414	-6292.8925781250	0.0000000000	55.2283284944	99.7693057090
33	25	6576157680456774869	8810458188350850335	4979182703489218974	7815324371601561819	-6292.9375000000	0.0000000000	63.9904005566	71.9919030871
1	39	1003474530184899753	5085874584416179516	8431296983836162653	15294087474393629179	-6292.9716796875	0.0000000000	119.5223317221	52.4829320638
12	57	1130588334984313667	10847976279630373510	6972887228350194141	14934715128023283253	-6292.9916992188	0.0000000000	94.6083869821	15.7490370851
11	31	3014400843069910159	7359509944410812612	9928945010943189133	12680617653634008842	-6293.3408203125	0.0000000000	99.2109162594	66.2499285878
4	57	10030869934610250162	10847976279630373510	10928894707276824542	13691881764223907925	-6293.3515625000	0.0000000000	113.1800426866	16.1089003664
57	9	10847976279630373510	15168955154244634497	10928894707276824542	17899292400914306213	-6293.3515625000	0.0000000000	16.1089003664	102.0839976575
3	58	1824801473999038781	7652984189360285993	14202532748351987142	16836504502661657206	-6293.3588867188	0.0000000000	116.5138508309	6.5291115237
30	21	2453815681683307041	12512665348523024409	11755950387942712100	13526243241074919400	-6293.4882812500	0.0000000000	67.8404732043	81.1713380494
5	39	400865686854966429	5085874584416179516	2256187410465375656	8231382047945573612	-6293.5444335938	0.0000000000	110.3984129770	53.0556859701
15	43	11764746872706139310	13150936435615904820	492991854649682580	15319524932819773796	-6293.9023437500	0.0000000000	92.2549841516	45.7354631307
10	29	10647909296076280839	16635774903079397922	8401714695305564962	8980165241275923720	-6294.1967773438	0.0000000000	101.0735049278	70.0311330286
8	54	2567673090136276702	18225237726290923403	6313445669716457841	13083511201770011816	-6294.3632812500	0.0000000000	103.2190730736	27.1035552731
12	54	1130588334984313667	18225237726290923403	13083511201770011816	16865019895766514579	-6294.3632812500	0.0000000000	95.9799690133	27.1035552731
14	54	10370296548701631185	18225237726290923403	3880419592405157052	12275435012016799356	-6294.3793945312	0.0000000000	93.6633632436	27.1196685543
22	49	14095314857813469349	17127396999717919807	899633886354532415	12104683995063584717	-6294.4624023438	0.0000000000	81.9994506035	38.1165423511
18	54	9716062930587852222	18225237726290923403	950386814931318270	10301608602869908801	-6294.4819335938	0.0000000000	88.9515668455	27.2222076168
58	54	7652984189360285993	18225237726290923403	4441010545268143675	9047058032793042260	-6294.6010742188	0.0000000000	7.7712990237	27.3413482418
57	17	10847976279630373510	10901976594871680934	12685204919219996789	13314796151946937774	-6294.6323242188	0.0000000000	17.3896620851	89.6271526045
56	0	2999918506620049079	4486680833199316427	1427092407962614530	11686006456199971494	-6294.7358398438	0.0000000000	21.2595024145	127.5023116270
24	55	4507307458106498086	12130167897450210765	13478421829560698661	13810695571453723559	-6294.7788085938	0.0000000000	77.8183002147	23.3901685533
11	40	3014400843069910159	8807412603912768031	7498748488606926705	15496416742878264145	-6294.8696289062	0.0000000000	100.7397248532	51.9997616737
24	17	4507307458106498086	10901976594871680934	4252036038329354279	15946712792152022970	-6294.9897460938	0.0000000000	78.0292377147	89.9845744795
17	23	10901976594871680934	13505882762685108858	2591589606547252565	18276194306116411306	-6295.0161132812	0.0000000000	90.0109416670	82.0424757087
56	18	2999918506620049079	9716062930587852222	3722496998908686878	4558454319920194263	-6295.0180664062	0.0000000000	21.5417289770	89.4876996580
45	22	9811863530185099306	14095314857813469349	10414606012838481873	17700367379229681322	-6295.0444335938	0.0000000000	44.7017779916	82.5814818535
12	28	1130588334984313667	7184783928487134827	1117705063726662758	7179570858994438645	-6295.1918945312	0.0000000000	96.8085822946	71.4324843114
47	17	4299207398531012478	10901976594871680934	6635541006156236620	17724566152630155133	-6295.5698242188	0.0000000000	43.0496312196	90.5646526045
58	27	7652984189360285993	8797034359378533445	11568789993092609497	14686924393146923420	-6295.5795898438	0.0000000000	8.7498146487	73.6333686081
6	54	8395721638934952659	18225237726290923403	2827963496221178577	13168080768648337082	-6296.0385742188	0.0000000000	112.5554308689	28.7788482418
26	9	13586848843206904846	15168955154244634497	4930524903496571517	14938178270134821508	-6296.1337890625	0.0000000000	74.4789307992	104.8662242200
19	58	1951058302206518847	7652984189360285993	2822349992174721018	3377685962755285299	-6296.2641601562	0.0000000000	86.7322318900	9.4343849612
16	37	8734085401787823863	10402685666058560611	592364868912782420	12642955054768910286	-6296.3676757812	0.0000000000	91.9291877371	59.6301795835
5	54	400865686854966429	18225237726290923403	11220816748753475899	16221213632096063237	-6296.3759765625	0.0000000000	113.2299559458	29.1162505856
42	43	2973831986525992917	13150936435615904820	13170727827912234670	16878420676679424796	-6296.4057617188	0.0000000000	48.8775713651	48.2388810995
8	43	2567673090136276702	13150936435615904820	13138143468678065915	16995066748139089680	-6296.7124023438	0.0000000000	105.5681941673	48.5455217245
23	22	13505882762685108858	14095314857813469349	1764724164986219460	16207547921508492721	-6296.7656250000	0.0000000000	83.7919874274	84.3026732598
11	35	3014400843069910159	4561077847438262461	6884747275474091993	15354189495301781746	-6296.9116210938	0.0000000000	102.7817170407	65.9300138221
7	55	4035451743491366184	12130167897450210765	5194785067957708030	18405318757694327084	-6296.9174804688	0.0000000000	109.0877125198	25.5288404283
16	29	8734085401787823863	16635774903079397922	10190485177937264719	16776792581429335668	-6296.9926757812	0.0000000000	92.5541877371	72.8270314661
36	43	9611614326086648347	13150936435615904820	7169270577178781554	12612042230409465995	-6297.0864257812	0.0000000000	61.4698609078	48.9195451620
45	14	9811863530185099306	10370296548701631185	5871077604670551917	14962217282182645784	-6297.1665039062	0.0000000000	46.8238483041	96.4504726186
30	48	2453815681683307041	16468351384395117018	5452206759588847918	11466247520044530916	-6297.1943359375	0.0000000000	71.5465278918	42.5709254456
36	26	9611614326086648347	13586848843206904846	360191205561945315	6570697861990117780	-6297.2802734375	0.0000000000	61.6637085641	75.6254151742
14	55	10370296548701631185	12130167897450210765	17333756145164851036	17678161680051522870	-6297.2963867188	0.0000000000	96.5803554311	25.9077466783
8	29	2567673090136276702	16635774903079397922	1072490621334896587	1454546706861986651	-6297.3286132812	0.0000000000	106.1844051048	73.1629689661
28	52	7184783928487134827	7715203069063406350	5518240353169817960	15456020936011481863	-6297.3984375000	0.0000000000	73.6390272802	35.9966114913
18	23	9716062930587852222	13505882762685108858	9450897106609505976	15265367821314326074	-6297.4125976562	0.0000000000	91.8822309080	84.4389600837
24	36	4507307458106498086	9611614326086648347	4978983928657209036	9738391647359120996	-6297.4716796875	0.0000000000	80.5111713084	61.8551148141
21	22	12512665348523024409	14095314857813469349	7018366854657986504	10357817257058832104	-6297.5385742188	0.0000000000	85.2216310181	85.0756224785
25	55	8810458188350850335	12130167897450210765	10334810853042312422	14132840731598195523	-6297.5800781250	0.0000000000	76.6344812121	26.1914380846
27	55	8797034359378533445	12130167897450210765	4090335093722633218	10334810853042312422	-6297.6000976562	0.0000000000	75.6538764206	26.2114576158
50	48	13749690989139397258	16468351384395117018	12671027234611463139	16371557189191406940	-6297.7377929688	0.0000000000	39.7528139442	43.1143824769
6	44	8395721638934952659	11252735991028366504	9869690531140913266	14029947854879970859	-6297.8647460938	0.0000000000	114.3816027439	48.0585671621
20	46	15045896547175014149	18162896272049765510	16129415419739428239	16194443964710823106	-6298.1582031250	0.0000000000	86.4369164958	46.1460166688
20	54	15045896547175014149	18225237726290923403	13083511201770011816	16129415419739428239	-6298.1582031250	0.0000000000	86.4369164958	30.8984771481
21	46	12512665348523024409	18162896272049765510	13396414885742395429	17346752527083646290	-6298.4794921875	0.0000000000	86.1625489869	46.4673057313
42	14	2973831986525992917	10370296548701631185	12319993895817884926	15395265462843717387	-6298.5283203125	0.0000000000	51.0001299588	97.8122890248
35	57	4561077847438262461	10847976279630373510	10229426767917915405	16264945201388793236	-6298.6499023438	0.0000000000	67.6682950721	21.4072402101
7	57	4035451743491366184	10847976279630373510	15709817708121973595	16667221401791614646	-6298.6596679688	0.0000000000	110.8299000198	21.4170058351
58	9	7652984189360285993	15168955154244634497	3100360736605332355	6056727869960587514	-6298.8183593750	0.0000000000	11.9885841799	107.5507945325
6	43	8395721638934952659	13150936435615904820	12612042230409465995	17125845405744942991	-6298.8496093750	0.0000000000	115.3664660252	50.6827287557
58	55	7652984189360285993	12130167897450210765	4227564419605082024	11774092622866155403	-6298.9008789062	0.0000000000	12.0711037112	27.5122388658
56	24	2999918506620049079	4507307458106498086	7204828200144237705	10413325651166748352	-6298.9960937500	0.0000000000	25.5197563207	82.0355853709
30	46	2453815681683307041	18162896272049765510	4103106217003980165	11387609797193719593	-6299.1816406250	0.0000000000	73.5338325793	47.1694541688
16	48	8734085401787823863	16468351384395117018	12682962456677609579	13819517213815847968	-6299.2495117188	0.0000000000	94.8110236746	44.6261012269
17	22	10901976594871680934	14095314857813469349	447145535988721575	2375614449553426231	-6299.2871093750	0.0000000000	94.2819377607	86.8241576348
23	50	13505882762685108858	13749690989139397258	7715318509066278284	11478764177626257687	-6299.5034179688	0.0000000000	86.5297803962	41.5184389442
34	25	2052468541041058701	8810458188350850335	14021510999773264906	16429022548063913954	-6299.5034179688	0.0000000000	69.5267792786	78.5578210559
23	48	13505882762685108858	16468351384395117018	7294989912967991137	15557868336966210074	-6299.6367187500	0.0000000000	86.6630811774	45.0133082581
3	38	1824801473999038781	6733135408595255315	4037549467535813452	17957130851260505734	-6299.9096679688	0.0000000000	123.0646320809	62.2454183381
10	51	10647909296076280839	11554222005007951863	8236883567820280803	16778253862532683309	-6300.1127929688	0.0000000000	106.9895205528	40.2624497771
42	11	2973831986525992917	3014400843069910159	469504164748366215	3994626309870146162	-6300.1494140625	0.0000000000	52.6212237088	106.0195100094
15	55	11764746872706139310	12130167897450210765	6693295657423113772	9578266649030088693	-6300.3393554688	0.0000000000	98.6919958704	28.9507154283
29	49	16635774903079397922	17127396999717919807	11673387424613514156	17849695584446867379	-6300.5278320312	0.0000000000	76.3621877161	44.1819720386
8	48	2567673090136276702	16468351384395117018	16567126417615394727	17883485888473767320	-6300.6811523438	0.0000000000	109.5369441673	46.0577418519
44	15	11252735991028366504	11764746872706139310	7085587059799223815	14536069258846596155	-6300.8032226562	0.0000000000	50.9970437246	99.1558630579
33	58	6576157680456774869	7652984189360285993	3554389139614524481	16290813763993885501	-6300.8159179688	0.0000000000	71.8688185253	13.9861427737
58	4	7652984189360285993	10030869934610250162	2861965031763521277	12056299030549517482	-6300.8657226562	0.0000000000	14.0359474612	120.6942028428
8	46	2567673090136276702	18162896272049765510	7262401882454314798	13556550531872659862	-6300.9433593750	0.0000000000	109.7991511986	48.9311729188
32	24	2183215208754432378	4507307458106498086	822039673165211733	6513258511257362298	-6301.0063476562	0.0000000000	72.0735618201	84.0458392772
51	23	11554222005007951863	13505882762685108858	2511888747681119266	14320407581608846831	-6301.3237304688	0.0000000000	41.4733872771	88.3500928962
5	49	400865686854966429	17127396999717919807	5897447983652710024	11067906607866213028	-6301.4775390625	0.0000000000	118.3315184458	45.1316790698
13	20	6967721170451395993	15045896547175014149	6370730628863590502	12180863664200566443	-6301.5302734375	0.0000000000	102.2472478287	89.8089868083
39	14	5085874584416179516	10370296548701631185	737072855844008479	6509911474019623688	-6301.5390625000	0.0000000000	61.0503148763	100.8230312123
16	45	8734085401787823863	9811863530185099306	1660866969736805129	18011261319968126668	-6301.6059570312	0.0000000000	97.1674689871	51.2633014291
58	18	7652984189360285993	9716062930587852222	5517600682006295218	8115758873105053132	-6301.6909179688	0.0000000000	14.8611427737	96.1605512205
12	45	1130588334984313667	9811863530185099306	2122831703495611087	12721422932792765201	-6301.7490234375	0.0000000000	103.3657112008	51.4063678354
30	23	2453815681683307041	13505882762685108858	13004497187462117239	13485479525102690783	-6301.7573242188	0.0000000000	76.1095161731	88.7836866462
12	23	1130588334984313667	13505882762685108858	15501848259242178281	15861220936435695547	-6301.7817382812	0.0000000000	103.3984260446	88.8081007087
14	44	10370296548701631185	11252735991028366504	3362672080065743673	9224879788423786582	-6301.8579101562	0.0000000000	101.1418788686	52.0517312246
17	49	10901976594871680934	17127396999717919807	4461517537657068317	11540722427989224853	-6301.9057617188	0.0000000000	96.9005901045	45.5599017261
10	41	10647909296076280839	12065429013071856360	5254864103869706816	8846230597320888197	-6301.9741210938	0.0000000000	108.8508486778	56.3078044941
17	46	10901976594871680934	18162896272049765510	6754502103556660052	12775663398561120213	-6302.0297851562	0.0000000000	97.0246135420	50.0175987000
18	57	9716062930587852222	10847976279630373510	6379857876296816950	9549464690368800796	-6302.0908203125	0.0000000000	96.5604535643	24.8481581789
55	43	12130167897450210765	13150936435615904820	3134201375921582215	3260007168708425063	-6302.1010742188	0.0000000000	30.7124341783	53.9341935995
30	56	2453815681683307041	2999918506620049079	739036488628474424	15744896533910990346	-6302.2260742188	0.0000000000	76.5782661731	28.7497367895
11	58	3014400843069910159	7652984189360285993	272664640241967368	4907145816412014029	-6302.3046875000	0.0000000000	108.1747834469	15.4749123049
36	22	9611614326086648347	14095314857813469349	1698780726761035210	3710409750015497304	-6302.3378906250	0.0000000000	66.7213257516	89.8749388848
8	41	2567673090136276702	12065429013071856360	908804324015660870	12873328608597410580	-6302.7685546875	0.0000000000	111.6243465111	57.1022380879
13	52	6967721170451395993	7715203069063406350	11573526200605526591	12949746621721719404	-6302.8544921875	0.0000000000	103.5714665787	41.4526661788
35	10	4561077847438262461	10647909296076280839	3133896004783978315	15204403455824387037	-6303.0546875000	0.0000000000	72.0730802283	109.9314150840
25	20	8810458188350850335	15045896547175014149	14210857007273344511	15639098570385900806	-6303.3745117188	0.0000000000	82.4289148059	91.6532250896
27	57	8797034359378533445	10847976279630373510	2396250064497611073	15781082115840172007	-6303.4204101562	0.0000000000	81.4741889206	26.1777480226
23	46	13505882762685108858	18162896272049765510	9147672382105473313	18228211016783572930	-6303.4277343750	0.0000000000	90.4540968024	51.4155479188
14	57	10370296548701631185	10847976279630373510	15039931001554193554	16358417193296359049	-6303.9482421875	0.0000000000	103.2322108998	26.7055800539
29	54	16635774903079397922	18225237726290923403	3777450098053021294	9832812227182540849	-6304.0629882812	0.0000000000	79.8973439661	36.8032623043
5	56	400865686854966429	2999918506620049079	9783408415683411309	15278828785948741619	-6304.1225585938	0.0000000000	120.9765379770	30.6462211645
24	45	4507307458106498086	9811863530185099306	4048024947699228559	13621471279680856768	-6304.2949218750	0.0000000000	87.3344134959	53.9522662729
16	17	8734085401787823863	10901976594871680934	645754984148671165	6416061228300859447	-6305.1386718750	0.0000000000	100.7001838308	100.1335002607
11	39	3014400843069910159	5085874584416179516	7557323701138384325	17779723391238707955	-6305.1479492188	0.0000000000	111.0180451657	64.6592015951
4	53	10030869934610250162	11973000412733658697	1321481885919098083	12518097482749212273	-6305.2543945312	0.0000000000	125.0828747178	41.6751605056
17	51	10901976594871680934	11554222005007951863	11476131358635874352	12060050201126154253	-6305.5761718750	0.0000000000	100.5710002607	45.7258286833
34	38	2052468541041058701	6733135408595255315	9033613767669112170	17181999710016557021	-6305.7382812500	0.0000000000	75.7616425598	68.0740316194
23	26	13505882762685108858	13586848843206904846	1445351806615481135	8899953040560198972	-6305.7543945312	0.0000000000	92.7807569587	84.0995362680
19	49	1951058302206518847	17127396999717919807	13382027898979849513	17859271919409698260	-6305.8198242188	0.0000000000	96.2878959525	49.4739642261
50	20	13749690989139397258	15045896547175014149	4658525158044934220	7479924979535592263	-6305.9160156250	0.0000000000	47.9310366004	94.1947289958
16	49	8734085401787823863	17127396999717919807	11424543601223748653	16409243368911599897	-6306.1347656250	0.0000000000	101.6962775808	49.7889056323
58	48	7652984189360285993	16468351384395117018	13397922302145823197	14205183273118211617	-6306.1997070312	0.0000000000	19.3699318362	51.5762965394
34	10	2052468541041058701	10647909296076280839	143484995685117690	14582670465899564528	-6306.3437500000	0.0000000000	76.3671113098	113.2204775840
28	31	7184783928487134827	7359509944410812612	920112691900770610	6417838137888960820	-6306.3520507812	0.0000000000	82.5926405614	79.2611590565
44	23	11252735991028366504	13505882762685108858	406754153861776100	7151757552791442180	-6306.9003906250	0.0000000000	57.0942116933	93.9267530524
11	51	3014400843069910159	11554222005007951863	11704517950858077339	15763003982114105717	-6307.0488281250	0.0000000000	112.9189240719	47.1984849333
24	52	4507307458106498086	7715203069063406350	3981686104502568341	16469923139661898602	-6307.0644531250	0.0000000000	90.1039447459	45.6626271163
28	17	7184783928487134827	10901976594871680934	5518627984788678425	13831107206129420547	-6307.1284179688	0.0000000000	83.3690077489	102.1232463545
8	51	2567673090136276702	11554222005007951863	5463303281596345378	8578087413083254507	-6307.6694335938	0.0000000000	116.5252254173	47.8190904021
32	29	2183215208754432378	16635774903079397922	7290939414017991960	12592263687620146557	-6308.2094726562	0.0000000000	79.2766868201	84.0438283411
16	57	8734085401787823863	10847976279630373510	10297384972815771257	17259348715487760843	-6309.4033203125	0.0000000000	104.9648322683	32.1606581789
27	23	8797034359378533445	13505882762685108858	2800829590849153253	6432721788519442941	-6309.5034179688	0.0000000000	87.5571967331	96.5297803962
7	36	4035451743491366184	9611614326086648347	7048522006838192100	15692336282623002131	-6309.5869140625	0.0000000000	121.7571461136	73.9703491891
32	13	2183215208754432378	6967721170451395993	5720255605224681165	14957102063609397308	-6309.6386718750	0.0000000000	80.7058860389	110.3556462662
19	57	1951058302206518847	10847976279630373510	5418395530699625966	8770352406505377918	-6309.7109375000	0.0000000000	100.1790092338	32.4682753664
30	57	2453815681683307041	10847976279630373510	5360785434978022857	5809319497849233998	-6309.9262695312	0.0000000000	84.2784614856	32.6836073976
14	49	10370296548701631185	17127396999717919807	507985809922725134	7158171557967518082	-6309.9340820312	0.0000000000	109.2180507436	53.5882220386
56	48	2999918506620049079	16468351384395117018	4920476473842281593	16074387513071387346	-6309.9545898438	0.0000000000	36.4782524145	55.3311793519
18	53	9716062930587852222	11973000412733658697	6247729774749854192	13186672324675431997	-6310.1108398438	0.0000000000	104.5804730955	46.5316058181
13	55	6967721170451395993	12130167897450210765	5187838792128486910	8432293714927395759	-6310.2939453125	0.0000000000	111.0109197037	38.9053052721
35	27	4561077847438262461	8797034359378533445	694867803179040650	1408992108397867699	-6310.7539062500	0.0000000000	79.7722989783	88.8076850144
5	58	400865686854966429	7652984189360285993	9166375139367032019	18177196073006171895	-6310.8383789062	0.0000000000	127.6923582895	24.0086037112
28	41	7184783928487134827	12065429013071856360	8952627693219139487	13171728214573412453	-6310.8637695312	0.0000000000	87.1043593114	65.1974529316
34	39	2052468541041058701	5085874584416179516	764523297340144324	5664659952196727606	-6311.1313476562	0.0000000000	81.1547089661	70.6426000326
10	50	10647909296076280839	13749690989139397258	10012114945025528875	13977900680672595826	-6311.1674804688	0.0000000000	118.0442080528	53.1825014442
56	25	2999918506620049079	8810458188350850335	13093581355487005420	18138795614142447437	-6311.2465820312	0.0000000000	37.7702446020	90.3009851184
8	17	2567673090136276702	10901976594871680934	2489216560447287249	4502135231765528572	-6311.3999023438	0.0000000000	120.2556941673	106.3947307295
7	49	4035451743491366184	17127396999717919807	13173220911199587740	18446039002767656896	-6311.7089843750	0.0000000000	123.8792164261	55.3631243823
56	28	2999918506620049079	7184783928487134827	4583276075303789650	12996241646840190344	-6311.7280273438	0.0000000000	38.2516899145	87.9686171239
30	51	2453815681683307041	11554222005007951863	8368102343265915176	16083712725489283910	-6311.7407226562	0.0000000000	86.0929146106	51.8903794646
7	50	4035451743491366184	13749690989139397258	5903452697610543940	11196057420457715216	-6311.9262695312	0.0000000000	124.0965015823	53.9412905067
28	40	7184783928487134827	8807412603912768031	3388663480543542687	4837267285934864469	-6311.9355468750	0.0000000000	88.1761366552	69.0656796424
44	29	11252735991028366504	16635774903079397922	3341017443846654197	13474773882658411606	-6311.9394531250	0.0000000000	62.1332741933	87.7738088099
27	17	8797034359378533445	10901976594871680934	6380137501338343228	17875692811063586311	-6312.0297851562	0.0000000000	90.0835639206	107.0246135420
28	21	7184783928487134827	12512665348523024409	100748300831414451	5729372546563218778	-6312.0781250000	0.0000000000	88.3187147802	99.7611817994
3	39	1824801473999038781	5085874584416179516	4882575250207867222	8828971929291220617	-6312.1206054688	0.0000000000	135.2755695809	71.6318578451
42	21	2973831986525992917	12512665348523024409	3641307709863153100	4795936676710048185	-6312.3203125000	0.0000000000	64.7921221463	100.0033692994
4	48	10030869934610250162	16468351384395117018	728038775984032073	5925966958418557113	-6312.7285156250	0.0000000000	132.5569958116	58.1051051331
45	55	9811863530185099306	12130167897450210765	8460471697430995215	13928738424669632920	-6312.7495117188	0.0000000000	62.4068561166	41.3608716783
6	49	8395721638934952659	17127396999717919807	8626576686262733513	17828890697040053415	-6313.4125976562	0.0000000000	129.9294543064	57.0667376636
40	55	8807412603912768031	12130167897450210765	319554012450056528	13928738424669632920	-6313.6523437500	0.0000000000	70.7824765174	42.2637037096
12	50	1130588334984313667	13749690989139397258	12019959383770932530	13977900680672595826	-6313.6616210938	0.0000000000	115.2783088571	55.6766420692
41	22	12065429013071856360	14095314857813469349	10285073098889435977	16493482296409327762	-6314.0332031250	0.0000000000	68.3668865254	101.5702513848
34	46	2052468541041058701	18162896272049765510	9837664132916513099	9858157244769553680	-6314.0683593750	0.0000000000	84.0917206848	62.0561729188
8	33	2567673090136276702	6576157680456774869	10605990186233717303	11916233972679370005	-6314.1044921875	0.0000000000	122.9602840111	85.1573927441
38	16	6733135408595255315	8734085401787823863	1817850476558943876	16984895020555044639	-6314.4965820312	0.0000000000	76.8323324006	110.0580939871
15	49	11764746872706139310	17127396999717919807	13534182022691235191	13695109516497980353	-6314.5410156250	0.0000000000	112.8936560266	58.1951556323
32	17	2183215208754432378	10901976594871680934	4755863381110446731	14927784607915877242	-6314.5605468750	0.0000000000	85.6277610389	109.5553752607
25	15	8810458188350850335	11764746872706139310	5914750561171793260	15574232578655707042	-6314.6127929688	0.0000000000	93.6671960559	112.9654333704
56	6	2999918506620049079	8395721638934952659	4707580260878180678	16553864487217144274	-6314.7666015625	0.0000000000	41.2902641332	131.2834582127
44	20	11252735991028366504	15045896547175014149	15669985756065024782	17398310896816963130	-6315.0209960938	0.0000000000	65.2148171621	103.2997094646
30	28	2453815681683307041	7184783928487134827	7250535897572654908	9551710507755703867	-6315.1455078125	0.0000000000	89.4976997668	91.3860975927
47	51	4299207398531012478	11554222005007951863	11859349868919323260	13266341259605697398	-6315.3549804688	0.0000000000	62.8347874696	55.5046372771
51	21	11554222005007951863	12512665348523024409	6931140269279234384	13266341259605697398	-6315.3549804688	0.0000000000	55.5046372771	103.0380372681
32	28	2183215208754432378	7184783928487134827	13456578339836271954	18151204056076930546	-6315.5683593750	0.0000000000	86.6355735389	91.8089491552
42	18	2973831986525992917	9716062930587852222	17028515366928247456	18277064377534754792	-6315.7299804688	0.0000000000	68.2017901151	110.1996137205
40	18	8807412603912768031	9716062930587852222	4033722700099514439	10722095328011056298	-6316.1201171875	0.0000000000	73.2502499549	110.5897504393
42	17	2973831986525992917	10901976594871680934	8873885500531766891	18071782328807442999	-6316.1552734375	0.0000000000	68.6270830838	111.1501018232
40	15	8807412603912768031	11764746872706139310	7770729535573823671	12147398530559799980	-6316.5947265625	0.0000000000	73.7248593299	114.9473669641
17	54	10901976594871680934	18225237726290923403	2138503666514418234	5864204430758633653	-6317.0312500000	0.0000000000	112.0260783857	49.7715240231
35	21	4561077847438262461	12512665348523024409	10395956353862907960	11892275815893680174	-6317.3979492188	0.0000000000	86.4163419471	105.0810060181
56	17	2999918506620049079	10901976594871680934	5864204430758633653	14674246037804643291	-6317.4340820312	0.0000000000	43.9577446020	112.4289104170
39	9	5085874584416179516	15168955154244634497	10270775804248337748	16843442217456473539	-6317.5024414062	0.0000000000	77.0136937826	126.2348765637
32	18	2183215208754432378	9716062930587852222	8186971572039260372	17887779129521513773	-6317.9682617188	0.0000000000	89.0354758826	112.4378949705
56	26	2999918506620049079	13586848843206904846	11369172067343074036	13786931141699326192	-6318.3491210938	0.0000000000	44.8727836645	96.6942628305
26	20	13586848843206904846	15045896547175014149	2547546326838537619	15659770124046090237	-6318.8227539062	0.0000000000	97.1678956430	107.1014672771
24	57	4507307458106498086	10847976279630373510	7103478001340245050	9654437947702129088	-6319.0683593750	0.0000000000	102.1078509959	41.8256972414
12	39	1130588334984313667	5085874584416179516	5909400460953324871	10570488444317323131	-6319.4477539062	0.0000000000	121.0644416696	78.9590062826
55	23	12130167897450210765	13505882762685108858	11215088892244214268	12766120249967273232	-6319.6596679688	0.0000000000	48.2710279283	106.6860303962
10	44	10647909296076280839	11252735991028366504	9830083064099152146	14549396303494912272	-6319.7827148438	0.0000000000	126.6594424278	69.9765359121
21	48	12512665348523024409	16468351384395117018	7514870066226894655	9393022333254975525	-6320.1220703125	0.0000000000	107.8051271119	65.4986598206
32	21	2183215208754432378	12512665348523024409	1983739507506836539	14582770079657218013	-6320.1796875000	0.0000000000	91.2469016639	107.8627442994
18	41	9716062930587852222	12065429013071856360	5648017159169571721	15399192820794012043	-6320.2675781250	0.0000000000	114.7372113768	74.6012615254
15	29	11764746872706139310	16635774903079397922	10086253972362259210	15783122644248457805	-6320.9731445312	0.0000000000	119.3257849329	96.8075002161
5	36	400865686854966429	9611614326086648347	6114141082568800222	15719424787846135979	-6321.5737304688	0.0000000000	138.4277098520	85.9571655953
39	25	5085874584416179516	8810458188350850335	8266197144308800951	16466911922744330804	-6321.6245117188	0.0000000000	81.1357640951	100.6789148059
56	43	2999918506620049079	13150936435615904820	2479613804693087997	5341235970983405089	-6323.1474609375	0.0000000000	49.6711235082	74.9805803182
17	26	10901976594871680934	13586848843206904846	6995674912002134842	9563822650706111735	-6323.6865234375	0.0000000000	118.6813518232	102.0316651742
58	23	7652984189360285993	13505882762685108858	2021459740786294327	6386379519019590917	-6324.3671875000	0.0000000000	37.5374123049	111.3935499274
34	7	2052468541041058701	4035451743491366184	1091237028972461900	11333959881405290672	-6324.7329101562	0.0000000000	94.7562714661	136.9031422073
30	29	2453815681683307041	16635774903079397922	7857049990135827641	10627798369362901491	-6324.9492187500	0.0000000000	99.3014107043	100.7835744349
21	29	12512665348523024409	16635774903079397922	9659684257512112301	13109514103294812188	-6325.7314453125	0.0000000000	113.4145021119	101.5658009974
25	17	8810458188350850335	10901976594871680934	4457701431774642783	13606923770493519286	-6325.8925781250	0.0000000000	104.9469812121	120.8874065107
35	39	4561077847438262461	5085874584416179516	688854052189869047	4733142865100762652	-6326.1669921875	0.0000000000	95.1853849158	85.6782445638
5	35	400865686854966429	4561077847438262461	12934912029567022342	13114112204381003094	-6326.6054687500	0.0000000000	143.4594481333	95.6238614783
19	52	1951058302206518847	7715203069063406350	7564114123614054718	10176365904930785533	-6327.7055664062	0.0000000000	118.1736381400	66.3037403975
38	21	6733135408595255315	12512665348523024409	1083849477003682621	6585200217146159379	-6328.6103515625	0.0000000000	90.9461019319	116.2934083619
5	53	400865686854966429	11973000412733658697	5057344855225126449	9394481742874218460	-6329.0688476562	0.0000000000	145.9228270395	65.4896136306
55	21	12130167897450210765	12512665348523024409	8527233638197645403	13913934669500593603	-6330.2377929688	0.0000000000	58.8491529283	117.9208497681
17	21	10901976594871680934	12512665348523024409	4246012724248622795	11262960134526253262	-6331.5585937500	0.0000000000	126.5534221357	119.2416505494
28	23	7184783928487134827	13505882762685108858	3383144077046734164	14609629401304211686	-6333.2597656250	0.0000000000	109.5003554052	120.2861280524
42	2	2973831986525992917	12368598152062035838	4827686963713967806	7822232850180946656	-6333.3334960938	0.0000000000	85.8053057401	158.3786570673
45	15	9811863530185099306	11764746872706139310	1045730226629489407	8919578358044589709	-6334.3935546875	0.0000000000	84.0508990854	132.7461950891
17	29	10901976594871680934	16635774903079397922	6155740546193751128	17297856300446765549	-6335.3007812500	0.0000000000	130.2956096357	111.1351369349
37	22	10402685666058560611	14095314857813469349	4745983156376522114	8713361746824066486	-6335.7534179688	0.0000000000	99.0159217710	123.2904662285
39	16	5085874584416179516	8734085401787823863	4237073044904306282	11747881827775317875	-6335.8203125000	0.0000000000	95.3315648763	131.3818244558
52	14	7715203069063406350	10370296548701631185	4505372200092517872	6574520627509500521	-6337.1621093750	0.0000000000	75.7602833663	136.4460780873
8	39	2567673090136276702	5085874584416179516	11094631265151214661	13987286691056413602	-6338.8452148438	0.0000000000	147.7010066673	98.3564672201
52	6	7715203069063406350	8395721638934952659	8353374562468357143	9890897254078911242	-6347.1499023438	0.0000000000	85.7480763350	163.6667589939
