section	statistic	value
summary	numTrees	2027025
summary	numEdges	14189175
summary	meanDegree	14.0000000000
local	numLocalPeaks	74
local	posteriorMassOfLocalPeaks	0.9390041450
local	meanUphillFraction	0.4999403066
local	posteriorWeightedMeanUphillFraction	0.0048381528
local	meanBestNeighborLnLDifference	19.8524695015
local	posteriorWeightedMeanBestNeighborLnLDifference	-2.5272886597
local	meanNeighborAbsLnLDifference	7.7398973410
local	posteriorWeightedMeanNeighborAbsLnLDifference	11.2995699277
basin	numPeaks	74
basin	numPeaksMassGreater01	1
basin	numPeaksMassGreater05	1
basin	largestBasinSize	184506
basin	largestBasinMass	0.9946008226
basin	basinMassEntropy	0.0363252911
basin	effectiveNumBasins	1.0369931162
basin	mapTreeHash	10165324746644879865
basin	mapPeakHash	10165324746644879865
basin	mapPeakId	0
basin	mapBasinMass	0.9946008226
basin	posteriorMassOutsideMapBasin	0.0053991774
ascent	meanAscentLength	8.9806558873
ascent	posteriorWeightedMeanAscentLength	0.0612078183
ascent	meanAscentLengthCredible95	0.5000000000
ascent	posteriorWeightedMeanAscentLengthCredible95	0.0518588088
ascent	maxAscentLength	22
credible95	credible95NumTrees	2
credible95	credible95Mass	0.9869589496
credible95	credible95NumComponents	1
credible95	credible95LargestComponentSize	2
credible95	credible95LargestComponentMass	0.9869589496
credible95	credible95MapComponentSize	2
credible95	credible95MapComponentMass	0.9869589496
barrier	basinGraphEdges	2331
barrier	meanBasinGraphDegree	63.0000000000
barrier	mapBasinGraphDegree	73
barrier	basinGraphConnected	1
barrier	minBarrierFromMap	8.8419634359
barrier	meanBarrier	45.5361082040
barrier	posteriorWeightedMeanBarrier	6.2081493153
barrier	maxBarrier	148.7944946425

# peaks
peakId	peakHash	peakTreeProbability	basinNumTrees	basinPosteriorMass
0	10165324746644879865	0.9357764342	184506	0.9946008226
1	11209614143821053939	0.0027051054	128444	0.0045167662
2	15833357601308018089	0.0004529197	156111	0.0007709459
3	2400508826370169201	0.0000686685	130613	0.0001100144
4	8097248218632962140	0.0000003799	53643	0.0000005692
5	17841368144436045441	0.0000002883	83841	0.0000004546
6	13028795077775133422	0.0000001708	25750	0.0000001788
7	11117569714726431401	0.0000001432	49970	0.0000002089
8	2338638558934973707	0.0000000210	19223	0.0000000222
9	6647163709767477061	0.0000000097	6821	0.0000000102
10	5125778371293291106	0.0000000020	80094	0.0000000035
11	4089866445876100708	0.0000000009	18459	0.0000000015
12	3464689620348449069	0.0000000008	109182	0.0000000009
13	9388353752879206249	0.0000000002	19471	0.0000000003
14	5693540783912640859	0.0000000002	16864	0.0000000002
15	2021587758018320124	0.0000000001	15438	0.0000000002
16	16863307900853720354	0.0000000001	101525	0.0000000001
17	5868884973666812058	0.0000000001	17993	0.0000000001
18	1973719994620597956	0.0000000001	68307	0.0000000001
19	15210271395121730115	0.0000000000	57077	0.0000000000
20	6461476422044957467	0.0000000000	5228	0.0000000000
21	6062790282938113025	0.0000000000	52742	0.0000000000
22	17771635600684448131	0.0000000000	104192	0.0000000000
23	18425980509938217647	0.0000000000	24317	0.0000000000
24	1578537932394219965	0.0000000000	19155	0.0000000000
25	15270237447969908554	0.0000000000	49867	0.0000000000
26	17548949165766628857	0.0000000000	33542	0.0000000000
27	9460063871844575253	0.0000000000	32432	0.0000000000
28	15238071704247467969	0.0000000000	14264	0.0000000000
29	2590246260731145299	0.0000000000	28291	0.0000000000
30	5860122236468879057	0.0000000000	7428	0.0000000000
31	5431396170490344121	0.0000000000	7793	0.0000000000
32	5088468608694452078	0.0000000000	19122	0.0000000000
33	5883306076231458735	0.0000000000	13765	0.0000000000
34	11978150189334513253	0.0000000000	748	0.0000000000
35	6484463227862144676	0.0000000000	11428	0.0000000000
36	6949163309424221588	0.0000000000	10569	0.0000000000
37	14773085639508646864	0.0000000000	7783	0.0000000000
38	13102877500905252749	0.0000000000	8758	0.0000000000
39	4699872589231047194	0.0000000000	7794	0.0000000000
40	11472758483394683188	0.0000000000	20571	0.0000000000
41	17465034485350747349	0.0000000000	3958	0.0000000000
42	13278762253849637909	0.0000000000	15557	0.0000000000
43	11399600364733442468	0.0000000000	14348	0.0000000000
44	11072636854126668426	0.0000000000	5365	0.0000000000
45	2304489905002361840	0.0000000000	4754	0.0000000000
46	12535374395063084085	0.0000000000	33789	0.0000000000
47	2491649972309366993	0.0000000000	1206	0.0000000000
48	12462430359799399029	0.0000000000	455	0.0000000000
49	5851501803797438112	0.0000000000	13875	0.0000000000
50	13440359719910072822	0.0000000000	3238	0.0000000000
51	18331383289331445001	0.0000000000	8624	0.0000000000
52	3396079651100282447	0.0000000000	29844	0.0000000000
53	13619337383230444990	0.0000000000	803	0.0000000000
54	16717900351085550691	0.0000000000	2099	0.0000000000
55	4752631359404694832	0.0000000000	1288	0.0000000000
56	16852385624946083254	0.0000000000	1687	0.0000000000
57	15092668313978089557	0.0000000000	5928	0.0000000000
58	15018428760318362298	0.0000000000	4764	0.0000000000
59	7601657687808359178	0.0000000000	15101	0.0000000000
60	2376575417863135000	0.0000000000	281	0.0000000000
61	9568516022596562606	0.0000000000	9444	0.0000000000
62	5734407459137869133	0.0000000000	8100	0.0000000000
63	11431609380208423339	0.0000000000	4376	0.0000000000
64	9223212027600555165	0.0000000000	1703	0.0000000000
65	2994375602573030521	0.0000000000	4116	0.0000000000
66	1241156098068793816	0.0000000000	650	0.0000000000
67	5624815467740092251	0.0000000000	1904	0.0000000000
68	2102232313053957989	0.0000000000	416	0.0000000000
69	13298563719198658168	0.0000000000	2015	0.0000000000
70	2050456454754125474	0.0000000000	1892	0.0000000000
71	3014024255359366061	0.0000000000	1179	0.0000000000
72	12804849303602132009	0.0000000000	1002	0.0000000000
73	10425554880302643908	0.0000000000	143	0.0000000000

# saddles
peakId1	peakId2	peakHash1	peakHash2	saddleTree1	saddleTree2	saddleLnL	saddleProbability	barrierFromPeak1	barrierFromPeak2
0	1	10165324746644879865	11209614143821053939	10958810592868683215	17673877195710624636	-10227.9794921875	0.0001352559	8.8419634359	2.9957277339
0	2	10165324746644879865	15833357601308018089	7871564078969459474	15400983332740138703	-10229.0986328125	0.0000441855	9.9611040609	2.3276870680
3	1	2400508826370169201	11209614143821053939	3140883756056017950	8137224637682510504	-10234.5517578125	0.0000001891	5.8943870840	9.5679933589
0	6	10165324746644879865	13028795077775133422	12005453703926597401	13028795077775133422	-10234.9931640625	0.0000001217	15.8556353109	0.3394178293
3	5	2400508826370169201	17841368144436045441	17043144669045258795	17841368144436045441	-10235.0126953125	0.0000001193	6.3553245840	0.8822463176
6	2	13028795077775133422	15833357601308018089	6678636796736523155	13028795077775133422	-10235.0556640625	0.0000001143	0.4019178293	8.2847183180
4	0	8097248218632962140	10165324746644879865	6356236112358619303	7009746795063711375	-10235.1162109375	0.0000001076	1.2616386043	15.9786821859
3	2	2400508826370169201	15833357601308018089	12693898379247289269	15417391557239351433	-10236.1435546875	0.0000000385	7.4861839590	9.3726089430
0	7	10165324746644879865	11117569714726431401	2136193308151105955	5175182625271545358	-10236.3222656250	0.0000000322	17.1847368734	1.4918513834
8	5	2338638558934973707	17841368144436045441	2338638558934973707	16932250139243472492	-10236.7812500000	0.0000000203	0.0311116788	2.6508010051
9	6	6647163709767477061	13028795077775133422	6647163709767477061	15006664381456021068	-10238.1152343750	0.0000000054	0.5933227675	3.4614881418
9	0	6647163709767477061	10165324746644879865	6647163709767477061	9434512680902744146	-10239.1845703125	0.0000000018	1.6626587050	20.0470415609
1	5	11209614143821053939	17841368144436045441	1485106844589300237	6020077794393600142	-10239.6044921875	0.0000000012	14.6207277339	5.4740431926
8	1	2338638558934973707	11209614143821053939	2338638558934973707	12427887008169045005	-10240.2382812500	0.0000000006	3.4881429288	15.2545167964
8	3	2338638558934973707	2400508826370169201	2338638558934973707	17941167617744941791	-10240.3339843750	0.0000000006	3.5838460538	11.6766136465
9	1	6647163709767477061	11209614143821053939	3062623762975369334	10376872392941221789	-10240.6748046875	0.0000000004	3.1528930800	15.6910402339
11	0	4089866445876100708	10165324746644879865	7657919651547155895	15068681674893713624	-10240.8300781250	0.0000000004	0.9090972348	21.6925493734
9	2	6647163709767477061	15833357601308018089	6647163709767477061	17293284432910420194	-10241.2919921875	0.0000000002	3.7700805800	14.5210464430
11	2	4089866445876100708	15833357601308018089	5478637832728317354	12704369266832113913	-10241.6113281250	0.0000000002	1.6903472348	14.8403823805
10	1	5125778371293291106	11209614143821053939	12670960534182451916	15642951054723411329	-10241.6748046875	0.0000000002	2.5533455269	16.6910402339
3	0	2400508826370169201	10165324746644879865	2932259943016398583	10586100983180117073	-10241.9716796875	0.0000000001	13.3143089590	22.8341509359
13	1	9388353752879206249	11209614143821053939	8660884555856093856	9388353752879206249	-10242.0429687500	0.0000000001	0.6176049579	17.0592042964
14	13	5693540783912640859	9388353752879206249	5693540783912640859	15778852779138966069	-10242.3378906250	0.0000000001	0.6578848783	0.9125268329
1	2	11209614143821053939	15833357601308018089	15416881992222584668	17412021461931205790	-10242.3886718750	0.0000000001	17.4049074214	15.6177261305
15	3	2021587758018320124	2400508826370169201	2021587758018320124	11233834496371355046	-10243.4238281250	0.0000000000	1.4991923360	14.7664573965
4	16	8097248218632962140	16863307900853720354	5105288653522676456	16863307900853720354	-10243.4433593750	0.0000000000	9.5887870418	1.5143005103
2	5	15833357601308018089	17841368144436045441	3058388760725912184	15132573050978233969	-10243.7080078125	0.0000000000	16.9370620680	9.5775588176
17	4	5868884973666812058	8097248218632962140	1302124892145352593	5868884973666812058	-10243.9150390625	0.0000000000	1.2851460981	10.0604667293
13	0	9388353752879206249	10165324746644879865	7043104491117617483	9388353752879206249	-10243.9736328125	0.0000000000	2.5482690204	24.8361040609
12	21	3464689620348449069	6062790282938113025	6062790282938113025	13799792971338575685	-10244.1591796875	0.0000000000	4.0915909179	0.6820393676
10	19	5125778371293291106	15210271395121730115	2048124809329061291	15210271395121730115	-10244.6523437500	0.0000000000	5.5308845894	1.2159458296
20	7	6461476422044957467	11117569714726431401	3238636358793092726	6461476422044957467	-10244.7187500000	0.0000000000	1.2777974378	9.8883357584
15	14	2021587758018320124	5693540783912640859	10420028065202698790	17148934979343451136	-10244.7470703125	0.0000000000	2.8224345235	3.0670645658
14	1	5693540783912640859	11209614143821053939	5693540783912640859	15870873569675239047	-10244.8535156250	0.0000000000	3.1735098783	19.8697511714
14	20	5693540783912640859	6461476422044957467	6614707038891075548	10420028065202698790	-10245.1074218750	0.0000000000	3.4274161283	1.6664693128
15	20	2021587758018320124	6461476422044957467	6614707038891075548	17148934979343451136	-10245.1074218750	0.0000000000	3.1827860860	1.6664693128
18	3	1973719994620597956	2400508826370169201	1973719994620597956	14674438845241826528	-10245.1699218750	0.0000000000	2.5201177281	16.5125511465
11	7	4089866445876100708	11117569714726431401	4381995328886266115	6428927195282569396	-10245.2568359375	0.0000000000	5.3358550473	10.4264216959
3	9	2400508826370169201	6647163709767477061	9155027488200279891	10376872392941221789	-10245.5078125000	0.0000000000	16.8504417715	7.9859008925
7	2	11117569714726431401	15833357601308018089	3238636358793092726	4373187269887513004	-10245.7451171875	0.0000000000	10.9147029459	18.9741714430
20	2	6461476422044957467	15833357601308018089	4373187269887513004	6461476422044957467	-10245.7451171875	0.0000000000	2.3041646253	18.9741714430
20	13	6461476422044957467	9388353752879206249	6614707038891075548	6618811360627997981	-10245.9472656250	0.0000000000	2.5063130628	4.5219018329
12	0	3464689620348449069	10165324746644879865	10177037580107130130	10483521544835318520	-10246.2939453125	0.0000000000	6.2263565429	27.1564165609
13	7	9388353752879206249	11117569714726431401	2458727775262177422	15778852779138966069	-10246.4306640625	0.0000000000	5.0053002704	11.6002498209
12	22	3464689620348449069	17771635600684448131	12592907481926898719	13835087317324911035	-10247.6601562500	0.0000000000	7.5925674804	0.8973250388
15	2	2021587758018320124	15833357601308018089	6061180991413134112	15773909850537209665	-10247.7763671875	0.0000000000	5.8517313985	21.0054214430
20	9	6461476422044957467	6647163709767477061	2001836750305139681	6461476422044957467	-10248.5771484375	0.0000000000	5.1361958753	11.0552368300
3	14	2400508826370169201	5693540783912640859	10420028065202698790	15966488900480619122	-10248.6728515625	0.0000000000	20.0154808340	6.9928458158
4	2	8097248218632962140	15833357601308018089	10197867685656121051	11833137288116569588	-10248.8281250000	0.0000000000	14.9735526668	22.0571792555
2	16	15833357601308018089	16863307900853720354	11854829226489295273	16863307900853720354	-10248.9355468750	0.0000000000	22.1646011305	7.0064880103
20	0	6461476422044957467	10165324746644879865	17541104812559320201	17748065873535968041	-10249.1328125000	0.0000000000	5.6918599378	29.9952837484
18	10	1973719994620597956	5125778371293291106	1973719994620597956	4189523858202860901	-10249.1611328125	0.0000000000	6.5113286656	10.0396736519
3	6	2400508826370169201	13028795077775133422	331282294840773590	12387414171653753279	-10249.2539062500	0.0000000000	20.5965355215	14.6001600168
8	0	2338638558934973707	10165324746644879865	8446682362532524739	11747503385402608210	-10249.2744140625	0.0000000000	12.5242757413	30.1368853109
4	19	8097248218632962140	15210271395121730115	8233412234948180876	16547584788473451339	-10249.3027343750	0.0000000000	15.4481620418	5.8663364546
9	7	6647163709767477061	11117569714726431401	2001836750305139681	8723005944569790520	-10249.4375000000	0.0000000000	11.9155883925	14.6070857584
18	25	1973719994620597956	15270237447969908554	8619339533254115223	15270237447969908554	-10249.5039062500	0.0000000000	6.8541021031	1.1538189671
24	23	1578537932394219965	18425980509938217647	1578537932394219965	15327829470386786217	-10249.5820312500	0.0000000000	1.3090539468	2.7123738328
7	6	11117569714726431401	13028795077775133422	7706612928534901158	7909286822339476807	-10249.8017578125	0.0000000000	14.9713435709	15.1480115793
11	6	4089866445876100708	13028795077775133422	4381995328886266115	7706612928534901158	-10249.8017578125	0.0000000000	9.8807769223	15.1480115793
21	7	6062790282938113025	11117569714726431401	303273094537110141	2922388312420559484	-10249.8095703125	0.0000000000	6.3324299926	14.9791560709
17	0	5868884973666812058	10165324746644879865	5868884973666812058	12927285223347647161	-10249.9453125000	0.0000000000	7.3154195356	30.8077837484
20	1	6461476422044957467	11209614143821053939	11859059456140374807	15138031204607539410	-10250.3320312500	0.0000000000	6.8910786878	25.3482667964
15	5	2021587758018320124	17841368144436045441	12679491779273469199	17148934979343451136	-10250.4111328125	0.0000000000	8.4864970235	16.2806838176
20	5	6461476422044957467	17841368144436045441	12679491779273469199	15138031204607539410	-10250.4111328125	0.0000000000	6.9701802503	16.2806838176
10	4	5125778371293291106	8097248218632962140	7409196879006578432	11093553237190484250	-10250.5683593750	0.0000000000	11.4469002144	16.7137870418
25	5	15270237447969908554	17841368144436045441	2764996054515752099	15439438053134453425	-10250.7226562500	0.0000000000	2.3725689671	16.5922072551
3	13	2400508826370169201	9388353752879206249	9858444895718944365	17641615064703681597	-10250.8164062500	0.0000000000	22.1590355215	9.3910424579
1	19	11209614143821053939	15210271395121730115	13178780222980554541	13194851668646076043	-10250.8515625000	0.0000000000	25.8677980464	7.4151645796
12	26	3464689620348449069	17548949165766628857	13394917531190621427	17548949165766628857	-10251.2197265625	0.0000000000	11.1521377929	2.0277343228
14	5	5693540783912640859	17841368144436045441	10276139902203730522	12679491779273469199	-10251.2851562500	0.0000000000	9.6051505033	17.1547072551
2	22	15833357601308018089	17771635600684448131	10252183064244894760	16282154101179722386	-10251.3154296875	0.0000000000	24.5444839430	4.5525984763
15	13	2021587758018320124	9388353752879206249	2881135123263353158	15723351199871525263	-10251.3271484375	0.0000000000	9.4025126485	9.9017846454
21	0	6062790282938113025	10165324746644879865	553697914904578437	17390058670700900997	-10251.3378906250	0.0000000000	7.8607503051	32.2003618734
28	5	15238071704247467969	17841368144436045441	10983270043728326389	11727573290768950590	-10251.6611328125	0.0000000000	1.1417014218	17.5306838176
21	22	6062790282938113025	17771635600684448131	2950559159078866076	17272878441953726812	-10251.8056640625	0.0000000000	8.3285237426	5.0428328513
17	16	5868884973666812058	16863307900853720354	6642030107527386036	7125842856364449491	-10251.8242187500	0.0000000000	9.1943257856	9.8951598853
3	28	2400508826370169201	15238071704247467969	11480894369287919551	11727573290768950590	-10252.0410156250	0.0000000000	23.3836448965	1.5215842343
9	5	6647163709767477061	17841368144436045441	7828958827823696589	9353157700825717771	-10252.0937500000	0.0000000000	14.5718383925	17.9633010051
21	23	6062790282938113025	18425980509938217647	8016357204476824856	9188415442891134996	-10252.1015625000	0.0000000000	8.6244221801	5.2319050828
8	28	2338638558934973707	15238071704247467969	11728420377290644427	12624892187144804661	-10252.1279296875	0.0000000000	15.3777913663	1.6084982968
1	28	11209614143821053939	15238071704247467969	13974053680138963632	15050272062972037331	-10252.2412109375	0.0000000000	27.2574464839	1.7217795468
24	12	1578537932394219965	3464689620348449069	2764367820571279239	7547113391579760726	-10252.4179687500	0.0000000000	4.1449914468	12.3503799804
12	7	3464689620348449069	11117569714726431401	2918255000951925972	11510189927551941683	-10252.5869140625	0.0000000000	12.5193252929	17.7564998209
15	1	2021587758018320124	11209614143821053939	11872712301015975411	15209164213483864180	-10252.8378906250	0.0000000000	10.9132548360	27.8541261714
11	22	4089866445876100708	17771635600684448131	785742842918966732	10901423335512889133	-10252.8535156250	0.0000000000	12.9325347348	6.0906844138
24	1	1578537932394219965	11209614143821053939	3021083139405264013	11801200926042706594	-10252.9140625000	0.0000000000	4.6410851968	27.9302980464
3	20	2400508826370169201	6461476422044957467	11073344034020910693	17583493074028480057	-10253.0263671875	0.0000000000	24.3689964590	9.5854146253
18	16	1973719994620597956	16863307900853720354	228362156542583094	3881638492324290812	-10253.0937500000	0.0000000000	10.4439458531	11.1646911353
1	6	11209614143821053939	13028795077775133422	7249878530557198929	8983720229477153787	-10253.0966796875	0.0000000000	28.1129152339	18.4429334543
0	16	10165324746644879865	16863307900853720354	3520276348469384319	12315098415047078649	-10253.3056640625	0.0000000000	34.1681353109	11.3766051978
10	25	5125778371293291106	15270237447969908554	12998550630215051802	14423478032906258425	-10253.3134765625	0.0000000000	14.1920174019	4.9633892796
13	23	9388353752879206249	18425980509938217647	4911918552047592431	17300205604803488154	-10253.5517578125	0.0000000000	12.1263940204	6.6821003953
12	23	3464689620348449069	18425980509938217647	15327829470386786217	17948683681897877737	-10253.6796875000	0.0000000000	13.6120987304	6.8100300828
29	25	2590246260731145299	15270237447969908554	2590246260731145299	14909545260583922371	-10253.7011718750	0.0000000000	1.3721847234	5.3510845921
29	19	2590246260731145299	15210271395121730115	2590246260731145299	6537450317965962994	-10253.8388671875	0.0000000000	1.5098800359	10.4024692671
8	2	2338638558934973707	15833357601308018089	13244251001240808323	18285935876622690317	-10253.8457031250	0.0000000000	17.0955648038	27.0747573805
10	0	5125778371293291106	10165324746644879865	6264505114790991852	16517479229440517028	-10253.9277343750	0.0000000000	14.8062752144	34.7902056234
19	16	15210271395121730115	16863307900853720354	386156063529096355	1272129217024713216	-10254.1367187500	0.0000000000	10.7003208296	12.2076598853
8	13	2338638558934973707	9388353752879206249	1465424749158359766	4969293619790216375	-10254.3076171875	0.0000000000	17.5574788663	12.8822533954
0	22	10165324746644879865	17771635600684448131	8293827489245587600	12660302791514395570	-10254.4023437500	0.0000000000	35.2648149984	7.6395125388
14	0	5693540783912640859	10165324746644879865	888613147143871619	2549493515647403087	-10254.4882812500	0.0000000000	12.8082755033	35.3507524984
1	23	11209614143821053939	18425980509938217647	5986442704493987253	15242417785223887176	-10254.7744140625	0.0000000000	29.7906496089	7.9047566453
10	16	5125778371293291106	16863307900853720354	3120224056986669789	8035990497611050803	-10255.0800781250	0.0000000000	15.9586189644	13.1510192603
12	2	3464689620348449069	15833357601308018089	9845750594085400356	10925511942969885311	-10255.2382812500	0.0000000000	15.1706924804	28.4673355055
18	19	1973719994620597956	15210271395121730115	4313271696936144285	6537450317965962994	-10255.3896484375	0.0000000000	12.7398442906	11.9532505171
8	25	2338638558934973707	15270237447969908554	1110230113983525551	2646178967431793670	-10255.5820312500	0.0000000000	18.8318929288	7.2319439671
32	26	5088468608694452078	17548949165766628857	5088468608694452078	15966479089332078565	-10255.6162109375	0.0000000000	1.1650497473	6.4242186978
36	23	6949163309424221588	18425980509938217647	6949163309424221588	8899012490943821707	-10255.6982421875	0.0000000000	0.1185377098	8.8285847703
0	5	10165324746644879865	17841368144436045441	92963804506858535	4184771207587591808	-10255.7021484375	0.0000000000	36.5646196859	21.5716994426
35	5	6484463227862144676	17841368144436045441	584041028509215598	6484463227862144676	-10255.7041015625	0.0000000000	0.1973247051	21.5736525676
31	23	5431396170490344121	18425980509938217647	4261567102654154666	17906229562249300271	-10255.9208984375	0.0000000000	1.7315603047	9.0512410203
33	27	5883306076231458735	9460063871844575253	5883306076231458735	6961942584204203143	-10256.0634765625	0.0000000000	1.5971066814	6.8131343400
0	38	10165324746644879865	13102877500905252749	1432382845528575554	13102877500905252749	-10256.1318359375	0.0000000000	36.9943071859	0.1265054632
30	22	5860122236468879057	17771635600684448131	11519138589060554456	12013731727248931871	-10256.1523437500	0.0000000000	3.2223376762	9.3895125388
8	37	2338638558934973707	14773085639508646864	8941852659189868930	14773085639508646864	-10256.1708984375	0.0000000000	19.4207601163	0.5865609581
17	34	5868884973666812058	11978150189334513253	426451501965980519	11978150189334513253	-10256.2900390625	0.0000000000	13.6601460981	0.8401646456
30	27	5860122236468879057	9460063871844575253	2323159780272430850	17480829139332508638	-10256.3554687500	0.0000000000	3.4254626762	7.1051265275
14	23	5693540783912640859	18425980509938217647	11296391802246036351	18191583866961796165	-10256.4287109375	0.0000000000	14.7487051908	9.5590535203
24	36	1578537932394219965	6949163309424221588	2866964673537620794	7385238525048435299	-10256.5263671875	0.0000000000	8.2533898843	0.9466627098
27	23	9460063871844575253	18425980509938217647	1770943422319405986	6886201861784595029	-10256.5341796875	0.0000000000	7.2838374650	9.6645222703
17	7	5868884973666812058	11117569714726431401	2768281465828745041	17513458917254461630	-10256.5351562500	0.0000000000	13.9052632856	21.7047420084
30	21	5860122236468879057	6062790282938113025	2367493982591687183	11519138589060554456	-10256.5566406250	0.0000000000	3.6266345512	13.0795003051
14	7	5693540783912640859	11117569714726431401	6281286079115789819	10420028065202698790	-10256.7246093750	0.0000000000	15.0446036283	21.8941951334
35	1	6484463227862144676	11209614143821053939	6484463227862144676	14645269151828033685	-10256.7998046875	0.0000000000	1.2930278301	31.8160402339
3	37	2400508826370169201	14773085639508646864	8877016119744351712	14446337824916218149	-10256.8408203125	0.0000000000	28.1834495840	1.2564828331
4	34	8097248218632962140	11978150189334513253	1406587456062896175	11978150189334513253	-10256.9833984375	0.0000000000	23.1288261043	1.5335240206
38	2	13102877500905252749	15833357601308018089	13102877500905252749	13764131983488368950	-10256.9853515625	0.0000000000	0.9800210882	30.2144058180
34	16	11978150189334513253	16863307900853720354	11978150189334513253	14381025717244352010	-10257.1337890625	0.0000000000	1.6839146456	15.2047301978
40	41	11472758483394683188	17465034485350747349	10400140603584825885	17465034485350747349	-10257.3066406250	0.0000000000	0.5940435727	0.4534529522
4	7	8097248218632962140	11117569714726431401	2768281465828745041	8005215852482849001	-10257.3261718750	0.0000000000	23.4715995418	22.4957576334
4	26	8097248218632962140	17548949165766628857	2651683804141679554	12025618438145453486	-10257.4599609375	0.0000000000	23.6053886043	8.2679686978
41	22	17465034485350747349	17771635600684448131	11016977656084199207	17465034485350747349	-10257.5058593750	0.0000000000	0.6526717022	10.7430281638
3	35	2400508826370169201	6484463227862144676	10578986871786297832	13159061182500205916	-10257.5185546875	0.0000000000	28.8611839590	2.0117778301
35	37	6484463227862144676	14773085639508646864	8877016119744351712	13159061182500205916	-10257.5185546875	0.0000000000	2.0117778301	1.9342172081
18	2	1973719994620597956	15833357601308018089	4458574318909469887	6377227557443288309	-10257.6240234375	0.0000000000	14.9742192906	30.8530776930
33	36	5883306076231458735	6949163309424221588	15036657164961935289	15750201390616175260	-10257.7275390625	0.0000000000	3.2611691814	2.1478345848
15	36	2021587758018320124	6949163309424221588	904893185452848492	4271400954292697436	-10258.0273437500	0.0000000000	16.1027079610	2.4476392723
11	21	4089866445876100708	6062790282938113025	4374033117908799325	10072499594731947372	-10258.0429687500	0.0000000000	18.1219878598	14.5658284301
3	36	2400508826370169201	6949163309424221588	14203569150203727914	16235931969332581245	-10258.0664062500	0.0000000000	29.4090355215	2.4867017723
39	33	4699872589231047194	5883306076231458735	2028435488219876448	11705959873553126106	-10258.1289062500	0.0000000000	1.8921975543	3.6625363689
25	2	15270237447969908554	15833357601308018089	6189826978426755363	12228847622422946040	-10258.1542968750	0.0000000000	9.8042095921	31.3833511305
40	22	11472758483394683188	17771635600684448131	10734931302950725785	11472758483394683188	-10258.1777343750	0.0000000000	1.4651373227	11.4149031638
30	20	5860122236468879057	6461476422044957467	82771206231645919	17764153672994509651	-10258.5664062500	0.0000000000	5.6364001762	15.1254536878
14	2	5693540783912640859	15833357601308018089	8624077432157779370	14632998173921476648	-10258.7451171875	0.0000000000	17.0651114408	31.9741714430
31	27	5431396170490344121	9460063871844575253	62689216377571240	15111320114374320318	-10259.0087890625	0.0000000000	4.8194509297	9.7584468400
3	25	2400508826370169201	15270237447969908554	2720191138623806872	11736520374694472015	-10259.2109375000	0.0000000000	30.5535667715	10.8608502171
0	26	10165324746644879865	17548949165766628857	443005771211169109	16812717941519163116	-10259.3564453125	0.0000000000	40.2189165609	10.1644530728
15	11	2021587758018320124	4089866445876100708	2716644559355162900	10354846421893489249	-10259.6513671875	0.0000000000	17.7267313985	19.7303862973
12	32	3464689620348449069	5088468608694452078	6807634566290368216	10143515747391948248	-10259.7099609375	0.0000000000	19.6423721679	5.2587997473
29	5	2590246260731145299	17841368144436045441	6435890587349257389	14453925174144077309	-10259.7128906250	0.0000000000	7.3839034734	25.5824416301
20	6	6461476422044957467	13028795077775133422	1222476591949611084	8087996943169020033	-10259.7138671875	0.0000000000	16.2729146253	25.0601209543
20	27	6461476422044957467	9460063871844575253	9586001285924161444	14698995447868550567	-10259.7705078125	0.0000000000	16.3295552503	10.5201655900
24	14	1578537932394219965	5693540783912640859	4622416189263077550	13731674815576079201	-10259.8720703125	0.0000000000	11.5990930093	18.1920645658
39	23	4699872589231047194	18425980509938217647	4699872589231047194	5450643263619402595	-10259.9619140625	0.0000000000	3.7252053668	13.0922566453
39	27	4699872589231047194	9460063871844575253	4699872589231047194	11938492591296951444	-10260.0107421875	0.0000000000	3.7740334918	10.7603999650
36	22	6949163309424221588	17771635600684448131	6547779094697520975	17333718225131670664	-10260.0781250000	0.0000000000	4.4984205223	13.3152937888
15	27	2021587758018320124	9460063871844575253	10517105867611962413	15015923641997482506	-10260.0947265625	0.0000000000	18.1700907735	10.8443843400
32	17	5088468608694452078	5868884973666812058	17351218025447878687	18043147183795919953	-10260.0947265625	0.0000000000	5.6435653723	17.4648335981
42	22	13278762253849637909	17771635600684448131	11043515314788732005	13278762253849637909	-10260.1035156250	0.0000000000	0.7868654058	13.3406844138
39	36	4699872589231047194	6949163309424221588	1895779442249518100	15915827362327864871	-10260.1191406250	0.0000000000	3.8824319293	4.5394361473
11	13	4089866445876100708	9388353752879206249	3899403371307532055	11983225076104603536	-10260.1503906250	0.0000000000	20.2294097348	18.7250268329
15	23	2021587758018320124	18425980509938217647	10473984609039981975	12066983140785012644	-10260.2089843750	0.0000000000	18.2843485860	13.3393269578
33	5	5883306076231458735	17841368144436045441	5602650994705855513	16418258921546143457	-10260.2285156250	0.0000000000	5.7621457439	26.0980666301
15	33	2021587758018320124	5883306076231458735	9087576110224674919	18296500173648164418	-10260.2763671875	0.0000000000	18.3517313985	5.8099973064
25	16	15270237447969908554	16863307900853720354	180453286543607389	6981955854782265325	-10260.3339843750	0.0000000000	11.9838970921	18.4049255103
15	0	2021587758018320124	10165324746644879865	11155493109299559056	18261384417561206074	-10260.3574218750	0.0000000000	18.4327860860	41.2198931234
44	26	11072636854126668426	17548949165766628857	8614525439598178205	11072636854126668426	-10260.4238281250	0.0000000000	0.4059301573	11.2318358853
3	33	2400508826370169201	5883306076231458735	1727543837926736936	15036657164961935289	-10260.4296875000	0.0000000000	31.7723167715	5.9633176189
1	37	11209614143821053939	14773085639508646864	2659031927544703342	9666057389832745769	-10260.4462890625	0.0000000000	35.4625246089	4.8619515831
29	4	2590246260731145299	8097248218632962140	11461565836794908640	16721772921509050249	-10260.4990234375	0.0000000000	8.1700362859	26.6444511043
24	39	1578537932394219965	4699872589231047194	5899045354776592447	11705959873553126106	-10260.7070312500	0.0000000000	12.4340539468	4.4703225543
30	7	5860122236468879057	11117569714726431401	82771206231645919	8726395627417440081	-10260.7314453125	0.0000000000	7.8014392387	25.9010310709
6	5	13028795077775133422	17841368144436045441	726670666974686230	14436114847638532745	-10260.9707031250	0.0000000000	26.3169568918	26.8402541301
17	26	5868884973666812058	17548949165766628857	10665098846844968955	17351218025447878687	-10260.9882812500	0.0000000000	18.3583882856	11.7962890103
33	40	5883306076231458735	11472758483394683188	685160195891380837	7702939244901718940	-10261.2617187500	0.0000000000	6.7953488689	4.5491216977
21	2	6062790282938113025	15833357601308018089	4201260142878399855	6060645378639150858	-10261.3193359375	0.0000000000	17.8421956176	34.5483901930
43	26	11399600364733442468	17548949165766628857	5966544081896977740	11656408984295656904	-10261.3427734375	0.0000000000	1.8229464157	12.1507811978
15	7	2021587758018320124	11117569714726431401	4364446365833564310	10218321272143562573	-10261.4785156250	0.0000000000	19.5538798360	26.6481013834
31	1	5431396170490344121	11209614143821053939	3443765872665332603	6409894591234741386	-10261.5048828125	0.0000000000	7.3155446797	36.5211183589
31	13	5431396170490344121	9388353752879206249	5910653459827107663	6409894591234741386	-10261.5048828125	0.0000000000	7.3155446797	20.0795190204
7	22	11117569714726431401	17771635600684448131	3363927629015260300	10700016003539310794	-10261.7236328125	0.0000000000	26.8932185709	14.9608016013
24	33	1578537932394219965	5883306076231458735	5659821503851919387	18044158139211579942	-10261.7548828125	0.0000000000	13.4819055093	7.2885129314
0	23	10165324746644879865	18425980509938217647	9579383396239167354	11266394846727425642	-10261.7714843750	0.0000000000	42.6339556234	14.9018269578
38	28	13102877500905252749	15238071704247467969	1890228523524929415	16375187749119019002	-10261.7851562500	0.0000000000	5.7798257757	11.2657248593
7	1	11117569714726431401	11209614143821053939	3894088902231151110	16646606859585791476	-10261.8134765625	0.0000000000	26.9830623209	36.8297121089
39	37	4699872589231047194	14773085639508646864	11705959873553126106	17512708669106545696	-10261.8691406250	0.0000000000	5.6324319293	6.2848031456
36	27	6949163309424221588	9460063871844575253	5036599221194386719	17635375807088261201	-10261.8857421875	0.0000000000	6.3060377098	12.6353999650
0	37	10165324746644879865	14773085639508646864	2633960089574796753	12246448473314351054	-10261.9814453125	0.0000000000	42.8439165609	6.3971078331
27	40	9460063871844575253	11472758483394683188	3731846518578619403	7677122054988399029	-10262.0576171875	0.0000000000	12.8072749650	5.3450201352
27	5	9460063871844575253	17841368144436045441	654417426951560768	18132552410359175786	-10262.0986328125	0.0000000000	12.8482905900	27.9681838176
39	22	4699872589231047194	17771635600684448131	3873705978104836186	13036135110043106115	-10262.1171875000	0.0000000000	5.8804788043	15.3543562888
20	22	6461476422044957467	17771635600684448131	5927614997025505603	8136751437852071429	-10262.1406250000	0.0000000000	18.6996724378	15.3777937888
30	2	5860122236468879057	15833357601308018089	1479737032356479681	6648224627571619707	-10262.1865234375	0.0000000000	9.2565173637	35.4155776930
42	26	13278762253849637909	17548949165766628857	6749896949348261654	15266881977602212447	-10262.1943359375	0.0000000000	2.8776857183	13.0023436978
45	44	2304489905002361840	11072636854126668426	1882641506755390958	3653745089315545396	-10262.2714843750	0.0000000000	0.6762341464	2.2535864073
12	36	3464689620348449069	6949163309424221588	6621078389824050297	7831756324104505105	-10262.3164062500	0.0000000000	22.2488174804	6.7367017723
17	2	5868884973666812058	15833357601308018089	9306048273258559094	14325118934084151429	-10262.4257812500	0.0000000000	19.7958882856	35.6548355055
15	22	2021587758018320124	17771635600684448131	3254657246886971630	13073971032657184587	-10262.5742187500	0.0000000000	20.6495829610	15.8113875388
29	16	2590246260731145299	16863307900853720354	10271178903759152589	18174950650513044796	-10262.5947265625	0.0000000000	10.2657394109	20.6656676978
11	5	4089866445876100708	17841368144436045441	10751019715835922325	15532190941940209163	-10262.6132812500	0.0000000000	22.6923003598	28.4828322551
45	42	2304489905002361840	13278762253849637909	2304489905002361840	6225196903939392270	-10262.6376953125	0.0000000000	1.0424450839	3.3210450933
37	5	14773085639508646864	17841368144436045441	13567739703831398261	14863219921663932824	-10262.7451171875	0.0000000000	7.1607797081	28.6146681926
22	23	17771635600684448131	18425980509938217647	3460108121398260093	12680572882614324846	-10262.7519531250	0.0000000000	15.9891219138	15.8822957078
33	37	5883306076231458735	14773085639508646864	1927854120045424609	5602650994705855513	-10262.7666015625	0.0000000000	8.3002316814	7.1822640831
12	13	3464689620348449069	9388353752879206249	556473541836768932	5101635177179000294	-10262.8525390625	0.0000000000	22.7849502929	21.4271752704
10	5	5125778371293291106	17841368144436045441	8061032498410188923	16183599108949643761	-10262.8818359375	0.0000000000	23.7603767769	28.7513869426
12	20	3464689620348449069	6461476422044957467	8136751437852071429	16732194419446987496	-10262.8837890625	0.0000000000	22.8162002929	19.4428365003
32	0	5088468608694452078	10165324746644879865	8277075461353417944	10789225392924338893	-10262.9013671875	0.0000000000	8.4502059973	43.7638384359
32	42	5088468608694452078	13278762253849637909	14521502427668500764	18444055435656196972	-10262.9296875000	0.0000000000	8.4785263098	3.6130372808
3	27	2400508826370169201	9460063871844575253	9589073342821245932	10529600173670999424	-10262.9912109375	0.0000000000	34.3338402090	13.7408687150
12	39	3464689620348449069	4699872589231047194	13036135110043106115	17470065945001644692	-10263.0009765625	0.0000000000	22.9333877929	6.7642678668
13	27	9388353752879206249	9460063871844575253	11938492591296951444	13933222813471598081	-10263.0048828125	0.0000000000	21.5795190204	13.7545405900
33	22	5883306076231458735	17771635600684448131	11517450313277141560	15237062190320413006	-10263.0449218750	0.0000000000	8.5785519939	16.2820906638
20	23	6461476422044957467	18425980509938217647	6814315096567313654	10461362089492903853	-10263.1132812500	0.0000000000	19.6723286878	16.2436238328
17	19	5868884973666812058	15210271395121730115	489761665382144438	17019111641090424978	-10263.1386718750	0.0000000000	20.5087789106	19.7022739546
19	25	15210271395121730115	15270237447969908554	1024143967064888287	1170261532111879742	-10263.1611328125	0.0000000000	19.7247348921	14.8110455296
18	1	1973719994620597956	11209614143821053939	3003112281513070683	5674785016320872336	-10263.2070312500	0.0000000000	20.5572271031	38.2232667964
3	19	2400508826370169201	15210271395121730115	1429072642950845154	8788004514538146209	-10263.4082031250	0.0000000000	34.7508323965	19.9718052046
24	3	1578537932394219965	2400508826370169201	6015849900549971380	14800613216972113498	-10263.4169921875	0.0000000000	15.1440148843	34.7596214590
24	28	1578537932394219965	15238071704247467969	11752631253582422878	14800613216972113498	-10263.4169921875	0.0000000000	15.1440148843	12.8975607968
3	10	2400508826370169201	5125778371293291106	4303759791298334947	8577966933577166410	-10263.5136718750	0.0000000000	34.8563011465	24.3922127144
12	38	3464689620348449069	13102877500905252749	967449327443252887	10999170311772755802	-10263.6035156250	0.0000000000	23.5359268554	7.5981851507
38	22	13102877500905252749	17771635600684448131	2151925649706558836	4822175674135520667	-10263.6513671875	0.0000000000	7.6460367132	16.8885359763
24	31	1578537932394219965	5431396170490344121	6409894591234741386	8447502702278546406	-10263.6669921875	0.0000000000	15.3940148843	9.4776540547
47	2	2491649972309366993	15833357601308018089	2491649972309366993	11905054760527437408	-10263.6953125000	0.0000000000	0.0037776253	36.9243667555
21	6	6062790282938113025	13028795077775133422	16333176259564150792	16952565654017847209	-10263.7998046875	0.0000000000	20.3226643676	29.1460584543
3	11	2400508826370169201	4089866445876100708	13523680665382070748	14434139791181845451	-10263.8251953125	0.0000000000	35.1678245840	23.9042144223
33	20	5883306076231458735	6461476422044957467	6814315096567313654	15987427020524685542	-10263.8330078125	0.0000000000	9.3666379314	20.3920552503
6	16	13028795077775133422	16863307900853720354	15746838437303535694	16164604650615698461	-10263.8427734375	0.0000000000	29.1890272043	21.9137145728
0	34	10165324746644879865	11978150189334513253	15036155462213225648	15484365132780396512	-10263.9150390625	0.0000000000	44.7775103109	8.4651646456
13	5	9388353752879206249	17841368144436045441	6589903856146281020	9132877409344700006	-10263.9218750000	0.0000000000	22.4965112079	29.7914260051
21	27	6062790282938113025	9460063871844575253	8238233647736068992	14083355371175293923	-10263.9267578125	0.0000000000	20.4496174926	14.6764155900
35	2	6484463227862144676	15833357601308018089	359988375200482913	10007699545401200677	-10263.9472656250	0.0000000000	8.4404887676	37.1763198805
39	13	4699872589231047194	9388353752879206249	5707791626591784096	12736171751184464069	-10264.0585937500	0.0000000000	7.8218850543	22.6332299579
21	26	6062790282938113025	17548949165766628857	4283274238689827436	5851811470886594965	-10264.1376953125	0.0000000000	20.6605549926	14.9457030728
15	21	2021587758018320124	6062790282938113025	1616345706388111646	10390975239331125009	-10264.2148437500	0.0000000000	22.2902079610	20.7377034301
0	28	10165324746644879865	15238071704247467969	3989856451123696678	9817190746792900770	-10264.3339843750	0.0000000000	45.1964556234	13.8145529843
47	16	2491649972309366993	16863307900853720354	2491649972309366993	7045802997247374954	-10264.3720703125	0.0000000000	0.6805354378	22.4430114478
24	27	1578537932394219965	9460063871844575253	1791860755161581392	9762053160236806579	-10264.4482421875	0.0000000000	16.1752648843	15.1978999650
40	5	11472758483394683188	17841368144436045441	4731334736457401745	7281162472029373817	-10264.5615234375	0.0000000000	7.8489263852	30.4310744426
17	20	5868884973666812058	6461476422044957467	15109395462457961054	15167800510811712768	-10264.8457031250	0.0000000000	22.2158101606	21.4047505628
32	4	5088468608694452078	8097248218632962140	1624267438834854918	15268091444865495659	-10264.8642578125	0.0000000000	10.4130966223	31.0096854793
9	22	6647163709767477061	17771635600684448131	957182241950199943	3254657246886971630	-10264.9248046875	0.0000000000	27.4028930800	18.1619734763
29	1	2590246260731145299	11209614143821053939	4712515131676587997	5317724560057752308	-10264.9824218750	0.0000000000	12.6534347234	39.9986574214
30	9	5860122236468879057	6647163709767477061	82771206231645919	1197201456161014414	-10265.0322265625	0.0000000000	12.1022204887	27.5103149550
1	25	11209614143821053939	15270237447969908554	4182993327699090247	11301792283678646695	-10265.0869140625	0.0000000000	40.1031496089	16.7368267796
14	27	5693540783912640859	9460063871844575253	13336964438833604402	15312007991566406044	-10265.1357421875	0.0000000000	23.4557364408	15.8853999650
47	0	2491649972309366993	10165324746644879865	12931613022826712820	15490931522347685337	-10265.2041015625	0.0000000000	1.5125666878	46.0665728109
36	13	6949163309424221588	9388353752879206249	3538514337837071554	10582605295047906514	-10265.2187500000	0.0000000000	9.6390455223	23.7933862079
8	38	2338638558934973707	13102877500905252749	2897623816025854188	13785937084597740433	-10265.2207031250	0.0000000000	28.4705648038	9.2153726507
7	48	11117569714726431401	12462430359799399029	663242113051066234	12462430359799399029	-10265.2412109375	0.0000000000	30.4107966959	0.3420660337
18	0	1973719994620597956	10165324746644879865	5734170638771318747	7425086702121895504	-10265.2939453125	0.0000000000	22.6441411656	46.1564165609
18	4	1973719994620597956	8097248218632962140	6822197412751924217	13900255114747724632	-10265.3466796875	0.0000000000	22.6968755406	31.4921073543
49	43	5851501803797438112	11399600364733442468	5851501803797438112	13710324660010920164	-10265.4023437500	0.0000000000	0.4428848987	5.8825167282
40	2	11472758483394683188	15833357601308018089	2841553031420643479	13668501990617714571	-10265.4853515625	0.0000000000	8.7727545102	38.7144058180
44	22	11072636854126668426	17771635600684448131	3643434043565208888	11788016162644740781	-10265.5722656250	0.0000000000	5.5543676573	18.8094344138
8	11	2338638558934973707	4089866445876100708	10016542438193344959	14506854895577513998	-10265.6660156250	0.0000000000	28.9158773038	25.7450347348
9	13	6647163709767477061	9388353752879206249	3222546873581976218	15839921967622311102	-10265.6748046875	0.0000000000	28.1528930800	24.2494408954
9	16	6647163709767477061	16863307900853720354	479477831923023415	10330265603677774935	-10265.7314453125	0.0000000000	28.2095337050	23.8023864478
24	22	1578537932394219965	17771635600684448131	11827562549543733202	17608121707654493445	-10265.8085937500	0.0000000000	17.5356164468	19.0457625388
33	23	5883306076231458735	18425980509938217647	11656473260852433355	11812398703377233158	-10265.8427734375	0.0000000000	11.3764035564	18.9731160203
31	14	5431396170490344121	5693540783912640859	8431438719950274150	18118645429271959208	-10265.8574218750	0.0000000000	11.6680837422	24.1774161283
1	16	11209614143821053939	16863307900853720354	5317724560057752308	9089470081785402833	-10265.8720703125	0.0000000000	40.8883058589	23.9430114478
29	50	2590246260731145299	13440359719910072822	12592317256011675524	13440359719910072822	-10265.9179687500	0.0000000000	13.5889815984	0.7716934414
3	48	2400508826370169201	12462430359799399029	5009580761142496988	12462430359799399029	-10265.9306640625	0.0000000000	37.2732933340	1.0315191587
24	13	1578537932394219965	9388353752879206249	11281915520562534683	14218027209297974143	-10265.9599609375	0.0000000000	17.6869836343	24.5345971454
21	36	6062790282938113025	6949163309424221588	13383891015254641197	13830595721864851758	-10266.0195312500	0.0000000000	22.5423909301	10.4398267723
12	33	3464689620348449069	5883306076231458735	13149080856673288306	15058935975657249304	-10266.1025390625	0.0000000000	26.0349502929	11.6361691814
12	1	3464689620348449069	11209614143821053939	5181949599056182022	8785001672144187631	-10266.1074218750	0.0000000000	26.0398331054	41.1236574214
53	26	13619337383230444990	17548949165766628857	8492467704663921810	13619337383230444990	-10266.1933593750	0.0000000000	0.0718350631	17.0013671353
10	51	5125778371293291106	18331383289331445001	5943043549505740909	18331383289331445001	-10266.4140625000	0.0000000000	27.2926033394	0.9803709588
3	22	2400508826370169201	17771635600684448131	4048980271355020570	14085969495740316691	-10266.4560546875	0.0000000000	37.7986839590	19.6932234763
35	0	6484463227862144676	10165324746644879865	10390718216106002410	15244091757229181419	-10266.6533203125	0.0000000000	11.1465434551	47.5157915609
25	51	15270237447969908554	18331383289331445001	16848509280891431374	17929930032817460901	-10266.7080078125	0.0000000000	18.3579205296	1.2743162713
32	22	5088468608694452078	17771635600684448131	2731300898948724804	4816089733826809589	-10266.8232421875	0.0000000000	12.3720809973	20.0604109763
12	43	3464689620348449069	11399600364733442468	6859359113890425705	10041331158847936032	-10266.8544921875	0.0000000000	26.7869034179	7.3346651657
12	40	3464689620348449069	11472758483394683188	3659888054424067693	12842886344689684694	-10266.8740234375	0.0000000000	26.8064346679	10.1614263852
39	40	4699872589231047194	11472758483394683188	2849392664496328013	3659888054424067693	-10266.9130859375	0.0000000000	10.6763772418	10.2004888852
45	26	2304489905002361840	17548949165766628857	8492467704663921810	16261847201186772143	-10267.0039062500	0.0000000000	5.4086560214	17.8119140103
45	53	2304489905002361840	13619337383230444990	13619337383230444990	16261847201186772143	-10267.0039062500	0.0000000000	5.4086560214	0.8823819381
5	23	17841368144436045441	18425980509938217647	11539526051404663529	12701289803511259823	-10267.0078125000	0.0000000000	32.8773635051	20.1381550828
19	5	15210271395121730115	17841368144436045441	8789758152246243076	10774837277745064682	-10267.2109375000	0.0000000000	23.7745395796	33.0804885051
27	41	9460063871844575253	17465034485350747349	10307063640667902095	12298359507940748805	-10267.2724609375	0.0000000000	18.0221187150	10.4192732647
26	22	17548949165766628857	17771635600684448131	9933206995258934824	12011564653304654825	-10267.3027343750	0.0000000000	18.1107421353	20.5399031638
27	1	9460063871844575253	11209614143821053939	11821827232968765689	15558030901682874667	-10267.3027343750	0.0000000000	18.0523921525	42.3189699214
35	27	6484463227862144676	9460063871844575253	15558030901682874667	16608317591559923285	-10267.3027343750	0.0000000000	11.7959575176	18.0523921525
33	1	5883306076231458735	11209614143821053939	7491589186180567451	10455936426212381889	-10267.3349609375	0.0000000000	12.8685910564	42.3511964839
12	44	3464689620348449069	11072636854126668426	16758066669386316230	16762383739525396136	-10267.3681640625	0.0000000000	27.3005752929	7.3502660948
3	7	2400508826370169201	11117569714726431401	3156734088498923565	14147344366709462349	-10267.3798828125	0.0000000000	38.7225120840	32.5494685709
21	9	6062790282938113025	6647163709767477061	6364490995103794596	7182707028652946489	-10267.3828125000	0.0000000000	23.9056721801	29.8609008925
48	5	12462430359799399029	17841368144436045441	12462430359799399029	13105401095080828277	-10267.4316406250	0.0000000000	2.5324957212	33.3011916301
44	42	11072636854126668426	13278762253849637909	13804768083338399382	14653213036154176172	-10267.5244140625	0.0000000000	7.5065160948	8.2077638433
27	22	9460063871844575253	17771635600684448131	3407129152859884711	9332824589306103667	-10267.5966796875	0.0000000000	18.3463374650	20.8338484763
11	14	4089866445876100708	5693540783912640859	2026179901280895989	3917138228394993368	-10267.6630859375	0.0000000000	27.7421050473	25.9830801908
55	5	4752631359404694832	17841368144436045441	4752631359404694832	7092085250955490651	-10267.7255859375	0.0000000000	0.4260694717	33.5951369426
8	39	2338638558934973707	4699872589231047194	4699872589231047194	17866633207187657105	-10267.7929687500	0.0000000000	31.0428304288	11.5562600543
21	20	6062790282938113025	6461476422044957467	668198519391332290	16516435915145135095	-10267.8388671875	0.0000000000	24.3617268676	24.3979146253
7	5	11117569714726431401	17841368144436045441	1039437499232738486	12474852145709403591	-10267.9189453125	0.0000000000	33.0885310709	33.7884963176
31	21	5431396170490344121	6062790282938113025	7739432834685456027	17554142438571148868	-10267.9384765625	0.0000000000	13.7491384297	24.4613362426
15	12	2021587758018320124	3464689620348449069	12411498555637148949	13534215385043616618	-10268.0439453125	0.0000000000	26.1193095235	27.9763565429
11	1	4089866445876100708	11209614143821053939	4958141500626127432	12654957416017979716	-10268.0517578125	0.0000000000	28.1307769223	43.0679933589
11	16	4089866445876100708	16863307900853720354	7415784067228091786	13959291011470469376	-10268.0673828125	0.0000000000	28.1464019223	26.1383239478
7	16	11117569714726431401	16863307900853720354	1692503206323274712	2759024135429062948	-10268.0830078125	0.0000000000	33.2525935709	26.1539489478
12	30	3464689620348449069	5860122236468879057	6927731469778319654	13569019415021709802	-10268.1425781250	0.0000000000	28.0749893554	15.2125720512
30	0	5860122236468879057	10165324746644879865	3915108141370793423	13569019415021709802	-10268.1425781250	0.0000000000	15.2125720512	49.0050493734
18	5	1973719994620597956	17841368144436045441	6211823558969580041	18169348228171383022	-10268.2226562500	0.0000000000	25.5728521031	34.0922072551
14	19	5693540783912640859	15210271395121730115	9306180200764960263	11167115226111523583	-10268.2431640625	0.0000000000	26.5631583158	24.8067661421
45	22	2304489905002361840	17771635600684448131	6414599251336382986	13086408983443853351	-10268.3173828125	0.0000000000	6.7221325839	21.5545516013
12	6	3464689620348449069	13028795077775133422	7690430582838201857	8145273443395733282	-10268.4921875000	0.0000000000	28.4245987304	33.8384412668
39	41	4699872589231047194	17465034485350747349	12355035999701627826	13467659555951851470	-10268.5087890625	0.0000000000	12.2720803668	11.6556013897
30	54	5860122236468879057	16717900351085550691	4751456092836473359	11138086789176106197	-10268.5556640625	0.0000000000	15.6256579887	1.3187077697
6	54	13028795077775133422	16717900351085550691	11602470531215308593	16717900351085550691	-10268.5957031250	0.0000000000	33.9419568918	1.3587468322
27	37	9460063871844575253	14773085639508646864	5719623278261758362	7629079264627749143	-10268.6376953125	0.0000000000	19.3873530900	13.0533578331
2	54	15833357601308018089	16717900351085550691	16717900351085550691	17175536023250900104	-10268.6425781250	0.0000000000	41.8716323805	1.4056218322
4	43	8097248218632962140	11399600364733442468	654846407871963100	13636655160478002916	-10268.7558593750	0.0000000000	34.9012870418	9.2360323532
43	19	11399600364733442468	15210271395121730115	654846407871963100	16955032535605036004	-10268.7558593750	0.0000000000	9.2360323532	25.3194614546
4	44	8097248218632962140	11072636854126668426	5844380208598256387	12756094933911076702	-10268.8281250000	0.0000000000	34.9735526668	8.8102270323
1	40	11209614143821053939	11472758483394683188	1272406759126615650	17406118871473572178	-10268.9052734375	0.0000000000	43.9215089839	12.1926763852
18	50	1973719994620597956	13440359719910072822	3928260838028794841	13440359719910072822	-10268.9218750000	0.0000000000	26.2720708531	3.7755996914
12	27	3464689620348449069	9460063871844575253	376388190923345620	7931533468971395400	-10268.9511718750	0.0000000000	28.8835831054	19.7008296525
44	53	11072636854126668426	13619337383230444990	9459943492436048414	13619337383230444990	-10268.9521484375	0.0000000000	8.9342504698	2.8306241256
3	31	2400508826370169201	5431396170490344121	9589073342821245932	11979077342119452315	-10268.9892578125	0.0000000000	40.3318870840	14.7999196797
39	31	4699872589231047194	5431396170490344121	10675615692368948307	14931570213025715833	-10269.0009765625	0.0000000000	12.7642678668	14.8116384297
6	22	13028795077775133422	17771635600684448131	3774250820119481853	17820969995430045342	-10269.0087890625	0.0000000000	34.3550428293	22.2459578513
52	43	3396079651100282447	11399600364733442468	3396079651100282447	7446421304449645155	-10269.0234375000	0.0000000000	3.4996535763	9.5036104782
18	29	1973719994620597956	2590246260731145299	1017601891752006981	4091370283435825438	-10269.0332031250	0.0000000000	26.3833989781	16.7042159734
31	33	5431396170490344121	5883306076231458735	11100467510997366085	14315024233632827934	-10269.0957031250	0.0000000000	14.9063649922	14.6293332439
47	22	2491649972309366993	17771635600684448131	1094631321011064682	14064357137540641201	-10269.1621093750	0.0000000000	5.4705745003	22.3992781638
16	22	16863307900853720354	17771635600684448131	6149072696044041927	6161937225921678483	-10269.2031250000	0.0000000000	27.2740661353	22.4402937888
0	19	10165324746644879865	15210271395121730115	1100426139628610275	1975026406833389894	-10269.2958984375	0.0000000000	50.1583696859	25.8595005171
56	5	16852385624946083254	17841368144436045441	1863780132526648745	16852385624946083254	-10269.2968750000	0.0000000000	0.3368093981	35.1664260051
18	51	1973719994620597956	18331383289331445001	13200635365919610180	17929930032817460901	-10269.3261718750	0.0000000000	26.6763677281	3.8924803338
28	51	15238071704247467969	18331383289331445001	11959511194131299869	18331383289331445001	-10269.3867187500	0.0000000000	18.8672873593	3.9530272088
57	25	15092668313978089557	15270237447969908554	15092668313978089557	17508807622017445413	-10269.4257812500	0.0000000000	0.0601795671	21.0756939671
49	19	5851501803797438112	15210271395121730115	5541143428754850220	5851501803797438112	-10269.4658203125	0.0000000000	4.5063614612	26.0294223921
21	41	6062790282938113025	17465034485350747349	10084077481027385575	12210731663962214999	-10269.5820312500	0.0000000000	26.1048909301	12.7288435772
10	28	5125778371293291106	15238071704247467969	294554369834223961	5943043549505740909	-10269.6162109375	0.0000000000	30.4947517769	19.0967795468
3	29	2400508826370169201	2590246260731145299	10364907907608613846	10512421232624113888	-10269.6650390625	0.0000000000	41.0076683340	17.3360519109
3	23	2400508826370169201	18425980509938217647	437319638869169778	3046826314325026990	-10269.6992187500	0.0000000000	41.0418480215	22.8295613328
28	23	15238071704247467969	18425980509938217647	3046826314325026990	11752631253582422878	-10269.6992187500	0.0000000000	19.1797873593	22.8295613328
38	5	13102877500905252749	17841368144436045441	1011216987321873919	12863200432053768535	-10269.7460937500	0.0000000000	13.7407632757	35.6156447551
24	0	1578537932394219965	10165324746644879865	7603524944353203951	16183540551530473879	-10269.7519531250	0.0000000000	21.4789758218	50.6144243734
42	2	13278762253849637909	15833357601308018089	966327425226307337	5860342834707296024	-10269.7968750000	0.0000000000	10.4802247808	43.0259292555
13	2	9388353752879206249	15833357601308018089	2676377330078522899	5778365747774656143	-10269.8359375000	0.0000000000	28.4105737079	43.0649917555
27	0	9460063871844575253	10165324746644879865	10600045607347778365	16032471718897743366	-10269.8652343750	0.0000000000	20.6148921525	50.7277056234
30	6	5860122236468879057	13028795077775133422	11602470531215308593	16016498012165359346	-10269.9423828125	0.0000000000	17.0123767387	35.2886365793
31	30	5431396170490344121	5860122236468879057	3537539987669663921	15278273057405259561	-10269.9570312500	0.0000000000	15.7676931172	17.0270251762
32	53	5088468608694452078	13619337383230444990	8190668968709438577	13619337383230444990	-10270.0000000000	0.0000000000	15.5488388098	3.8784756881
34	2	11978150189334513253	15833357601308018089	6438954021640489048	8089100392608174513	-10270.0371093750	0.0000000000	14.5872349581	43.2661636305
47	34	2491649972309366993	11978150189334513253	6438954021640489048	12931613022826712820	-10270.0371093750	0.0000000000	6.3455745003	14.5872349581
43	46	11399600364733442468	12535374395063084085	4908391146086407397	13030577313935981616	-10270.0400390625	0.0000000000	10.5202120407	7.5558860444
33	35	5883306076231458735	6484463227862144676	7534778300584342411	18114712047506299001	-10270.1103515625	0.0000000000	15.6439816814	14.6035747051
55	27	4752631359404694832	9460063871844575253	4752631359404694832	17756230421830994976	-10270.1308593750	0.0000000000	2.8313429092	20.8805171525
3	39	2400508826370169201	4699872589231047194	1895779442249518100	7341530097834498677	-10270.1640625000	0.0000000000	41.5066917715	13.9273538043
52	46	3396079651100282447	12535374395063084085	4005644198424318005	12436931132975982199	-10270.1972656250	0.0000000000	4.6734817013	7.7131126069
46	42	12535374395063084085	13278762253849637909	160953215734885594	16801837990855183910	-10270.2089843750	0.0000000000	7.7248313569	10.8923341558
9	23	6647163709767477061	18425980509938217647	8786255450771150497	17248026447310872414	-10270.3222656250	0.0000000000	32.8003540175	23.4526082078
37	2	14773085639508646864	15833357601308018089	10674811699002981051	12436632019054216039	-10270.3398437500	0.0000000000	14.7555062706	43.5688980055
7	23	11117569714726431401	18425980509938217647	980179856819055418	2171127310742278753	-10270.3730468750	0.0000000000	35.5426326334	23.5033894578
29	46	2590246260731145299	12535374395063084085	3435815701643306891	7441981860046711767	-10270.4189453125	0.0000000000	18.0899581609	7.9347922944
33	46	5883306076231458735	12535374395063084085	5208955235677644033	12460784579850353232	-10270.4570312500	0.0000000000	15.9906613689	7.9728782319
2	56	15833357601308018089	16852385624946083254	9850364080343743324	16852385624946083254	-10270.6025390625	0.0000000000	43.8315933180	1.6424734606
28	2	15238071704247467969	15833357601308018089	7693279615487738709	12015646658204319020	-10270.6123046875	0.0000000000	20.0928732968	43.8413589430
12	31	3464689620348449069	5431396170490344121	1976214216357350935	8267020310735648111	-10270.6757812500	0.0000000000	30.6081924804	16.4864431172
45	32	2304489905002361840	5088468608694452078	17336393422382710611	17848026155608045154	-10270.7167968750	0.0000000000	9.1215466464	16.2656356848
34	19	11978150189334513253	15210271395121730115	3405093297134908349	13178528784056476348	-10270.8574218750	0.0000000000	15.4075474581	27.4210239546
52	26	3396079651100282447	17548949165766628857	3396079651100282447	7126788024166670751	-10270.8798828125	0.0000000000	5.3560988888	21.6878905728
27	46	9460063871844575253	12535374395063084085	489070960600238136	2943353937281845679	-10270.8867187500	0.0000000000	21.6363765275	8.4025657319
12	28	3464689620348449069	15238071704247467969	852832741861452444	13565054300177733747	-10270.9375000000	0.0000000000	30.8699112304	20.4180686093
60	9	2376575417863135000	6647163709767477061	2376575417863135000	12574402331894586904	-10271.0546875000	0.0000000000	0.0942999804	33.5327758925
20	16	6461476422044957467	16863307900853720354	15167800510811712768	15567879261315485265	-10271.0800781250	0.0000000000	27.6391255628	29.1510192603
60	1	2376575417863135000	11209614143821053939	2376575417863135000	7451370959141385651	-10271.0820312500	0.0000000000	0.1216437304	46.0982667964
58	25	15018428760318362298	15270237447969908554	5548522852519905998	15018428760318362298	-10271.1582031250	0.0000000000	1.1070174296	22.8081158421
27	7	9460063871844575253	11117569714726431401	11255701264660479106	17244510700976867705	-10271.1699218750	0.0000000000	21.9195796525	36.3395076334
22	5	17771635600684448131	17841368144436045441	1427445129483676640	2257357691996695216	-10271.2031250000	0.0000000000	24.4402937888	37.0726760051
9	54	6647163709767477061	16717900351085550691	1715846844348198616	16717900351085550691	-10271.2382812500	0.0000000000	33.7163696425	4.0013249572
18	58	1973719994620597956	15018428760318362298	3542917682535556460	14237511689157003672	-10271.2382812500	0.0000000000	28.5884771031	1.1870955546
13	6	9388353752879206249	13028795077775133422	9119025112349867168	9984903585541879460	-10271.2451171875	0.0000000000	29.8197533954	36.5913709543
36	0	6949163309424221588	10165324746644879865	6807414667627320953	10401194905180861766	-10271.2734375000	0.0000000000	15.6937330223	52.1359087484
44	16	11072636854126668426	16863307900853720354	3146445711135271692	6149072696044041927	-10271.3466796875	0.0000000000	11.3287817198	29.4176208228
10	2	5125778371293291106	15833357601308018089	2890944545661880225	6536425493460203303	-10271.3642578125	0.0000000000	32.2427986519	44.5933120680
52	49	3396079651100282447	5851501803797438112	1680877959067678159	8797238257246436960	-10271.3710937500	0.0000000000	5.8473098263	6.4116348987
12	11	3464689620348449069	4089866445876100708	9857792813407150300	14216059504371536735	-10271.3720703125	0.0000000000	31.3044815429	31.4510894223
29	62	2590246260731145299	5734407459137869133	888570659417215809	5734407459137869133	-10271.3925781250	0.0000000000	19.0635909734	0.0528335402
12	41	3464689620348449069	17465034485350747349	1290560438885359150	9817919212567403922	-10271.4189453125	0.0000000000	31.3513565429	14.5657576397
12	49	3464689620348449069	5851501803797438112	4191557642136520509	8624902933982723469	-10271.4394531250	0.0000000000	31.3718643554	6.4799942737
12	14	3464689620348449069	5693540783912640859	2509326941966871575	13411559241467007179	-10271.5908203125	0.0000000000	31.5232315429	29.9108145658
35	57	6484463227862144676	15092668313978089557	6094853782502769021	15092668313978089557	-10271.6142578125	0.0000000000	16.1074809551	2.2486561296
36	5	6949163309424221588	17841368144436045441	9004769056809811454	13807257194083229869	-10271.6181640625	0.0000000000	16.0384595848	37.4877150676
52	36	3396079651100282447	6949163309424221588	10401021366890718811	16322064170938622918	-10271.6328125000	0.0000000000	6.1090285763	16.0531080223
37	22	14773085639508646864	17771635600684448131	10465998812068472854	12436632019054216039	-10271.6416015625	0.0000000000	16.0572640831	24.8787703513
14	33	5693540783912640859	5883306076231458735	436692704905636163	14268221548528478736	-10271.6445312500	0.0000000000	29.9645255033	17.1781613689
49	46	5851501803797438112	12535374395063084085	15292193586386853950	17250355539878731185	-10271.6933593750	0.0000000000	6.7339005237	9.2092063569
18	57	1973719994620597956	15092668313978089557	675931401688403770	14045524764574410575	-10271.7187500000	0.0000000000	29.0689458531	2.3531483171
58	57	15018428760318362298	15092668313978089557	675931401688403770	14237511689157003672	-10271.7187500000	0.0000000000	1.6675643046	2.3531483171
32	44	5088468608694452078	11072636854126668426	15448095284969500661	18355450949143158497	-10271.7207031250	0.0000000000	17.2695419348	11.7028051573
12	10	3464689620348449069	5125778371293291106	4119053571765621787	12888250033075836140	-10271.7275390625	0.0000000000	31.6599502929	32.6060799019
39	5	4699872589231047194	17841368144436045441	2090740121397564168	5899019345515144641	-10271.7548828125	0.0000000000	15.5181741168	37.6244338176
34	53	11978150189334513253	13619337383230444990	11168805255458607687	13619337383230444990	-10271.7812500000	0.0000000000	16.3313755831	5.6597256881
17	42	5868884973666812058	13278762253849637909	3343239008019395398	14122217137226964918	-10271.9404296875	0.0000000000	29.3105367231	12.6237794683
3	4	2400508826370169201	8097248218632962140	1698589096006308019	16721772921509050249	-10271.9443359375	0.0000000000	43.2869652090	38.0897636043
8	7	2338638558934973707	11117569714726431401	3488374730815534536	17220303959374954659	-10272.0107421875	0.0000000000	35.2606038663	37.1803279459
39	0	4699872589231047194	10165324746644879865	2503078368946389949	15952765691230073188	-10272.0224609375	0.0000000000	15.7857522418	52.8849321859
29	17	2590246260731145299	5868884973666812058	9740756738218888591	16980489047425947854	-10272.0234375000	0.0000000000	19.6944503484	29.3935445356
32	16	5088468608694452078	16863307900853720354	810103256503303282	5084828266475533320	-10272.0273437500	0.0000000000	17.5761825598	30.0982848853
21	13	6062790282938113025	9388353752879206249	3538514337837071554	4858276437077987395	-10272.0673828125	0.0000000000	28.5902424926	30.6420190204
53	22	13619337383230444990	17771635600684448131	6725278695365039838	7781975951176149266	-10272.0693359375	0.0000000000	5.9478116256	25.3065047263
29	2	2590246260731145299	15833357601308018089	5638497296967928713	10153797903625009949	-10272.1542968750	0.0000000000	19.8253097234	45.3833511305
21	40	6062790282938113025	11472758483394683188	6670874306345941118	10586191063844959961	-10272.1708984375	0.0000000000	28.6937581176	15.4583013852
52	61	3396079651100282447	9568516022596562606	1996767661039075060	16941031686828428770	-10272.1884765625	0.0000000000	6.6646926388	0.9870678402
2	41	15833357601308018089	17465034485350747349	646932952980891948	14354725834576604045	-10272.1894531250	0.0000000000	45.4185073805	15.3362654522
24	43	1578537932394219965	11399600364733442468	12492919846369865539	17905081539255317915	-10272.2089843750	0.0000000000	23.9360070718	12.6891573532
8	23	2338638558934973707	18425980509938217647	12687247134373790502	13656970262604476386	-10272.2099609375	0.0000000000	35.4598226163	25.3403035203
45	16	2304489905002361840	16863307900853720354	5099139141152287909	16261847201186772143	-10272.3173828125	0.0000000000	10.7221325839	30.3883239478
14	17	5693540783912640859	5868884973666812058	751631068910852053	8716479983878521620	-10272.3681640625	0.0000000000	30.6881583158	29.7382710981
8	27	2338638558934973707	9460063871844575253	4751736566995345923	17866633207187657105	-10272.3701171875	0.0000000000	35.6199788663	23.1197749650
60	5	2376575417863135000	17841368144436045441	2376575417863135000	5941477319846959865	-10272.5244140625	0.0000000000	1.5640265429	38.3939650676
43	23	11399600364733442468	18425980509938217647	1125431359824171117	5912149694365553220	-10272.5351562500	0.0000000000	13.0153292282	25.6654988328
16	26	16863307900853720354	17548949165766628857	297326766515672070	11102957726082810015	-10272.5839843750	0.0000000000	30.6549255103	23.3919921353
33	41	5883306076231458735	17465034485350747349	12355035999701627826	16997181547996434347	-10272.6181640625	0.0000000000	18.1517941814	15.7649763897
0	48	10165324746644879865	12462430359799399029	425075844454310331	16508517010621256924	-10272.6396484375	0.0000000000	53.5021196859	7.7405035337
59	19	7601657687808359178	15210271395121730115	7601657687808359178	11066562035153972022	-10272.6962890625	0.0000000000	1.7747387525	29.2598911421
46	50	12535374395063084085	13440359719910072822	8800377516658043230	8832680378515102024	-10272.7060546875	0.0000000000	10.2219016694	7.5597793789
52	42	3396079651100282447	13278762253849637909	4005644198424318005	4698028015263636189	-10272.7548828125	0.0000000000	7.2310988888	13.4382325933
0	25	10165324746644879865	15270237447969908554	1696016109432774155	17076976238165450154	-10272.8359375000	0.0000000000	53.6984087484	24.4858502171
29	59	2590246260731145299	7601657687808359178	842699448780299619	3921381651731107221	-10272.8388671875	0.0000000000	20.5098800359	1.9173168775
28	56	15238071704247467969	16852385624946083254	8229443606917004747	17734126397619312204	-10272.8623046875	0.0000000000	22.3428732968	3.9022390856
31	0	5431396170490344121	10165324746644879865	3928213227693547708	14914045871589508837	-10272.8837890625	0.0000000000	18.6944509297	53.7462603109
45	12	2304489905002361840	3464689620348449069	3817225163714642085	11989653349026595981	-10272.8964843750	0.0000000000	11.3012341464	32.8288956054
8	10	2338638558934973707	5125778371293291106	14692829244483791689	17012794921438866454	-10272.9472656250	0.0000000000	36.1971273038	33.8258064644
4	13	8097248218632962140	9388353752879206249	3988165904056371568	17343279969813186190	-10273.1406250000	0.0000000000	39.2860526668	31.7152612079
36	1	6949163309424221588	11209614143821053939	6274674931969914911	8786419892163137075	-10273.1884765625	0.0000000000	17.6087720848	48.2047121089
52	44	3396079651100282447	11072636854126668426	4855356271791816860	9524890876322064381	-10273.1972656250	0.0000000000	7.6734817013	13.1793676573
49	64	5851501803797438112	9223212027600555165	9223212027600555165	13928902680197546938	-10273.1982421875	0.0000000000	8.2387833362	0.3700752655
21	38	6062790282938113025	13102877500905252749	4542806550931884462	5689061834686653327	-10273.3281250000	0.0000000000	29.8509846801	17.3227945257
42	16	13278762253849637909	16863307900853720354	2120453124844822305	2861448912666324354	-10273.3935546875	0.0000000000	14.0769044683	31.4644958228
10	17	5125778371293291106	5868884973666812058	6633882162136504231	11433327104707178332	-10273.4433593750	0.0000000000	34.3219002144	30.8134664106
3	40	2400508826370169201	11472758483394683188	1185513724328043174	9713488952513846847	-10273.4462890625	0.0000000000	44.7889183340	16.7336920102
24	21	1578537932394219965	6062790282938113025	5307494129587197223	11020886798212885035	-10273.4794921875	0.0000000000	25.2065148843	30.0023518676
11	41	4089866445876100708	17465034485350747349	646837417189304615	17148130178249185398	-10273.5908203125	0.0000000000	33.6698394223	16.7376326397
10	43	5125778371293291106	11399600364733442468	97515101359700451	14814884581744603427	-10273.6357421875	0.0000000000	34.5142830269	14.1159151657
32	46	5088468608694452078	12535374395063084085	12553060335548179896	15292193586386853950	-10273.6533203125	0.0000000000	19.2021591223	11.1691672944
32	49	5088468608694452078	5851501803797438112	12553060335548179896	17250355539878731185	-10273.6533203125	0.0000000000	19.2021591223	8.6938614612
61	43	9568516022596562606	11399600364733442468	1996767661039075060	17413577727964728374	-10273.6679687500	0.0000000000	2.4665600277	14.1481417282
7	40	11117569714726431401	11472758483394683188	9175954753959023462	15809739187010221026	-10273.6708984375	0.0000000000	38.8404841959	16.9583013852
0	40	10165324746644879865	11472758483394683188	9959932374456871442	14464501468409443978	-10273.6748046875	0.0000000000	54.5372759359	16.9622076352
32	21	5088468608694452078	6062790282938113025	8201115218592446928	12376138814913704856	-10273.6767578125	0.0000000000	19.2255966223	30.1996174926
1	48	11209614143821053939	12462430359799399029	2415786779186533380	10012737694183770792	-10273.6787109375	0.0000000000	48.6949464839	8.7795660337
4	42	8097248218632962140	13278762253849637909	14617625348717636902	15719712925291636677	-10273.6806640625	0.0000000000	39.8260917293	14.3640138433
31	7	5431396170490344121	11117569714726431401	1966227593446179438	17348175872294356358	-10273.7255859375	0.0000000000	19.5362478047	38.8951716959
13	19	9388353752879206249	15210271395121730115	2748135340056801787	15288785417560245015	-10273.7578125000	0.0000000000	32.3324487079	30.3214145796
52	59	3396079651100282447	7601657687808359178	4135388149022472092	6887760845909207895	-10273.8183593750	0.0000000000	8.2945754513	2.8968090650
7	26	11117569714726431401	17548949165766628857	963720350878913349	13725522701029490782	-10273.8261718750	0.0000000000	38.9957576334	24.6341796353
16	5	16863307900853720354	17841368144436045441	2453989773516974392	11948772515559317410	-10273.8525390625	0.0000000000	31.9234801978	39.7220900676
4	6	8097248218632962140	13028795077775133422	13695668764565678973	14666284133023232458	-10273.9599609375	0.0000000000	40.1053886043	39.3062147043
39	1	4699872589231047194	11209614143821053939	3000915409178754228	13359958126504078624	-10274.0156250000	0.0000000000	17.7789163043	49.0318605464
64	46	9223212027600555165	12535374395063084085	5253135272770677556	9223212027600555165	-10274.0234375000	0.0000000000	1.1952705780	11.5392844819
49	26	5851501803797438112	17548949165766628857	5166625516257445602	9876129641309007443	-10274.0849609375	0.0000000000	9.1255020862	24.8929686978
8	12	2338638558934973707	3464689620348449069	287988708400782468	14181204934462937074	-10274.1083984375	0.0000000000	37.3582601163	34.0408096679
3	21	2400508826370169201	6062790282938113025	15840542077105290531	17346822421428574202	-10274.1269531250	0.0000000000	45.4695823965	30.6498128051
35	9	6484463227862144676	6647163709767477061	9168828412777691705	18192717641726291982	-10274.2509765625	0.0000000000	18.7441997051	36.7290649550
35	40	6484463227862144676	11472758483394683188	16094080624087499318	16639933081781071259	-10274.2890625000	0.0000000000	18.7822856426	17.5764654477
8	22	2338638558934973707	17771635600684448131	8106086962196935057	10465998812068472854	-10274.3339843750	0.0000000000	37.5838460538	27.5711531638
19	2	15210271395121730115	15833357601308018089	5838160684577536021	16694430961082519767	-10274.3642578125	0.0000000000	30.9278598921	47.5933120680
21	4	6062790282938113025	8097248218632962140	10038931538279081498	15194610981334144285	-10274.3847656250	0.0000000000	30.9076253051	40.5301932918
64	43	9223212027600555165	11399600364733442468	8165879823601204168	9223212027600555165	-10274.4023437500	0.0000000000	1.5741768280	14.8825167282
11	38	4089866445876100708	13102877500905252749	3372675281225473400	10976213362868360071	-10274.4863281250	0.0000000000	34.5653472348	18.4809976507
62	57	5734407459137869133	15092668313978089557	1867306568330095217	5734407459137869133	-10274.5576171875	0.0000000000	3.2178726027	5.1920155046
12	4	3464689620348449069	8097248218632962140	8466094923383968269	15546160417009682862	-10274.5917968750	0.0000000000	34.5242081054	40.7372245418
9	27	6647163709767477061	9460063871844575253	3225294054179992422	15731323406424048788	-10274.6386718750	0.0000000000	37.1167602675	25.3883296525
30	23	5860122236468879057	18425980509938217647	3502016864001799325	9022662635034603767	-10274.6435546875	0.0000000000	21.7135486137	27.7738972703
8	56	2338638558934973707	16852385624946083254	4544646661707336942	15431164292209893071	-10274.6748046875	0.0000000000	37.9246663663	5.7147390856
1	54	11209614143821053939	16717900351085550691	16319273862276244619	16717900351085550691	-10274.7148437500	0.0000000000	49.7310792964	7.4778874572
37	58	14773085639508646864	15018428760318362298	15018428760318362298	16471664686532325319	-10274.7373046875	0.0000000000	19.1529672081	4.6861189921
0	54	10165324746644879865	16717900351085550691	1156026070626498225	3698925112788260966	-10274.7753906250	0.0000000000	55.6378618734	7.5384343322
60	3	2376575417863135000	2400508826370169201	6002338995544298317	15117866289434136278	-10274.7783203125	0.0000000000	3.8179327929	46.1209495840
60	23	2376575417863135000	18425980509938217647	10910502834960960334	15117866289434136278	-10274.7783203125	0.0000000000	3.8179327929	27.9086628953
3	38	2400508826370169201	13102877500905252749	6277524089815960991	13849443783513684342	-10274.7851562500	0.0000000000	46.1277855215	18.7798257757
39	63	4699872589231047194	11431609380208423339	8309611047582056856	9858763494086867629	-10274.7890625000	0.0000000000	18.5523538043	2.3617749079
14	9	5693540783912640859	6647163709767477061	7650280528510747994	8793679451545930147	-10274.8066406250	0.0000000000	33.1266348783	37.2847290175
63	46	11431609380208423339	12535374395063084085	166864781626847936	16223533785561370011	-10274.8632812500	0.0000000000	2.4359936579	12.3791282319
12	61	3464689620348449069	9568516022596562606	1996767661039075060	4596520080550109412	-10274.8808593750	0.0000000000	34.8132706054	3.6794506527
52	12	3396079651100282447	3464689620348449069	3143317848543168847	4596520080550109412	-10274.8808593750	0.0000000000	9.3570754513	34.8132706054
62	19	5734407459137869133	15210271395121730115	7421487325068366656	14654720362990462125	-10274.9599609375	0.0000000000	3.6202163527	31.5235630171
30	42	5860122236468879057	13278762253849637909	14293798696108455415	15479449307931590955	-10274.9658203125	0.0000000000	22.0358142387	15.6491700933
10	58	5125778371293291106	15018428760318362298	8852122567382981156	12848262907602360812	-10275.0244140625	0.0000000000	35.9029549019	4.9732283671
36	2	6949163309424221588	15833357601308018089	2734787955052234555	13869688440677395537	-10275.0332031250	0.0000000000	19.4534986473	48.2622573805
24	10	1578537932394219965	5125778371293291106	15542077972132494371	15814176521644402268	-10275.0449218750	0.0000000000	26.7719445718	35.9234627144
3	50	2400508826370169201	13440359719910072822	8504384398732594838	9610454008810805545	-10275.1552734375	0.0000000000	46.4979027090	10.0089981289
36	28	6949163309424221588	15238071704247467969	3219952222527503616	12546927320126230947	-10275.2177734375	0.0000000000	19.6380689598	24.6983420468
0	56	10165324746644879865	16852385624946083254	847618766621973592	2204535841062396857	-10275.2294921875	0.0000000000	56.0919634359	6.2694265856
21	54	6062790282938113025	16717900351085550691	9749691655210242490	16717900351085550691	-10275.2890625000	0.0000000000	31.8119221801	8.0521062072
29	34	2590246260731145299	11978150189334513253	4618013607782427262	6433401326828391685	-10275.2900390625	0.0000000000	22.9610519109	19.8401646456
18	52	1973719994620597956	3396079651100282447	1497455969912002287	11903979253369424103	-10275.3349609375	0.0000000000	32.6851567906	9.8111770138
55	1	4752631359404694832	11209614143821053939	8878330183380178690	8910570881736346866	-10275.3369140625	0.0000000000	8.0373975967	50.3531496089
50	19	13440359719910072822	15210271395121730115	4483625944705330068	5859804809971016729	-10275.3798828125	0.0000000000	10.2336075039	31.9434848921
10	57	5125778371293291106	15092668313978089557	12753637890112627190	14834535017456076483	-10275.4101562500	0.0000000000	36.2886970894	6.0445545671
46	26	12535374395063084085	17548949165766628857	1307668008800950910	9391321856906618461	-10275.5097656250	0.0000000000	13.0256126069	26.3177733853
32	43	5088468608694452078	11399600364733442468	7613377872063633241	12553060335548179896	-10275.5820312500	0.0000000000	21.1308700598	16.0622042282
47	17	2491649972309366993	5868884973666812058	6912074580846587073	14725853768707788665	-10275.5957031250	0.0000000000	11.9041682503	32.9658101606
62	25	5734407459137869133	15270237447969908554	5821625036622827531	8166627310184851277	-10275.7080078125	0.0000000000	4.3682632277	27.3579205296
47	12	2491649972309366993	3464689620348449069	9030196988372479790	11053536258786195122	-10275.8017578125	0.0000000000	12.1102229378	35.7341690429
21	5	6062790282938113025	17841368144436045441	9247013497192093251	10788169005494263590	-10275.8222656250	0.0000000000	32.3451253051	41.6918166301
44	34	11072636854126668426	11978150189334513253	809504005224241437	9751596116585016569	-10275.8671875000	0.0000000000	15.8492895323	20.4173130831
39	14	4699872589231047194	5693540783912640859	16405253845744609647	17399880685629847744	-10275.8759765625	0.0000000000	19.6392678668	34.1959708158
61	63	9568516022596562606	11431609380208423339	8006498036292194853	11431609380208423339	-10275.8886718750	0.0000000000	4.6872631527	3.4613842829
50	2	13440359719910072822	15833357601308018089	4279035995419628316	7820172646958314248	-10275.9111328125	0.0000000000	10.7648575039	49.1401870680
7	54	11117569714726431401	16717900351085550691	7176165202711281305	14644757830709127592	-10275.9580078125	0.0000000000	41.1275935709	8.7210515197
24	15	1578537932394219965	2021587758018320124	11200584718499063549	12718899355032229890	-10276.0419921875	0.0000000000	27.7690148843	34.1173563985
12	46	3464689620348449069	12535374395063084085	2703434804491097610	6096224391408499888	-10276.1347656250	0.0000000000	36.0671768554	13.6506126069
28	22	15238071704247467969	17771635600684448131	4564834470791487867	10169440733795206017	-10276.1357421875	0.0000000000	25.6163107968	29.3729109763
21	1	6062790282938113025	11209614143821053939	10663099153678489313	14259007228825442412	-10276.2197265625	0.0000000000	32.7425862426	51.2359621089
3	12	2400508826370169201	3464689620348449069	4714412586392104827	12367829728256922621	-10276.2285156250	0.0000000000	47.5711448965	36.1609268554
40	37	11472758483394683188	14773085639508646864	6534132955916296413	14246610320880193916	-10276.2392578125	0.0000000000	19.5266607602	20.6549203331
30	33	5860122236468879057	5883306076231458735	3803934603409484577	10691073856974192029	-10276.2607421875	0.0000000000	23.3307361137	21.7943723064
45	46	2304489905002361840	12535374395063084085	1940006105340815443	10612238795263116360	-10276.3427734375	0.0000000000	14.7475232089	13.8586204194
39	35	4699872589231047194	6484463227862144676	6155807979740543191	18174915457744021203	-10276.3535156250	0.0000000000	20.1168069293	20.8467387676
45	4	2304489905002361840	8097248218632962140	2471490891284228490	4176195033474882194	-10276.3574218750	0.0000000000	14.7621716464	42.5028495418
52	32	3396079651100282447	5088468608694452078	6015766192267688252	11734292498111932278	-10276.4121093750	0.0000000000	10.8883254513	21.9609481848
31	22	5431396170490344121	17771635600684448131	4561775576314317420	8850714787842665928	-10276.4355468750	0.0000000000	22.2462087422	29.6727156638
35	54	6484463227862144676	16717900351085550691	1453969540723557960	4751456092836473359	-10276.5605468750	0.0000000000	21.0537700176	9.3235905822
46	25	12535374395063084085	15270237447969908554	9505901049461828748	15325295298291236243	-10276.5781250000	0.0000000000	14.0939719819	28.2280377171
18	46	1973719994620597956	12535374395063084085	5695388064345263358	17862406386473842212	-10276.6152343750	0.0000000000	33.9654302281	14.1310813569
29	10	2590246260731145299	5125778371293291106	6964279516597666771	14179379897792490402	-10276.7089843750	0.0000000000	24.3799972234	37.5875252144
7	34	11117569714726431401	11978150189334513253	5360781760468353736	6002118627872504333	-10276.8037109375	0.0000000000	41.9732966959	21.3538365206
32	7	5088468608694452078	11117569714726431401	9568039519389447822	14928623503579377434	-10276.8154296875	0.0000000000	22.3642684973	41.9850154459
37	23	14773085639508646864	18425980509938217647	7229224544867110671	7475554961301173472	-10276.8496093750	0.0000000000	21.2652718956	29.9799519578
52	64	3396079651100282447	9223212027600555165	7563850780024510139	10313653877798248606	-10276.8496093750	0.0000000000	11.3258254513	4.0214424530
12	17	3464689620348449069	5868884973666812058	899612309066717964	18088225516397723086	-10276.8994140625	0.0000000000	36.8318252929	34.2695210981
11	27	4089866445876100708	9460063871844575253	543069409498411329	7280118826646377976	-10276.9013671875	0.0000000000	36.9803862973	27.6510249650
33	2	5883306076231458735	15833357601308018089	195044021856864590	15851833704658332538	-10276.9150390625	0.0000000000	22.4486691814	50.1440933180
52	22	3396079651100282447	17771635600684448131	8203836101685573835	8915021504976908388	-10276.9785156250	0.0000000000	11.4547317013	30.2156844138
17	50	5868884973666812058	13440359719910072822	1980408156351315687	4279035995419628316	-10276.9912109375	0.0000000000	34.3613179731	11.8449356289
14	4	5693540783912640859	8097248218632962140	4089762818345335890	9000498965117433926	-10276.9921875000	0.0000000000	35.3121817533	43.1376151668
52	63	3396079651100282447	11431609380208423339	166864781626847936	6423345044804356164	-10277.0722656250	0.0000000000	11.5484817013	4.6449780329
52	50	3396079651100282447	13440359719910072822	3404240286089622675	5288478067942261235	-10277.0996093750	0.0000000000	11.5758254513	11.9533340664
4	1	8097248218632962140	11209614143821053939	279079922447553977	2150496835069471798	-10277.1152343750	0.0000000000	43.2606620418	52.1314699214
1	43	11209614143821053939	11399600364733442468	1579180094830148558	14997704163987393377	-10277.1250000000	0.0000000000	52.1412355464	17.6051729782
14	36	5693540783912640859	6949163309424221588	3343256473871916559	16137873387037744925	-10277.1347656250	0.0000000000	35.4547598783	21.5550611473
3	16	2400508826370169201	16863307900853720354	11150562975930046770	14174708493805990614	-10277.1708984375	0.0000000000	48.5135277090	35.2418395728
45	40	2304489905002361840	11472758483394683188	2979440243327217850	11329922951440189663	-10277.1787109375	0.0000000000	15.5834607089	20.4661138852
17	1	5868884973666812058	11209614143821053939	3910984319833100980	13125584153884989393	-10277.2001953125	0.0000000000	34.5703023481	52.2164308589
14	6	5693540783912640859	13028795077775133422	2213317302477481728	2368065073885183791	-10277.2353515625	0.0000000000	35.5553458158	42.5816053293
49	42	5851501803797438112	13278762253849637909	4304142623136704533	12956570296976837848	-10277.3730468750	0.0000000000	12.4135880237	18.0563966558
28	25	15238071704247467969	15270237447969908554	4665992312869284583	16680090069111496203	-10277.4443359375	0.0000000000	26.9249045468	29.0942486546
64	19	9223212027600555165	15210271395121730115	9223212027600555165	11844180588259204230	-10277.5927734375	0.0000000000	4.7646065155	34.1563755171
36	46	6949163309424221588	12535374395063084085	607562325735933328	11350364400508334698	-10277.6005859375	0.0000000000	22.0208814598	15.1164329194
46	22	12535374395063084085	17771635600684448131	245525444537321442	3421217934841307604	-10277.6123046875	0.0000000000	15.1281516694	30.8494734763
10	49	5125778371293291106	5851501803797438112	10332286809500830190	14260327635608049411	-10277.6445312500	0.0000000000	38.5230720894	12.6850723987
60	28	2376575417863135000	15238071704247467969	15117866289434136278	15752283814651365645	-10277.6533203125	0.0000000000	6.6929327929	27.1338889218
3	56	2400508826370169201	16852385624946083254	1563944752514808082	4413921551852274029	-10277.6591796875	0.0000000000	49.0018089590	8.6991140856
1	38	11209614143821053939	13102877500905252749	6277524089815960991	10385759059762518364	-10277.6845703125	0.0000000000	52.7008058589	21.6792398382
33	21	5883306076231458735	6062790282938113025	8712654033666967934	18354430840476506658	-10277.7421875000	0.0000000000	23.2758176189	34.2650471801
12	42	3464689620348449069	13278762253849637909	1673614253709231080	3755825432727575236	-10277.7656250000	0.0000000000	37.6980362304	18.4489747808
18	62	1973719994620597956	5734407459137869133	2840277019818636558	14654720362990462125	-10277.7792968750	0.0000000000	35.1294927281	6.4395522902
29	14	2590246260731145299	5693540783912640859	6282683214337864063	14561040975409395830	-10277.8320312500	0.0000000000	25.5030440984	36.1520255033
54	22	16717900351085550691	17771635600684448131	2296985677882708997	13005956606341067692	-10277.8437500000	0.0000000000	10.6067937072	31.0809187888
24	49	1578537932394219965	5851501803797438112	2850489233336794489	5208425751755926170	-10277.8554687500	0.0000000000	29.5824914468	12.8960098987
4	5	8097248218632962140	17841368144436045441	3942082529832179947	14063048875604968185	-10277.9931640625	0.0000000000	44.1385917293	43.8627150676
39	46	4699872589231047194	12535374395063084085	9042960226397805967	11970759624118593483	-10278.0039062500	0.0000000000	21.7671975543	15.5197532319
55	23	4752631359404694832	18425980509938217647	8910570881736346866	15937656214489427518	-10278.1162109375	0.0000000000	10.8166944717	31.2465535203
16	51	16863307900853720354	18331383289331445001	11439224178076629552	17389401585268599292	-10278.1435546875	0.0000000000	36.2144958228	12.7098631463
61	46	9568516022596562606	12535374395063084085	6737930387734275468	17062525889530043527	-10278.1513671875	0.0000000000	6.9499584652	15.6672141694
62	46	5734407459137869133	12535374395063084085	14560748869913472045	15293414469969212983	-10278.2197265625	0.0000000000	6.8799819777	15.7355735444
17	21	5868884973666812058	6062790282938113025	426348371167450347	3933767386074903537	-10278.4042968750	0.0000000000	35.7744039106	34.9271565551
14	16	5693540783912640859	16863307900853720354	6282683214337864063	12574289530243544614	-10278.4814453125	0.0000000000	36.8014395658	36.5523864478
12	16	3464689620348449069	16863307900853720354	3238871068621260585	17632183085883150883	-10278.5048828125	0.0000000000	38.4372940429	36.5758239478
12	63	3464689620348449069	11431609380208423339	2342267867948050065	4697408579819990962	-10278.5429687500	0.0000000000	38.4753799804	6.1156811579
12	9	3464689620348449069	6647163709767477061	3743544602887831329	11355308117949919492	-10278.5449218750	0.0000000000	38.4773331054	41.0230102675
36	40	6949163309424221588	11472758483394683188	14269318519478531213	17507575843841343644	-10278.5791015625	0.0000000000	22.9993970848	21.8665045102
40	46	11472758483394683188	12535374395063084085	3588180270466489759	10746966355645379213	-10278.6318359375	0.0000000000	21.9192388852	16.1476829194
9	19	6647163709767477061	15210271395121730115	12011050445379173085	16800950897736851807	-10278.6582031250	0.0000000000	41.1362915175	35.2218052046
60	35	2376575417863135000	6484463227862144676	2516261597860920365	6630534875651371779	-10278.6972656250	0.0000000000	7.7368781054	23.1904887676
6	38	13028795077775133422	13102877500905252749	9876718198445022115	13893196082405124160	-10278.7431640625	0.0000000000	44.0894178293	22.7378335882
64	61	9223212027600555165	9568516022596562606	13444258745184833882	13541545853938058697	-10278.8535156250	0.0000000000	6.0253487030	7.6521069027
46	5	12535374395063084085	17841368144436045441	3744615137111034763	14930250872271720186	-10278.9921875000	0.0000000000	16.5080344819	44.8617385051
13	22	9388353752879206249	17771635600684448131	1943704652278428806	9193022863878648053	-10279.0283203125	0.0000000000	37.6029565204	32.2654891013
59	43	7601657687808359178	11399600364733442468	7068596507817304433	16394145372272284320	-10279.0683593750	0.0000000000	8.1468090650	19.5485323532
62	35	5734407459137869133	6484463227862144676	12250293215516352751	18187071666772283859	-10279.1093750000	0.0000000000	7.7696304152	23.6025981426
12	19	3464689620348449069	15210271395121730115	15874596564390785983	17374670171371251588	-10279.3212890625	0.0000000000	39.2537002929	35.8848911421
27	2	9460063871844575253	15833357601308018089	8788344322725819091	11570877386837975136	-10279.3271484375	0.0000000000	30.0768062150	52.5562026930
3	41	2400508826370169201	17465034485350747349	16412060194590546988	16491278533067560515	-10279.3554687500	0.0000000000	50.6980980215	22.5022810772
24	8	1578537932394219965	2338638558934973707	1320150255485862564	15063511618462925006	-10279.3603515625	0.0000000000	31.0873742593	42.6102132413
21	42	6062790282938113025	13278762253849637909	14293798696108455415	16130413396662063532	-10279.3994140625	0.0000000000	35.9222737426	20.0827638433
62	16	5734407459137869133	16863307900853720354	641409890622021756	16566883892947603613	-10279.4248046875	0.0000000000	8.0850601027	37.4957458228
11	4	4089866445876100708	8097248218632962140	1024139261533553727	16748502757130720838	-10279.5664062500	0.0000000000	39.6454253598	45.7118339168
24	5	1578537932394219965	17841368144436045441	15785128882381599742	18039158416346467522	-10279.6796875000	0.0000000000	31.4067101968	45.5492385051
15	9	2021587758018320124	6647163709767477061	11253654420205891323	18444875264757427962	-10279.6923828125	0.0000000000	37.7677470235	42.1704712050
50	16	13440359719910072822	16863307900853720354	11902657754497473611	17162178220177944272	-10279.6972656250	0.0000000000	14.5509903164	37.7682067603
21	28	6062790282938113025	15238071704247467969	7686856188486887013	9247013497192093251	-10279.7050781250	0.0000000000	36.2279378051	29.1856467343
5	51	17841368144436045441	18331383289331445001	13068430438962915695	17759070120562109929	-10279.7109375000	0.0000000000	45.5804885051	14.2772459588
4	22	8097248218632962140	17771635600684448131	8559434062248744305	14462513315586249343	-10279.7119140625	0.0000000000	45.8573417293	32.9490828513
12	51	3464689620348449069	18331383289331445001	17909765078270366697	17912495446941493745	-10279.7910156250	0.0000000000	39.7234268554	14.3573240838
12	53	3464689620348449069	13619337383230444990	7536654930500716930	10571721302186496836	-10279.9550781250	0.0000000000	39.8874893554	13.8335538131
3	52	2400508826370169201	3396079651100282447	1191846678818121136	1497455969912002287	-10279.9697265625	0.0000000000	51.3123558340	14.4459426388
45	52	2304489905002361840	3396079651100282447	1298321262194852268	7020040486703086551	-10279.9746093750	0.0000000000	18.3793591464	14.4508254513
52	19	3396079651100282447	15210271395121730115	6887760845909207895	10562079532195628926	-10280.0273437500	0.0000000000	14.5035598263	36.5909458296
29	0	2590246260731145299	10165324746644879865	846481044303782818	6978774627430550058	-10280.0761718750	0.0000000000	27.7471847234	60.9386431234
17	25	5868884973666812058	15270237447969908554	2957538008962247752	7197668361652089404	-10280.0810546875	0.0000000000	37.4511617231	31.7309674046
62	1	5734407459137869133	11209614143821053939	2663264787367827563	3996736752558435517	-10280.0898437500	0.0000000000	8.7500991652	55.1060792964
21	16	6062790282938113025	16863307900853720354	8679097332368137374	11489451419848499802	-10280.0996093750	0.0000000000	36.6224690551	38.1705505103
63	22	11431609380208423339	17771635600684448131	3527863292789440211	16163316193835956385	-10280.1650390625	0.0000000000	7.7377514704	33.4022078513
31	2	5431396170490344121	15833357601308018089	188594268564200450	1238030771826492674	-10280.1826171875	0.0000000000	25.9932790547	53.4116714430
48	2	12462430359799399029	15833357601308018089	599410815721011380	5818350048187262198	-10280.2197265625	0.0000000000	15.3205816587	53.4487808180
3	57	2400508826370169201	15092668313978089557	15861022572834280572	16531663713758906745	-10280.2236328125	0.0000000000	51.5662620840	10.8580311296
50	25	13440359719910072822	15270237447969908554	6463713815578243117	15815040433568602045	-10280.2656250000	0.0000000000	15.1193496914	31.9155377171
1	41	11209614143821053939	17465034485350747349	8360076713204304258	11821934176966502761	-10280.2714843750	0.0000000000	55.2877199214	23.4182967022
32	2	5088468608694452078	15833357601308018089	413055269702503529	17082663670085932118	-10280.3125000000	0.0000000000	25.8613388098	53.5415542555
30	5	5860122236468879057	17841368144436045441	13812629752194836625	14110901150303021809	-10280.3261718750	0.0000000000	27.3961658012	46.1957228801
55	28	4752631359404694832	15238071704247467969	12532874499474986775	16502373334438154227	-10280.3398437500	0.0000000000	13.0403272842	29.8204123593
60	37	2376575417863135000	14773085639508646864	996899135432066941	3877646481005239619	-10280.3789062500	0.0000000000	9.4185187304	24.7945687706
2	23	15833357601308018089	18425980509938217647	6588386362430390261	9311485923699402060	-10280.5146484375	0.0000000000	53.7437026930	33.6449910203
35	6	6484463227862144676	13028795077775133422	13041315161952469495	13664345067102937065	-10280.5283203125	0.0000000000	25.0215434551	45.8745740793
31	5	5431396170490344121	17841368144436045441	11058526141243024020	16213641809249456840	-10280.5537109375	0.0000000000	26.3643728047	46.4232619426
14	40	5693540783912640859	11472758483394683188	5148391817510272153	15785544033137615243	-10280.5595703125	0.0000000000	38.8795645658	23.8469732602
12	37	3464689620348449069	14773085639508646864	2306039744699029826	13564169520524901909	-10280.5927734375	0.0000000000	40.5251846679	25.0084359581
45	47	2304489905002361840	2491649972309366993	3196648300226305751	8045428228714067683	-10280.6044921875	0.0000000000	19.0092419589	16.9129573128
46	19	12535374395063084085	15210271395121730115	7480873402930855909	12858393844840245382	-10280.6406250000	0.0000000000	18.1564719819	37.2042270796
66	45	1241156098068793816	2304489905002361840	1241156098068793816	10173966103097413750	-10280.6542968750	0.0000000000	0.2727845531	19.0590466464
19	28	15210271395121730115	15238071704247467969	6805285994899079367	14116974655955090885	-10280.6640625000	0.0000000000	37.2276645796	30.1446311093
46	16	12535374395063084085	16863307900853720354	8796327819100427196	12494821905068191796	-10280.6982421875	0.0000000000	18.2140891694	38.7691833228
35	58	6484463227862144676	15018428760318362298	1810590962904295379	14070149193077018589	-10280.8017578125	0.0000000000	25.2949809551	10.7505721171
39	21	4699872589231047194	6062790282938113025	2903950483393983217	6669196185175654477	-10280.8369140625	0.0000000000	24.6002053668	37.3597737426
45	17	2304489905002361840	5868884973666812058	8266953009705575406	13067016281272511644	-10280.8378906250	0.0000000000	19.2426403964	38.2079976606
35	25	6484463227862144676	15270237447969908554	3432016738212693336	4775054834653256688	-10280.8535156250	0.0000000000	25.3467387676	32.5034283421
31	35	5431396170490344121	6484463227862144676	9697202318042864446	18113655680034961537	-10280.8642578125	0.0000000000	26.6749196797	25.3574809551
32	19	5088468608694452078	15210271395121730115	1065641598699787840	17749748676025499163	-10280.9541015625	0.0000000000	26.5029403723	37.5177036421
24	40	1578537932394219965	11472758483394683188	3004801216997650589	15785544033137615243	-10280.9794921875	0.0000000000	32.7065148843	24.2668951352
24	60	1578537932394219965	2376575417863135000	12104839121455166159	15117866289434136278	-10281.0097656250	0.0000000000	32.7367883218	10.0493781054
33	7	5883306076231458735	11117569714726431401	3219537177244412545	9671029237714271664	-10281.0107421875	0.0000000000	26.5443723064	46.1803279459
3	46	2400508826370169201	12535374395063084085	4576169736678770228	17422335027887101826	-10281.0312500000	0.0000000000	52.3738792715	18.5470969819
59	51	7601657687808359178	18331383289331445001	3083320431665114922	16044050592349996981	-10281.0371093750	0.0000000000	10.1155590650	15.6034178338
44	43	11072636854126668426	11399600364733442468	2869356638810844878	3250217590998642084	-10281.0410156250	0.0000000000	21.0231176573	21.5211886032
26	23	17548949165766628857	18425980509938217647	920710908259369012	1125431359824171117	-10281.0439453125	0.0000000000	31.8519530728	34.1742878953
18	34	1973719994620597956	11978150189334513253	3549889274560079494	10609444629317401103	-10281.0517578125	0.0000000000	38.4019536656	25.6018833956
33	63	5883306076231458735	11431609380208423339	7876914629249089547	15798006959332429563	-10281.0898437500	0.0000000000	26.6234738689	8.6625561579
65	25	2994375602573030521	15270237447969908554	2882051988926533267	2994375602573030521	-10281.1337890625	0.0000000000	2.4183812812	32.7837017796
67	4	5624815467740092251	8097248218632962140	5280631984992985700	5624815467740092251	-10281.2109375000	0.0000000000	0.1986037797	47.3563651668
62	4	5734407459137869133	8097248218632962140	10996480141522490979	15676386138957624638	-10281.2158203125	0.0000000000	9.8760757277	47.3612479793
15	30	2021587758018320124	5860122236468879057	9124439421237131070	10562341164693998302	-10281.2744140625	0.0000000000	39.3497782735	28.3444079887
59	16	7601657687808359178	16863307900853720354	3921035473087107845	14280295191588627173	-10281.2773437500	0.0000000000	10.3557934400	39.3482848853
59	44	7601657687808359178	11072636854126668426	14280295191588627173	14927926802611433663	-10281.2773437500	0.0000000000	10.3557934400	21.2594457823
35	13	6484463227862144676	9388353752879206249	2644006720672950595	3313641992099888641	-10281.2802734375	0.0000000000	25.7734965801	39.8549096454
18	36	1973719994620597956	6949163309424221588	684277374543532267	9601267612761595571	-10281.2832031250	0.0000000000	38.6333989781	25.7034986473
27	25	9460063871844575253	15270237447969908554	1193208938465523543	7850901762063077529	-10281.3515625000	0.0000000000	32.1012202775	33.0014752171
18	65	1973719994620597956	2994375602573030521	2994375602573030521	12808655485454594568	-10281.4189453125	0.0000000000	38.7691411656	2.7035375312
64	53	9223212027600555165	13619337383230444990	2066900277965525896	14530776089448792342	-10281.5000000000	0.0000000000	8.6718330780	15.3784756881
18	17	1973719994620597956	5868884973666812058	2282490265806039884	12652127098157132076	-10281.5556640625	0.0000000000	38.9058599156	38.9257710981
14	22	5693540783912640859	17771635600684448131	100983665570744612	17317542094146966826	-10281.6171875000	0.0000000000	39.9371817533	34.8543562888
15	19	2021587758018320124	15210271395121730115	2854760217600005209	12669635504464648178	-10281.6308593750	0.0000000000	39.7062235860	38.1944614546
27	42	9460063871844575253	13278762253849637909	2323456955522200834	17835449735753651549	-10281.6386718750	0.0000000000	32.3883296525	22.3220216558
18	42	1973719994620597956	13278762253849637909	9252362744627414388	17710386677151304929	-10281.6552734375	0.0000000000	39.0054692906	22.3386232183
3	17	2400508826370169201	5868884973666812058	871589912217658295	12652127098157132076	-10281.6650390625	0.0000000000	53.0076683340	39.0351460981
60	6	2376575417863135000	13028795077775133422	2376575417863135000	7303387334528170247	-10281.7041015625	0.0000000000	10.7437140429	47.0503553293
33	25	5883306076231458735	15270237447969908554	1996653873472600244	13509127641510384784	-10281.7099609375	0.0000000000	27.2435910564	33.3598736546
1	51	11209614143821053939	18331383289331445001	6782693190087534526	16819188387267755201	-10281.7216796875	0.0000000000	56.7379152339	16.2879881463
32	64	5088468608694452078	9223212027600555165	10416508246002795830	17546717353697114412	-10281.7333984375	0.0000000000	27.2822372473	8.9052315155
64	26	9223212027600555165	17548949165766628857	2066900277965525896	17178533825444462027	-10281.7695312500	0.0000000000	8.9413643280	32.5775390103
47	11	2491649972309366993	4089866445876100708	1284691364181818510	12993229806943640032	-10281.7773437500	0.0000000000	18.0858088753	41.8563628598
1	56	11209614143821053939	16852385624946083254	200832661411974388	7991851675372556905	-10281.7851562500	0.0000000000	56.8013917964	12.8250906481
47	53	2491649972309366993	13619337383230444990	3196648300226305751	17721574298628512379	-10281.7851562500	0.0000000000	18.0936213753	15.6636319381
3	58	2400508826370169201	15018428760318362298	6656939103069906584	13671326519478380644	-10281.8056640625	0.0000000000	53.1482933340	11.7544783671
6	19	13028795077775133422	15210271395121730115	6535849169162721172	16004529057523817775	-10281.8818359375	0.0000000000	47.2280897043	38.4454380171
29	52	2590246260731145299	3396079651100282447	6144185982786652185	13966533517127791437	-10282.0048828125	0.0000000000	29.6758956609	16.4810988888
15	39	2021587758018320124	4699872589231047194	6020251262823528409	8266804488723667582	-10282.0253906250	0.0000000000	40.1007548360	25.7886819293
56	22	16852385624946083254	17771635600684448131	14173543226645407324	15841218361341782310	-10282.0283203125	0.0000000000	13.0682547106	35.2654891013
8	33	2338638558934973707	5883306076231458735	10798542114193398189	13354075040780567705	-10282.0527343750	0.0000000000	45.3025960538	27.5863644939
15	48	2021587758018320124	12462430359799399029	334960937769667936	12843457463283071660	-10282.1035156250	0.0000000000	40.1788798360	17.2043707212
59	61	7601657687808359178	9568516022596562606	2773550936409261315	13406626483864972227	-10282.1132812500	0.0000000000	11.1917309400	10.9118725277
17	44	5868884973666812058	11072636854126668426	6234700356147901225	13067016281272511644	-10282.1181640625	0.0000000000	39.4882710981	22.1002660948
59	26	7601657687808359178	17548949165766628857	2312414353970065291	3660450049706376505	-10282.1962890625	0.0000000000	11.2747387525	33.0042968228
41	5	17465034485350747349	17841368144436045441	683467802000409611	7436949366232017975	-10282.2080078125	0.0000000000	25.3548201397	48.0775588176
24	61	1578537932394219965	9568516022596562606	11493455605943111145	12044553330359146403	-10282.2871093750	0.0000000000	34.0141320718	11.0857006527
8	29	2338638558934973707	2590246260731145299	717118047844996305	9805081922726901711	-10282.3183593750	0.0000000000	45.5682210538	29.9893722234
21	44	6062790282938113025	11072636854126668426	6408993412181906997	13276222903904981644	-10282.3466796875	0.0000000000	38.8695393676	22.3287817198
63	40	11431609380208423339	11472758483394683188	5932074354658021992	15496338465976941085	-10282.3613281250	0.0000000000	9.9340405329	25.6487310727
29	42	2590246260731145299	13278762253849637909	1611565104583103557	2323456955522200834	-10282.4130859375	0.0000000000	30.0840987859	23.0964357183
67	26	5624815467740092251	17548949165766628857	1784324738098830010	5624815467740092251	-10282.5273437500	0.0000000000	1.5150100297	33.3353515103
66	49	1241156098068793816	5851501803797438112	1729223821142871957	4336255234124914678	-10282.5839843750	0.0000000000	2.2024720531	17.6245255237
65	16	2994375602573030521	16863307900853720354	138731168566156526	4102419893867837300	-10282.6025390625	0.0000000000	3.8871312812	40.6734801978
66	64	1241156098068793816	9223212027600555165	4336255234124914678	14003930935954648079	-10282.6064453125	0.0000000000	2.2249329906	9.7782783905
68	51	2102232313053957989	18331383289331445001	173338507882663592	2102232313053957989	-10282.6142578125	0.0000000000	0.6397359474	17.1805662713
8	60	2338638558934973707	2376575417863135000	3877646481005239619	14206374734652985534	-10282.6152343750	0.0000000000	45.8650960538	11.6548468554
6	56	13028795077775133422	16852385624946083254	2682920069664914580	13136444144650783600	-10282.6162109375	0.0000000000	47.9624647043	13.6561453356
63	25	11431609380208423339	15270237447969908554	2173827897722649764	13958364758904492380	-10282.6289062500	0.0000000000	10.2016186579	34.2788189671
63	37	11431609380208423339	14773085639508646864	13958364758904492380	15338456292224138718	-10282.6289062500	0.0000000000	10.2016186579	27.0445687706
63	58	11431609380208423339	15018428760318362298	13958364758904492380	16233009792034813772	-10282.6289062500	0.0000000000	10.2016186579	12.5777205546
45	21	2304489905002361840	6062790282938113025	8058256551461952329	15738279135355806934	-10282.6669921875	0.0000000000	21.0717419589	39.1898518676
35	41	6484463227862144676	17465034485350747349	3442070738606767578	5280847708985061603	-10282.6777343750	0.0000000000	27.1709575176	25.8245467022
49	17	5851501803797438112	5868884973666812058	6814254676502914905	8512922800283620082	-10282.7197265625	0.0000000000	17.7602677112	40.0898335981
60	13	2376575417863135000	9388353752879206249	757062134799216886	3257013786232930022	-10282.7519531250	0.0000000000	11.7915656054	41.3265893329
8	58	2338638558934973707	15018428760318362298	7473486856608324105	16233009792034813772	-10282.7724609375	0.0000000000	46.0223226163	12.7212752421
15	16	2021587758018320124	16863307900853720354	1591339766341591809	12669635504464648178	-10282.7753906250	0.0000000000	40.8507548360	40.8463317603
9	4	6647163709767477061	8097248218632962140	1864500501120031740	17816871920663593435	-10282.8125000000	0.0000000000	45.2905883925	48.9579276668
18	22	1973719994620597956	17771635600684448131	10381344287474862468	17626034414033364616	-10282.8212890625	0.0000000000	40.1714849156	36.0584578513
40	42	11472758483394683188	13278762253849637909	5149174167338313822	17642509468889708019	-10282.8222656250	0.0000000000	26.1096685727	23.5056154058
11	17	4089866445876100708	5868884973666812058	7541030113011496423	7550900441603256814	-10282.8984375000	0.0000000000	42.9774566098	40.2685445356
57	16	15092668313978089557	16863307900853720354	3075864793325626831	9889122630529023925	-10282.9072265625	0.0000000000	13.5416248796	40.9781676978
20	4	6461476422044957467	8097248218632962140	9292525436181058458	11489854235917460475	-10282.9804687500	0.0000000000	39.5395161878	49.1258964168
47	50	2491649972309366993	13440359719910072822	2527587992697347730	9616241653473465073	-10282.9990234375	0.0000000000	19.3074885628	17.8527481289
10	7	5125778371293291106	11117569714726431401	6785845807222991637	12615409462844167307	-10283.0449218750	0.0000000000	43.9234627144	48.2145076334
29	65	2590246260731145299	2994375602573030521	422353966063398066	4547230828455016686	-10283.0742187500	0.0000000000	30.7452315984	4.3588109687
65	32	2994375602573030521	5088468608694452078	4547230828455016686	14261983068959928294	-10283.0742187500	0.0000000000	4.3588109687	28.6230575598
67	23	5624815467740092251	18425980509938217647	5624815467740092251	12919338644766421979	-10283.0830078125	0.0000000000	2.0706740922	36.2133503953
47	19	2491649972309366993	15210271395121730115	9351352828275097200	16213528247545006277	-10283.1416015625	0.0000000000	19.4500666878	39.7052036421
61	51	9568516022596562606	18331383289331445001	1616684232840184370	2773550936409261315	-10283.2929687500	0.0000000000	12.0915600277	17.8592772088
46	37	12535374395063084085	14773085639508646864	11152962480925166250	17210838449647737117	-10283.3017578125	0.0000000000	20.8176047944	27.7174203331
46	58	12535374395063084085	15018428760318362298	434023216665912565	11152962480925166250	-10283.3017578125	0.0000000000	20.8176047944	13.2505721171
10	14	5125778371293291106	5693540783912640859	648945763757040894	6387549318220721530	-10283.3320312500	0.0000000000	44.2105720894	41.6520255033
24	37	1578537932394219965	14773085639508646864	7959074389155836091	11645930686542170200	-10283.3505859375	0.0000000000	35.0776086343	27.7662484581
59	25	7601657687808359178	15270237447969908554	1845266904931956906	15453174966652289434	-10283.3505859375	0.0000000000	12.4290356275	35.0004986546
18	12	1973719994620597956	3464689620348449069	7594624121972073980	15312414138981368357	-10283.3710937500	0.0000000000	40.7212896031	43.3035049804
49	1	5851501803797438112	11209614143821053939	4199344726042932027	11693254237106546362	-10283.3730468750	0.0000000000	18.4135880237	58.3892824214
1	22	11209614143821053939	17771635600684448131	4135987613686939843	14770952787768100385	-10283.3789062500	0.0000000000	58.3951417964	36.6160750388
2	26	15833357601308018089	17548949165766628857	1670039045974929734	17842341788568513776	-10283.4667968750	0.0000000000	56.6958511305	34.2748046353
8	6	2338638558934973707	13028795077775133422	5582995870724076729	6130614167192340058	-10283.5058593750	0.0000000000	46.7557210538	48.8521131418
68	65	2102232313053957989	2994375602573030521	2102232313053957989	16461607099080680030	-10283.5185546875	0.0000000000	1.5440328224	4.8031469062
11	40	4089866445876100708	11472758483394683188	17336062310672743614	17499556164511760839	-10283.5537109375	0.0000000000	43.6327300473	26.8411138852
63	19	11431609380208423339	15210271395121730115	3067121874873706753	18313608547719772313	-10283.6298828125	0.0000000000	11.2025952204	40.1934848921
32	59	5088468608694452078	7601657687808359178	10432630225110539352	14261983068959928294	-10283.6523437500	0.0000000000	29.2011825598	12.7307934400
65	59	2994375602573030521	7601657687808359178	4547230828455016686	10432630225110539352	-10283.6523437500	0.0000000000	4.9369359687	12.7307934400
3	30	2400508826370169201	5860122236468879057	7267642647371418521	13641069371566866738	-10283.6904296875	0.0000000000	55.0330589590	30.7604236137
69	58	13298563719198658168	15018428760318362298	140036558984773581	13298563719198658168	-10283.8359375000	0.0000000000	0.1809179415	13.7847518046
55	6	4752631359404694832	13028795077775133422	17103313809493578259	17798867360164718467	-10283.9033203125	0.0000000000	16.6038038467	49.2495740793
7	28	11117569714726431401	15238071704247467969	7009362948719087532	14160290177449081745	-10283.9248046875	0.0000000000	49.0943904459	33.4053732968
42	25	13278762253849637909	15270237447969908554	2143156284077721075	12486556178298464534	-10283.9453125000	0.0000000000	24.6286622808	35.5952252171
13	16	9388353752879206249	16863307900853720354	9719635166291834407	14500722123902198708	-10283.9638671875	0.0000000000	42.5385033954	42.0348083228
29	26	2590246260731145299	17548949165766628857	2312414353970065291	10630986263387460783	-10284.0117187500	0.0000000000	31.6827315984	34.8197265103
70	29	2050456454754125474	2590246260731145299	2050456454754125474	10515413378622488988	-10284.0234375000	0.0000000000	0.1234800218	31.6944503484
19	51	15210271395121730115	18331383289331445001	1616684232840184370	8548152267863452038	-10284.0605468750	0.0000000000	40.6241489546	18.6268553338
44	51	11072636854126668426	18331383289331445001	9582996809474253180	12026973264771287206	-10284.1044921875	0.0000000000	24.0865942198	18.6708006463
30	13	5860122236468879057	9388353752879206249	1702126167406889169	10100393520468455051	-10284.1054687500	0.0000000000	31.1754626762	42.6801049579
39	2	4699872589231047194	15833357601308018089	8736392459710050947	15967740505889249373	-10284.1191406250	0.0000000000	27.8824319293	57.3481948805
44	46	11072636854126668426	12535374395063084085	2931360149778126652	14396610005183453723	-10284.1416015625	0.0000000000	24.1237035948	21.6574485444
24	7	1578537932394219965	11117569714726431401	840260418720251041	1245474851210337349	-10284.1455078125	0.0000000000	35.8725305093	49.3150935709
8	41	2338638558934973707	17465034485350747349	1425465792790567148	5841999205227209510	-10284.1523437500	0.0000000000	47.4022054288	27.2991560772
37	41	14773085639508646864	17465034485350747349	1425465792790567148	2002625174038130909	-10284.1523437500	0.0000000000	28.5680062706	27.2991560772
62	5	5734407459137869133	17841368144436045441	2070962424641352936	10055428259041540759	-10284.2460937500	0.0000000000	12.9063491652	50.1156447551
36	7	6949163309424221588	11117569714726431401	5138814989387563994	9538736282837876931	-10284.2500000000	0.0000000000	28.6702955223	49.4195857584
31	49	5431396170490344121	5851501803797438112	9956129007702923439	15734826671369331823	-10284.2539062500	0.0000000000	30.0645681172	19.2944473987
0	50	10165324746644879865	13440359719910072822	6414111735875162394	7140179055366481163	-10284.3085937500	0.0000000000	65.1710649984	19.1623184414
59	42	7601657687808359178	13278762253849637909	4852731588294353205	10610986237082173847	-10284.3652343750	0.0000000000	13.4436840650	25.0485841558
12	5	3464689620348449069	17841368144436045441	4384221580326647852	16305950984124971308	-10284.3681640625	0.0000000000	44.3005752929	50.2377150676
33	42	5883306076231458735	13278762253849637909	9082053663918397232	18284007492710490945	-10284.3886718750	0.0000000000	29.9223019939	25.0720216558
8	35	2338638558934973707	6484463227862144676	3985603323071711721	6925148615329885941	-10284.3945312500	0.0000000000	47.6443929288	28.8877543926
44	2	11072636854126668426	15833357601308018089	8672835080107575109	14776203447743958023	-10284.4160156250	0.0000000000	24.3981176573	57.6450698805
52	2	3396079651100282447	15833357601308018089	363647157001814244	10850477911464233664	-10284.4589843750	0.0000000000	18.9352004513	57.6880386305
20	36	6461476422044957467	6949163309424221588	2581620179948880933	6444588080200558192	-10284.4667968750	0.0000000000	41.0258443128	28.8870923973
55	2	4752631359404694832	15833357601308018089	2858281477349090498	18138445925082080788	-10284.4736328125	0.0000000000	17.1741163467	57.7026870680
52	4	3396079651100282447	8097248218632962140	8380334053380019312	13609907722590575265	-10284.5527343750	0.0000000000	19.0289504513	50.6981620418
14	49	5693540783912640859	5851501803797438112	809418246546939339	4885040708549945898	-10284.6015625000	0.0000000000	42.9215567533	19.6421036487
60	2	2376575417863135000	15833357601308018089	1994230279893529394	15117866289434136278	-10284.6455078125	0.0000000000	13.6851202929	57.8745620680
59	4	7601657687808359178	8097248218632962140	5099395831193156991	13345420667018491451	-10284.6914062500	0.0000000000	13.7698559400	50.8368339168
61	19	9568516022596562606	15210271395121730115	1890533988808496151	12902091654223438863	-10284.7285156250	0.0000000000	13.5271069027	41.2921177046
31	36	5431396170490344121	6949163309424221588	16555658363617934840	17055182618731919279	-10284.7294921875	0.0000000000	30.5401540547	29.1497877098
32	36	5088468608694452078	6949163309424221588	1326496862379904059	17402637296267778383	-10284.7451171875	0.0000000000	30.2939559973	29.1654127098
36	42	6949163309424221588	13278762253849637909	1326496862379904059	12761344794207506373	-10284.7451171875	0.0000000000	29.1654127098	25.4284669683
27	43	9460063871844575253	11399600364733442468	5081066869985342252	8461263098264609272	-10284.8701171875	0.0000000000	35.6197749650	25.3502901657
8	19	2338638558934973707	15210271395121730115	17534835442717911631	17748736127596804705	-10284.8935546875	0.0000000000	48.1434163663	41.4571567671
6	23	13028795077775133422	18425980509938217647	7021440374289238971	13886438128387424566	-10284.9472656250	0.0000000000	50.2935193918	38.0776082078
69	25	13298563719198658168	15270237447969908554	9373929131921574110	13298563719198658168	-10284.9697265625	0.0000000000	1.3147070040	36.6196392796
3	55	2400508826370169201	4752631359404694832	9681174558778632623	12404533124869699225	-10285.0097656250	0.0000000000	56.3523948965	17.7102491592
3	62	2400508826370169201	5734407459137869133	2869426059169356629	17489518426263342537	-10285.0175781250	0.0000000000	56.3602073965	13.6778335402
18	11	1973719994620597956	4089866445876100708	7407830148449013356	11652525014396364805	-10285.0341796875	0.0000000000	42.3843755406	45.1131987973
19	26	15210271395121730115	17548949165766628857	1523208362973833082	15552282063717632532	-10285.0595703125	0.0000000000	41.6231723921	35.8675780728
70	42	2050456454754125474	13278762253849637909	2050456454754125474	18161661570746072628	-10285.0732421875	0.0000000000	1.1732847093	25.7565919683
65	10	2994375602573030521	5125778371293291106	4008943466575844032	13171895571213330114	-10285.0839843750	0.0000000000	6.3685765937	45.9625252144
24	2	1578537932394219965	15833357601308018089	512485547467433105	2601124516495934933	-10285.0996093750	0.0000000000	36.8266320718	58.3286636305
18	33	1973719994620597956	5883306076231458735	167080235405490066	11744336530190974101	-10285.1582031250	0.0000000000	42.5083989781	30.6918332439
7	41	11117569714726431401	17465034485350747349	4681776756282057399	14124148587864030070	-10285.3037109375	0.0000000000	50.4732966959	28.4505232647
66	46	1241156098068793816	12535374395063084085	7143643499646488920	11953164727208163826	-10285.3056640625	0.0000000000	4.9241517406	22.8215110444
40	6	11472758483394683188	13028795077775133422	10478293448690999625	15609175443674466379	-10285.3144531250	0.0000000000	28.6018560727	50.6607068918
36	43	6949163309424221588	11399600364733442468	9312441745449482517	18261185404928529614	-10285.4248046875	0.0000000000	29.8451002098	25.9049776657
21	35	6062790282938113025	6484463227862144676	3343189850253020589	16963018611304951931	-10285.4355468750	0.0000000000	41.9584065551	29.9287700176
63	50	11431609380208423339	13440359719910072822	3349652562821465045	18313608547719772313	-10285.4492187500	0.0000000000	13.0219311579	20.3029434414
61	44	9568516022596562606	11072636854126668426	8399095177356483037	16305707610458170900	-10285.5146484375	0.0000000000	14.3132397152	25.4967504698
20	42	6461476422044957467	13278762253849637909	5499971537906609633	14712148195677660595	-10285.5488281250	0.0000000000	42.1078755628	26.2321779058
32	20	5088468608694452078	6461476422044957467	5499971537906609633	11728654878448398469	-10285.5488281250	0.0000000000	31.0976669348	42.1078755628
10	13	5125778371293291106	9388353752879206249	192472905582523363	18111479397541187764	-10285.5585937500	0.0000000000	46.4371345894	44.1332299579
46	53	12535374395063084085	13619337383230444990	11456641497105067547	15293839129709259306	-10285.5791015625	0.0000000000	23.0949485444	19.4575772506
9	37	6647163709767477061	14773085639508646864	3258487322841547178	3889190611491631034	-10285.5810546875	0.0000000000	48.0591430800	29.9967172081
45	29	2304489905002361840	2590246260731145299	1015823996895345125	8965099425828756740	-10285.5849609375	0.0000000000	23.9897107089	33.2559737859
30	36	5860122236468879057	6949163309424221588	41322740855412142	3802729214294623502	-10285.6250000000	0.0000000000	32.6949939262	30.0452955223
68	25	2102232313053957989	15270237447969908554	2102232313053957989	7611155433389631372	-10285.7246093750	0.0000000000	3.7500875099	37.3745220921
68	22	2102232313053957989	17771635600684448131	3628443569357338873	11905358391320200763	-10285.8242187500	0.0000000000	3.8496968849	39.0613875388
70	27	2050456454754125474	9460063871844575253	2050456454754125474	11609323861587777561	-10285.8359375000	0.0000000000	1.9359800218	36.5855952775
38	16	13102877500905252749	16863307900853720354	13299210537923693927	14266375909331254191	-10285.8867187500	0.0000000000	29.8813882757	43.9576598853
40	23	11472758483394683188	18425980509938217647	11060206267341251667	17336062310672743614	-10285.8935546875	0.0000000000	29.1809576352	39.0238972703
33	0	5883306076231458735	10165324746644879865	11234443362148700204	13170245084354950780	-10286.0087890625	0.0000000000	31.5424191814	66.8712603109
45	2	2304489905002361840	15833357601308018089	6895572397939090667	11856085556421763428	-10286.0087890625	0.0000000000	24.4135388339	59.2378433180
39	58	4699872589231047194	15018428760318362298	140036558984773581	17861425498524052432	-10286.0478515625	0.0000000000	29.8111428668	15.9966658671
10	26	5125778371293291106	17548949165766628857	1909336692120221633	18130830326010176258	-10286.1513671875	0.0000000000	47.0299080269	36.9593749478
18	47	1973719994620597956	2491649972309366993	9616241653473465073	12669809922194282028	-10286.1855468750	0.0000000000	43.5357427281	22.4940120003
66	26	1241156098068793816	17548949165766628857	1291984075013814158	14723919517144620487	-10286.2363281250	0.0000000000	5.8548158031	37.0443358853
47	1	2491649972309366993	11209614143821053939	2117774133477999977	3832596804540861658	-10286.2626953125	0.0000000000	22.5711604378	61.2789308589
21	56	6062790282938113025	16852385624946083254	9513230505487544332	9590118108273796552	-10286.3144531250	0.0000000000	42.8373128051	17.3543875231
15	40	2021587758018320124	11472758483394683188	4919793728329452975	14946105028613764859	-10286.3154296875	0.0000000000	44.3907938985	29.6028326352
8	16	2338638558934973707	16863307900853720354	1220771275869232317	7308709914098479542	-10286.3164062500	0.0000000000	49.5662679288	44.3873473853
38	51	13102877500905252749	18331383289331445001	4355038791246744416	7646277075162669271	-10286.3271484375	0.0000000000	30.3218179632	20.8934568963
0	44	10165324746644879865	11072636854126668426	7089185994405316973	10614692550326400300	-10286.4169921875	0.0000000000	67.2794634359	26.3990942198
15	29	2021587758018320124	2590246260731145299	3218397089119099406	12783942547049757002	-10286.4697265625	0.0000000000	44.5450907735	34.1407394109
4	25	8097248218632962140	15270237447969908554	5891391583515543074	8403952623267699797	-10286.4707031250	0.0000000000	52.6161307918	38.1206158421
47	25	2491649972309366993	15270237447969908554	5201686148962409170	12502382969556584580	-10286.4775390625	0.0000000000	22.7860041878	38.1274517796
44	38	11072636854126668426	13102877500905252749	9344690221341590062	14266375909331254191	-10286.4863281250	0.0000000000	26.4684301573	30.4809976507
46	2	12535374395063084085	15833357601308018089	1968529396132385157	6180297749913315420	-10286.4892578125	0.0000000000	24.0051047944	59.7183120680
17	13	5868884973666812058	9388353752879206249	11845001197138750267	14822480704542645704	-10286.4921875000	0.0000000000	43.8622945356	45.0668237079
67	19	5624815467740092251	15210271395121730115	9671672472394713838	15242476496207801147	-10286.5175781250	0.0000000000	5.5052444047	43.0811802046
11	33	4089866445876100708	5883306076231458735	12584692872755437091	14866344425571005510	-10286.5390625000	0.0000000000	46.6180816098	32.0726926189
11	36	4089866445876100708	6949163309424221588	5138814989387563994	12584692872755437091	-10286.5390625000	0.0000000000	46.6180816098	30.9593580223
12	25	3464689620348449069	15270237447969908554	8912879800322639063	11385707566806117985	-10286.5585937500	0.0000000000	46.4910049804	38.2085064671
12	58	3464689620348449069	15018428760318362298	8893877706168492800	11385707566806117985	-10286.5585937500	0.0000000000	46.4910049804	16.5074080546
14	21	5693540783912640859	6062790282938113025	4424341270816777420	9045721919424140698	-10286.5585937500	0.0000000000	44.8785880033	43.0814534301
55	30	4752631359404694832	5860122236468879057	5355726688537599228	8298612843950608794	-10286.5683593750	0.0000000000	19.2688429092	33.6383533012
7	38	11117569714726431401	13102877500905252749	4927488248494066036	10801843458862799944	-10286.6142578125	0.0000000000	51.7838435709	30.6089273382
37	25	14773085639508646864	15270237447969908554	3308971686027894214	4146173060065164517	-10286.6777343750	0.0000000000	31.0933968956	38.3276470921
27	28	9460063871844575253	15238071704247467969	9277766545485175462	17146760977577066721	-10286.7646484375	0.0000000000	37.5143062150	36.2452170468
14	35	5693540783912640859	6484463227862144676	4077595458596997054	14236600019990872796	-10286.8417968750	0.0000000000	45.1617911283	31.3350200176
52	5	3396079651100282447	17841368144436045441	3800028065080547869	13429839706481457383	-10286.8564453125	0.0000000000	21.3326613888	52.7259963176
52	25	3396079651100282447	15270237447969908554	12196174495656524700	13429839706481457383	-10286.8564453125	0.0000000000	21.3326613888	38.5063580296
0	51	10165324746644879865	18331383289331445001	812730944225630112	8135535322558968501	-10286.8867187500	0.0000000000	67.7491899984	21.4530272088
49	22	5851501803797438112	17771635600684448131	9097652051510873365	14005297220623453798	-10286.8916015625	0.0000000000	21.9321427112	40.1287703513
53	16	13619337383230444990	16863307900853720354	16950035856319316897	17993437294300042803	-10286.9658203125	0.0000000000	20.8442960006	45.0367614478
12	56	3464689620348449069	16852385624946083254	7664283466143348952	15287645681973644970	-10287.0771484375	0.0000000000	47.0095596679	18.1170828356
55	31	4752631359404694832	5431396170490344121	5480817793897650829	10146576485280851264	-10287.0859375000	0.0000000000	19.7864210342	32.8965993672
43	40	11399600364733442468	11472758483394683188	3494825579057987086	5310724255260680326	-10287.0986328125	0.0000000000	27.5788057907	30.3860357602
55	21	4752631359404694832	6062790282938113025	5355726688537599228	11086521806911826827	-10287.1074218750	0.0000000000	19.8079054092	43.6302815551
40	25	11472758483394683188	15270237447969908554	12445701282616606173	15532989890213274915	-10287.1308593750	0.0000000000	30.4182623227	38.7807720921
15	17	2021587758018320124	5868884973666812058	2919602362118616254	13959654383187380440	-10287.1416015625	0.0000000000	45.2169657735	44.5117085981
8	46	2338638558934973707	12535374395063084085	13162969253203280885	15710633497179138876	-10287.1552734375	0.0000000000	50.4051351163	24.6711204194
18	44	1973719994620597956	11072636854126668426	6214020374080387812	12026973264771287206	-10287.1611328125	0.0000000000	44.5113286656	27.1432348448
45	50	2304489905002361840	13440359719910072822	9035841121105787004	11045327310741582532	-10287.1757812500	0.0000000000	25.5805310214	22.0295059414
52	0	3396079651100282447	10165324746644879865	505686851377083599	10765893498658188397	-10287.2031250000	0.0000000000	21.6793410763	68.0655962484
45	64	2304489905002361840	9223212027600555165	11150345148110793862	12979467272610225310	-10287.2080078125	0.0000000000	25.6127575839	14.3798408905
61	25	9568516022596562606	15270237447969908554	11454318555162067243	16290912295218136186	-10287.2314453125	0.0000000000	16.0300365902	38.8813580296
8	31	2338638558934973707	5431396170490344121	3900347604263621121	6041314619701182743	-10287.2363281250	0.0000000000	50.4861898038	33.0469899922
19	23	15210271395121730115	18425980509938217647	7947835462050365516	14755997093684252055	-10287.2900390625	0.0000000000	43.8536411421	40.4203816453
39	7	4699872589231047194	11117569714726431401	4802465970582869782	5022408525329157008	-10287.3134765625	0.0000000000	31.0767678668	52.4830623209
68	16	2102232313053957989	16863307900853720354	11905358391320200763	16270152363729713443	-10287.3330078125	0.0000000000	5.3584859474	45.4039489478
36	37	6949163309424221588	14773085639508646864	262052072640994087	1677563589936280089	-10287.3632812500	0.0000000000	31.7835767723	31.7789437706
49	4	5851501803797438112	8097248218632962140	13833039698444440203	14603192403496674513	-10287.3818359375	0.0000000000	22.4223770862	53.5272636043
52	10	3396079651100282447	5125778371293291106	288441725534655796	6897468471687696185	-10287.4238281250	0.0000000000	21.9000442013	48.3023689644
17	5	5868884973666812058	17841368144436045441	453249720981472734	18317481759976568308	-10287.4277343750	0.0000000000	44.7978414106	53.2972853801
38	26	13102877500905252749	17548949165766628857	3925412518621634316	3992348456621431774	-10287.4599609375	0.0000000000	31.4546304632	38.2679686978
45	49	2304489905002361840	5851501803797438112	9731126439019303213	12282654689540023860	-10287.4619140625	0.0000000000	25.8666638339	22.5024552112
11	56	4089866445876100708	16852385624946083254	1848505400328206838	8028375620088798535	-10287.5273437500	0.0000000000	47.6063628598	18.5672781481
1	26	11209614143821053939	17548949165766628857	6997033422209952390	13941953661047745907	-10287.5576171875	0.0000000000	62.5738527339	38.3656249478
44	40	11072636854126668426	11472758483394683188	1157382496245239994	3146072213235928168	-10287.5664062500	0.0000000000	27.5485082823	30.8538091977
33	28	5883306076231458735	15238071704247467969	6441321511813281451	15164854885796969285	-10287.5869140625	0.0000000000	33.1205441814	37.0674826718
14	28	5693540783912640859	15238071704247467969	2865897162950562688	7164291651975955562	-10287.6240234375	0.0000000000	45.9440176908	37.1045920468
24	19	1578537932394219965	15210271395121730115	16708239778693144912	17090913820918631904	-10287.6708984375	0.0000000000	39.3979211343	44.2345005171
58	16	15018428760318362298	16863307900853720354	6890469771635619286	10294351011386447003	-10287.7236328125	0.0000000000	17.6724471171	45.7945739478
35	36	6484463227862144676	6949163309424221588	182855828493949328	15015189195202729310	-10287.7939453125	0.0000000000	32.2871684551	32.2142408348
60	0	2376575417863135000	10165324746644879865	13921805368596060099	14135893079820787343	-10287.8105468750	0.0000000000	16.8501593554	68.6730181234
4	57	8097248218632962140	15092668313978089557	10378817387491625980	15643274811909718082	-10287.8320312500	0.0000000000	53.9774589168	18.4664295671
7	42	11117569714726431401	13278762253849637909	5784971991440062490	9891200950594730912	-10287.8339843750	0.0000000000	53.0035701334	28.5173341558
15	50	2021587758018320124	13440359719910072822	3872819836411088332	8504384398732594838	-10287.8710937500	0.0000000000	45.9464579610	22.7248184414
65	19	2994375602573030521	15210271395121730115	13883309530606166913	15744457810942930407	-10287.9023437500	0.0000000000	9.1869359687	44.4659458296
66	44	1241156098068793816	11072636854126668426	16574136781124418481	16917061937321764912	-10287.9169921875	0.0000000000	7.5354798656	27.8990942198
66	53	1241156098068793816	13619337383230444990	15293839129709259306	16917061937321764912	-10287.9169921875	0.0000000000	7.5354798656	21.7954678756
10	69	5125778371293291106	13298563719198658168	7361551647759903107	13298563719198658168	-10287.9433593750	0.0000000000	48.8219002144	4.2883398165
39	25	4699872589231047194	15270237447969908554	4209089027246326780	6750896844012853562	-10287.9931640625	0.0000000000	31.7564553668	39.6430767796
65	42	2994375602573030521	13278762253849637909	1416476713636421632	11520454038333894768	-10288.0029296875	0.0000000000	9.2875219062	28.6862794683
52	51	3396079651100282447	18331383289331445001	201831567547107327	8955898938627445741	-10288.0195312500	0.0000000000	22.4957473263	22.5858397088
25	22	15270237447969908554	17771635600684448131	9964752302721591407	14384164830894578020	-10288.0781250000	0.0000000000	39.7280377171	41.3152937888
33	58	5883306076231458735	15018428760318362298	7056981990913799775	12270905397956099402	-10288.1074218750	0.0000000000	33.6410519939	18.0562361796
10	46	5125778371293291106	12535374395063084085	6027879479317022407	10474984283902063202	-10288.1396484375	0.0000000000	49.0181892769	25.6554954194
24	20	1578537932394219965	6461476422044957467	8229542252170102919	13708451077550413072	-10288.1416015625	0.0000000000	39.8686242593	44.7006490003
29	57	2590246260731145299	15092668313978089557	59752003640147542	10378817387491625980	-10288.1787109375	0.0000000000	35.8497237859	18.8131092546
52	28	3396079651100282447	15238071704247467969	5997261375152472002	7654142685286756930	-10288.2031250000	0.0000000000	22.6793410763	37.6836936093
10	63	5125778371293291106	11431609380208423339	6760187839785402137	13845916618998170768	-10288.2041015625	0.0000000000	49.0826424019	15.7768139704
13	28	9388353752879206249	15238071704247467969	3728635026925173076	4824088046114166846	-10288.2080078125	0.0000000000	46.7826440204	37.6885764218
29	6	2590246260731145299	13028795077775133422	9997701315233784296	16240168918721984771	-10288.2333984375	0.0000000000	35.9044112859	53.5796522043
8	17	2338638558934973707	5868884973666812058	13778760771235015681	16999417269263621862	-10288.2705078125	0.0000000000	51.5203694913	45.6406148481
40	19	11472758483394683188	15210271395121730115	9601173668072662232	10232145979578478091	-10288.2714843750	0.0000000000	31.5588873227	44.8350864546
39	69	4699872589231047194	13298563719198658168	812751493848287555	13298563719198658168	-10288.2753906250	0.0000000000	32.0386819293	4.6203710665
29	32	2590246260731145299	5088468608694452078	1135349098065659613	13546062316655013013	-10288.3017578125	0.0000000000	35.9727706609	33.8505966223
45	59	2304489905002361840	7601657687808359178	830594668659746150	12587268629693467267	-10288.3359375000	0.0000000000	26.7406872714	17.4143871900
11	34	4089866445876100708	11978150189334513253	1906358174177413475	9918833393379320553	-10288.3466796875	0.0000000000	48.4256987973	32.8968052706
32	34	5088468608694452078	11978150189334513253	11911043771100893762	16335369131320752382	-10288.3740234375	0.0000000000	33.9228622473	32.9241490206
10	67	5125778371293291106	5624815467740092251	5624815467740092251	14076053066380080378	-10288.4013671875	0.0000000000	49.2799080269	7.3890334672
1	46	11209614143821053939	12535374395063084085	10474984283902063202	15651009399044864671	-10288.4111328125	0.0000000000	63.4273683589	25.9269797944
49	23	5851501803797438112	18425980509938217647	2398606586319741969	4013323533278474025	-10288.4179687500	0.0000000000	23.4585098987	41.5483113328
11	30	4089866445876100708	5860122236468879057	5318561855233355312	9078049161455243105	-10288.4550781250	0.0000000000	48.5340972348	35.5250720512
3	54	2400508826370169201	16717900351085550691	3724290531774970663	6818461502372391730	-10288.4873046875	0.0000000000	59.8299339590	21.2503483947
43	22	11399600364733442468	17771635600684448131	2773747463760141504	13197915583874709741	-10288.5029296875	0.0000000000	28.9831026657	41.7400984763
45	33	2304489905002361840	5883306076231458735	2726079842232197848	15338062182485284211	-10288.5478515625	0.0000000000	26.9526013339	34.0814816814
45	63	2304489905002361840	11431609380208423339	6811181899192167170	15338062182485284211	-10288.5478515625	0.0000000000	26.9526013339	16.1205639704
65	4	2994375602573030521	8097248218632962140	8139676334811781495	13883309530606166913	-10288.5537109375	0.0000000000	9.8383031562	54.6991386043
34	26	11978150189334513253	17548949165766628857	9895292501157880526	11911043771100893762	-10288.5927734375	0.0000000000	33.1428990206	39.4007811978
3	49	2400508826370169201	5851501803797438112	2511154357763369535	3554324466112472156	-10288.6074218750	0.0000000000	59.9500511465	23.6479630237
14	41	5693540783912640859	17465034485350747349	8980913755794641040	13705162488246874661	-10288.6103515625	0.0000000000	46.9303458158	31.7571638897
18	7	1973719994620597956	11117569714726431401	3716380413053565123	4220922764620541839	-10288.6250000000	0.0000000000	45.9751958531	53.7945857584
69	57	13298563719198658168	15092668313978089557	16159796803050571732	17796915437521341620	-10288.6933593750	0.0000000000	5.0383398165	19.3277576921
45	19	2304489905002361840	15210271395121730115	1863270990614305367	7622866509043727213	-10288.6992187500	0.0000000000	27.1039685214	45.2628208296
0	42	10165324746644879865	13278762253849637909	2967987344079695363	18310012312460138620	-10288.7333984375	0.0000000000	69.5958696859	29.4167482183
49	63	5851501803797438112	11431609380208423339	7993057545405749025	15166078323447104391	-10288.7988281250	0.0000000000	23.8393692737	16.3715405329
49	61	5851501803797438112	9568516022596562606	15530875104248680101	18111529940144997831	-10288.8789062500	0.0000000000	23.9194473987	17.6774975277
6	37	13028795077775133422	14773085639508646864	3440131121492513834	5214054989477086434	-10288.8847656250	0.0000000000	54.2310193918	33.3004281456
24	11	1578537932394219965	4089866445876100708	472257584134001861	10013128694305027296	-10288.9677734375	0.0000000000	40.6947961343	49.0467925473
29	49	2590246260731145299	5851501803797438112	4194797012435744905	10710161014893694224	-10288.9951171875	0.0000000000	36.6661300359	24.0356583362
32	30	5088468608694452078	5860122236468879057	3059957842306939439	4075803696731995919	-10289.0830078125	0.0000000000	34.6318466223	36.1530017387
11	10	4089866445876100708	5125778371293291106	9383802992833144014	13220134980824608476	-10289.0859375000	0.0000000000	49.1649566098	49.9644783394
0	41	10165324746644879865	17465034485350747349	1543588878265389348	2139197930553250836	-10289.0927734375	0.0000000000	69.9552446859	32.2395857647
10	59	5125778371293291106	7601657687808359178	5136423372333002023	9156223942528161382	-10289.1142578125	0.0000000000	49.9927986519	18.1927075025
37	57	14773085639508646864	15092668313978089557	3523304912286593078	5992955049362802373	-10289.1279296875	0.0000000000	33.5435922081	19.7623280046
11	39	4089866445876100708	4699872589231047194	10229181297989188887	11692777994800596758	-10289.1298828125	0.0000000000	49.2089019223	32.8931741168
30	1	5860122236468879057	11209614143821053939	15271753393344587097	18328769106552575650	-10289.1337890625	0.0000000000	36.2037829887	64.1500246089
24	41	1578537932394219965	17465034485350747349	8980913755794641040	16300717423542915060	-10289.1542968750	0.0000000000	40.8813195718	32.3011092022
18	15	1973719994620597956	2021587758018320124	1367300466995693992	6038411730033318703	-10289.1757812500	0.0000000000	46.5259771031	47.2511454610
11	32	4089866445876100708	5088468608694452078	6060300932620028059	15908399670789700802	-10289.1884765625	0.0000000000	49.2674956723	34.7373153723
50	5	13440359719910072822	17841368144436045441	3660638724042788175	8795655886838581819	-10289.2158203125	0.0000000000	24.0695450039	55.0853713176
0	63	10165324746644879865	11431609380208423339	5176602037577032016	7872213217171516464	-10289.2412109375	0.0000000000	70.1036821859	16.8139233454
29	43	2590246260731145299	11399600364733442468	13856185465582067954	17081141343516405250	-10289.2568359375	0.0000000000	36.9278487859	29.7370089157
8	47	2338638558934973707	2491649972309366993	11844263349655994751	17166516688794520851	-10289.3720703125	0.0000000000	52.6219319913	25.6805354378
59	28	7601657687808359178	15238071704247467969	5351385799184357044	5796757912075545402	-10289.3857421875	0.0000000000	18.4641918775	38.8663107968
71	16	3014024255359366061	16863307900853720354	1578288384100971397	3014024255359366061	-10289.4267578125	0.0000000000	0.2619535994	47.4976989478
7	19	11117569714726431401	15210271395121730115	5592175626296904270	13815048573766373873	-10289.4404296875	0.0000000000	54.6100154459	46.0040317671
71	67	3014024255359366061	5624815467740092251	3014024255359366061	17138479232778665290	-10289.4531250000	0.0000000000	0.2883207869	8.4407912797
49	13	5851501803797438112	9388353752879206249	1088655271428832256	15947207886397531062	-10289.4980468750	0.0000000000	24.5385880237	48.0726830829
4	46	8097248218632962140	12535374395063084085	17037737993918461917	17320481806907102783	-10289.5371093750	0.0000000000	55.6825370418	27.0529563569
40	16	11472758483394683188	16863307900853720354	8860393184531704559	9334023663664933062	-10289.5449218750	0.0000000000	32.8323248227	47.6158630103
61	28	9568516022596562606	15238071704247467969	3699201278491906152	9316280494145781556	-10289.5908203125	0.0000000000	18.3894115902	39.0713889218
63	16	11431609380208423339	16863307900853720354	4618356991668436585	14937223914364385883	-10289.5917968750	0.0000000000	17.1645092829	47.6627380103
39	28	4699872589231047194	15238071704247467969	6514510244814272030	8907734202482443434	-10289.6318359375	0.0000000000	33.3951272418	39.1124045468
45	43	2304489905002361840	11399600364733442468	951433645502868369	9453897751558159088	-10289.7597656250	0.0000000000	28.1645153964	30.2399386032
69	16	13298563719198658168	16863307900853720354	3064537402435003272	11600880557239180692	-10289.7685546875	0.0000000000	6.1135351290	47.8394958228
18	32	1973719994620597956	5088468608694452078	14204785413695504405	17402637296267778383	-10289.8955078125	0.0000000000	47.2457036656	35.4443466223
27	6	9460063871844575253	13028795077775133422	4699466560654878658	4773686573715455946	-10289.8964843750	0.0000000000	40.6461421525	55.2427381418
44	7	11072636854126668426	11117569714726431401	6716343060267328998	16278337425842105540	-10289.9863281250	0.0000000000	29.9684301573	55.1559138834
47	40	2491649972309366993	11472758483394683188	5684189010871125062	16816030913730348859	-10290.0000000000	0.0000000000	26.3084651253	33.2874029477
18	61	1973719994620597956	9568516022596562606	14954693590003132364	15312414138981368357	-10290.1123046875	0.0000000000	47.4625005406	18.9108959652
18	69	1973719994620597956	13298563719198658168	4712311770546953363	16159796803050571732	-10290.1728515625	0.0000000000	47.5230474156	6.5178320040
10	61	5125778371293291106	9568516022596562606	12605809145331569133	17372140525622365857	-10290.2333984375	0.0000000000	51.1119392769	19.0319897152
13	41	9388353752879206249	17465034485350747349	6664711969358209440	10584888055233218544	-10290.2529296875	0.0000000000	48.8275658954	33.3997420147
8	63	2338638558934973707	11431609380208423339	8324106089529112945	14294932029439724351	-10290.2753906250	0.0000000000	53.5252523038	17.8481030329
65	51	2994375602573030521	18331383289331445001	13104958761106772049	17229110294245650067	-10290.2871093750	0.0000000000	11.5717015937	24.8534178338
70	46	2050456454754125474	12535374395063084085	9863142270844432206	11303812651919871368	-10290.3066406250	0.0000000000	6.4066831468	27.8224876069
59	1	7601657687808359178	11209614143821053939	7811454319882668570	14110162879591614192	-10290.3261718750	0.0000000000	19.4046215650	65.3424074214
18	14	1973719994620597956	5693540783912640859	9522290074786177264	12822245418056782481	-10290.3769531250	0.0000000000	47.7271489781	48.6969473783
30	26	5860122236468879057	17548949165766628857	9872773169221214332	11143899043866608566	-10290.4013671875	0.0000000000	37.4713611137	41.2093749478
10	6	5125778371293291106	13028795077775133422	1137029104431959365	14244434733622909929	-10290.4570312500	0.0000000000	51.3355720894	55.8032850168
61	22	9568516022596562606	17771635600684448131	7674059289158001837	12650409623210960537	-10290.4599609375	0.0000000000	19.2585522152	43.6971297263
62	49	5734407459137869133	5851501803797438112	537632189200715925	6113521569879520416	-10290.4726562500	0.0000000000	19.1329116652	25.5131973987
8	55	2338638558934973707	4752631359404694832	4317909205101571215	6410353512088187042	-10290.5312500000	0.0000000000	53.7811116788	23.2317335342
18	6	1973719994620597956	13028795077775133422	14016255288087875589	17216414241637091722	-10290.5644531250	0.0000000000	47.9146489781	55.9107068918
47	44	2491649972309366993	11072636854126668426	14686806790245513001	17944517083750509056	-10290.5654296875	0.0000000000	26.8738948128	30.5475317198
52	23	3396079651100282447	18425980509938217647	13541849574412980413	15037980104241167839	-10290.5712890625	0.0000000000	25.0475051388	43.7016316453
10	22	5125778371293291106	17771635600684448131	10209818106044727771	10403788107990313834	-10290.6181640625	0.0000000000	51.4967049019	43.8553328513
32	40	5088468608694452078	11472758483394683188	980429641222280196	4758753438178149416	-10290.6328125000	0.0000000000	36.1816513098	33.9202154477
20	28	6461476422044957467	15238071704247467969	4068517816516721857	5387461840864524114	-10290.6835937500	0.0000000000	47.2426411878	40.1641623593
0	58	10165324746644879865	15018428760318362298	3610760654994419410	5770213017864790332	-10290.7148437500	0.0000000000	71.5773149984	20.6636580546
55	9	4752631359404694832	6647163709767477061	2558057317306664141	11466984202954349580	-10290.7519531250	0.0000000000	23.4524366592	53.2300415175
8	4	2338638558934973707	8097248218632962140	3268169939712584710	9805081922726901711	-10290.7617187500	0.0000000000	54.0115804288	56.9071464168
40	26	11472758483394683188	17548949165766628857	2377601211057927764	4442302656148894347	-10290.7646484375	0.0000000000	34.0520513852	41.5726561978
35	23	6484463227862144676	18425980509938217647	7373235719471651055	10453920326142289620	-10290.7685546875	0.0000000000	35.2617778301	43.8988972703
19	22	15210271395121730115	17771635600684448131	12515490388351618036	15385686250386966070	-10290.8515625000	0.0000000000	47.4151645796	44.0887312888
66	43	1241156098068793816	11399600364733442468	6906085914854166903	14723919517144620487	-10290.9013671875	0.0000000000	10.5198548656	31.3815401657
8	40	2338638558934973707	11472758483394683188	6807525496300570683	9373728894212938397	-10290.9169921875	0.0000000000	54.1668538663	34.2043951352
37	54	14773085639508646864	16717900351085550691	4074695229434125236	14072831927308593254	-10290.9326171875	0.0000000000	35.3482797081	23.6956608947
17	46	5868884973666812058	12535374395063084085	1054370255251782815	4882945199299133564	-10290.9570312500	0.0000000000	48.3271382856	28.4728782319
29	40	2590246260731145299	11472758483394683188	8346952163456982881	13128073851753547220	-10290.9726562500	0.0000000000	38.6436690984	34.2600591977
36	26	6949163309424221588	17548949165766628857	41123235343316035	12212640656680900133	-10290.9970703125	0.0000000000	35.4173658348	41.8050780728
29	20	2590246260731145299	6461476422044957467	4475870843436380415	12807025977565900334	-10291.0029296875	0.0000000000	38.6739425359	47.5619771253
46	57	12535374395063084085	15092668313978089557	17157238602350422244	18258384471153238318	-10291.0234375000	0.0000000000	28.5392844819	21.6578358171
52	17	3396079651100282447	5868884973666812058	4882945199299133564	17406471510794898950	-10291.1054687500	0.0000000000	25.5816848263	48.4755757856
29	27	2590246260731145299	9460063871844575253	15325096808766613260	15599663961099373515	-10291.1220703125	0.0000000000	38.7930831609	41.8717280900
52	16	3396079651100282447	16863307900853720354	2295681137829466035	17401225446506148347	-10291.1328125000	0.0000000000	25.6090285763	49.2037536353
67	14	5624815467740092251	5693540783912640859	1250968156607494625	3903165041725867291	-10291.1503906250	0.0000000000	10.1380569047	49.4703848783
45	61	2304489905002361840	9568516022596562606	2540133292981820454	7249620725854082835	-10291.1542968750	0.0000000000	29.5590466464	19.9528881527
66	16	1241156098068793816	16863307900853720354	6505891662914118382	16181712258417008668	-10291.1630859375	0.0000000000	10.7815736156	49.2340270728
66	40	1241156098068793816	11472758483394683188	6505891662914118382	8963191494502132817	-10291.1630859375	0.0000000000	10.7815736156	34.4504888852
65	26	2994375602573030521	17548949165766628857	11904367823832761068	15535349376165868577	-10291.1748046875	0.0000000000	12.4593969062	41.9828124478
70	67	2050456454754125474	5624815467740092251	2532009933161117908	17138479232778665290	-10291.2304687500	0.0000000000	7.3305112718	10.2181350297
70	71	2050456454754125474	3014024255359366061	2068143817128304817	2532009933161117908	-10291.2304687500	0.0000000000	7.3305112718	2.0656645369
70	25	2050456454754125474	15270237447969908554	2050456454754125474	14505675665113286532	-10291.2675781250	0.0000000000	7.3676206468	42.9174908421
10	36	5125778371293291106	6949163309424221588	10362448827554335181	11346955485620403961	-10291.2880859375	0.0000000000	52.1666267769	35.7083814598
45	0	2304489905002361840	10165324746644879865	5727967325318994324	7681961512470251937	-10291.3476562500	0.0000000000	29.7524060214	72.2101274984
6	28	13028795077775133422	15238071704247467969	8483044194564851780	14655478956517257349	-10291.3652343750	0.0000000000	56.7114881418	40.8458029843
21	53	6062790282938113025	13619337383230444990	17531073659569819930	17765527110791770636	-10291.3779296875	0.0000000000	47.9007893676	25.2564053756
1	58	11209614143821053939	15018428760318362298	1098219684151076637	6696655463283508616	-10291.4042968750	0.0000000000	66.4205324214	21.3531111796
69	22	13298563719198658168	17771635600684448131	3500728883140122678	9716390094597389669	-10291.4042968750	0.0000000000	7.7492773165	44.6414656638
66	22	1241156098068793816	17771635600684448131	8235617890529860228	15036416313825092930	-10291.4414062500	0.0000000000	11.0598939281	44.6785750388
21	46	6062790282938113025	12535374395063084085	767058180961221189	10154583136822409269	-10291.4853515625	0.0000000000	48.0082112426	29.0011985444
71	4	3014024255359366061	8097248218632962140	4894524931004462579	15834571601264064578	-10291.4912109375	0.0000000000	2.3264067244	57.6366386043
29	44	2590246260731145299	11072636854126668426	15625071456371138355	15946611803908990091	-10291.4941406250	0.0000000000	39.1651534734	31.4762426573
36	6	6949163309424221588	13028795077775133422	3542130573602141524	3747774751204995186	-10291.5029296875	0.0000000000	35.9232252098	56.8491834543
3	51	2400508826370169201	18331383289331445001	9768080980664157345	11306584526094138706	-10291.5712890625	0.0000000000	62.9139183340	26.1375975213
26	51	17548949165766628857	18331383289331445001	12129812339521017250	15613954423311555865	-10291.6552734375	0.0000000000	42.4632811978	26.2215818963
47	63	2491649972309366993	11431609380208423339	7872213217171516464	16567820743131224386	-10291.6992187500	0.0000000000	28.0076838753	19.2719311579
15	52	2021587758018320124	3396079651100282447	6554895324624893165	6739711281306633019	-10291.7060546875	0.0000000000	49.7814188985	26.1822707638
59	22	7601657687808359178	17771635600684448131	138878553642260466	8462019500912968181	-10291.7294921875	0.0000000000	20.8079418775	44.9666609763
36	50	6949163309424221588	13440359719910072822	2689882646108363917	11665968982234763782	-10291.7539062500	0.0000000000	36.1742017723	26.6076309414
38	41	13102877500905252749	17465034485350747349	799080793235733747	15512004714020290871	-10291.8076171875	0.0000000000	35.8022867132	34.9544295147
38	25	13102877500905252749	15270237447969908554	12878500095714327748	13531216236499830260	-10291.8134765625	0.0000000000	35.8081460882	43.4633892796
10	27	5125778371293291106	9460063871844575253	13062572675963846718	17335171412622971711	-10291.9267578125	0.0000000000	52.8052986519	42.6764155900
18	27	1973719994620597956	9460063871844575253	12649056300869272068	13062572675963846718	-10291.9267578125	0.0000000000	49.2769536656	42.6764155900
62	59	5734407459137869133	7601657687808359178	1632489416288131228	8211345920284979128	-10291.9501953125	0.0000000000	20.6104507277	21.0286450025
59	5	7601657687808359178	17841368144436045441	5768756302591769137	13938605287990170017	-10291.9638671875	0.0000000000	21.0423168775	57.8334181926
35	7	6484463227862144676	11117569714726431401	1722686707150101469	5333410063203095344	-10291.9902343750	0.0000000000	36.4834575176	57.1598201334
20	19	6461476422044957467	15210271395121730115	10534042158168238488	15151885078852101747	-10292.0097656250	0.0000000000	48.5688130628	48.5733677046
56	23	16852385624946083254	18425980509938217647	7171643548230784506	17699179372252085592	-10292.0097656250	0.0000000000	23.0497000231	45.1401082078
21	43	6062790282938113025	11399600364733442468	15961547828892678128	17150960797219377053	-10292.0156250000	0.0000000000	48.5384846801	32.4957979782
28	26	15238071704247467969	17548949165766628857	11904367823832761068	12730068664100151725	-10292.0205078125	0.0000000000	41.5010764218	42.8285155728
43	42	11399600364733442468	13278762253849637909	2930045313335221033	16437729035093564968	-10292.0234375000	0.0000000000	32.5036104782	32.7067872808
52	33	3396079651100282447	5883306076231458735	969838249533286402	15470873269347750729	-10292.1044921875	0.0000000000	26.5807082638	37.6381223064
68	2	2102232313053957989	15833357601308018089	914550993841485036	14783891167738522045	-10292.1269531250	0.0000000000	10.1524312599	65.3560073805
17	6	5868884973666812058	13028795077775133422	8485918179527350	11846128368996865121	-10292.1318359375	0.0000000000	49.5019429731	57.4780897043
70	57	2050456454754125474	15092668313978089557	5161236076043783077	18248787505616826685	-10292.1845703125	0.0000000000	8.2846128343	22.8189686296
42	57	13278762253849637909	15092668313978089557	1883038470203713218	2617261848159642669	-10292.2128906250	0.0000000000	32.8962404058	22.8472889421
13	37	9388353752879206249	14773085639508646864	936424770788288605	4562950717550287517	-10292.2441406250	0.0000000000	50.8187768329	36.6598031456
30	16	5860122236468879057	16863307900853720354	5442400668639582851	15492467139588729223	-10292.2666015625	0.0000000000	39.3365954887	50.3375426978
39	6	4699872589231047194	13028795077775133422	1566509768904725721	7727306153229800287	-10292.3271484375	0.0000000000	36.0904397418	57.6734022043
18	43	1973719994620597956	11399600364733442468	1250384045732837723	17949032937804240929	-10292.3320312500	0.0000000000	49.6822271031	32.8122042282
43	25	11399600364733442468	15270237447969908554	1250384045732837723	12272672138381428514	-10292.3320312500	0.0000000000	32.8122042282	43.9819439671
18	35	1973719994620597956	6484463227862144676	2913399223506252524	10330510785187919057	-10292.3486328125	0.0000000000	49.6988286656	36.8418559551
17	22	5868884973666812058	17771635600684448131	540865402279962344	691484384474966350	-10292.3554687500	0.0000000000	49.7255757856	45.5926375388
44	19	11072636854126668426	15210271395121730115	13353442751127047426	15625071456371138355	-10292.4003906250	0.0000000000	32.3824926573	48.9639927046
55	0	4752631359404694832	10165324746644879865	5444784207707746409	6158977767783089426	-10292.4013671875	0.0000000000	25.1018507217	73.2638384359
18	26	1973719994620597956	17548949165766628857	2652569567329436513	10258245983557779552	-10292.4550781250	0.0000000000	49.8052739781	43.2630858853
71	26	3014024255359366061	17548949165766628857	3014024255359366061	4225153754558913588	-10292.5156250000	0.0000000000	3.3508207869	43.3236327603
49	2	5851501803797438112	15833357601308018089	2336260357062126929	4666061932035661564	-10292.5205078125	0.0000000000	27.5610489612	65.7495620680
49	40	5851501803797438112	11472758483394683188	4666061932035661564	11685139158611300228	-10292.5205078125	0.0000000000	27.5610489612	35.8079107602
43	63	11399600364733442468	11431609380208423339	3380829771923864866	4281197817324754387	-10292.5410156250	0.0000000000	33.0211886032	20.1137280329
47	46	2491649972309366993	12535374395063084085	5861766755852573993	6903810797503889826	-10292.5410156250	0.0000000000	28.8494807503	30.0568626069
22	51	17771635600684448131	18331383289331445001	845164737682917833	3205885819019483378	-10292.5439453125	0.0000000000	45.7811141013	27.1102537713
35	22	6484463227862144676	17771635600684448131	2176721257148440684	11322185022268687188	-10292.5703125000	0.0000000000	37.0635356426	45.8074812888
55	22	4752631359404694832	17771635600684448131	7011186419614212132	15033898622962826968	-10292.5839843750	0.0000000000	25.2844679092	45.8211531638
27	63	9460063871844575253	11431609380208423339	16423155184773698954	17931765762705939337	-10292.5869140625	0.0000000000	43.3365718400	20.1596264704
3	32	2400508826370169201	5088468608694452078	12446167783580115454	13507452707189237086	-10292.6406250000	0.0000000000	63.9832542715	38.1894638098
32	33	5088468608694452078	5883306076231458735	8559524663467319153	16095785218051564916	-10292.6679687500	0.0000000000	38.2168075598	38.2015988689
18	9	1973719994620597956	6647163709767477061	3062884943660304747	5947134884497064498	-10292.6738281250	0.0000000000	50.0240239781	55.1519165175
66	61	1241156098068793816	9568516022596562606	10612528475533532073	13922113095437725764	-10292.7246093750	0.0000000000	12.3430970531	21.5232006527
0	43	10165324746644879865	11399600364733442468	9070685017099778578	17797019149095698383	-10292.7597656250	0.0000000000	73.6222368734	33.2399386032
72	57	12804849303602132009	15092668313978089557	824165550218167890	12804849303602132009	-10292.7919921875	0.0000000000	0.6026643105	23.4263905046
24	30	1578537932394219965	5860122236468879057	3493167115004640163	8229542252170102919	-10292.8271484375	0.0000000000	44.5541711343	39.8971423637
33	13	5883306076231458735	9388353752879206249	34527367466354342	1108214650146121213	-10292.8789062500	0.0000000000	38.4125363689	51.4535424579
4	56	8097248218632962140	16852385624946083254	14870716895650513855	15325759037626792262	-10292.8974609375	0.0000000000	59.0428886043	23.9373953356
31	28	5431396170490344121	15238071704247467969	10263701930806691138	15444440620252226079	-10292.9228515625	0.0000000000	38.7335134297	42.4034201718
11	31	4089866445876100708	5431396170490344121	2792009702584620352	7274015443633587870	-10292.9462890625	0.0000000000	53.0253081723	38.7569509297
52	1	3396079651100282447	11209614143821053939	7654142685286756930	15964208004347022725	-10292.9462890625	0.0000000000	27.4225051388	67.9625246089
67	17	5624815467740092251	5868884973666812058	577397458808842725	6696788213563281194	-10292.9492187500	0.0000000000	11.9368850297	50.3193257856
62	40	5734407459137869133	11472758483394683188	3538444811468072012	16602434518826605726	-10292.9658203125	0.0000000000	21.6260757277	36.2532232602
3	43	2400508826370169201	11399600364733442468	1250384045732837723	14232170226505830955	-10292.9687500000	0.0000000000	64.3113792715	33.4489229782
11	20	4089866445876100708	6461476422044957467	9155263292183848099	16048112947036272288	-10292.9902343750	0.0000000000	53.0692534848	49.5492818128
66	19	1241156098068793816	15210271395121730115	6949595776615615067	11393427809731351524	-10293.0585937500	0.0000000000	12.6770814281	49.6221958296
18	63	1973719994620597956	11431609380208423339	2700033080612091793	6139482195660704717	-10293.0810546875	0.0000000000	50.4312505406	20.6537670954
65	5	2994375602573030521	17841368144436045441	15535349376165868577	18242624025153628717	-10293.1044921875	0.0000000000	14.3890844062	58.9740431926
61	23	9568516022596562606	18425980509938217647	11493455605943111145	17345768233360787553	-10293.1572265625	0.0000000000	21.9558178402	46.2875691453
38	23	13102877500905252749	18425980509938217647	5422665353102292585	9065627110534237223	-10293.3457031250	0.0000000000	37.3403726507	46.4760457078
62	42	5734407459137869133	13278762253849637909	7409417475124024570	11466913874822336968	-10293.3544921875	0.0000000000	22.0147476027	34.0378419683
11	42	4089866445876100708	13278762253849637909	12964651428003814404	15039117433201801542	-10293.4023437500	0.0000000000	53.4813628598	34.0856935308
0	53	10165324746644879865	13619337383230444990	621770265778720642	8787622002347063544	-10293.4082031250	0.0000000000	74.2706743734	27.2866788131
24	38	1578537932394219965	13102877500905252749	13103818856014010459	17626395468699515440	-10293.5400390625	0.0000000000	45.2670617593	37.5347085882
28	16	15238071704247467969	16863307900853720354	12730068664100151725	15880905362614298065	-10293.5761718750	0.0000000000	43.0567404843	51.6471130103
31	42	5431396170490344121	13278762253849637909	4755591725611795720	10865105515132810698	-10293.5791015625	0.0000000000	39.3897634297	34.2624513433
13	43	9388353752879206249	11399600364733442468	13058563819712254634	14048752479885697953	-10293.5908203125	0.0000000000	52.1654565204	34.0709932907
37	16	14773085639508646864	16863307900853720354	584217443758474581	11127293249354181668	-10293.5957031250	0.0000000000	38.0113656456	51.6666442603
27	72	9460063871844575253	12804849303602132009	12804849303602132009	16910646299403975543	-10293.6630859375	0.0000000000	44.4127437150	1.4737580605
9	38	6647163709767477061	13102877500905252749	3062416342886284978	7031005884558382495	-10293.6806640625	0.0000000000	56.1587524550	37.6753335882
12	64	3464689620348449069	9223212027600555165	9901196994290376574	12030994670498089415	-10293.7011718750	0.0000000000	53.6335831054	20.8730049530
71	23	3014024255359366061	18425980509938217647	10328217984573273513	15134016677206759735	-10293.7285156250	0.0000000000	4.5637114119	46.8588582078
68	5	2102232313053957989	17841368144436045441	914550993841485036	17917443869374719199	-10293.7412109375	0.0000000000	11.7666890724	59.6107619426
35	16	6484463227862144676	16863307900853720354	12340900345793115930	15663685521505518696	-10293.7529296875	0.0000000000	38.2461528301	51.8238708228
65	22	2994375602573030521	17771635600684448131	4528881954682671929	12792661666116169450	-10293.7802734375	0.0000000000	15.0648656562	47.0174422263
65	52	2994375602573030521	3396079651100282447	6585533997544067374	12792661666116169450	-10293.7802734375	0.0000000000	15.0648656562	28.2564895138
64	22	9223212027600555165	17771635600684448131	8091664107401841768	12645827988337952598	-10293.8037109375	0.0000000000	20.9755440155	47.0408797263
52	21	3396079651100282447	6062790282938113025	6003757926111001728	10316247019120096550	-10293.8115234375	0.0000000000	28.2877395138	50.3343831176
61	0	9568516022596562606	10165324746644879865	5793715726114714964	10108752290256516698	-10293.8183593750	0.0000000000	22.6169506527	74.6808306234
48	28	12462430359799399029	15238071704247467969	4161430662767517441	6704469058665888493	-10293.8251953125	0.0000000000	28.9260504087	43.3057639218
42	19	13278762253849637909	15210271395121730115	476809572529246323	13525733623715592999	-10293.8515625000	0.0000000000	34.5349122808	50.4151645796
12	34	3464689620348449069	11978150189334513253	15972077382807064332	17282163896385315442	-10293.8613281250	0.0000000000	53.7937393554	38.4114537081
52	27	3396079651100282447	9460063871844575253	3251877720033408691	11865693794044899707	-10293.9453125000	0.0000000000	28.4215285763	44.6949702775
32	61	5088468608694452078	9568516022596562606	4054792586267521102	5965051790686335728	-10294.0097656250	0.0000000000	39.5586044348	22.8083569027
70	62	2050456454754125474	5734407459137869133	214741716594965205	18248787505616826685	-10294.0253906250	0.0000000000	10.1254331468	22.6856460402
8	61	2338638558934973707	9568516022596562606	8368440910557245101	13346267525471063704	-10294.0341796875	0.0000000000	57.2840413663	22.8327709652
4	38	8097248218632962140	13102877500905252749	2609217099925379083	10670207987190057410	-10294.1650390625	0.0000000000	60.3104667293	38.1597085882
13	40	9388353752879206249	11472758483394683188	6833838054850606104	11579250516163669631	-10294.2001953125	0.0000000000	52.7748315204	37.4875982602
70	16	2050456454754125474	16863307900853720354	2532009933161117908	9918147262008031536	-10294.2070312500	0.0000000000	10.3070737718	52.2779723853
37	28	14773085639508646864	15238071704247467969	5505993524208655005	12620690822890209523	-10294.2314453125	0.0000000000	38.6471078331	43.7120139218
59	46	7601657687808359178	12535374395063084085	1436086914977148087	17501093610577299302	-10294.2382812500	0.0000000000	23.3167309400	31.7541282319
71	19	3014024255359366061	15210271395121730115	3607115514239329399	15834571601264064578	-10294.3125000000	0.0000000000	5.1476957869	50.8761020796
24	18	1578537932394219965	1973719994620597956	12639441720653197577	13557015208880306994	-10294.3417968750	0.0000000000	46.0688195718	51.6919927281
31	54	5431396170490344121	16717900351085550691	5265936384261668123	12310661995287454244	-10294.3896484375	0.0000000000	40.2003103047	27.1526921447
6	41	13028795077775133422	17465034485350747349	12199967542055972024	12202598960809530254	-10294.4208984375	0.0000000000	59.7671522043	37.5677107647
4	54	8097248218632962140	16717900351085550691	5190470115865133653	12057469898105628548	-10294.4296875000	0.0000000000	60.5751151668	27.1927312072
65	2	2994375602573030521	15833357601308018089	15535349376165868577	15833608217375778263	-10294.4433593750	0.0000000000	15.7279515937	67.6724136305
66	12	1241156098068793816	3464689620348449069	3507442694600942330	8235617890529860228	-10294.4462890625	0.0000000000	14.0647767406	54.3787002929
0	46	10165324746644879865	12535374395063084085	951918569618521632	14939679000845870995	-10294.4472656250	0.0000000000	75.3097368734	31.9631126069
40	38	11472758483394683188	13102877500905252749	4577667700702689482	5105489491446340000	-10294.4550781250	0.0000000000	37.7424810727	38.4497476507
49	59	5851501803797438112	7601657687808359178	32288429915386389	1632489416288131228	-10294.4736328125	0.0000000000	29.5141739612	23.5520825025
50	22	13440359719910072822	17771635600684448131	8207795167383579021	9469984365745226165	-10294.5214843750	0.0000000000	29.3752090664	47.7586531638
61	53	9568516022596562606	13619337383230444990	2457346011962541847	16992083147891469860	-10294.5341796875	0.0000000000	23.3327709652	28.4126553756
29	11	2590246260731145299	4089866445876100708	6254860670586530137	8327115884901472976	-10294.5546875000	0.0000000000	42.2257003484	54.6337066098
29	61	2590246260731145299	9568516022596562606	5374452625022185470	11032874350982616315	-10294.5664062500	0.0000000000	42.2374190984	23.3649975277
58	5	15018428760318362298	17841368144436045441	9062361137088096400	14730539592993097504	-10294.6425781250	0.0000000000	24.5913924296	60.5121291301
43	16	11399600364733442468	16863307900853720354	6201054807952832307	15251605525528863299	-10294.6464843750	0.0000000000	35.1266573532	52.7174255103
62	58	5734407459137869133	15018428760318362298	2444602470046313352	11377360790743034796	-10294.7705078125	0.0000000000	23.4307632277	24.7193221171
62	2	5734407459137869133	15833357601308018089	3479702985135894784	9689679656738231711	-10294.8300781250	0.0000000000	23.4903335402	68.0591323805
71	27	3014024255359366061	9460063871844575253	1528697400258167851	4074901783680524946	-10294.8486328125	0.0000000000	5.6838285994	45.5982905900
14	43	5693540783912640859	11399600364733442468	7435068178953862186	10135036249331823916	-10294.8750000000	0.0000000000	53.1949942533	35.3551729782
21	48	6062790282938113025	12462430359799399029	4797630604306891372	18407173409556600392	-10294.8798828125	0.0000000000	51.4027424926	29.9807379087
65	44	2994375602573030521	11072636854126668426	618371214881605554	5562169814015189022	-10294.8984375000	0.0000000000	16.1830297187	34.8805395323
4	23	8097248218632962140	18425980509938217647	1194222144109616747	15686675361263365783	-10294.9287109375	0.0000000000	61.0741386043	48.0590535203
72	16	12804849303602132009	16863307900853720354	12453952415760098842	16308566764497661852	-10294.9326171875	0.0000000000	2.7432893105	53.0035583228
67	49	5624815467740092251	5851501803797438112	727170553351096025	15195477512449389240	-10294.9960937500	0.0000000000	13.9837600297	30.0366348987
57	2	15092668313978089557	15833357601308018089	6784941093845933316	8420896224388534050	-10295.0302734375	0.0000000000	25.6646717546	68.2593276930
29	22	2590246260731145299	17771635600684448131	11744168341594835977	16159289028088589442	-10295.1035156250	0.0000000000	42.7745284734	48.3406844138
54	16	16717900351085550691	16863307900853720354	7055354134638611441	17551850336482803278	-10295.1093750000	0.0000000000	27.8724187072	53.1803161353
45	57	2304489905002361840	15092668313978089557	1883038470203713218	2022514454483165566	-10295.1201171875	0.0000000000	33.5248669589	25.7545155046
45	62	2304489905002361840	5734407459137869133	2022514454483165566	2365921033560121694	-10295.1201171875	0.0000000000	33.5248669589	23.7803726027
68	10	2102232313053957989	5125778371293291106	3971701447002613239	16455542303091796360	-10295.1240234375	0.0000000000	13.1495015724	56.0025642769
8	69	2338638558934973707	13298563719198658168	10880025060283612211	14023965197027162337	-10295.2041015625	0.0000000000	58.4539632413	11.5490820040
61	58	9568516022596562606	15018428760318362298	8107095819740046647	8893877706168492800	-10295.2060546875	0.0000000000	24.0046459652	25.1548689921
12	59	3464689620348449069	7601657687808359178	6912314415685339958	16240147816355475645	-10295.2636718750	0.0000000000	55.1960831054	24.3421215650
21	72	6062790282938113025	12804849303602132009	4433384310086777392	12593139583156557053	-10295.2890625000	0.0000000000	51.8119221801	3.0997346230
32	10	5088468608694452078	5125778371293291106	6074435341421657359	18242131528758706586	-10295.3378906250	0.0000000000	40.8867294348	56.2164314644
11	23	4089866445876100708	18425980509938217647	6789042530045963282	15565960149337279719	-10295.3496093750	0.0000000000	55.4286284848	48.4799519578
49	27	5851501803797438112	9460063871844575253	6813675408012128397	17735803115121261261	-10295.4062500000	0.0000000000	30.4467911487	46.1559077775
33	16	5883306076231458735	16863307900853720354	13127157022724925883	13805455526330337815	-10295.4345703125	0.0000000000	40.9682004314	53.5055114478
58	2	15018428760318362298	15833357601308018089	11211261518365217366	17240464923201026947	-10295.4755859375	0.0000000000	25.4244002421	68.7046401930
61	40	9568516022596562606	11472758483394683188	4607307865764822103	7681692674433067358	-10295.5175781250	0.0000000000	24.3161694027	38.8049810727
62	27	5734407459137869133	9460063871844575253	11459087807455388463	16640240417420646216	-10295.5292968750	0.0000000000	24.1895522902	46.2789546525
34	22	11978150189334513253	17771635600684448131	5573023159589765735	7232873159811533533	-10295.5478515625	0.0000000000	40.0979771456	48.7850203513
32	14	5088468608694452078	5693540783912640859	14696397643194913836	16861844984390543805	-10295.5898437500	0.0000000000	41.1386825598	53.9098380033
49	53	5851501803797438112	13619337383230444990	4494778319076121371	14060521111148654762	-10295.5927734375	0.0000000000	30.6333145862	29.4712491256
24	67	1578537932394219965	5624815467740092251	14560355530505014775	15747950474007237584	-10295.6015625000	0.0000000000	47.3285851968	14.5892287797
17	59	5868884973666812058	7601657687808359178	5071382752099650039	6673920336326817863	-10295.6591796875	0.0000000000	53.0292867231	24.7376293775
11	19	4089866445876100708	15210271395121730115	8327115884901472976	16385510783922454521	-10295.6611328125	0.0000000000	55.7401519223	52.2247348921
17	53	5868884973666812058	13619337383230444990	4047740163336555629	16480075142601097529	-10295.6660156250	0.0000000000	53.0361226606	29.5444913131
32	13	5088468608694452078	9388353752879206249	13658964796939256685	13944931730914529925	-10295.7763671875	0.0000000000	41.3252059973	54.3510033954
33	50	5883306076231458735	13440359719910072822	5865905173088615569	14302607698920271022	-10295.8271484375	0.0000000000	41.3607785564	30.6808731289
15	46	2021587758018320124	12535374395063084085	7407515634233852331	9954508405633583926	-10295.8964843750	0.0000000000	53.9718485860	33.4123313569
27	57	9460063871844575253	15092668313978089557	440702018513148074	8703597060595287113	-10295.8994140625	0.0000000000	46.6490718400	26.5338123796
24	35	1578537932394219965	6484463227862144676	1225263187561956009	9040455413016316979	-10295.9453125000	0.0000000000	47.6723351968	40.4385356426
18	8	1973719994620597956	2338638558934973707	6181143997929684683	14370887350914607693	-10295.9658203125	0.0000000000	53.3160161656	59.2156819913
52	40	3396079651100282447	11472758483394683188	1126250241975696469	9022785190388971397	-10295.9921875000	0.0000000000	30.4684035763	39.2795904477
24	52	1578537932394219965	3396079651100282447	4195101647449319291	6416006401300036513	-10296.0341796875	0.0000000000	47.7612023843	30.5103957638
24	46	1578537932394219965	12535374395063084085	6416006401300036513	16364156634041950153	-10296.0576171875	0.0000000000	47.7846398843	33.5734641694
27	19	9460063871844575253	15210271395121730115	6486781112987624646	14707935192561331959	-10296.1474609375	0.0000000000	46.8971187150	52.7110630171
8	51	2338638558934973707	18331383289331445001	4438530695444419883	7763941305469138940	-10296.1494140625	0.0000000000	59.3992757413	30.7157225213
32	27	5088468608694452078	9460063871844575253	4122753804700270345	9577808777200130323	-10296.2333984375	0.0000000000	41.7822372473	46.9830562150
24	6	1578537932394219965	13028795077775133422	2343376845878687740	15444808269165567874	-10296.2587890625	0.0000000000	47.9858117593	61.6050428293
72	23	12804849303602132009	18425980509938217647	2122969327411991010	12453952415760098842	-10296.2783203125	0.0000000000	4.0889924355	49.4086628953
61	16	9568516022596562606	16863307900853720354	15138057449383190222	17668823776645178678	-10296.2871093750	0.0000000000	25.0857006527	54.3580505103
3	63	2400508826370169201	11431609380208423339	2464273322230118750	12328147014462005943	-10296.3154296875	0.0000000000	67.6580589590	23.8881420954
52	20	3396079651100282447	6461476422044957467	10348829972813046394	15303506326244604300	-10296.3876953125	0.0000000000	30.8639113888	52.9467427503
30	4	5860122236468879057	8097248218632962140	6154247121224514196	10296196119337532709	-10296.3935546875	0.0000000000	43.4635486137	62.5389823543
29	35	2590246260731145299	6484463227862144676	10852167080979921460	12991609123460754727	-10296.4257812500	0.0000000000	44.0967940984	40.9190043926
63	5	11431609380208423339	17841368144436045441	12328147014462005943	14749813760144102342	-10296.4472656250	0.0000000000	24.0199780329	62.3168166301
12	48	3464689620348449069	12462430359799399029	2190026844522489101	9799282912396956205	-10296.4667968750	0.0000000000	56.3992081054	31.5676519712
15	4	2021587758018320124	8097248218632962140	10019994064282934961	15795732327893577852	-10296.4970703125	0.0000000000	54.5724345235	62.6424979793
47	4	2491649972309366993	8097248218632962140	333775032172578759	3072455628128632263	-10296.5136718750	0.0000000000	32.8221370003	62.6590995418
49	16	5851501803797438112	16863307900853720354	297853523208568836	6953205067502687825	-10296.5263671875	0.0000000000	31.5669083362	54.5973083228
17	43	5868884973666812058	11399600364733442468	9093976094188123728	15273380268770649495	-10296.5361328125	0.0000000000	53.9062398481	37.0163057907
35	19	6484463227862144676	15210271395121730115	1126224064078454492	17883399932938149069	-10296.5380859375	0.0000000000	41.0313090801	53.1016880171
54	5	16717900351085550691	17841368144436045441	4281207231870054478	7484687342783232930	-10296.5478515625	0.0000000000	29.3108952697	62.4174025676
36	25	6949163309424221588	15270237447969908554	4758553536341822393	5558783901327184846	-10296.5488281250	0.0000000000	40.9691236473	48.1987408421
71	13	3014024255359366061	9388353752879206249	2098164053110476823	6654243489508282038	-10296.6328125000	0.0000000000	7.4680082869	55.2074487079
58	22	15018428760318362298	17771635600684448131	2818844676435025000	11211261518365217366	-10296.6884765625	0.0000000000	26.6372908671	49.9256453513
3	59	2400508826370169201	7601657687808359178	2974036505958186105	17528763699478215001	-10296.6992187500	0.0000000000	68.0418480215	25.7776684400
62	63	5734407459137869133	11431609380208423339	686618102216266056	2348056159694437884	-10296.7646484375	0.0000000000	25.4249038527	24.3373608454
29	13	2590246260731145299	9388353752879206249	2446541946642183048	15203425245572610763	-10296.8642578125	0.0000000000	44.5352706609	55.4388940204
57	19	15092668313978089557	15210271395121730115	13064607905895153498	15056963322220790434	-10297.0107421875	0.0000000000	27.6451405046	53.5743442671
40	57	11472758483394683188	15092668313978089557	1384595280242086544	15035417627033426233	-10297.1347656250	0.0000000000	40.4221685727	27.7691639421
39	26	4699872589231047194	17548949165766628857	10475265178072169306	12306767316697679029	-10297.2324218750	0.0000000000	40.9957131793	48.0404296353
10	21	5125778371293291106	6062790282938113025	6103728770202250462	14481882337798481826	-10297.2343750000	0.0000000000	58.1129158394	53.7572346801
72	25	12804849303602132009	15270237447969908554	6525934792715567875	16870754732283050327	-10297.2441406250	0.0000000000	5.0548127480	48.8940533421
18	71	1973719994620597956	3014024255359366061	4870267852572277158	5362800489838492353	-10297.2617187500	0.0000000000	54.6119146031	8.0969145369
31	6	5431396170490344121	13028795077775133422	1989686653162675788	17867897115016863659	-10297.2734375000	0.0000000000	43.0840993672	62.6196912668
13	38	9388353752879206249	13102877500905252749	7503687928731744023	10315144632041258244	-10297.2812500000	0.0000000000	55.8558862079	41.2759195257
24	26	1578537932394219965	17548949165766628857	550147906490888778	5785568556713111295	-10297.2910156250	0.0000000000	49.0180383218	48.0990233853
31	26	5431396170490344121	17548949165766628857	2436015211170219548	3160927325087878305	-10297.3046875000	0.0000000000	43.1153493672	48.1126952603
32	31	5088468608694452078	5431396170490344121	13756400278134186	3160927325087878305	-10297.3046875000	0.0000000000	42.8535263098	43.1153493672
10	23	5125778371293291106	18425980509938217647	10198895812409999835	10309654914782324121	-10297.3183593750	0.0000000000	58.1969002144	50.4487019578
15	71	2021587758018320124	3014024255359366061	10328217984573273513	15349086427322170771	-10297.3261718750	0.0000000000	55.4015360860	8.1613676619
56	16	16852385624946083254	16863307900853720354	3085495915494842364	4059448733758132412	-10297.3974609375	0.0000000000	28.4373953356	55.4684020728
59	56	7601657687808359178	16852385624946083254	3085495915494842364	10940225430049393043	-10297.3974609375	0.0000000000	26.4759106275	28.4373953356
36	44	6949163309424221588	11072636854126668426	4701279049324131919	14542437399370906802	-10297.4287109375	0.0000000000	41.8490064598	37.4108129698
49	0	5851501803797438112	10165324746644879865	14224793322231936109	16288688280236774691	-10297.4794921875	0.0000000000	32.5200333362	78.3419634359
39	49	4699872589231047194	5851501803797438112	5154953275512995896	16703432336736907137	-10297.4843750000	0.0000000000	41.2476663043	32.5249161487
39	42	4699872589231047194	13278762253849637909	5788683499040041820	6809897040168035514	-10297.4921875000	0.0000000000	41.2554788043	38.1755372808
33	6	5883306076231458735	13028795077775133422	7641783074619280647	14237563432357495137	-10297.5996093750	0.0000000000	43.1332394939	62.9458631418
18	40	1973719994620597956	11472758483394683188	4099715817419216888	12185395889411822107	-10297.6582031250	0.0000000000	55.0083989781	40.9456060727
49	25	5851501803797438112	15270237447969908554	905859108383363136	16598965643834431020	-10297.6679687500	0.0000000000	32.7085098987	49.3178814671
32	25	5088468608694452078	15270237447969908554	9840524855886202477	13041133017760954920	-10297.6845703125	0.0000000000	43.2334091223	49.3344830296
46	28	12535374395063084085	15238071704247467969	6755533143770882017	14652536484428925024	-10297.6933593750	0.0000000000	35.2092063569	47.1739279843
46	51	12535374395063084085	18331383289331445001	1115380077465155064	14652536484428925024	-10297.6933593750	0.0000000000	35.2092063569	32.2596678338
36	61	6949163309424221588	9568516022596562606	442724566446492952	502670791960507801	-10297.7158203125	0.0000000000	42.1361158348	26.5144115902
39	61	4699872589231047194	9568516022596562606	502670791960507801	1001601667578296794	-10297.7158203125	0.0000000000	41.4791116168	26.5144115902
10	35	5125778371293291106	6484463227862144676	287446613838110133	982353681797165526	-10297.7275390625	0.0000000000	58.6060799019	42.2207622051
60	38	2376575417863135000	13102877500905252749	4738342554714735530	14513124359906559664	-10297.7978515625	0.0000000000	26.8374640429	41.7925210882
11	44	4089866445876100708	11072636854126668426	4267183767323037487	5097954135871260113	-10297.8349609375	0.0000000000	57.9139800473	37.8170629698
27	26	9460063871844575253	17548949165766628857	8540111263790734499	13748984240059127634	-10297.9052734375	0.0000000000	48.6549312150	48.7132811978
71	14	3014024255359366061	5693540783912640859	7977226865525053119	8743778252325747942	-10297.9062500000	0.0000000000	8.7414457869	56.2262442533
72	41	12804849303602132009	17465034485350747349	12804849303602132009	17364944547925529766	-10297.9228515625	0.0000000000	5.7335236855	41.0696638897
61	1	9568516022596562606	11209614143821053939	16205332133653296478	16873848871256461034	-10297.9472656250	0.0000000000	26.7458569027	72.9635011714
42	23	13278762253849637909	18425980509938217647	11721679181297412129	11996433993218744124	-10297.9599609375	0.0000000000	38.6433107183	51.0903035203
29	48	2590246260731145299	12462430359799399029	730725678054917948	3813480774591383520	-10298.0156250000	0.0000000000	45.6866378484	33.1164800962
61	26	9568516022596562606	17548949165766628857	1682340818094823936	16469867230502582943	-10298.0751953125	0.0000000000	26.8737865902	48.8832030728
65	12	2994375602573030521	3464689620348449069	15325072008445649126	17893498589389827297	-10298.1435546875	0.0000000000	19.4281469062	58.0759659179
47	38	2491649972309366993	13102877500905252749	10765287351548803494	13095814350445633643	-10298.1533203125	0.0000000000	34.4617854378	42.1479898382
12	55	3464689620348449069	4752631359404694832	13959251139084830571	15573719047905146727	-10298.1855468750	0.0000000000	58.1179581054	30.8860304092
35	46	6484463227862144676	12535374395063084085	6159739045218313051	17791118235089082879	-10298.2412109375	0.0000000000	42.7344340801	35.7570579194
48	38	12462430359799399029	13102877500905252749	1697930067019266838	16254966862156041861	-10298.2490234375	0.0000000000	33.3498785337	42.2436929632
39	32	4699872589231047194	5088468608694452078	11847656602065133104	12760901719260369387	-10298.2548828125	0.0000000000	42.0181741168	43.8037216223
62	37	5734407459137869133	14773085639508646864	190736411656111850	10491391150256560837	-10298.2792968750	0.0000000000	26.9395522902	42.6949593956
67	57	5624815467740092251	15092668313978089557	3009862000632451643	12524792219560607715	-10298.3906250000	0.0000000000	17.3782912797	29.0250233171
32	23	5088468608694452078	18425980509938217647	16794910541883086629	17645395378689611724	-10298.3984375000	0.0000000000	43.9472763098	51.5287800828
68	42	2102232313053957989	13278762253849637909	6726451347910677905	10365245599527866916	-10298.4707031250	0.0000000000	16.4961812599	39.1540529058
10	20	5125778371293291106	6461476422044957467	1957185619619616387	13526321986358689144	-10298.5576171875	0.0000000000	59.4361580269	55.1166646253
3	61	2400508826370169201	9568516022596562606	10948931739696256206	11768384863328697108	-10298.6259765625	0.0000000000	69.9686058340	27.4245678402
67	16	5624815467740092251	16863307900853720354	14819956226070641954	17534887574888031228	-10298.6875000000	0.0000000000	17.6751662797	56.7584411353
17	57	5868884973666812058	15092668313978089557	17048634834255179802	18425253163157671864	-10298.6953125000	0.0000000000	56.0654195356	29.3297108171
33	61	5883306076231458735	9568516022596562606	15677086724320071561	17961040908390059751	-10298.7451171875	0.0000000000	44.2787473064	27.5437084652
4	28	8097248218632962140	15238071704247467969	7893132556366341951	9026438474872886890	-10298.7460937500	0.0000000000	64.8915214168	48.2266623593
8	36	2338638558934973707	6949163309424221588	5817083429696099919	11935033529792087187	-10298.7832031250	0.0000000000	62.0330648038	43.2034986473
67	43	5624815467740092251	11399600364733442468	3884673260580992053	14560355530505014775	-10298.7949218750	0.0000000000	17.7825881547	39.2750948532
31	19	5431396170490344121	15210271395121730115	4095204675395768540	10402804621937939010	-10298.8359375000	0.0000000000	44.6465993672	55.3995395796
18	28	1973719994620597956	15238071704247467969	2078224487162954904	4027634827902146974	-10298.8652343750	0.0000000000	56.2154302281	48.3458029843
32	9	5088468608694452078	6647163709767477061	5736031718798304635	8905706949416444693	-10298.9111328125	0.0000000000	44.4599716223	61.3892212050
44	5	11072636854126668426	17841368144436045441	354943672546343184	2761075097836401588	-10298.9667968750	0.0000000000	38.9488989073	64.8363478801
52	13	3396079651100282447	9388353752879206249	7235950014233420517	8721948596621940700	-10298.9833984375	0.0000000000	33.4596145138	57.5580346454
47	61	2491649972309366993	9568516022596562606	6820987379740574763	10762474117071948544	-10298.9921875000	0.0000000000	35.3006526253	27.7907787777
36	16	6949163309424221588	16863307900853720354	4903965053132455981	5615770734767356965	-10299.0224609375	0.0000000000	43.4427564598	57.0934020728
12	67	3464689620348449069	5624815467740092251	8801414769247539601	10283512081945404467	-10299.0234375000	0.0000000000	58.9558487304	18.0111037797
46	41	12535374395063084085	17465034485350747349	14785389755646709021	15868921960524543210	-10299.0751953125	0.0000000000	36.5910422944	42.2220076397
12	69	3464689620348449069	13298563719198658168	1099545618316972733	8282151263132533546	-10299.0937500000	0.0000000000	59.0261612304	15.4387304415
10	62	5125778371293291106	5734407459137869133	2486146982621643401	14630364259087301632	-10299.1318359375	0.0000000000	60.0103767769	27.7920913527
25	26	15270237447969908554	17548949165766628857	5681798381815384216	7108837255809355555	-10299.1572265625	0.0000000000	50.8071392796	49.9652343228
47	10	2491649972309366993	5125778371293291106	11856398359134525732	12579747949026882196	-10299.1689453125	0.0000000000	35.4774104378	60.0474861519
64	23	9223212027600555165	18425980509938217647	7675277622983948213	8328105869896125282	-10299.1875000000	0.0000000000	26.3593330780	52.3178425828
4	37	8097248218632962140	14773085639508646864	9791515336445085483	16631110087337506975	-10299.2099609375	0.0000000000	65.3553886043	43.6256234581
17	64	5868884973666812058	9223212027600555165	1533905155013616446	13111220096658314777	-10299.2929687500	0.0000000000	56.6630757856	26.4648018280
55	59	4752631359404694832	7601657687808359178	7346755262987224703	7930318957678482550	-10299.3144531250	0.0000000000	32.0149366592	28.3929028150
57	26	15092668313978089557	17548949165766628857	11273464203822998000	13366074463574214039	-10299.3320312500	0.0000000000	29.9664295671	50.1400390103
7	43	11117569714726431401	11399600364733442468	8752811715409143600	17688013542786527492	-10299.3574218750	0.0000000000	64.5270076334	39.8375948532
20	34	6461476422044957467	11978150189334513253	290992469858102406	7551763443766471457	-10299.3886718750	0.0000000000	55.9477193128	43.9387974581
11	53	4089866445876100708	13619337383230444990	1534875945890954755	3245867800895985430	-10299.3906250000	0.0000000000	59.4696441098	33.2691006881
29	7	2590246260731145299	11117569714726431401	13910240912186536336	15068640655106702110	-10299.5009765625	0.0000000000	47.1719894109	64.6705623209
10	33	5125778371293291106	5883306076231458735	57521222579553246	15610145412522315052	-10299.5078125000	0.0000000000	60.3863533394	45.0414426189
18	20	1973719994620597956	6461476422044957467	8506531658382561534	14593382764235120013	-10299.5468750000	0.0000000000	56.8970708531	56.1059224378
70	14	2050456454754125474	5693540783912640859	1990825016581202623	5333193059241356466	-10299.5537109375	0.0000000000	15.6537534593	57.8737051908
18	37	1973719994620597956	14773085639508646864	12498148368310854199	14877802149396535172	-10299.6494140625	0.0000000000	56.9996099156	44.0650765831
42	5	13278762253849637909	17841368144436045441	2231231055014915002	5916759290826008111	-10299.6650390625	0.0000000000	40.3483888433	65.5345900676
11	50	4089866445876100708	13440359719910072822	4347978156999084225	10200534992305776455	-10299.6757812500	0.0000000000	59.7548003598	34.5295059414
63	51	11431609380208423339	18331383289331445001	17051502409270826966	18255583460252367123	-10299.7392578125	0.0000000000	27.3119702204	34.3055662713
21	57	6062790282938113025	15092668313978089557	2121530238372658121	14397263284146642636	-10299.7822265625	0.0000000000	56.3050862426	30.4166248796
31	17	5431396170490344121	5868884973666812058	4770258038256879409	16282371342771677695	-10299.7851562500	0.0000000000	45.5958181172	57.1552632856
49	5	5851501803797438112	17841368144436045441	15917992597511499924	17212129612884292236	-10299.7900390625	0.0000000000	34.8305802112	65.6595900676
34	50	11978150189334513253	13440359719910072822	6201793514892719333	9644526604100491968	-10299.8281250000	0.0000000000	44.3782505831	34.6818496914
29	63	2590246260731145299	11431609380208423339	348169018313019581	10099419842865109902	-10299.8320312500	0.0000000000	47.5030440984	27.4047436579
33	26	5883306076231458735	17548949165766628857	6814891258668394515	9129404442646788226	-10299.8378906250	0.0000000000	45.3715207439	50.6458983853
18	45	1973719994620597956	2304489905002361840	3341168435187123238	5169224715079475321	-10299.8730468750	0.0000000000	57.2232427281	38.2777966464
71	36	3014024255359366061	6949163309424221588	10328217984573273513	11672384384923250815	-10299.9130859375	0.0000000000	10.7482817244	44.3333814598
42	58	13278762253849637909	15018428760318362298	9587125283330329287	10331006058501564593	-10299.9228515625	0.0000000000	40.6062013433	29.8716658671
49	7	5851501803797438112	11117569714726431401	8010157324167858327	17688013542786527492	-10299.9345703125	0.0000000000	34.9751114612	65.1041560709
55	33	4752631359404694832	5883306076231458735	8666872077156488479	12513762458236577973	-10299.9462890625	0.0000000000	32.6467725967	45.4799191814
63	41	11431609380208423339	17465034485350747349	2285693219143878397	6681593864630590688	-10299.9521484375	0.0000000000	27.5248608454	43.0989607647
45	25	2304489905002361840	15270237447969908554	11081644099291786480	14848827665264123495	-10299.9667968750	0.0000000000	38.3715466464	51.6167095921
27	16	9460063871844575253	16863307900853720354	1528697400258167851	5697766529799379547	-10299.9736328125	0.0000000000	50.7232905900	58.0445739478
4	51	8097248218632962140	18331383289331445001	10813306969196943053	15220948688768532934	-10300.0429687500	0.0000000000	66.1883964168	34.6092772088
32	5	5088468608694452078	17841368144436045441	11722274098912443939	17323606223088947225	-10300.0468750000	0.0000000000	45.5957138098	65.9164260051
15	59	2021587758018320124	7601657687808359178	2433249966924375187	16514789046569754811	-10300.0888671875	0.0000000000	58.1642313985	29.1673168775
62	43	5734407459137869133	11399600364733442468	12578263484513658734	16074467742739997388	-10300.1298828125	0.0000000000	28.7901382277	40.6100557907
61	5	9568516022596562606	17841368144436045441	6340657493181822701	13771591216918597662	-10300.2998046875	0.0000000000	29.0983959652	66.1693556926
61	38	9568516022596562606	13102877500905252749	9304049764668433031	9526899718940818663	-10300.3369140625	0.0000000000	29.1355053402	44.3315835882
31	43	5431396170490344121	11399600364733442468	4471310098647461387	11982118533666876172	-10300.3603515625	0.0000000000	46.1710134297	40.8405245407
39	38	4699872589231047194	13102877500905252749	3168608028563479742	10653723324817089249	-10300.3730468750	0.0000000000	44.1363381793	44.3677164007
40	58	11472758483394683188	15018428760318362298	2490937227968720891	13885251654901847932	-10300.4375000000	0.0000000000	43.7249029477	30.3863143046
39	19	4699872589231047194	15210271395121730115	5522869378613305453	15693331203290844924	-10300.4570312500	0.0000000000	44.2203225543	57.0206333296
70	26	2050456454754125474	17548949165766628857	11570793175821720175	13017102822632879197	-10300.4570312500	0.0000000000	16.5570737718	51.2650390103
59	0	7601657687808359178	10165324746644879865	11181481324816496738	15060528953066677954	-10300.4619140625	0.0000000000	29.5403637525	81.3243853109
32	1	5088468608694452078	11209614143821053939	4878217339457166765	14840849053428909853	-10300.5292968750	0.0000000000	46.0781356848	75.5455324214
55	56	4752631359404694832	16852385624946083254	6318533951411935471	8610238962594906601	-10300.5292968750	0.0000000000	33.2297804092	31.5692312731
65	0	2994375602573030521	10165324746644879865	4059358189328243455	13695404117357739202	-10300.5332031250	0.0000000000	21.8177953437	81.3956743734
31	37	5431396170490344121	14773085639508646864	2501464425873479401	13054432926609402824	-10300.5615234375	0.0000000000	46.3721853047	44.9771859581
27	58	9460063871844575253	15018428760318362298	13863597760995774044	17931765762705939337	-10300.6289062500	0.0000000000	51.3785640275	30.5777205546
17	23	5868884973666812058	18425980509938217647	8197737400643157199	10029719638212675840	-10300.7353515625	0.0000000000	58.1054585981	53.8656941453
25	56	15270237447969908554	16852385624946083254	3085495915494842364	11774953516869476957	-10300.7353515625	0.0000000000	52.3852642796	31.7752859606
67	27	5624815467740092251	9460063871844575253	13747511026365406192	14235313662199468058	-10300.8027343750	0.0000000000	19.7904006547	51.5523921525
40	69	11472758483394683188	13298563719198658168	7734878819955241671	15264852075290616148	-10300.8222656250	0.0000000000	44.1096685727	17.1672460665
67	46	5624815467740092251	12535374395063084085	7105775512617478308	14235313662199468058	-10300.8222656250	0.0000000000	19.8099319047	38.3381126069
3	72	2400508826370169201	12804849303602132009	4174068130695670393	9364530299535535401	-10300.8457031250	0.0000000000	72.1883323965	8.6563752480
72	22	12804849303602132009	17771635600684448131	7836457155661902750	12453952415760098842	-10300.8525390625	0.0000000000	8.6632111855	54.0897078513
67	42	5624815467740092251	13278762253849637909	11619748157091772831	13962609711013256542	-10300.8916015625	0.0000000000	19.8792678422	41.5749513433
62	17	5734407459137869133	5868884973666812058	1783465635343409558	3799565929539105281	-10300.9355468750	0.0000000000	29.5958022902	58.3056539106
67	62	5624815467740092251	5734407459137869133	3799565929539105281	12524792219560607715	-10300.9355468750	0.0000000000	19.9232131547	29.5958022902
11	48	4089866445876100708	12462430359799399029	6080673277006117039	13053917531528938281	-10300.9609375000	0.0000000000	61.0399566098	36.0617925962
29	51	2590246260731145299	18331383289331445001	4310353363342395872	13797796109333110355	-10300.9765625000	0.0000000000	48.6475753484	35.5428709588
9	36	6647163709767477061	6949163309424221588	11950694006077381709	18312667027180683134	-10301.0312500000	0.0000000000	63.5093383925	45.4515455223
18	72	1973719994620597956	12804849303602132009	7189037668060136386	12593139583156557053	-10301.0537109375	0.0000000000	58.4039067906	8.8643830605
40	50	11472758483394683188	13440359719910072822	12201553882538143071	15688754439491541577	-10301.0703125000	0.0000000000	44.3577154477	35.9240371914
57	41	15092668313978089557	17465034485350747349	3359849448788720635	17364944547925529766	-10301.0888671875	0.0000000000	31.7232655046	44.2356795147
40	54	11472758483394683188	16717900351085550691	559920047998705252	17062189552265460740	-10301.2070312500	0.0000000000	44.4944341977	33.9700749572
71	22	3014024255359366061	17771635600684448131	1565834025666584264	3912808880149478744	-10301.2626953125	0.0000000000	12.0978910994	54.4998641013
55	7	4752631359404694832	11117569714726431401	4822316476528782301	5003297549373503877	-10301.2714843750	0.0000000000	33.9719679092	66.4410701334
21	25	6062790282938113025	15270237447969908554	9792783592171119458	10448289271118393831	-10301.2900390625	0.0000000000	57.8128987426	52.9399517796
29	21	2590246260731145299	6062790282938113025	63775748006683421	516795001345958785	-10301.3095703125	0.0000000000	48.9805831609	57.8324299926
4	53	8097248218632962140	13619337383230444990	2668512120035138477	8420393465714837225	-10301.3183593750	0.0000000000	67.4637870418	35.1968350631
10	40	5125778371293291106	11472758483394683188	7280636171971536218	11450490160670213847	-10301.3779296875	0.0000000000	62.2564705269	44.6653326352
66	47	1241156098068793816	2491649972309366993	6820987379740574763	11717799067878648040	-10301.3916015625	0.0000000000	21.0100892406	37.7000666878
59	2	7601657687808359178	15833357601308018089	1549682929389270983	2091341924034790437	-10301.3925781250	0.0000000000	30.4710278150	74.6216323805
67	1	5624815467740092251	11209614143821053939	437375082929369539	13974914981686598488	-10301.4111328125	0.0000000000	20.3987990922	76.4273683589
46	23	12535374395063084085	18425980509938217647	17451501261959278365	18210189332107593076	-10301.4843750000	0.0000000000	39.0002219819	54.6147175828
9	42	6647163709767477061	13278762253849637909	1768062391634303136	6557988749665688259	-10301.4882812500	0.0000000000	63.9663696425	42.1716310308
70	40	2050456454754125474	11472758483394683188	9172964683788475239	10934787060852083381	-10301.5078125000	0.0000000000	17.6078550218	44.7952154477
18	59	1973719994620597956	7601657687808359178	248827846421615177	6926801022546196172	-10301.5429687500	0.0000000000	58.8931646031	30.6214184400
70	4	2050456454754125474	8097248218632962140	8687288691712421271	10020260241223130432	-10301.6552734375	0.0000000000	17.7553159593	67.8007011043
63	57	11431609380208423339	15092668313978089557	5282088502372235499	12167773497821359209	-10301.6748046875	0.0000000000	29.2475170954	32.3092030046
45	5	2304489905002361840	17841368144436045441	3526993294847682833	7275797731954485166	-10301.6992187500	0.0000000000	40.1039685214	67.5687697551
11	26	4089866445876100708	17548949165766628857	10585793113466606134	16315216389856715899	-10301.7109375000	0.0000000000	61.7899566098	52.5189452603
24	64	1578537932394219965	9223212027600555165	2601507740789659949	12030994670498089415	-10301.7861328125	0.0000000000	53.5131555093	28.9579658905
42	69	13278762253849637909	13298563719198658168	10532302725205267392	15835814666926029519	-10301.8222656250	0.0000000000	42.5056154058	18.1672460665
8	20	2338638558934973707	6461476422044957467	14080858943272889377	15677274000369421871	-10301.8710937500	0.0000000000	65.1209554288	58.4301411878
14	59	5693540783912640859	7601657687808359178	1107993032062752730	2861269922905543146	-10301.8867187500	0.0000000000	60.2067130033	30.9651684400
52	56	3396079651100282447	16852385624946083254	13207373890509462375	18003787523361567946	-10301.9101562500	0.0000000000	36.3863723263	32.9500906481
31	9	5431396170490344121	6647163709767477061	6578530618775907873	12636238648911008437	-10301.9238281250	0.0000000000	47.7344899922	64.4019165175
38	37	13102877500905252749	14773085639508646864	2471529988471673645	6321196187519318537	-10301.9248046875	0.0000000000	45.9194742132	46.3404672081
8	52	2338638558934973707	3396079651100282447	2883964516404121881	15428666905938981081	-10301.9257812500	0.0000000000	65.1756429288	36.4019973263
13	25	9388353752879206249	15270237447969908554	1906748092572697314	8325151820722065078	-10301.9345703125	0.0000000000	60.5092065204	53.5844830296
64	13	9223212027600555165	9388353752879206249	584306429792489904	9308067040068704883	-10301.9492187500	0.0000000000	29.1210518280	60.5238549579
63	26	11431609380208423339	17548949165766628857	2842431280578991592	5129950855587270640	-10301.9648437500	0.0000000000	29.5375561579	52.7728515103
7	46	11117569714726431401	12535374395063084085	5477183435784428767	6814991583551224844	-10302.0478515625	0.0000000000	67.2174373209	39.5636985444
39	43	4699872589231047194	11399600364733442468	16703432336736907137	17209103536598415370	-10302.0488281250	0.0000000000	45.8121194293	42.5290011032
11	9	4089866445876100708	6647163709767477061	6048695499129692401	9610664458422740490	-10302.0869140625	0.0000000000	62.1659331723	64.5650024550
11	35	4089866445876100708	6484463227862144676	9256707102194777842	16156325066070419222	-10302.1425781250	0.0000000000	62.2215972348	46.6358012676
45	56	2304489905002361840	16852385624946083254	3085495915494842364	8334911656374698651	-10302.1484375000	0.0000000000	40.5531872714	33.1883718981
45	11	2304489905002361840	4089866445876100708	8973753699542107434	16643920325576132211	-10302.1972656250	0.0000000000	40.6020153964	62.2762847348
18	49	1973719994620597956	5851501803797438112	3053395066384705578	13597256668560849298	-10302.2050781250	0.0000000000	59.5552739781	37.2456192737
18	39	1973719994620597956	4699872589231047194	2312643965253019542	6970699197473182341	-10302.2138671875	0.0000000000	59.5640630406	45.9771584918
15	42	2021587758018320124	13278762253849637909	2602684605481237219	4235496435348850254	-10302.2343750000	0.0000000000	60.3097392110	42.9177247808
44	28	11072636854126668426	15238071704247467969	10673859365269616748	16148352568439389857	-10302.2480468750	0.0000000000	42.2301489073	51.7286154843
10	72	5125778371293291106	12804849303602132009	493715044184951229	12453952415760098842	-10302.2646484375	0.0000000000	63.1431892769	10.0753205605
45	41	2304489905002361840	17465034485350747349	4241214033513530537	6776917485197071809	-10302.2763671875	0.0000000000	40.6811169589	45.4231795147
58	19	15018428760318362298	15210271395121730115	16239859807288482981	18301145935344758649	-10302.3593750000	0.0000000000	32.3081893046	58.9229770796
59	38	7601657687808359178	13102877500905252749	7052421770950026875	9928842096664120337	-10302.3613281250	0.0000000000	31.4397778150	46.3559976507
41	23	17465034485350747349	18425980509938217647	4589977123612564319	13531821592321708879	-10302.4511718750	0.0000000000	45.5979842022	55.5815144578
16	23	16863307900853720354	18425980509938217647	5697766529799379547	9289850040933610129	-10302.4824218750	0.0000000000	60.5533630103	55.6127644578
70	17	2050456454754125474	5868884973666812058	10849191278928243476	10851922898498040114	-10302.5332031250	0.0000000000	18.6332456468	59.9033101606
48	54	12462430359799399029	16717900351085550691	877292190786408326	4560125138257248628	-10302.5488281250	0.0000000000	37.6496832212	35.3118718322
6	42	13028795077775133422	13278762253849637909	7036224861464935708	11800537694497479525	-10302.5996093750	0.0000000000	67.9458631418	43.2829591558
43	51	11399600364733442468	18331383289331445001	8804568432364385157	13161013803161631762	-10302.7119140625	0.0000000000	43.1920870407	37.2782225213
65	49	2994375602573030521	5851501803797438112	3567135913825227520	13943879374931025357	-10302.8056640625	0.0000000000	24.0902562812	37.8462052112
10	31	5125778371293291106	5431396170490344121	3250295988207595611	4779481712466998092	-10302.9589843750	0.0000000000	63.8375252144	48.7696462422
45	30	2304489905002361840	5860122236468879057	4448421043460409410	12373166568558624447	-10303.0683593750	0.0000000000	41.4731091464	50.1383533012
1	63	11209614143821053939	11431609380208423339	3941987808881350932	10604719045509513607	-10303.0839843750	0.0000000000	78.1002199214	30.6566967829
55	37	4752631359404694832	14773085639508646864	17445161241156675624	17567739105705107558	-10303.1376953125	0.0000000000	35.8381788467	47.5533578331
62	26	5734407459137869133	17548949165766628857	3799565929539105281	12896791489826956967	-10303.1406250000	0.0000000000	31.8008804152	53.9486327603
17	28	5868884973666812058	15238071704247467969	1393491895236610371	8077984157579673801	-10303.1484375000	0.0000000000	60.5185445356	52.6290061093
26	5	17548949165766628857	17841368144436045441	4429845689073712397	15829942692571691449	-10303.2070312500	0.0000000000	54.0150390103	69.0765822551
34	57	11978150189334513253	15092668313978089557	9625896683501382476	11016831986482977732	-10303.2431640625	0.0000000000	47.7932896456	33.8775623796
36	4	6949163309424221588	8097248218632962140	1157837049620714906	16623011115298248486	-10303.2656250000	0.0000000000	47.6859205223	69.4110526668
32	38	5088468608694452078	13102877500905252749	3172322406831533422	3971052031496033949	-10303.2802734375	0.0000000000	48.8291122473	47.2749429632
40	72	11472758483394683188	12804849303602132009	3082928976724967795	16870754732283050327	-10303.2880859375	0.0000000000	46.5754888852	11.0987580605
30	35	5860122236468879057	6484463227862144676	8576940273054239161	15464959509862919809	-10303.2890625000	0.0000000000	50.3590564262	47.7822856426
8	65	2338638558934973707	2994375602573030521	4059358189328243455	8433886746407725477	-10303.3603515625	0.0000000000	66.6102132413	24.6449437812
29	33	2590246260731145299	5883306076231458735	12961162769993364883	16268809099189406290	-10303.4140625000	0.0000000000	51.0850753484	48.9476926189
2	51	15833357601308018089	18331383289331445001	2298547147665132531	9661360935324452140	-10303.4628906250	0.0000000000	76.6919448805	38.0291990838
68	29	2102232313053957989	2590246260731145299	4491770963097644179	17936684524565804342	-10303.4921875000	0.0000000000	21.5176656349	51.1632003484
3	26	2400508826370169201	17548949165766628857	7214343661196748650	15278177689051716985	-10303.5087890625	0.0000000000	74.8514183340	54.3167968228
10	42	5125778371293291106	13278762253849637909	10148001792643024521	11911703393653987152	-10303.5439453125	0.0000000000	64.4224861519	44.2272950933
40	48	11472758483394683188	12462430359799399029	430448190835316280	5720246854472052093	-10303.5517578125	0.0000000000	46.8391607602	38.6526129087
47	51	2491649972309366993	18331383289331445001	6496221722909464961	15778769101804916628	-10303.6220703125	0.0000000000	39.9305354378	38.1883787713
61	37	9568516022596562606	14773085639508646864	827602774831476401	8107095819740046647	-10303.6699218750	0.0000000000	32.4685131527	48.0855843956
29	12	2590246260731145299	3464689620348449069	2204689361372441132	18151370683245249800	-10303.6767578125	0.0000000000	51.3477706609	63.6091690429
10	34	5125778371293291106	11978150189334513253	49747868695960068	14222874391086652606	-10303.6835937500	0.0000000000	64.5621345894	48.2337193331
7	53	11117569714726431401	13619337383230444990	16546616863624110951	17610449641171441915	-10303.6855468750	0.0000000000	68.8551326334	37.5640225631
36	64	6949163309424221588	9223212027600555165	609884075648595677	12626351859342805415	-10303.7431640625	0.0000000000	48.1634595848	30.9149971405
68	12	2102232313053957989	3464689620348449069	4078486680637013846	8146695205797036364	-10303.7763671875	0.0000000000	21.8018453224	63.7087784179
3	44	2400508826370169201	11072636854126668426	13486447556593576215	15982167139362335844	-10303.8076171875	0.0000000000	75.1502464590	43.7897192198
44	50	11072636854126668426	13440359719910072822	13639354305756986351	17234741531116621476	-10303.8310546875	0.0000000000	43.8131567198	38.6847793789
36	38	6949163309424221588	13102877500905252749	3071015962933502087	18192129313980497488	-10303.8486328125	0.0000000000	48.2689283348	47.8433023382
36	19	6949163309424221588	15210271395121730115	12275138842100539337	12626351859342805415	-10303.8496093750	0.0000000000	48.2699048973	60.4132114546
61	2	9568516022596562606	15833357601308018089	2157487655359784544	17433454082426573519	-10303.8750000000	0.0000000000	32.6735912777	77.1040542555
62	6	5734407459137869133	13028795077775133422	1871112598999098457	15028132063615669558	-10304.0078125000	0.0000000000	32.6680679152	69.3540662668
71	25	3014024255359366061	15270237447969908554	2859230172613263542	10486685800054318041	-10304.0869140625	0.0000000000	14.9221098494	55.7368267796
66	59	1241156098068793816	7601657687808359178	11323119033683042929	15422721608368382861	-10304.0976562500	0.0000000000	23.7161439281	33.1761059400
68	46	2102232313053957989	12535374395063084085	4078486680637013846	7642082405762298788	-10304.1074218750	0.0000000000	22.1329000099	41.6232688569
8	21	2338638558934973707	6062790282938113025	4482915188993446662	14317223683465637176	-10304.2363281250	0.0000000000	67.4861898038	60.7591878051
39	57	4699872589231047194	15092668313978089557	5450615521982318443	14812760333023403032	-10304.2373046875	0.0000000000	48.0005959918	34.8717030046
49	21	5851501803797438112	6062790282938113025	5747038114218049623	9306436489920080220	-10304.3007812500	0.0000000000	39.3413223987	60.8236409301
47	7	2491649972309366993	11117569714726431401	3575008833429330034	5284622249427130041	-10304.3857421875	0.0000000000	40.6942073128	69.5553279459
47	6	2491649972309366993	13028795077775133422	8097519587374968295	8603242961831341461	-10304.4101562500	0.0000000000	40.7186213753	69.7564100168
69	41	13298563719198658168	17465034485350747349	9690444898850829457	15264852075290616148	-10304.4355468750	0.0000000000	20.7805273165	47.5823592022
13	61	9388353752879206249	9568516022596562606	6463161147634206798	16881778117123538307	-10304.4443359375	0.0000000000	63.0189721454	33.2429272152
12	35	3464689620348449069	6484463227862144676	11959633948814350377	14966041342884984215	-10304.5039062500	0.0000000000	64.4363174804	48.9971293926
13	42	9388353752879206249	13278762253849637909	3335209276266827839	9812514249432580715	-10304.5585937500	0.0000000000	63.1332299579	45.2419435308
45	6	2304489905002361840	13028795077775133422	1261137724611853009	10089927066963516822	-10304.6230468750	0.0000000000	43.0277966464	69.9693006418
6	25	13028795077775133422	15270237447969908554	3034816820490681075	10707984028841387165	-10304.6572265625	0.0000000000	70.0034803293	56.3071392796
17	9	5868884973666812058	6647163709767477061	3458388894742006390	14588494365939975513	-10304.6669921875	0.0000000000	62.0370992231	67.1450805800
18	64	1973719994620597956	9223212027600555165	8091664107401841768	10642762386924041542	-10304.7236328125	0.0000000000	62.0738286656	31.8954658905
69	37	13298563719198658168	14773085639508646864	10550488404311059920	12139093060691236249	-10304.7666015625	0.0000000000	21.1115820040	49.1822640831
43	5	11399600364733442468	17841368144436045441	9645993524984702937	16069468728489475777	-10304.7744140625	0.0000000000	45.2545870407	70.6439650676
53	2	13619337383230444990	15833357601308018089	2765508864440969808	6807760602048437973	-10304.8193359375	0.0000000000	38.6978116256	78.0483901930
70	33	2050456454754125474	5883306076231458735	3648535858466008516	14897221879380929842	-10304.8203125000	0.0000000000	20.9203550218	50.3539426189
27	54	9460063871844575253	16717900351085550691	4574253917254837834	5339243720806958104	-10304.8935546875	0.0000000000	55.6432124650	37.6565983947
21	34	6062790282938113025	11978150189334513253	5965666508834329496	14812082636353942129	-10304.9033203125	0.0000000000	61.4261799926	49.4534458956
30	40	5860122236468879057	11472758483394683188	7664430542784304712	8268034519004820400	-10304.9101562500	0.0000000000	51.9801501762	48.1975591977
13	50	9388353752879206249	13440359719910072822	6532122620436808913	16357639694631691189	-10304.9160156250	0.0000000000	63.4906518329	39.7697403164
52	30	3396079651100282447	5860122236468879057	6464220528519373330	14962079640011954032	-10304.9609375000	0.0000000000	39.4371535763	52.0309314262
14	50	5693540783912640859	13440359719910072822	1321352102531613677	9186592785398788982	-10305.0830078125	0.0000000000	63.4030020658	39.9367325039
20	46	6461476422044957467	12535374395063084085	15745913253042689887	17613846667486237463	-10305.1201171875	0.0000000000	61.6791646253	42.6359641694
31	46	5431396170490344121	12535374395063084085	3235049322157759164	17483090978565633505	-10305.1611328125	0.0000000000	50.9717946797	42.6769797944
15	8	2021587758018320124	2338638558934973707	110743503426729876	8461408789638260170	-10305.1923828125	0.0000000000	63.2677470235	68.4422444913
45	3	2304489905002361840	2400508826370169201	1293048962394176114	4473559523966311980	-10305.1953125000	0.0000000000	43.6000622714	76.5379417715
25	41	15270237447969908554	17465034485350747349	1198475117396680829	2497100285634409457	-10305.2031250000	0.0000000000	56.8530377171	48.3499373272
57	22	15092668313978089557	17771635600684448131	14249768678447410301	14291688524027945739	-10305.2070312500	0.0000000000	35.8414295671	58.4442000388
24	16	1578537932394219965	16863307900853720354	2745010820910007378	11207443481857632928	-10305.2207031250	0.0000000000	56.9477258218	63.2916442603
44	1	11072636854126668426	11209614143821053939	4217466940821339272	16602869663374109981	-10305.2998046875	0.0000000000	45.2819067198	80.3160402339
35	59	6484463227862144676	7601657687808359178	15747578033668499258	17220583654354797036	-10305.3066406250	0.0000000000	49.7998637676	34.3850903150
52	14	3396079651100282447	5693540783912640859	7976307607553001474	9035381102054588685	-10305.3427734375	0.0000000000	39.8189895138	63.6627676908
32	6	5088468608694452078	13028795077775133422	5155695543161714940	17025546772500878840	-10305.3486328125	0.0000000000	50.8974716223	70.6948865793
71	42	3014024255359366061	13278762253849637909	6563671120021383858	15099307388346930845	-10305.3701171875	0.0000000000	16.2053129744	46.0534669683
7	25	11117569714726431401	15270237447969908554	1396054522535286282	2958305793842008322	-10305.4521484375	0.0000000000	70.6217341959	57.1020611546
68	17	2102232313053957989	5868884973666812058	1114477413789547403	11613123140749995965	-10305.4785156250	0.0000000000	23.5039937599	62.8486226606
39	64	4699872589231047194	9223212027600555165	173947277241135022	17686993134203863470	-10305.4980468750	0.0000000000	49.2613381793	32.6698799530
70	36	2050456454754125474	6949163309424221588	5021787196455348152	16654773774223801641	-10305.5380859375	0.0000000000	21.6381284593	49.9583814598
15	37	2021587758018320124	14773085639508646864	7356536675243632575	8666402033229975023	-10305.5546875000	0.0000000000	63.6300517110	49.9703500206
59	64	7601657687808359178	9223212027600555165	2920745200141620432	9643185141478013686	-10305.5546875000	0.0000000000	34.6331371900	32.7265205780
15	25	2021587758018320124	15270237447969908554	3342478885744414775	4958863727583491984	-10305.6191406250	0.0000000000	63.6945048360	57.2690533421
66	18	1241156098068793816	1973719994620597956	3252060874080114625	13023302869785355997	-10305.6513671875	0.0000000000	25.2698548656	63.0015630406
29	28	2590246260731145299	15238071704247467969	8660890359600783183	13580492318379392304	-10305.6650390625	0.0000000000	53.3360519109	55.1456076718
4	40	8097248218632962140	11472758483394683188	1739315398758540060	13289732121266848381	-10305.6669921875	0.0000000000	71.8124198543	48.9543951352
45	7	2304489905002361840	11117569714726431401	2611612572082401611	6987513044709024963	-10305.6669921875	0.0000000000	44.0717419589	70.8365779459
18	70	1973719994620597956	2050456454754125474	3755072060797308590	10655561463849630541	-10305.6787109375	0.0000000000	63.0289067906	21.7787534593
7	72	11117569714726431401	12804849303602132009	7827158267786067253	16332889363114351646	-10305.7382812500	0.0000000000	70.9078670084	13.5489533730
29	64	2590246260731145299	9223212027600555165	4408729064692606009	16501263000652085449	-10305.7988281250	0.0000000000	53.4698409734	32.9706612030
64	25	9223212027600555165	15270237447969908554	2362479502238474703	16501263000652085449	-10305.7988281250	0.0000000000	32.9706612030	57.4487408421
7	37	11117569714726431401	14773085639508646864	9248246281766237973	10754807613526662902	-10305.8505859375	0.0000000000	71.0201716959	50.2662484581
71	10	3014024255359366061	5125778371293291106	4091369450742944512	11854114698052198445	-10305.9453125000	0.0000000000	16.7805082869	66.8238533394
24	51	1578537932394219965	18331383289331445001	1623285212807989180	12711674895196273912	-10305.9912109375	0.0000000000	57.7182336343	40.5575193963
38	53	13102877500905252749	13619337383230444990	2513949942172638836	11971206672624368887	-10306.0039062500	0.0000000000	49.9985757757	39.8823819381
70	69	2050456454754125474	13298563719198658168	6545463974735560036	11275577932521394697	-10306.0126953125	0.0000000000	22.1127378343	22.3576757540
63	2	11431609380208423339	15833357601308018089	4886430491790133031	11215347742125603731	-10306.0537109375	0.0000000000	33.6264233454	79.2827651930
21	59	6062790282938113025	7601657687808359178	15079806761292006910	17551836728217843590	-10306.0937500000	0.0000000000	62.6166096801	35.1721996900
59	23	7601657687808359178	18425980509938217647	2902195095073639188	9131828559652972959	-10306.1376953125	0.0000000000	35.2161450025	59.2680378953
65	58	2994375602573030521	15018428760318362298	372939056123797538	15901684702791653437	-10306.1650390625	0.0000000000	27.4496312812	36.1138533671
45	8	2304489905002361840	2338638558934973707	16718168448234089851	17180805785079434292	-10306.1845703125	0.0000000000	44.5893200839	69.4344319913
31	16	5431396170490344121	16863307900853720354	5297096783704914348	6752257707911479100	-10306.1933593750	0.0000000000	52.0040212422	64.2643005103
49	36	5851501803797438112	6949163309424221588	15871147281553637351	16197228334977700463	-10306.3134765625	0.0000000000	41.3540177112	50.7337720848
29	58	2590246260731145299	15018428760318362298	7774047279894727886	12753562136317855127	-10306.3212890625	0.0000000000	53.9923019109	36.2701033671
65	27	2994375602573030521	9460063871844575253	1183063492118508415	11925364957235063254	-10306.3759765625	0.0000000000	27.6605687812	57.1256343400
68	27	2102232313053957989	9460063871844575253	11925364957235063254	15208919063078922501	-10306.3759765625	0.0000000000	24.4014546974	57.1256343400
12	57	3464689620348449069	15092668313978089557	11215775168813004209	14942771455022854647	-10306.3916015625	0.0000000000	66.3240127929	37.0259998796
27	56	9460063871844575253	16852385624946083254	6498080595168906368	15726368824966834340	-10306.4296875000	0.0000000000	57.1793452775	37.4696218981
35	38	6484463227862144676	13102877500905252749	12379912155261881719	13199104775346412902	-10306.4365234375	0.0000000000	50.9297465801	50.4311929632
12	54	3464689620348449069	16717900351085550691	982853569210715956	14966041342884984215	-10306.4384765625	0.0000000000	66.3708877929	39.2015202697
29	23	2590246260731145299	18425980509938217647	6443787519578263656	11949026691768493242	-10306.5019531250	0.0000000000	54.1729659734	59.6322957078
20	25	6461476422044957467	15270237447969908554	10303114164914480280	16989038204223236727	-10306.5205078125	0.0000000000	63.0795552503	58.1704205296
18	67	1973719994620597956	5624815467740092251	4068393113809847936	11279360316378237620	-10306.5458984375	0.0000000000	63.8960942906	25.5335647172
59	13	7601657687808359178	9388353752879206249	4241400716890172159	12258331608476511315	-10306.5458984375	0.0000000000	35.6243481275	65.1205346454
18	56	1973719994620597956	16852385624946083254	979810164187739482	10895800720578442812	-10306.5585937500	0.0000000000	63.9087896031	37.5985281481
30	46	5860122236468879057	12535374395063084085	11387892177540868774	14228844769899137599	-10306.6386718750	0.0000000000	53.7086658012	44.1545188569
30	17	5860122236468879057	5868884973666812058	6996499751426673077	17902255656718512347	-10306.6689453125	0.0000000000	53.7389392387	64.0390523481
6	26	13028795077775133422	17548949165766628857	2117588075070852347	9739571805538675799	-10306.7128906250	0.0000000000	72.0591443918	57.5208983853
13	46	9388353752879206249	12535374395063084085	2614488580454305174	18251846276848034621	-10306.7294921875	0.0000000000	65.3041283954	44.2453391694
24	32	1578537932394219965	5088468608694452078	8284168353720254001	9486010742200347084	-10306.7529296875	0.0000000000	58.4799523843	52.3017684973
72	5	12804849303602132009	17841368144436045441	139155764252935965	6712487327706838916	-10306.7822265625	0.0000000000	14.5928986855	72.6517775676
14	64	5693540783912640859	9223212027600555165	11526378987635846880	13568798942660316760	-10306.8388671875	0.0000000000	65.1588614408	34.0107002655
45	27	2304489905002361840	9460063871844575253	3694076182975097263	17529433017268211137	-10306.9980468750	0.0000000000	45.4027966464	57.7477046525
4	27	8097248218632962140	9460063871844575253	11389596877227400802	16096922353866497572	-10307.0429687500	0.0000000000	73.1883964168	57.7926265275
11	46	4089866445876100708	12535374395063084085	2890318540979922581	8698608106904132087	-10307.0458984375	0.0000000000	67.1249175473	44.5617454194
13	63	9388353752879206249	11431609380208423339	2558653626482827826	6532122620436808913	-10307.0927734375	0.0000000000	65.6674096454	34.6654858454
38	54	13102877500905252749	16717900351085550691	12379912155261881719	13066067640892395801	-10307.1083984375	0.0000000000	51.1030679632	39.8714421447
39	62	4699872589231047194	5734407459137869133	14812760333023403032	16647099297103803156	-10307.1152343750	0.0000000000	50.8785256793	35.7754897902
47	64	2491649972309366993	9223212027600555165	13327456386906691379	15733852996105401528	-10307.1435546875	0.0000000000	43.4520198128	34.3153877655
44	63	11072636854126668426	11431609380208423339	5233109563676874018	12542610049052329319	-10307.1513671875	0.0000000000	47.1334692198	34.7240795954
3	42	2400508826370169201	13278762253849637909	5747661189756783417	9389559708146510157	-10307.1982421875	0.0000000000	78.5408714590	47.8815919683
59	27	7601657687808359178	9460063871844575253	7346755262987224703	17226224534912037778	-10307.1992187500	0.0000000000	36.2776684400	57.9488765275
15	32	2021587758018320124	5088468608694452078	13314716556884636885	15387307587120327214	-10307.2753906250	0.0000000000	65.3507548360	52.8242294348
58	51	15018428760318362298	18331383289331445001	10577390377985579781	13375681759537871173	-10307.3115234375	0.0000000000	37.2603377421	41.8778318963
11	25	4089866445876100708	15270237447969908554	794382591816719120	1303704246529009737	-10307.3193359375	0.0000000000	67.3983550473	58.9692486546
4	48	8097248218632962140	12462430359799399029	730725678054917948	7779151836961410631	-10307.4003906250	0.0000000000	73.5458182918	42.5012457212
49	51	5851501803797438112	18331383289331445001	1262380456295519699	5057211352420540370	-10307.4208984375	0.0000000000	42.4614395862	41.9872068963
32	51	5088468608694452078	18331383289331445001	4689373301170208614	17770416537235957045	-10307.4511718750	0.0000000000	53.0000106848	42.0174803338
49	20	5851501803797438112	6461476422044957467	4677141620932421175	14880523479373856412	-10307.4912109375	0.0000000000	42.5317520862	64.0502583753
17	48	5868884973666812058	12462430359799399029	7812785635576459994	16576789825490325908	-10307.5068359375	0.0000000000	64.8769429731	42.6076910337
20	59	6461476422044957467	7601657687808359178	15747578033668499258	16747880622567705489	-10307.6191406250	0.0000000000	64.1781880628	36.6975903150
39	10	4699872589231047194	5125778371293291106	5273511701693779476	6612483539313996675	-10307.6289062500	0.0000000000	51.3921975543	68.5074470894
52	7	3396079651100282447	11117569714726431401	2439509775298827728	6312975484051146560	-10307.6289062500	0.0000000000	42.1051223263	72.7984920084
30	38	5860122236468879057	13102877500905252749	6873333561734357781	12535124415909832530	-10307.7685546875	0.0000000000	54.8385486137	51.7632242132
42	51	13278762253849637909	18331383289331445001	1297994788125888450	5617289143902673788	-10307.7890625000	0.0000000000	48.4724122808	42.3553709588
21	37	6062790282938113025	14773085639508646864	3943964752307993647	13064508148620409180	-10307.8574218750	0.0000000000	64.3802815551	52.2730843956
21	64	6062790282938113025	9223212027600555165	9895481516179527278	13342458001380524091	-10307.8935546875	0.0000000000	64.4164143676	35.0653877655
32	62	5088468608694452078	5734407459137869133	406719619332971555	6171331377849294828	-10307.9599609375	0.0000000000	53.5087997473	36.6202163527
42	50	13278762253849637909	13440359719910072822	4285709241205283474	8716956366414797946	-10307.9833984375	0.0000000000	48.6667482183	42.8371231289
18	21	1973719994620597956	6062790282938113025	4697546290758641583	18358180164386498366	-10308.0146484375	0.0000000000	65.3648442906	64.5375081176
24	71	1578537932394219965	3014024255359366061	5440747564374756997	15116963490835722710	-10308.0566406250	0.0000000000	59.7836633218	18.8918364119
8	59	2338638558934973707	7601657687808359178	1031306388850909407	6024569003435193168	-10308.0917968750	0.0000000000	71.3416585538	37.1702465650
62	61	5734407459137869133	9568516022596562606	3039809703628424721	15034926354667276140	-10308.1152343750	0.0000000000	36.7754897902	36.9138256527
70	19	2050456454754125474	15210271395121730115	5765202189893164041	6782734253323922420	-10308.2744140625	0.0000000000	24.3744565843	64.8380161421
18	13	1973719994620597956	9388353752879206249	3852372798711541036	7312798712810169883	-10308.3291015625	0.0000000000	65.6792974156	66.9037377704
70	22	2050456454754125474	17771635600684448131	11273557148107232781	15577398119430805787	-10308.3339843750	0.0000000000	24.4340268968	61.5711531638
66	2	1241156098068793816	15833357601308018089	1403545817267811731	7368064307157126365	-10308.3359375000	0.0000000000	27.9544251781	81.5649917555
18	30	1973719994620597956	5860122236468879057	5689292387802046508	18167516121596544203	-10308.3701171875	0.0000000000	65.7203130406	55.4401111137
17	36	5868884973666812058	6949163309424221588	11450800196928938383	15825305590462549999	-10308.3798828125	0.0000000000	65.7499898481	52.8001783348
44	6	11072636854126668426	13028795077775133422	11605221786636067816	16433545181693747657	-10308.4062500000	0.0000000000	48.3883520323	73.7525037668
58	26	15018428760318362298	17548949165766628857	4134753847998174574	11303849388849309927	-10308.4228515625	0.0000000000	38.3716658671	59.2308593228
66	10	1241156098068793816	5125778371293291106	8408071284755265824	16278780048937951648	-10308.4580078125	0.0000000000	28.0764954906	69.3365486519
66	42	1241156098068793816	13278762253849637909	135423465145861756	8408071284755265824	-10308.4580078125	0.0000000000	28.0764954906	49.1413575933
65	28	2994375602573030521	15238071704247467969	4702308706960865515	6778495025908271789	-10308.4902343750	0.0000000000	29.7748265937	57.9708029843
8	14	2338638558934973707	5693540783912640859	5631288573775219670	12889454498204572414	-10308.4960937500	0.0000000000	71.7459554288	66.8160880033
66	4	1241156098068793816	8097248218632962140	871003621090155433	17263765136912109352	-10308.5351562500	0.0000000000	28.1536439281	74.6805839168
66	29	1241156098068793816	2590246260731145299	16236295644674643103	17263765136912109352	-10308.5351562500	0.0000000000	28.1536439281	56.2061690984
11	28	4089866445876100708	15238071704247467969	11270075094112402262	15880619313313858082	-10308.6396484375	0.0000000000	68.7186675473	58.1202170468
33	9	5883306076231458735	6647163709767477061	1287935145898968297	15458171527010606939	-10308.8027343750	0.0000000000	54.3363644939	71.2808227675
66	1	1241156098068793816	11209614143821053939	2896514506180318604	7368064307157126365	-10308.8310546875	0.0000000000	28.4495423656	83.8472902339
17	38	5868884973666812058	13102877500905252749	4889994763538787619	7094049069141005563	-10308.8369140625	0.0000000000	66.2070210981	52.8315835882
10	37	5125778371293291106	14773085639508646864	7514072602787599217	16724833925609201291	-10308.8603515625	0.0000000000	69.7388924019	53.2760140831
6	50	13028795077775133422	13440359719910072822	1273969909779795480	17341947955080060301	-10308.8925781250	0.0000000000	74.2388318918	43.7463028164
67	22	5624815467740092251	17771635600684448131	1436166129851032028	2394175000867545852	-10308.8925781250	0.0000000000	27.8802444047	62.1297469138
29	39	2590246260731145299	4699872589231047194	9489631976537300451	11626969320918650374	-10308.9453125000	0.0000000000	56.6163253484	52.7086038043
20	50	6461476422044957467	13440359719910072822	1663171753072789317	13807545358077761634	-10308.9882812500	0.0000000000	65.5473286878	43.8420059414
33	4	5883306076231458735	8097248218632962140	3358932212281459581	14805887982519153399	-10309.0019531250	0.0000000000	54.5355832439	75.1473807918
8	62	2338638558934973707	5734407459137869133	1869805368698391257	9925279541667264493	-10309.0263671875	0.0000000000	72.2762288663	37.6866226027
62	33	5734407459137869133	5883306076231458735	1869805368698391257	16721356623312714296	-10309.0263671875	0.0000000000	37.6866226027	54.5599973064
15	70	2021587758018320124	2050456454754125474	1291827781767388875	17046616237418464257	-10309.0576171875	0.0000000000	67.1329813985	25.1576597093
65	17	2994375602573030521	5868884973666812058	1408445211008806995	15594391024490796539	-10309.0693359375	0.0000000000	30.3539281562	66.4394429731
52	11	3396079651100282447	4089866445876100708	6733450174529681103	13769802427765219700	-10309.0712890625	0.0000000000	43.5475051388	69.1503081723
29	56	2590246260731145299	16852385624946083254	7461223184615474983	17833195577389449942	-10309.1142578125	0.0000000000	56.7852706609	40.1541922106
13	26	9388353752879206249	17548949165766628857	3572507928532488236	14915394673879977360	-10309.1416015625	0.0000000000	67.7162377704	59.9496093228
35	28	6484463227862144676	15238071704247467969	13291873398559762152	13391627029879455047	-10309.1884765625	0.0000000000	53.6816997051	58.6690451718
14	42	5693540783912640859	13278762253849637909	1372289923810323182	7176021335303950956	-10309.3046875000	0.0000000000	67.6246817533	49.9880372808
17	40	5868884973666812058	11472758483394683188	3997627818785290917	7894703478399662348	-10309.3076171875	0.0000000000	66.6777242231	52.5950201352
18	41	1973719994620597956	17465034485350747349	950007588313308961	14106007624957279280	-10309.3378906250	0.0000000000	66.6880864781	52.4847029522
45	51	2304489905002361840	18331383289331445001	3578331339926291305	5394281749244043269	-10309.3447265625	0.0000000000	47.7494763339	43.9110350213
33	38	5883306076231458735	13102877500905252749	14260074811933426339	15306642789703988797	-10309.3603515625	0.0000000000	54.8939816814	53.3550210882
64	0	9223212027600555165	10165324746644879865	6058867242996301526	13697023459979264832	-10309.3701171875	0.0000000000	36.5419502655	90.2325884359
1	57	11209614143821053939	15092668313978089557	8936019050738748751	10389531577094908137	-10309.4736328125	0.0000000000	84.4898683589	40.1080311296
44	41	11072636854126668426	17465034485350747349	15372977642971926870	17037080092636567607	-10309.5517578125	0.0000000000	49.5338598448	52.6985701397
52	31	3396079651100282447	5431396170490344121	3176052950054025353	5964432936597746217	-10309.5820312500	0.0000000000	44.0582473263	55.3926931172
42	54	13278762253849637909	16717900351085550691	2240937542686146473	17105954427737845772	-10309.5966796875	0.0000000000	50.2800294683	42.3597233947
10	44	5125778371293291106	11072636854126668426	3039113161913541080	15728589628462209001	-10309.6787109375	0.0000000000	70.5572517769	49.6608129698
15	28	2021587758018320124	15238071704247467969	10073630488028769603	11564750506862096343	-10309.8037109375	0.0000000000	67.8790751485	59.2842795468
64	27	9223212027600555165	9460063871844575253	12956588835003426275	16376708332506973159	-10309.8164062500	0.0000000000	36.9882393280	60.5660640275
70	21	2050456454754125474	6062790282938113025	12900732853830176645	18326321699759374453	-10309.8164062500	0.0000000000	25.9164487718	66.3392659301
24	9	1578537932394219965	6647163709767477061	3644681730723304633	16125810601598480770	-10309.8593750000	0.0000000000	61.5863976968	72.3374633925
11	49	4089866445876100708	5851501803797438112	7807575611135281567	14139785787931422653	-10309.8847656250	0.0000000000	69.9637847348	44.9253067737
10	38	5125778371293291106	13102877500905252749	7193761755048567315	14454459161228259300	-10309.9101562500	0.0000000000	70.7886970894	53.9048257757
40	53	11472758483394683188	13619337383230444990	553922755337182096	1061834621480289428	-10309.9121093750	0.0000000000	53.1995123227	43.7905850631
56	51	16852385624946083254	18331383289331445001	6718044746734154861	15055785278614986722	-10309.9208984375	0.0000000000	40.9608328356	44.4872068963
65	7	2994375602573030521	11117569714726431401	1144287688556756647	5138025490052665545	-10309.9257812500	0.0000000000	31.2103734687	75.0953670084
68	0	2102232313053957989	10165324746644879865	6856844250436342339	7066000554170739324	-10309.9980468750	0.0000000000	28.0235250099	90.8605181234
32	28	5088468608694452078	15238071704247467969	1891566382518335001	12558138291450246561	-10310.0048828125	0.0000000000	55.5537216223	59.4854514218
52	6	3396079651100282447	13028795077775133422	2089901934912461658	17341947955080060301	-10310.0126953125	0.0000000000	44.4889113888	75.3589490793
30	56	5860122236468879057	16852385624946083254	86118202994304454	15634208206542014193	-10310.0136718750	0.0000000000	57.0836658012	41.0536062731
0	57	10165324746644879865	15092668313978089557	16115700899004294096	17063294779099394082	-10310.0410156250	0.0000000000	90.9034868734	40.6754139421
68	40	2102232313053957989	11472758483394683188	12314185308056294331	14303610249357530369	-10310.1201171875	0.0000000000	28.1455953224	53.4075201352
14	46	5693540783912640859	12535374395063084085	8184953096615377495	14463037244852244013	-10310.1660156250	0.0000000000	68.4860098783	47.6818626069
68	26	2102232313053957989	17548949165766628857	5081187570714459798	9001195026413704125	-10310.2568359375	0.0000000000	28.2823140724	61.0648436978
3	65	2400508826370169201	2994375602573030521	13293747130038452566	17593120424348565143	-10310.2636718750	0.0000000000	81.6063011465	31.5482640937
59	6	7601657687808359178	13028795077775133422	13376259542080531489	17025546772500878840	-10310.3281250000	0.0000000000	39.4065746900	75.6743787668
27	69	9460063871844575253	13298563719198658168	14705756064191056799	18282808923308868957	-10310.4082031250	0.0000000000	61.1578609025	26.7531835665
21	19	6062790282938113025	15210271395121730115	471663077007488609	16353059203151877839	-10310.4960937500	0.0000000000	67.0189534301	67.0596958296
67	36	5624815467740092251	6949163309424221588	9395865666255236421	15302606903559989650	-10310.4960937500	0.0000000000	29.4837600297	54.9163892723
15	6	2021587758018320124	13028795077775133422	4965692855453063967	10475156316987266995	-10310.5302734375	0.0000000000	68.6056376485	75.8765272043
14	57	5693540783912640859	15092668313978089557	8736428911505411437	18306487316597805335	-10310.5478515625	0.0000000000	68.8678458158	41.1822498796
59	7	7601657687808359178	11117569714726431401	8292992985196362977	8356626705769537791	-10310.6054687500	0.0000000000	39.6839184400	75.7750545084
67	21	5624815467740092251	6062790282938113025	14009990155004580459	16804375593357596988	-10310.6201171875	0.0000000000	29.6077834672	67.1429768676
7	50	11117569714726431401	13440359719910072822	12134400590856622255	14121599614440838644	-10310.6806640625	0.0000000000	75.8502498209	45.5343887539
28	54	15238071704247467969	16717900351085550691	421242782700089981	12517899240956280400	-10310.7070312500	0.0000000000	60.1875998593	43.4700749572
66	21	1241156098068793816	6062790282938113025	9672925172452837799	15372200575833449900	-10310.7626953125	0.0000000000	30.3811829906	67.2855549926
49	44	5851501803797438112	11072636854126668426	5082382872361546909	15357687716479185755	-10310.8027343750	0.0000000000	45.8432755237	50.7848364073
44	25	11072636854126668426	15270237447969908554	1649084593104722172	14365212257102982586	-10310.8759765625	0.0000000000	50.8580785948	62.5258892796
15	10	2021587758018320124	5125778371293291106	4047226483967194241	10105204066874685732	-10310.8808593750	0.0000000000	68.9562235860	71.7594002144
3	64	2400508826370169201	9223212027600555165	2243645802578662339	17200247506092342774	-10310.8847656250	0.0000000000	82.2273948965	38.0565987030
70	10	2050456454754125474	5125778371293291106	3609985869361027480	5459603902770415571	-10310.9023437500	0.0000000000	27.0023862718	71.7808845894
24	25	1578537932394219965	15270237447969908554	10700732785813936618	15526542044942511095	-10310.9472656250	0.0000000000	62.6742883218	62.5971783421
49	58	5851501803797438112	15018428760318362298	2694921161062065011	5715701437188974416	-10311.0410156250	0.0000000000	46.0815567737	40.9898299296
72	28	12804849303602132009	15238071704247467969	258289405802206867	7823362191042612907	-10311.0429687500	0.0000000000	18.8536408730	60.5235373593
67	13	5624815467740092251	9388353752879206249	3205162023756503886	17834009594897874433	-10311.0732421875	0.0000000000	30.0609084672	69.6478783954
38	56	13102877500905252749	16852385624946083254	152894247310998873	7461223184615474983	-10311.0830078125	0.0000000000	55.0776773382	42.1229422106
1	50	11209614143821053939	13440359719910072822	5486278036633858891	7371702121655404914	-10311.1093750000	0.0000000000	86.1256105464	45.9630996914
70	2	2050456454754125474	15833357601308018089	8595555624811104915	8922240689496290461	-10311.1220703125	0.0000000000	27.2221128343	84.3511245680
37	19	14773085639508646864	15210271395121730115	3847150928712848602	4067038721100643175	-10311.1240234375	0.0000000000	55.5396859581	67.6876255171
1	42	11209614143821053939	13278762253849637909	13337744406085151488	18410899817160300706	-10311.2050781250	0.0000000000	86.2213136714	51.8884279058
38	42	13102877500905252749	13278762253849637909	974695374924854419	6916725538565946598	-10311.2421875000	0.0000000000	55.2368570257	51.9255372808
20	26	6461476422044957467	17548949165766628857	7535960319589765438	12379747450922205386	-10311.2509765625	0.0000000000	67.8100240003	62.0589843228
16	41	16863307900853720354	17465034485350747349	6234013271945935877	16708800678756118982	-10311.2880859375	0.0000000000	69.3590270728	54.4348982647
27	61	9460063871844575253	9568516022596562606	7765954338139290632	17708799258211930986	-10311.4306640625	0.0000000000	62.1803218400	40.2292553402
62	0	5734407459137869133	10165324746644879865	11461587587748871358	13950031258202153908	-10311.4658203125	0.0000000000	40.1260757277	92.3282915609
24	58	1578537932394219965	15018428760318362298	9426261703740467292	16037865627267103571	-10311.5351562500	0.0000000000	63.2621789468	41.4839705546
11	61	4089866445876100708	9568516022596562606	483466218242889301	3845505324136376543	-10311.5966796875	0.0000000000	71.6756987973	40.3952709652
29	53	2590246260731145299	13619337383230444990	5970990719139828556	11406989032047381400	-10311.6542968750	0.0000000000	59.3253097234	45.5327725631
72	69	12804849303602132009	13298563719198658168	12476779607149383718	17977431125408268195	-10311.7431640625	0.0000000000	19.5538361855	28.0881445040
43	28	11399600364733442468	15238071704247467969	4422756270858124827	16456164017657465181	-10311.7968750000	0.0000000000	52.2770479782	61.2774436093
52	39	3396079651100282447	4699872589231047194	4696498693919862263	9722379064646263222	-10311.8222656250	0.0000000000	46.2984817013	55.5855569293
15	49	2021587758018320124	5851501803797438112	6657179489873564464	13314716556884636885	-10311.8349609375	0.0000000000	69.9103251485	46.8755020862
66	3	1241156098068793816	2400508826370169201	4473559523966311980	17419380446630457631	-10311.8779296875	0.0000000000	31.4964173656	83.2205589590
31	64	5431396170490344121	9223212027600555165	10389616523902995073	16061815818960762717	-10311.9335937500	0.0000000000	57.7442556172	39.1054268280
29	37	2590246260731145299	14773085639508646864	8370532777138998247	13860458384212313314	-10312.0078125000	0.0000000000	59.6788253484	56.4234750206
30	53	5860122236468879057	13619337383230444990	6708964382278191687	15488752936145692060	-10312.2324218750	0.0000000000	59.3024158012	46.1108975631
18	23	1973719994620597956	18425980509938217647	2501417894251768805	16755105280763081655	-10312.3125000000	0.0000000000	69.6626958531	65.4428425828
31	4	5431396170490344121	8097248218632962140	1493791427942643323	9681865247509174745	-10312.3427734375	0.0000000000	58.1534353047	78.4882011043
44	23	11072636854126668426	18425980509938217647	9353641837201022024	13738428017793157563	-10312.4169921875	0.0000000000	52.3990942198	65.5473347703
64	42	9223212027600555165	13278762253849637909	9708045612755852942	14799658593485532034	-10312.5917968750	0.0000000000	39.7636299530	53.2751466558
45	20	2304489905002361840	6461476422044957467	13105477170152150449	18335202322609797272	-10312.6093750000	0.0000000000	51.0141247714	69.1684224378
39	17	4699872589231047194	5868884973666812058	2969204532016216865	5392266411526911901	-10312.6191406250	0.0000000000	56.3824319293	69.9892476606
66	52	1241156098068793816	3396079651100282447	7046952600716431482	15978857373529757537	-10312.6503906250	0.0000000000	32.2688783031	47.1266067013
24	4	1578537932394219965	8097248218632962140	11441917479728807189	12475657338818093819	-10312.7363281250	0.0000000000	64.4633508218	78.8817557918
9	25	6647163709767477061	15270237447969908554	4229064668627570936	4809220915184474739	-10312.7724609375	0.0000000000	75.2505493300	64.4223736546
29	30	2590246260731145299	5860122236468879057	5345542006244348724	10951489102481460394	-10312.8212890625	0.0000000000	60.4923019109	59.8912829887
12	50	3464689620348449069	13440359719910072822	2562477402719399784	18366636678875287577	-10312.8535156250	0.0000000000	72.7859268554	47.7072403164
32	50	5088468608694452078	13440359719910072822	13887276287288106280	18366636678875287577	-10312.8535156250	0.0000000000	58.4023544348	47.7072403164
50	26	13440359719910072822	17548949165766628857	12104117327501634683	18366636678875287577	-10312.8535156250	0.0000000000	47.7072403164	63.6615233853
47	41	2491649972309366993	17465034485350747349	7736926661606724204	11310441075746714895	-10312.8916015625	0.0000000000	49.2000666878	56.0384138897
60	59	2376575417863135000	7601657687808359178	3464781291364180098	13980567771712249223	-10312.9257812500	0.0000000000	41.9653937304	42.0042309400
71	21	3014024255359366061	6062790282938113025	6069416582263590651	11139601991619316474	-10312.9843750000	0.0000000000	23.8195707869	69.5072346801
36	63	6949163309424221588	11431609380208423339	6447678162432167952	12018440367316808806	-10313.0068359375	0.0000000000	57.4271314598	40.5795483454
33	57	5883306076231458735	15092668313978089557	9065227493528987596	14370788822204509218	-10313.0615234375	0.0000000000	58.5951535564	43.6959217546
67	25	5624815467740092251	15270237447969908554	1954614206980585403	3836769615246047603	-10313.0664062500	0.0000000000	32.0540725297	64.7163189671
29	55	2590246260731145299	4752631359404694832	14407129057861639856	16144703598000520209	-10313.0898437500	0.0000000000	60.7608565984	45.7903272842
24	59	1578537932394219965	7601657687808359178	7884215854673506525	12746035309873373099	-10313.1044921875	0.0000000000	64.8315148843	42.1829418775
14	30	5693540783912640859	5860122236468879057	17271299465533783210	17547846194323173544	-10313.1318359375	0.0000000000	71.4518301908	60.2018298637
62	54	5734407459137869133	16717900351085550691	4911858612500743983	11648985493970181726	-10313.1562500000	0.0000000000	41.8165054152	45.9192937072
10	64	5125778371293291106	9223212027600555165	3027057869084038008	10397139368036774165	-10313.1894531250	0.0000000000	74.0679939644	40.3612862030
68	61	2102232313053957989	9568516022596562606	550636326274982892	1043663524892286839	-10313.1923828125	0.0000000000	31.2178609474	41.9909740902
60	19	2376575417863135000	15210271395121730115	6553825886394523841	10719715506959257726	-10313.2109375000	0.0000000000	42.2505499804	69.7745395796
14	26	5693540783912640859	17548949165766628857	1656991296748371054	7943497520341678643	-10313.2128906250	0.0000000000	71.5328848783	64.0208983853
11	63	4089866445876100708	11431609380208423339	11476146241214520773	11502656259241293060	-10313.2539062500	0.0000000000	73.3329253598	40.8266186579
8	26	2338638558934973707	17548949165766628857	5129950855587270640	7398326977740536962	-10313.2626953125	0.0000000000	76.5125569913	64.0707030728
62	13	5734407459137869133	9388353752879206249	18917062374188613	15407429099284742398	-10313.3105468750	0.0000000000	41.9708022902	71.8851830829
28	41	15238071704247467969	17465034485350747349	3817607381231441403	4451278664878233699	-10313.4306640625	0.0000000000	62.9112326718	56.5774763897
52	58	3396079651100282447	15018428760318362298	8285652987775382594	9034729022830292457	-10313.4707031250	0.0000000000	47.9469192013	43.4195174296
45	10	2304489905002361840	5125778371293291106	5105408785124280856	17010411794026887515	-10313.4951171875	0.0000000000	51.8998669589	74.3736580269
6	51	13028795077775133422	18331383289331445001	10959621557810918619	11839653473382691909	-10313.5156250000	0.0000000000	78.8618787668	48.0819334588
61	42	9568516022596562606	13278762253849637909	3953651083560032433	7967597991693641305	-10313.5556640625	0.0000000000	42.3542553402	54.2390138433
40	28	11472758483394683188	15238071704247467969	960817338016524512	5849320549828755321	-10313.6679687500	0.0000000000	56.9553716977	63.1485373593
1	72	11209614143821053939	12804849303602132009	6311209706882477186	15300722111949545976	-10313.6767578125	0.0000000000	88.6929933589	21.4874299355
65	56	2994375602573030521	16852385624946083254	11364204179401913344	13517267880995695400	-10313.7060546875	0.0000000000	34.9906469062	44.7459890856
57	5	15092668313978089557	17841368144436045441	78516864955261987	10292020293332112846	-10313.7080078125	0.0000000000	44.3424061296	79.5775588176
31	67	5431396170490344121	5624815467740092251	5161441456127783484	7944514992979856069	-10313.7812500000	0.0000000000	59.5919118672	32.7689162797
32	35	5088468608694452078	6484463227862144676	501571924840641364	7052211748160166918	-10313.8232421875	0.0000000000	59.3720809973	58.3164653301
17	61	5868884973666812058	9568516022596562606	13686921348154859751	17993703203212989052	-10313.8691406250	0.0000000000	71.2392476606	42.6677319027
49	57	5851501803797438112	15092668313978089557	6803086319421440012	7999361027677716641	-10313.9267578125	0.0000000000	48.9672989612	44.5611561296
70	12	2050456454754125474	3464689620348449069	9555210967891759896	10710642550629091210	-10313.9335937500	0.0000000000	30.0336362718	73.8660049804
29	38	2590246260731145299	13102877500905252749	152894247310998873	9504468188422542566	-10314.0292968750	0.0000000000	61.7003097234	58.0239664007
42	56	13278762253849637909	16852385624946083254	10762583558516703179	16753529776801436442	-10314.0332031250	0.0000000000	54.7165529058	45.0731375231
29	36	2590246260731145299	6949163309424221588	9154979981664210719	13144335397183979967	-10314.1005859375	0.0000000000	61.7715987859	58.5208814598
36	59	6949163309424221588	7601657687808359178	3771356062461390475	6223733130255640201	-10314.2773437500	0.0000000000	58.6976392723	43.3557934400
45	23	2304489905002361840	18425980509938217647	750944224047937674	9885520103202685117	-10314.4082031250	0.0000000000	52.8129528964	67.5385457078
68	28	2102232313053957989	15238071704247467969	1286420910848954823	2286393819219026573	-10314.4150390625	0.0000000000	32.4405171974	63.8956076718
71	33	3014024255359366061	5883306076231458735	8170493004987850650	12661436330855668014	-10314.4316406250	0.0000000000	25.2668364119	59.9652707439
14	34	5693540783912640859	11978150189334513253	9864840567048768219	11009521938808262473	-10314.4863281250	0.0000000000	72.8063223783	59.0364537081
64	7	9223212027600555165	11117569714726431401	7189389973516786748	17311020484287171074	-10314.5009765625	0.0000000000	41.6728096405	79.6705623209
52	38	3396079651100282447	13102877500905252749	7582102917741257383	14675763036890606345	-10314.5703125000	0.0000000000	49.0465285763	58.5649820257
3	47	2400508826370169201	2491649972309366993	3004432180021487322	13927725521136973692	-10314.6279296875	0.0000000000	85.9705589590	50.9363948128
33	69	5883306076231458735	13298563719198658168	11448017330655067613	15852288647448034730	-10314.6337890625	0.0000000000	60.1674191814	30.9787695040
21	61	6062790282938113025	9568516022596562606	4622277918487353135	7951971744107694701	-10314.6464843750	0.0000000000	71.1693440551	43.4450756527
4	50	8097248218632962140	13440359719910072822	753490175264890463	1273969909779795480	-10314.7216796875	0.0000000000	80.8671073543	49.5754043789
65	21	2994375602573030521	6062790282938113025	7911369871620920755	16547747132112954602	-10314.7988281250	0.0000000000	36.0834203437	71.3216878051
62	44	5734407459137869133	11072636854126668426	3484953348338350944	6530162403806374655	-10314.8242187500	0.0000000000	43.4844741652	54.8063207823
24	69	1578537932394219965	13298563719198658168	8473856740641600073	10700732785813936618	-10314.9169921875	0.0000000000	66.6440148843	31.2619726290
45	54	2304489905002361840	16717900351085550691	7052413555765117624	7145738924987694100	-10314.9794921875	0.0000000000	53.3842419589	47.7425358947
65	46	2994375602573030521	12535374395063084085	14666190054337590754	18342691518844251019	-10314.9921875000	0.0000000000	36.2767797187	52.5080344819
64	16	9223212027600555165	16863307900853720354	2845411710327119713	6211061571627484963	-10315.0253906250	0.0000000000	42.1972237030	73.0963317603
3	67	2400508826370169201	5624815467740092251	14802050677711496680	16644405582038850630	-10315.0449218750	0.0000000000	86.3875511465	34.0325881547
71	17	3014024255359366061	5868884973666812058	5718151905054085906	5869745365710612936	-10315.0634765625	0.0000000000	25.8986723494	72.4335835981
49	35	5851501803797438112	6484463227862144676	1490333805804577808	15028185218469085800	-10315.1425781250	0.0000000000	50.1831192737	59.6358012676
10	30	5125778371293291106	5860122236468879057	1590369956315795267	16323994765247187962	-10315.2167968750	0.0000000000	76.0953377144	62.2867908012
48	25	12462430359799399029	15270237447969908554	3237210652101355282	15566800747703766376	-10315.2226562500	0.0000000000	50.3235113462	66.8725689671
15	43	2021587758018320124	11399600364733442468	11901903768147091865	18323090753490428535	-10315.2343750000	0.0000000000	73.3097392110	55.7145479782
17	33	5868884973666812058	5883306076231458735	6052386922026211921	14467792764222606556	-10315.2568359375	0.0000000000	72.6269429731	60.7904660564
47	43	2491649972309366993	11399600364733442468	4048080664487377810	5515863803698031054	-10315.3017578125	0.0000000000	51.6102229378	55.7819307907
24	29	1578537932394219965	2590246260731145299	5917475958450465435	9285373559983410194	-10315.3349609375	0.0000000000	67.0619836343	63.0059737859
3	71	2400508826370169201	3014024255359366061	8170493004987850650	14642694762756142857	-10315.3417968750	0.0000000000	86.6844261465	26.1769926619
42	41	13278762253849637909	17465034485350747349	10715394214076772329	15665980300566118334	-10315.3857421875	0.0000000000	56.0690919683	58.5325545147
24	62	1578537932394219965	5734407459137869133	10358228821620723361	17747705410540614090	-10315.3925781250	0.0000000000	67.1196008218	44.0528335402
30	25	5860122236468879057	15270237447969908554	1780356134528144276	14172830185265850970	-10315.4394531250	0.0000000000	62.5094470512	67.0893658421
39	4	4699872589231047194	8097248218632962140	1185332774313195443	5068752048319588276	-10315.4433593750	0.0000000000	59.2066506793	81.5887870418
13	44	9388353752879206249	11072636854126668426	1158031804780479529	13283324521708193411	-10315.4716796875	0.0000000000	74.0463158954	55.4537817198
45	39	2304489905002361840	4699872589231047194	6916937102788990677	15238823358986595368	-10315.5234375000	0.0000000000	53.9281872714	59.2867288043
0	69	10165324746644879865	13298563719198658168	2233795716663151210	15458696530565791252	-10315.5556640625	0.0000000000	96.4181353109	31.9006445040
71	43	3014024255359366061	11399600364733442468	3794268192932129423	17013625585098162257	-10315.5878906250	0.0000000000	26.4230864119	56.0680636032
18	53	1973719994620597956	13619337383230444990	6984740350816188901	11947735674013741000	-10315.6220703125	0.0000000000	72.9722661656	49.5005460006
9	59	6647163709767477061	7601657687808359178	14484554370977127438	15527436168714523961	-10315.6923828125	0.0000000000	78.1704712050	44.7708325025
20	53	6461476422044957467	13619337383230444990	1254975011395445601	12745491825295665329	-10315.8408203125	0.0000000000	72.3998677503	49.7192960006
18	68	1973719994620597956	2102232313053957989	550636326274982892	4288190733484776442	-10315.9248046875	0.0000000000	73.2750005406	33.9502828224
62	21	5734407459137869133	6062790282938113025	5138444106482274169	7848322170348887906	-10315.9375000000	0.0000000000	44.5977554152	72.4603596801
70	7	2050456454754125474	11117569714726431401	362697660211562557	17317490776028886058	-10315.9628906250	0.0000000000	32.0629331468	81.1324763834
36	57	6949163309424221588	15092668313978089557	14370788822204509218	15560575451373056402	-10316.0253906250	0.0000000000	60.4456861473	46.6597889421
68	45	2102232313053957989	2304489905002361840	5623573925347292896	12935218586693788624	-10316.0361328125	0.0000000000	34.0616109474	54.4408825839
31	40	5431396170490344121	11472758483394683188	2594736314855252857	12464631308858601214	-10316.0605468750	0.0000000000	61.8712087422	59.3479498227
9	26	6647163709767477061	17548949165766628857	13924588160444058112	17890580564597402767	-10316.0976562500	0.0000000000	78.5757446425	66.9056640103
45	1	2304489905002361840	11209614143821053939	1195106449825558070	3424413298500633277	-10316.1054687500	0.0000000000	54.5102185214	91.1217042964
29	9	2590246260731145299	6647163709767477061	2044138200846945979	8384246651427188169	-10316.1630859375	0.0000000000	63.8340987859	78.6411743300
9	28	6647163709767477061	15238071704247467969	3365155367885908905	17362457512100986257	-10316.2304687500	0.0000000000	78.7085571425	65.7110373593
13	57	9388353752879206249	15092668313978089557	7310804123012731106	8300981006953630265	-10316.2871093750	0.0000000000	74.8617455829	46.9215076921
18	38	1973719994620597956	13102877500905252749	15782026781382513681	16636628253840059779	-10316.2929687500	0.0000000000	73.6431646031	60.2876382757
30	44	5860122236468879057	11072636854126668426	9231229036578585230	9728312267274495255	-10316.3115234375	0.0000000000	63.3815173637	56.2936254698
15	47	2021587758018320124	2491649972309366993	9398867215366610279	15255773768250165948	-10316.3496093750	0.0000000000	74.4249735860	52.6580745003
64	28	9223212027600555165	15238071704247467969	7409728726719623620	13980233754355281601	-10316.4238281250	0.0000000000	43.5956612030	65.9043967343
33	19	5883306076231458735	15210271395121730115	5580605394609897679	9446111341793345254	-10316.4511718750	0.0000000000	61.9848019939	73.0147739546
64	5	9223212027600555165	17841368144436045441	3793488417543361217	13261182668406108484	-10316.5019531250	0.0000000000	43.6737862030	82.3715041301
49	30	5851501803797438112	5860122236468879057	4894404513593940179	10207952972016687547	-10316.5810546875	0.0000000000	51.6215958362	63.6510486137
70	5	2050456454754125474	17841368144436045441	4135760414395118892	13233761664487404662	-10316.6113281250	0.0000000000	32.7113706468	82.4808791301
11	51	4089866445876100708	18331383289331445001	5649454869470561886	12022249198532385965	-10316.7060546875	0.0000000000	76.7850737973	51.2723631463
39	16	4699872589231047194	16863307900853720354	15176905347250422598	16355715092376369719	-10316.7597656250	0.0000000000	60.5230569293	74.8307067603
68	38	2102232313053957989	13102877500905252749	6836788875096890831	14281003976078929022	-10316.7626953125	0.0000000000	34.7881734474	60.7573648382
4	58	8097248218632962140	15018428760318362298	548922976288535072	9307616980135148063	-10316.7724609375	0.0000000000	82.9178886043	46.7212752421
36	51	6949163309424221588	18331383289331445001	7186835179624256355	15464827557040708349	-10316.7734375000	0.0000000000	61.1937330223	51.3397459588
70	39	2050456454754125474	4699872589231047194	504002689947385488	7400598283818989123	-10316.7910156250	0.0000000000	32.8910581468	60.5543069293
32	54	5088468608694452078	16717900351085550691	162435603308369061	7261217114629645237	-10316.8398437500	0.0000000000	62.3886825598	49.6028874572
71	1	3014024255359366061	11209614143821053939	2582406359304538590	7219828953706444644	-10316.8886718750	0.0000000000	27.7238676619	91.9049074214
55	54	4752631359404694832	16717900351085550691	1756274951636500914	9513008532419995419	-10316.9667968750	0.0000000000	49.6672804092	49.7298405822
70	58	2050456454754125474	15018428760318362298	1618774836939510072	16037865627267103571	-10317.0058593750	0.0000000000	33.1059018968	46.9546736796
29	41	2590246260731145299	17465034485350747349	873304178909650649	10827850848770637892	-10317.0244140625	0.0000000000	64.6954269109	60.1712263897
19	56	15210271395121730115	16852385624946083254	11701604206288238576	15724478078688660838	-10317.0361328125	0.0000000000	73.5997348921	48.0760672106
49	50	5851501803797438112	13440359719910072822	4589034376364771173	16746259242985224479	-10317.0820312500	0.0000000000	52.1225723987	51.9357559414
45	9	2304489905002361840	6647163709767477061	7145738924987694100	9968697071832192657	-10317.1669921875	0.0000000000	55.5717419589	79.6450805800
49	41	5851501803797438112	17465034485350747349	846266497873879746	7745182146869614697	-10317.2236328125	0.0000000000	52.2641739612	60.3704451397
64	1	9223212027600555165	11209614143821053939	16551799438072842041	16883748666905710777	-10317.2470703125	0.0000000000	44.4189033905	92.2633058589
48	22	12462430359799399029	17771635600684448131	9165140514289257356	10906104182847566133	-10317.2597656250	0.0000000000	52.3606207212	70.4969344138
9	46	6647163709767477061	12535374395063084085	5658102093965673926	14480289453368706993	-10317.2988281250	0.0000000000	79.7769165175	54.8146751069
10	50	5125778371293291106	13440359719910072822	7141272428090351559	10836595250690468754	-10317.3017578125	0.0000000000	78.1802986519	52.1554825039
46	69	12535374395063084085	13298563719198658168	1017855600473767060	2371141174535709216	-10317.3251953125	0.0000000000	54.8410422944	33.6701757540
62	9	5734407459137869133	6647163709767477061	3835798541468071010	5776643137751526965	-10317.3486328125	0.0000000000	46.0088882277	79.8267212050
62	30	5734407459137869133	5860122236468879057	3835798541468071010	12177481872788310253	-10317.3486328125	0.0000000000	46.0088882277	64.4186267387
31	25	5431396170490344121	15270237447969908554	13615701728759721178	13641888893123514910	-10317.3593750000	0.0000000000	63.1700368672	69.0092877171
62	50	5734407459137869133	13440359719910072822	15131241937847260489	17908364249897381918	-10317.4179687500	0.0000000000	46.0782241652	52.2716934414
4	69	8097248218632962140	13298563719198658168	1502921430220616615	18399095560729174906	-10317.5361328125	0.0000000000	83.6815604793	33.8811132540
70	0	2050456454754125474	10165324746644879865	9884632116740088389	13948608759806618850	-10317.5507812500	0.0000000000	33.6508237718	98.4132524984
67	69	5624815467740092251	13298563719198658168	12289802394774957333	17466605671430940454	-10317.6074218750	0.0000000000	36.5950881547	33.9524023165
52	55	3396079651100282447	4752631359404694832	453275692079330841	6276634816617920822	-10317.6093750000	0.0000000000	52.0855910763	50.3098585342
67	7	5624815467740092251	11117569714726431401	15180541151615803792	17807075717615492486	-10317.7294921875	0.0000000000	36.7171584672	82.8990779459
52	41	3396079651100282447	17465034485350747349	13244287046369888213	14247783356438075667	-10317.7500000000	0.0000000000	52.2262160763	60.8968123272
65	11	2994375602573030521	4089866445876100708	14273668841219852344	17712728359854233927	-10317.7597656250	0.0000000000	39.0443578437	77.8387847348
14	62	5693540783912640859	5734407459137869133	8198189639592872137	14686231687199349497	-10317.7695312500	0.0000000000	76.0895255033	46.4297866652
30	19	5860122236468879057	15210271395121730115	2064076009253658446	15503689823814299208	-10317.7939453125	0.0000000000	64.8639392387	74.3575473921
11	59	4089866445876100708	7601657687808359178	6893667111254170500	8099924817615950194	-10317.8398437500	0.0000000000	77.9188628598	46.9182934400
45	38	2304489905002361840	13102877500905252749	3841486250534386489	14364969852395121044	-10317.8408203125	0.0000000000	56.2455700839	61.8354898382
52	37	3396079651100282447	14773085639508646864	5572870072949806330	8743164485232769807	-10317.8466796875	0.0000000000	52.3228957638	62.2623422081
57	51	15092668313978089557	18331383289331445001	2350800804375208028	16237774297554002291	-10317.8603515625	0.0000000000	48.4947498796	52.4266600213
31	62	5431396170490344121	5734407459137869133	10723858264289954319	13422062651289053226	-10318.1142578125	0.0000000000	63.9249196797	46.7745132277
63	23	11431609380208423339	18425980509938217647	2173060338105240907	2517252516177773127	-10318.1308593750	0.0000000000	45.7035717829	71.2612019578
7	56	11117569714726431401	16852385624946083254	5787520593004700485	11912980868683306557	-10318.1386718750	0.0000000000	83.3082576334	49.1786062731
47	13	2491649972309366993	9388353752879206249	8590867384874169702	15262002036294558604	-10318.1923828125	0.0000000000	54.5008479378	76.7670190204
71	39	3014024255359366061	4699872589231047194	10118415594345022325	15176905347250422598	-10318.2480468750	0.0000000000	29.0832426619	62.0113381793
70	49	2050456454754125474	5851501803797438112	11231111172647093145	12092903853547627577	-10318.2626953125	0.0000000000	34.3627378343	53.3032364612
17	27	5868884973666812058	9460063871844575253	4915894457490875847	15863763265239637587	-10318.3007812500	0.0000000000	75.6708882856	69.0504390275
30	28	5860122236468879057	15238071704247467969	8469097087585174317	14070023556833900405	-10318.3154296875	0.0000000000	65.3854236137	67.7959982968
21	50	6062790282938113025	13440359719910072822	8365544867039338069	17896832481871608603	-10318.3300781250	0.0000000000	74.8529378051	53.1838028164
56	26	16852385624946083254	17548949165766628857	4854076233570737706	6149153992273925190	-10318.3447265625	0.0000000000	49.3846609606	69.1527343228
13	51	9388353752879206249	18331383289331445001	2246919944371977234	2334220332023688969	-10318.3935546875	0.0000000000	76.9681908954	52.9598631463
72	51	12804849303602132009	18331383289331445001	4985918538108082636	8088925316269131286	-10318.3955078125	0.0000000000	26.2061799355	52.9618162713
35	42	6484463227862144676	13278762253849637909	5488790709635302946	7827334843931997740	-10318.4355468750	0.0000000000	62.9287700176	59.1188966558
30	59	5860122236468879057	7601657687808359178	4915344578035997824	9798356564510407417	-10318.4462890625	0.0000000000	65.5162829887	47.5247387525
27	48	9460063871844575253	12462430359799399029	5119172404092140005	12049675474414633928	-10318.4814453125	0.0000000000	69.2311030900	53.5823004087
71	12	3014024255359366061	3464689620348449069	6753857923879285636	12044590443486544041	-10318.4960937500	0.0000000000	29.3312895369	78.4285049804
8	49	2338638558934973707	5851501803797438112	6029457820764931488	15035811868171982205	-10318.5351562500	0.0000000000	81.7850179288	53.5756973987
15	61	2021587758018320124	9568516022596562606	2644968058904970979	15195389205317774422	-10318.5849609375	0.0000000000	76.6603251485	47.3835522152
21	51	6062790282938113025	18331383289331445001	7994881223021190746	11902676895933935321	-10318.7060546875	0.0000000000	75.2289143676	53.2723631463
1	69	11209614143821053939	13298563719198658168	4590495973057290812	9954869934654047675	-10318.7246093750	0.0000000000	93.7408449214	35.0695898165
10	73	5125778371293291106	10425554880302643908	2864705884638607576	10425554880302643908	-10318.7558593750	0.0000000000	79.6344002144	0.1544447783
64	40	9223212027600555165	11472758483394683188	10470164238936333149	16516829549687434566	-10318.7792968750	0.0000000000	45.9511299530	62.0666998227
65	72	2994375602573030521	12804849303602132009	11145364714686379471	13297939784343466170	-10318.7812500000	0.0000000000	40.0658422187	26.5919221230
73	16	10425554880302643908	16863307900853720354	10171511159978296235	10425554880302643908	-10318.8105468750	0.0000000000	0.2091322783	76.8814880103
12	62	3464689620348449069	5734407459137869133	13837967062843493249	16459236239636412356	-10318.8173828125	0.0000000000	78.7497940429	47.4776382277
31	63	5431396170490344121	11431609380208423339	768161092922165959	6580294284173678784	-10318.8769531250	0.0000000000	64.6876149922	46.4496655329
33	51	5883306076231458735	18331383289331445001	848953832799870619	17898096646525225376	-10318.8994140625	0.0000000000	64.4330441814	53.4657225213
18	48	1973719994620597956	12462430359799399029	720166922962864810	16271297282424416955	-10318.9160156250	0.0000000000	76.2662114781	54.0168707212
71	59	3014024255359366061	7601657687808359178	2748786201603288955	18142072539061403839	-10319.0332031250	0.0000000000	29.8683989119	48.1116528150
67	0	5624815467740092251	10165324746644879865	7057402547865206421	18268626485684564492	-10319.0380859375	0.0000000000	38.0257522172	99.9005571859
27	50	9460063871844575253	13440359719910072822	10317619923217082861	11432157841818364834	-10319.0449218750	0.0000000000	69.7945796525	53.8986465664
55	14	4752631359404694832	5693540783912640859	10524207669888824608	14313321904962068184	-10319.1962890625	0.0000000000	51.8967725967	77.5162833158
63	38	11431609380208423339	13102877500905252749	5076243112396753099	16369688983272983235	-10319.2128906250	0.0000000000	46.7856030329	63.2075601507
68	3	2102232313053957989	2400508826370169201	10264821569278704351	11789453725813710879	-10319.3525390625	0.0000000000	37.3780171974	90.6951683340
4	61	8097248218632962140	9568516022596562606	4989145660660202192	9691325851355056885	-10319.3730468750	0.0000000000	85.5184745418	48.1716381527
59	40	7601657687808359178	11472758483394683188	3065181253806431906	4242830450288348469	-10319.3798828125	0.0000000000	48.4583325025	62.6672857602
71	52	3014024255359366061	3396079651100282447	8265935176617530868	17639181935691661939	-10319.5058593750	0.0000000000	30.3410551619	53.9820754513
19	41	15210271395121730115	17465034485350747349	12727009015499627466	17504658407423743431	-10319.6123046875	0.0000000000	76.1759067671	62.7591170147
11	57	4089866445876100708	15092668313978089557	15741389066838447033	16192816465473386794	-10319.6503906250	0.0000000000	79.7294097348	50.2847889421
14	38	5693540783912640859	13102877500905252749	12300947398597705719	16350944574017525204	-10319.6640625000	0.0000000000	77.9840567533	63.6587320257
45	13	2304489905002361840	9388353752879206249	3428370769594567395	7875093463510140065	-10319.6816406250	0.0000000000	58.0863903964	78.2562768329
31	56	5431396170490344121	16852385624946083254	12740873378824429417	13859963998745022642	-10319.7568359375	0.0000000000	65.5674978047	50.7967703356
11	69	4089866445876100708	13298563719198658168	5503443414799819950	16696464241457684975	-10319.7988281250	0.0000000000	79.8778472348	36.1438085665
15	63	2021587758018320124	11431609380208423339	5167192025495252281	5338085447109649336	-10319.8242187500	0.0000000000	77.8995829610	47.3969311579
49	33	5851501803797438112	5883306076231458735	6273361403806197721	16732015625183626842	-10319.8798828125	0.0000000000	54.9204239612	65.4135129314
69	26	13298563719198658168	17548949165766628857	697967736018341234	13876832641617844804	-10319.9062500000	0.0000000000	36.2512304415	70.7142577603
66	56	1241156098068793816	16852385624946083254	2997703030295476318	3973808808036365454	-10319.9765625000	0.0000000000	39.5950501781	51.0164968981
70	3	2050456454754125474	2400508826370169201	273850306027023312	16151140876236473250	-10319.9833984375	0.0000000000	36.0834409593	91.3260277090
8	43	2338638558934973707	11399600364733442468	769731384882876458	16494985265779926421	-10320.0068359375	0.0000000000	83.2566976163	60.4870089157
52	62	3396079651100282447	5734407459137869133	1511242010402474192	16002074162323702827	-10320.0380859375	0.0000000000	54.5143020138	48.6983413527
52	9	3396079651100282447	6647163709767477061	16410203469826643889	17890580564597402767	-10320.0419921875	0.0000000000	54.5182082638	82.5200805800
1	34	11209614143821053939	11978150189334513253	9864840567048768219	10728301348634920838	-10320.0683593750	0.0000000000	95.0845949214	64.6184849581
71	5	3014024255359366061	17841368144436045441	1798691756555363882	12514810848993704019	-10320.1738281250	0.0000000000	31.0090239119	86.0433791301
71	0	3014024255359366061	10165324746644879865	17855843271996476264	17917087069138635346	-10320.1796875000	0.0000000000	31.0148832869	101.0421587484
71	69	3014024255359366061	13298563719198658168	8414482778196532429	17917087069138635346	-10320.1796875000	0.0000000000	31.0148832869	36.5246679415
31	61	5431396170490344121	9568516022596562606	7719188468533257301	12146539547861968348	-10320.1875000000	0.0000000000	65.9981618672	48.9860912777
29	69	2590246260731145299	13298563719198658168	2013647466455518759	6606387878427878598	-10320.2148437500	0.0000000000	67.8858565984	36.5598241915
47	65	2491649972309366993	2994375602573030521	4531133708035111911	17078306459973613600	-10320.3671875000	0.0000000000	56.6756526253	41.6517797187
47	14	2491649972309366993	5693540783912640859	861960662174598932	18403361889877503831	-10320.3974609375	0.0000000000	56.7059260628	78.7174551908
47	57	2491649972309366993	15092668313978089557	9106946317688710359	16728440801168495320	-10320.4404296875	0.0000000000	56.7488948128	51.0748280046
47	62	2491649972309366993	5734407459137869133	5371779225881265120	16728440801168495320	-10320.4404296875	0.0000000000	56.7488948128	49.1006851027
59	63	7601657687808359178	11431609380208423339	6424352619378429084	10608182496887514691	-10320.4736328125	0.0000000000	49.5520825025	48.0463452204
73	1	10425554880302643908	11209614143821053939	2053684438703719822	17664294241476746103	-10320.4863281250	0.0000000000	1.8849135283	95.5025636714
53	19	13619337383230444990	15210271395121730115	4421888746639303042	17060016285739293970	-10320.5175781250	0.0000000000	54.3960538131	77.0811802046
7	57	11117569714726431401	15092668313978089557	8910878074554600810	10676695078918729420	-10320.5468750000	0.0000000000	85.7164607584	51.1812733171
17	51	5868884973666812058	18331383289331445001	12364744745315532055	13527783620085815316	-10320.5585937500	0.0000000000	77.9287007856	55.1249022088
10	56	5125778371293291106	16852385624946083254	1429813873513615061	15879500322935506858	-10320.6093750000	0.0000000000	81.4879158394	51.6493093981
44	56	11072636854126668426	16852385624946083254	6265468422447769240	7842688516464321658	-10320.6093750000	0.0000000000	60.5914770323	51.6493093981
59	48	7601657687808359178	12462430359799399029	4217349236338893408	17897245171635285480	-10320.8222656250	0.0000000000	49.9007153150	55.9231207212
64	51	9223212027600555165	18331383289331445001	4448714754537731719	8423923386419639256	-10320.9208984375	0.0000000000	48.0927315155	55.4872068963
65	1	2994375602573030521	11209614143821053939	8496676610456679604	10853512212644806272	-10320.9501953125	0.0000000000	42.2347875312	95.9664308589
72	2	12804849303602132009	15833357601308018089	1570821654213932569	6125481624299237913	-10321.0722656250	0.0000000000	28.8829377480	94.3013198805
21	69	6062790282938113025	13298563719198658168	8355913948952758200	17713724001296730059	-10321.1328125000	0.0000000000	77.6556721801	37.4777929415
43	56	11399600364733442468	16852385624946083254	17095993716567010375	17112883531385899506	-10321.1435546875	0.0000000000	61.6237276657	52.1834890856
4	41	8097248218632962140	17465034485350747349	5699509133217489735	9779526670491353652	-10321.3134765625	0.0000000000	87.4589042293	64.4602888897
68	32	2102232313053957989	5088468608694452078	2801652570323745873	13725538008246711418	-10321.3291015625	0.0000000000	39.3545796974	66.8779403723
7	69	11117569714726431401	13298563719198658168	7032074648262350722	11994132687518595956	-10321.4414062500	0.0000000000	86.6109920084	37.7863866915
31	59	5431396170490344121	7601657687808359178	5471132623652310791	8955677317880007114	-10321.4667968750	0.0000000000	67.2774587422	50.5452465650
73	58	10425554880302643908	15018428760318362298	1016704473987721532	15015746393899998105	-10321.4687500000	0.0000000000	2.8673354033	51.4175643046
10	41	5125778371293291106	17465034485350747349	4797768918045573214	14722535317792499856	-10321.5341796875	0.0000000000	82.4127205269	64.6809920147
11	43	4089866445876100708	11399600364733442468	4598261509300500760	6880206033495800214	-10321.5751953125	0.0000000000	81.6542144223	62.0553682907
35	63	6484463227862144676	11431609380208423339	602822874777888394	1989023635018847608	-10321.5830078125	0.0000000000	66.0762309551	49.1557202204
38	58	13102877500905252749	15018428760318362298	5076243112396753099	14047150814689945258	-10321.5927734375	0.0000000000	65.5874429632	51.5415877421
15	26	2021587758018320124	17548949165766628857	5044497608558103194	6059634610256086837	-10321.6484375000	0.0000000000	79.7238017110	72.4564452603
66	11	1241156098068793816	4089866445876100708	5230822580761232104	10214317819664413927	-10321.6542968750	0.0000000000	41.2727845531	81.7333159848
65	6	2994375602573030521	13028795077775133422	10620693762303694586	14174880415432714940	-10321.6884765625	0.0000000000	42.9730687812	87.0347303293
24	72	1578537932394219965	12804849303602132009	4369348395904574615	7734655221929452796	-10321.7841796875	0.0000000000	73.5112023843	29.5948518105
65	30	2994375602573030521	5860122236468879057	4877374644248564555	15340765284512685738	-10321.8623046875	0.0000000000	43.1468969062	68.9322986137
55	46	4752631359404694832	12535374395063084085	4873687399066651822	7279146411803274526	-10321.9824218750	0.0000000000	54.6829054092	59.4982688569
14	61	5693540783912640859	9568516022596562606	4968289283739947885	10785829023388803754	-10321.9843750000	0.0000000000	80.3043692533	50.7829662777
21	63	6062790282938113025	11431609380208423339	2855592516581620584	7384841519783816804	-10322.0156250000	0.0000000000	78.5384846801	49.5883374079
71	6	3014024255359366061	13028795077775133422	13080211503980584635	13289795405764104702	-10322.0468750000	0.0000000000	32.8820707869	87.3931287668
7	58	11117569714726431401	15018428760318362298	2186592498226009956	14960559887180427774	-10322.0917968750	0.0000000000	87.2613826334	52.0406111796
68	47	2102232313053957989	2491649972309366993	4036027823950210651	18211627675675673222	-10322.1494140625	0.0000000000	40.1748921974	58.4578791878
8	32	2338638558934973707	5088468608694452078	5917138294637138680	11471609960529073410	-10322.2099609375	0.0000000000	85.4598226163	67.7587997473
47	52	2491649972309366993	3396079651100282447	1652446375184617513	1705386588540525060	-10322.3037109375	0.0000000000	58.6121760628	56.7799270138
14	25	5693540783912640859	15270237447969908554	5797135471216106799	16575712289034749267	-10322.4765625000	0.0000000000	80.7965567533	74.1264752171
37	51	14773085639508646864	18331383289331445001	12549291052304481038	17099271288315553230	-10322.4921875000	0.0000000000	66.9078500206	57.0584959588
43	6	11399600364733442468	13028795077775133422	2362318273724519495	10970765091251847388	-10322.5498046875	0.0000000000	63.0299776657	87.8960584543
47	5	2491649972309366993	17841368144436045441	6697591133979858656	12270850589567886977	-10322.6279296875	0.0000000000	58.9363948128	88.4974806926
73	37	10425554880302643908	14773085639508646864	1533109628521643187	12040413532169148577	-10322.6367187500	0.0000000000	4.0353041533	67.0523812706
53	51	13619337383230444990	18331383289331445001	11994648980207556775	16876598516290189540	-10322.7626953125	0.0000000000	56.6411710006	57.3290037713
66	0	1241156098068793816	10165324746644879865	2008907705384475821	14626991974149952234	-10322.7822265625	0.0000000000	42.4007142406	103.6446978109
71	46	3014024255359366061	12535374395063084085	8265935176617530868	18143250527214901982	-10322.8320312500	0.0000000000	33.6672270369	60.3478782319
8	57	2338638558934973707	15092668313978089557	11237613742230980870	13325285612949297704	-10322.9257812500	0.0000000000	86.1756429288	53.5601795671
70	35	2050456454754125474	6484463227862144676	303156186771431723	18322582275277670403	-10323.0332031250	0.0000000000	39.1332456468	67.5264262676
13	73	9388353752879206249	10425554880302643908	1766055293444192800	17664294241476746103	-10323.0732421875	0.0000000000	81.6478783954	4.4718275908
45	31	2304489905002361840	5431396170490344121	10223611881198905610	18405365708160824529	-10323.3212890625	0.0000000000	61.7260388339	69.1319509297
19	54	15210271395121730115	16717900351085550691	10584067333671155279	12645898776083200500	-10323.4951171875	0.0000000000	80.0587192671	56.2581608947
46	6	12535374395063084085	13028795077775133422	7632885653923099994	17732053248028579244	-10323.5068359375	0.0000000000	61.0226829194	88.8530897043
73	51	10425554880302643908	18331383289331445001	10425554880302643908	18093085913147238199	-10323.5263671875	0.0000000000	4.9249525908	58.0926756463
39	72	4699872589231047194	12804849303602132009	15888129987381766540	16288063027032103475	-10323.5898437500	0.0000000000	67.3531350543	31.4005158730
18	73	1973719994620597956	10425554880302643908	796250218532322052	15426342324762682745	-10323.6679687500	0.0000000000	81.0181646031	5.0665541533
7	63	11117569714726431401	11431609380208423339	2555659501274320699	16937382948494683636	-10323.6972656250	0.0000000000	88.8668513834	51.2699780329
6	57	13028795077775133422	15092668313978089557	4605727182407983431	17842029938195399651	-10323.7255859375	0.0000000000	89.0718397043	54.3599842546
52	72	3396079651100282447	12804849303602132009	4981431173490545197	7667390769889955882	-10323.7412109375	0.0000000000	58.2174270138	31.5518830605
61	6	9568516022596562606	13028795077775133422	8719352859321409071	17252531052140113559	-10323.7988281250	0.0000000000	52.5974194027	89.1450818918
65	38	2994375602573030521	13102877500905252749	6281784954619284651	10775863918788347500	-10323.8613281250	0.0000000000	45.1459203437	67.8559976507
38	19	13102877500905252749	15210271395121730115	10788198248622757058	15735936522872092473	-10323.8935546875	0.0000000000	67.8882242132	80.4571567671
60	10	2376575417863135000	5125778371293291106	2199302645375871853	11555187039577326985	-10323.9218750000	0.0000000000	52.9614874804	84.8004158394
57	23	15092668313978089557	18425980509938217647	12083016657464715395	14390408766778823795	-10324.0273437500	0.0000000000	54.6617420671	77.1576863328
70	30	2050456454754125474	5860122236468879057	1164340204651625622	2568969605090886430	-10324.0957031250	0.0000000000	40.1957456468	71.1656970512
60	73	2376575417863135000	10425554880302643908	4825416397991985297	14895491527907031254	-10324.1123046875	0.0000000000	53.1519171679	5.5108900908
50	41	13440359719910072822	17465034485350747349	5288256155692056298	15569487841843358243	-10324.1855468750	0.0000000000	59.0392715664	67.3323592022
36	69	6949163309424221588	13298563719198658168	13156768643114599971	15935139949912726207	-10324.2832031250	0.0000000000	68.7034986473	40.6281835665
43	50	11399600364733442468	13440359719910072822	941164632604959527	8313827777478903608	-10324.3212890625	0.0000000000	64.8014620407	59.1750137539
27	53	9460063871844575253	13619337383230444990	6393086618168487571	14251071884430419092	-10324.3310546875	0.0000000000	75.0807124650	58.2095303756
24	63	1578537932394219965	11431609380208423339	8632981617154603038	13866967848576060039	-10324.4697265625	0.0000000000	76.1967492593	52.0424389704
43	38	11399600364733442468	13102877500905252749	2359383006638013484	13380961394731784048	-10324.5498046875	0.0000000000	65.0299776657	68.5444742132
62	20	5734407459137869133	6461476422044957467	3824054049705980635	11968010303503927234	-10324.5888671875	0.0000000000	53.2491226027	81.1479146253
68	4	2102232313053957989	8097248218632962140	5379720191319410265	6045504513350046857	-10324.5888671875	0.0000000000	42.6143453224	90.7342948543
13	69	9388353752879206249	13298563719198658168	376499828607524067	9175638446570716527	-10324.6298828125	0.0000000000	83.2045190204	40.9748632540
70	23	2050456454754125474	18425980509938217647	13002150940151723448	16272572509139430639	-10324.6318359375	0.0000000000	40.7318784593	77.7621785203
47	29	2491649972309366993	2590246260731145299	6115409281834173462	7797297355592530285	-10324.6845703125	0.0000000000	60.9930354378	72.3555831609
48	6	12462430359799399029	13028795077775133422	1596836438992787889	13079523272807022623	-10324.7285156250	0.0000000000	59.8293707212	90.0747693918
11	64	4089866445876100708	9223212027600555165	472077455901071291	13516196863468347245	-10324.7587890625	0.0000000000	84.8378081723	51.9306221405
35	48	6484463227862144676	12462430359799399029	11322701051721370436	17581743691153688775	-10324.7880859375	0.0000000000	69.2813090801	59.8889410337
3	73	2400508826370169201	10425554880302643908	13214433382427241287	16692758836720862709	-10324.7900390625	0.0000000000	96.1326683340	6.1886244658
33	44	5883306076231458735	11072636854126668426	2514282751177677037	9113198340796701464	-10324.9121093750	0.0000000000	70.4457394939	64.8942114073
55	16	4752631359404694832	16863307900853720354	4792952764686675421	4988309596454387889	-10324.9169921875	0.0000000000	57.6174757217	82.9879333228
63	42	11431609380208423339	13278762253849637909	1785955455668868583	7542533505036840126	-10324.9814453125	0.0000000000	52.5541577204	65.6647950933
52	35	3396079651100282447	6484463227862144676	12809816436160049622	15422298193678827548	-10325.0244140625	0.0000000000	59.5006301388	69.5176372051
62	22	5734407459137869133	17771635600684448131	8951850901008911146	13473485108286731331	-10325.0898437500	0.0000000000	53.7500991652	78.3270125388
67	20	5624815467740092251	6461476422044957467	10403435882225757693	14921085201859027927	-10325.3115234375	0.0000000000	44.2991897172	81.8705708753
67	30	5624815467740092251	5860122236468879057	1830640981570284392	14921085201859027927	-10325.3115234375	0.0000000000	44.2991897172	72.3815173637
62	64	5734407459137869133	9223212027600555165	9732258677368040487	12442947229655789476	-10325.3554687500	0.0000000000	54.0157241652	52.5273018280
15	35	2021587758018320124	6484463227862144676	476458679256487591	2293782868922748387	-10325.3662109375	0.0000000000	83.4415751485	69.8594340801
61	41	9568516022596562606	17465034485350747349	6595220112250262330	13428572674112991758	-10325.3681640625	0.0000000000	54.1667553402	68.5149763897
62	36	5734407459137869133	6949163309424221588	6148858629252598425	12970462759485144441	-10325.3837890625	0.0000000000	54.0440444777	69.8040845848
67	2	5624815467740092251	15833357601308018089	9121617899117382399	12182675599592117584	-10325.4609375000	0.0000000000	44.4486037797	98.6899917555
3	53	2400508826370169201	13619337383230444990	7697651834424785079	9941071715462539965	-10325.5146484375	0.0000000000	96.8572777090	59.3931241256
29	72	2590246260731145299	12804849303602132009	11043475290616467405	14493551916689458735	-10325.5322265625	0.0000000000	73.2032394109	33.3428986855
43	58	11399600364733442468	15018428760318362298	5502365266936779947	6998857430203451487	-10325.5537109375	0.0000000000	66.0338839157	55.5025252421
7	51	11117569714726431401	18331383289331445001	8150427494382781689	15510619311495228302	-10325.6025390625	0.0000000000	90.7721248209	60.1688475213
3	69	2400508826370169201	13298563719198658168	1260468756554571948	17404749603717562619	-10325.6875000000	0.0000000000	97.0301292715	42.0324804415
15	69	2021587758018320124	13298563719198658168	9466736107324254802	16033620394611443298	-10325.7353515625	0.0000000000	83.8107157735	42.0803320040
61	7	9568516022596562606	11117569714726431401	14199708389300072575	15385569233206897114	-10325.8066406250	0.0000000000	54.6052319027	90.9762263834
37	26	14773085639508646864	17548949165766628857	1892308034936525290	15260947000006731009	-10325.9736328125	0.0000000000	70.3892953331	76.7816405728
55	19	4752631359404694832	15210271395121730115	5203726302744302330	8342432795163411460	-10325.9736328125	0.0000000000	58.6741163467	82.5372348921
55	49	4752631359404694832	5851501803797438112	2651760083854943210	5203726302744302330	-10326.0937500000	0.0000000000	58.7942335342	61.1342911487
43	2	11399600364733442468	15833357601308018089	719484390717860677	10722686843601528455	-10326.2412109375	0.0000000000	66.7213839157	99.4702651930
29	71	2590246260731145299	3014024255359366061	342949772721751430	9098892861581283146	-10326.2978515625	0.0000000000	73.9688644109	37.1330473494
18	60	1973719994620597956	2376575417863135000	3098800133475421006	12308793892834599380	-10326.4003906250	0.0000000000	83.7505864781	55.4400031054
50	58	13440359719910072822	15018428760318362298	4718679740772332040	12583318236064125908	-10326.4208984375	0.0000000000	61.2746231289	56.3697127421
43	41	11399600364733442468	17465034485350747349	10440055462153808135	14968173951805116149	-10326.4267578125	0.0000000000	66.9069307907	69.5735701397
10	53	5125778371293291106	13619337383230444990	12019735878168196015	15131963517183231849	-10326.4365234375	0.0000000000	87.3150642769	60.3149991256
65	13	2994375602573030521	9388353752879206249	2709412469688203180	18342648719759206812	-10326.4707031250	0.0000000000	47.7552953437	85.0453393329
65	14	2994375602573030521	5693540783912640859	2709412469688203180	14877941269743102192	-10326.4707031250	0.0000000000	47.7552953437	84.7906973783
8	73	2338638558934973707	10425554880302643908	413524807990019577	17664294241476746103	-10326.7226562500	0.0000000000	89.9725179288	8.1212416533
17	35	5868884973666812058	6484463227862144676	336243787551885863	10628074836271098575	-10326.8828125000	0.0000000000	84.2529195356	71.3760356426
46	72	12535374395063084085	12804849303602132009	2482261445065064932	7933771367631528513	-10326.9160156250	0.0000000000	64.4318626069	34.7266877480
61	50	9568516022596562606	13440359719910072822	3733021012978287839	15308173561678051479	-10326.9179687500	0.0000000000	55.7165600277	61.7716934414
68	7	2102232313053957989	11117569714726431401	6570590703089917792	14509278593734082972	-10326.9716796875	0.0000000000	44.9971578224	92.1412654459
32	56	5088468608694452078	16852385624946083254	3971668593370226209	5572071975557128420	-10326.9902343750	0.0000000000	72.5390731848	58.0301687731
20	35	6461476422044957467	6484463227862144676	4134552146996896852	17865141889750136579	-10327.0107421875	0.0000000000	83.5697896253	71.5039653301
66	41	1241156098068793816	17465034485350747349	750714920972414789	14839351541811083132	-10327.0498046875	0.0000000000	46.6682923656	70.1966170147
31	57	5431396170490344121	15092668313978089557	7121592921337556365	13773787884560030323	-10327.0917968750	0.0000000000	72.9024587422	57.7261951921
66	27	1241156098068793816	9460063871844575253	8677651028421272507	17881951919126424848	-10327.0947265625	0.0000000000	46.7132142406	77.8443843400
60	61	2376575417863135000	9568516022596562606	7557285096433919341	11555187039577326985	-10327.2558593750	0.0000000000	56.2954718554	56.0544506527
57	54	15092668313978089557	16717900351085550691	813348016325980444	4203578619670406998	-10327.3037109375	0.0000000000	57.9381092546	60.0667546447
24	44	1578537932394219965	11072636854126668426	9826275938647949049	13661795304495689723	-10327.3339843750	0.0000000000	79.0610070718	67.3160864073
35	4	6484463227862144676	8097248218632962140	10021735867952767214	16281347993340725932	-10327.3535156250	0.0000000000	71.8467387676	93.4989432918
73	19	10425554880302643908	15210271395121730115	12688982163479926650	17236291495887294903	-10327.4912109375	0.0000000000	8.8897963408	84.0548130171
69	5	13298563719198658168	17841368144436045441	4904818223670746938	14416996806369433767	-10327.5410156250	0.0000000000	43.8859960665	93.4105666301
61	48	9568516022596562606	12462430359799399029	6071916668508708653	15587831136497524358	-10327.6582031250	0.0000000000	56.4567944027	62.7590582212
55	4	4752631359404694832	8097248218632962140	7789136746791648441	9705577469125323766	-10327.7304687500	0.0000000000	60.4309522842	93.8758964168
48	26	12462430359799399029	17548949165766628857	5261566118049741162	13831410479087433661	-10327.8330078125	0.0000000000	62.9338629087	78.6410155728
18	31	1973719994620597956	5431396170490344121	360888407057281798	3379059380870242535	-10327.9619140625	0.0000000000	85.3121099156	73.7725759297
71	40	3014024255359366061	11472758483394683188	7987363292709132165	18384752524606528600	-10327.9941406250	0.0000000000	38.8293364119	71.2815435727
36	72	6949163309424221588	12804849303602132009	11969324867512909473	13291706969645848917	-10327.9951171875	0.0000000000	72.4154127098	35.8057893105
70	1	2050456454754125474	11209614143821053939	8335097803709693908	17550532321108080965	-10328.0322265625	0.0000000000	44.1322690843	103.0484621089
71	61	3014024255359366061	9568516022596562606	334506243065580582	17082767778631370717	-10328.0625000000	0.0000000000	38.8976957869	56.8610912777
53	5	13619337383230444990	17841368144436045441	14350840265809993507	17622740212050509732	-10328.0800781250	0.0000000000	61.9585538131	93.9496291301
49	72	5851501803797438112	12804849303602132009	7933771367631528513	7949836339575649876	-10328.2138671875	0.0000000000	63.2544083362	36.0245393105
71	57	3014024255359366061	15092668313978089557	1142037923491959547	6439779739204591216	-10328.3203125000	0.0000000000	39.1555082869	58.9547108171
49	28	5851501803797438112	15238071704247467969	15005590088714550694	16664405914067038804	-10328.3535156250	0.0000000000	63.3940567737	77.8340842343
33	72	5883306076231458735	12804849303602132009	6594528933148261380	15875919873943883361	-10328.6123046875	0.0000000000	74.1459348064	36.4229768105
41	26	17465034485350747349	17548949165766628857	5153628130625523700	7286536660735198984	-10328.6250000000	0.0000000000	71.7718123272	79.4330077603
36	58	6949163309424221588	15018428760318362298	2358271859368795114	9982315971186264181	-10328.6259765625	0.0000000000	73.0462720848	58.5747908671
10	9	5125778371293291106	6647163709767477061	6072048655629981319	6170666720936463150	-10328.6367187500	0.0000000000	89.5152595894	91.1148071425
55	42	4752631359404694832	13278762253849637909	13013644997189340128	14819738768444983429	-10328.7851562500	0.0000000000	61.4856397842	69.4685060308
60	4	2376575417863135000	8097248218632962140	4361078820376433699	9014997778884712003	-10329.0097656250	0.0000000000	58.0493781054	95.1551932918
59	73	7601657687808359178	10425554880302643908	13256906506755051653	14810293239804383172	-10329.0517578125	0.0000000000	58.1302075025	10.4503432158
35	72	6484463227862144676	12804849303602132009	5291507221096969084	14563322854677061054	-10329.0546875000	0.0000000000	73.5479106426	36.8653596230
0	73	10165324746644879865	10425554880302643908	12025146194093765220	15033008703915922147	-10329.2939453125	0.0000000000	110.1564165609	10.6925307158
46	38	12535374395063084085	13102877500905252749	2536460304065238823	10845243715534618598	-10329.3789062500	0.0000000000	66.8947532319	73.3735757757
39	67	4699872589231047194	5624815467740092251	6882320111147842074	9840424967720739362	-10329.4091796875	0.0000000000	73.1724709918	48.3968459672
60	62	2376575417863135000	5734407459137869133	11718103002948307903	15990379088288539119	-10329.4638671875	0.0000000000	58.5034796679	58.1241226027
39	50	4699872589231047194	13440359719910072822	1584893159610246583	8212283081058105485	-10329.5781250000	0.0000000000	73.3414163043	64.4318496914
46	54	12535374395063084085	16717900351085550691	726152424272048422	2246938642609243028	-10329.8906250000	0.0000000000	67.4064719819	62.6536687072
51	23	18331383289331445001	18425980509938217647	6892654761473796809	8138196635992538762	-10329.9248046875	0.0000000000	64.4911131463	83.0551472703
69	51	13298563719198658168	18331383289331445001	3131909694033166950	17906704787971572667	-10330.0595703125	0.0000000000	46.4045507540	64.6258787713
70	11	2050456454754125474	4089866445876100708	6651272638501550910	16788635709322170455	-10330.1035156250	0.0000000000	46.2035581468	90.1825347348
13	53	9388353752879206249	13619337383230444990	5037589638064779126	14858459769798925933	-10330.1269531250	0.0000000000	88.7015893329	64.0054288131
68	21	2102232313053957989	6062790282938113025	4286041538694992483	5859702237023244684	-10330.1396484375	0.0000000000	48.1651265724	86.6625081176
29	67	2590246260731145299	5624815467740092251	13870535009167253688	14578292272691963620	-10330.1630859375	0.0000000000	77.8340987859	49.1507522172
52	48	3396079651100282447	12462430359799399029	13831410479087433661	16744392904933436390	-10330.1767578125	0.0000000000	64.6529738888	65.2776129087
14	63	5693540783912640859	11431609380208423339	6737671423792690216	14121939044249573647	-10330.2031250000	0.0000000000	88.5231192533	57.7758374079
68	6	2102232313053957989	13028795077775133422	5859702237023244684	12275875628998643370	-10330.3251953125	0.0000000000	48.3506734474	95.6714490793
53	25	13619337383230444990	15270237447969908554	7666046318799540113	18235227427084057562	-10330.3447265625	0.0000000000	64.2232022506	81.9946392796
31	44	5431396170490344121	11072636854126668426	10272058379630391382	11951838464882468703	-10330.3925781250	0.0000000000	76.2032399922	70.3746801573
35	69	6484463227862144676	13298563719198658168	5493924466244733420	12225528974389366496	-10330.5029296875	0.0000000000	74.9961528301	46.8479101290
70	20	2050456454754125474	6461476422044957467	1166686857111606088	5054305343362973680	-10330.6064453125	0.0000000000	46.7064878343	87.1654927503
21	58	6062790282938113025	15018428760318362298	9346494577612137638	9596162754908619296	-10330.6259765625	0.0000000000	87.1488362426	60.5747908671
66	32	1241156098068793816	5088468608694452078	1677197568855327383	9092255321748386309	-10330.6669921875	0.0000000000	50.2854798656	76.2158309973
15	55	2021587758018320124	4752631359404694832	4040557736144043899	15034907420832133403	-10330.7285156250	0.0000000000	88.8038798360	63.4289991592
14	51	5693540783912640859	18331383289331445001	3275166953487189334	11223708421273085139	-10330.7548828125	0.0000000000	89.0748770658	65.3211912713
34	6	11978150189334513253	13028795077775133422	10709412532602255651	14619431033157804945	-10330.7802734375	0.0000000000	75.3303990206	96.1265272043
25	23	15270237447969908554	18425980509938217647	9633786730776953145	10731097544534626919	-10330.7890625000	0.0000000000	82.4389752171	83.9194050828
17	63	5868884973666812058	11431609380208423339	1437340073620007619	16935796900262353121	-10330.8027343750	0.0000000000	88.1728414106	58.3754467829
35	73	6484463227862144676	10425554880302643908	4939158145972401380	17699961583399519939	-10330.9560546875	0.0000000000	75.4492778301	12.3546400908
8	42	2338638558934973707	13278762253849637909	3475665796525881162	16081591753884498329	-10330.9648437500	0.0000000000	94.2147054288	71.6481935308
66	31	1241156098068793816	5431396170490344121	762918523917967140	14124391666769411994	-10330.9755859375	0.0000000000	50.5940736156	76.7862478047
72	42	12804849303602132009	13278762253849637909	3510117826417636022	17542741467438389772	-10330.9755859375	0.0000000000	38.7862580605	71.6589357183
15	31	2021587758018320124	5431396170490344121	122511240736334539	6924422154941421174	-10331.1494140625	0.0000000000	89.2247782735	76.9600759297
49	6	5851501803797438112	13028795077775133422	1862285407018354334	10209935395719799854	-10331.1796875000	0.0000000000	66.2202286487	96.5259412668
65	33	2994375602573030521	5883306076231458735	627341619807215660	15839496433237644187	-10331.2021484375	0.0000000000	52.4867406562	76.7357785564
8	9	2338638558934973707	6647163709767477061	16293195903272521251	16908212490851864561	-10331.3222656250	0.0000000000	94.5721273038	93.8003540175
11	72	4089866445876100708	12804849303602132009	1592573705753104066	2813749976383348421	-10331.3974609375	0.0000000000	91.4764800473	39.2081330605
71	35	3014024255359366061	6484463227862144676	16841149724852543569	18177419302763986357	-10331.5410156250	0.0000000000	42.3762114119	76.0342387676
30	43	5860122236468879057	11399600364733442468	1652499450852196840	11902295776188809833	-10331.5546875000	0.0000000000	78.6246814262	72.0348604782
31	53	5431396170490344121	13619337383230444990	1215031612285893097	6653832338292562172	-10331.6406250000	0.0000000000	77.4512868672	65.5191006881
64	38	9223212027600555165	13102877500905252749	15368555476708256174	18237633727079993744	-10331.6435546875	0.0000000000	58.8153877655	75.6382242132
65	9	2994375602573030521	6647163709767477061	3550003059959476376	11871258013914189005	-10331.6445312500	0.0000000000	52.9291234687	94.1226196425
70	6	2050456454754125474	13028795077775133422	430287831074073282	2815640771951850907	-10331.9248046875	0.0000000000	48.0248472093	97.2710584543
8	44	2338638558934973707	11072636854126668426	2572633728652477931	14488633206442685635	-10331.9824218750	0.0000000000	95.2322835538	71.9645239073
70	43	2050456454754125474	11399600364733442468	15059290813539448396	17800967912761613911	-10331.9853515625	0.0000000000	48.0853940843	72.4655245407
55	61	4752631359404694832	9568516022596562606	9221381193471369998	18014573992748023481	-10332.0517578125	0.0000000000	64.7522413467	60.8503490902
67	33	5624815467740092251	5883306076231458735	9026124278763958457	12577927168864825364	-10332.1201171875	0.0000000000	51.1077834672	77.6537473064
4	64	8097248218632962140	9223212027600555165	7138355120208243032	14365486437822929693	-10332.7470703125	0.0000000000	98.8924979793	59.9189033905
45	34	2304489905002361840	11978150189334513253	10507533700179634556	15115095876538003527	-10332.9814453125	0.0000000000	71.3861950839	77.5315708956
43	37	11399600364733442468	14773085639508646864	13715393127689701547	17344915396610562648	-10332.9951171875	0.0000000000	73.4752901657	77.4107797081
42	37	13278762253849637909	14773085639508646864	2275497797163026365	10730044434821331413	-10333.0644531250	0.0000000000	73.7478029058	77.4801156456
63	69	11431609380208423339	13298563719198658168	8976799214507676952	15935139949912726207	-10333.0781250000	0.0000000000	60.6508374079	49.4231054415
30	34	5860122236468879057	11978150189334513253	9730230693908758378	13254091622757509068	-10333.0927734375	0.0000000000	80.1627673637	77.6428990206
30	63	5860122236468879057	11431609380208423339	1706035121614478466	6413182355274869261	-10333.0986328125	0.0000000000	80.1686267387	60.6713452204
70	8	2050456454754125474	2338638558934973707	737433677575441032	1283064006459510171	-10333.1054687500	0.0000000000	49.2055112718	96.3553304288
70	37	2050456454754125474	14773085639508646864	737433677575441032	11119857804689870400	-10333.1054687500	0.0000000000	49.2055112718	77.5211312706
70	63	2050456454754125474	11431609380208423339	737433677575441032	13311436458736516955	-10333.1054687500	0.0000000000	49.2055112718	60.6781811579
54	26	16717900351085550691	17548949165766628857	5374370527719630491	11351422029159848128	-10333.2343750000	0.0000000000	65.9974187072	84.0423827603
55	51	4752631359404694832	18331383289331445001	11741320239976771607	15260004922323702649	-10333.2714843750	0.0000000000	65.9719679092	67.8377928338
62	73	5734407459137869133	10425554880302643908	36114908111671108	2014978457162121568	-10333.3154296875	0.0000000000	61.9756851027	14.7140150908
12	72	3464689620348449069	12804849303602132009	16743058108423176831	17443154795601267754	-10333.3222656250	0.0000000000	93.2546768554	41.1329377480
55	25	4752631359404694832	15270237447969908554	711972092748935162	7828637825875173077	-10333.3398437500	0.0000000000	66.0403272842	84.9897564671
66	7	1241156098068793816	11117569714726431401	10139448711284734398	13817559724817060576	-10333.4287109375	0.0000000000	53.0471986156	98.5982966959
47	49	2491649972309366993	5851501803797438112	3288029029513357050	6761905820485486680	-10333.5595703125	0.0000000000	69.8680354378	68.6001114612
73	25	10425554880302643908	15270237447969908554	11319934839681326306	14375293185694565694	-10333.7226562500	0.0000000000	15.1212416533	85.3725689671
45	28	2304489905002361840	15238071704247467969	5326781268108212115	5344275883143429361	-10333.7255859375	0.0000000000	72.1303357089	83.2061545468
35	26	6484463227862144676	17548949165766628857	12936591921974772917	15229672030413206947	-10333.8486328125	0.0000000000	78.3418559551	84.6566405728
3	34	2400508826370169201	11978150189334513253	6368541018593235807	13753805631839804611	-10333.8916015625	0.0000000000	105.2342308340	78.4417271456
31	69	5431396170490344121	13298563719198658168	1715056160882164379	8484989665199424817	-10333.9062500000	0.0000000000	79.7169118672	50.2512304415
48	46	12462430359799399029	12535374395063084085	277742140568908128	16272962628767097770	-10334.0009765625	0.0000000000	69.1018316587	71.5168235444
29	31	2590246260731145299	5431396170490344121	2866486398512892986	16046623222863524832	-10334.0107421875	0.0000000000	81.6817550359	79.8214040547
73	57	10425554880302643908	15092668313978089557	9430103779054791694	10753408286707448477	-10334.0742187500	0.0000000000	15.4728041533	64.7086170671
15	62	2021587758018320124	5734407459137869133	720535150354872009	2604627354754479388	-10334.1425781250	0.0000000000	92.2179423360	62.8028335402
33	43	5883306076231458735	11399600364733442468	7942161393707904951	8406616172524549862	-10334.2187500000	0.0000000000	79.7523801189	74.6989229782
59	57	7601657687808359178	15092668313978089557	2947455435816896419	7446618169235553371	-10334.3281250000	0.0000000000	63.4065746900	64.9625233171
49	54	5851501803797438112	16717900351085550691	14473531126077352186	17506967225611040747	-10334.4697265625	0.0000000000	69.5102677112	67.2327702697
17	37	5868884973666812058	14773085639508646864	7226501764886874750	7930291609931719362	-10334.5146484375	0.0000000000	91.8847554731	78.9303109581
29	54	2590246260731145299	16717900351085550691	462666547015114515	11236824296224543709	-10334.6103515625	0.0000000000	82.2813644109	67.3733952697
66	23	1241156098068793816	18425980509938217647	10403849203021971860	13191432367328527454	-10334.6718750000	0.0000000000	54.2903626781	87.8022175828
20	38	6461476422044957467	13102877500905252749	4709274520903460390	9769315024425306911	-10334.8476562500	0.0000000000	91.4067036878	78.8423257757
71	31	3014024255359366061	5431396170490344121	534667346188394605	16195709743764616598	-10334.9882812500	0.0000000000	45.8234770369	80.7989431172
62	23	5734407459137869133	18425980509938217647	8514677568758409112	9305527509023595948	-10335.0673828125	0.0000000000	63.7276382277	88.1977253953
70	59	2050456454754125474	7601657687808359178	10694394686446181911	11490075702447890983	-10335.0947265625	0.0000000000	51.1947690843	64.1731762525
65	48	2994375602573030521	12462430359799399029	11925741175493313042	17715462040794293742	-10335.1474609375	0.0000000000	56.4320531562	70.2483160337
14	53	5693540783912640859	13619337383230444990	7705640587612366965	10250335785146148054	-10335.1572265625	0.0000000000	93.4772208158	69.0357022506
18	54	1973719994620597956	16717900351085550691	596590038114914360	14473766982118651249	-10335.1777343750	0.0000000000	92.5279302281	67.9407780822
58	54	15018428760318362298	16717900351085550691	596590038114914360	6302988654902808784	-10335.1777343750	0.0000000000	65.1265486796	67.9407780822
65	40	2994375602573030521	11472758483394683188	9757178955167899744	17895093909492970158	-10335.1816406250	0.0000000000	56.4662328437	78.4690435727
62	7	5734407459137869133	11117569714726431401	7544981058118060217	8927554728928320297	-10335.2060546875	0.0000000000	63.8663101027	100.3756404459
32	37	5088468608694452078	14773085639508646864	2502439540415799068	12258228555961961382	-10335.2880859375	0.0000000000	80.8369247473	79.7037484581
17	58	5868884973666812058	15018428760318362298	9867004844841016083	15169553003565107655	-10335.3554687500	0.0000000000	92.7255757856	65.3042830546
70	31	2050456454754125474	5431396170490344121	3972959931611858044	9379869026942337469	-10335.4189453125	0.0000000000	51.5189878343	81.2296071797
60	16	2376575417863135000	16863307900853720354	14320480338607107115	16082976125804212027	-10335.4375000000	0.0000000000	64.4771124804	93.5084411353
55	17	4752631359404694832	5868884973666812058	2638221147204860790	13204673937447417892	-10335.4394531250	0.0000000000	68.1399366592	92.8095601606
32	41	5088468608694452078	17465034485350747349	1190372307610017139	15180878278456383764	-10335.4443359375	0.0000000000	80.9931747473	78.5911482647
27	38	9460063871844575253	13102877500905252749	2884477590160607795	12453305090223027151	-10335.4716796875	0.0000000000	86.2213374650	79.4663492132
20	43	6461476422044957467	11399600364733442468	8372428391687877020	16035580974664943413	-10335.5546875000	0.0000000000	92.1137349378	76.0348604782
30	37	5860122236468879057	14773085639508646864	5224450981715952433	11693044915741601450	-10335.5761718750	0.0000000000	82.6461658012	79.9918343956
73	22	10425554880302643908	17771635600684448131	10530486149882011134	12324172416297722312	-10335.7958984375	0.0000000000	17.1944838408	89.0330672263
53	23	13619337383230444990	18425980509938217647	13178876740587525581	16761985396387097141	-10335.8964843750	0.0000000000	69.7749600631	89.0268269578
73	63	10425554880302643908	11431609380208423339	10427017493477175550	14779904444784301081	-10335.8964843750	0.0000000000	17.2950697783	63.4691967829
20	64	6461476422044957467	9223212027600555165	739715620971335836	4884207214214148308	-10336.0820312500	0.0000000000	92.6410786878	63.2538643280
68	11	2102232313053957989	4089866445876100708	763337572909861200	1592873715263673268	-10336.1044921875	0.0000000000	54.1299703224	96.1835112973
64	2	9223212027600555165	15833357601308018089	11993724240552151479	13358483297920114138	-10336.2255859375	0.0000000000	63.3974190155	109.4546401930
61	69	9568516022596562606	13298563719198658168	86596866507853890	17559703476771877294	-10336.8417968750	0.0000000000	65.6403881527	53.1867773165
45	69	2304489905002361840	13298563719198658168	4509251594371611750	15455172468369386425	-10336.9062500000	0.0000000000	75.3109997714	53.2512304415
10	48	5125778371293291106	12462430359799399029	1722840712589594289	5549323122234496662	-10337.0781250000	0.0000000000	97.9566658394	72.1789800962
15	57	2021587758018320124	15092668313978089557	12333351725282081941	17680258731814539156	-10337.2050781250	0.0000000000	95.2804423360	67.8394764421
24	70	1578537932394219965	2050456454754125474	3920703847380559329	14403918370603896627	-10337.3535156250	0.0000000000	89.0805383218	53.4535581468
73	5	10425554880302643908	17841368144436045441	5121529884459058835	16977686723933230146	-10337.3759765625	0.0000000000	18.7745619658	103.2455275676
66	30	1241156098068793816	5860122236468879057	677815404599338744	18326315096578119739	-10337.4345703125	0.0000000000	57.0530579906	84.5045642387
50	28	13440359719910072822	15238071704247467969	5543738290265095522	15514895745588448619	-10337.6220703125	0.0000000000	72.4757950039	87.1026389218
33	54	5883306076231458735	16717900351085550691	9957425984951413070	12038242357400595903	-10337.6796875000	0.0000000000	83.2133176189	70.4427312072
72	19	12804849303602132009	15210271395121730115	1397693089540089874	10258704725344415467	-10337.7597656250	0.0000000000	45.5704377480	94.3233677046
64	57	9223212027600555165	15092668313978089557	7121592921337556365	15940395650165858643	-10337.7919921875	0.0000000000	64.9638252655	68.4263905046
18	55	1973719994620597956	4752631359404694832	9000755714484916609	11152494951844590251	-10337.8017578125	0.0000000000	95.1519536656	70.5022413467
35	61	6484463227862144676	9568516022596562606	2183003674479467918	16425187295221367199	-10337.8144531250	0.0000000000	82.3076762676	66.6130444027
49	38	5851501803797438112	13102877500905252749	3484806990207508874	15451884295044254181	-10337.8476562500	0.0000000000	72.8881973987	81.8423257757
13	72	9388353752879206249	12804849303602132009	9904428655494909082	12600325829713690620	-10337.8935546875	0.0000000000	96.4681908954	45.7042268105
64	50	9223212027600555165	13440359719910072822	12975746925267332141	17397027835024393337	-10337.9042968750	0.0000000000	65.0761299530	72.7580215664
43	72	11399600364733442468	12804849303602132009	1569262316268267972	10258704725344415467	-10337.9394531250	0.0000000000	78.4196261032	45.7501252480
72	6	12804849303602132009	13028795077775133422	11885572447645746731	18181992436021978667	-10338.0107421875	0.0000000000	45.8214143105	103.3569959543
55	32	4752631359404694832	5088468608694452078	9351379441360002143	18137463631609823725	-10338.0849609375	0.0000000000	70.7854444717	83.6337997473
8	50	2338638558934973707	13440359719910072822	1728933616856176732	9700072168218337232	-10338.1347656250	0.0000000000	101.3846273038	72.9884903164
55	26	4752631359404694832	17548949165766628857	10849393001209137515	15709631625147069569	-10338.1533203125	0.0000000000	70.8538038467	88.9613280728
60	52	2376575417863135000	3396079651100282447	5504334987427696651	17169036659578945236	-10338.1591796875	0.0000000000	67.1987921679	72.6353957638
62	51	5734407459137869133	18331383289331445001	2869180024541274722	3926797098638014046	-10338.1953125000	0.0000000000	66.8555679152	72.7616209588
30	57	5860122236468879057	15092668313978089557	8606048830800398564	18338291224772929812	-10338.3535156250	0.0000000000	85.4235095512	68.9879139421
24	45	1578537932394219965	2304489905002361840	13898636958086448638	17721605010187839917	-10338.3984375000	0.0000000000	90.1254601968	76.8031872714
65	36	2994375602573030521	6949163309424221588	7363337738623737916	16034863570286454387	-10338.4960937500	0.0000000000	59.7806859687	82.9163892723
71	44	3014024255359366061	11072636854126668426	7524756724492320484	18341119595464989084	-10338.5029296875	0.0000000000	49.3381254744	78.4850317198
67	40	5624815467740092251	11472758483394683188	8725516743794409982	11996267231562784914	-10338.5224609375	0.0000000000	57.5101272172	81.8098638852
34	25	11978150189334513253	15270237447969908554	245485813101855314	13982358939426520881	-10338.5517578125	0.0000000000	83.1018833956	90.2016705296
70	61	2050456454754125474	9568516022596562606	7154607241304797543	11234879820118583126	-10338.6992187500	0.0000000000	54.7992612718	67.4978100277
64	34	9223212027600555165	11978150189334513253	1331499100067895468	11267950959755351428	-10338.7187500000	0.0000000000	65.8905830780	83.2688755831
1	53	11209614143821053939	13619337383230444990	4165524719605831358	7314846938198149991	-10338.8603515625	0.0000000000	113.8765871089	72.7388272506
24	17	1578537932394219965	5868884973666812058	461293085318960335	17075287618717841270	-10338.9843750000	0.0000000000	90.7113976968	96.3544820356
11	37	4089866445876100708	14773085639508646864	1360468008750694537	8523260524213833369	-10339.0078125000	0.0000000000	99.0868316098	83.4234750206
50	51	13440359719910072822	18331383289331445001	6785369464580320228	11072513054104924842	-10339.0742187500	0.0000000000	73.9279434414	73.6405272088
47	32	2491649972309366993	5088468608694452078	4725040013876057514	5520322780623470094	-10339.1972656250	0.0000000000	75.5057307503	84.7461044348
67	5	5624815467740092251	17841368144436045441	9897126266108830672	14921972352605931527	-10339.4951171875	0.0000000000	58.4827834672	105.3646681926
62	72	5734407459137869133	12804849303602132009	13543429836756839020	17607849405608802529	-10339.6093750000	0.0000000000	68.2696304152	47.4200471230
62	41	5734407459137869133	17465034485350747349	11646921671652488698	14381777577118498240	-10339.7421875000	0.0000000000	68.4024429152	82.8889998272
34	46	11978150189334513253	12535374395063084085	1218665073844285396	3837205312511877770	-10339.7724609375	0.0000000000	84.3225865206	77.2883079194
32	57	5088468608694452078	15092668313978089557	4062640318340125991	9679012724630870593	-10339.8945312500	0.0000000000	85.4433700598	70.5289295671
12	73	3464689620348449069	10425554880302643908	5082904154342387055	12355084294936182646	-10339.9121093750	0.0000000000	99.8445206054	21.3106947783
70	9	2050456454754125474	6647163709767477061	1403542223354286555	18361566761555830955	-10339.9521484375	0.0000000000	56.0521909593	102.4302368300
69	19	13298563719198658168	15210271395121730115	3783284556598236676	6887195482585270627	-10340.0429687500	0.0000000000	56.3879491915	96.6065708296
33	59	5883306076231458735	7601657687808359178	7834080334307034898	8255527272945939123	-10340.0537109375	0.0000000000	85.5873410564	69.1321606275
60	12	2376575417863135000	3464689620348449069	3045043195031416983	10472505449050611402	-10340.0576171875	0.0000000000	69.0972296679	99.9900284179
6	58	13028795077775133422	15018428760318362298	6244945594226867842	10566055858892774760	-10340.0732421875	0.0000000000	105.4194959543	70.0220564921
0	72	10165324746644879865	12804849303602132009	4988218394037335368	17443154795601267754	-10340.2119140625	0.0000000000	121.0743853109	48.0225861855
45	55	2304489905002361840	4752631359404694832	7571049996356784002	14033979160987882706	-10340.3212890625	0.0000000000	78.7260388339	73.0217725967
15	44	2021587758018320124	11072636854126668426	14085647256224130678	17108281246933195984	-10340.4648437500	0.0000000000	98.5402079610	80.4469457823
24	68	1578537932394219965	2102232313053957989	6691674482453954498	8658649817575083927	-10340.5302734375	0.0000000000	92.2572961343	58.5557515724
32	58	5088468608694452078	15018428760318362298	2502439540415799068	8186364421480112742	-10340.5781250000	0.0000000000	86.1269638098	70.5269393046
40	51	11472758483394683188	18331383289331445001	12173930994975393252	16581320503380650988	-10340.5859375000	0.0000000000	83.8733404477	75.1522459588
15	65	2021587758018320124	2994375602573030521	4602482689338901811	18397817382576068161	-10340.6826171875	0.0000000000	98.7579813985	61.9672094062
73	28	10425554880302643908	15238071704247467969	2802940039504470950	13765301144157756976	-10340.7167968750	0.0000000000	22.1153822783	90.1973654843
67	59	5624815467740092251	7601657687808359178	1321434061835469817	10043196869721542009	-10340.7841796875	0.0000000000	59.7718459672	69.8626293775
24	42	1578537932394219965	13278762253849637909	6382995207245720808	7412526077106987636	-10340.9746093750	0.0000000000	92.7016320718	81.6579591558
39	30	4699872589231047194	5860122236468879057	1248742923129137325	10700742620489997904	-10341.0205078125	0.0000000000	84.7837991168	88.0905017387
60	58	2376575417863135000	15018428760318362298	7694403240528079486	14371817068020162999	-10341.3115234375	0.0000000000	70.3511359179	71.2603377421
48	16	12462430359799399029	16863307900853720354	6749282740754313185	14969727886587744619	-10341.4189453125	0.0000000000	76.5198004087	99.4898864478
32	48	5088468608694452078	12462430359799399029	9656133403085718860	17015024789696683999	-10341.4355468750	0.0000000000	86.9843856848	76.5364019712
50	23	13440359719910072822	18425980509938217647	6640615093641772631	9696435147543021325	-10341.6191406250	0.0000000000	76.4728653164	94.7494832078
72	58	12804849303602132009	15018428760318362298	1376940828494245016	10489449224293153360	-10341.6318359375	0.0000000000	49.4425080605	71.5806502421
27	44	9460063871844575253	11072636854126668426	761332893022396914	15670581201839422910	-10341.6552734375	0.0000000000	92.4049312150	81.6373754698
70	52	2050456454754125474	3396079651100282447	1671406528461394832	16755328833957451780	-10341.6933593750	0.0000000000	57.7934018968	76.1695754513
65	20	2994375602573030521	6461476422044957467	4031935514807166298	12208955446001802441	-10341.7568359375	0.0000000000	63.0414281562	98.3158833753
39	51	4699872589231047194	18331383289331445001	7594835911938259395	18130580469372132324	-10341.7666015625	0.0000000000	85.5298928668	76.3329100213
65	61	2994375602573030521	9568516022596562606	3081500983249080965	7363295749011317844	-10341.8486328125	0.0000000000	63.1332250312	70.6472240902
70	13	2050456454754125474	9388353752879206249	71091910082419087	939866377605087555	-10342.0351562500	0.0000000000	58.1351987718	100.6097924579
24	73	1578537932394219965	10425554880302643908	1156289476283805632	2802940039504470950	-10342.0498046875	0.0000000000	93.7768273843	23.4483900908
60	51	2376575417863135000	18331383289331445001	5385393961494138105	16775284546040806788	-10342.1845703125	0.0000000000	71.2241827929	76.7508787713
17	54	5868884973666812058	16717900351085550691	9553154701754015924	12815619185244509559	-10342.3134765625	0.0000000000	99.6835835981	75.0765202697
17	56	5868884973666812058	16852385624946083254	16303014964334437917	16595399049619624496	-10342.4345703125	0.0000000000	99.8046773481	73.4745047106
8	48	2338638558934973707	12462430359799399029	4128983855434051593	7616957147179014291	-10342.5410156250	0.0000000000	105.7908773038	77.6418707212
25	54	15270237447969908554	16717900351085550691	4755263527325641152	9359789853825844838	-10342.5478515625	0.0000000000	94.1977642796	75.3108952697
32	63	5088468608694452078	11431609380208423339	8926614523369466576	10054148658641526765	-10342.5996093750	0.0000000000	88.1484481848	70.1723217829
24	55	1578537932394219965	4752631359404694832	5379406163619411996	8259797027465456372	-10342.7089843750	0.0000000000	94.4360070718	75.4094679092
15	51	2021587758018320124	18331383289331445001	5858363164477533860	11291864116956591565	-10342.7861328125	0.0000000000	100.8614970235	77.3524412713
67	35	5624815467740092251	6484463227862144676	11449359713636655356	14913526817901683105	-10342.9453125000	0.0000000000	61.9329787797	87.4385356426
10	54	5125778371293291106	16717900351085550691	7990743855931440091	12146310634048685114	-10342.9873046875	0.0000000000	103.8658455269	75.7503483947
65	23	2994375602573030521	18425980509938217647	10120944416745421619	12138319576009457329	-10342.9873046875	0.0000000000	64.2718969062	96.1176472703
68	1	2102232313053957989	11209614143821053939	856744256676670293	15560592729452825608	-10342.9980468750	0.0000000000	61.0235250099	118.0142824214
31	72	5431396170490344121	12804849303602132009	4214309632203117245	16255448098482536565	-10343.0185546875	0.0000000000	88.8292165547	50.8292268105
30	64	5860122236468879057	9223212027600555165	9244898377612204077	13496137581279106102	-10343.1445312500	0.0000000000	90.2145251762	70.3163643280
6	53	13028795077775133422	13619337383230444990	5330513044178864184	8548630438695806652	-10343.2822265625	0.0000000000	108.6284803293	77.1607022506
48	19	12462430359799399029	15210271395121730115	7430022831626360043	10763598069408135394	-10343.3427734375	0.0000000000	78.4436285337	99.9063755171
27	51	9460063871844575253	18331383289331445001	12181298721351331991	12800435766280964225	-10343.4013671875	0.0000000000	94.1510249650	77.9676756463
43	57	11399600364733442468	15092668313978089557	3705713456381285872	8005548115258259000	-10343.4433593750	0.0000000000	83.9235323532	74.0777576921
67	61	5624815467740092251	9568516022596562606	11234879820118583126	14855001054186156684	-10343.4843750000	0.0000000000	62.4720412797	72.2829662777
47	21	2491649972309366993	6062790282938113025	2449192297834510973	3747666369615231153	-10343.5722656250	0.0000000000	79.8807307503	100.0951253051
15	67	2021587758018320124	5624815467740092251	4748617078658164797	14025287763726323882	-10343.5957031250	0.0000000000	101.6710673360	62.5833694047
13	58	9388353752879206249	15018428760318362298	2821213502247662680	14876446069333938103	-10343.9980468750	0.0000000000	102.5726830829	73.9468611796
71	9	3014024255359366061	6647163709767477061	8400149865409933154	13624576238155253279	-10344.0058593750	0.0000000000	54.8410551619	106.4839477675
73	2	10425554880302643908	15833357601308018089	9792725055584082612	13210550623210414565	-10344.1484375000	0.0000000000	25.5470229033	117.3774917555
58	23	15018428760318362298	18425980509938217647	5045328575425212360	15210165680874931635	-10344.2099609375	0.0000000000	74.1587752421	97.3403035203
63	48	11431609380208423339	12462430359799399029	6984804813528865822	12134887691053588610	-10344.3798828125	0.0000000000	71.9525952204	79.4807379087
69	2	13298563719198658168	15833357601308018089	16072216551295345886	16118654535339949950	-10344.4179687500	0.0000000000	60.7629491915	117.6470230055
20	61	6461476422044957467	9568516022596562606	3014150261455142055	14333164411421676925	-10344.7597656250	0.0000000000	101.3188130628	73.5583569027
20	63	6461476422044957467	11431609380208423339	14333164411421676925	17947545172060319545	-10344.7597656250	0.0000000000	101.3188130628	72.3324780329
66	6	1241156098068793816	13028795077775133422	549732705808365355	5786471754790057374	-10344.8808593750	0.0000000000	64.4993470531	110.2271131418
59	54	7601657687808359178	16717900351085550691	1632691141496157495	7675762089983453470	-10345.1044921875	0.0000000000	74.1829418775	77.8675358947
67	6	5624815467740092251	13028795077775133422	9814139296131627133	10838768185950937756	-10345.2871093750	0.0000000000	64.2747756547	110.6333631418
35	43	6484463227862144676	11399600364733442468	2395260677957947258	11529699587990004801	-10345.3144531250	0.0000000000	89.8076762676	85.7946261032
70	54	2050456454754125474	16717900351085550691	9104146808297528701	14587108871661568619	-10345.3837890625	0.0000000000	61.4838315843	78.1468327697
39	59	4699872589231047194	7601657687808359178	1774328580175488342	3421530104319949174	-10345.4414062500	0.0000000000	89.2046975543	74.5198559400
42	53	13278762253849637909	13619337383230444990	637623921939400987	2028462087284835411	-10345.4951171875	0.0000000000	86.1784669683	79.3735928756
14	37	5693540783912640859	14773085639508646864	12486255017838452468	18008648250109899921	-10345.5058593750	0.0000000000	103.8258536283	89.9215218956
20	57	6461476422044957467	15092668313978089557	4608853306770485183	8746331277483020532	-10345.5849609375	0.0000000000	102.1440083753	76.2193592546
65	43	2994375602573030521	11399600364733442468	4810784182427098532	17357382264031977133	-10345.6435546875	0.0000000000	66.9281469062	86.1237276657
43	54	11399600364733442468	16717900351085550691	4806464864116889186	13279476781175830185	-10345.8125000000	0.0000000000	86.2926729782	78.5755437072
71	7	3014024255359366061	11117569714726431401	3458476566617380138	3994113244031730427	-10345.9550781250	0.0000000000	56.7902739119	111.1246638834
14	44	5693540783912640859	11072636854126668426	13169627963183791920	13365365016541070469	-10346.0888671875	0.0000000000	104.4088614408	86.0709692198
24	65	1578537932394219965	2994375602573030521	1611396118043395783	17019523111884862216	-10346.1767578125	0.0000000000	97.9037805093	67.4613500312
70	41	2050456454754125474	17465034485350747349	10122153148339881283	11431577578695477554	-10346.3818359375	0.0000000000	62.4818784593	89.5286482647
11	67	4089866445876100708	5624815467740092251	10889820875136571169	18420235261844317283	-10346.4150390625	0.0000000000	106.4940581723	65.4027053422
6	69	13028795077775133422	13298563719198658168	12955770159990417816	14252616361037055075	-10346.4335937500	0.0000000000	111.7798475168	62.7785741915
60	7	2376575417863135000	11117569714726431401	13987875763638920648	15268925458511626480	-10346.7216796875	0.0000000000	75.7612921679	111.8912654459
68	9	2102232313053957989	6647163709767477061	6821829583500526251	13383296343620315589	-10346.8593750000	0.0000000000	64.8848531349	109.3374633925
20	44	6461476422044957467	11072636854126668426	269251469556467018	16119209397728802550	-10347.0830078125	0.0000000000	103.6420552503	87.0651098448
62	69	5734407459137869133	13298563719198658168	11060839095345937751	12356046263254585068	-10347.4003906250	0.0000000000	76.0606460402	63.7453710665
65	55	2994375602573030521	4752631359404694832	12999750449848270123	16137843420413071563	-10347.5244140625	0.0000000000	68.8090062812	80.2248975967
14	48	5693540783912640859	12462430359799399029	7430022831626360043	13294437579381727986	-10347.6005859375	0.0000000000	105.9205801908	82.7014410337
36	41	6949163309424221588	17465034485350747349	1577820545932765643	8750718700358248555	-10347.6132812500	0.0000000000	92.0335767723	90.7600935772
73	46	10425554880302643908	12535374395063084085	1398243191659124663	16167948386726336942	-10347.6289062500	0.0000000000	29.0274916533	85.1447532319
73	69	10425554880302643908	13298563719198658168	10910139295731476991	14219642854406543200	-10347.7392578125	0.0000000000	29.1378432158	64.0842382540
71	2	3014024255359366061	15833357601308018089	79939640496700522	1224187952082893531	-10347.7636718750	0.0000000000	58.5988676619	120.9927261305
52	73	3396079651100282447	10425554880302643908	8832114325874884287	14680988745631912694	-10348.0458984375	0.0000000000	82.5221145138	29.4444838408
4	72	8097248218632962140	12804849303602132009	3720973142859009108	18211002754487987383	-10348.0507812500	0.0000000000	114.1962089168	55.8614533730
14	69	5693540783912640859	13298563719198658168	6525016963905993172	10615806076253107398	-10348.0878906250	0.0000000000	106.4078848783	64.4328710665
71	50	3014024255359366061	13440359719910072822	1016458759894087008	9575270543601723997	-10348.2480468750	0.0000000000	59.0832426619	83.1017715664
72	26	12804849303602132009	17548949165766628857	1008867479797743176	6479233826181798752	-10348.4111328125	0.0000000000	56.2218049355	99.2191405728
31	41	5431396170490344121	17465034485350747349	4093425733460026540	6394076907522454371	-10348.6279296875	0.0000000000	94.4385915547	91.7747420147
43	53	11399600364733442468	13619337383230444990	637623921939400987	3271924463129407747	-10348.8300781250	0.0000000000	89.3102511032	82.7085538131
35	51	6484463227862144676	18331383289331445001	15694822828151408107	18018067839101921873	-10348.8896484375	0.0000000000	93.3828715801	83.4559568963
24	50	1578537932394219965	13440359719910072822	11414198613694551978	12547080766324933712	-10348.8945312500	0.0000000000	100.6215539468	83.7482559414
50	37	13440359719910072822	14773085639508646864	12547080766324933712	15865314912717003448	-10348.8945312500	0.0000000000	83.7482559414	93.3101937706
31	34	5431396170490344121	11978150189334513253	3445869772354496096	6940904607608234322	-10349.1220703125	0.0000000000	94.9327321797	93.6721958956
35	50	6484463227862144676	13440359719910072822	10600775857207336114	17737851836871886470	-10349.2285156250	0.0000000000	93.7217387676	84.0822403164
20	40	6461476422044957467	11472758483394683188	9536556788003841947	11171758642298694135	-10349.2705078125	0.0000000000	105.8295552503	92.5579107602
72	37	12804849303602132009	14773085639508646864	343000542869101718	6533007274007380766	-10349.3984375000	0.0000000000	57.2091096230	93.8141000206
30	69	5860122236468879057	13298563719198658168	1287867508355945502	3516388349247769428	-10349.4042968750	0.0000000000	96.4742908012	65.7492773165
55	43	4752631359404694832	11399600364733442468	9142044706413606126	14578872418497053877	-10349.4257812500	0.0000000000	82.1262647842	89.9059542282
65	41	2994375602573030521	17465034485350747349	196660494709583558	13889689558881275609	-10349.6298828125	0.0000000000	70.9144750312	92.7766951397
53	57	13619337383230444990	15092668313978089557	1986494129920299366	4986513300942245099	-10349.6621093750	0.0000000000	83.5405850631	80.2965076921
31	58	5431396170490344121	15018428760318362298	4133550453237560285	17235909193473614766	-10349.6835937500	0.0000000000	95.4942556172	79.6324080546
71	32	3014024255359366061	5088468608694452078	8648805548868731184	10240544507922782578	-10349.9335937500	0.0000000000	60.7687895369	95.4824325598
71	64	3014024255359366061	9223212027600555165	8832985927139958552	10937801742030914523	-10349.9619140625	0.0000000000	60.7971098494	77.1337471405
24	57	1578537932394219965	15092668313978089557	8578975451274598782	14473403647154508024	-10350.0820312500	0.0000000000	101.8090539468	80.7164295671
15	41	2021587758018320124	17465034485350747349	1207769258760909837	9482091888625588098	-10350.3222656250	0.0000000000	108.3976298360	93.4690779522
33	64	5883306076231458735	9223212027600555165	1748134347415541912	6095079900174449724	-10350.3916015625	0.0000000000	95.9252316814	77.5634346405
64	6	9223212027600555165	13028795077775133422	6095079900174449724	6454566355503001209	-10350.3916015625	0.0000000000	77.5634346405	115.7378553293
66	17	1241156098068793816	5868884973666812058	7932627197300428604	9082407205295813141	-10350.4443359375	0.0000000000	70.0628236156	107.8144429731
34	72	11978150189334513253	12804849303602132009	645898412450612415	7707002095281993353	-10350.6757812500	0.0000000000	95.2259068331	58.4864533730
62	38	5734407459137869133	13102877500905252749	1889966716657482397	5906472639323141086	-10350.7119140625	0.0000000000	79.3721694777	94.7065835882
66	25	1241156098068793816	15270237447969908554	4575404755760541846	5202428553516979374	-10350.9697265625	0.0000000000	70.5882142406	102.6196392796
66	65	1241156098068793816	2994375602573030521	5202428553516979374	17709243888614256936	-10351.3437500000	0.0000000000	70.9622376781	72.6283422187
45	65	2304489905002361840	2994375602573030521	5269725024229907406	5475482934920563506	-10351.4765625000	0.0000000000	89.8813122714	72.7611547187
52	67	3396079651100282447	5624815467740092251	7000045182501987379	14741194252556653819	-10351.4775390625	0.0000000000	85.9537551388	70.4652053422
58	41	15018428760318362298	17465034485350747349	7735486919453873299	12223865073740669779	-10351.6572265625	0.0000000000	81.6060408671	94.8040388897
39	73	4699872589231047194	10425554880302643908	8880080352245715577	10707199374978186568	-10351.6923828125	0.0000000000	95.4556741168	33.0909682158
64	41	9223212027600555165	17465034485350747349	16496804572991593464	18440782918295278232	-10351.7021484375	0.0000000000	78.8739815155	94.8489607647
70	38	2050456454754125474	13102877500905252749	4910263004151138880	14927733776825305262	-10352.3505859375	0.0000000000	68.4506284593	96.3452554632
30	51	5860122236468879057	18331383289331445001	12156262316358669333	17790880295179285037	-10352.6699218750	0.0000000000	99.7399158012	87.2362303338
63	6	11431609380208423339	13028795077775133422	3167173637309058584	14153528386595327432	-10352.7412109375	0.0000000000	80.3139233454	118.0874647043
9	43	6647163709767477061	11399600364733442468	3405802667886883826	10856078612802335457	-10352.9130859375	0.0000000000	115.3911743300	93.3932589157
63	28	11431609380208423339	15238071704247467969	2403623622419680219	12392831736256783717	-10353.3066406250	0.0000000000	80.8793530329	102.7872092343
65	31	2994375602573030521	5431396170490344121	16717877469213096669	17395824698112141778	-10353.3457031250	0.0000000000	74.6302953437	99.1563649922
38	57	13102877500905252749	15092668313978089557	545694746664542791	9108557338932840545	-10353.6738281250	0.0000000000	97.6684976507	84.3082264421
58	28	15018428760318362298	15238071704247467969	2859238462229210546	14603553332942098144	-10353.9873046875	0.0000000000	83.9361189921	103.4678732968
71	49	3014024255359366061	5851501803797438112	1666997904041872147	2938061871388671416	-10354.1220703125	0.0000000000	64.9572660994	89.1626114612
32	67	5088468608694452078	5624815467740092251	6655114522542572928	7792826485233109849	-10354.2832031250	0.0000000000	99.8320419348	73.2708694047
68	20	2102232313053957989	6461476422044957467	452882882779364634	9844567155185131169	-10354.3281250000	0.0000000000	72.3536031349	110.8871724378
49	9	5851501803797438112	6647163709767477061	4972187661313935690	6088216551607254200	-10354.4619140625	0.0000000000	89.5024552112	116.9400024550
44	72	11072636854126668426	12804849303602132009	627292873647194003	2323576294713036117	-10354.6943359375	0.0000000000	94.6764379698	62.5050080605
68	33	2102232313053957989	5883306076231458735	3240755553275177170	12562744055868158578	-10355.0234375000	0.0000000000	73.0489156349	100.5570676189
45	58	2304489905002361840	15018428760318362298	10314507076885996153	10966346707629434404	-10355.1933593750	0.0000000000	93.5981091464	85.1421736796
45	36	2304489905002361840	6949163309424221588	6336633496584672346	14980133492598968279	-10355.3447265625	0.0000000000	93.7494763339	99.7650220848
66	5	1241156098068793816	17841368144436045441	5201500047981299969	11845426111346340714	-10355.3740234375	0.0000000000	74.9925111156	121.2435744426
48	23	12462430359799399029	18425980509938217647	9625119308976102809	15751090317862943871	-10355.5439453125	0.0000000000	90.6448004087	108.6742878953
68	13	2102232313053957989	9388353752879206249	14552549098469541611	16441190340735183480	-10355.9179687500	0.0000000000	73.9434468849	114.4926049579
9	44	6647163709767477061	11072636854126668426	2918161756137060973	16128920294257369618	-10355.9248046875	0.0000000000	118.4028930800	95.9069067198
52	57	3396079651100282447	15092668313978089557	1865753812761256322	13040720838493290925	-10356.2392578125	0.0000000000	90.7154738888	86.8736561296
67	64	5624815467740092251	9223212027600555165	4336353295442349133	13548417885215397465	-10356.4140625000	0.0000000000	75.4017287797	83.5858955780
47	20	2491649972309366993	6461476422044957467	14851442158652542853	16958430105691968520	-10356.4951171875	0.0000000000	92.8035823128	113.0541646253
48	51	12462430359799399029	18331383289331445001	5180823285726659272	10971042181671205470	-10356.5400390625	0.0000000000	91.6408941587	91.1063475213
68	49	2102232313053957989	5851501803797438112	1601501022963150190	17021654465593633349	-10356.6562500000	0.0000000000	74.6817281349	91.6967911487
61	54	9568516022596562606	16717900351085550691	3349906219911149595	6641062030711863611	-10357.3369140625	0.0000000000	86.1355053402	90.0999577697
15	58	2021587758018320124	15018428760318362298	6423374968159235998	13066247744674502688	-10357.7070312500	0.0000000000	115.7823954610	87.6558455546
52	54	3396079651100282447	16717900351085550691	1138622168957954271	6778254615452851965	-10357.7187500000	0.0000000000	92.1949660763	90.4817937072
11	58	4089866445876100708	15018428760318362298	1067483657252036946	5691111199347908151	-10357.7714843750	0.0000000000	117.8505034848	87.7202986796
61	57	9568516022596562606	15092668313978089557	1157777071199364077	6053217836911126835	-10357.9521484375	0.0000000000	86.7507397152	88.5865467546
42	28	13278762253849637909	15238071704247467969	1914043902677370354	8783700825343787943	-10357.9707031250	0.0000000000	98.6540529058	107.4512717343
30	61	5860122236468879057	9568516022596562606	2825333453489500649	15356925254717962121	-10358.0048828125	0.0000000000	105.0748767387	86.8034740902
62	28	5734407459137869133	15238071704247467969	5314952551089166987	6942436517703766298	-10358.0615234375	0.0000000000	86.7217788527	107.5420920468
9	51	6647163709767477061	18331383289331445001	9491832228157630786	12717316648180238779	-10358.7011718750	0.0000000000	121.1792602675	93.2674803338
73	23	10425554880302643908	18425980509938217647	1458365916190474194	2028304827851992385	-10358.7519531250	0.0000000000	40.1505385283	111.8822957078
14	73	5693540783912640859	10425554880302643908	5768732854260854567	17426218794630840659	-10358.8056640625	0.0000000000	117.1256583158	40.2042494658
11	62	4089866445876100708	5734407459137869133	14364131968999131292	17168958915193458715	-10358.8876953125	0.0000000000	118.9667144223	87.5479507277
65	63	2994375602573030521	11431609380208423339	6544740698345383795	15633547307612910632	-10358.9384765625	0.0000000000	80.2230687812	86.5111889704
55	10	4752631359404694832	5125778371293291106	4263889063316564517	7158258815212907499	-10359.0449218750	0.0000000000	91.7454054092	119.9234627144
38	69	13102877500905252749	13298563719198658168	8726739016671662569	9382279962220349928	-10359.3232421875	0.0000000000	103.3179117132	75.6682226290
67	41	5624815467740092251	17465034485350747349	13958935200409819167	15757879558050313243	-10359.3330078125	0.0000000000	78.3206740922	102.4798201397
69	23	13298563719198658168	18425980509938217647	3212062387840118509	10843960007295631869	-10359.6591796875	0.0000000000	76.0041601290	112.7895222703
15	38	2021587758018320124	13102877500905252749	1006718845290855402	8914431363845095524	-10360.8134765625	0.0000000000	118.8888407735	104.8081460882
4	63	8097248218632962140	11431609380208423339	2881538247461605186	15470943098370711444	-10361.1191406250	0.0000000000	127.2645682918	88.6918530329
67	63	5624815467740092251	11431609380208423339	1106550912164102717	11941470450099535673	-10361.4902343750	0.0000000000	80.4779006547	89.0629467829
71	63	3014024255359366061	11431609380208423339	11941470450099535673	13715418620886257876	-10361.4902343750	0.0000000000	72.3254301619	89.0629467829
60	26	2376575417863135000	17548949165766628857	4834667912738917426	14414224745145272067	-10361.5195312500	0.0000000000	90.5591437304	112.3275390103
46	56	12535374395063084085	16852385624946083254	1767008062220680739	10820729858757974581	-10361.7001953125	0.0000000000	99.2160422944	92.7401297106
44	58	11072636854126668426	15018428760318362298	1255373291755721818	11046720009475329250	-10362.2832031250	0.0000000000	102.2653051573	92.2320174296
33	56	5883306076231458735	16852385624946083254	3259336971797820243	15022852612046360860	-10362.4531250000	0.0000000000	107.9867551189	93.4930593981
14	58	5693540783912640859	15018428760318362298	6025373869074972099	14307123115335891346	-10362.7216796875	0.0000000000	121.0416739408	92.6704939921
65	37	2994375602573030521	14773085639508646864	8135212532696145252	17046702029501372862	-10362.9648437500	0.0000000000	84.2494359687	107.3805062706
47	39	2491649972309366993	4699872589231047194	2634032672712620512	13168875087408753285	-10363.3388671875	0.0000000000	99.6473323128	107.1021584918
73	38	10425554880302643908	13102877500905252749	13445890360977148629	15100692565955521467	-10363.4218750000	0.0000000000	44.8204604033	107.4165445257
71	38	3014024255359366061	13102877500905252749	3565064420987787753	11958048874131529629	-10363.6562500000	0.0000000000	74.4914457869	107.6509195257
68	59	2102232313053957989	7601657687808359178	9251329956677663379	12321610560376064915	-10363.8916015625	0.0000000000	81.9170796974	92.9700512525
54	51	16717900351085550691	18331383289331445001	3676073598032058921	12173827857115961338	-10364.2177734375	0.0000000000	96.9808171447	98.7840818963
68	35	2102232313053957989	6484463227862144676	10948718778617255201	13616893602116786836	-10364.3164062500	0.0000000000	82.3418843849	108.8096293926
49	37	5851501803797438112	14773085639508646864	7823268956886960985	9008017116778383458	-10364.7714843750	0.0000000000	99.8120255237	109.1871468956
64	37	9223212027600555165	14773085639508646864	1804887627529580544	4093521059754739737	-10364.9345703125	0.0000000000	92.1064033905	109.3502328331
64	72	9223212027600555165	12804849303602132009	5684111482385199514	13108989554241853676	-10364.9902343750	0.0000000000	92.1620674530	72.8009064980
31	20	5431396170490344121	6461476422044957467	5790012395095835852	13709447831206811828	-10365.0791015625	0.0000000000	110.8897634297	121.6381490003
14	72	5693540783912640859	12804849303602132009	1388275613372063255	2564835579145004864	-10365.1914062500	0.0000000000	123.5114005033	73.0020783730
47	27	2491649972309366993	9460063871844575253	1058907338026052120	7342859680632527577	-10365.2148437500	0.0000000000	101.5233088753	115.9645015275
15	56	2021587758018320124	16852385624946083254	3357311104480886960	11872853879817845021	-10365.7451171875	0.0000000000	123.8204813985	96.7850515856
47	67	2491649972309366993	5624815467740092251	3678731353630465500	8946274054706074444	-10365.9140625000	0.0000000000	102.2225276253	84.9017287797
57	28	15092668313978089557	15238071704247467969	12221802300463810930	17319578956594434473	-10365.9736328125	0.0000000000	96.6080311296	115.4542014218
49	69	5851501803797438112	13298563719198658168	4668067513485586978	13186751835285428936	-10366.1083984375	0.0000000000	101.1489395862	82.4533788790
30	41	5860122236468879057	17465034485350747349	9560341597825886845	11892810243690701132	-10366.1103515625	0.0000000000	113.1803454887	109.2571638897
67	51	5624815467740092251	18331383289331445001	2462570126646631907	2793594652180362012	-10366.9062500000	0.0000000000	85.8939162797	101.4725584588
70	51	2050456454754125474	18331383289331445001	2462570126646631907	6033287003531055265	-10366.9062500000	0.0000000000	83.0062925218	101.4725584588
49	56	5851501803797438112	16852385624946083254	7223851889777806118	15756734267457759700	-10367.2402343750	0.0000000000	102.2807755237	98.2801687731
47	58	2491649972309366993	15018428760318362298	700840919757822483	17308540366097902445	-10367.3593750000	0.0000000000	103.6678401253	97.3081893046
31	51	5431396170490344121	18331383289331445001	7765790724398493311	13906975067395990403	-10367.4570312500	0.0000000000	113.2676931172	102.0233397088
59	58	7601657687808359178	15018428760318362298	5636595998270383190	12837030980433016511	-10367.6865234375	0.0000000000	96.7649731275	97.6353377421
54	23	16717900351085550691	18425980509938217647	176756862477006633	15236557652451353751	-10367.7597656250	0.0000000000	100.5228093322	120.8901082078
47	42	2491649972309366993	13278762253849637909	3356689562235693351	11261832998227033303	-10368.2597656250	0.0000000000	104.5682307503	108.9431154058
70	44	2050456454754125474	11072636854126668426	1590829511888132340	14994211145923116823	-10368.6337890625	0.0000000000	84.7338315843	108.6158910948
68	14	2102232313053957989	5693540783912640859	1238517018135062817	6533159930850342845	-10368.7451171875	0.0000000000	86.7705953224	127.0651114408
66	54	1241156098068793816	16717900351085550691	9826871063080120796	14875796555192904386	-10369.0205078125	0.0000000000	88.6389954906	101.7835515197
65	54	2994375602573030521	16717900351085550691	15302437604652844909	17796497433285826968	-10369.4072265625	0.0000000000	90.6918187812	102.1702702697
36	56	6949163309424221588	16852385624946083254	2081606660104034549	3357311104480886960	-10369.9638671875	0.0000000000	114.3841627098	101.0038015856
8	71	2338638558934973707	3014024255359366061	570311642962585481	10948162869259079955	-10370.6845703125	0.0000000000	133.9344319913	81.5197660994
55	44	4752631359404694832	11072636854126668426	5109261271781081563	16433868537934747925	-10371.0322265625	0.0000000000	103.7327100967	111.0143285948
9	56	6647163709767477061	16852385624946083254	5475189787087721398	10230627631724600000	-10371.3154296875	0.0000000000	133.7935180800	102.3553640856
20	51	6461476422044957467	18331383289331445001	590435986782257997	11954631569046259518	-10371.4335937500	0.0000000000	127.9926411878	105.9999022088
8	54	2338638558934973707	16717900351085550691	4756208467037085942	11393908070124918090	-10371.5937500000	0.0000000000	134.8436116788	104.3567937072
30	58	5860122236468879057	15018428760318362298	3526809475472849964	15984610518110784885	-10372.0136718750	0.0000000000	119.0836658012	101.9624861796
70	50	2050456454754125474	13440359719910072822	779294499034111326	2917740621194733017	-10372.9384765625	0.0000000000	89.0385190843	107.7922012539
11	73	4089866445876100708	10425554880302643908	8789273953602568752	16330898102750851667	-10373.0283203125	0.0000000000	133.1073394223	54.4269057158
32	73	5088468608694452078	10425554880302643908	8789273953602568752	10905946148760752431	-10373.0283203125	0.0000000000	118.5771591223	54.4269057158
8	64	2338638558934973707	9223212027600555165	13435928216737749298	14315196658265106206	-10373.0312500000	0.0000000000	136.2811116788	100.2030830780
9	40	6647163709767477061	11472758483394683188	449406482888702957	8282783153195645232	-10373.1660156250	0.0000000000	135.6441040175	116.4534185727
24	54	1578537932394219965	16717900351085550691	2709767671119900481	17501623560970970062	-10373.3925781250	0.0000000000	125.1196008218	106.1556218322
45	72	2304489905002361840	12804849303602132009	11128588978093632711	17612093644879738316	-10373.4902343750	0.0000000000	111.8949841464	81.3009064980
45	35	2304489905002361840	6484463227862144676	7890856008322182711	8430946921255613201	-10373.5019531250	0.0000000000	111.9067028964	117.9951762676
67	38	5624815467740092251	13102877500905252749	594607194148792641	6648652440217513694	-10373.5419921875	0.0000000000	92.5296584672	117.5366617132
33	73	5883306076231458735	10425554880302643908	2812720868327170692	9079855200977406356	-10373.8867187500	0.0000000000	119.4203488689	55.2853041533
35	44	6484463227862144676	11072636854126668426	3195176968192941068	8044822844601337174	-10374.0390625000	0.0000000000	118.5322856426	114.0211645323
64	58	9223212027600555165	15018428760318362298	1394264139374483824	4759583863568306984	-10374.4951171875	0.0000000000	101.6669502655	104.4439314921
39	54	4699872589231047194	16717900351085550691	4756208467037085942	18024336752251757427	-10374.7548828125	0.0000000000	118.5181741168	107.5179265197
52	69	3396079651100282447	13298563719198658168	8842844338385628035	9224953773726160878	-10375.2001953125	0.0000000000	109.6764113888	91.5451757540
68	8	2102232313053957989	2338638558934973707	44472131878849469	3104564749583546986	-10375.2382812500	0.0000000000	93.2637593849	138.4881429288
71	51	3014024255359366061	18331383289331445001	4381922230950501829	9694711983977094483	-10375.4384765625	0.0000000000	86.2736723494	110.0047850213
45	14	2304489905002361840	5693540783912640859	8745164752193409826	8826852250288601466	-10376.0615234375	0.0000000000	114.4662732089	134.3815176908
45	71	2304489905002361840	3014024255359366061	6812044388481429220	8826852250288601466	-10376.0615234375	0.0000000000	114.4662732089	86.8967192244
69	54	13298563719198658168	16717900351085550691	4497151159738917893	6858661409716598377	-10376.0712890625	0.0000000000	92.4162695040	108.8343327697
8	30	2338638558934973707	5860122236468879057	14151874638880731204	17212808884142164856	-10376.4970703125	0.0000000000	139.7469319913	123.5670642387
71	62	3014024255359366061	5734407459137869133	630145542019101885	10448950314234009571	-10376.5859375000	0.0000000000	87.4211332869	105.2461929152
66	58	1241156098068793816	15018428760318362298	7987792898762800453	12566734900042102465	-10377.4609375000	0.0000000000	97.0794251781	107.4097518046
15	54	2021587758018320124	16717900351085550691	687850378733220556	6799955621413604927	-10377.5283203125	0.0000000000	135.6036845235	110.2913640197
63	54	11431609380208423339	16717900351085550691	12202639602191160939	12977731794063074607	-10377.8730468750	0.0000000000	105.4457592829	110.6360905822
50	57	13440359719910072822	15092668313978089557	13050645075771242129	13322973969759441066	-10377.9384765625	0.0000000000	112.7922012539	108.5728748796
15	45	2021587758018320124	2304489905002361840	11639917105405460427	17008205023043087024	-10378.2568359375	0.0000000000	136.3322001485	116.6615857089
45	37	2304489905002361840	14773085639508646864	8583345061099406977	12843846858054143676	-10378.8564453125	0.0000000000	117.2611950839	123.2721078331
68	31	2102232313053957989	5431396170490344121	10359882830788405477	10490658743394694864	-10379.0234375000	0.0000000000	97.0489156349	124.8340993672
44	37	11072636854126668426	14773085639508646864	11188873321891222736	12596460478074533736	-10380.6386718750	0.0000000000	120.6207739073	125.0543343956
55	13	4752631359404694832	9388353752879206249	2816360703161575799	15393682188941009435	-10381.8261718750	0.0000000000	114.5266554092	140.4008080829
9	58	6647163709767477061	15018428760318362298	9487673741166521364	17456306956933765734	-10382.3857421875	0.0000000000	144.8638305800	112.3345564921
54	41	16717900351085550691	17465034485350747349	884517728567329656	16212716068767551226	-10383.1142578125	0.0000000000	115.8773015197	126.2610701397
39	44	4699872589231047194	11072636854126668426	13788773084222823563	16318586333551177312	-10384.2558593750	0.0000000000	128.0191506793	124.2379614073
68	23	2102232313053957989	18425980509938217647	2386438203610302325	7356108335879855343	-10384.3046875000	0.0000000000	102.3301656349	137.4350300828
34	42	11978150189334513253	13278762253849637909	7242326646809859056	7379789719771789769	-10385.3378906250	0.0000000000	129.8880162081	126.0212404058
68	19	2102232313053957989	15210271395121730115	1495095814671560995	9356232118734761239	-10386.0078125000	0.0000000000	104.0332906349	142.5714145796
9	63	6647163709767477061	11431609380208423339	16731005485058749862	17990214698224959274	-10386.3164062500	0.0000000000	148.7944946425	113.8891186579
59	37	7601657687808359178	14773085639508646864	4688142586553327423	4992471886581490363	-10386.9287109375	0.0000000000	116.0071606275	131.3443734581
43	69	11399600364733442468	13298563719198658168	13918678539738498759	15808121924423791558	-10387.8730468750	0.0000000000	128.3532198532	104.2180273165
66	37	1241156098068793816	14773085639508646864	3514733938953622382	9904857932839514842	-10388.1386718750	0.0000000000	107.7571595531	132.5543343956
47	31	2491649972309366993	5431396170490344121	5424373220601534792	12023184954181263171	-10393.9160156250	0.0000000000	130.2244807503	139.7266774922
47	30	2491649972309366993	5860122236468879057	8538190323059966497	14582091212424506809	-10400.6865234375	0.0000000000	136.9949885628	147.7565173637
