section	statistic	value
summary	numTrees	2027025
summary	numEdges	14189175
summary	meanDegree	14.0000000000
local	numLocalPeaks	57
local	posteriorMassOfLocalPeaks	0.5545382561
local	meanUphillFraction	0.4999684971
local	posteriorWeightedMeanUphillFraction	0.0404581396
local	meanBestNeighborLnLDifference	19.1984852081
local	posteriorWeightedMeanBestNeighborLnLDifference	0.1386871166
local	meanNeighborAbsLnLDifference	7.3526887511
local	posteriorWeightedMeanNeighborAbsLnLDifference	10.3240638991
basin	numPeaks	57
basin	numPeaksMassGreater01	5
basin	numPeaksMassGreater05	4
basin	largestBasinSize	575331
basin	largestBasinMass	0.7556773473
basin	basinMassEntropy	0.8543228880
basin	effectiveNumBasins	2.3497827757
basin	mapTreeHash	6371587972617561608
basin	mapPeakHash	6371587972617561608
basin	mapPeakId	0
basin	mapBasinMass	0.7556773473
basin	posteriorMassOutsideMapBasin	0.2443226527
ascent	meanAscentLength	10.4302778703
ascent	posteriorWeightedMeanAscentLength	0.5096000254
ascent	meanAscentLengthCredible95	0.8666666667
ascent	posteriorWeightedMeanAscentLengthCredible95	0.4603544550
ascent	maxAscentLength	29
credible95	credible95NumTrees	15
credible95	credible95Mass	0.9547620528
credible95	credible95NumComponents	3
credible95	credible95LargestComponentSize	12
credible95	credible95LargestComponentMass	0.8733446123
credible95	credible95MapComponentSize	12
credible95	credible95MapComponentMass	0.8733446123
barrier	basinGraphEdges	1021
barrier	meanBasinGraphDegree	35.8245614035
barrier	mapBasinGraphDegree	56
barrier	basinGraphConnected	1
barrier	minBarrierFromMap	3.1722953399
barrier	meanBarrier	49.8047144324
barrier	posteriorWeightedMeanBarrier	3.6953682356
barrier	maxBarrier	160.4262758436

# peaks
peakId	peakHash	peakTreeProbability	basinNumTrees	basinPosteriorMass
0	6371587972617561608	0.4217726682	575331	0.7556773473
1	7976387690842223808	0.0606122743	302740	0.0900253766
2	11478852062763085546	0.0430139826	363325	0.0860557540
3	13351281075670761977	0.0208266439	302980	0.0563325244
4	8045306162725016970	0.0083126871	59273	0.0119089977
5	4498173866439340886	0.0000000000	15626	0.0000000000
6	14096216066926910792	0.0000000000	102507	0.0000000000
7	12014440374453940326	0.0000000000	20166	0.0000000000
8	4658462925702556971	0.0000000000	26790	0.0000000000
9	5790242984336714655	0.0000000000	9632	0.0000000000
10	7595910785781508693	0.0000000000	9989	0.0000000000
11	10407805082592081880	0.0000000000	15576	0.0000000000
12	16391259317832671890	0.0000000000	11374	0.0000000000
13	8092288150866125527	0.0000000000	17126	0.0000000000
14	10101455748649481601	0.0000000000	3962	0.0000000000
15	12160679725756406689	0.0000000000	7018	0.0000000000
16	8536167186944703440	0.0000000000	2048	0.0000000000
17	6970281684422671481	0.0000000000	1358	0.0000000000
18	5459067107413703695	0.0000000000	5341	0.0000000000
19	14751980135288900473	0.0000000000	47870	0.0000000000
20	1046237202334094764	0.0000000000	6435	0.0000000000
21	11236653891000862078	0.0000000000	13675	0.0000000000
22	1210771720364226852	0.0000000000	23123	0.0000000000
23	8717651797386555916	0.0000000000	1955	0.0000000000
24	17075031342849060194	0.0000000000	490	0.0000000000
25	5780356174714114032	0.0000000000	27639	0.0000000000
26	3677539687118464806	0.0000000000	8492	0.0000000000
27	13960800826343588478	0.0000000000	4359	0.0000000000
28	9177646350617092470	0.0000000000	6243	0.0000000000
29	12194982764038463404	0.0000000000	1048	0.0000000000
30	16435385630624801419	0.0000000000	76	0.0000000000
31	5152665697369137020	0.0000000000	1114	0.0000000000
32	4966220293146277814	0.0000000000	9007	0.0000000000
33	3738967082803535594	0.0000000000	338	0.0000000000
34	7333685589614754051	0.0000000000	456	0.0000000000
35	14942507290531385320	0.0000000000	3320	0.0000000000
36	14484987023404738761	0.0000000000	5501	0.0000000000
37	297250357982028810	0.0000000000	2282	0.0000000000
38	17668263712404765095	0.0000000000	1593	0.0000000000
39	1729486735494592049	0.0000000000	453	0.0000000000
40	11231203924049915803	0.0000000000	597	0.0000000000
41	1888818331439995210	0.0000000000	1615	0.0000000000
42	9948227892486454105	0.0000000000	2271	0.0000000000
43	10161784703423532569	0.0000000000	1018	0.0000000000
44	10862253799153717808	0.0000000000	305	0.0000000000
45	12561581295480038524	0.0000000000	549	0.0000000000
46	8040595452178790572	0.0000000000	459	0.0000000000
47	10960148060360410973	0.0000000000	777	0.0000000000
48	7794362002244360042	0.0000000000	537	0.0000000000
49	11152803130285824393	0.0000000000	360	0.0000000000
50	475080106213288130	0.0000000000	132	0.0000000000
51	7970541704402291512	0.0000000000	261	0.0000000000
52	10259389231276992146	0.0000000000	107	0.0000000000
53	4640969427895815149	0.0000000000	171	0.0000000000
54	6500793261280460188	0.0000000000	145	0.0000000000
55	2292446775736722074	0.0000000000	54	0.0000000000
56	5570355094948389350	0.0000000000	36	0.0000000000

# saddles
peakId1	peakId2	peakHash1	peakHash2	saddleTree1	saddleTree2	saddleLnL	saddleProbability	barrierFromPeak1	barrierFromPeak2
0	2	6371587972617561608	11478852062763085546	7137483505805051250	12494426630076830622	-7890.7636718750	0.0176712653	3.1722953399	0.8893541123
0	3	6371587972617561608	13351281075670761977	2953561808577632459	14576446237452379692	-7891.4501953125	0.0088947659	3.8588187774	0.8505854308
4	3	8045306162725016970	13351281075670761977	8045306162725016970	9448186465159671816	-7892.3432617188	0.0036425582	0.8252016248	1.7436518371
1	4	7976387690842223808	8045306162725016970	8045306162725016970	11839525205306956945	-7892.7817382812	0.0023494901	3.2503926967	1.2636781873
1	2	7976387690842223808	11478852062763085546	4934064791978617538	11839525205306956945	-7892.9252929688	0.0020352020	3.3939473842	3.0509752060
2	3	11478852062763085546	13351281075670761977	4934064791978617538	9448186465159671816	-7892.9252929688	0.0020352020	3.0509752060	2.3256830871
0	1	6371587972617561608	7976387690842223808	2846326089326918656	12097853690687156908	-7893.7153320312	0.0009234636	6.1239554961	4.1839864467
0	4	6371587972617561608	8045306162725016970	3912065766885527391	8722522948195505779	-7894.0966796875	0.0006306617	6.5053031524	2.5786195936
1	3	7976387690842223808	13351281075670761977	5436064918413713974	13577095825380560099	-7904.1054687500	0.0000000284	14.5741231654	13.5058588683
4	2	8045306162725016970	11478852062763085546	2942923195336691215	12582381244128015763	-7911.6752929688	0.0000000000	20.1572328748	21.8009752060
5	2	4498173866439340886	11478852062763085546	3762233280912486030	4498173866439340886	-7911.9375000000	0.0000000000	1.1595878154	22.0631822373
5	0	4498173866439340886	6371587972617561608	4498173866439340886	10762298895038114059	-7912.0942382812	0.0000000000	1.3163260967	24.5028617461
5	3	4498173866439340886	13351281075670761977	13990497488517519352	16570542550142939605	-7914.6254882812	0.0000000000	3.8475760967	24.0258783996
0	7	6371587972617561608	12014440374453940326	12014440374453940326	12602929810506272723	-7915.1591796875	0.0000000000	27.5678031524	0.7132036331
3	6	13351281075670761977	14096216066926910792	5663485326940994770	14096216066926910792	-7915.3540039062	0.0000000000	24.7543940246	1.3750264905
2	7	11478852062763085546	12014440374453940326	12014440374453940326	17636058104726440194	-7916.2949218750	0.0000000000	26.4206041123	1.8489458206
0	6	6371587972617561608	14096216066926910792	6329590780386921756	9775901591355439255	-7917.5537109375	0.0000000000	29.9623344024	3.5747335217
8	3	4658462925702556971	13351281075670761977	3960979599399240315	4658462925702556971	-7917.8540039062	0.0000000000	0.5144896905	27.2543940246
2	6	11478852062763085546	14096216066926910792	279927113551184097	1923396926134135187	-7918.2622070312	0.0000000000	28.3878892685	4.2832296155
9	0	5790242984336714655	6371587972617561608	5790242984336714655	12515293748681621608	-7918.4072265625	0.0000000000	0.8355578285	30.8158500274
7	6	12014440374453940326	14096216066926910792	1602915312570330913	11302998827934847696	-7918.4829101562	0.0000000000	4.0369341018	4.5039327405
8	9	4658462925702556971	5790242984336714655	5790242984336714655	15424472498815734167	-7918.6396484375	0.0000000000	1.3001342217	1.0679797035
0	10	6371587972617561608	7595910785781508693	4351076318134366629	7595910785781508693	-7920.3120117188	0.0000000000	32.7206351836	0.2199350466
7	3	12014440374453940326	13351281075670761977	14445004012655579435	16125748452850672828	-7921.4511718750	0.0000000000	7.0051958206	30.8515619933
6	12	14096216066926910792	16391259317832671890	4224000373366043335	16391259317832671890	-7921.9316406250	0.0000000000	7.9526632092	0.5793700218
11	7	10407805082592081880	12014440374453940326	10407805082592081880	16892840297472978022	-7922.0117187500	0.0000000000	0.9247989703	7.5657426956
9	3	5790242984336714655	13351281075670761977	10956607004514344276	14151595647403386469	-7922.1528320312	0.0000000000	4.5811632973	31.5532221496
9	6	5790242984336714655	14096216066926910792	7440990719446677829	16863192135978486501	-7922.2529296875	0.0000000000	4.6812609535	8.2739522717
8	0	4658462925702556971	6371587972617561608	3033490319130684818	13636129836884833857	-7922.4951171875	0.0000000000	5.1556029717	34.9037406524
8	2	4658462925702556971	11478852062763085546	7057317644256483646	13636129836884833857	-7922.4951171875	0.0000000000	5.1556029717	32.6207994248
1	11	7976387690842223808	10407805082592081880	841232051254553565	10407805082592081880	-7922.7470703125	0.0000000000	33.2157247279	1.6601505328
0	11	6371587972617561608	10407805082592081880	3998841255863573077	14980173695310741335	-7922.8779296875	0.0000000000	35.2865531524	1.7910099078
10	2	7595910785781508693	11478852062763085546	13666421229780695407	16503334216392677322	-7923.3725585938	0.0000000000	3.2804819216	33.4982408310
8	6	4658462925702556971	14096216066926910792	10186174758446711847	13132151168165930020	-7924.5209960938	0.0000000000	7.1814818780	10.5420186780
3	12	13351281075670761977	16391259317832671890	3664396030190054211	16391259317832671890	-7925.2202148438	0.0000000000	34.6206049621	3.8679442405
14	12	10101455748649481601	16391259317832671890	10101455748649481601	16148214601520606232	-7925.2500000000	0.0000000000	0.0795911864	3.8977293968
13	6	8092288150866125527	14096216066926910792	8020889198917710736	13132151168165930020	-7925.3403320312	0.0000000000	1.7664827039	11.3613546155
14	6	10101455748649481601	14096216066926910792	10101455748649481601	12196372879392941785	-7925.3642578125	0.0000000000	0.1938489989	11.3852803967
1	12	7976387690842223808	16391259317832671890	4501076705616242209	16148214601520606232	-7925.6879882812	0.0000000000	36.1566426967	4.3357176780
1	14	7976387690842223808	10101455748649481601	4501076705616242209	10101455748649481601	-7925.6879882812	0.0000000000	36.1566426967	0.5175794676
2	12	11478852062763085546	16391259317832671890	556734539023446395	17144713661596327892	-7926.0258789062	0.0000000000	36.1515611435	4.6736083030
1	6	7976387690842223808	14096216066926910792	2876970716927977073	4256737892351033154	-7926.5629882812	0.0000000000	37.0316426967	12.5840108655
10	7	7595910785781508693	12014440374453940326	11296992048027845403	17992104924217458891	-7926.7465820312	0.0000000000	6.6545053591	12.3006059768
10	3	7595910785781508693	13351281075670761977	4894441190644683874	8830059915055005730	-7926.8769531250	0.0000000000	6.7848764529	36.2773432433
11	2	10407805082592081880	11478852062763085546	8617908633574434150	13541171906805626283	-7927.1699218750	0.0000000000	6.0830020953	37.2956041123
14	7	10101455748649481601	12014440374453940326	2746679307461809154	17560546910191557146	-7927.1943359375	0.0000000000	2.0239271239	12.7483598831
1	7	7976387690842223808	12014440374453940326	6212011113078256635	15413248439373663607	-7927.3793945312	0.0000000000	37.8480489467	12.9334184768
8	13	4658462925702556971	8092288150866125527	1653664450922758564	8020889198917710736	-7927.6416015625	0.0000000000	10.3020873467	4.0677522352
5	1	4498173866439340886	7976387690842223808	2567987043311033812	11437808673069832727	-7928.0073242188	0.0000000000	17.2294120342	38.4759786342
9	2	5790242984336714655	11478852062763085546	4832417982445257888	5339401744239249932	-7928.0273437500	0.0000000000	10.4556750160	38.1530259873
0	13	6371587972617561608	8092288150866125527	8020889198917710736	10120487153034955486	-7928.0659179688	0.0000000000	40.4745414336	4.4920686414
0	12	6371587972617561608	16391259317832671890	7329018176661880898	8218570484631637424	-7928.3188476562	0.0000000000	40.7274711211	6.9665770530
8	1	4658462925702556971	7976387690842223808	6147948971723455115	6985242973434197204	-7928.9687500000	0.0000000000	11.6292357842	39.4374044154
5	13	4498173866439340886	8092288150866125527	9974328059659808915	17165897527246863534	-7929.6020507812	0.0000000000	18.8241385967	6.0282014539
11	6	10407805082592081880	14096216066926910792	736620899226551494	7228976173937582418	-7930.4296875000	0.0000000000	9.3427677203	16.4507100842
0	14	6371587972617561608	10101455748649481601	13193541136841275266	17560546910191557146	-7930.6098632812	0.0000000000	43.0184867461	5.4394544676
9	1	5790242984336714655	7976387690842223808	492972130678267141	1362106226333238534	-7930.6831054688	0.0000000000	13.1114367348	41.1517598842
11	3	10407805082592081880	13351281075670761977	736620899226551494	11560127016256525871	-7930.9189453125	0.0000000000	9.8320255328	40.3193354308
13	3	8092288150866125527	13351281075670761977	1969134426461691763	15150515243466424338	-7930.9189453125	0.0000000000	7.3450959852	40.3193354308
4	11	8045306162725016970	10407805082592081880	233499366091578249	476913269336850786	-7931.4433593750	0.0000000000	39.9252992811	10.3564395953
5	6	4498173866439340886	14096216066926910792	4410753268679293699	5571948268873351261	-7932.3740234375	0.0000000000	21.5961112529	18.3950460217
13	2	8092288150866125527	11478852062763085546	1976197267148950487	8223996810545802259	-7932.3994140625	0.0000000000	8.8255647352	42.5250962998
10	6	7595910785781508693	14096216066926910792	6525592864250418557	15154800374194861094	-7932.7753906250	0.0000000000	12.6833139529	18.7964132092
0	15	6371587972617561608	12160679725756406689	12160679725756406689	12679464615035592614	-7933.1357421875	0.0000000000	45.5443656524	1.5255865628
0	16	6371587972617561608	8536167186944703440	8536167186944703440	12679464615035592614	-7933.1357421875	0.0000000000	45.5443656524	0.0555056443
16	15	8536167186944703440	12160679725756406689	8536167186944703440	10899322118805301506	-7933.2270507812	0.0000000000	0.1468142380	1.6168951566
14	3	10101455748649481601	13351281075670761977	8090024683403414672	18212683796149753809	-7933.2929687500	0.0000000000	8.1225599364	42.6933588683
10	15	7595910785781508693	12160679725756406689	12160679725756406689	13274740227925348747	-7934.0888671875	0.0000000000	13.9967905154	2.4787115628
10	1	7595910785781508693	7976387690842223808	6395767267344825203	7645329799109635117	-7934.1796875000	0.0000000000	14.0876108279	44.6483419154
8	17	4658462925702556971	6970281684422671481	6970281684422671481	13206280078615431942	-7935.1577148438	0.0000000000	17.8182006280	0.3411721674
5	15	4498173866439340886	12160679725756406689	12160679725756406689	18260572956068271511	-7935.3803710938	0.0000000000	24.6024589092	3.7702154691
2	15	11478852062763085546	12160679725756406689	1889555834118069863	8034063761617867916	-7936.4023437500	0.0000000000	46.5280259873	4.7921881253
14	2	10101455748649481601	11478852062763085546	8662303454502205270	17746495515919334528	-7936.8261718750	0.0000000000	11.6557630614	46.9518541123
10	14	7595910785781508693	10101455748649481601	7645329799109635117	17881941208917736492	-7937.1562500000	0.0000000000	17.0641733279	11.9858411864
17	3	6970281684422671481	13351281075670761977	6970281684422671481	15043446941806648013	-7937.1596679688	0.0000000000	2.3431252924	46.5600580871
9	7	5790242984336714655	12014440374453940326	4360641099578212560	12158079398526747308	-7937.1855468750	0.0000000000	19.6138781410	22.7395708206
5	16	4498173866439340886	8536167186944703440	15377270520001144828	18260572956068271511	-7938.1606445312	0.0000000000	27.3827323467	5.0804079880
7	15	12014440374453940326	12160679725756406689	8034063761617867916	12787266941480504135	-7938.1616210938	0.0000000000	23.7156450393	6.5514654691
13	15	8092288150866125527	12160679725756406689	5876004191214493802	12246868945011965903	-7938.1752929688	0.0000000000	14.6014436414	6.5651373441
17	2	6970281684422671481	11478852062763085546	3363598424945820926	6970281684422671481	-7938.2749023438	0.0000000000	3.4583596674	48.4005845810
9	12	5790242984336714655	16391259317832671890	3447436851972743273	8924497825921802059	-7939.4184570312	0.0000000000	21.8467882973	18.0661864280
15	3	12160679725756406689	13351281075670761977	7110646048593477918	8129643911233933638	-7939.7739257812	0.0000000000	8.1637701566	49.1743158996
17	13	6970281684422671481	8092288150866125527	5913386120972526817	12478137807061224209	-7940.5590820312	0.0000000000	5.7425393549	16.9852327039
18	0	5459067107413703695	6371587972617561608	5459067107413703695	9855876442626051006	-7941.0048828125	0.0000000000	0.7280681595	53.4135062774
7	12	12014440374453940326	16391259317832671890	9852068838525606452	11707149584305566496	-7941.3310546875	0.0000000000	26.8850786331	19.9787840843
4	6	8045306162725016970	14096216066926910792	2333410729659211510	7494690254769854157	-7941.3457031250	0.0000000000	49.8276430311	27.3667257092
8	12	4658462925702556971	16391259317832671890	1431110347473275427	14958250382193869006	-7941.5395507812	0.0000000000	24.2000365655	20.1872801780
5	10	4498173866439340886	7595910785781508693	674221342324830290	3772835315489283696	-7942.2553710938	0.0000000000	31.4774589092	22.1632944216
5	7	4498173866439340886	12014440374453940326	257763227141170786	12787266941480504135	-7942.5678710938	0.0000000000	31.7899589092	28.1218950393
1	13	7976387690842223808	8092288150866125527	1698185329691827809	7203965578641427029	-7943.2456054688	0.0000000000	53.7142598842	19.6717561414
18	3	5459067107413703695	13351281075670761977	3704132821711440391	12420706170515745313	-7943.4609375000	0.0000000000	3.1841228470	52.8613276183
5	4	4498173866439340886	8045306162725016970	367181412340993548	15464553944850877732	-7944.0659179688	0.0000000000	33.2880057842	52.5478578748
15	6	12160679725756406689	14096216066926910792	1372790192866795724	17792709902451404223	-7944.3955078125	0.0000000000	12.7853521878	30.4165303967
16	2	8536167186944703440	11478852062763085546	5520734239408967698	8556208539070614951	-7944.6303710938	0.0000000000	11.5501345505	54.7560533310
5	12	4498173866439340886	16391259317832671890	5052215893262297669	16231556230747557167	-7945.1298828125	0.0000000000	34.3519706279	23.7776122093
18	2	5459067107413703695	11478852062763085546	5878463838316095592	17300946626920569413	-7945.5698242188	0.0000000000	5.2930095657	55.6955064560
0	17	6371587972617561608	6970281684422671481	9305682186251940426	18430860177646861398	-7945.6235351562	0.0000000000	58.0321586211	10.8069924799
17	6	6970281684422671481	14096216066926910792	7433186928027616985	12084918833645006477	-7945.7065429688	0.0000000000	10.8900002924	31.7275655530
16	7	8536167186944703440	12014440374453940326	786249173291736028	8103310509209311762	-7946.3491210938	0.0000000000	13.2688845505	31.9031450393
13	12	8092288150866125527	16391259317832671890	1783275941849748686	6972324389961330684	-7946.5390625000	0.0000000000	22.9652131727	25.1867918968
8	4	4658462925702556971	8045306162725016970	239431839858193941	9845522828319041040	-7946.8652343750	0.0000000000	29.5257201592	55.3471742811
4	14	8045306162725016970	10101455748649481601	4194579306363083352	5368994138532950936	-7948.2153320312	0.0000000000	56.6972719373	23.0449232176
10	16	7595910785781508693	8536167186944703440	6027834509566999676	10135195508911255418	-7948.2983398438	0.0000000000	28.2062631716	15.2181033005
4	7	8045306162725016970	12014440374453940326	14703743146388166697	15940367062952281012	-7948.4433593750	0.0000000000	56.9252992811	33.9973833206
2	19	11478852062763085546	14751980135288900473	1225716691631404491	14751980135288900473	-7948.7900390625	0.0000000000	58.9157212998	4.1699021083
1	19	7976387690842223808	14751980135288900473	523861132814376034	14094251307733762769	-7948.8588867188	0.0000000000	59.3275411342	4.2387497646
20	0	1046237202334094764	6371587972617561608	8148858409429769362	15769341979240862520	-7949.7768554688	0.0000000000	2.2009703732	62.1854789336
20	18	1046237202334094764	5459067107413703695	1046237202334094764	16796674601961165648	-7950.1503906250	0.0000000000	2.5745055294	9.8735759720
13	16	8092288150866125527	8536167186944703440	5629740423469274152	8765938552729046332	-7950.5229492188	0.0000000000	26.9490998914	17.4427126755
20	1	1046237202334094764	7976387690842223808	1046237202334094764	16932442455653711187	-7950.6406250000	0.0000000000	3.0647399044	61.1092794154
1	15	7976387690842223808	12160679725756406689	10173706294872110218	11609719513824841045	-7950.6538085938	0.0000000000	61.1224630092	19.0436529691
9	13	5790242984336714655	8092288150866125527	1275348296100077310	6650464203755580496	-7951.1831054688	0.0000000000	33.6114367348	27.6092561414
0	23	6371587972617561608	8717651797386555916	8717651797386555916	10571339969670045274	-7952.0073242188	0.0000000000	64.4159476836	0.7236544165
20	3	1046237202334094764	13351281075670761977	13832132187155025978	17938296626151101929	-7952.4575195312	0.0000000000	4.8816344357	61.8579096496
23	3	8717651797386555916	13351281075670761977	928172627687228416	17329692544085888287	-7952.6718750000	0.0000000000	1.3882051978	62.0722651183
0	19	6371587972617561608	14751980135288900473	4182155637218695190	16401992624880058728	-7952.8510742188	0.0000000000	65.2596976836	8.2309372646
16	3	8536167186944703440	13351281075670761977	6606007051591746290	10120131575479020170	-7952.8896484375	0.0000000000	19.8094118943	62.2900385558
0	21	6371587972617561608	11236653891000862078	9210472815776697191	16564379173227581454	-7952.9096679688	0.0000000000	65.3182914336	2.9642414562
9	4	5790242984336714655	8045306162725016970	5226419176708397205	10690727694550000265	-7953.0253906250	0.0000000000	35.4537218910	61.5073305311
0	24	6371587972617561608	17075031342849060194	12815623072683630665	17075031342849060194	-7953.4423828125	0.0000000000	65.8510062774	1.0345580176
1	24	7976387690842223808	17075031342849060194	9424504814759238356	17075031342849060194	-7953.5869140625	0.0000000000	64.0555684779	1.1790892676
5	21	4498173866439340886	11236653891000862078	8006313343574077318	8475449652391805760	-7953.8315429688	0.0000000000	43.0536307842	3.8861164562
21	2	11236653891000862078	11478852062763085546	4687592390615823974	8006313343574077318	-7953.8374023438	0.0000000000	3.8919758312	63.9630845810
21	3	11236653891000862078	13351281075670761977	8006313343574077318	15823311198362366115	-7954.0083007812	0.0000000000	4.0628742687	63.4086908996
8	7	4658462925702556971	12014440374453940326	12943529044929941962	15244653812035856988	-7954.0717773438	0.0000000000	36.7322631280	39.6258012893
22	6	1210771720364226852	14096216066926910792	3367044830196997247	7970864766124937483	-7954.1093750000	0.0000000000	2.9118128868	40.1303975842
4	12	8045306162725016970	16391259317832671890	767333273558774694	14645212800201677663	-7954.2246093750	0.0000000000	62.7065492811	32.8723387718
22	2	1210771720364226852	11478852062763085546	330492688335129750	11527562135715506033	-7954.4414062500	0.0000000000	3.2438441368	64.5670884873
10	13	7595910785781508693	8092288150866125527	2870321818514074599	13591264069951593567	-7954.6220703125	0.0000000000	34.5299936404	31.0482209852
9	17	5790242984336714655	6970281684422671481	5521703722234213016	13833660135504246029	-7954.7827148438	0.0000000000	37.2110461098	19.9661721674
20	2	1046237202334094764	11478852062763085546	13559592541411696993	15800845269538061323	-7955.0405273438	0.0000000000	7.4646422482	65.1662095810
26	2	3677539687118464806	11478852062763085546	3045505494568140627	3677539687118464806	-7955.3500976562	0.0000000000	0.5703251797	65.4757798935
4	19	8045306162725016970	14751980135288900473	14579250553384803272	16413698694665359461	-7955.8032226562	0.0000000000	64.2851625623	11.1830857021
22	3	1210771720364226852	13351281075670761977	5443177772693429453	12302181120898399212	-7956.0068359375	0.0000000000	4.8092738243	65.4072260558
1	28	7976387690842223808	9177646350617092470	46527074596515487	9177646350617092470	-7956.2885742188	0.0000000000	66.7572286342	0.3457318868
11	24	10407805082592081880	17075031342849060194	9212232554661366250	10082752981129427411	-7956.3920898438	0.0000000000	35.3051700641	3.9842650489
22	27	1210771720364226852	13960800826343588478	3271173401733600060	17599170478682780930	-7956.4233398438	0.0000000000	5.2257777306	1.4300922381
1	16	7976387690842223808	8536167186944703440	2298064360442467766	13690963814380783071	-7956.6318359375	0.0000000000	67.1004903529	23.5515993943
10	11	7595910785781508693	10407805082592081880	648458652144411086	4646144247628455864	-7956.7749023438	0.0000000000	36.6828256716	35.6879825641
26	25	3677539687118464806	5780356174714114032	3677539687118464806	13971540822156662066	-7956.9067382812	0.0000000000	2.1269658047	2.8741420061
13	24	8092288150866125527	17075031342849060194	422127975693044476	16804849892468918055	-7956.9941406250	0.0000000000	33.4202912977	4.5863158301
25	2	5780356174714114032	11478852062763085546	2511866825323426214	13971540822156662066	-7957.3476562500	0.0000000000	3.3150599749	67.4733384873
16	11	8536167186944703440	10407805082592081880	7527122306536317035	16754723580936056905	-7957.5029296875	0.0000000000	24.4226931443	36.4160099078
22	25	1210771720364226852	5780356174714114032	3245753478385467187	16984655080005387939	-7957.5048828125	0.0000000000	6.3073206993	3.4722865374
22	0	1210771720364226852	6371587972617561608	3136305281591018965	8321611428721910499	-7957.7617187500	0.0000000000	6.5641566368	70.1703422149
0	27	6371587972617561608	13960800826343588478	3271173401733600060	9220571434017337636	-7957.7626953125	0.0000000000	70.1713187774	2.7694477068
0	28	6371587972617561608	9177646350617092470	14301405888104204457	16152048385004374133	-7957.8281250000	0.0000000000	70.2367484649	1.8852826681
23	2	8717651797386555916	11478852062763085546	15547133522341334527	17709638572570602787	-7957.8813476562	0.0000000000	6.5976778540	68.0070298935
28	19	9177646350617092470	14751980135288900473	4120646040886563477	14464263641313774175	-7958.5063476562	0.0000000000	2.5635053243	13.8862107021
27	6	13960800826343588478	14096216066926910792	7843463104919904329	13520796180125364951	-7958.5507812500	0.0000000000	3.5575336443	44.5718038342
5	14	4498173866439340886	10101455748649481601	1093757336579116204	14699393106420025049	-7958.7373046875	0.0000000000	47.9593925029	33.5668958739
7	24	12014440374453940326	17075031342849060194	15781745749501778824	16824225367546389515	-7958.8422851562	0.0000000000	44.3963091018	6.4344603614
2	30	11478852062763085546	16435385630624801419	9546666949771643853	16435385630624801419	-7958.9291992188	0.0000000000	69.0548814560	0.1671651863
2	29	11478852062763085546	12194982764038463404	12194982764038463404	15427374190102280682	-7959.1416015625	0.0000000000	69.2672837998	1.1689624709
0	30	6371587972617561608	16435385630624801419	16435385630624801419	17800947932800899221	-7959.1860351562	0.0000000000	71.5946586211	0.4240011238
2	27	11478852062763085546	13960800826343588478	286829255911074939	7486257410409980685	-7959.2128906250	0.0000000000	69.3385728623	4.2196430193
3	27	13351281075670761977	13960800826343588478	286829255911074939	16503198489739779525	-7959.2128906250	0.0000000000	68.6132807433	4.2196430193
3	19	13351281075670761977	14751980135288900473	13973110088051067630	14855593287846481030	-7959.2324218750	0.0000000000	68.6328119933	14.6122849208
11	12	10407805082592081880	16391259317832671890	2265385281701244801	5167686133363625089	-7959.4243164062	0.0000000000	38.3373966266	38.0720458030
18	1	5459067107413703695	7976387690842223808	1530228083589434472	6494249527805155184	-7959.5634765625	0.0000000000	19.2866619095	70.0321309779
25	6	5780356174714114032	14096216066926910792	4115480610084845544	17653446445471324118	-7959.5991210938	0.0000000000	5.5665248186	45.6201436780
28	3	9177646350617092470	13351281075670761977	4369181392154371377	9557948456228565743	-7959.7348632812	0.0000000000	3.7920209493	69.1352533996
14	15	10101455748649481601	12160679725756406689	6167262766348076402	16061641696690517800	-7959.7719726562	0.0000000000	34.6015638426	28.1618170316
13	7	8092288150866125527	12014440374453940326	10740214861079248059	10878298507948672152	-7959.8315429688	0.0000000000	36.2576936414	45.3855669143
31	0	5152665697369137020	6371587972617561608	5152665697369137020	6869151558283462787	-7960.0273437500	0.0000000000	0.3729001255	72.4359672149
0	29	6371587972617561608	12194982764038463404	11636464113858139567	13757171094680509658	-7960.1337890625	0.0000000000	72.5424125274	2.1611499709
28	2	9177646350617092470	11478852062763085546	3216123430081578368	15427374190102280682	-7960.3266601562	0.0000000000	4.3838178243	70.4523423935
28	29	9177646350617092470	12194982764038463404	3216123430081578368	13757171094680509658	-7960.3266601562	0.0000000000	4.3838178243	2.3540210647
5	11	4498173866439340886	10407805082592081880	11212918341480331608	11219964152214429179	-7960.9741210938	0.0000000000	50.1962089092	39.8872013141
26	18	3677539687118464806	5459067107413703695	8417693021378465683	13819577911170590706	-7961.1606445312	0.0000000000	6.3808720547	20.8838298782
11	15	10407805082592081880	12160679725756406689	15983580925032905952	16754723580936056905	-7961.2324218750	0.0000000000	40.1455020953	29.6222662503
16	6	8536167186944703440	14096216066926910792	3152003050902539023	16090353951499797991	-7961.2519531250	0.0000000000	28.1717165818	47.2729757092
10	12	7595910785781508693	16391259317832671890	1095439912413353953	12909880589852145783	-7961.3569335938	0.0000000000	41.2648569216	40.0046629905
33	1	3738967082803535594	7976387690842223808	3738967082803535594	7698199618955356974	-7961.6503906250	0.0000000000	0.8120726779	72.1190450404
5	8	4498173866439340886	4658462925702556971	14992948201420454525	16305600899530283804	-7961.7919921875	0.0000000000	51.0140800029	44.4524779717
0	34	6371587972617561608	7333685589614754051	7333685589614754051	16935223219947635368	-7961.8867187500	0.0000000000	74.2953422149	0.5305690441
32	19	4966220293146277814	14751980135288900473	4966220293146277814	15014601917388580812	-7962.3930664062	0.0000000000	2.6011741710	17.7729294521
13	11	8092288150866125527	10407805082592081880	2146522148007938177	10614330420132004827	-7962.4062500000	0.0000000000	38.8324006727	41.3193302203
25	3	5780356174714114032	13351281075670761977	17238959555244374993	18324472959360292969	-7962.4184570312	0.0000000000	8.3858607561	71.8188471496
18	25	5459067107413703695	5780356174714114032	1308282048727766352	6775609978027204409	-7962.5585937500	0.0000000000	22.2817790970	8.5259974749
2	24	11478852062763085546	17075031342849060194	6048627643533507266	14347146059544908171	-7962.6640625000	0.0000000000	72.7897447373	10.2562377051
26	0	3677539687118464806	6371587972617561608	1580878720624520371	6419116406467121816	-7962.7680664062	0.0000000000	7.9882939297	75.1766898711
26	32	3677539687118464806	4966220293146277814	4966220293146277814	7266196537123216640	-7962.8833007812	0.0000000000	8.1035283047	3.0914085460
34	3	7333685589614754051	13351281075670761977	2351378313465114299	7333685589614754051	-7962.8862304688	0.0000000000	1.5300807629	72.2866205871
14	11	10101455748649481601	10407805082592081880	13919471672067376907	15036290143037102297	-7962.9233398438	0.0000000000	37.7529310301	41.8364200641
22	35	1210771720364226852	14942507290531385320	14942507290531385320	16639919432363053771	-7963.0854492188	0.0000000000	11.8878871056	0.9243872237
34	2	7333685589614754051	11478852062763085546	5821051039994173430	7333685589614754051	-7963.1103515625	0.0000000000	1.7542018566	73.2360337998
33	0	3738967082803535594	6371587972617561608	3738967082803535594	14384167576711479203	-7963.1113281250	0.0000000000	2.2730101779	75.5199515899
23	21	8717651797386555916	11236653891000862078	1728571970977473403	11856899958710815864	-7963.1342773438	0.0000000000	11.8506075415	13.1888508312
19	35	14751980135288900473	14942507290531385320	12931836633152912013	14942507290531385320	-7963.3403320312	0.0000000000	18.7201950771	1.1792700362
31	3	5152665697369137020	13351281075670761977	4421293481542560254	5152665697369137020	-7963.3759765625	0.0000000000	3.7215329380	72.7763666808
34	1	7333685589614754051	7976387690842223808	2880613783313246626	15752200677189851066	-7963.5449218750	0.0000000000	2.1887721691	74.0135762904
25	9	5780356174714114032	5790242984336714655	8519261646113145717	12322150449774436946	-7964.1240234375	0.0000000000	10.0914271624	46.5523547035
25	0	5780356174714114032	6371587972617561608	3701771558214728222	4476724932018538008	-7964.3813476562	0.0000000000	10.3487513811	76.7899711211
18	23	5459067107413703695	8717651797386555916	1091178179259410135	16202688850760480349	-7964.6948242188	0.0000000000	24.4180095657	13.4111544165
6	36	14096216066926910792	14484987023404738761	12604101435143499702	14484987023404738761	-7964.7524414062	0.0000000000	50.7734639905	0.6345199002
29	19	12194982764038463404	14751980135288900473	13308339770165363179	15996963480707703824	-7964.9194335938	0.0000000000	6.9467945022	20.2992966396
26	3	3677539687118464806	13351281075670761977	2877641789317113231	15317847566307589624	-7965.0439453125	0.0000000000	10.2641728359	74.4443354308
17	1	6970281684422671481	7976387690842223808	1954603341706088218	16251041100447470396	-7965.2768554688	0.0000000000	30.4603127924	75.7455098842
33	8	3738967082803535594	4658462925702556971	3738967082803535594	18252524392289298694	-7965.3100585938	0.0000000000	4.4717406467	47.9705443780
13	21	8092288150866125527	11236653891000862078	5435480061285699282	9379200531748706476	-7965.6386718750	0.0000000000	42.0648225477	15.6932453625
22	36	1210771720364226852	14484987023404738761	14484987023404738761	15248586465291882504	-7965.8286132812	0.0000000000	14.6310511681	1.7106917752
8	11	4658462925702556971	10407805082592081880	3639946912771788368	14986099215221276177	-7965.9003906250	0.0000000000	48.5608764092	44.8134708453
8	25	4658462925702556971	5780356174714114032	2067644527236674676	13408684469112303275	-7965.9233398438	0.0000000000	48.5838256280	11.8907435686
11	19	10407805082592081880	14751980135288900473	4451448322472753167	9128169666451477906	-7966.0112304688	0.0000000000	44.9243106891	21.3910935146
18	21	5459067107413703695	11236653891000862078	9146039213623973092	15637213259428790875	-7966.1733398438	0.0000000000	25.8965251907	16.2279133312
7	19	12014440374453940326	14751980135288900473	14914512007876432711	18299340181729067076	-7966.2036132812	0.0000000000	51.7576372268	21.5834763271
0	38	6371587972617561608	17668263712404765095	100016037990313097	17668263712404765095	-7966.3334960938	0.0000000000	78.7421195586	0.0737254891
39	0	1729486735494592049	6371587972617561608	1729486735494592049	5758815552085200791	-7966.4072265625	0.0000000000	0.0359076870	78.8158500274
6	35	14096216066926910792	14942507290531385320	9137800035958447826	9797498857061777833	-7966.5991210938	0.0000000000	52.6201436780	4.4380590987
39	6	1729486735494592049	14096216066926910792	1729486735494592049	16795138143035127815	-7966.7119140625	0.0000000000	0.3405951870	52.7329366467
39	3	1729486735494592049	13351281075670761977	1729486735494592049	14525777486391506728	-7966.9814453125	0.0000000000	0.6101264370	76.3818354308
6	24	14096216066926910792	17075031342849060194	1425001253931372493	10712058034891364134	-7967.0566406250	0.0000000000	53.0776632092	14.6488158301
4	24	8045306162725016970	17075031342849060194	5749605995471328074	6619214640772309785	-7967.3310546875	0.0000000000	75.8129945936	14.9232298926
29	3	12194982764038463404	13351281075670761977	4820926016180246893	17919754282387323842	-7967.5200195312	0.0000000000	9.5473804397	76.9204096496
25	27	5780356174714114032	13960800826343588478	970545742552716580	10847958226949492966	-7967.5634765625	0.0000000000	13.5308802874	12.5702289568
1	29	7976387690842223808	12194982764038463404	8710916725264199251	14551605380110101902	-7967.6030273438	0.0000000000	78.0716817592	9.6303882522
32	25	4966220293146277814	5780356174714114032	6389428974022253906	16551528061729606431	-7967.6499023438	0.0000000000	7.8580101085	13.6173060686
37	2	297250357982028810	11478852062763085546	297250357982028810	4928195201737719583	-7967.8017578125	0.0000000000	2.1407090299	77.9274400498
1	40	7976387690842223808	11231203924049915803	4175865815201127159	11231203924049915803	-7967.8925781250	0.0000000000	78.3612325404	0.2580599553
3	24	13351281075670761977	17075031342849060194	12314368698400114726	15768899647384639617	-7968.0346679688	0.0000000000	77.4350580871	15.6268431739
33	17	3738967082803535594	6970281684422671481	8150507888638405983	16251041100447470396	-7968.0571289062	0.0000000000	7.2188109592	33.2405862299
22	41	1210771720364226852	1888818331439995210	1888818331439995210	15947359319491833225	-7968.0756835938	0.0000000000	16.8781214806	0.1120466217
1	35	7976387690842223808	14942507290531385320	10597969130369501787	18439741091624690027	-7968.1210937500	0.0000000000	78.5897481654	5.9600317550
37	0	297250357982028810	6371587972617561608	297250357982028810	13107349670029120280	-7968.2475585938	0.0000000000	2.5865098112	80.6561820586
25	35	5780356174714114032	14942507290531385320	2253640547662380921	8314367070629350577	-7968.2768554688	0.0000000000	14.2442591936	6.1157934737
40	19	11231203924049915803	14751980135288900473	11231203924049915803	14946105028613764859	-7968.3212890625	0.0000000000	0.6867708928	23.7011521083
32	1	4966220293146277814	7976387690842223808	6631471376844176119	11746409312218426946	-7968.3608398438	0.0000000000	8.5689476085	78.8294942592
22	38	1210771720364226852	17668263712404765095	12721295669634597410	17668263712404765095	-7968.4057617188	0.0000000000	17.2081996056	2.1459911141
18	4	5459067107413703695	8045306162725016970	2298760971381769653	16844764462682545213	-7968.7226562500	0.0000000000	28.4458415970	77.2045961561
4	13	8045306162725016970	8092288150866125527	6315774762481325914	9701504048371859030	-7968.7700195312	0.0000000000	77.2519594373	45.1961702039
42	36	9948227892486454105	14484987023404738761	4720943821497343390	9948227892486454105	-7968.8183593750	0.0000000000	0.2355265027	4.7004378690
36	35	14484987023404738761	14942507290531385320	1913456897549746090	5919068282680991149	-7968.9531250000	0.0000000000	4.8352034940	6.7920630050
36	19	14484987023404738761	14751980135288900473	4720943821497343390	11892954025022057313	-7969.0209960938	0.0000000000	4.9030745877	24.4008591396
42	19	9948227892486454105	14751980135288900473	9948227892486454105	11892954025022057313	-7969.0209960938	0.0000000000	0.4381632214	24.4008591396
42	6	9948227892486454105	14096216066926910792	9948227892486454105	13610759307280749634	-7969.0302734375	0.0000000000	0.4474405652	55.0512960217
8	24	4658462925702556971	17075031342849060194	957254764254678693	1117335561261764363	-7969.6020507812	0.0000000000	52.2625365655	17.1942259864
31	18	5152665697369137020	5459067107413703695	12698635988507210300	14787116865765266697	-7969.8129882812	0.0000000000	10.1585446567	29.5361736282
37	9	297250357982028810	5790242984336714655	297250357982028810	2398887045996713984	-7969.8354492188	0.0000000000	4.1744004362	52.2637804848
32	2	4966220293146277814	11478852062763085546	3032844325830967971	8649176528828945653	-7970.0229492188	0.0000000000	10.2310569835	80.1486314560
36	12	14484987023404738761	16391259317832671890	7329675424750258486	12719259241574137727	-7970.0468750000	0.0000000000	5.9289534940	48.6946043968
42	7	9948227892486454105	12014440374453940326	1499550221111512408	9432166451728917260	-7970.2573242188	0.0000000000	1.6744913464	55.8113481643
2	36	11478852062763085546	14484987023404738761	31704452118078958	876599534487197783	-7970.4550781250	0.0000000000	80.5807603623	6.3371566190
41	1	1888818331439995210	7976387690842223808	3001423715206529263	14674721655666421186	-7970.5429687500	0.0000000000	2.5793317780	81.0116231654
8	14	4658462925702556971	10101455748649481601	271862136095101431	9235647259444950029	-7970.5615234375	0.0000000000	53.2220092217	45.3911146239
20	4	1046237202334094764	8045306162725016970	2285852204055772048	16764917496501920872	-7970.5942382812	0.0000000000	23.0183531857	79.0761781873
25	19	5780356174714114032	14751980135288900473	2718324462686406608	16551528061729606431	-7970.6157226562	0.0000000000	16.5831263811	25.9955857021
4	15	8045306162725016970	12160679725756406689	15857065732203060655	16074360271204192565	-7970.6606445312	0.0000000000	79.1425844373	39.0504889066
4	28	8045306162725016970	9177646350617092470	2012889480939853038	2314470132654292775	-7970.9404296875	0.0000000000	79.4223695936	14.9975873556
20	32	1046237202334094764	4966220293146277814	11418516085456024486	17342268632609443496	-7971.0439453125	0.0000000000	23.4680602169	11.2520530773
41	12	1888818331439995210	16391259317832671890	1888818331439995210	16295444928516942158	-7971.0585937500	0.0000000000	3.0949567780	49.7063231468
2	38	11478852062763085546	17668263712404765095	3186259490340920127	16865573640278225553	-7971.3359375000	0.0000000000	81.4616197373	5.0761668954
37	22	297250357982028810	1210771720364226852	5176505852088037844	7148485494499460569	-7971.3413085938	0.0000000000	5.6802598112	20.1437464806
3	35	13351281075670761977	14942507290531385320	9946234584857763992	11557822166274765806	-7971.4384765625	0.0000000000	80.8388666808	9.2774145675
3	38	13351281075670761977	17668263712404765095	6069308482849348481	9360770337294271685	-7971.5664062500	0.0000000000	80.9667963683	5.3066356454
43	15	10161784703423532569	12160679725756406689	10161784703423532569	14804969492339206215	-7971.7231445312	0.0000000000	0.9327770496	40.1129889066
26	44	3677539687118464806	10862253799153717808	4552654893598597109	10862253799153717808	-7971.7617187500	0.0000000000	16.9819462734	0.4186634174
33	9	3738967082803535594	5790242984336714655	4252290182674031655	11710172592682990804	-7971.8344726562	0.0000000000	10.9961547092	54.2628039223
1	44	7976387690842223808	10862253799153717808	544781340811026482	10862253799153717808	-7972.0966796875	0.0000000000	82.5653341029	0.7536243549
6	19	14096216066926910792	14751980135288900473	10379146017391360441	12766668590721797845	-7972.2597656250	0.0000000000	58.2807882092	27.6396286708
0	43	6371587972617561608	10161784703423532569	10161784703423532569	15561321490800046888	-7972.3310546875	0.0000000000	84.7396781524	1.5406872059
20	44	1046237202334094764	10862253799153717808	10862253799153717808	12182320947268466376	-7972.5766601562	0.0000000000	25.0007750607	1.2336048236
16	12	8536167186944703440	16391259317832671890	5010687447330823410	16176714308652746794	-7972.6796875000	0.0000000000	39.5994509568	51.3274168968
22	19	1210771720364226852	14751980135288900473	5147030380220723813	9244982094766096747	-7972.7978515625	0.0000000000	21.6002894493	28.1777146083
39	23	1729486735494592049	8717651797386555916	7566346274541684436	12185960416295063086	-7973.1420898438	0.0000000000	6.7707709682	21.8584200415
32	0	4966220293146277814	6371587972617561608	8700589410046415796	13144113030654154828	-7973.1455078125	0.0000000000	13.3536155773	85.5541312774
25	44	5780356174714114032	10862253799153717808	1743389679874938433	10862253799153717808	-7973.1772460938	0.0000000000	19.1446498186	1.8341907611
11	35	10407805082592081880	14942507290531385320	4303950243437003961	9984230802654297531	-7973.2753906250	0.0000000000	52.1884708453	11.1143286300
2	35	11478852062763085546	14942507290531385320	4925611511071078147	9984230802654297531	-7973.3466796875	0.0000000000	83.4723619248	11.1856176925
33	6	3738967082803535594	14096216066926910792	6963203328338708515	13621063819081177072	-7973.3486328125	0.0000000000	12.5103148654	59.3696553967
22	12	1210771720364226852	16391259317832671890	2684620448477667186	16295444928516942158	-7973.3930664062	0.0000000000	22.1955042931	52.0407958030
26	6	3677539687118464806	14096216066926910792	7340492743046163898	11343255490676321270	-7973.4707031250	0.0000000000	18.6909306484	59.4917257092
2	45	11478852062763085546	12561581295480038524	6644105769200915144	12561581295480038524	-7973.6801757812	0.0000000000	83.8058580185	0.2440348243
25	1	5780356174714114032	7976387690842223808	1743389679874938433	13766443065807345437	-7973.6918945312	0.0000000000	19.6592982561	84.1605489467
42	14	9948227892486454105	10101455748649481601	824187369528052424	10841739534151685524	-7973.7700195312	0.0000000000	5.1871866589	48.5996107176
37	8	297250357982028810	4658462925702556971	7148485494499460569	13885153971229090059	-7973.7709960938	0.0000000000	8.1099473112	56.4314818780
5	43	4498173866439340886	10161784703423532569	10161784703423532569	18412069892638286403	-7973.8471679688	0.0000000000	63.0692557842	3.0568004871
41	25	1888818331439995210	5780356174714114032	8122023694328274071	11999598409800426099	-7973.8735351562	0.0000000000	5.9098981842	19.8409388811
40	2	11231203924049915803	11478852062763085546	10224961804274849071	15004583922462018868	-7973.8833007812	0.0000000000	6.2487826116	84.0089830185
9	24	5790242984336714655	17075031342849060194	9357805862847610990	10470660453590075043	-7974.1196289062	0.0000000000	56.5479601723	21.7118041114
33	2	3738967082803535594	11478852062763085546	6611450983304573709	11886531945034213748	-7974.1748046875	0.0000000000	13.3364867404	84.3004869248
10	4	7595910785781508693	8045306162725016970	1775716939672918707	3744519155961133511	-7974.2021484375	0.0000000000	54.1100717654	82.6840883436
22	8	1210771720364226852	4658462925702556971	1918878720756641034	7714976434266016879	-7974.2670898438	0.0000000000	23.0695277306	56.9275756280
42	2	9948227892486454105	11478852062763085546	6422428087620792425	8424724898172722384	-7974.2685546875	0.0000000000	5.6857218152	84.3942369248
37	6	297250357982028810	14096216066926910792	7148485494499460569	17080351367205085065	-7974.2729492188	0.0000000000	8.6119004362	60.2939718030
31	1	5152665697369137020	7976387690842223808	1083461975930459803	15436083661844148165	-7974.3803710938	0.0000000000	14.7259274692	84.8490255092
0	45	6371587972617561608	12561581295480038524	3749413297537921579	12561581295480038524	-7974.4399414062	0.0000000000	86.8485648711	1.0038004493
25	13	5780356174714114032	8092288150866125527	1995051354493369150	3602167106632375851	-7974.4980468750	0.0000000000	20.4654505999	50.9241975477
26	7	3677539687118464806	12014440374453940326	1777699555619201737	16927180072646935390	-7974.5214843750	0.0000000000	19.7417118984	60.0755083206
43	21	10161784703423532569	11236653891000862078	7540123571528309940	10161784703423532569	-7974.5478515625	0.0000000000	3.7574840809	24.6024250500
8	27	4658462925702556971	13960800826343588478	7081144233720397281	10117809688349004780	-7974.6093750000	0.0000000000	57.2698607842	19.6161273943
22	9	1210771720364226852	5790242984336714655	7836569615913498972	16285391636123770624	-7974.6767578125	0.0000000000	23.4791956993	57.1050890785
26	19	3677539687118464806	14751980135288900473	1124416882861294396	1935043579657713209	-7974.7900390625	0.0000000000	20.0102665859	30.1699021083
5	9	4498173866439340886	5790242984336714655	2308316487531384391	16787438999759000287	-7974.8881835938	0.0000000000	64.1102714092	57.3165148598
5	28	4498173866439340886	9177646350617092470	103362734970083077	3471069078048078085	-7974.9267578125	0.0000000000	64.1488456279	18.9839154806
0	40	6371587972617561608	11231203924049915803	9859845937824760246	15004583922462018868	-7974.9985351562	0.0000000000	87.4071586211	7.3640169866
41	2	1888818331439995210	11478852062763085546	13329176106672901843	14915335271810182910	-7975.0234375000	0.0000000000	7.0598005280	85.1491197373
1	21	7976387690842223808	11236653891000862078	2457662733567759153	16755819157602704001	-7975.1518554688	0.0000000000	85.6205098842	25.2064289562
8	10	4658462925702556971	7595910785781508693	3744519155961133511	11551716716093088293	-7975.2055664062	0.0000000000	57.8660521905	55.1134897341
33	3	3738967082803535594	13351281075670761977	6963203328338708515	7121555422724526897	-7975.3940429688	0.0000000000	14.5557250217	84.7944330871
45	3	12561581295480038524	13351281075670761977	8093436240189773383	12561581295480038524	-7975.6127929688	0.0000000000	2.1766520118	85.0131830871
31	2	5152665697369137020	11478852062763085546	11924653361849907422	13409367770588385158	-7975.9321289062	0.0000000000	16.2776852817	86.0578111435
32	3	4966220293146277814	13351281075670761977	161937256843581094	12449725741760498317	-7975.9926757812	0.0000000000	16.2007835460	85.3930658996
25	12	5780356174714114032	16391259317832671890	2595872837397497382	7647510980806033768	-7976.1381835938	0.0000000000	22.1055873186	54.7859129905
22	1	1210771720364226852	7976387690842223808	202257134354092831	15511346270021624056	-7976.3076171875	0.0000000000	25.1100550743	86.7762716029
20	31	1046237202334094764	5152665697369137020	15865929317413420420	15984143984204998896	-7976.3471679688	0.0000000000	28.7712828732	16.6927243442
25	21	5780356174714114032	11236653891000862078	3656127302551060777	11328572072968373034	-7976.4458007812	0.0000000000	22.4132045061	26.5003742687
41	0	1888818331439995210	6371587972617561608	1831947826602603478	17505589607138436575	-7976.4667968750	0.0000000000	8.5031599030	88.8754203399
23	6	8717651797386555916	14096216066926910792	1325267406348091346	4610633442297631850	-7976.4770507812	0.0000000000	25.1933809790	62.4980733655
12	24	16391259317832671890	17075031342849060194	2340456565847905249	4141506315674941883	-7976.5219726562	0.0000000000	55.1697020530	24.1141478614
1	23	7976387690842223808	8717651797386555916	1118607216321812317	15693442547252664856	-7976.5522460938	0.0000000000	87.0209005092	25.2685762915
32	46	4966220293146277814	8040595452178790572	780063517377623174	8040595452178790572	-7976.5585937500	0.0000000000	16.7667015148	0.3523692960
15	12	12160679725756406689	16391259317832671890	1269316664276337957	8742318199723514994	-7976.5786132812	0.0000000000	44.9684576566	55.2263426780
46	19	8040595452178790572	14751980135288900473	8040595452178790572	14919279062233386412	-7976.6162109375	0.0000000000	0.4099864835	31.9960739833
16	14	8536167186944703440	10101455748649481601	9523351786488439446	10593847525670470427	-7976.6489257812	0.0000000000	43.5686892380	51.4785169676
20	21	1046237202334094764	11236653891000862078	5977709975724093081	13612844372877699507	-7976.6621093750	0.0000000000	29.0862242794	26.7166828625
13	14	8092288150866125527	10101455748649481601	6480732379870205535	9018788783631814004	-7977.1611328125	0.0000000000	53.5872834852	51.9907239989
15	38	12160679725756406689	17668263712404765095	7243800363446982748	14937194618365264491	-7977.1977539062	0.0000000000	45.5875982816	10.9379833016
9	14	5790242984336714655	10101455748649481601	3225183603409008705	12033703720583011766	-7977.1997070312	0.0000000000	59.6280382973	52.0292982176
32	18	4966220293146277814	5459067107413703695	12113955332897892223	13698595746845268572	-7977.2119140625	0.0000000000	17.4200218273	36.9350994095
6	38	14096216066926910792	17668263712404765095	3693274137199391497	14815658360303732966	-7977.3261718750	0.0000000000	63.3471944592	11.0664012704
32	35	4966220293146277814	14942507290531385320	4796989953141886879	5623861752425908989	-7977.3872070312	0.0000000000	17.5953147960	15.2261450362
37	3	297250357982028810	13351281075670761977	5031334642897397420	17735893401925379678	-7977.6928710938	0.0000000000	12.0318223112	87.0932612121
3	36	13351281075670761977	14484987023404738761	6439310875324398781	7138502820175071639	-7977.7080078125	0.0000000000	87.1083979308	13.5900863065
46	7	8040595452178790572	12014440374453940326	8040595452178790572	8331055616840451713	-7977.7509765625	0.0000000000	1.5447521085	63.3050005081
1	36	7976387690842223808	14484987023404738761	9511573230662614611	18172608339639676950	-7977.7856445312	0.0000000000	88.2542989467	13.6677230252
20	25	1046237202334094764	5780356174714114032	1743389679874938433	11696687969369072076	-7977.8227539062	0.0000000000	30.2468688107	23.7901576311
25	36	5780356174714114032	14484987023404738761	8109926321166551937	17814824129329614594	-7977.8652343750	0.0000000000	23.8326380999	13.7473128690
43	38	10161784703423532569	17668263712404765095	14937194618365264491	16990413238296498359	-7977.9506835938	0.0000000000	7.1603161121	11.6909129891
21	27	11236653891000862078	13960800826343588478	1177502714395345506	6993830840183079072	-7977.9536132812	0.0000000000	28.0081867687	22.9603656756
13	27	8092288150866125527	13960800826343588478	1978360109008963452	6071842357937391500	-7978.3369140625	0.0000000000	54.7630647352	23.3436664568
39	21	1729486735494592049	11236653891000862078	11253295843448795457	17042908615275272723	-7978.3447265625	0.0000000000	11.9734076870	28.3993000500
25	7	5780356174714114032	12014440374453940326	6688161558183622097	16974047413080973355	-7978.4418945312	0.0000000000	24.4092982561	63.9959184768
5	18	4498173866439340886	5459067107413703695	163050993526987764	6861093430957427442	-7978.6040039062	0.0000000000	67.8260917217	38.3271892532
41	6	1888818331439995210	14096216066926910792	1411574966158844393	10691143939092011483	-7978.7949218750	0.0000000000	10.8312849030	64.8159444592
4	40	8045306162725016970	11231203924049915803	2753999502856703986	12542778355816121018	-7978.8579101562	0.0000000000	87.3398500623	11.2233919866
37	13	297250357982028810	8092288150866125527	5512893468772185149	12460152280546922786	-7979.1157226562	0.0000000000	13.4546738737	55.5418733289
0	44	6371587972617561608	10862253799153717808	17852383440363681164	18442889615543122169	-7979.1518554688	0.0000000000	91.5604789336	7.8088001361
20	26	1046237202334094764	3677539687118464806	11696687969369072076	14058209778351083233	-7979.2363281250	0.0000000000	31.6604430294	24.4565556484
19	12	14751980135288900473	16391259317832671890	601679677391276933	11690997431880684405	-7979.2670898438	0.0000000000	34.6469528896	57.9148192405
22	21	1210771720364226852	11236653891000862078	6796478959844367387	18032220140801589378	-7979.2875976562	0.0000000000	28.0900355431	29.3421711437
0	47	6371587972617561608	10960148060360410973	3946727154353163459	10960148060360410973	-7979.4038085938	0.0000000000	91.8124320586	0.2191584284
37	25	297250357982028810	5780356174714114032	2831064374515858552	9595288101929575527	-7979.6489257812	0.0000000000	13.9878769987	25.6163295061
0	36	6371587972617561608	14484987023404738761	4247113399229274649	15957690902695223292	-7979.6718750000	0.0000000000	92.0804984649	15.5539534940
41	3	1888818331439995210	13351281075670761977	14900106382313270041	16993050066813971748	-7979.6977539062	0.0000000000	11.7341169342	89.0981440246
35	12	14942507290531385320	16391259317832671890	6697082934251314535	13347555823044851734	-7980.0722656250	0.0000000000	17.9112036300	58.7199950218
26	1	3677539687118464806	7976387690842223808	5103917243052145169	12744482299561723708	-7980.6630859375	0.0000000000	25.8833134609	91.1317403529
32	7	4966220293146277814	12014440374453940326	780063517377623174	8749904674226601739	-7980.8486328125	0.0000000000	21.0567405773	66.4026567581
17	27	6970281684422671481	13960800826343588478	3714392439979036518	10522396188336141611	-7980.8774414062	0.0000000000	46.0608987299	25.8841938006
47	38	10960148060360410973	17668263712404765095	10960148060360410973	15446559331126562830	-7980.9306640625	0.0000000000	1.7460138971	14.6708934579
4	16	8045306162725016970	8536167186944703440	7144473949351004636	14887975929008666060	-7980.9750976562	0.0000000000	89.4570375623	47.8948611130
8	16	4658462925702556971	8536167186944703440	424033142237978141	7144473949351004636	-7980.9750976562	0.0000000000	63.6355834405	47.8948611130
1	42	7976387690842223808	9948227892486454105	4615013914813140898	10231648012170058809	-7980.9887695312	0.0000000000	91.4574239467	12.4059366589
9	11	5790242984336714655	10407805082592081880	11963177510958793442	17970057903790497535	-7981.0322265625	0.0000000000	63.4605578285	59.9453067828
5	25	4498173866439340886	5780356174714114032	11307361922321569065	13492921495470650441	-7981.1474609375	0.0000000000	70.3695487529	27.1148646624
22	26	1210771720364226852	3677539687118464806	12414567741457389312	14592923676290477183	-7981.1699218750	0.0000000000	29.9723597618	26.3901493984
27	36	13960800826343588478	14484987023404738761	17890073322818562660	17999351350007215890	-7981.1762695312	0.0000000000	26.1830219256	17.0583480252
47	3	10960148060360410973	13351281075670761977	4231579750905292700	13541156050814495359	-7981.2851562500	0.0000000000	2.1005060846	90.6855463683
22	18	1210771720364226852	5459067107413703695	6725139734363203203	14363365028498181057	-7981.5078125000	0.0000000000	30.3102503868	41.2309978470
22	7	1210771720364226852	12014440374453940326	10775496933467982861	14047068175647669050	-7981.5761718750	0.0000000000	30.3786097618	67.1301958206
22	5	1210771720364226852	4498173866439340886	14763298479280596619	17496377292965546055	-7981.7783203125	0.0000000000	30.5807581993	71.0004081279
26	23	3677539687118464806	8717651797386555916	969102894838712685	8501191166255592209	-7981.8198242188	0.0000000000	27.0400517422	30.5361544165
13	45	8092288150866125527	12561581295480038524	9037670872530185899	10319870331681304384	-7981.9555664062	0.0000000000	58.3817170789	8.5194254493
21	6	11236653891000862078	14096216066926910792	1476536640059048809	5522169894202013082	-7981.9692382812	0.0000000000	32.0238117687	67.9902608655
8	21	4658462925702556971	11236653891000862078	5891103513106864485	17407186103391774193	-7982.1215820312	0.0000000000	64.7820678155	32.1761555187
4	36	8045306162725016970	14484987023404738761	1820448300831269312	17352506475770536262	-7982.2216796875	0.0000000000	90.7036195936	18.1037581815
32	4	4966220293146277814	8045306162725016970	12224209529447824811	17731384692116899863	-7982.2451171875	0.0000000000	22.4532249523	90.7270570936
1	46	7976387690842223808	8040595452178790572	12331509253557145	14359675371157576829	-7982.4687500000	0.0000000000	92.9374044154	6.2625255460
48	2	7794362002244360042	11478852062763085546	7775373016681305138	9744622656223019684	-7982.5512695312	0.0000000000	0.0734434009	92.6769517685
10	42	7595910785781508693	9948227892486454105	5796860809190004585	14947386220166100227	-7982.6137695312	0.0000000000	62.5216928591	14.0309366589
22	45	1210771720364226852	12561581295480038524	13378078084842941752	18291288184907022915	-7982.7827148438	0.0000000000	31.5851527306	9.3465738868
20	5	1046237202334094764	4498173866439340886	774573859480295860	5169874717952317463	-7982.8090820312	0.0000000000	35.2331969357	72.0311698467
1	47	7976387690842223808	10960148060360410973	10960148060360410973	12051148765268616901	-7982.9926757812	0.0000000000	93.4613301967	3.8080256159
42	12	9948227892486454105	16391259317832671890	4615013914813140898	11588114901980244215	-7983.4960937500	0.0000000000	14.9132608777	62.1438231468
42	3	9948227892486454105	13351281075670761977	411468087976679973	11617751613151789106	-7983.5351562500	0.0000000000	14.9523233777	92.9355463683
47	6	10960148060360410973	14096216066926910792	836271129409557981	14680843598894066625	-7983.5864257812	0.0000000000	4.4017756159	69.6074483655
22	13	1210771720364226852	8092288150866125527	9112944554364854308	17609788452555519483	-7983.6791992188	0.0000000000	32.4816371056	60.1053498914
43	2	10161784703423532569	11478852062763085546	5590619463017015767	10034905585495469037	-7983.8608398438	0.0000000000	13.0704723621	93.9865220810
16	21	8536167186944703440	11236653891000862078	4158019143462606231	14305095244526944640	-7983.9721679688	0.0000000000	50.8919314255	34.0267414562
34	6	7333685589614754051	14096216066926910792	5824528589014427730	14804647636871337444	-7984.0268554688	0.0000000000	22.6707057629	70.0478780530
4	29	8045306162725016970	12194982764038463404	13491914458441863461	15073646543252952690	-7984.1713867188	0.0000000000	92.6533266248	26.1987476272
44	2	10862253799153717808	11478852062763085546	12815017920689213589	13559173890748401752	-7984.1743164062	0.0000000000	12.8312610736	94.2999986435
32	11	4966220293146277814	10407805082592081880	9019855117813503083	17086568729595946544	-7984.1767578125	0.0000000000	24.3848655773	63.0898380328
4	21	8045306162725016970	11236653891000862078	12373792695453936668	15704056675707320020	-7984.3950195312	0.0000000000	92.8769594373	34.4495930187
26	27	3677539687118464806	13960800826343588478	15463062822555882718	17955286930054269196	-7984.3974609375	0.0000000000	29.6176884609	29.4042133318
22	23	1210771720364226852	8717651797386555916	941135829368236156	5670833246347249506	-7984.7202148438	0.0000000000	33.5226527306	33.4365450415
1	38	7976387690842223808	17668263712404765095	6587727310606362374	15425953659730209321	-7984.7407226562	0.0000000000	95.2093770717	18.4809520516
26	21	3677539687118464806	11236653891000862078	591399181697180228	8363906592320234245	-7984.7558593750	0.0000000000	29.9760868984	34.8104328625
18	6	5459067107413703695	14096216066926910792	2510710653742685604	2703720972220284557	-7984.8627929688	0.0000000000	44.5859783157	70.8838155530
5	29	4498173866439340886	12194982764038463404	4743088695795250034	5497612380247076184	-7984.9824218750	0.0000000000	74.2045096904	27.0097827834
18	9	5459067107413703695	5790242984336714655	2991237894014781271	13975901523107162465	-7985.3090820312	0.0000000000	45.0322673782	67.7374132973
9	49	5790242984336714655	11152803130285824393	9010026988070635463	11152803130285824393	-7985.4038085938	0.0000000000	67.8321398598	1.0496956718
48	19	7794362002244360042	14751980135288900473	6482128319837429454	7775373016681305138	-7985.4199218750	0.0000000000	2.9420957447	40.7997849208
44	12	10862253799153717808	16391259317832671890	106824345255963852	14595881520822843254	-7985.4775390625	0.0000000000	14.1344837299	64.1252684593
29	36	12194982764038463404	14484987023404738761	10941095357332407781	11105789027448071332	-7985.5229492188	0.0000000000	27.5503101272	21.4050277127
21	15	11236653891000862078	12160679725756406689	8421643947824042437	14012507131346789309	-7985.6372070312	0.0000000000	35.6917805187	54.0270514066
11	30	10407805082592081880	16435385630624801419	10806658441529766302	11860145649702260140	-7985.6816406250	0.0000000000	64.5947208453	26.9196065926
48	1	7794362002244360042	7976387690842223808	1131320973294825892	7794362002244360042	-7985.7661132812	0.0000000000	3.2882871509	96.2347676967
34	47	7333685589614754051	10960148060360410973	1119088119693476055	3233234812574435967	-7985.9941406250	0.0000000000	24.6379909191	6.8094904596
7	36	12014440374453940326	14484987023404738761	5110688152210453480	6419002441114450442	-7986.0361328125	0.0000000000	71.5901567581	21.9182113065
26	11	3677539687118464806	10407805082592081880	3197570208449660996	9019855117813503083	-7986.0371093750	0.0000000000	31.2573368984	64.9501895953
27	19	13960800826343588478	14751980135288900473	1950480488592347551	3780605785751601354	-7986.0532226562	0.0000000000	31.0599750506	41.4330857021
49	36	11152803130285824393	14484987023404738761	4094331575830295468	11152803130285824393	-7986.0917968750	0.0000000000	1.7376839531	21.9738753690
26	8	3677539687118464806	4658462925702556971	8241946759319175914	13841889235637685891	-7986.0996093750	0.0000000000	31.3198368984	68.7600951592
39	2	1729486735494592049	11478852062763085546	9072055118067755303	15564636140016518738	-7986.1118164062	0.0000000000	19.7404975307	96.2374986435
47	35	10960148060360410973	14942507290531385320	2245205456307624112	10139192532423981096	-7986.3105468750	0.0000000000	7.1258967096	24.1494848800
49	6	11152803130285824393	14096216066926910792	11152803130285824393	11225592911272506791	-7986.4799804688	0.0000000000	2.1258675468	72.5010030530
26	9	3677539687118464806	5790242984336714655	3670517754448835441	17822445618630894168	-7986.4965820312	0.0000000000	31.7168095547	68.9249132973
32	9	4966220293146277814	5790242984336714655	3670517754448835441	13400738053356463850	-7986.4965820312	0.0000000000	26.7046897960	68.9249132973
0	42	6371587972617561608	9948227892486454105	2073629045314189247	17638023941785434967	-7986.5395507812	0.0000000000	98.9481742461	17.9567179089
46	2	8040595452178790572	11478852062763085546	3338815526133953112	6479568993562830312	-7986.6132812500	0.0000000000	10.4070567960	96.7389634873
1	49	7976387690842223808	11152803130285824393	9606456830210637557	11152803130285824393	-7986.6166992188	0.0000000000	97.0853536342	2.2625862968
37	41	297250357982028810	1888818331439995210	9796571809933683391	16576923488645986863	-7986.6708984375	0.0000000000	21.0098496549	18.7072614655
41	14	1888818331439995210	10101455748649481601	7634988306902336250	16100258551767380720	-7986.6860351562	0.0000000000	18.7223981842	61.5156263426
39	1	1729486735494592049	7976387690842223808	8920040815415833215	12475097589185880310	-7986.7382812500	0.0000000000	20.3669623745	97.2069356654
5	19	4498173866439340886	14751980135288900473	1938618683136391984	8639334221497501344	-7986.8129882812	0.0000000000	76.0350760967	42.1928513271
46	11	8040595452178790572	10407805082592081880	13959496698250775524	16885812452828613541	-7986.8461914062	0.0000000000	10.6399669523	65.7592716266
37	1	297250357982028810	7976387690842223808	3688346626911808816	10176194582555193339	-7986.8574218750	0.0000000000	21.1963730924	97.3260762904
0	48	6371587972617561608	7794362002244360042	12272096296325644656	13821259910476189177	-7987.0292968750	0.0000000000	99.4379203399	4.5514707447
18	27	5459067107413703695	13960800826343588478	4719813529544149981	6880044811428829141	-7987.0361328125	0.0000000000	46.7593181595	32.0428852068
50	2	475080106213288130	11478852062763085546	475080106213288130	4655724219982588681	-7987.1562500000	0.0000000000	0.6536327755	97.2819322373
20	9	1046237202334094764	5790242984336714655	2889395570327639485	3034646663073410125	-7987.3623046875	0.0000000000	39.7864195919	69.7906359535
47	2	10960148060360410973	11478852062763085546	2245205456307624112	9998322413341558534	-7987.4672851562	0.0000000000	8.2826349909	97.5929673935
4	23	8045306162725016970	8717651797386555916	1916395919554118614	8828277830111745696	-7987.5502929688	0.0000000000	96.0322328748	36.2666231665
7	35	12014440374453940326	14942507290531385320	1429249557004461345	16947113482715790490	-7987.5727539062	0.0000000000	73.1267778518	25.4116919112
25	4	5780356174714114032	8045306162725016970	1238568007347617833	8543268227721297137	-7987.7343750000	0.0000000000	33.7017787249	96.2163149061
14	36	10101455748649481601	14484987023404738761	7124919693027567354	11315313056667390611	-7987.7729492188	0.0000000000	62.6025404051	23.6550277127
50	29	475080106213288130	12194982764038463404	475080106213288130	10700856654298445006	-7987.9228515625	0.0000000000	1.4202343380	29.9502124709
8	45	4658462925702556971	12561581295480038524	5978865118901873679	13378078084842941752	-7987.9365234375	0.0000000000	70.5970092217	14.5003824806
48	40	7794362002244360042	11231203924049915803	9248545951630358715	15358661041252005165	-7988.0708007812	0.0000000000	5.5929746509	20.4362826116
25	51	5780356174714114032	7970541704402291512	6566328492175506586	7970541704402291512	-7988.0878906250	0.0000000000	34.0552943499	1.3868314429
25	11	5780356174714114032	10407805082592081880	45530824776790177	6901862837351202644	-7988.2583007812	0.0000000000	34.2257045061	67.1713810016
26	10	3677539687118464806	7595910785781508693	10460428363303045744	17262454659182706993	-7988.3710937500	0.0000000000	33.5913212734	68.2790170779
43	3	10161784703423532569	13351281075670761977	1955767384035803856	12965115918691979744	-7988.4130859375	0.0000000000	17.6227184559	97.8134760558
20	19	1046237202334094764	14751980135288900473	9499384977124079421	17646805148933918603	-7988.6552734375	0.0000000000	41.0793883419	44.0351364833
51	21	7970541704402291512	11236653891000862078	7970541704402291512	10028677883190082903	-7988.7026367188	0.0000000000	2.0015775367	38.7572102062
37	49	297250357982028810	11152803130285824393	422024715341308005	6513550026774975963	-7988.8100585938	0.0000000000	23.1490098112	4.4559456718
41	27	1888818331439995210	13960800826343588478	5567857460540185243	6472796843941869585	-7988.8212890625	0.0000000000	20.8576520905	33.8280414568
45	19	12561581295480038524	14751980135288900473	3835553706492949402	8003317512158672959	-7988.8286132812	0.0000000000	15.3924723243	44.2084763271
49	40	11152803130285824393	11231203924049915803	9974369933480076064	11152803130285824393	-7988.8583984375	0.0000000000	4.5042855156	21.2238802678
22	14	1210771720364226852	10101455748649481601	6644694636999469973	16100258551767380720	-7988.8984375000	0.0000000000	37.7008753868	63.7280286864
7	38	12014440374453940326	17668263712404765095	10340785360818192244	17820357096388117064	-7988.9672851562	0.0000000000	74.5213091018	22.7075145516
28	42	9177646350617092470	9948227892486454105	2333033261770498291	5869464005304479865	-7988.9848632812	0.0000000000	33.0420209493	20.4020304089
20	8	1046237202334094764	4658462925702556971	2889395570327639485	4094620729408205461	-7989.1171875000	0.0000000000	41.5413024044	71.7776732842
8	49	4658462925702556971	11152803130285824393	6650735486118686170	12933491176787129038	-7989.2534179688	0.0000000000	71.9139037530	4.8993050468
0	52	6371587972617561608	10259389231276992146	6620212704407570552	10259389231276992146	-7989.2729492188	0.0000000000	101.6815726836	0.6246391936
26	13	3677539687118464806	8092288150866125527	2534220777411442390	4073425408164599002	-7989.2885742188	0.0000000000	34.5088017422	65.7147248914
49	12	11152803130285824393	16391259317832671890	422024715341308005	1365351254131406039	-7989.2988281250	0.0000000000	4.9447152031	67.9465575218
9	19	5790242984336714655	14751980135288900473	6388029308459863200	10299945944042522247	-7989.4682617188	0.0000000000	71.8965929848	44.8481247646
51	13	7970541704402291512	8092288150866125527	5984008524618616812	9695764623558922143	-7989.6342773438	0.0000000000	2.9332181617	66.0604280164
1	45	7976387690842223808	12561581295480038524	7596592894314212370	11037005778372411422	-7989.6708984375	0.0000000000	100.1395528529	16.2347574806
48	45	7794362002244360042	12561581295480038524	2311650452882885961	11037005778372411422	-7989.6708984375	0.0000000000	7.1930723072	16.2347574806
44	3	10862253799153717808	13351281075670761977	8977621736627660478	11701441551641402644	-7989.7490234375	0.0000000000	18.4059681049	99.1494135558
18	19	5459067107413703695	14751980135288900473	7436498965940820911	14046906618038185119	-7989.7954101562	0.0000000000	49.5185955032	45.1752732021
0	35	6371587972617561608	14942507290531385320	1618126522454985505	13597228418931977700	-7989.9208984375	0.0000000000	102.3295219024	27.7598364425
19	38	14751980135288900473	17668263712404765095	4492154935570292832	12534307826915948726	-7990.0473632812	0.0000000000	45.4272263271	23.7875926766
47	19	10960148060360410973	14751980135288900473	1474731888831478280	18409949974453947878	-7990.0668945312	0.0000000000	10.8822443659	45.4467575771
22	28	1210771720364226852	9177646350617092470	13236183135484884004	15723195462496325979	-7990.1000976562	0.0000000000	38.9025355431	34.1572553243
9	40	5790242984336714655	11231203924049915803	9974369933480076064	12603675065153741512	-7990.3212890625	0.0000000000	72.7496203285	22.6867708928
10	43	7595910785781508693	10161784703423532569	5894947852135673669	17963803455450567397	-7990.3496093750	0.0000000000	70.2575327029	19.5592418934
32	44	4966220293146277814	10862253799153717808	3400888891410348567	6750150782629044985	-7990.3569335938	0.0000000000	30.5650413585	19.0138782611
25	17	5780356174714114032	6970281684422671481	2586038732235993664	10862577122042734069	-7990.3828125000	0.0000000000	36.3502162249	55.5662698236
7	29	12014440374453940326	12194982764038463404	8115940502208197093	10567906222301048953	-7990.3950195312	0.0000000000	75.9490434768	32.4223804397
52	3	10259389231276992146	13351281075670761977	10259389231276992146	11502088210115059351	-7990.4526367188	0.0000000000	1.8043266936	99.8530268371
8	35	4658462925702556971	14942507290531385320	13711372406697503325	15634276347690849128	-7990.6601562500	0.0000000000	73.3206420342	28.4990942550
53	2	4640969427895815149	11478852062763085546	4640969427895815149	8475221293095907640	-7990.7622070312	0.0000000000	0.3336169144	100.8878892685
22	42	1210771720364226852	9948227892486454105	12191693273165584928	18197236753950116103	-7990.8222656250	0.0000000000	39.6247035118	22.2394327527
42	38	9948227892486454105	17668263712404765095	9581982044117274389	18197236753950116103	-7990.8222656250	0.0000000000	22.2394327527	24.5624950204
39	26	1729486735494592049	3677539687118464806	5940007561478545605	15564636140016518738	-7990.8276367188	0.0000000000	24.4563178432	36.0478642422
31	4	5152665697369137020	8045306162725016970	10205892087938896970	10736193295157042438	-7991.1093750000	0.0000000000	31.4549313755	99.5913149061
53	8	4640969427895815149	4658462925702556971	4640969427895815149	14355358604355246763	-7991.1713867188	0.0000000000	0.7427966019	73.8318725030
26	36	3677539687118464806	14484987023404738761	11490786143103793750	14033964595549210600	-7991.5307617188	0.0000000000	36.7509892422	27.4128402127
42	15	9948227892486454105	12160679725756406689	51968143803334942	4754627883720647270	-7991.5839843750	0.0000000000	23.0011515027	59.9738287503
41	44	1888818331439995210	10862253799153717808	2648579674242122507	14275942158338569819	-7991.7583007812	0.0000000000	23.7946638092	20.4152454486
28	14	9177646350617092470	10101455748649481601	5869464005304479865	10612727805137550754	-7991.8247070312	0.0000000000	35.8818646993	66.6542982176
9	35	5790242984336714655	14942507290531385320	9496128413545646084	13491067260946169064	-7991.8666992188	0.0000000000	74.2950304848	29.7056372237
50	0	475080106213288130	6371587972617561608	4227657709819844678	4310665466363134460	-7991.9458007812	0.0000000000	5.4431835567	104.3544242461
50	36	475080106213288130	14484987023404738761	1002238467726327786	2832370147157667945	-7991.9848632812	0.0000000000	5.4822460567	27.8669417752
53	3	4640969427895815149	13351281075670761977	4640969427895815149	15269643110920292822	-7992.0312500000	0.0000000000	1.6026598832	101.4316401183
52	27	10259389231276992146	13960800826343588478	1805810407807634301	10554900979318750013	-7992.5097656250	0.0000000000	3.8614555998	37.5165180193
4	42	8045306162725016970	9948227892486454105	4586801590911750208	11549325656344284570	-7992.5366210938	0.0000000000	101.0185609998	23.9537882214
54	36	6500793261280460188	14484987023404738761	6500793261280460188	16375805704498074318	-7992.6865234375	0.0000000000	0.0345364593	28.5686019315
10	28	7595910785781508693	9177646350617092470	5869464005304479865	7088103181919060873	-7992.6938476562	0.0000000000	72.6017709841	36.7510053243
50	19	475080106213288130	14751980135288900473	1002238467726327786	11920088675651393394	-7992.6967773438	0.0000000000	6.1941601192	48.0766403896
48	28	7794362002244360042	9177646350617092470	13821259910476189177	17878655603288713256	-7992.8012695312	0.0000000000	10.3234434009	36.8584271993
33	13	3738967082803535594	8092288150866125527	12880145885013214619	14515374088235284517	-7993.0639648438	0.0000000000	32.2256468967	69.4901155164
3	30	13351281075670761977	16435385630624801419	2046711828679093906	17806669363090515511	-7993.1894531250	0.0000000000	102.5898432433	34.4274190926
9	36	5790242984336714655	14484987023404738761	4047621958603180613	8649909883161050890	-7993.2353515625	0.0000000000	75.6636828285	29.1174300565
50	3	475080106213288130	13351281075670761977	9846127176722404246	10953607501879555432	-7993.2641601562	0.0000000000	6.7615429317	102.6645502746
8	36	4658462925702556971	14484987023404738761	3063738640712382813	5283281442184120954	-7993.3432617188	0.0000000000	76.0037475030	29.2253402127
37	36	297250357982028810	14484987023404738761	2805578377532951419	3063738640712382813	-7993.3432617188	0.0000000000	27.6822129362	29.2253402127
5	36	4498173866439340886	14484987023404738761	890954618056691866	6703956803375741110	-7993.4311523438	0.0000000000	82.6532401592	29.3132308377
32	24	4966220293146277814	17075031342849060194	8129026945738120976	9985322710481527706	-7993.5253906250	0.0000000000	33.7334983898	41.1175658301
51	3	7970541704402291512	13351281075670761977	6464495257702886078	11096666611162291650	-7993.5849609375	0.0000000000	6.8839017554	102.9853510558
7	27	12014440374453940326	13960800826343588478	1603838014876131935	2955998878586060074	-7993.6059570312	0.0000000000	79.1599809768	38.6127094256
22	43	1210771720364226852	10161784703423532569	6486843259931656659	9269164696506527866	-7993.7045898438	0.0000000000	42.5070277306	22.9142223621
22	52	1210771720364226852	10259389231276992146	10554900979318750013	13244464029076232482	-7993.7910156250	0.0000000000	42.5934535118	5.1427055998
11	27	10407805082592081880	13960800826343588478	11969263688180063853	13875803751043585516	-7993.7978515625	0.0000000000	72.7109317828	38.8046039568
27	12	13960800826343588478	16391259317832671890	11022201928210220834	14529186877308224862	-7993.8159179688	0.0000000000	38.8226703631	72.4636473655
28	21	9177646350617092470	11236653891000862078	12142537161019045068	13085698038555848741	-7993.8789062500	0.0000000000	37.9360639181	43.9334797375
10	19	7595910785781508693	14751980135288900473	8359263555936317779	15326823255695990654	-7993.9125976562	0.0000000000	73.8205209841	49.2924607021
45	6	12561581295480038524	14096216066926910792	787440160039317878	18036971325461141093	-7993.9404296875	0.0000000000	20.5042887306	79.9614522717
22	47	1210771720364226852	10960148060360410973	6487129118508133916	8406615888729448526	-7993.9663085938	0.0000000000	42.7687464806	14.7816584284
20	23	1046237202334094764	8717651797386555916	2871059334912676909	6054548940742376045	-7993.9887695312	0.0000000000	46.4128844357	42.7050997290
1	43	7976387690842223808	10161784703423532569	5048349022002848551	10803033067103153906	-7994.0078125000	0.0000000000	104.4764669154	23.2174450184
53	9	4640969427895815149	5790242984336714655	2895534131205091471	13728836282742693178	-7994.1601562500	0.0000000000	3.7315661332	76.5884875160
32	21	4966220293146277814	11236653891000862078	13467933434055553799	16335572723719181594	-7994.1909179688	0.0000000000	34.3990257335	44.2454914562
8	51	4658462925702556971	7970541704402291512	7372803988852850037	7602908308544260270	-7994.4248046875	0.0000000000	77.0852904717	7.7237455054
10	21	7595910785781508693	11236653891000862078	13599598570149390495	17566492198405814199	-7994.6059570312	0.0000000000	74.5138803591	44.6605305187
51	6	7970541704402291512	14096216066926910792	7970541704402291512	12629050153183560104	-7994.6166992188	0.0000000000	7.9156400367	80.6377218030
37	12	297250357982028810	16391259317832671890	12030505283014341274	14842035786219816925	-7994.6713867188	0.0000000000	29.0103379362	73.3191161155
40	12	11231203924049915803	16391259317832671890	8897143712323045247	14842035786219816925	-7994.6713867188	0.0000000000	27.0368685491	73.3191161155
18	13	5459067107413703695	8092288150866125527	15416936264056059247	16845381820186099688	-7994.6967773438	0.0000000000	54.4199626907	71.1229280164
20	14	1046237202334094764	10101455748649481601	4582065113189970550	6751392573728202490	-7994.7241210938	0.0000000000	47.1482359982	69.5537122801
37	40	297250357982028810	11231203924049915803	4010948975785408701	6127191890156775096	-7994.7348632812	0.0000000000	29.0738144987	27.1003451116
32	42	4966220293146277814	9948227892486454105	8046639470650031725	8895899776132533895	-7994.7534179688	0.0000000000	34.9615257335	26.1705850964
22	11	1210771720364226852	10407805082592081880	9368907113160511930	11969263688180063853	-7994.8710937500	0.0000000000	43.6735316368	73.7841739703
50	1	475080106213288130	7976387690842223808	3281364325479977154	16489634475438705575	-7994.8847656250	0.0000000000	8.3821484005	105.3534200404
13	36	8092288150866125527	14484987023404738761	1314649719609550655	6522407714314787818	-7994.9516601562	0.0000000000	71.3778108289	30.8337386502
22	32	1210771720364226852	4966220293146277814	932881341816543806	14997874128074618735	-7994.9731445312	0.0000000000	43.7755824181	35.1812522960
28	36	9177646350617092470	14484987023404738761	11561576824825078256	11716932509311551539	-7995.0039062500	0.0000000000	39.0610639181	30.8859847440
54	6	6500793261280460188	14096216066926910792	2709066285785333740	6500793261280460188	-7995.0122070312	0.0000000000	2.3602200530	81.0332296155
1	27	7976387690842223808	13960800826343588478	8225311461081910308	10756117940090180178	-7995.2475585938	0.0000000000	105.7162130092	40.2543109881
17	11	6970281684422671481	10407805082592081880	1222015377400788052	9828959495600037139	-7995.2519531250	0.0000000000	60.4354104486	74.1650333453
52	2	10259389231276992146	11478852062763085546	10554900979318750013	14971873656602925704	-7995.3510742188	0.0000000000	6.7027641936	105.4767564560
34	21	7333685589614754051	11236653891000862078	6203650474128936813	11917012002327170341	-7995.3852539062	0.0000000000	34.0291042004	45.4398273937
32	51	4966220293146277814	7970541704402291512	3596948974191507887	8033160768100874427	-7995.3886718750	0.0000000000	35.5967796398	8.6876126929
20	13	1046237202334094764	8092288150866125527	8723446669390586585	14717231800725370982	-7995.5087890625	0.0000000000	47.9329039669	71.9349397352
22	17	1210771720364226852	6970281684422671481	8096928789632916671	17916379398484274193	-7995.7734375000	0.0000000000	44.5758753868	60.9568948236
14	19	10101455748649481601	14751980135288900473	9420017574973482666	12264355916921399631	-7995.8676757812	0.0000000000	70.6972669676	51.2475388271
28	7	9177646350617092470	12014440374453940326	3161774756364758986	8639528536926194336	-7996.1284179688	0.0000000000	40.1855756368	81.6824419143
50	52	475080106213288130	10259389231276992146	4227657709819844678	10509760784412105177	-7996.1669921875	0.0000000000	9.6643749630	7.5186821623
41	21	1888818331439995210	11236653891000862078	1046319169045472867	11575445934966185498	-7996.2734375000	0.0000000000	28.3098005280	46.3280109875
31	23	5152665697369137020	8717651797386555916	9172577993950034778	10043275635373433045	-7996.3769531250	0.0000000000	36.7225095005	45.0932833228
50	27	475080106213288130	13960800826343588478	2583439893376838668	17035963980759418764	-7996.4560546875	0.0000000000	9.9534374630	41.4628070818
22	4	1210771720364226852	8045306162725016970	7559623917559496963	13090282339475369111	-7996.7348632812	0.0000000000	45.5373011681	105.2168031873
50	6	475080106213288130	14096216066926910792	10504423170548597802	11355833580888268687	-7996.7485351562	0.0000000000	10.2459179317	82.7695577405
43	7	10161784703423532569	12014440374453940326	6486843259931656659	6505174618947547400	-7996.7768554688	0.0000000000	25.9864879871	82.3308794143
13	19	8092288150866125527	14751980135288900473	13906798671757049953	16610053794292613603	-7996.9609375000	0.0000000000	73.3870881727	52.3408005458
47	7	10960148060360410973	12014440374453940326	783470371454944337	5056318419226126423	-7997.1142578125	0.0000000000	17.9296076471	82.6682817581
10	46	7595910785781508693	8040595452178790572	13943498876549989841	14102911072076549740	-7997.1245117188	0.0000000000	77.0324350466	20.9182872648
22	54	1210771720364226852	6500793261280460188	15691883354005132808	17911055567893080043	-7997.2749023438	0.0000000000	46.0773402306	4.6229153655
54	27	6500793261280460188	13960800826343588478	15691883354005132808	16199189049078612491	-7997.2749023438	0.0000000000	4.6229153655	42.2816547381
49	2	11152803130285824393	11478852062763085546	4868069695198368742	13910635317038560677	-7997.3510742188	0.0000000000	12.9969612968	107.4767564560
22	15	1210771720364226852	12160679725756406689	3081613841514487013	9269164696506527866	-7997.5585937500	0.0000000000	46.3610316368	65.9484381253
26	46	3677539687118464806	8040595452178790572	12234470141620596598	16014123446832892090	-7997.5927734375	0.0000000000	42.8130009609	21.3865489835
51	2	7970541704402291512	11478852062763085546	12648464917996741368	15013112883315733487	-7997.6430664062	0.0000000000	10.9420072242	107.7687486435
25	23	5780356174714114032	8717651797386555916	2753796726162700959	11425478273333458396	-7997.6757812500	0.0000000000	43.6431849749	46.3921114478
48	3	7794362002244360042	13351281075670761977	8190713914989697915	13934320394806706582	-7997.7607421875	0.0000000000	15.2829160572	107.1611323058
54	19	6500793261280460188	14751980135288900473	482301165725949302	13925217893793728054	-7997.8032226562	0.0000000000	5.1512356780	53.1830857021
52	29	10259389231276992146	12194982764038463404	1718064985086685851	10509760784412105177	-7997.9086914062	0.0000000000	9.2603813811	39.9360523147
47	12	10960148060360410973	16391259317832671890	1571361596905580588	4068814053938462324	-7998.0078125000	0.0000000000	18.8231623346	76.6555418968
29	38	12194982764038463404	17668263712404765095	1992878850719809279	9051067409828672237	-7998.0166015625	0.0000000000	40.0439624709	31.7568309579
26	12	3677539687118464806	16391259317832671890	9730754128357919794	12544537784578594352	-7998.0600585938	0.0000000000	43.2802861172	76.7077879905
39	7	1729486735494592049	12014440374453940326	5371710867395464952	17058381943422278714	-7998.1166992188	0.0000000000	31.7453803432	83.6707231643
10	47	7595910785781508693	10960148060360410973	11429750612475438856	14404956812859272301	-7998.2124023438	0.0000000000	78.1203256716	19.0277521784
20	41	1046237202334094764	1888818331439995210	7511846611368029537	9168619407858719096	-7998.2163085938	0.0000000000	50.6404234982	30.2526716217
8	19	4658462925702556971	14751980135288900473	2954076348898673641	7453153354558008364	-7998.2382812500	0.0000000000	80.8987670342	53.6181442958
1	30	7976387690842223808	16435385630624801419	863786425460516378	17792795765436532866	-7998.3100585938	0.0000000000	108.7787130092	39.5480245613
37	27	297250357982028810	13960800826343588478	11383171955894948556	15343927370410205667	-7998.4404296875	0.0000000000	32.7793809049	43.4471820818
43	6	10161784703423532569	14096216066926910792	4863742513090932105	7873577512402402941	-7998.5229492188	0.0000000000	27.7325817371	84.5439718030
9	16	5790242984336714655	8536167186944703440	9959344022612286198	17029833355128713504	-7998.5566406250	0.0000000000	80.9849718910	65.4764040818
8	18	4658462925702556971	5459067107413703695	7370569698127478814	16241787022974019577	-7998.8066406250	0.0000000000	81.4671264092	58.5298259720
32	6	4966220293146277814	14096216066926910792	16244607441652809605	16638615220736002679	-7998.8369140625	0.0000000000	39.0450218273	84.8579366467
47	29	10960148060360410973	12194982764038463404	2931703805368067009	13868670808597426681	-7998.8413085938	0.0000000000	19.6566584284	40.8686695022
51	19	7970541704402291512	14751980135288900473	6464495257702886078	8292755967888148315	-7998.8759765625	0.0000000000	12.1749173804	54.2558396083
54	13	6500793261280460188	8092288150866125527	10938590630949477381	16333856945264981372	-7998.8798828125	0.0000000000	6.2278958343	75.3060334852
28	15	9177646350617092470	12160679725756406689	491687756219365786	3582950950996923686	-7998.8823242188	0.0000000000	42.9394818868	67.2721685941
32	13	4966220293146277814	8092288150866125527	6707618220112070656	17717983473786880234	-7998.9653320312	0.0000000000	39.1734397960	75.3914827039
25	46	5780356174714114032	8040595452178790572	1688235587189998517	12234470141620596598	-7998.9975585938	0.0000000000	44.9649623186	22.7913341398
22	10	1210771720364226852	7595910785781508693	3751505209957902242	15974121886923070181	-7999.0195312500	0.0000000000	47.8219691368	78.9274545779
31	17	5152665697369137020	6970281684422671481	1384202169817685109	16368045894536243326	-7999.2226562500	0.0000000000	39.5682126255	64.4061135736
41	13	1888818331439995210	8092288150866125527	5982208769561410099	16982121360938584005	-7999.4331054688	0.0000000000	31.4694684967	75.8592561414
21	12	11236653891000862078	16391259317832671890	13468619478700049328	14474412538682180158	-7999.4750976562	0.0000000000	49.5296711437	78.1228270530
8	44	4658462925702556971	10862253799153717808	5674568150441086379	17778513971749405248	-7999.4873046875	0.0000000000	82.1477904717	28.1442493549
28	43	9177646350617092470	10161784703423532569	4966516946318544714	9822623503177836290	-7999.6914062500	0.0000000000	43.7485639181	28.9010387684
48	13	7794362002244360042	8092288150866125527	9699834736571082656	13866145094164895962	-7999.7270507812	0.0000000000	17.2492246509	76.1532014539
54	12	6500793261280460188	16391259317832671890	928920546533378764	15388517534573368700	-7999.8422851562	0.0000000000	7.1902981780	78.4900145530
29	6	12194982764038463404	14096216066926910792	9467146396531758236	12909515935788697332	-7999.9487304688	0.0000000000	41.9760913772	85.9697530530
47	15	10960148060360410973	12160679725756406689	2516977440193006141	14172187059606732558	-8000.0595703125	0.0000000000	20.8749201471	68.4494146878
42	35	9948227892486454105	14942507290531385320	5050129394879336230	7791899216007651369	-8000.3334960938	0.0000000000	31.7506632214	38.1724340987
32	27	4966220293146277814	13960800826343588478	994472752825270046	13397272095032221336	-8000.4472656250	0.0000000000	40.6553733898	45.4540180193
54	7	6500793261280460188	12014440374453940326	6348212010993928541	12642206577954308073	-8000.5991210938	0.0000000000	7.9471341155	86.1531450393
8	32	4658462925702556971	4966220293146277814	17472314717731292173	17736552842228809593	-8000.7646484375	0.0000000000	83.4251342217	40.9727562023
13	35	8092288150866125527	14942507290531385320	6741360222612089426	16491096951646220766	-8000.9702148438	0.0000000000	77.3963655164	38.8091528487
25	54	5780356174714114032	6500793261280460188	575180043232185579	16777821935612133663	-8000.9760742188	0.0000000000	46.9434779436	8.3240872405
1	52	7976387690842223808	10259389231276992146	10509760784412105177	14648346942522841499	-8001.0073242188	0.0000000000	111.4759786342	12.3590141936
40	3	11231203924049915803	13351281075670761977	5589294863585386684	12349402487225975178	-8001.0595703125	0.0000000000	33.4250521428	110.4599604308
41	35	1888818331439995210	14942507290531385320	16101033818830365090	18223883962039570532	-8001.0888671875	0.0000000000	33.1252302155	38.9278051925
41	8	1888818331439995210	4658462925702556971	2162808743062071360	17124987997476847239	-8001.1088867188	0.0000000000	33.1452497467	83.7693725030
45	35	12561581295480038524	14942507290531385320	12014422189511528244	13362949255630474879	-8001.1464843750	0.0000000000	27.7103434181	38.9854223800
4	35	8045306162725016970	14942507290531385320	3642286814701985513	4034549537408920024	-8001.1982421875	0.0000000000	109.6801820936	39.0371801925
19	24	14751980135288900473	17075031342849060194	3179752533590242188	3579462635133928124	-8001.2016601562	0.0000000000	56.5815232021	48.7938353614
18	42	5459067107413703695	9948227892486454105	8549038067303873560	17975723647221748145	-8001.2680664062	0.0000000000	60.9912517532	32.6852335339
51	1	7970541704402291512	7976387690842223808	4093451784636680557	12781097009041708974	-8001.3110351562	0.0000000000	14.6099759742	111.7796895717
22	51	1210771720364226852	7970541704402291512	7822747306851214298	11479501025951111025	-8001.3354492188	0.0000000000	50.1378871056	14.6343900367
51	36	7970541704402291512	14484987023404738761	4037404064310874659	7822747306851214298	-8001.3354492188	0.0000000000	14.6343900367	37.2175277127
5	47	4498173866439340886	10960148060360410973	14172187059606732558	16996177401141888486	-8001.5131835938	0.0000000000	90.7352714092	22.3285334284
53	4	4640969427895815149	8045306162725016970	3782946393032786962	8310064178479730206	-8001.5541992188	0.0000000000	11.1256091019	110.0361391248
17	21	6970281684422671481	11236653891000862078	6405071418799886808	7039793008445899360	-8001.6547851562	0.0000000000	66.8382424799	51.7093586437
13	49	8092288150866125527	11152803130285824393	13068142315002169106	18376675853422251209	-8001.7890625000	0.0000000000	78.2152131727	17.4349495781
0	49	6371587972617561608	11152803130285824393	10124911981817593641	18142236820509890550	-8001.8442382812	0.0000000000	114.2528617461	17.4901253593
21	36	11236653891000862078	14484987023404738761	8136695143802940014	12149500625502637535	-8001.9248046875	0.0000000000	51.9793781750	37.8068831815
28	38	9177646350617092470	17668263712404765095	3928833136472441156	11743278436614354260	-8001.9296875000	0.0000000000	45.9868451681	35.6699168954
20	12	1046237202334094764	16391259317832671890	1218161167013587764	11449327595732921640	-8002.0395507812	0.0000000000	54.4636656857	80.6872801780
26	28	3677539687118464806	9177646350617092470	4377290938449174196	4496988588825796793	-8002.0541992188	0.0000000000	47.2744267422	46.1113568868
25	38	5780356174714114032	17668263712404765095	4739748653907115802	16531967052274105624	-8002.0815429688	0.0000000000	48.0489466936	35.8217723641
4	30	8045306162725016970	16435385630624801419	17818573802718690	3946736440293975820	-8002.2407226562	0.0000000000	110.7226625623	43.4786886238
28	6	9177646350617092470	14096216066926910792	8268129587705108049	10414067544253028685	-8002.2553710938	0.0000000000	46.3125287618	88.2763936780
41	26	1888818331439995210	3677539687118464806	1662732874645331560	6641432394046861420	-8002.4345703125	0.0000000000	34.4709333405	47.6547978359
21	7	11236653891000862078	12014440374453940326	2193894311827375810	12256536018418536599	-8002.4526367188	0.0000000000	52.5072102062	88.0066606643
13	44	8092288150866125527	10862253799153717808	1823508690197092584	11585802928577224469	-8002.5043945312	0.0000000000	78.9305452039	31.1613391986
32	31	4966220293146277814	5152665697369137020	3609130626396911759	15793498619480104952	-8002.5200195312	0.0000000000	42.7281272960	42.8655759067
8	40	4658462925702556971	11231203924049915803	6214969662639879994	13500946485584673406	-8002.5390625000	0.0000000000	85.1995482842	34.9045443303
15	19	12160679725756406689	14751980135288900473	1374477152290239525	5531970417111366778	-8002.6484375000	0.0000000000	71.0382818753	58.0283005458
53	25	4640969427895815149	5780356174714114032	133972942021845794	14966095627744374007	-8002.6582031250	0.0000000000	12.2296130082	48.6256068499
20	30	1046237202334094764	16435385630624801419	636538256699942360	9019928076102587543	-8002.6845703125	0.0000000000	55.1086852169	43.9225362801
55	0	2292446775736722074	6371587972617561608	2292446775736722074	16312816319012768023	-8002.6992187500	0.0000000000	0.3107170824	115.1078422149
51	12	7970541704402291512	16391259317832671890	7400063182206059121	14005490660869231136	-8002.7324218750	0.0000000000	16.0313626929	81.3801512718
17	23	6970281684422671481	8717651797386555916	6586427096185032477	14767358838907725926	-8002.8486328125	0.0000000000	68.0320901361	51.5649630103
0	51	6371587972617561608	7970541704402291512	5663995938192101913	15342757780825202489	-8003.0039062500	0.0000000000	115.4125297149	16.3028470679
11	29	10407805082592081880	12194982764038463404	541421513798282813	16611169369726598251	-8003.0136718750	0.0000000000	81.9267520953	45.0410327834
54	2	6500793261280460188	11478852062763085546	3772431571043123967	8251456003405832824	-8003.0307617188	0.0000000000	10.3787747405	113.1564439560
0	54	6371587972617561608	6500793261280460188	7512059731986815255	15388517534573368700	-8003.1176757812	0.0000000000	115.5262992461	10.4656888030
53	6	4640969427895815149	14096216066926910792	977485819497936028	3332614631564313164	-8003.1630859375	0.0000000000	12.7344958207	89.1841085217
26	4	3677539687118464806	8045306162725016970	4202223630220440506	14767346884301505332	-8003.5415039062	0.0000000000	48.7617314297	112.0234438123
32	36	4966220293146277814	14484987023404738761	7171715223382213312	12749633822228093071	-8003.5825195312	0.0000000000	43.7906272960	39.4645980252
55	3	2292446775736722074	13351281075670761977	2292446775736722074	16375663157778539504	-8003.9619140625	0.0000000000	1.5734123949	113.3623041808
53	0	4640969427895815149	6371587972617561608	763331111581946200	7391459933541863091	-8004.0654296875	0.0000000000	13.6368395707	116.4740531524
55	52	2292446775736722074	10259389231276992146	2292446775736722074	10153016097078850883	-8004.2031250000	0.0000000000	1.8146233324	15.5548149748
16	38	8536167186944703440	17668263712404765095	4399806082368851685	7927751665461985273	-8004.2128906250	0.0000000000	71.1326540818	37.9531200204
26	31	3677539687118464806	5152665697369137020	7336390906754878575	7959167887254360229	-8004.2622070312	0.0000000000	49.4824345547	44.6077634067
4	44	8045306162725016970	10862253799153717808	2341341439624477734	17500941350316795723	-8004.2792968750	0.0000000000	112.7612367811	32.9362415424
26	51	3677539687118464806	7970541704402291512	6061758559983465504	10530822398952012594	-8004.2915039062	0.0000000000	49.5117314297	17.5904447242
8	54	4658462925702556971	6500793261280460188	2201024704194198870	6715391436233974069	-8004.3076171875	0.0000000000	86.9681029717	11.6556302093
36	38	14484987023404738761	17668263712404765095	14401515096125606924	15405229743697775536	-8004.4077148438	0.0000000000	40.2897933377	38.1479442391
40	36	11231203924049915803	14484987023404738761	12209471021514036273	14737050868835638543	-8004.4272460938	0.0000000000	36.7927279241	40.3093245877
11	36	10407805082592081880	14484987023404738761	5408841213072280855	9079655948403552913	-8004.4506835938	0.0000000000	83.3637638141	40.3327620877
25	42	5780356174714114032	9948227892486454105	300046473819160406	14863304555566261464	-8004.4511718750	0.0000000000	50.4185755999	35.8683390027
44	7	10862253799153717808	12014440374453940326	5291826499822137679	6053598073618338931	-8004.6118164062	0.0000000000	33.2687610736	90.1658403518
51	45	7970541704402291512	12561581295480038524	12198840415030140056	14812935374956648840	-8004.6367187500	0.0000000000	17.9356595679	31.2005777931
31	25	5152665697369137020	5780356174714114032	2147005901075128641	11148985969441273100	-8004.6689453125	0.0000000000	45.0145016880	50.6363490374
55	21	2292446775736722074	11236653891000862078	2292446775736722074	11397301310248211465	-8004.7177734375	0.0000000000	2.3292717699	54.7723469250
32	15	4966220293146277814	12160679725756406689	5282935127690127446	5879105990377462467	-8004.7783203125	0.0000000000	44.9864280773	73.1681646878
46	15	8040595452178790572	12160679725756406689	13487587838474732081	15676815367441940277	-8004.8818359375	0.0000000000	28.6756114835	73.2716803128
10	29	7595910785781508693	12194982764038463404	7737618895429517585	15650573764240789901	-8004.8876953125	0.0000000000	84.7956186404	46.9150562209
28	11	9177646350617092470	10407805082592081880	15503570687805785315	17742161722721238483	-8004.9521484375	0.0000000000	49.0093061056	83.8652286578
32	29	4966220293146277814	12194982764038463404	11810593588415993974	14092924932704619751	-8005.0883789062	0.0000000000	45.2964866710	47.1157398147
46	4	8040595452178790572	8045306162725016970	3758178289362997144	17981870383246466250	-8005.0888671875	0.0000000000	28.8826427335	113.5708070936
26	35	3677539687118464806	14942507290531385320	588870206019473819	16331591239229115689	-8005.1333007812	0.0000000000	50.3535283047	42.9722387862
25	14	5780356174714114032	10101455748649481601	280091610035380629	7655996803261521695	-8005.2099609375	0.0000000000	51.1773646624	80.0395521239
5	45	4498173866439340886	12561581295480038524	11622194214807030641	16187635640226936461	-8005.2392578125	0.0000000000	94.4613456279	31.8031168556
16	19	8536167186944703440	14751980135288900473	2287101730365691243	10150981816154639553	-8005.3261718750	0.0000000000	72.2459353318	60.7060349208
31	27	5152665697369137020	13960800826343588478	2243654141061105127	16017349783356375907	-8005.4687500000	0.0000000000	45.8143063755	50.4755023943
11	47	10407805082592081880	10960148060360410973	10520230595945557847	16176399889976255780	-8005.4921875000	0.0000000000	84.4052677203	26.3075373346
10	36	7595910785781508693	14484987023404738761	1041111554676472916	3610321580381490828	-8005.6279296875	0.0000000000	85.5358530154	41.5100081815
44	21	10862253799153717808	11236653891000862078	3879878217455588779	7201653179602742726	-8005.6904296875	0.0000000000	34.3473743549	55.7450031750
53	11	4640969427895815149	10407805082592081880	10997336494518016265	17687850992073941730	-8005.7949218750	0.0000000000	15.3663317582	84.7080020953
55	27	2292446775736722074	13960800826343588478	1024294526610019558	6691205804710648117	-8005.9575195312	0.0000000000	3.5690178636	50.9642719256
44	19	10862253799153717808	14751980135288900473	7786870656175145186	16629155890362996025	-8006.1621093750	0.0000000000	34.8190540424	61.5419724208
9	21	5790242984336714655	11236653891000862078	2962238739122573245	6593671840990346092	-8006.2197265625	0.0000000000	88.6480578285	56.2743000500
54	1	6500793261280460188	7976387690842223808	6256219907176644214	10973358804298722157	-8006.3598632812	0.0000000000	13.7078763030	116.8285176967
32	23	4966220293146277814	8717651797386555916	2962243530988602034	16120738248084539995	-8006.4316406250	0.0000000000	46.6397483898	55.1479708228
12	38	16391259317832671890	17668263712404765095	8829093598229120398	12404936841730273853	-8006.5405273438	0.0000000000	85.1882567405	40.2807567391
20	7	1046237202334094764	12014440374453940326	3157809038229719282	13947795745370700565	-8006.9677734375	0.0000000000	59.3918883419	92.5217973831
18	7	5459067107413703695	12014440374453940326	3487139289105229659	3586480848343891659	-8006.9804687500	0.0000000000	66.7036540970	92.5344926956
55	25	2292446775736722074	5780356174714114032	1024294526610019558	16222577538545508936	-8006.9892578125	0.0000000000	4.6007561449	52.9566615374
21	19	11236653891000862078	14751980135288900473	2701388817427225781	6943212410582810029	-8007.0649414062	0.0000000000	57.1195148937	62.4448044521
20	10	1046237202334094764	7595910785781508693	8574894257970366451	16021922880235153945	-8007.0688476562	0.0000000000	59.4929625607	86.9767709841
13	28	8092288150866125527	9177646350617092470	11774455846098458089	17443600657279854284	-8007.1186523438	0.0000000000	83.5448030164	51.1758100118
22	49	1210771720364226852	11152803130285824393	3093081176108157455	8453955402749451086	-8007.2416992188	0.0000000000	56.0441371056	22.8875862968
55	26	2292446775736722074	3677539687118464806	1024294526610019558	9062596796042424874	-8007.3271484375	0.0000000000	4.9386467699	52.5473759609
46	3	8040595452178790572	13351281075670761977	5030070471353330386	14554610633822274635	-8007.3549804688	0.0000000000	31.1487560148	116.7553705871
55	6	2292446775736722074	14096216066926910792	1024294526610019558	8738476375288039533	-8007.4672851562	0.0000000000	5.0787834886	93.4883077405
5	46	4498173866439340886	8040595452178790572	2825991222462976310	3423023703672604783	-8007.4692382812	0.0000000000	96.6913260967	31.2630138273
56	1	5570355094948389350	7976387690842223808	5570355094948389350	8577368770392789701	-8007.4702148438	0.0000000000	0.2041546050	117.9388692592
37	35	297250357982028810	14942507290531385320	162554959321574780	9618578834212911070	-8007.4790039062	0.0000000000	41.8179551237	45.3179419112
26	24	3677539687118464806	17075031342849060194	3981801205459428381	11005065925925717577	-8007.4829101562	0.0000000000	52.7031376797	55.0750853614
42	29	9948227892486454105	12194982764038463404	1347963828988988972	2728966883719626132	-8007.4912109375	0.0000000000	38.9083780652	49.5185718459
56	0	5570355094948389350	6371587972617561608	5570355094948389350	13771768675802904084	-8007.5585937500	0.0000000000	0.2925335112	119.9672172149
37	53	297250357982028810	4640969427895815149	3332614631564313164	3833200078619493032	-8007.5727539062	0.0000000000	41.9117051237	17.1441637894
9	27	5790242984336714655	13960800826343588478	4734719553557810605	17356064829348305643	-8007.5917968750	0.0000000000	90.0201281410	52.5985492693
18	11	5459067107413703695	10407805082592081880	8247668230542407017	11439896019690762210	-8007.6230468750	0.0000000000	67.3462322220	86.5361270953
48	4	7794362002244360042	8045306162725016970	4305727496368964076	11741435691412618191	-8007.6250000000	0.0000000000	25.1471738697	116.1069399061
56	2	5570355094948389350	11478852062763085546	3556052567195367108	5570355094948389350	-8007.7036132812	0.0000000000	0.4375530425	117.8292955185
25	47	5780356174714114032	10960148060360410973	5274807557940825474	15324774092246408951	-8007.7050781250	0.0000000000	53.6724818499	28.5204279596
46	36	8040595452178790572	14484987023404738761	5278041334535201130	14730027179084933308	-8007.7792968750	0.0000000000	31.5730724210	43.6613753690
48	6	7794362002244360042	14096216066926910792	12034197959325027016	13180200822469073012	-8007.9458007812	0.0000000000	25.4679746509	93.9668233655
39	19	1729486735494592049	14751980135288900473	10362306663076274819	13493190755523480236	-8008.0068359375	0.0000000000	41.6355170620	63.3866989833
8	23	4658462925702556971	8717651797386555916	15757928924671671724	16401562305970869648	-8008.1416015625	0.0000000000	90.8020873467	56.8579317603
20	6	1046237202334094764	14096216066926910792	725565650196378572	8577825585125369157	-8008.1503906250	0.0000000000	60.5745055294	94.1714132092
26	15	3677539687118464806	12160679725756406689	11179408601126284966	14415277357685535984	-8008.1816406250	0.0000000000	53.4018681484	76.5714850003
22	29	1210771720364226852	12194982764038463404	3442131307961665397	15005537276072566511	-8008.1972656250	0.0000000000	56.9997035118	50.2246265334
46	29	8040595452178790572	12194982764038463404	6330706560663388403	12019863461960330571	-8008.2050781250	0.0000000000	31.9988536710	50.2324390334
18	17	5459067107413703695	6970281684422671481	8607506455814295910	14504223997559940251	-8008.2231445312	0.0000000000	67.9463298782	73.4066018549
33	31	3738967082803535594	5152665697369137020	2812581464542902985	4513337086840119313	-8008.2358398438	0.0000000000	47.3975218967	48.5813962192
43	19	10161784703423532569	14751980135288900473	8133371792786779939	10509593037929038061	-8008.3037109375	0.0000000000	37.5133434559	63.6835739833
26	5	3677539687118464806	4498173866439340886	3066352641662718360	14363841732638101081	-8008.4062500000	0.0000000000	53.6264775234	97.6283378154
29	27	12194982764038463404	13960800826343588478	8843181665963629343	13154401600243791074	-8008.4340820312	0.0000000000	50.4614429397	53.4408344256
50	55	475080106213288130	2292446775736722074	3815191209157521571	17295173648248399112	-8008.5400390625	0.0000000000	22.0374218380	6.1515373949
25	24	5780356174714114032	17075031342849060194	15460482431840682448	18243219819102079535	-8008.5673828125	0.0000000000	54.5347865374	56.1595580176
34	19	7333685589614754051	14751980135288900473	15332435133739527804	15432117348780184033	-8008.5932617188	0.0000000000	47.2371120129	63.9731247646
32	14	4966220293146277814	10101455748649481601	2125317600887804035	14655226138096091770	-8008.6079101562	0.0000000000	48.8160179210	83.4375013426
39	13	1729486735494592049	8092288150866125527	14586774527847281004	16587747829158988826	-8008.6274414062	0.0000000000	42.2561225307	85.0535920789
22	48	1210771720364226852	7794362002244360042	14399160363894871717	16118387699344235942	-8008.6372070312	0.0000000000	57.4396449181	26.1593809009
5	51	4498173866439340886	7970541704402291512	3020785108042293802	9311512475423080263	-8008.7241210938	0.0000000000	97.9462089092	22.0230619117
51	11	7970541704402291512	10407805082592081880	4645480708259830464	8705571882413154214	-8008.8334960938	0.0000000000	22.1324369117	87.7465763141
22	46	1210771720364226852	8040595452178790572	6730808537904521928	11101444129147768508	-8008.8759765625	0.0000000000	57.6784144493	32.6697521085
16	42	8536167186944703440	9948227892486454105	3035067308239499382	14778186562933752662	-8008.8876953125	0.0000000000	75.8074587693	40.3048624402
56	4	5570355094948389350	8045306162725016970	5053140995864773506	5570355094948389350	-8008.9018554688	0.0000000000	1.6357952300	117.3837953748
41	4	1888818331439995210	8045306162725016970	1380165426932190366	5039632097768104168	-8008.9663085938	0.0000000000	41.0026716217	117.4482484998
16	36	8536167186944703440	14484987023404738761	1709019538005272203	1725790715688113259	-8008.9897460938	0.0000000000	75.9095095505	44.8718245877
32	28	4966220293146277814	9177646350617092470	967248900028002900	5635228423899148937	-8009.1499023438	0.0000000000	49.3580101085	53.2070600118
17	36	6970281684422671481	14484987023404738761	2364579666270706927	11144927151087476989	-8009.2758789062	0.0000000000	74.4593362299	45.1579574002
5	32	4498173866439340886	4966220293146277814	2936877092459146950	10128925415729573272	-8009.3291015625	0.0000000000	98.5511893779	49.5372093273
11	40	10407805082592081880	11231203924049915803	1534002968718745594	15459296607104906835	-8009.3359375000	0.0000000000	88.2490177203	41.7014193303
48	36	7794362002244360042	14484987023404738761	1828838714345944399	16184679198504115655	-8009.3378906250	0.0000000000	26.8600644947	45.2199691190
26	16	3677539687118464806	8536167186944703440	10292781659675916664	14415277357685535984	-8009.3935546875	0.0000000000	54.6137822109	76.3133181443
37	11	297250357982028810	10407805082592081880	2676894626573298252	9405282111408294107	-8009.4062500000	0.0000000000	43.7452012174	88.3193302203
55	1	2292446775736722074	7976387690842223808	2488530921240293789	8794956217352130188	-8009.4833984375	0.0000000000	7.0948967699	119.9520528529
39	47	1729486735494592049	10960148060360410973	4338554427370400523	8873508007045006888	-8009.7866210938	0.0000000000	43.4153022182	30.6019709284
37	4	297250357982028810	8045306162725016970	2846755766086268808	8121277011998805031	-8009.8125000000	0.0000000000	44.1514512174	118.2944399061
28	12	9177646350617092470	16391259317832671890	4256548239970330824	16811677534271846973	-8009.8837890625	0.0000000000	53.9409467306	88.5315184593
14	38	10101455748649481601	17668263712404765095	1844529648627900037	11444499545647718020	-8009.8867187500	0.0000000000	84.7163099364	43.6269481454
8	31	4658462925702556971	5152665697369137020	8926295665073861325	9809265310035584562	-8009.9956054688	0.0000000000	92.6560912530	50.3411618442
26	47	3677539687118464806	10960148060360410973	12660064939706098306	13873427357532483446	-8010.1318359375	0.0000000000	55.3520634609	30.9471857721
40	6	11231203924049915803	14096216066926910792	1980523387175637292	4425224606010423606	-8010.3188476562	0.0000000000	42.6843294866	96.3398702405
39	12	1729486735494592049	16391259317832671890	8040930549508062718	12531417222367173513	-8010.4409179688	0.0000000000	44.0695990932	89.0886473655
0	46	6371587972617561608	8040595452178790572	2478967900785274286	11205242281878823197	-8010.4414062500	0.0000000000	122.8500297149	34.2351817960
45	36	12561581295480038524	14484987023404738761	258165378592836807	1733465949123271039	-8010.5019531250	0.0000000000	37.0658121681	46.3840316190
49	3	11152803130285824393	13351281075670761977	1879833976205616840	7109476785867031218	-8010.5366210938	0.0000000000	26.1825081718	119.9370112121
37	17	297250357982028810	6970281684422671481	12583861683099397470	14492071938886830375	-8010.5800781250	0.0000000000	44.9190293424	75.7635354486
41	38	1888818331439995210	17668263712404765095	9345393810289875704	13203895049374775234	-8010.7778320312	0.0000000000	42.8141950592	44.5180614266
32	16	4966220293146277814	8536167186944703440	3151832376442682579	12587498259010935718	-8011.1049804688	0.0000000000	51.3130882335	78.0247439255
21	45	11236653891000862078	12561581295480038524	13070112590132813281	17944797162021188977	-8011.1279296875	0.0000000000	61.1825031750	37.6917887306
49	19	11152803130285824393	14751980135288900473	13820580719049217238	14520608958861791366	-8011.2299804688	0.0000000000	26.8758675468	66.6098435146
20	15	1046237202334094764	12160679725756406689	14265859554056262159	16747428477458049341	-8011.2495117188	0.0000000000	63.6736266232	79.6393560941
5	48	4498173866439340886	7794362002244360042	5896195570144849806	14061887529552091042	-8011.2924804688	0.0000000000	100.5145682842	28.8146543384
50	26	475080106213288130	3677539687118464806	7125107327508982004	14991763221744225340	-8011.3408203125	0.0000000000	24.8382030880	56.5610478359
55	2	2292446775736722074	11478852062763085546	14702831384299891974	14920799336155299905	-8011.4448242188	0.0000000000	9.0563225511	121.5705064560
42	43	9948227892486454105	10161784703423532569	15037467917870762968	17638599696121743695	-8011.5830078125	0.0000000000	43.0001749402	40.7926403309
44	6	10862253799153717808	14096216066926910792	2183913141296578529	9970059468953102560	-8011.6542968750	0.0000000000	40.3112415424	97.6753194592
25	52	5780356174714114032	10259389231276992146	1682103505140646671	10332515061818365019	-8011.9516601562	0.0000000000	57.9190638811	23.3033501311
4	27	8045306162725016970	13960800826343588478	4251302757457545070	10460951140640621589	-8012.0336914062	0.0000000000	120.5156313123	57.0404438006
9	45	5790242984336714655	12561581295480038524	14719696787373830915	16879686859427077183	-8012.1005859375	0.0000000000	94.5289172035	38.6644449806
37	26	297250357982028810	3677539687118464806	1168909494237861098	17434269425713457711	-8012.1699218750	0.0000000000	46.5088730924	57.3901493984
51	35	7970541704402291512	14942507290531385320	13035503669775957046	17237431069965861176	-8012.1923828125	0.0000000000	25.4913236304	50.0313208175
26	42	3677539687118464806	9948227892486454105	15022841413109672499	15505177933359676847	-8012.2348632812	0.0000000000	57.4550908047	43.6520304089
15	36	12160679725756406689	14484987023404738761	1725790715688113259	14894573245414452447	-8012.2500000000	0.0000000000	80.6398443753	48.1320784940
20	28	1046237202334094764	9177646350617092470	10955089823764690226	13300938436836059367	-8012.3417968750	0.0000000000	64.7659117794	56.3989545431
27	35	13960800826343588478	14942507290531385320	4093368456411415805	4698171046386555303	-8012.3540039062	0.0000000000	57.3607563006	50.1929419112
5	42	4498173866439340886	9948227892486454105	3769310775789434230	15426886324944826962	-8012.3862304688	0.0000000000	101.6083182842	43.8033975964
5	23	4498173866439340886	8717651797386555916	7988439865282379128	13900439241474602015	-8012.4086914062	0.0000000000	101.6307792217	61.1250216040
23	12	8717651797386555916	16391259317832671890	8522415174098487279	15559955294606465216	-8012.4833984375	0.0000000000	61.1997286353	91.1311278343
37	19	297250357982028810	14751980135288900473	6914849551738630203	10034178680735100411	-8012.6958007812	0.0000000000	47.0347519987	68.0756638271
10	38	7595910785781508693	17668263712404765095	580501633933961047	15258270403672078438	-8012.7084960938	0.0000000000	92.6164194216	46.4487254891
41	9	1888818331439995210	5790242984336714655	8129362513990090490	13180663477817231812	-8012.9614257812	0.0000000000	44.9977888092	95.3897570473
14	35	10101455748649481601	14942507290531385320	4333595204535092658	5306559644639705364	-8013.0371093750	0.0000000000	87.8667005614	50.8760473800
55	32	2292446775736722074	4966220293146277814	3777511833252721728	17699405333301033881	-8013.0385742188	0.0000000000	10.6500725511	53.2466819835
48	12	7794362002244360042	16391259317832671890	7313435553715821761	16636038841924468674	-8013.2832031250	0.0000000000	30.8053769947	91.9309325218
18	24	5459067107413703695	17075031342849060194	12157574938622858175	12370873502067313784	-8013.3261718750	0.0000000000	73.0493572220	60.9183470801
52	21	10259389231276992146	11236653891000862078	2576497585272384277	16798985723059515416	-8013.4316406250	0.0000000000	24.7833305998	63.4862141125
39	55	1729486735494592049	2292446775736722074	8752089137946735103	9462363857275154707	-8013.5395507812	0.0000000000	47.1682319057	11.1510491136
26	52	3677539687118464806	10259389231276992146	9061895791994003565	9062596796042424874	-8013.5839843750	0.0000000000	58.8042118984	24.9356743498
32	40	4966220293146277814	11231203924049915803	3292497778398931574	10892572277760947587	-8013.7407226562	0.0000000000	53.9488304210	46.1062044866
25	28	5780356174714114032	9177646350617092470	12665344768496263546	15429074302662895852	-8013.9775390625	0.0000000000	59.9449427874	58.0346967306
13	43	8092288150866125527	10161784703423532569	5345698775813767948	17908156571663262301	-8014.0009765625	0.0000000000	90.4271272352	43.2106090809
18	14	5459067107413703695	10101455748649481601	3657386164102069182	18027310168613281680	-8014.2636718750	0.0000000000	73.9868572220	89.0932630614
32	47	4966220293146277814	10960148060360410973	969504435405853201	16460666379778331322	-8014.6826171875	0.0000000000	54.8907249523	35.4979670221
32	48	4966220293146277814	7794362002244360042	1141267963757913559	5738482949469385423	-8014.7207031250	0.0000000000	54.9288108898	32.2428769947
31	6	5152665697369137020	14096216066926910792	3797040467893371848	10928607293457864987	-8014.7929687500	0.0000000000	55.1385251255	100.8139913342
5	27	4498173866439340886	13960800826343588478	6121451580641663703	9843267987813943939	-8014.8979492188	0.0000000000	104.1200370342	59.9047016131
46	6	8040595452178790572	14096216066926910792	1525566687565729755	8188595592771713695	-8014.9145507812	0.0000000000	38.7083263273	100.9355733655
34	29	7333685589614754051	12194982764038463404	1830882884244264237	3540715340043253770	-8015.0000000000	0.0000000000	53.6438502941	57.0273609084
15	29	12160679725756406689	12194982764038463404	807613369639961111	1764629910383733024	-8015.0883789062	0.0000000000	83.4782232816	57.1157398147
23	19	8717651797386555916	14751980135288900473	520973120701495098	13561063383855013623	-8015.1879882812	0.0000000000	63.9043184790	70.5678513271
26	29	3677539687118464806	12194982764038463404	1268931380812056983	16680496140515579421	-8015.4868164062	0.0000000000	60.7070439297	57.5141773147
17	49	6970281684422671481	11152803130285824393	4688636836818565261	5699514337256905294	-8015.5097656250	0.0000000000	80.6932229486	31.1556527031
50	10	475080106213288130	7595910785781508693	12656096552003744386	14257589904498725726	-8015.7124023438	0.0000000000	29.2097851192	95.6203256716
50	21	475080106213288130	11236653891000862078	3629964019034631074	10459195376065123584	-8015.7993164062	0.0000000000	29.2966991817	65.8538898937
48	11	7794362002244360042	10407805082592081880	5557614214046741009	7459064425981158177	-8015.8310546875	0.0000000000	33.3532285572	94.7441349078
20	46	1046237202334094764	8040595452178790572	9673396367021253526	16772826625773534440	-8015.9057617188	0.0000000000	68.3298766232	39.6995372648
15	45	12160679725756406689	12561581295480038524	8164252577850746988	9959162538499224578	-8015.9643554688	0.0000000000	84.3541998441	42.5282145118
32	10	4966220293146277814	7595910785781508693	12840297084845992973	16936941555987577098	-8016.1787109375	0.0000000000	56.3868187023	96.0866342654
17	12	6970281684422671481	16391259317832671890	1211079384683775640	2198845502315218783	-8016.3085937500	0.0000000000	81.4920510736	94.9563231468
20	27	1046237202334094764	13960800826343588478	12822880040624859667	16361376156285112814	-8016.5927734375	0.0000000000	69.0168883419	61.5995258318
39	8	1729486735494592049	4658462925702556971	9515698469204341159	14964692321504120275	-8016.6127929688	0.0000000000	50.2414740932	99.2732787530
41	5	1888818331439995210	4498173866439340886	4309092048952662433	15661641690150497531	-8016.6665039062	0.0000000000	48.7028669342	105.8885917217
28	27	9177646350617092470	13960800826343588478	13083891486779362248	14248234315617185862	-8016.8632812500	0.0000000000	60.9204389181	61.8700336443
54	3	6500793261280460188	13351281075670761977	12908677327083566265	13047977638506895514	-8016.9868164062	0.0000000000	24.3348294280	126.3872065246
26	33	3677539687118464806	3738967082803535594	1031424443486863425	9992224199227456409	-8017.1020507812	0.0000000000	62.3222783047	56.2637328342
37	28	297250357982028810	9177646350617092470	5716499995720227589	10013616265372662186	-8017.1801757812	0.0000000000	51.5191269987	61.2373334493
33	25	3738967082803535594	5780356174714114032	4602645160627725157	8836660231990128319	-8017.2163085938	0.0000000000	56.3779906467	63.1837123186
21	38	11236653891000862078	17668263712404765095	7902862520511410304	13599981111189630966	-8017.2875976562	0.0000000000	67.3421711437	51.0278270516
32	43	4966220293146277814	10161784703423532569	12708521768685215405	13476593756908611810	-8017.3383789062	0.0000000000	57.5464866710	46.5480114246
50	7	475080106213288130	12014440374453940326	11246871642169861190	12709833184914465360	-8017.5537109375	0.0000000000	31.0510937130	103.1077348831
20	22	1046237202334094764	1210771720364226852	8175829856695498572	10959924220476956083	-8018.1010742188	0.0000000000	70.5251891232	66.9035121056
51	4	7970541704402291512	8045306162725016970	6971857368176368775	7056996900595144959	-8018.1142578125	0.0000000000	31.4131986304	126.5961977186
48	42	7794362002244360042	9948227892486454105	841615753219556133	16224389114723421260	-8018.1875000000	0.0000000000	35.7096738697	49.6046671277
53	13	4640969427895815149	8092288150866125527	4863503305497902387	18043407431248460005	-8018.2954101562	0.0000000000	27.8668200394	94.7215608289
14	43	10101455748649481601	10161784703423532569	13302731959480864157	13395820294270676472	-8018.6826171875	0.0000000000	93.5122083739	47.8922497059
22	24	1210771720364226852	17075031342849060194	2526815214549446168	6368541554050424884	-8018.7255859375	0.0000000000	67.5280238243	66.3177611426
11	21	10407805082592081880	11236653891000862078	1334557032980356636	9739059396017361608	-8018.8823242188	0.0000000000	97.7954044391	68.9368977062
5	35	4498173866439340886	14942507290531385320	3163026709285069677	13236378370426378303	-8018.9194335938	0.0000000000	108.1415214092	56.7583715987
13	40	8092288150866125527	11231203924049915803	11769202166419339691	13488624605683494606	-8018.9218750000	0.0000000000	95.3480256727	51.2873568303
34	13	7333685589614754051	8092288150866125527	14936506064346521315	16444357334887345161	-8018.9375000000	0.0000000000	57.5813502941	95.3636506727
42	40	9948227892486454105	11231203924049915803	6684647870058603517	6790280884667805238	-8019.1469726562	0.0000000000	50.5641397839	51.5124544866
25	48	5780356174714114032	7794362002244360042	13011088319338566184	13719787854946481467	-8019.1938476562	0.0000000000	65.1612513811	36.7160215259
50	32	475080106213288130	4966220293146277814	5091979381313828836	8135475262917354305	-8019.2021484375	0.0000000000	32.6995312130	59.4102562023
46	12	8040595452178790572	16391259317832671890	7100956072294894334	15609512367197602706	-8019.4375000000	0.0000000000	43.2312755460	98.0852293968
20	17	1046237202334094764	6970281684422671481	3557802168055337979	11448473627338484082	-8019.6030273438	0.0000000000	72.0271422482	84.7864846674
32	17	4966220293146277814	6970281684422671481	4625131399025620732	13278694862080155958	-8019.6855468750	0.0000000000	59.8936546398	84.8690041986
54	4	6500793261280460188	8045306162725016970	1366080474584686075	6721013612245345091	-8019.6914062500	0.0000000000	27.0394192718	128.1733461561
34	12	7333685589614754051	16391259317832671890	8554637533305402162	12020177935961106976	-8019.6928710938	0.0000000000	58.3367213879	98.3406004905
9	48	5790242984336714655	7794362002244360042	9095954940926387541	15011297532732253999	-8019.8291015625	0.0000000000	102.2574328285	37.3512754322
41	28	1888818331439995210	9177646350617092470	3303720596964337915	11730900540433451134	-8019.9853515625	0.0000000000	52.0217145905	64.0425092306
13	42	8092288150866125527	9948227892486454105	4441625052836559738	15505177933359676847	-8020.0444335938	0.0000000000	96.4705842664	51.4616007214
31	19	5152665697369137020	14751980135288900473	18063589134650629920	18339463194099453144	-8020.0546875000	0.0000000000	60.4002438755	75.4345505458
56	3	5570355094948389350	13351281075670761977	224760195394094001	1780886730240851056	-8020.0815429688	0.0000000000	12.8154827300	129.4819330871
31	44	5152665697369137020	10862253799153717808	10138339635912457030	11257231782187384009	-8020.2094726562	0.0000000000	60.5550290317	48.8664173236
51	16	7970541704402291512	8536167186944703440	4501525432306564101	17633717657755941504	-8020.2602539062	0.0000000000	33.5591947242	87.1800173630
48	15	7794362002244360042	12160679725756406689	3316417290134502021	11323061154475790584	-8020.3476562500	0.0000000000	37.8698301197	88.7375006253
37	32	297250357982028810	4966220293146277814	11676693642671257795	14972592361779146377	-8020.3745117188	0.0000000000	54.7134629362	60.5826194835
33	18	3738967082803535594	5459067107413703695	3769232303243791693	9992224199227456409	-8020.3852539062	0.0000000000	59.5469359592	80.1084392532
33	32	3738967082803535594	4966220293146277814	2352829202739102139	11492160099223927972	-8020.4492187500	0.0000000000	59.6109008029	60.6573265148
50	22	475080106213288130	1210771720364226852	2297793331445430543	11246871642169861190	-8020.5151367188	0.0000000000	34.0125194942	69.3175746056
14	40	10101455748649481601	11231203924049915803	12137796710105165903	13928002727564477892	-8020.5156250000	0.0000000000	95.3452161864	52.8811068303
9	44	5790242984336714655	10862253799153717808	16043626739491979519	16477337993559185577	-8020.6914062500	0.0000000000	103.1197375160	49.3483509174
22	16	1210771720364226852	8536167186944703440	11278667648883173114	17276238900837836623	-8020.8125000000	0.0000000000	69.6149378868	87.7322634568
54	17	6500793261280460188	6970281684422671481	5582770035055415310	10831318171908985941	-8020.8476562500	0.0000000000	28.1956692718	86.0311135736
13	23	8092288150866125527	8717651797386555916	129191891467906068	9467995658944291648	-8020.8481445312	0.0000000000	97.2742952039	69.5644747290
8	34	4658462925702556971	7333685589614754051	16444357334887345161	17360886795525958812	-8021.0014648438	0.0000000000	103.6619506280	59.6453151379
31	11	5152665697369137020	10407805082592081880	202983715523178302	13668418574151616885	-8021.0141601562	0.0000000000	61.3597165317	99.9272403766
42	49	9948227892486454105	11152803130285824393	4131984993842245991	13497821478237901760	-8021.0546875000	0.0000000000	52.4718546277	36.7005745781
31	7	5152665697369137020	12014440374453940326	10653723324817089249	17262628728136105469	-8021.1469726562	0.0000000000	61.4925290317	106.7009966018
53	19	4640969427895815149	14751980135288900473	511936717717278891	9256239731596403056	-8021.4604492188	0.0000000000	31.0318591019	76.8403122646
37	7	297250357982028810	12014440374453940326	12702671406593843084	17929642485522258805	-8021.7075195312	0.0000000000	56.0464707487	107.2615434768
42	27	9948227892486454105	13960800826343588478	8047141039433734547	16558098287549075297	-8021.8242187500	0.0000000000	53.2413858777	66.8309711443
14	49	10101455748649481601	11152803130285824393	10420871271167613570	13056665478098941650	-8021.9042968750	0.0000000000	96.7338880614	37.5501839531
51	7	7970541704402291512	12014440374453940326	1010453535287795	14216733894244929240	-8021.9589843750	0.0000000000	35.2579251929	107.5130083206
37	10	297250357982028810	7595910785781508693	8463859923265663272	8873300172117043463	-8021.9794921875	0.0000000000	56.3184434049	101.8874155154
50	5	475080106213288130	4498173866439340886	1861698736819195383	4093521059754739737	-8022.0053710938	0.0000000000	35.5027538692	111.2274589092
48	24	7794362002244360042	17075031342849060194	10515581820779791918	14088566313293978930	-8022.1870117188	0.0000000000	39.7091855884	69.7791869239
50	25	475080106213288130	5780356174714114032	5091979381313828836	9319494744352635329	-8022.1948242188	0.0000000000	35.6922069942	68.1622279436
22	53	1210771720364226852	4640969427895815149	6450638077409470298	8397467342474794591	-8022.1987304688	0.0000000000	71.0011683556	31.7701403519
9	54	5790242984336714655	6500793261280460188	17802295293073416314	18143225439822361371	-8022.2172851562	0.0000000000	104.6456164223	29.5652981780
55	7	2292446775736722074	12014440374453940326	2042455042998605648	15737700613337245083	-8022.3642578125	0.0000000000	19.9757561449	107.9182817581
25	15	5780356174714114032	12160679725756406689	1613214129985505372	15481178014237651083	-8022.4165039062	0.0000000000	68.3839076311	90.8063482816
20	35	1046237202334094764	14942507290531385320	15251861753448756602	16591087090093476220	-8022.9350585938	0.0000000000	75.3591734982	60.7739965987
4	45	8045306162725016970	12561581295480038524	3312935620267788148	11534051475356828138	-8022.9458007812	0.0000000000	131.4277406873	49.5096598243
54	42	6500793261280460188	9948227892486454105	1936571008658559809	18039592874634195384	-8023.0517578125	0.0000000000	30.3997708343	54.4689249402
18	44	5459067107413703695	10862253799153717808	475388998365164302	9506310414562281044	-8023.1586914062	0.0000000000	82.8818767532	51.8156360736
25	10	5780356174714114032	7595910785781508693	1884780491619126980	10579953045742100207	-8023.3466796875	0.0000000000	69.3140834124	103.2546030154
4	38	8045306162725016970	17668263712404765095	4055493375050893464	8012863458964441857	-8023.3481445312	0.0000000000	131.8300844373	57.0883739266
32	12	4966220293146277814	16391259317832671890	5424954336851302290	16211352459522296497	-8023.3569335938	0.0000000000	63.5650413585	102.0046629905
41	40	1888818331439995210	11231203924049915803	3802729214294623502	15094605087624017259	-8023.3940429688	0.0000000000	55.4304059967	55.7595247991
55	5	2292446775736722074	4498173866439340886	71929034871645028	5866505873689070440	-8023.6059570312	0.0000000000	21.2174553636	112.8280448467
25	45	5780356174714114032	12561581295480038524	3099481983657981238	8700078474974977235	-8023.7060546875	0.0000000000	69.6734584124	50.2699137306
28	49	9177646350617092470	11152803130285824393	11630469330009535684	15402924706651129139	-8023.8999023438	0.0000000000	67.9570600118	39.5457894218
16	47	8536167186944703440	10960148060360410973	6366904852620985762	14548294357011320005	-8023.9184570312	0.0000000000	90.8382204880	44.7338068659
18	36	5459067107413703695	14484987023404738761	2343108328266192552	3802357609919188573	-8024.1948242188	0.0000000000	83.9180095657	60.0769027127
10	30	7595910785781508693	16435385630624801419	13631492037114542986	13713812217513468005	-8024.2099609375	0.0000000000	104.1178842654	65.4479269051
26	17	3677539687118464806	6970281684422671481	9888514220432997314	10181706823641793750	-8024.5185546875	0.0000000000	69.7387822109	89.7020120111
20	33	1046237202334094764	3738967082803535594	2917805974838403862	6837689886920839183	-8024.7338867188	0.0000000000	77.1580016232	63.8955687717
22	40	1210771720364226852	11231203924049915803	5433249866434901435	15487213907854643413	-8025.0170898438	0.0000000000	73.8195277306	57.3825716741
53	35	4640969427895815149	14942507290531385320	4148239744095081240	11001936060113340085	-8025.2504882812	0.0000000000	34.8218981644	63.0894262862
47	27	10960148060360410973	13960800826343588478	352004347129465385	7941476847298584790	-8026.1298828125	0.0000000000	46.9452326471	71.1366352068
34	11	7333685589614754051	10407805082592081880	14519230948139597933	17414330309321143021	-8026.1606445312	0.0000000000	64.8044948254	105.0737247516
31	13	5152665697369137020	8092288150866125527	2337272086028445694	8477521049985096985	-8026.3295898438	0.0000000000	66.6751462192	102.7557405164
17	45	6970281684422671481	12561581295480038524	4606005611561224145	11002942456640126211	-8026.4028320312	0.0000000000	91.5862893549	52.9666910743
17	7	6970281684422671481	12014440374453940326	7644113691029915387	11892141598688304194	-8026.4301757812	0.0000000000	91.6136331049	111.9841997268
41	15	1888818331439995210	12160679725756406689	2507476881221960653	10670899811304767307	-8026.4472656250	0.0000000000	58.4836286530	94.8371100003
20	51	1046237202334094764	7970541704402291512	4171168906551036458	5981195591391316802	-8026.5683593750	0.0000000000	78.9924742794	39.8673001929
9	28	5790242984336714655	9177646350617092470	6686542525926542761	10987086505359801930	-8026.6328125000	0.0000000000	109.0611437660	70.6899701681
17	19	6970281684422671481	14751980135288900473	4925617194075009849	5306225596562201084	-8026.7846679688	0.0000000000	91.9681252924	82.1645310146
33	12	3738967082803535594	16391259317832671890	13355327185191407175	16285954985976439268	-8026.8486328125	0.0000000000	66.0103148654	105.4963622093
20	36	1046237202334094764	14484987023404738761	480223898894238036	6642427582762598711	-8026.9057617188	0.0000000000	79.3298766232	62.7878402127
39	28	1729486735494592049	9177646350617092470	994766926491378177	12921159571407156644	-8027.1030273438	0.0000000000	60.7317084682	71.1601850118
26	14	3677539687118464806	10101455748649481601	11249139586189151960	16103649453841321000	-8027.1708984375	0.0000000000	72.3911259609	102.0004896239
34	15	7333685589614754051	12160679725756406689	10929846137330369464	17848050534918983822	-8027.2817382812	0.0000000000	65.9255885754	95.6715826566
42	11	9948227892486454105	10407805082592081880	5947749420852033296	13826282679548254819	-8027.3027343750	0.0000000000	58.7199015027	106.2158145953
51	15	7970541704402291512	12160679725756406689	15683603105702747184	17733175257423693945	-8027.3574218750	0.0000000000	40.6563626929	95.7472662503
18	15	5459067107413703695	12160679725756406689	5836038430830912870	8472459300193642769	-8027.5292968750	0.0000000000	87.2524822220	95.9191412503
34	4	7333685589614754051	8045306162725016970	4298570809488955598	5543891589630300648	-8027.6166992188	0.0000000000	66.2605495129	136.0986391248
37	45	297250357982028810	12561581295480038524	7021880294397331186	8373920551319768186	-8027.6772460938	0.0000000000	62.0161973112	54.2411051368
48	16	7794362002244360042	8536167186944703440	2086696394966502553	16328586000683192797	-8027.8320312500	0.0000000000	45.3542051197	94.7517947068
46	21	8040595452178790572	11236653891000862078	6996114309499248954	15448148179992618325	-8027.8432617188	0.0000000000	51.6370372648	77.8978352062
47	21	10960148060360410973	11236653891000862078	5680306029988481004	15430102978159401922	-8027.8862304688	0.0000000000	48.7015803034	77.9408039562
54	35	6500793261280460188	14942507290531385320	8633666040785299140	14895745033643237984	-8027.9614257812	0.0000000000	35.3094388030	65.8003637862
23	7	8717651797386555916	12014440374453940326	12094471794490841600	17432270201453000215	-8027.9707031250	0.0000000000	76.6870333228	113.5247270706
43	27	10161784703423532569	13960800826343588478	24247765760973221	307736378163793954	-8028.1396484375	0.0000000000	57.3492809559	73.1464008318
20	16	1046237202334094764	8536167186944703440	747395335450233762	12213603472831254330	-8028.2788085938	0.0000000000	80.7029234982	95.1985720505
5	49	4498173866439340886	11152803130285824393	4787694918228113278	13073586817504708655	-8028.3857421875	0.0000000000	117.6078300029	44.0316292656
18	12	5459067107413703695	16391259317832671890	2540348136302922807	8627555693624376780	-8028.4497070312	0.0000000000	88.1728923782	107.0974364280
15	24	12160679725756406689	17075031342849060194	1615672791414537544	10037651845788191197	-8028.5463867188	0.0000000000	96.9362310941	76.1385619239
20	11	1046237202334094764	10407805082592081880	1503132640015398552	15918491296046227824	-8028.6059570312	0.0000000000	81.0300719357	107.5190372516
20	24	1046237202334094764	17075031342849060194	1565633354279828963	6902133015939020598	-8028.7172851562	0.0000000000	81.1414000607	76.3094603614
53	45	4640969427895815149	12561581295480038524	479238746659955590	16581424983228350619	-8028.8300781250	0.0000000000	38.4014880082	55.3939371681
39	52	1729486735494592049	10259389231276992146	14275295047586492201	15019808007636874550	-8028.8344726562	0.0000000000	62.4631537807	40.1861626311
21	35	11236653891000862078	14942507290531385320	11575243482442769521	17918026990102555338	-8028.9047851562	0.0000000000	78.9593586437	66.7437231612
25	16	5780356174714114032	8536167186944703440	4246046415995803098	11332476128821815923	-8028.9101562500	0.0000000000	74.8775599749	95.8299197068
31	9	5152665697369137020	5790242984336714655	10007547243206111418	15484034876730202994	-8028.9624023438	0.0000000000	69.3079587192	111.3907336098
53	7	4640969427895815149	12014440374453940326	2945427399994480513	11573881809466686812	-8029.1757812500	0.0000000000	38.7471911332	114.7298051956
34	10	7333685589614754051	7595910785781508693	1642887554662715101	9682655540540162156	-8029.4409179688	0.0000000000	68.0847682629	109.3488412966
18	28	5459067107413703695	9177646350617092470	3644183025786702278	17243798832945782405	-8029.4829101562	0.0000000000	89.2060955032	73.5400678243
7	45	12014440374453940326	12561581295480038524	1023036453101730674	10160794240907860432	-8029.5278320312	0.0000000000	115.0818559768	56.0916910743
11	45	10407805082592081880	12561581295480038524	3642262012329329017	7152338142970639183	-8029.5771484375	0.0000000000	108.4902286578	56.1410074806
17	44	6970281684422671481	10862253799153717808	10992207179170276832	16282189243717534709	-8029.9721679688	0.0000000000	95.1556252924	58.6291126361
55	47	2292446775736722074	10960148060360410973	4723911243002028083	17764814548209206872	-8030.0639648438	0.0000000000	27.6754631761	50.8793146784
8	48	4658462925702556971	7794362002244360042	8694800910392338336	9764765231269746323	-8030.1875000000	0.0000000000	112.8479857842	47.7096738697
17	4	6970281684422671481	8045306162725016970	2893756397453003654	9456244920401010064	-8030.3442382812	0.0000000000	95.5276956049	138.8261781873
39	25	1729486735494592049	5780356174714114032	4379842986158824913	10673024031018002710	-8030.3876953125	0.0000000000	64.0163764370	76.3550990374
33	36	3738967082803535594	14484987023404738761	6876676653726293958	16496800154038352365	-8030.8510742188	0.0000000000	70.0127562717	66.7331527127
23	11	8717651797386555916	10407805082592081880	3861035938592336965	17009684990398170596	-8031.0063476562	0.0000000000	79.7226778540	109.9194278766
50	33	475080106213288130	3738967082803535594	2532433558855645780	16750236840086387710	-8031.0966796875	0.0000000000	44.5940624630	70.2583617404
8	28	4658462925702556971	9177646350617092470	12052535297050504732	15177583998284103817	-8031.2416992188	0.0000000000	113.9021850030	75.2988568868
39	5	1729486735494592049	4498173866439340886	3955535097962593388	17186834701337890236	-8031.3178710938	0.0000000000	64.9465522182	120.5399589092
21	24	11236653891000862078	17075031342849060194	4741591136690802770	8819053166215290909	-8031.3193359375	0.0000000000	81.3739094250	78.9115111426
55	23	2292446775736722074	8717651797386555916	7052120057567059404	16276401640522418511	-8031.5444335938	0.0000000000	29.1559319261	80.2607637915
33	27	3738967082803535594	13960800826343588478	9515735759239864990	13305837263125762080	-8031.5976562500	0.0000000000	70.7593383029	76.6044086443
41	7	1888818331439995210	12014440374453940326	12160061712591685567	14316821991724558487	-8031.7846679688	0.0000000000	63.8210309967	117.3386919143
34	27	7333685589614754051	13960800826343588478	10821904220068086914	13639216967943798392	-8032.0576171875	0.0000000000	70.7014674816	77.0643695818
49	21	11152803130285824393	11236653891000862078	7553400312430079799	12521616946609861435	-8032.2333984375	0.0000000000	47.8792855156	82.2879719250
46	16	8040595452178790572	8536167186944703440	15068716728402493857	17738978706386812459	-8032.3447265625	0.0000000000	56.1385021085	99.2644900193
33	19	3738967082803535594	14751980135288900473	1023665509996603426	11505201842530568244	-8032.4453125000	0.0000000000	71.6069945529	87.8251755458
56	9	5570355094948389350	5790242984336714655	8367096169475301089	9686957875524915678	-8032.4624023438	0.0000000000	25.1963421050	114.8907336098
53	1	4640969427895815149	7976387690842223808	9036713513981127285	9486985483858045076	-8032.5185546875	0.0000000000	42.0899645707	142.9872091029
37	14	297250357982028810	10101455748649481601	3703802308303950059	7113144045038991064	-8032.5219726562	0.0000000000	66.8609238737	107.3515638426
18	40	5459067107413703695	11231203924049915803	1860087796815912738	15615744994625201376	-8032.6625976562	0.0000000000	92.3857830032	65.0280794866
5	17	4498173866439340886	6970281684422671481	6775128643492911174	8397558574726066195	-8032.7622070312	0.0000000000	121.9842948467	97.9456643549
50	15	475080106213288130	12160679725756406689	267548569799057391	7858760731591053037	-8033.0781250000	0.0000000000	46.5755077755	101.4679693753
41	32	1888818331439995210	4966220293146277814	11236765122717858518	15367524207805926135	-8033.1616210938	0.0000000000	65.1979841217	73.3697288585
41	10	1888818331439995210	7595910785781508693	10715618525655614147	15331183102383593270	-8033.3125000000	0.0000000000	65.3488630280	113.2204233279
25	29	5780356174714114032	12194982764038463404	11057806824111792063	11319752132418423150	-8033.4116210938	0.0000000000	79.3790248186	75.4389820022
6	30	14096216066926910792	16435385630624801419	4418408602294938373	18023214429259811200	-8033.4169921875	0.0000000000	119.4380147717	74.6549581551
45	38	12561581295480038524	17668263712404765095	2118444783678660896	5113972413555203944	-8033.6342773438	0.0000000000	60.1981363868	67.3745067391
33	23	3738967082803535594	8717651797386555916	10810296008974865695	12073852027178522489	-8033.7172851562	0.0000000000	72.8789672092	82.4336153540
48	43	7794362002244360042	10161784703423532569	6562203979003068085	16606010398567409636	-8033.8417968750	0.0000000000	51.3639707447	63.0514293934
52	47	10259389231276992146	10960148060360410973	2497347573564402292	6362919332918712341	-8033.8808593750	0.0000000000	45.2325493498	54.6962092096
48	49	7794362002244360042	11152803130285824393	1445563313981790400	3535049140483072625	-8034.0473632812	0.0000000000	51.5695371509	49.6932503593
8	56	4658462925702556971	5570355094948389350	130601270885775040	10330520384523600649	-8034.2089843750	0.0000000000	116.8694701592	26.9429241362
41	17	1888818331439995210	6970281684422671481	1406697510980665555	2057666404608779477	-8034.3115234375	0.0000000000	66.3478864655	99.4949807611
4	43	8045306162725016970	10161784703423532569	4541785364962053810	18019156498839539707	-8034.3144531250	0.0000000000	142.7963930311	63.5240856434
52	6	10259389231276992146	14096216066926910792	5258869620162121508	6638477515767097012	-8034.3579101562	0.0000000000	45.7096001311	120.3789327405
52	7	10259389231276992146	12014440374453940326	5258869620162121508	7977102718352268449	-8034.3579101562	0.0000000000	45.7096001311	119.9119341018
23	36	8717651797386555916	14484987023404738761	7288937149333666886	17757674209633173296	-8034.6298828125	0.0000000000	83.3462130103	70.5119613065
33	21	3738967082803535594	11236653891000862078	7157096552992970999	8291587015887434366	-8034.7246093750	0.0000000000	73.8862914279	84.7791828625
10	24	7595910785781508693	17075031342849060194	1193255555550313115	15010306453246109431	-8034.7456054688	0.0000000000	114.6535287966	82.3377806739
52	19	10259389231276992146	14751980135288900473	3252220428838267518	10317100663308639861	-8034.8354492188	0.0000000000	46.1871391936	90.2153122646
26	45	3677539687118464806	12561581295480038524	8085113265018190263	10491596671022375555	-8034.8671875000	0.0000000000	80.0874150234	61.4310465431
33	4	3738967082803535594	8045306162725016970	9706708870378540383	14887177237834247732	-8034.9702148438	0.0000000000	74.1318968967	143.4521547498
49	7	11152803130285824393	12014440374453940326	4338313065001557005	15302996535972333927	-8035.1997070312	0.0000000000	50.8455941093	120.7537309768
32	52	4966220293146277814	10259389231276992146	14175048911852293354	18289053629020161347	-8035.3984375000	0.0000000000	75.6065452648	46.7501274748
37	48	297250357982028810	7794362002244360042	1098877487993275627	17892355884087740687	-8035.5117187500	0.0000000000	69.8506699674	53.0338926197
37	43	297250357982028810	10161784703423532569	1098877487993275627	18111192882612371729	-8036.1743164062	0.0000000000	70.5132676237	65.3839489246
5	52	4498173866439340886	10259389231276992146	6362919332918712341	10213692687871877706	-8036.2104492188	0.0000000000	125.4325370342	47.5621391936
27	24	13960800826343588478	17075031342849060194	5940994563850340139	17927801245262383090	-8036.3632812500	0.0000000000	81.3700336443	83.9554564551
50	4	475080106213288130	8045306162725016970	10792870542870401190	12359419228997230841	-8036.5830078125	0.0000000000	50.0803905880	145.0649477186
48	7	7794362002244360042	12014440374453940326	9009531851793666731	11651642959041345036	-8036.6000976562	0.0000000000	54.1222715259	122.1541216018
39	38	1729486735494592049	17668263712404765095	9569933932925545456	12227442881340937028	-8036.6357421875	0.0000000000	70.2644233120	70.3759715829
35	30	14942507290531385320	16435385630624801419	3547360340367952342	4418408602294938373	-8037.1635742188	0.0000000000	75.0025122237	78.4015401863
48	21	7794362002244360042	11236653891000862078	234444104135922330	16918563564983452034	-8037.2045898438	0.0000000000	54.7267637134	87.2591633312
8	42	4658462925702556971	9948227892486454105	10652676159947475732	13248966220408381256	-8037.2089843750	0.0000000000	119.8694701592	68.6261515027
9	47	5790242984336714655	10960148060360410973	1580105287124040211	1720087845969258681	-8037.2504882812	0.0000000000	119.6788195473	58.0658381159
23	47	8717651797386555916	10960148060360410973	8915218998391602165	12237846578103286116	-8037.4008789062	0.0000000000	86.1172091040	58.2162287409
39	4	1729486735494592049	8045306162725016970	4544993913033880186	9499755431780929539	-8037.4829101562	0.0000000000	71.1115912807	145.9648500623
17	40	6970281684422671481	11231203924049915803	8297839099037289085	9573632377016783264	-8037.9702148438	0.0000000000	103.1536721674	70.3356966741
37	33	297250357982028810	3738967082803535594	7844411900757790001	10912881144845009976	-8038.2231445312	0.0000000000	72.5620957487	77.3848265842
17	34	6970281684422671481	7333685589614754051	655126004694557796	14230631544420995780	-8038.7592773438	0.0000000000	103.9427346674	77.4031276379
22	31	1210771720364226852	5152665697369137020	16977769547220804857	18376871479298873886	-8038.7949218750	0.0000000000	87.5973597618	79.1404782505
26	38	3677539687118464806	17668263712404765095	8710067588406077038	12130684501917152505	-8039.0458984375	0.0000000000	84.2661259609	72.7861278329
37	21	297250357982028810	11236653891000862078	6833803695393791061	9865914033663810315	-8039.0966796875	0.0000000000	73.4356309049	89.1512531750
16	45	8536167186944703440	12561581295480038524	1898730205246564599	8848696204207220243	-8039.1113281250	0.0000000000	106.0310915818	65.6751871681
56	17	5570355094948389350	6970281684422671481	6115864395701375757	9741177373967077748	-8039.1503906250	0.0000000000	31.8843303862	104.3338479486
16	43	8536167186944703440	10161784703423532569	1625385311770325898	6038034706308793546	-8039.5424804688	0.0000000000	106.4622439255	68.7521129871
50	47	475080106213288130	10960148060360410973	7839248200088111852	11834094381070096666	-8039.6811523438	0.0000000000	53.1785351192	60.4965021784
23	35	8717651797386555916	14942507290531385320	6977910253882286440	9507287841154085864	-8039.8559570312	0.0000000000	88.5722872290	77.6948950362
39	17	1729486735494592049	6970281684422671481	1554404444866298761	12298309706320310003	-8039.8798828125	0.0000000000	73.5085639370	105.0633401361
41	33	1888818331439995210	3738967082803535594	10753603241595843068	10864716010935015373	-8040.0190429688	0.0000000000	72.0554059967	79.1807250217
31	21	5152665697369137020	11236653891000862078	787289896135942200	1983153740511227784	-8040.8134765625	0.0000000000	81.1590329380	90.8680500500
39	32	1729486735494592049	4966220293146277814	7067221072138390162	12242932867712627741	-8041.1098632812	0.0000000000	74.7385444057	81.3179710460
41	34	1888818331439995210	7333685589614754051	3549812858438055016	11322469423618767416	-8041.1616210938	0.0000000000	73.1979841217	79.8054713879
10	35	7595910785781508693	14942507290531385320	2335769334633475026	6220546871607815459	-8041.3906250000	0.0000000000	121.2985483279	79.2295630050
34	16	7333685589614754051	8536167186944703440	7087213452030533932	9934037836530772113	-8041.4042968750	0.0000000000	80.0481471691	108.3240603318
26	48	3677539687118464806	7794362002244360042	2348141696325096056	2962530310915202717	-8041.9121093750	0.0000000000	87.1323368984	59.4342832447
4	49	8045306162725016970	11152803130285824393	2151093368472052033	5941461578022877970	-8042.5708007812	0.0000000000	151.0527406873	58.2166878593
39	44	1729486735494592049	10862253799153717808	9818257585720522674	18056657649505524353	-8042.6040039062	0.0000000000	76.2326850307	71.2609485736
13	38	8092288150866125527	17668263712404765095	6256120635599501442	11108696028248634329	-8043.5766601562	0.0000000000	120.0028108289	77.3168895516
56	19	5570355094948389350	14751980135288900473	1018192449787785021	1626489815599982891	-8043.5795898438	0.0000000000	36.3135296050	98.9594528896
37	15	297250357982028810	12160679725756406689	1885224023407673308	9865914033663810315	-8043.6889648438	0.0000000000	78.0279160612	112.0788092191
33	7	3738967082803535594	12014440374453940326	13465587664205954465	17527663748186694050	-8044.7993164062	0.0000000000	83.9609984592	130.3533403518
19	30	14751980135288900473	16435385630624801419	4954348764215994095	11387919174558575142	-8044.8071289062	0.0000000000	100.1869919521	86.0450948738
40	35	11231203924049915803	14942507290531385320	5169376289892226405	14511682479064459503	-8045.1943359375	0.0000000000	77.5598177678	83.0332739425
15	35	12160679725756406689	14942507290531385320	3315280853946352101	6504019783333521023	-8045.3032226562	0.0000000000	113.6930670316	83.1421606612
5	38	4498173866439340886	17668263712404765095	3931199310580414019	11125150247731155943	-8045.7827148438	0.0000000000	135.0048026592	79.5229442391
9	23	5790242984336714655	8717651797386555916	620446681002387098	4150872785304303845	-8046.2729492188	0.0000000000	128.7012804848	94.9892794165
39	10	1729486735494592049	7595910785781508693	5206293685097641924	11511312563329367423	-8046.4282226562	0.0000000000	80.0569037807	126.3361459841
8	15	4658462925702556971	12160679725756406689	2060796048987211731	6150577852483428591	-8046.5195312500	0.0000000000	129.1800170342	114.9093756253
8	38	4658462925702556971	17668263712404765095	4099208438589658756	15773546510666511416	-8046.8735351562	0.0000000000	129.5340209405	80.6137645516
16	44	8536167186944703440	10862253799153717808	11156675974592208643	17842096700807383267	-8047.2036132812	0.0000000000	114.1233767380	75.8605579486
18	51	5459067107413703695	7970541704402291512	5121338269086527241	11130367534689802595	-8047.8383789062	0.0000000000	107.5615642532	61.1373197242
16	27	8536167186944703440	13960800826343588478	63088763552208454	13843446708531001987	-8048.4853515625	0.0000000000	115.4051150193	93.4921039568
46	35	8040595452178790572	14942507290531385320	313716730912888535	3808436236715327434	-8048.5659179688	0.0000000000	72.3596935148	86.4048559737
37	42	297250357982028810	9948227892486454105	11226559279600563639	17375909284892064641	-8048.5849609375	0.0000000000	82.9239121549	80.0021280652
56	6	5570355094948389350	14096216066926910792	10866352404823736439	14969915513350890740	-8048.9409179688	0.0000000000	41.6748577300	134.9619405530
17	28	6970281684422671481	9177646350617092470	12278671643153397358	14197180873879547560	-8049.7446289062	0.0000000000	114.9280862299	93.8017865743
16	35	8536167186944703440	14942507290531385320	11584963772949940038	16002091063623412544	-8050.6308593750	0.0000000000	117.5506228318	88.4697973800
25	30	5780356174714114032	16435385630624801419	9539880909368985206	10260042825226432838	-8051.2187500000	0.0000000000	97.1861537249	92.4567159676
39	11	1729486735494592049	10407805082592081880	788943647521023210	4974325165294391165	-8051.3916015625	0.0000000000	85.0202826870	130.3046817828
4	47	8045306162725016970	10960148060360410973	12174445289944941937	15351005844858909733	-8051.9443359375	0.0000000000	160.4262758436	72.7596857721
10	23	7595910785781508693	8717651797386555916	5079113005823590344	10443921791849673749	-8052.2143554688	0.0000000000	132.1222787966	100.9306856665
43	12	10161784703423532569	16391259317832671890	356053443965209989	10045561831694602779	-8052.3217773438	0.0000000000	81.5314098621	130.9695067405
9	15	5790242984336714655	12160679725756406689	5500092257219352836	12069947385574177200	-8053.4716796875	0.0000000000	135.9000109535	121.8615240628
9	10	5790242984336714655	7595910785781508693	4334181314821479780	12994044381599865648	-8054.2119140625	0.0000000000	136.6402453285	134.1198373904
5	24	4498173866439340886	17075031342849060194	13470400754693015455	13758940981804369882	-8056.2768554688	0.0000000000	145.4989432842	103.8690306739
18	43	5459067107413703695	10161784703423532569	7355450406253133897	12722448438981397552	-8056.3935546875	0.0000000000	116.1167400345	85.6031872059
5	53	4498173866439340886	4640969427895815149	8358147624125866146	16824547370620602223	-8056.4545898438	0.0000000000	145.6766776592	66.0259997269
18	16	5459067107413703695	8536167186944703440	10277864627011184798	18273262044807188652	-8056.9589843750	0.0000000000	116.6821697220	123.8787478318
28	40	9177646350617092470	11231203924049915803	3846947944774620286	14286397610925842778	-8058.3457031250	0.0000000000	102.4028607931	90.7111849553
8	43	4658462925702556971	10161784703423532569	7622604712383384029	7708030224178418431	-8060.0004882812	0.0000000000	142.6609740655	89.2101207996
22	33	1210771720364226852	3738967082803535594	2914739611474868886	10982053891763164202	-8066.2504882812	0.0000000000	115.0529261681	105.4121703342
