section	statistic	value
summary	numTrees	2027025
summary	numEdges	14189175
summary	meanDegree	14.0000000000
local	numLocalPeaks	51
local	posteriorMassOfLocalPeaks	0.6515005968
local	meanUphillFraction	0.4939138463
local	posteriorWeightedMeanUphillFraction	0.0365421110
local	meanBestNeighborLnLDifference	16.1738753359
local	posteriorWeightedMeanBestNeighborLnLDifference	-0.5761418567
local	meanNeighborAbsLnLDifference	5.6506798887
local	posteriorWeightedMeanNeighborAbsLnLDifference	7.7729173284
basin	numPeaks	51
basin	numPeaksMassGreater01	2
basin	numPeaksMassGreater05	2
basin	largestBasinSize	629639
basin	largestBasinMass	0.8277362740
basin	basinMassEntropy	0.4606877464
basin	effectiveNumBasins	1.5851638009
basin	mapTreeHash	12924286424376379847
basin	mapPeakHash	12924286424376379847
basin	mapPeakId	0
basin	mapBasinMass	0.8277362740
basin	posteriorMassOutsideMapBasin	0.1722637260
ascent	meanAscentLength	10.1166714767
ascent	posteriorWeightedMeanAscentLength	0.4425668757
ascent	meanAscentLengthCredible95	1.1818181818
ascent	posteriorWeightedMeanAscentLengthCredible95	0.3681731374
ascent	maxAscentLength	25
credible95	credible95NumTrees	11
credible95	credible95Mass	0.9535172586
credible95	credible95NumComponents	2
credible95	credible95LargestComponentSize	10
credible95	credible95LargestComponentMass	0.7896542053
credible95	credible95MapComponentSize	10
credible95	credible95MapComponentMass	0.7896542053
barrier	basinGraphEdges	1006
barrier	meanBasinGraphDegree	39.4509803922
barrier	mapBasinGraphDegree	50
barrier	basinGraphConnected	1
barrier	minBarrierFromMap	11.0701432619
barrier	meanBarrier	38.1388008745
barrier	posteriorWeightedMeanBarrier	25.0312184630
barrier	maxBarrier	114.6132294355

# peaks
peakId	peakHash	peakTreeProbability	basinNumTrees	basinPosteriorMass
0	12924286424376379847	0.4875694109	629639	0.8277362740
1	16516744392231895066	0.1638630533	535514	0.1721288801
2	5289285235471268423	0.0000505641	65343	0.0000900620
3	5075589499257847107	0.0000099338	121727	0.0000280119
4	16485072641614975299	0.0000054500	88981	0.0000126907
5	2672220462288553597	0.0000010842	14866	0.0000022998
6	9766985628120810743	0.0000003427	48817	0.0000005698
7	2448181928756866669	0.0000002074	8941	0.0000003054
8	6095070672567671420	0.0000002018	25428	0.0000003464
9	13544273601043947578	0.0000001702	13328	0.0000001834
10	5270938801017495105	0.0000000485	57938	0.0000001169
11	12299578720951316864	0.0000000310	39920	0.0000000394
12	13569938661133239442	0.0000000261	6546	0.0000000544
13	343628870250116395	0.0000000215	14464	0.0000000759
14	5731290558828562471	0.0000000205	12524	0.0000000386
15	8091048860242375375	0.0000000141	2021	0.0000000143
16	3044393288098453901	0.0000000107	83449	0.0000000222
17	11790667997533019615	0.0000000035	28997	0.0000000095
18	3043117941884177994	0.0000000022	25109	0.0000000044
19	10212697886420786595	0.0000000002	26108	0.0000000006
20	10461667396332242569	0.0000000001	994	0.0000000001
21	17105471728528320474	0.0000000001	22609	0.0000000003
22	16663092518291701581	0.0000000000	14897	0.0000000000
23	17674469325177066891	0.0000000000	2933	0.0000000000
24	17312801502678843001	0.0000000000	4457	0.0000000000
25	10700603366237361749	0.0000000000	3462	0.0000000000
26	13464727552288861798	0.0000000000	52984	0.0000000000
27	9437257568119688214	0.0000000000	5887	0.0000000000
28	748573590155831814	0.0000000000	6973	0.0000000000
29	986912802074324123	0.0000000000	5930	0.0000000000
30	8999334520627072637	0.0000000000	7220	0.0000000000
31	10292425444900380892	0.0000000000	6436	0.0000000000
32	3992766941926190351	0.0000000000	15780	0.0000000000
33	9818092968817237014	0.0000000000	4573	0.0000000000
34	904445908634330529	0.0000000000	3774	0.0000000000
35	14823730286796461887	0.0000000000	2926	0.0000000000
36	16337656593352093644	0.0000000000	734	0.0000000000
37	17395217366841402865	0.0000000000	2495	0.0000000000
38	9993338758405844512	0.0000000000	824	0.0000000000
39	9470034718117830877	0.0000000000	3805	0.0000000000
40	7124559999870969512	0.0000000000	240	0.0000000000
41	17182146995791043802	0.0000000000	617	0.0000000000
42	1713370223222429489	0.0000000000	2354	0.0000000000
43	10330323940076876102	0.0000000000	190	0.0000000000
44	15504891702941754170	0.0000000000	1179	0.0000000000
45	13753393179259481003	0.0000000000	427	0.0000000000
46	6784554266098846500	0.0000000000	957	0.0000000000
47	10836534406666624292	0.0000000000	860	0.0000000000
48	5967831574206026752	0.0000000000	204	0.0000000000
49	14072494503690174571	0.0000000000	456	0.0000000000
50	8336955118268624342	0.0000000000	188	0.0000000000

# saddles
peakId1	peakId2	peakHash1	peakHash2	saddleTree1	saddleTree2	saddleLnL	saddleProbability	barrierFromPeak1	barrierFromPeak2
3	0	5075589499257847107	12924286424376379847	2353753011287766091	8731545819454113002	-5254.1523437500	0.0000075925	0.2689004422	11.0701432619
2	0	5289285235471268423	12924286424376379847	5289285235471268423	11808202304199538080	-5254.3266601562	0.0000063770	2.0705132944	11.2444596682
0	4	12924286424376379847	16485072641614975299	7591462689224729218	16485072641614975299	-5256.1982421875	0.0000009814	13.1160416994	1.7144656815
6	4	9766985628120810743	16485072641614975299	9766985628120810743	16072214488782794026	-5257.8369140625	0.0000001906	0.5866618896	3.3531375565
5	0	2672220462288553597	12924286424376379847	2111648409469588145	2455807185966922205	-5257.9487304688	0.0000001705	1.8501546540	14.8665299807
7	2	2448181928756866669	5289285235471268423	2448181928756866669	17967643467439306466	-5257.9575195312	0.0000001690	0.2049906889	5.7013726694
5	4	2672220462288553597	16485072641614975299	2672220462288553597	4248615303461709536	-5257.9589843750	0.0000001687	1.8604085602	3.4752078690
0	9	12924286424376379847	13544273601043947578	13544273601043947578	16463468225646876756	-5258.1748046875	0.0000001360	15.0926041994	0.2246505147
8	4	6095070672567671420	16485072641614975299	4869197130649507063	6095070672567671420	-5258.4057617188	0.0000001079	0.6260833931	3.9219852128
7	3	2448181928756866669	5075589499257847107	11732861319451613874	12733487518549813627	-5258.6679687500	0.0000000830	0.9154399077	4.7845254422
3	2	5075589499257847107	5289285235471268423	2975399325662951242	11732861319451613874	-5259.2861328125	0.0000000447	5.4026895047	7.0299859506
6	0	9766985628120810743	12924286424376379847	9380850930672551763	18248265219447345841	-5259.3115234375	0.0000000436	2.0612712646	16.2293229494
10	1	5270938801017495105	16516744392231895066	237271656539681155	10455328686152679260	-5259.7719726562	0.0000000275	0.5654931930	15.5993705444
13	14	343628870250116395	5731290558828562471	4829569869288057426	5731290558828562471	-5260.0815429688	0.0000000202	0.0631520830	0.0124051964
5	8	2672220462288553597	6095070672567671420	263493132326413748	934684342298069882	-5260.1337890625	0.0000000192	4.0352132477	2.3541107369
11	1	12299578720951316864	16516744392231895066	631681853699172188	12299578720951316864	-5260.2290039062	0.0000000174	0.5750881574	16.0564017944
0	12	12924286424376379847	13569938661133239442	3383467199814417332	16542142769684252544	-5260.2416992188	0.0000000172	17.1594987307	0.4162140458
2	12	5289285235471268423	13569938661133239442	2307241849735969517	13569938661133239442	-5260.3525390625	0.0000000154	8.0963922006	0.5270538895
8	0	6095070672567671420	12924286424376379847	6174944006719014162	9380850930672551763	-5260.4570312500	0.0000000139	2.6773529244	17.3748307619
15	1	8091048860242375375	16516744392231895066	8091048860242375375	15868989679365058752	-5260.4570312500	0.0000000139	0.0188075053	16.2844291381
13	10	343628870250116395	5270938801017495105	3874508045796746811	14103919218365949277	-5260.5029296875	0.0000000133	0.4845388018	1.2964502243
3	4	5075589499257847107	16485072641614975299	9762594425207829666	17668725222674249062	-5260.6796875000	0.0000000111	6.7962441922	6.1959109940
5	3	2672220462288553597	5075589499257847107	2210703681004797585	15149634239203131980	-5260.8310546875	0.0000000095	4.7324788727	6.9476113797
2	8	5289285235471268423	6095070672567671420	10720919394085173081	13192353239368127928	-5260.9941406250	0.0000000081	8.7379937631	3.2144622994
7	0	2448181928756866669	12924286424376379847	17612334655179131119	17686678283070304302	-5261.3413085938	0.0000000057	3.5887797514	18.2591081057
14	1	5731290558828562471	16516744392231895066	11513880046171895016	15863774640313541632	-5261.6406250000	0.0000000042	1.5714872276	17.4680228881
2	9	5289285235471268423	13544273601043947578	7205332291458437673	8319999003367886726	-5261.8374023438	0.0000000035	9.5812554819	3.8872481709
9	12	13544273601043947578	13569938661133239442	4088353634661032169	11873344302704796717	-5261.8374023438	0.0000000035	3.8872481709	2.0119171708
2	17	5289285235471268423	11790667997533019615	6195665133852040658	8528531554257558230	-5262.4262695312	0.0000000019	10.1701226694	0.5857251642
5	6	2672220462288553597	9766985628120810743	12650421367144846461	16096767149172447872	-5262.5834960938	0.0000000017	6.4849202790	5.3332439209
13	1	343628870250116395	16516744392231895066	7880953206518856764	8232263867682621121	-5262.6733398438	0.0000000015	2.6549489580	18.5007377319
8	17	6095070672567671420	11790667997533019615	11790667997533019615	13216533885062827109	-5262.7416992188	0.0000000014	4.9620208931	0.9011548517
7	8	2448181928756866669	6095070672567671420	7596452723123427538	13216533885062827109	-5262.8369140625	0.0000000013	5.0843852202	5.0572357369
7	17	2448181928756866669	11790667997533019615	7069498679410301559	7596452723123427538	-5262.8369140625	0.0000000013	5.0843852202	0.9963696954
18	1	3043117941884177994	16516744392231895066	8633229556627822682	17919710495055832758	-5262.9384765625	0.0000000012	0.6287364340	18.7658744506
16	0	3044393288098453901	12924286424376379847	830741660784540833	2084402649569803149	-5263.1821289062	0.0000000009	2.4608340414	20.0999284182
8	6	6095070672567671420	9766985628120810743	7470167255888799768	15120981440407500267	-5263.3769531250	0.0000000007	5.5972747994	6.1267009521
2	6	5289285235471268423	9766985628120810743	7062349613061761262	18384814569227155438	-5263.5454101562	0.0000000006	11.2892632944	6.2951579834
17	0	11790667997533019615	12924286424376379847	7069498679410301559	8272085606982667102	-5263.8159179688	0.0000000005	1.9753736017	20.7337174807
8	9	6095070672567671420	13544273601043947578	922831749359803325	9982744470288132624	-5263.8510742188	0.0000000005	6.0713958931	5.9009200459
3	17	5075589499257847107	11790667997533019615	7069498679410301559	9555222130831035833	-5264.0224609375	0.0000000004	10.1390176297	2.1819165704
18	16	3043117941884177994	3044393288098453901	7220187653474556884	15724221934255238086	-5264.0625000000	0.0000000004	1.7527598715	3.3412051351
3	8	5075589499257847107	6095070672567671420	4405844967646610738	5214856880525026158	-5264.2514648438	0.0000000003	10.3680215359	6.4717865181
17	4	11790667997533019615	16485072641614975299	3768532176249219815	5936670194875933330	-5264.5346679688	0.0000000002	2.6941236017	10.0508914628
12	4	13569938661133239442	16485072641614975299	3198586306543719491	7873265444458517817	-5264.5366210938	0.0000000002	4.7111359208	10.0528445878
16	1	3044393288098453901	16516744392231895066	7220187653474556884	14739815786054365572	-5264.6513671875	0.0000000002	3.9300723226	20.4787650756
2	4	5289285235471268423	16485072641614975299	3875580563866150342	10998165533040948992	-5264.7055664062	0.0000000002	12.4494195444	10.2217899003
14	0	5731290558828562471	12924286424376379847	6606750367095493870	12646225935190666499	-5264.7602539062	0.0000000002	4.6911161339	21.6780534182
9	4	13544273601043947578	16485072641614975299	922831749359803325	1563727994159749276	-5265.0107421875	0.0000000001	7.0605880147	10.5269656815
3	6	5075589499257847107	9766985628120810743	155406315086794396	17807000953357091896	-5265.1313476562	0.0000000001	11.2479043484	7.8810954834
10	14	5270938801017495105	5731290558828562471	2760450495551509632	3982384704807422684	-5265.1713867188	0.0000000001	5.9649072555	5.1022489464
3	20	5075589499257847107	10461667396332242569	4292266947886237022	10461667396332242569	-5265.1787109375	0.0000000001	11.2952676297	0.0719823278
6	1	9766985628120810743	16516744392231895066	1335663912951926690	11758494200545285537	-5265.2441406250	0.0000000001	7.9938884521	21.0715385131
11	0	12299578720951316864	12924286424376379847	255643626260517499	14772385325069292589	-5265.4580078125	0.0000000001	5.8040920637	22.3758073244
19	1	10212697886420786595	16516744392231895066	6891124608467041229	10212697886420786595	-5265.6547851562	0.0000000001	0.9566936918	21.4821830444
5	2	2672220462288553597	5289285235471268423	5229257151226695145	17321810984159758001	-5265.6831054688	0.0000000001	9.5845296540	13.4269586069
20	0	10461667396332242569	12924286424376379847	5750846003562554641	10461667396332242569	-5265.7578125000	0.0000000001	0.6510838903	22.6756120119
1	21	16516744392231895066	17105471728528320474	4114838267635451396	16198294103243206714	-5265.8071289062	0.0000000001	21.6345267944	0.5394989668
6	20	9766985628120810743	10461667396332242569	10461667396332242569	17854683283850394112	-5266.0546875000	0.0000000001	8.8044353271	0.9479588903
13	0	343628870250116395	12924286424376379847	8967011764906068439	11720841120799291918	-5266.1669921875	0.0000000000	6.1486013018	23.0847916994
15	19	8091048860242375375	10212697886420786595	6837638219501781695	10810580486253076781	-5266.4921875000	0.0000000000	6.0539637553	1.7940960355
4	1	16485072641614975299	16516744392231895066	10713171619400073794	14111215468780761924	-5266.5268554688	0.0000000000	12.0430789628	22.3542533569
10	0	5270938801017495105	12924286424376379847	1368202965767732542	14772385325069292589	-5266.6591796875	0.0000000000	7.4527002243	23.5769791994
16	10	3044393288098453901	5270938801017495105	10135887039219226005	10447568562945702033	-5266.8715820312	0.0000000000	6.1502871664	7.6651025680
11	21	12299578720951316864	17105471728528320474	4108262542229924433	17704275527187953792	-5267.3535156250	0.0000000000	7.6995998762	2.0858856855
19	11	10212697886420786595	12299578720951316864	3842958606832116015	13215444589667635574	-5267.3837890625	0.0000000000	2.6856975980	7.7298733137
7	4	2448181928756866669	16485072641614975299	4201390576337578351	13146691672104011340	-5267.9697265625	0.0000000000	10.2171977202	13.4859500565
7	6	2448181928756866669	9766985628120810743	1766208926102333919	3471061665607181970	-5268.0913085938	0.0000000000	10.3387797514	10.8410564209
0	1	12924286424376379847	16516744392231895066	3290165235898193369	6497312924446941626	-5268.6733398438	0.0000000000	25.5911393557	24.5007377319
0	21	12924286424376379847	17105471728528320474	2301990883938939794	10934921520776545928	-5268.9897460938	0.0000000000	25.9075456057	3.7221161543
20	4	10461667396332242569	16485072641614975299	7858965969720198257	18253675249361480966	-5269.1005859375	0.0000000000	3.9938573278	14.6168094315
2	14	5289285235471268423	5731290558828562471	869066119254945911	8236466363871989565	-5269.3447265625	0.0000000000	17.0885797006	9.2755887901
8	1	6095070672567671420	16516744392231895066	4939244746260007649	15948436834682415802	-5269.3813476562	0.0000000000	11.6016693306	25.2087455444
18	4	3043117941884177994	16485072641614975299	628780015656006601	3043117941884177994	-5269.5341796875	0.0000000000	7.2244395590	15.0504031815
13	2	343628870250116395	5289285235471268423	8548231927410598075	11632377942075502858	-5270.0126953125	0.0000000000	9.9943044268	17.7565484506
3	9	5075589499257847107	13544273601043947578	6568315421359027153	11458372951875016132	-5270.1694335938	0.0000000000	16.2859902859	12.2192794209
10	2	5270938801017495105	5289285235471268423	16566932849763001191	17414258018145272394	-5270.3149414062	0.0000000000	11.1084619430	18.0587945444
5	18	2672220462288553597	3043117941884177994	10813912778121262066	13564523091714814584	-5270.4707031250	0.0000000000	14.3721273102	8.1609629965
5	1	2672220462288553597	16516744392231895066	6891124608467041229	9835569143459138296	-5270.7324218750	0.0000000000	14.6338460602	26.5598197631
5	17	2672220462288553597	11790667997533019615	4595800045668010700	13785462795702506368	-5271.0830078125	0.0000000000	14.9844319977	9.2424634454
6	17	9766985628120810743	11790667997533019615	5969171717426190149	13785462795702506368	-5271.0830078125	0.0000000000	13.8327556396	9.2424634454
3	19	5075589499257847107	10212697886420786595	10212697886420786595	15492088077806067646	-5271.2954101562	0.0000000000	17.4119668484	6.5973186918
18	0	3043117941884177994	12924286424376379847	12642186422752411302	16603386142442925902	-5271.3891601562	0.0000000000	9.0794200278	28.3069596682
2	1	5289285235471268423	16516744392231895066	1854606171532864381	2462658169282744841	-5271.6020507812	0.0000000000	19.3459039194	27.4294486694
11	4	12299578720951316864	16485072641614975299	3270060726010377543	9424351083878034082	-5271.8837890625	0.0000000000	12.2298733137	17.4000125565
16	21	3044393288098453901	17105471728528320474	4305165809004958056	7757559281500918201	-5272.6293945312	0.0000000000	11.9080996664	7.3617645918
14	6	5731290558828562471	9766985628120810743	2810099491411856408	13424565642828473586	-5272.8676757812	0.0000000000	12.7985380089	15.6174236084
18	22	3043117941884177994	16663092518291701581	3052049944392543569	16663092518291701581	-5272.9140625000	0.0000000000	10.6043223715	1.4278648122
11	9	12299578720951316864	13544273601043947578	10527164078304275642	12092602797085161901	-5273.1020507812	0.0000000000	13.4481350324	15.1518966084
16	22	3044393288098453901	16663092518291701581	14625478141738044536	16663092518291701581	-5273.1376953125	0.0000000000	12.4164004476	1.6514976247
19	4	10212697886420786595	16485072641614975299	649608704157513338	10212697886420786595	-5273.3217773438	0.0000000000	8.6236858793	18.8380008378
1	23	16516744392231895066	17674469325177066891	11776450649779074930	17674469325177066891	-5273.8686523438	0.0000000000	29.6960502319	0.2097636999
3	24	5075589499257847107	17312801502678843001	13223278299153960671	17312801502678843001	-5273.9140625000	0.0000000000	20.0306191922	0.0255138199
10	23	5270938801017495105	17674469325177066891	8219237269954239369	17674469325177066891	-5274.1210937500	0.0000000000	14.9146142868	0.4622051062
3	22	5075589499257847107	16663092518291701581	5594591963001559676	12870773427116654301	-5274.1240234375	0.0000000000	20.2405801297	2.6378257497
1	22	16516744392231895066	16663092518291701581	3395018494180206041	10108285280995114759	-5274.1689453125	0.0000000000	29.9963432006	2.6827476247
16	4	3044393288098453901	16485072641614975299	11000818648611327016	13767254441944148508	-5274.2221679688	0.0000000000	13.5008731039	19.7383914628
17	1	11790667997533019615	16516744392231895066	9825121430489016111	10639157239433455188	-5274.2949218750	0.0000000000	12.4543775079	30.1223197631
2	21	5289285235471268423	17105471728528320474	7919633872469988936	15973058773109725917	-5274.4394531250	0.0000000000	22.1833062631	9.1718231855
13	16	343628870250116395	3044393288098453901	6204902199961910801	15489471189340110087	-5274.4672851562	0.0000000000	14.4488942705	13.7459902914
7	1	2448181928756866669	16516744392231895066	10393525220900142706	14198163776901970431	-5274.9775390625	0.0000000000	17.2250102202	30.8049369506
1	24	16516744392231895066	17312801502678843001	11177808818413103395	12456179648243597742	-5275.2910156250	0.0000000000	31.1184135131	1.4024669449
3	1	5075589499257847107	16516744392231895066	2421379517380183011	8066494828892178718	-5275.3417968750	0.0000000000	21.4583535672	31.1691947631
25	22	10700603366237361749	16663092518291701581	120166078945137711	10700603366237361749	-5275.3593750000	0.0000000000	0.0468137099	3.8731773122
3	11	5075589499257847107	12299578720951316864	16245025838737092791	18308553281043864313	-5275.5029296875	0.0000000000	21.6194863797	15.8490139387
19	0	10212697886420786595	12924286424376379847	8504388891385992353	15882550478199604992	-5275.7436523438	0.0000000000	11.0455608793	32.6614518557
10	22	5270938801017495105	16663092518291701581	14571798911269208396	16663092518291701581	-5275.8115234375	0.0000000000	16.6050439743	4.3253257497
19	23	10212697886420786595	17674469325177066891	16568798675926569921	17674469325177066891	-5275.8164062500	0.0000000000	11.1183147855	2.1575176062
13	3	343628870250116395	5075589499257847107	3628349540475593087	6312818908721139779	-5275.9448242188	0.0000000000	15.9264333330	22.0613809109
19	24	10212697886420786595	17312801502678843001	12248122603576637316	15766860761087438139	-5275.9702148438	0.0000000000	11.2721233793	2.0816661636
16	25	3044393288098453901	10700603366237361749	9294089929455363700	10700603366237361749	-5276.0649414062	0.0000000000	15.3436465414	0.7523801161
18	10	3043117941884177994	5270938801017495105	6323996132382720317	14571798911269208396	-5276.1743164062	0.0000000000	13.8645762778	16.9678369430
9	1	13544273601043947578	16516744392231895066	9535523253072783011	10131861379729240767	-5276.2299804688	0.0000000000	18.2798262959	32.0573783569
5	10	2672220462288553597	5270938801017495105	4170574817351108015	17395562728721702441	-5276.4487304688	0.0000000000	20.3501546540	17.2422510055
12	1	13569938661133239442	16516744392231895066	3658927311722745549	9533348825835394605	-5276.4541015625	0.0000000000	16.6286163895	32.2814994506
17	24	11790667997533019615	17312801502678843001	3520516853869370888	17312801502678843001	-5276.4848632812	0.0000000000	14.6443189142	2.5963146011
3	15	5075589499257847107	8091048860242375375	5390217183714004581	15543241238764447681	-5276.8188476562	0.0000000000	22.9354043484	16.3806239115
3	23	5075589499257847107	17674469325177066891	4887319749267966480	17693095196186174831	-5276.8359375000	0.0000000000	22.9524941922	3.1770488562
19	17	10212697886420786595	11790667997533019615	9017745389237267007	15233921837967409192	-5277.1997070312	0.0000000000	12.5016155668	15.3591626642
21	24	17105471728528320474	17312801502678843001	2197094290463375988	4004949306317926275	-5277.2260742188	0.0000000000	11.9584442793	3.3375255386
20	1	10461667396332242569	16516744392231895066	5835933077741814378	7484899978955993328	-5277.2851562500	0.0000000000	12.1784276403	33.1125541381
7	5	2448181928756866669	2672220462288553597	11560264004544612081	14530178165021218078	-5277.3369140625	0.0000000000	19.5843852202	21.2383382477
10	20	5270938801017495105	10461667396332242569	4802956713041379652	7484899978955993328	-5277.5708007812	0.0000000000	18.3643213180	12.4640721716
10	12	5270938801017495105	13569938661133239442	11425676358451411852	16667961080202648777	-5277.6152343750	0.0000000000	18.4087549118	17.7897492020
0	23	12924286424376379847	17674469325177066891	6369337677025698317	13423903177258595562	-5277.6743164062	0.0000000000	34.5921159182	4.0154277624
25	1	10700603366237361749	16516744392231895066	6252312890224634532	16177926238483743091	-5277.6982421875	0.0000000000	2.3856808974	33.5256400756
13	11	343628870250116395	12299578720951316864	11469114304396070875	14206143135506057228	-5277.8549804688	0.0000000000	17.8365895830	18.2010647199
18	14	3043117941884177994	5731290558828562471	5677215926827717398	12220751204435459670	-5277.9106445312	0.0000000000	15.6009044028	17.8415067589
10	11	5270938801017495105	12299578720951316864	10150164915215936617	15537468616765899195	-5278.0048828125	0.0000000000	18.7984033493	18.3509670637
15	11	8091048860242375375	12299578720951316864	7434888649445280179	15091645349601907234	-5278.0712890625	0.0000000000	17.6330653178	18.4173733137
5	16	2672220462288553597	3044393288098453901	1164780457870157720	8098716332865061339	-5278.4672851562	0.0000000000	22.3687093415	17.7459902914
3	25	5075589499257847107	10700603366237361749	11180302875422198296	14792867171994345977	-5278.6030273438	0.0000000000	24.7195840359	3.2904660536
5	22	2672220462288553597	16663092518291701581	8098716332865061339	9870668414742710952	-5278.7778320312	0.0000000000	22.6792562165	7.2916343435
3	12	5075589499257847107	13569938661133239442	1836967053182365691	12592826740895709839	-5278.8286132812	0.0000000000	24.9451699734	19.0031281083
3	10	5075589499257847107	5270938801017495105	12235068260186705751	15243171576057410963	-5278.9218750000	0.0000000000	25.0384316922	19.7153955368
5	19	2672220462288553597	10212697886420786595	97425550949791644	13788419894496171231	-5278.9697265625	0.0000000000	22.8711507477	14.2716350980
20	23	10461667396332242569	17674469325177066891	7303869376860818440	7484899978955993328	-5278.9814453125	0.0000000000	13.8747167028	5.3225566687
0	22	12924286424376379847	16663092518291701581	1322920727889604337	14170819593108351511	-5279.1665039062	0.0000000000	36.0843034182	7.6803062185
11	24	12299578720951316864	17312801502678843001	4542646367213839921	5576516697099916612	-5279.2246093750	0.0000000000	19.5706936262	5.3360606949
19	21	10212697886420786595	17105471728528320474	4203679427378704009	9095967640579225146	-5279.2407226562	0.0000000000	14.5426311918	13.9730927168
8	21	6095070672567671420	17105471728528320474	12504520213929870249	17588984522792632283	-5279.5458984375	0.0000000000	21.7662201119	14.2782684980
18	3	3043117941884177994	5075589499257847107	1386184272534692135	8061919129387905134	-5279.5581054688	0.0000000000	17.2483653403	25.6746621609
15	6	8091048860242375375	9766985628120810743	864153551751645413	16019414237532037769	-5279.8417968750	0.0000000000	19.4035731303	22.5915447021
4	22	16485072641614975299	16663092518291701581	3128216231931700338	9799671920993589002	-5279.8461914062	0.0000000000	25.3624149003	8.3599937185
10	25	5270938801017495105	10700603366237361749	4119847390386382149	6467906465405714328	-5279.9960937500	0.0000000000	20.7896142868	4.6835324599
16	2	3044393288098453901	5289285235471268423	8820160599160735880	9114485077143927054	-5280.1015625000	0.0000000000	19.3802676351	27.8454156381
16	3	3044393288098453901	5075589499257847107	1986491923922953929	14164840269366042159	-5280.1376953125	0.0000000000	19.4164004476	26.2542520047
10	6	5270938801017495105	9766985628120810743	3798603934901627765	9840171947002233702	-5280.2280273438	0.0000000000	21.0215478805	22.9777751709
2	25	5289285235471268423	10700603366237361749	1059195921454590897	6467906465405714328	-5280.3867187500	0.0000000000	28.1305718881	5.0741574599
17	9	11790667997533019615	13544273601043947578	3611398702913134516	10456507066644888896	-5280.4213867188	0.0000000000	18.5808423517	22.4712325459
8	11	6095070672567671420	12299578720951316864	4057139887144993198	9497386034152054786	-5280.9160156250	0.0000000000	23.1363372994	21.2620998762
8	19	6095070672567671420	10212697886420786595	4238774413068126100	8127070729586518617	-5281.0244140625	0.0000000000	23.2447357369	16.3263225980
3	21	5075589499257847107	17105471728528320474	9095967640579225146	13783821409743538013	-5281.1357421875	0.0000000000	27.2522988797	15.8681122480
19	9	10212697886420786595	13544273601043947578	1130396782311702390	5178292178577731175	-5281.1420898438	0.0000000000	16.4439983793	23.1919356709
17	11	11790667997533019615	12299578720951316864	3698476686043777218	13758452904808374611	-5281.3833007812	0.0000000000	19.5427564142	21.7293850324
15	23	8091048860242375375	17674469325177066891	10375489957316946955	15357239522327919629	-5281.6997070312	0.0000000000	21.2614832865	8.0408183874
10	21	5270938801017495105	17105471728528320474	5378087325630208257	6297560585233033937	-5281.7114257812	0.0000000000	22.5049463180	16.4437958418
0	24	12924286424376379847	17312801502678843001	6192514585483165994	11711119366457088092	-5281.8735351562	0.0000000000	38.7913346682	7.9849864761
13	12	343628870250116395	13569938661133239442	1516975074578115651	16667961080202648777	-5282.0415039062	0.0000000000	22.0231130205	22.2160187333
7	10	2448181928756866669	5270938801017495105	4815937674317621577	10730107686163575005	-5282.7548828125	0.0000000000	25.0023539702	23.5484033493
16	23	3044393288098453901	17674469325177066891	10069355057319801990	17756821358261709115	-5282.8969726562	0.0000000000	22.1756777914	9.2380840124
22	23	16663092518291701581	17674469325177066891	16654317852589006050	17756821358261709115	-5282.8969726562	0.0000000000	11.4107749685	9.2380840124
3	14	5075589499257847107	5731290558828562471	11678584648648462239	14732670998980776778	-5282.9160156250	0.0000000000	29.0325723172	22.8468778526
6	11	9766985628120810743	12299578720951316864	12765640385512335906	16896783027388445729	-5282.9389648438	0.0000000000	25.6887126709	23.2850490949
17	21	11790667997533019615	17105471728528320474	10494227870314860369	10547837869215854672	-5283.5078125000	0.0000000000	21.6672681329	18.2401825605
13	22	343628870250116395	16663092518291701581	1681306031090705778	5687265747862694214	-5283.5805664062	0.0000000000	23.5621755205	12.0943687185
18	21	3043117941884177994	17105471728528320474	5855579559706994520	8180153906618538302	-5283.8242187500	0.0000000000	21.5144786215	18.5565888105
14	11	5731290558828562471	12299578720951316864	9876368761138739299	13941614397486224682	-5284.4462890625	0.0000000000	24.3771512901	24.7923733137
13	8	343628870250116395	6095070672567671420	5157484662538088543	10793054349744139074	-5284.5136718750	0.0000000000	24.4952809893	26.7339935494
2	20	5289285235471268423	10461667396332242569	4355159423369454954	14572441355366112524	-5284.9541015625	0.0000000000	32.6979547006	19.8473729528
13	21	343628870250116395	17105471728528320474	15907703909347677985	16316956309359892720	-5285.0708007812	0.0000000000	25.0524098955	19.8031708418
7	12	2448181928756866669	13569938661133239442	7799655139616524429	15306214027060010889	-5285.1850585938	0.0000000000	27.4325297514	25.3595734208
2	11	5289285235471268423	12299578720951316864	458410672144078025	9776150539143596785	-5285.4418945312	0.0000000000	33.1857476694	25.7879787824
16	14	3044393288098453901	5731290558828562471	2240565428897047151	13015382772587545710	-5285.4531250000	0.0000000000	24.7318301351	25.3839872276
14	12	5731290558828562471	13569938661133239442	6872157962324109266	11347187100252112783	-5285.7880859375	0.0000000000	25.7189481651	25.9626007645
5	12	2672220462288553597	13569938661133239442	6839971924815101279	8688013038886721269	-5285.8374023438	0.0000000000	29.7388265290	26.0119171708
25	0	10700603366237361749	12924286424376379847	810257759768142541	7098080890010936138	-5285.9477539062	0.0000000000	10.6351926161	42.8655534182
15	4	8091048860242375375	16485072641614975299	5874026851089319504	12809804468236491161	-5285.9916992188	0.0000000000	25.5534754740	31.5079227128
13	7	343628870250116395	2448181928756866669	8481621259342740152	17644149957724058467	-5286.6333007812	0.0000000000	26.6149098955	28.8807719389
10	19	5270938801017495105	10212697886420786595	6825416431809935869	11229627986663092428	-5286.8178710938	0.0000000000	27.6113916305	22.1197796293
6	19	9766985628120810743	10212697886420786595	2264887659222551896	3877795613266212336	-5287.2036132812	0.0000000000	29.9533611084	22.5055218168
10	15	5270938801017495105	8091048860242375375	1742958293144923666	12810009634913960356	-5287.4599609375	0.0000000000	28.2534814743	27.0217371928
18	8	3043117941884177994	6095070672567671420	5619346889493559143	16553434584119376700	-5287.9912109375	0.0000000000	25.6814708090	30.2115326119
9	24	13544273601043947578	17312801502678843001	5154503312441225728	5840945723624012674	-5288.6166992188	0.0000000000	30.6665450459	14.7281505386
8	24	6095070672567671420	17312801502678843001	10145743082110905434	11071346706673179282	-5288.8466796875	0.0000000000	31.0670013619	14.9581310074
18	25	3043117941884177994	10700603366237361749	1141751865553638713	3835839435071345731	-5289.4931640625	0.0000000000	27.1834239340	14.1806027724
13	19	343628870250116395	10212697886420786595	3789932378856118953	9132097275395391839	-5289.7631835938	0.0000000000	29.7447927080	25.0650921293
15	0	8091048860242375375	12924286424376379847	4941476511039647624	10584046384165622649	-5290.1972656250	0.0000000000	29.7590418803	47.1150651369
5	9	2672220462288553597	13544273601043947578	12737027577990650777	17435300785424724019	-5290.3759765625	0.0000000000	34.2774007477	32.4258223897
10	9	5270938801017495105	13544273601043947578	1853458913596066596	14651288497846549295	-5290.3818359375	0.0000000000	31.1753564743	32.4316817647
16	15	3044393288098453901	8091048860242375375	5537060542944734224	6561350102379198156	-5290.6059570312	0.0000000000	29.8846621664	30.1677332865
20	22	10461667396332242569	16663092518291701581	1357672107874101024	9714367776607697246	-5290.6264648438	0.0000000000	25.5197362341	19.1402671560
7	19	2448181928756866669	10212697886420786595	15160378892181567186	15616992032716518510	-5290.7895507812	0.0000000000	33.0370219389	26.0914593168
8	12	6095070672567671420	13569938661133239442	2908166567938854294	9640652427403776835	-5290.9482421875	0.0000000000	33.1685638619	31.1227570145
26	4	13464727552288861798	16485072641614975299	15063937138520558937	18043104018546362199	-5291.0795898438	0.0000000000	5.5048831612	36.5958133378
5	11	2672220462288553597	12299578720951316864	2721480696829316577	7816873484159879225	-5291.2290039062	0.0000000000	35.1304280915	31.5750881574
19	22	10212697886420786595	16663092518291701581	13037865230755412417	16041072933760517904	-5291.4653320312	0.0000000000	26.7672405668	19.9791343435
10	17	5270938801017495105	11790667997533019615	7409431357910995766	13672915741049018590	-5291.5786132812	0.0000000000	32.3721338180	29.7380689142
16	24	3044393288098453901	17312801502678843001	1802725527533128705	9532168577689020647	-5291.8066406250	0.0000000000	31.0853457601	17.9180919449
26	1	13464727552288861798	16516744392231895066	7278058443622152924	13464727552288861798	-5291.9951171875	0.0000000000	6.4204105049	47.8225150756
15	21	8091048860242375375	17105471728528320474	1155886819349589681	4739408257857215378	-5292.1201171875	0.0000000000	31.6818934428	26.8524872480
6	21	9766985628120810743	17105471728528320474	6576218686783730940	10595912510208433593	-5292.1992187500	0.0000000000	34.9489665771	26.9315888105
6	26	9766985628120810743	13464727552288861798	5704623811769270375	11597411393726435498	-5292.6440429688	0.0000000000	35.3937907959	7.0693362862
7	22	2448181928756866669	16663092518291701581	9512451782177410641	9539678239722610338	-5292.6826171875	0.0000000000	34.9300883452	21.1964194997
16	17	3044393288098453901	11790667997533019615	327686236480048718	457921074318643035	-5292.7548828125	0.0000000000	32.0335879476	30.9143384454
18	19	3043117941884177994	10212697886420786595	382222241089893503	5909268847439159927	-5292.8994140625	0.0000000000	30.5896739340	28.2013225980
27	4	9437257568119688214	16485072641614975299	9437257568119688214	12164415350231358171	-5293.0219726562	0.0000000000	0.7617502691	38.5381961503
16	6	3044393288098453901	9766985628120810743	8902166167516404435	15363681819999672027	-5293.1669921875	0.0000000000	32.4456973226	35.9167400146
27	11	9437257568119688214	12299578720951316864	9437257568119688214	18281513591015749962	-5293.4008789062	0.0000000000	1.1406565191	33.7469631574
10	8	5270938801017495105	6095070672567671420	7050220813583956889	9491271652583088565	-5293.4975585938	0.0000000000	34.2910791305	35.7178802681
18	24	3043117941884177994	17312801502678843001	4655152436999704532	8866850473862028700	-5293.7285156250	0.0000000000	31.4187754965	19.8399669449
15	22	8091048860242375375	16663092518291701581	5849359098749108993	15028785357570967430	-5293.9995117188	0.0000000000	33.5612879740	22.5133140310
11	12	12299578720951316864	13569938661133239442	14835380205282907457	17883932294146888344	-5294.5844726562	0.0000000000	34.9305569074	34.7589874833
0	26	12924286424376379847	13464727552288861798	13231630349007304281	18075276429450286223	-5295.1337890625	0.0000000000	52.0515885744	9.5590823799
13	6	343628870250116395	9766985628120810743	3444969083180149744	15841918881189340251	-5295.1376953125	0.0000000000	35.1193044268	37.8874431396
15	9	8091048860242375375	13544273601043947578	10942080169998198363	18270463639381321601	-5295.1977539062	0.0000000000	34.7595301615	37.2475997334
27	0	9437257568119688214	12924286424376379847	5762093452849621591	9264860499303350515	-5295.4033203125	0.0000000000	3.1430979254	52.3211198244
16	19	3044393288098453901	10212697886420786595	2962925572316231865	11061907037893775764	-5295.7988281250	0.0000000000	35.0775332601	31.1007366605
25	21	10700603366237361749	17105471728528320474	1243069967453979317	12867588898666448698	-5295.9370117188	0.0000000000	20.6244504286	30.6693817793
27	26	9437257568119688214	13464727552288861798	4623712874100432750	13949185606984655228	-5295.9970703125	0.0000000000	3.7368479254	10.4223636299
5	21	2672220462288553597	17105471728528320474	3309146168709445806	10826533552129858947	-5296.2910156250	0.0000000000	40.1924398102	31.0233856855
18	11	3043117941884177994	12299578720951316864	10422719641191908005	17331317019494727666	-5296.3803710938	0.0000000000	34.0706309653	36.7264553449
10	4	5270938801017495105	16485072641614975299	8568973100832825654	10274222575761655677	-5297.1689453125	0.0000000000	37.9624658493	42.6851688065
3	27	5075589499257847107	9437257568119688214	16810841597637040753	17364042686927289419	-5297.2348632812	0.0000000000	43.3514199734	4.9746408941
14	19	5731290558828562471	10212697886420786595	9292239469444973939	15808004292789415096	-5297.2534179688	0.0000000000	37.1842801964	32.5553265043
6	22	9766985628120810743	16663092518291701581	2172533492246862256	17975675471015608495	-5297.3837890625	0.0000000000	40.1335368896	25.8975913747
7	16	2448181928756866669	3044393288098453901	3518489112536663234	13293095296112643204	-5297.6650390625	0.0000000000	39.9125102202	36.9437441976
7	18	2448181928756866669	3043117941884177994	2374655039237674973	7616440767804076137	-5297.7172851562	0.0000000000	39.9647563139	35.4075450278
2	22	5289285235471268423	16663092518291701581	1988391896698980926	3434024167436509173	-5297.7734375000	0.0000000000	45.5172906381	26.2872398122
18	6	3043117941884177994	9766985628120810743	637766358784070958	9781810270827305638	-5297.7978515625	0.0000000000	35.4881114340	40.5475993896
28	3	748573590155831814	5075589499257847107	301586242885191763	748573590155831814	-5297.8271484375	0.0000000000	1.8038946307	43.9437051297
18	17	3043117941884177994	11790667997533019615	3353596269301030344	13773220395160512529	-5298.2788085938	0.0000000000	35.9690684653	36.4382642267
4	21	16485072641614975299	17105471728528320474	5950087981923761870	11998812662303656598	-5298.2817382812	0.0000000000	43.7979617753	33.0141083418
28	26	748573590155831814	13464727552288861798	748573590155831814	1907641859263582553	-5298.4472656250	0.0000000000	2.4240118182	12.8725589424
5	26	2672220462288553597	13464727552288861798	4395462209034395818	6038655417846470808	-5298.6923828125	0.0000000000	42.5938069977	13.1176761299
17	22	11790667997533019615	16663092518291701581	5444909261986559281	17657921064057092494	-5298.8881835938	0.0000000000	37.0476392267	27.4019859060
29	26	986912802074324123	13464727552288861798	986912802074324123	14151476382344470678	-5299.0878906250	0.0000000000	0.7522315958	13.5131839424
13	5	343628870250116395	2672220462288553597	6509465364075049311	14712565585313868189	-5299.0903320312	0.0000000000	39.0719411455	42.9917562165
29	0	986912802074324123	12924286424376379847	4447231825879325695	9229467444645616462	-5299.1166992188	0.0000000000	0.7810401895	56.0344987307
22	21	16663092518291701581	17105471728528320474	5555854624281996096	7276010821038973536	-5299.2485351562	0.0000000000	27.7623374685	33.9809052168
14	8	5731290558828562471	6095070672567671420	3230781819470923056	4806111885547919834	-5299.2783203125	0.0000000000	39.2091825401	41.4986419869
30	6	8999334520627072637	9766985628120810743	8999334520627072637	17940559598786452590	-5299.5673828125	0.0000000000	0.0131848191	42.3171306396
11	26	12299578720951316864	13464727552288861798	4108659766114825306	17816906933402547138	-5299.6625976562	0.0000000000	40.0086819074	14.0878909737
16	9	3044393288098453901	13544273601043947578	3212306057681106758	16235654613920738429	-5299.7026367188	0.0000000000	38.9813418539	41.7524825459
16	8	3044393288098453901	6095070672567671420	1647988139328752879	12163931578270003253	-5299.8906250000	0.0000000000	39.1693301351	42.1109466744
28	19	748573590155831814	10212697886420786595	6835840878627741923	14576840170169109202	-5299.9355468750	0.0000000000	3.9122930682	35.2374554105
13	23	343628870250116395	17674469325177066891	12167382556590000385	13059396616252812330	-5299.9653320312	0.0000000000	39.9469411455	26.3064433874
3	26	5075589499257847107	13464727552288861798	9868814404155247849	11053158974730409703	-5300.0107421875	0.0000000000	46.1272988797	14.4360355049
11	23	12299578720951316864	17674469325177066891	1547299799214825343	7946598454527021301	-5300.0937500000	0.0000000000	40.4398342512	26.4348613562
25	23	10700603366237361749	17674469325177066891	2729287910948628030	7684147103295585219	-5300.2636718750	0.0000000000	24.9511105849	26.6047832312
32	26	3992766941926190351	13464727552288861798	1368132524291003042	3992766941926190351	-5300.3549804688	0.0000000000	0.4327093572	14.7802737862
30	0	8999334520627072637	12924286424376379847	5689644800005712408	8999334520627072637	-5300.6406250000	0.0000000000	1.0864270066	57.5584245119
31	4	10292425444900380892	16485072641614975299	10292425444900380892	11404736276466062972	-5300.6801757812	0.0000000000	0.8416591317	46.1963992753
30	1	8999334520627072637	16516744392231895066	560449767709939679	14109610224405073503	-5300.7832031250	0.0000000000	1.2290051316	56.6106010131
14	22	5731290558828562471	16663092518291701581	1081600121872217333	4730323957084001892	-5300.7875976562	0.0000000000	40.7184598839	29.3013999685
8	26	6095070672567671420	13464727552288861798	684558974555447323	10463694717507279704	-5300.8461914062	0.0000000000	43.0665130806	15.2714847237
16	11	3044393288098453901	12299578720951316864	7581644071483000784	12616191833239481574	-5300.9428710938	0.0000000000	40.2215762289	41.2889553449
2	30	5289285235471268423	8999334520627072637	1270502692172394210	2147062127848812543	-5301.0283203125	0.0000000000	48.7721734506	1.4741223191
27	19	9437257568119688214	10212697886420786595	9728404693701281754	10499419153879120321	-5301.0395507812	0.0000000000	8.7793283941	36.3414593168
31	0	10292425444900380892	12924286424376379847	10292425444900380892	10580244115395097924	-5301.0908203125	0.0000000000	1.2523036629	58.0086198244
32	8	3992766941926190351	6095070672567671420	1639534723824654366	15021240471029657575	-5301.2744140625	0.0000000000	1.3521429509	43.4947357369
16	12	3044393288098453901	13569938661133239442	9338626071502602774	9721706140080051921	-5301.3701171875	0.0000000000	40.6488223226	41.5446320145
13	18	343628870250116395	3043117941884177994	8802011391687346316	12686087058401505653	-5301.5092773438	0.0000000000	41.4908864580	39.1995372153
13	4	343628870250116395	16485072641614975299	2162631269863220862	14585150448190967453	-5301.7998046875	0.0000000000	41.7814138018	47.3160281815
29	3	986912802074324123	5075589499257847107	7002684021138319863	15304914758296056125	-5302.2690429688	0.0000000000	3.9333839395	48.3855996609
18	20	3043117941884177994	10461667396332242569	6265959219480827513	13848015334553138552	-5302.3979492188	0.0000000000	40.0882090903	37.2912206091
13	17	343628870250116395	11790667997533019615	6390929237670948529	7590218352364300755	-5302.4204101562	0.0000000000	42.4020192705	40.5798657892
14	17	5731290558828562471	11790667997533019615	509728882487582568	11821448970089181660	-5302.4394531250	0.0000000000	42.3703153526	40.5989087579
18	2	3043117941884177994	5289285235471268423	909012750031890932	1575532731435482453	-5302.4711914062	0.0000000000	40.1614512778	50.2150445444
28	1	748573590155831814	16516744392231895066	11046036261281713548	14576840170169109202	-5302.4760742188	0.0000000000	6.4528204119	58.3034721069
14	15	5731290558828562471	8091048860242375375	5729447998002451039	13394856569643782486	-5302.4838867188	0.0000000000	42.4147489464	42.0456629740
27	9	9437257568119688214	13544273601043947578	5231177626762842633	10836645064533281180	-5302.4970703125	0.0000000000	10.2368479254	44.5469161397
12	22	13569938661133239442	16663092518291701581	13247511696951336334	15783498216615699554	-5302.7968750000	0.0000000000	42.9713898270	31.3106773122
8	31	6095070672567671420	10292425444900380892	2700376607485584342	8220696287760837259	-5303.1596679688	0.0000000000	45.3799896431	3.3211513192
7	14	2448181928756866669	5731290558828562471	2782705230943832133	18140807555487914275	-5303.3398437500	0.0000000000	45.5873149077	43.2707059776
29	10	986912802074324123	5270938801017495105	10453498597901913168	10859748090254924551	-5303.6142578125	0.0000000000	5.2785987833	44.4077783493
13	20	343628870250116395	10461667396332242569	2856693290811180761	13581376102860407001	-5303.6879882812	0.0000000000	43.6695973955	38.5812596716
27	1	9437257568119688214	16516744392231895066	7981523509582015222	12955316330556151158	-5303.7299804688	0.0000000000	11.4697580816	59.5573783569
2	24	5289285235471268423	17312801502678843001	2840271656244399527	15796425374145044563	-5303.7866210938	0.0000000000	51.5304742319	29.8980724136
2	19	5289285235471268423	10212697886420786595	2052592999397799110	8838400744278917099	-5303.8012695312	0.0000000000	51.5451226694	39.1031780668
20	11	10461667396332242569	12299578720951316864	2102140560240226198	16358740380131817305	-5303.8974609375	0.0000000000	38.7907323278	44.2435451887
32	4	3992766941926190351	16485072641614975299	7268863538004685199	15357794088011069245	-5304.0791015625	0.0000000000	4.1568304509	49.5953250565
7	23	2448181928756866669	17674469325177066891	2263761137837288576	12944365355333876462	-5304.1918945312	0.0000000000	46.4393656889	30.5330058874
19	26	10212697886420786595	13464727552288861798	11641865415683583220	15722506336238823804	-5304.1938476562	0.0000000000	39.4957561918	18.6191409737
32	2	3992766941926190351	5289285235471268423	15021240471029657575	15675148343114891970	-5304.2133789062	0.0000000000	4.2911077947	51.9572320444
25	24	10700603366237361749	17312801502678843001	6587459475269906559	16278579158861990319	-5304.2138671875	0.0000000000	28.9013058974	30.3253185074
33	4	9818092968817237014	16485072641614975299	5382674624134930550	9818092968817237014	-5304.2412109375	0.0000000000	0.0509068064	49.7574344315
14	4	5731290558828562471	16485072641614975299	4579464882709158067	9656945609518328048	-5304.4028320312	0.0000000000	44.3336942589	49.9190555253
3	33	5075589499257847107	9818092968817237014	9818092968817237014	11296731200190517112	-5304.5434570312	0.0000000000	50.6600137234	0.3531529002
14	9	5731290558828562471	13544273601043947578	8654844799528735167	16589930745539246619	-5305.0981445312	0.0000000000	45.0290067589	47.1479903584
34	4	904445908634330529	16485072641614975299	904445908634330529	5830211347362418790	-5305.1132812500	0.0000000000	0.0741787298	50.6295047440
10	26	5270938801017495105	13464727552288861798	3071151870974127413	16072125827910668716	-5305.3750000000	0.0000000000	46.1685205368	19.8002933174
33	0	9818092968817237014	12924286424376379847	9818092968817237014	17441722405943619561	-5305.4560546875	0.0000000000	1.2657505564	62.3738541994
7	21	2448181928756866669	17105471728528320474	2300917263966388121	8808832762897552917	-5305.4677734375	0.0000000000	47.7152445952	40.2001434980
32	27	3992766941926190351	9437257568119688214	1315237370029887794	16679872786455968278	-5305.6040039062	0.0000000000	5.6817327947	13.3437815191
22	24	16663092518291701581	17312801502678843001	5870838318453794049	7905060817559257566	-5305.6762695312	0.0000000000	34.1900718435	31.7877208511
32	0	3992766941926190351	12924286424376379847	10296967572088896404	11342691920067096663	-5305.6884765625	0.0000000000	5.7662054509	62.6062760744
34	32	904445908634330529	3992766941926190351	904445908634330529	8717677203143034647	-5305.9248046875	0.0000000000	0.8857021673	6.0025335759
13	15	343628870250116395	8091048860242375375	9312101776597668000	14327473715069123766	-5306.1943359375	0.0000000000	46.1759450518	45.7561121928
32	1	3992766941926190351	16516744392231895066	15241846374638133711	16771518193828722357	-5306.1948242188	0.0000000000	6.2725531072	62.0222221069
28	0	748573590155831814	12924286424376379847	4928042149000222596	8918894737957881250	-5306.2026367188	0.0000000000	10.1793829119	63.1204362307
2	26	5289285235471268423	13464727552288861798	6908049729277332020	7560729026680125484	-5306.4453125000	0.0000000000	54.1891656381	20.8706058174
8	30	6095070672567671420	8999334520627072637	1426066514024952551	1512695418413484953	-5306.4467773438	0.0000000000	48.6670990181	6.8925793504
8	22	6095070672567671420	16663092518291701581	1725162020900793614	2572161900343442996	-5306.4653320312	0.0000000000	48.6856537056	34.9791343435
16	35	3044393288098453901	14823730286796461887	14823730286796461887	18070770328559638512	-5306.4741210938	0.0000000000	45.7528262289	0.2360390351
33	31	9818092968817237014	10292425444900380892	9818092968817237014	15646342817795535137	-5306.4790039062	0.0000000000	2.2886997752	6.6404872567
34	0	904445908634330529	12924286424376379847	904445908634330529	5756298451142243470	-5306.5380859375	0.0000000000	1.4989834173	63.4558854494
6	36	9766985628120810743	16337656593352093644	1180569615412421930	16337656593352093644	-5306.7509765625	0.0000000000	49.5007243896	0.4345383597
20	25	10461667396332242569	10700603366237361749	11994483428000616805	12211217028139797040	-5306.8569335938	0.0000000000	41.7502049841	31.5443723036
26	12	13464727552288861798	13569938661133239442	1922164167748948902	15552211366602435540	-5306.8945312500	0.0000000000	21.3198245674	47.0690460770
29	1	986912802074324123	16516744392231895066	13976064700811329226	17883581850055673408	-5306.9306640625	0.0000000000	8.5950050333	62.7580619506
32	17	3992766941926190351	11790667997533019615	102802471324947354	13229388916556943571	-5306.9531250000	0.0000000000	7.0308538884	45.1125806329
4	24	16485072641614975299	17312801502678843001	17541091721984155486	17901670624011264944	-5307.1591796875	0.0000000000	52.6754031815	33.2706310074
31	37	10292425444900380892	17395217366841402865	14694232368489848302	17395217366841402865	-5307.2792968750	0.0000000000	7.4407802254	0.3489305466
33	37	9818092968817237014	17395217366841402865	16015257671714485187	17395217366841402865	-5307.3710937500	0.0000000000	3.1807896189	0.4407274216
38	0	9993338758405844512	12924286424376379847	9993338758405844512	16789493277978136427	-5307.3774414062	0.0000000000	0.0739870356	64.2952409182
0	36	12924286424376379847	16337656593352093644	7035754350915339541	16337656593352093644	-5307.4052734375	0.0000000000	64.3230729494	1.0888352347
3	37	5075589499257847107	17395217366841402865	11095072790360389187	16122737847742113425	-5307.4438476562	0.0000000000	53.5604043484	0.5134813279
35	22	14823730286796461887	16663092518291701581	1675586634541216811	12609352824559697330	-5307.6577148438	0.0000000000	1.4196327851	36.1715171560
32	6	3992766941926190351	9766985628120810743	12258995928968233872	14257163482840620198	-5307.6611328125	0.0000000000	7.7388617009	50.4108806396
7	30	2448181928756866669	8999334520627072637	620896464632471463	4026904691216098821	-5307.7612304688	0.0000000000	50.0087016264	8.2070324754
2	31	5289285235471268423	10292425444900380892	5368057105198394715	13575419453435296674	-5307.8706054688	0.0000000000	55.6144586069	8.0320888192
8	37	6095070672567671420	17395217366841402865	1054861106323870319	7333016510731422695	-5307.9155273438	0.0000000000	50.1358490181	0.9851610154
0	37	12924286424376379847	17395217366841402865	12087862326677307816	17395217366841402865	-5307.9243164062	0.0000000000	64.8421159182	0.9939500779
30	4	8999334520627072637	16485072641614975299	5297869269401090856	10881018941454473429	-5307.9750976562	0.0000000000	8.4208996629	53.4913211503
5	15	2672220462288553597	8091048860242375375	1894608924282571693	16320054093307433773	-5308.3076171875	0.0000000000	52.2090413727	47.8693934428
38	36	9993338758405844512	16337656593352093644	9993338758405844512	11179014034618320322	-5308.3608398438	0.0000000000	1.0573854731	2.0444016410
40	26	7124559999870969512	13464727552288861798	7124559999870969512	11951193880882867093	-5308.3686523438	0.0000000000	0.0910820808	22.7939456612
18	39	3043117941884177994	9470034718117830877	4245142029302214955	9470034718117830877	-5308.3896484375	0.0000000000	46.0799083090	0.3255161690
32	11	3992766941926190351	12299578720951316864	3042013288975269591	6235423476800627180	-5308.4326171875	0.0000000000	8.5103460759	48.7787014387
34	6	904445908634330529	9766985628120810743	130773272334388213	16574391319577088057	-5308.6035156250	0.0000000000	3.5644131048	51.3532634521
29	2	986912802074324123	5289285235471268423	4708493764534432871	9314866198658863788	-5308.7182617188	0.0000000000	10.3826026895	56.4621148569
4	37	16485072641614975299	17395217366841402865	15592099735124041325	16122737847742113425	-5308.7197265625	0.0000000000	54.2359500565	1.7893602341
39	1	9470034718117830877	16516744392231895066	9470034718117830877	18052657062589740350	-5308.7846679688	0.0000000000	0.7205357002	64.6120658569
35	1	14823730286796461887	16516744392231895066	14570158363508315484	16443031867327114588	-5308.7861328125	0.0000000000	2.5480507539	64.6135307006
10	41	5270938801017495105	17182146995791043802	15862387558436857121	17182146995791043802	-5308.8046875000	0.0000000000	49.5982080368	0.4310139135
42	0	1713370223222429489	12924286424376379847	1713370223222429489	17813842339585427064	-5308.8271484375	0.0000000000	0.2785226418	65.7449479494
32	3	3992766941926190351	5075589499257847107	5576253555546541835	10952738491612826143	-5308.8569335938	0.0000000000	8.9346624822	54.9734902859
25	35	10700603366237361749	14823730286796461887	12780304025289787669	14823730286796461887	-5309.0654296875	0.0000000000	33.7528683974	2.8273476289
39	26	9470034718117830877	13464727552288861798	9470034718117830877	16059206265143724947	-5309.1323242188	0.0000000000	1.0681919502	23.5576175362
28	17	748573590155831814	11790667997533019615	6892482196546061194	13843085266452419362	-5309.2041015625	0.0000000000	13.1808477557	47.3635571954
1	41	16516744392231895066	17182146995791043802	10690821657495487606	17182146995791043802	-5309.2934570312	0.0000000000	65.1208549194	0.9197834448
18	26	3043117941884177994	13464727552288861798	256760788052680814	4245142029302214955	-5309.2978515625	0.0000000000	46.9881114340	23.7231448799
29	7	986912802074324123	2448181928756866669	4272364503995264337	13650733783341421639	-5309.3603515625	0.0000000000	11.0246925333	51.6078227202
42	3	1713370223222429489	5075589499257847107	1713370223222429489	17616726214249759591	-5309.4394531250	0.0000000000	0.8908273293	55.5560098172
3	43	5075589499257847107	10330323940076876102	8468549935711553334	10330323940076876102	-5309.4790039062	0.0000000000	55.5955605984	0.0162766634
16	20	3044393288098453901	10461667396332242569	2950383895673832886	18010799301506444570	-5309.5092773438	0.0000000000	48.7879824789	44.4025487341
8	27	6095070672567671420	9437257568119688214	7256908508324838168	14318533020888412540	-5309.6420898438	0.0000000000	51.8624115181	17.3818674566
42	7	1713370223222429489	2448181928756866669	1542783779649334173	6716594992179264380	-5309.7299804688	0.0000000000	1.1813546730	51.9774516264
42	17	1713370223222429489	11790667997533019615	6716594992179264380	12660530853012721299	-5309.7299804688	0.0000000000	1.1813546730	47.8894361017
34	18	904445908634330529	3043117941884177994	12539243816015271735	13463487262234406760	-5309.8842773438	0.0000000000	4.8451748236	47.5745372153
34	16	904445908634330529	3044393288098453901	760556024292322981	12539243816015271735	-5309.9990234375	0.0000000000	4.9599209173	49.2777285726
6	24	9766985628120810743	17312801502678843001	9353745904755940071	14644672779329441895	-5310.0102539062	0.0000000000	52.7600017334	36.1217052261
29	6	986912802074324123	9766985628120810743	2215569940158371486	13801482902366023509	-5310.0327148438	0.0000000000	11.6970558145	52.7824626709
42	30	1713370223222429489	8999334520627072637	10008875355406235069	13822620672038467981	-5310.1796875000	0.0000000000	1.6310617043	10.6254895066
43	36	10330323940076876102	16337656593352093644	10018278970696271350	10330323940076876102	-5310.2055664062	0.0000000000	0.7428391634	3.8891282035
28	40	748573590155831814	7124559999870969512	7124559999870969512	13501696082684328944	-5310.2734375000	0.0000000000	14.2501836932	1.9958672370
28	5	748573590155831814	2672220462288553597	2171024301675278894	7809925886640705440	-5310.2929687500	0.0000000000	14.2697149432	54.1943929352
14	26	5731290558828562471	13464727552288861798	7822002558152621631	17478781713048724039	-5310.3364257812	0.0000000000	50.2672880089	24.7617190987
26	9	13464727552288861798	13544273601043947578	10492178695830275131	18143186773062131694	-5310.3442382812	0.0000000000	24.7695315987	52.3940841084
29	20	986912802074324123	10461667396332242569	6804565665813284797	7909866428286083569	-5310.3500976562	0.0000000000	12.0144386270	45.2433690466
8	33	6095070672567671420	9818092968817237014	294474914015575294	11106197291028317446	-5310.3823242188	0.0000000000	52.6026458931	6.1920200877
36	1	16337656593352093644	16516744392231895066	7542999263608794779	16337656593352093644	-5310.4287109375	0.0000000000	4.1122727347	66.2561088256
43	0	10330323940076876102	12924286424376379847	10330323940076876102	13121764929410856401	-5310.4702148438	0.0000000000	1.0074876009	67.3880143557
31	9	10292425444900380892	13544273601043947578	5204183655394364199	13440992990897059370	-5310.5498046875	0.0000000000	10.7112880379	52.5996505147
34	1	904445908634330529	16516744392231895066	7513184851445745142	12539243816015271735	-5310.6806640625	0.0000000000	5.6415615423	66.5080619506
26	41	13464727552288861798	17182146995791043802	2157523101243352418	10006840522147696040	-5310.7114257812	0.0000000000	25.1367190987	2.3377521948
2	15	5289285235471268423	8091048860242375375	3523111978283178024	5138233406588886242	-5310.8237304688	0.0000000000	58.5675836069	50.3855067240
42	33	1713370223222429489	9818092968817237014	5734139764983444774	9566865684900489153	-5310.9179687500	0.0000000000	2.3693429543	6.7276646189
3	40	5075589499257847107	7124559999870969512	7124559999870969512	10094415572148566668	-5310.9238281250	0.0000000000	57.0403848172	2.6462578620
18	35	3043117941884177994	14823730286796461887	9256963313858134693	14583566412174707594	-5310.9785156250	0.0000000000	48.6687754965	4.7404335664
6	33	9766985628120810743	9818092968817237014	12769959356699830060	13600403269226992396	-5311.0400390625	0.0000000000	53.7897868896	6.8497349314
0	35	12924286424376379847	14823730286796461887	12609352824559697330	15857591116561859847	-5311.1816406250	0.0000000000	68.0994401369	4.9435585664
3	30	5075589499257847107	8999334520627072637	3997634122310813201	6853782152723708457	-5311.2099609375	0.0000000000	57.3265176297	11.6557629441
13	25	343628870250116395	10700603366237361749	2377293554978060	2962299968959751566	-5311.4052734375	0.0000000000	51.3868825518	36.0927121474
28	6	748573590155831814	9766985628120810743	11482024963455806036	18048524809960333144	-5311.4174804688	0.0000000000	15.3942266619	54.1672282959
27	21	9437257568119688214	17105471728528320474	6666629738536970243	11655737558636199649	-5311.4790039062	0.0000000000	19.2187815191	46.2113739668
13	27	343628870250116395	9437257568119688214	10540150517428870006	16236620580521799096	-5311.5385742188	0.0000000000	51.5201833330	19.2783518316
13	26	343628870250116395	13464727552288861798	1589519941840801565	1719890252695367163	-5311.8134765625	0.0000000000	51.7950856768	26.2387698799
29	19	986912802074324123	10212697886420786595	2725869167212153991	9181470925335472829	-5312.0185546875	0.0000000000	13.6828956583	47.3204632230
33	9	9818092968817237014	13544273601043947578	124471388199762833	4676367464684329692	-5312.2851562500	0.0000000000	8.0948521189	54.3350020772
16	39	3044393288098453901	9470034718117830877	1082186473025133084	8928873443843991563	-5312.3603515625	0.0000000000	51.6390566976	4.2962192940
28	27	748573590155831814	9437257568119688214	16994520164124395769	17569806121087646812	-5312.4189453125	0.0000000000	16.3956915057	20.1587229254
42	2	1713370223222429489	5289285235471268423	9821291803698316048	16721709559716723091	-5312.5058593750	0.0000000000	3.9572335793	60.2497125131
32	21	3992766941926190351	17105471728528320474	2283258305949525830	17079972894987814211	-5312.5083007812	0.0000000000	12.5860296697	47.2406708418
16	26	3044393288098453901	13464727552288861798	1082186473025133084	14786568073839711165	-5312.5239257812	0.0000000000	51.8026309164	26.9492190987
33	17	9818092968817237014	11790667997533019615	11982027812709652045	14131067199338038972	-5312.5664062500	0.0000000000	8.3761021189	50.7258618829
14	30	5731290558828562471	8999334520627072637	69019077517256272	8224987313613325705	-5312.6093750000	0.0000000000	52.5402372276	13.0551770066
29	32	986912802074324123	3992766941926190351	1899719936448954606	8571030539003094206	-5312.8994140625	0.0000000000	14.5637550333	12.9771429509
17	26	11790667997533019615	13464727552288861798	11266370180731503490	17160363522302493852	-5312.9716796875	0.0000000000	51.1311353204	27.3969730049
9	21	13544273601043947578	17105471728528320474	1887637749317775318	6435743960338042168	-5313.0195312500	0.0000000000	55.0693770772	47.7519013105
3	31	5075589499257847107	10292425444900380892	11438585770735792245	14943942321500170933	-5313.0561523438	0.0000000000	59.1727090359	13.2176356942
5	32	2672220462288553597	3992766941926190351	7980600348200600847	16953036550387785476	-5313.0747070312	0.0000000000	56.9761312165	13.1524359197
2	27	5289285235471268423	9437257568119688214	7215754884236265220	8382849890328408694	-5313.0957031250	0.0000000000	60.8395562631	20.8354807379
39	44	9470034718117830877	15504891702941754170	2282125918240514518	16819762832141096996	-5313.1137695312	0.0000000000	5.0496372627	0.4855555773
29	5	986912802074324123	2672220462288553597	3732384751742304568	5628395186125197337	-5313.1992187500	0.0000000000	14.8635597208	57.1006429352
2	38	5289285235471268423	9993338758405844512	2462562880387884101	12523286018888177923	-5313.3217773438	0.0000000000	61.0656304819	6.0183229731
40	1	7124559999870969512	16516744392231895066	3096969456511783611	9822856124720670686	-5313.3613281250	0.0000000000	5.0837578620	69.1887260131
27	6	9437257568119688214	9766985628120810743	12145479228673817998	17053072558303805808	-5313.4360351562	0.0000000000	21.1758127691	56.1857829834
0	44	12924286424376379847	15504891702941754170	139655618343478979	15504891702941754170	-5313.5244140625	0.0000000000	70.4422135744	0.8962001085
7	26	2448181928756866669	13464727552288861798	3483726234655113197	10167633700147421895	-5313.6748046875	0.0000000000	55.9222758452	28.1000980049
40	17	7124559999870969512	11790667997533019615	16129026628830003079	18322009366389289530	-5313.8378906250	0.0000000000	5.5603203620	51.9973462579
10	24	5270938801017495105	17312801502678843001	8864111352631242701	11603489708418141423	-5313.8491210938	0.0000000000	54.6426416305	39.9605724136
32	19	3992766941926190351	10212697886420786595	402799346163446771	17378001043804475395	-5313.8549804688	0.0000000000	13.9327093572	49.1568890043
5	14	2672220462288553597	5731290558828562471	15980169588470266358	18212903387468140343	-5313.8681640625	0.0000000000	57.7695882477	53.7990262901
28	29	748573590155831814	986912802074324123	2600490265348706542	8330367812576352674	-5313.8837890625	0.0000000000	17.8605352557	15.5481300333
29	41	986912802074324123	17182146995791043802	11009241921770010969	15979099661882169391	-5313.8935546875	0.0000000000	15.5578956583	5.5198811010
6	12	9766985628120810743	13569938661133239442	5804628511155574225	12874849421521360941	-5314.0327148438	0.0000000000	56.7824626709	54.2072296708
29	27	986912802074324123	9437257568119688214	14051603814376982984	17912025860389852226	-5314.0390625000	0.0000000000	15.7034034708	21.7788401129
43	1	10330323940076876102	16516744392231895066	10435585907129198553	15629871569864653075	-5314.0927734375	0.0000000000	4.6300461947	69.9201713256
14	44	5731290558828562471	15504891702941754170	2282125918240514518	7617214784696566216	-5314.1904296875	0.0000000000	54.1212919151	1.5622157335
2	33	5289285235471268423	9818092968817237014	6658850000721336757	14485210583848905655	-5314.2158203125	0.0000000000	61.9596734506	10.0255161814
3	35	5075589499257847107	14823730286796461887	9502511452335817881	11166169363959593885	-5314.2490234375	0.0000000000	60.3655801297	8.0109413789
3	36	5075589499257847107	16337656593352093644	2389010781784020458	8391787483091511644	-5314.2626953125	0.0000000000	60.3792520047	7.9462571097
41	23	17182146995791043802	17674469325177066891	6768736903544591676	13170807401376529888	-5314.3120117188	0.0000000000	5.9383381323	40.6531230749
28	7	748573590155831814	2448181928756866669	8424539064983742737	12564414690545001673	-5314.3271484375	0.0000000000	18.3038946307	56.5746195952
0	41	12924286424376379847	17182146995791043802	8535862075435977818	15979099661882169391	-5314.3916015625	0.0000000000	71.3094010744	6.0179279760
18	23	3043117941884177994	17674469325177066891	9237503612296827864	11945099031788293602	-5314.3930664062	0.0000000000	52.0833262778	40.7341777624
5	37	2672220462288553597	17395217366841402865	3515792576140207806	9818756428761064521	-5314.4956054688	0.0000000000	58.3970296540	7.5652391404
11	22	12299578720951316864	16663092518291701581	2868471174106562397	7969590050585563287	-5314.5078125000	0.0000000000	54.8538967512	43.0216148122
36	4	16337656593352093644	16485072641614975299	1745864328245691053	15203626441030960410	-5314.5927734375	0.0000000000	8.2763352347	60.1089969315
42	6	1713370223222429489	9766985628120810743	1476043567599100751	17305153977329471497	-5314.5932617188	0.0000000000	6.0446359230	57.3430095459
2	37	5289285235471268423	17395217366841402865	1889444404163328072	15444139508421740144	-5314.7143554688	0.0000000000	62.4582086069	7.7839891404
31	12	10292425444900380892	13569938661133239442	918485510747068674	4341335942664229573	-5314.8491210938	0.0000000000	15.0106044442	55.0236359208
42	5	1713370223222429489	2672220462288553597	9486591653640778768	11203665933392890797	-5314.8496093750	0.0000000000	6.3009835793	58.7510335602
32	15	3992766941926190351	8091048860242375375	382705809897877118	2211502997601076915	-5315.0483398438	0.0000000000	15.1260687322	54.6101160990
7	37	2448181928756866669	17395217366841402865	16847206645583676671	17249172072807304693	-5315.0634765625	0.0000000000	57.3109477202	8.1331102341
7	32	2448181928756866669	3992766941926190351	11299699317061887580	12338530523233905921	-5315.1723632812	0.0000000000	57.4198344389	15.2500921697
42	4	1713370223222429489	16485072641614975299	1131961343870610532	17707421146309930081	-5315.1743164062	0.0000000000	6.6256906105	60.6905399003
46	1	6784554266098846500	16516744392231895066	6784554266098846500	13427599957329691337	-5315.3925781250	0.0000000000	0.4049396665	71.2199760131
31	44	10292425444900380892	15504891702941754170	7901935402729248979	15504891702941754170	-5315.4135742188	0.0000000000	15.5750575692	2.7853602648
39	4	9470034718117830877	16485072641614975299	5189524588313331867	12186117535565001311	-5315.5092773438	0.0000000000	7.4451450752	61.0255008378
13	29	343628870250116395	986912802074324123	5517427611255131133	6932223966390502922	-5315.5161132812	0.0000000000	55.4977223955	17.1804542520
29	4	986912802074324123	16485072641614975299	9566597005433471811	13982600384273714359	-5315.5375976562	0.0000000000	17.2019386270	61.0538211503
42	1	1713370223222429489	16516744392231895066	15798095611849493950	17903638216084726811	-5315.6269531250	0.0000000000	7.0783273293	71.4543510131
38	4	9993338758405844512	16485072641614975299	1067378364723432759	5418024946087619262	-5315.7158203125	0.0000000000	8.4123659419	61.2320438065
38	1	9993338758405844512	16516744392231895066	1046749040263952449	10759790095731209479	-5315.7260742188	0.0000000000	8.4226198481	71.5534721069
27	17	9437257568119688214	11790667997533019615	775699042254836738	18209718437769953022	-5315.8188476562	0.0000000000	23.5586252691	53.9783032892
3	45	5075589499257847107	13753393179259481003	13753393179259481003	14437545999325176944	-5315.9248046875	0.0000000000	62.0413613797	1.2914911747
39	47	9470034718117830877	10836534406666624292	10836534406666624292	14408310982867780135	-5316.0004882812	0.0000000000	7.9363560127	0.1722309995
38	17	9993338758405844512	11790667997533019615	5971333630080582537	8163086275079479696	-5316.0405273438	0.0000000000	8.7370729731	54.1999829767
9	22	13544273601043947578	16663092518291701581	9322747126590195545	17074953390424133525	-5316.2319335938	0.0000000000	58.2817794209	44.7457359060
48	1	5967831574206026752	16516744392231895066	5967831574206026752	13573841750630241749	-5316.2656250000	0.0000000000	0.4190572377	72.0930228881
17	37	11790667997533019615	17395217366841402865	2816905973006165065	5180329902864185977	-5316.5493164062	0.0000000000	54.7087720392	9.6189500779
46	17	6784554266098846500	11790667997533019615	4213551037516996625	14070850446381233214	-5316.5556640625	0.0000000000	1.5680256040	54.7151196954
45	4	13753393179259481003	16485072641614975299	9253832074124416939	12474841028634221317	-5316.5756835938	0.0000000000	1.9423700809	62.0919070878
10	35	5270938801017495105	14823730286796461887	12259990819906049383	14486478380748706280	-5316.6479492188	0.0000000000	57.4414697555	10.4098671601
16	32	3044393288098453901	3992766941926190351	14499049318318153408	14895566064737543158	-5316.6503906250	0.0000000000	55.9290957601	16.7281195134
16	47	3044393288098453901	10836534406666624292	10836534406666624292	14895566064737543158	-5316.6503906250	0.0000000000	55.9290957601	0.8221333432
25	4	10700603366237361749	16485072641614975299	300046473819160406	2002308755052540241	-5316.6918945312	0.0000000000	41.3793332411	62.2081180253
46	19	6784554266098846500	10212697886420786595	6784554266098846500	16905090716698189824	-5316.6997070312	0.0000000000	1.7120685728	52.0016155668
0	45	12924286424376379847	13753393179259481003	1218532730237313319	9034083468428637749	-5316.7016601562	0.0000000000	73.6194596682	2.0683466434
47	1	10836534406666624292	16516744392231895066	1445563313981790400	10836534406666624292	-5316.7089843750	0.0000000000	0.8807270932	72.5363822631
32	9	3992766941926190351	13544273601043947578	128540194985471014	12013375928655257666	-5316.7500000000	0.0000000000	16.8277288884	58.7998458272
30	31	8999334520627072637	10292425444900380892	5537223560363224216	11431815228718438181	-5316.7514648438	0.0000000000	17.1972668504	16.9129481942
32	47	3992766941926190351	10836534406666624292	10836534406666624292	17817698755394914627	-5316.7758789062	0.0000000000	16.8536077947	0.9476216245
5	23	2672220462288553597	17674469325177066891	9805278608059725108	13712022895661469233	-5316.9497070312	0.0000000000	60.8511312165	43.2908183874
44	1	15504891702941754170	16516744392231895066	879378799560715094	2240849521123106468	-5317.2500000000	0.0000000000	4.6217860460	73.0773978881
49	1	14072494503690174571	16516744392231895066	14072494503690174571	18022309166760524050	-5317.3457031250	0.0000000000	0.8941623169	73.1731010131
48	20	5967831574206026752	10461667396332242569	3072287839655298421	5967831574206026752	-5317.3486328125	0.0000000000	1.5020650502	52.2419042028
28	4	748573590155831814	16485072641614975299	6904249908218669531	11495696363452241740	-5317.3945312500	0.0000000000	21.3712774432	62.9107547440
7	45	2448181928756866669	13753393179259481003	6224542745404320540	15643611320914361712	-5317.4384765625	0.0000000000	59.6859477202	2.8051630497
48	41	5967831574206026752	17182146995791043802	5967831574206026752	16168298121877641171	-5317.5712890625	0.0000000000	1.7247213002	9.1976154760
16	49	3044393288098453901	14072494503690174571	14072494503690174571	17828160864830462771	-5317.5966796875	0.0000000000	56.8753848226	1.1451388794
40	0	7124559999870969512	12924286424376379847	8174383141766334533	10229103087115917026	-5317.6132812500	0.0000000000	9.3357109870	74.5310807619
39	49	9470034718117830877	14072494503690174571	14072494503690174571	16031224983412955951	-5317.6206054688	0.0000000000	9.5564732002	1.1690646606
5	45	2672220462288553597	13753393179259481003	12474841028634221317	18443525180584650597	-5317.6215820312	0.0000000000	61.5230062165	2.9882685184
26	44	13464727552288861798	15504891702941754170	2240849521123106468	8431949182410530783	-5317.6455078125	0.0000000000	32.0708011299	5.0172938585
26	49	13464727552288861798	14072494503690174571	7341736797076971738	15763749190744245188	-5317.8383789062	0.0000000000	32.2636722237	1.3868380981
20	45	10461667396332242569	13753393179259481003	13753393179259481003	16293647875929402708	-5317.9096679688	0.0000000000	52.8029393591	3.2763544559
39	31	9470034718117830877	10292425444900380892	10837309103855894099	10902381876730640144	-5317.9165039062	0.0000000000	9.8523716377	18.0779872567
10	48	5270938801017495105	5967831574206026752	11021320405638279359	11607594421218913515	-5318.0019531250	0.0000000000	58.7954736618	2.1553853627
48	23	5967831574206026752	17674469325177066891	11607594421218913515	17419972142081695871	-5318.0019531250	0.0000000000	2.1553853627	44.3430644812
15	25	8091048860242375375	10700603366237361749	1994016397307456933	2371268918762441158	-5318.0371093750	0.0000000000	57.5988856303	42.7245480849
30	33	8999334520627072637	9818092968817237014	4356404792655897809	13655773492244118125	-5318.1523437500	0.0000000000	18.5981457566	13.9620396189
39	0	9470034718117830877	12924286424376379847	5718644275679255561	14829404500131447063	-5318.2529296875	0.0000000000	10.1887974190	75.1707291994
42	19	1713370223222429489	10212697886420786595	327698536177922592	9205626428365512866	-5318.4062500000	0.0000000000	9.8576242043	53.7081585355
48	45	5967831574206026752	13753393179259481003	3403868574646123076	5967831574206026752	-5318.4946289062	0.0000000000	2.6480611439	3.8613153934
5	30	2672220462288553597	8999334520627072637	8020387388725874152	11203665933392890797	-5318.6455078125	0.0000000000	62.5469319977	19.0913098191
30	17	8999334520627072637	11790667997533019615	3795647190417495942	14822263608033630638	-5318.8071289062	0.0000000000	19.2529309129	56.9665845392
32	31	3992766941926190351	10292425444900380892	7015597015067269180	17901918102242568204	-5318.8681640625	0.0000000000	18.9458929509	19.0296474129
45	37	13753393179259481003	17395217366841402865	6414424611921542863	13098219808186751985	-5318.8754882812	0.0000000000	4.2421747684	11.9451219529
2	23	5289285235471268423	17674469325177066891	14139564116502649316	14725793803619433472	-5318.9287109375	0.0000000000	66.6725640756	45.2698222937
30	37	8999334520627072637	17395217366841402865	2990273719798178561	14887466877432732638	-5319.0727539062	0.0000000000	19.5185559129	12.1423875779
34	3	904445908634330529	5075589499257847107	7937513520054862102	16331544968733879567	-5319.1000976562	0.0000000000	14.0609951361	65.2166543484
8	45	6095070672567671420	13753393179259481003	600449022688125311	9620381651862642411	-5319.1572265625	0.0000000000	61.3775482369	4.5239130497
9	37	13544273601043947578	17395217366841402865	5890240386592280298	11139031376089785887	-5319.2622070312	0.0000000000	61.3120528584	12.3318407029
14	27	5731290558828562471	9437257568119688214	1390110410998215862	2114360684354452810	-5319.3554687500	0.0000000000	59.2863309776	27.0952463629
35	21	14823730286796461887	17105471728528320474	59894179549579501	2191357709553480451	-5319.3579101562	0.0000000000	13.1198280976	54.0902802168
29	8	986912802074324123	6095070672567671420	11191201319097852479	11756230121109437419	-5319.3872070312	0.0000000000	21.0515480020	61.6075287056
18	32	3043117941884177994	3992766941926190351	14827152232932623190	17594619021865289397	-5319.4956054688	0.0000000000	57.1858653403	19.5733343572
25	17	10700603366237361749	11790667997533019615	2002308755052540241	17973981115999585328	-5319.5336914062	0.0000000000	44.2211301161	57.6931470392
18	47	3043117941884177994	10836534406666624292	3881253225066455593	15231270575735764119	-5319.7143554688	0.0000000000	57.4046153403	3.8860981870
22	41	16663092518291701581	17182146995791043802	7757761424978209067	11338056972690945032	-5319.7304687500	0.0000000000	48.2442710622	11.3567951635
6	45	9766985628120810743	13753393179259481003	12041039242539796608	14134288560186876525	-5319.8261718750	0.0000000000	62.5759197021	5.1928583622
47	4	10836534406666624292	16485072641614975299	4932062100355354952	6368814636142620653	-5319.8364257812	0.0000000000	4.0081684995	65.3526492753
42	8	1713370223222429489	6095070672567671420	1392155617616407501	9431506758325270319	-5319.9106445312	0.0000000000	11.3620187355	62.1309662056
3	38	5075589499257847107	9993338758405844512	8990203662552913205	10870948601773328612	-5319.9526367188	0.0000000000	66.0691934109	12.6491823481
35	4	14823730286796461887	16485072641614975299	3838266567588392525	6946700710848763086	-5320.0878906250	0.0000000000	13.8498085664	65.6041141190
3	41	5075589499257847107	17182146995791043802	14375664867324700599	16168298121877641171	-5320.2631835938	0.0000000000	66.3797402859	11.8895100073
6	9	9766985628120810743	13544273601043947578	651244490581841971	17718478074063344914	-5320.3833007812	0.0000000000	63.1330486084	62.4331466084
31	1	10292425444900380892	16516744392231895066	14030376903777592067	14951022156481150421	-5320.4062500000	0.0000000000	20.5677333504	76.2336478881
6	37	9766985628120810743	17395217366841402865	7712999902049162211	10312656921888529413	-5320.5234375000	0.0000000000	63.2731853271	13.5930711716
28	10	748573590155831814	5270938801017495105	1915684300398591596	4697776628206438049	-5320.6054687500	0.0000000000	24.5822149432	61.3989892868
9	49	13544273601043947578	14072494503690174571	12221630182267693928	14072494503690174571	-5320.6206054688	0.0000000000	62.6704512959	4.1690646606
6	38	9766985628120810743	9993338758405844512	16667223633325952663	17821024324254320599	-5320.6723632812	0.0000000000	63.4221111084	13.3689089106
39	22	9470034718117830877	16663092518291701581	6317049924494619265	7330679387510748388	-5320.6777343750	0.0000000000	12.6136021065	49.1915366872
6	31	9766985628120810743	10292425444900380892	6567260052077312419	10628996025403227618	-5320.7128906250	0.0000000000	63.4626384521	20.8743739754
16	44	3044393288098453901	15504891702941754170	7709208279449617769	12048867118097059860	-5320.7661132812	0.0000000000	60.0448184164	8.1378993273
16	41	3044393288098453901	17182146995791043802	11282256241322487729	16735859998793692097	-5320.8100585938	0.0000000000	60.0887637289	12.4363850073
5	31	2672220462288553597	10292425444900380892	2232036994593914671	6160324604824394325	-5320.8520507812	0.0000000000	64.7534749665	21.0135341317
20	26	10461667396332242569	13464727552288861798	1958346144211067572	8340272379924012258	-5320.8574218750	0.0000000000	55.7506932653	35.2827151924
34	27	904445908634330529	9437257568119688214	1810858317503343111	10878883503090953165	-5320.8662109375	0.0000000000	15.8271084173	28.6059885504
33	19	9818092968817237014	10212697886420786595	7178975584095103615	13859425961572682621	-5321.0698242188	0.0000000000	16.8795200877	56.3717327543
28	14	748573590155831814	5731290558828562471	9848722844124409407	12402119072755419536	-5321.0839843750	0.0000000000	25.0607305682	61.0148466026
29	48	986912802074324123	5967831574206026752	2130108661695700498	5176383866602641767	-5321.0957031250	0.0000000000	22.7600440958	5.2491353627
28	8	748573590155831814	6095070672567671420	1234416719553311875	17652790948469519758	-5321.2890625000	0.0000000000	25.2658086932	63.5093841744
2	41	5289285235471268423	17182146995791043802	11067715593962360691	17353953498344144067	-5321.2895507812	0.0000000000	69.0334039194	12.9158771948
26	23	13464727552288861798	17674469325177066891	7212773723038502119	13469351430516081240	-5321.3930664062	0.0000000000	35.8183597237	47.7341777624
10	39	5270938801017495105	9470034718117830877	6501448776984810647	7185454738183053438	-5321.5571289062	0.0000000000	62.3506494430	13.4929966377
7	41	2448181928756866669	17182146995791043802	15549235334900312878	17353953498344144067	-5321.6303710938	0.0000000000	63.8778422514	13.2566975073
34	5	904445908634330529	2672220462288553597	1997704846095701732	10317057546813749679	-5321.6791992188	0.0000000000	16.6400966986	65.5806234040
31	11	10292425444900380892	12299578720951316864	16903728651052675537	18211924911528144127	-5321.7197265625	0.0000000000	21.8812099129	62.0658108137
39	41	9470034718117830877	17182146995791043802	174614829878836457	7330679387510748388	-5321.7700195312	0.0000000000	13.7058872627	13.3963459448
14	39	5731290558828562471	9470034718117830877	3873011768999986326	5403348404475533999	-5321.7812500000	0.0000000000	61.7121122276	13.7171177315
27	31	9437257568119688214	10292425444900380892	7365393647908236130	15667379619370674924	-5321.8686523438	0.0000000000	29.6084299566	22.0301356942
17	45	11790667997533019615	13753393179259481003	7997877341263664209	16251186386370032897	-5322.1044921875	0.0000000000	60.2639478204	7.4711786747
26	22	13464727552288861798	16663092518291701581	5141079273042373806	10340895458234779944	-5322.1069335938	0.0000000000	36.5322269112	50.6207359060
44	4	15504891702941754170	16485072641614975299	3020644817757981282	8760549819053092085	-5322.2080078125	0.0000000000	9.5797938585	67.7242313065
5	41	2672220462288553597	17182146995791043802	5122174566331373608	10369245300052152746	-5322.2617187500	0.0000000000	66.1631429352	13.8880451635
28	9	748573590155831814	13544273601043947578	1591450515785947625	9489022315783812793	-5322.2626953125	0.0000000000	26.2394415057	64.3125411397
46	11	6784554266098846500	12299578720951316864	13533134829724388997	17169711994034634717	-5322.3706054688	0.0000000000	7.3829670103	62.7166897199
28	2	748573590155831814	5289285235471268423	8893622725642232579	15381866049063262959	-5322.3862304688	0.0000000000	26.3629766619	70.1300836069
19	12	10212697886420786595	13569938661133239442	2801980422219474448	17342660789728042966	-5322.4863281250	0.0000000000	57.7882366605	62.6608429520
5	25	2672220462288553597	10700603366237361749	11955312978363895299	14969258428238066630	-5322.4956054688	0.0000000000	66.3970296540	47.1830441786
42	46	1713370223222429489	6784554266098846500	8608241015078400150	15601951338818485580	-5322.5468750000	0.0000000000	13.9982492043	7.5592365415
29	45	986912802074324123	13753393179259481003	1974172640115199648	4161202219921006656	-5322.8154296875	0.0000000000	24.4797706583	8.1821161747
18	9	3043117941884177994	13544273601043947578	952627453505034868	4617449545294810661	-5322.8564453125	0.0000000000	60.5467051840	64.9062911397
34	2	904445908634330529	5289285235471268423	3756156089145287626	15512314360434988073	-5322.8769531250	0.0000000000	17.8378506048	70.6208062631
6	43	9766985628120810743	10330323940076876102	3679703352478047929	7733925306369710198	-5322.8925781250	0.0000000000	65.6423259521	13.4298508822
5	39	2672220462288553597	9470034718117830877	4810421717414156468	7110222441774202880	-5322.9697265625	0.0000000000	66.8711507477	14.9055942940
4	23	16485072641614975299	17674469325177066891	1941883729343802055	14366403224854813880	-5323.1020507812	0.0000000000	68.6182742753	49.4431621374
13	28	343628870250116395	748573590155831814	3056067681178246705	17028256290230910398	-5323.2280273438	0.0000000000	63.2096364580	27.2047735369
38	9	9993338758405844512	13544273601043947578	1068412350873954773	7980439061636771988	-5323.2587890625	0.0000000000	15.9553346919	65.3086348897
3	48	5075589499257847107	5967831574206026752	1588432893155433949	7310559975912062035	-5323.4311523438	0.0000000000	69.5477090359	7.5845845814
7	20	2448181928756866669	10461667396332242569	908396848824961065	17449568974308566406	-5323.5390625000	0.0000000000	65.7865336577	58.4323338903
15	24	8091048860242375375	17312801502678843001	14621876109820540735	16319223075030732737	-5323.5556640625	0.0000000000	63.1174403178	49.6671153824
28	12	748573590155831814	13569938661133239442	46041085854588097	9126783923149436769	-5323.6166992188	0.0000000000	27.5934454119	63.7912140458
14	31	5731290558828562471	10292425444900380892	2793582780932900333	14273872928879133553	-5323.6503906250	0.0000000000	63.5812528526	23.8118739754
48	26	5967831574206026752	13464727552288861798	4611719830513634118	6251346484580794660	-5323.6918945312	0.0000000000	7.8453267689	38.1171878487
45	1	13753393179259481003	16516744392231895066	9450115685841129221	12458621258930161092	-5323.7368164062	0.0000000000	9.1035028934	79.5642142944
8	41	6095070672567671420	17182146995791043802	11005424957667161022	13985898502596417358	-5323.9785156250	0.0000000000	66.1988372994	15.6048420385
46	0	6784554266098846500	12924286424376379847	8608241015078400150	16055052533253884866	-5324.1171875000	0.0000000000	9.1295490415	81.0349870119
7	38	2448181928756866669	9993338758405844512	8301764369781764330	9933984248509160252	-5324.1972656250	0.0000000000	66.4447367827	16.8938112544
18	49	3043117941884177994	14072494503690174571	3447010071549504066	16400723002007722462	-5324.2529296875	0.0000000000	61.9431895590	7.8013888794
31	47	10292425444900380892	10836534406666624292	5267699153134572720	14077448275865676083	-5324.2773437500	0.0000000000	24.4388271004	8.4490864682
29	22	986912802074324123	16663092518291701581	741675848655867578	13794558052377945515	-5324.2817382812	0.0000000000	25.9460792520	52.7955405935
13	39	343628870250116395	9470034718117830877	6957169048563753129	9672077879654601493	-5324.3383789062	0.0000000000	64.3199880205	16.2742466377
17	12	11790667997533019615	13569938661133239442	421958672677148456	424439228467588427	-5324.3583984375	0.0000000000	62.5178540704	64.5329132645
28	32	748573590155831814	3992766941926190351	15039593469599841396	17652790948469519758	-5324.5141601562	0.0000000000	28.4909063494	24.5918890447
18	31	3043117941884177994	10292425444900380892	4285473355359975385	11396086799577759053	-5324.5957031250	0.0000000000	62.2859629965	24.7571864754
39	37	9470034718117830877	17395217366841402865	7330679387510748388	8816861738915364133	-5324.6699218750	0.0000000000	16.6057896065	17.7395555466
30	12	8999334520627072637	13569938661133239442	11118257272926538898	14507274511365145043	-5324.6835937500	0.0000000000	25.1293957566	64.8581085770
15	33	8091048860242375375	9818092968817237014	469701627938334539	10345958607955944441	-5324.7070312500	0.0000000000	64.2688075053	20.5167271189
46	50	6784554266098846500	8336955118268624342	5813613203956416180	7738946311206996708	-5324.8457031250	0.0000000000	9.8580646665	0.2671008305
29	14	986912802074324123	5731290558828562471	12758589906606728390	13169312795103053313	-5324.8847656250	0.0000000000	26.5491065958	64.8156278526
50	1	8336955118268624342	16516744392231895066	8336955118268624342	12607426957434409886	-5324.9047851562	0.0000000000	0.3261828618	80.7321830444
39	25	9470034718117830877	10700603366237361749	9902905777031866424	12065623380042686859	-5324.9135742188	0.0000000000	16.8494419502	49.6010129286
18	41	3043117941884177994	17182146995791043802	2767630527937754072	10536946852212617602	-5324.9707031250	0.0000000000	62.6609629965	16.5970295385
7	46	2448181928756866669	6784554266098846500	13976675640458647188	16826127190329101893	-5325.0366210938	0.0000000000	67.2840922514	10.0489826353
15	47	8091048860242375375	10836534406666624292	4320600195823154716	7078230256487395030	-5325.0732421875	0.0000000000	64.6350184428	9.2449849057
32	10	3992766941926190351	5270938801017495105	2395938228516884024	15874585633302996330	-5325.0913085938	0.0000000000	25.1690374822	65.8848291305
3	46	5075589499257847107	6784554266098846500	7312345403365620537	17451653706364659913	-5325.1201171875	0.0000000000	71.2366738797	10.1324787290
31	17	10292425444900380892	11790667997533019615	3705416665739582308	5002477493560845483	-5325.1796875000	0.0000000000	25.3411708504	63.3391431329
18	12	3043117941884177994	13569938661133239442	8482446982073796882	12925277389241333096	-5325.2084960938	0.0000000000	62.8987559653	65.3830109208
42	11	1713370223222429489	12299578720951316864	11952263266865042112	18121101744761860079	-5325.2187500000	0.0000000000	16.6701242043	65.5648342512
42	37	1713370223222429489	17395217366841402865	5258306726833292046	16933150148510556227	-5325.2338867188	0.0000000000	16.6852609230	18.3035203904
34	8	904445908634330529	6095070672567671420	9152674957179097843	14334609240006901399	-5325.3886718750	0.0000000000	20.3495693548	67.6089935494
29	12	986912802074324123	13569938661133239442	7083776990943466474	8674038439218113823	-5325.4370117188	0.0000000000	27.1013526895	65.6115265458
22	37	16663092518291701581	17395217366841402865	1115591028291028176	10188489258867401803	-5325.4379882812	0.0000000000	53.9517905935	18.5076219529
16	31	3044393288098453901	10292425444900380892	4095389966362262521	10623509281909820279	-5325.4584960938	0.0000000000	64.7372012289	25.6199794442
28	22	748573590155831814	16663092518291701581	4475846704195342348	17243361270358848797	-5325.5556640625	0.0000000000	29.5324102557	54.0694663747
29	23	986912802074324123	17674469325177066891	5052257670347980992	12928819852859065097	-5325.5581054688	0.0000000000	27.2224464395	51.8992168249
4	41	16485072641614975299	17182146995791043802	14726536390405985555	17338400913618939510	-5325.5727539062	0.0000000000	71.0889774003	17.1990803198
8	39	6095070672567671420	9470034718117830877	193490286897638612	1186574003035897897	-5325.6020507812	0.0000000000	67.8223724556	17.5379185127
40	22	7124559999870969512	16663092518291701581	4451489712419221319	4475846704195342348	-5325.6806640625	0.0000000000	17.4030937995	54.1944663747
15	36	8091048860242375375	16337656593352093644	1738137633444344578	6114740337099694138	-5325.6855468750	0.0000000000	65.2473231303	19.3691086722
3	50	5075589499257847107	8336955118268624342	4263747713306680742	12033202935706763980	-5325.6860351562	0.0000000000	71.8025918484	1.1074328618
15	17	8091048860242375375	11790667997533019615	1535630922256717411	7466007441435361892	-5325.6948242188	0.0000000000	65.2566004740	63.8542798517
34	15	904445908634330529	8091048860242375375	11973418756450580530	12235234266391411874	-5325.6997070312	0.0000000000	20.6606045111	65.2614832865
18	44	3043117941884177994	15504891702941754170	2007950927315593982	3465812875170838587	-5325.7026367188	0.0000000000	63.3928965903	13.0744227648
48	19	5967831574206026752	10212697886420786595	8977164675911072686	18443624942345430228	-5325.7231445312	0.0000000000	9.8765767689	61.0250530668
31	21	10292425444900380892	17105471728528320474	2176482920985994234	14879934205469908098	-5325.7255859375	0.0000000000	25.8870692879	60.4579559980
29	16	986912802074324123	3044393288098453901	7840462024169606439	11838715171148775276	-5326.0288085938	0.0000000000	27.6931495645	65.3075137289
19	37	10212697886420786595	17395217366841402865	13201265220235569774	17811982789851637766	-5326.0454101562	0.0000000000	61.3473186918	19.1150438279
39	21	9470034718117830877	17105471728528320474	8505215993797948653	13780120404170649074	-5326.0498046875	0.0000000000	17.9856724190	60.7821747480
46	15	6784554266098846500	8091048860242375375	2315123046241659900	16530823045409700301	-5326.1816406250	0.0000000000	11.1940021665	65.7434168803
29	11	986912802074324123	12299578720951316864	14568706844525291747	15071879824375507577	-5326.2353515625	0.0000000000	27.8996925333	66.5814358137
13	31	343628870250116395	10292425444900380892	12935591633608354610	17519132383547783401	-5326.2802734375	0.0000000000	66.2618825518	26.4417567879
3	44	5075589499257847107	15504891702941754170	14015453511433695300	17961927853804746448	-5326.2832031250	0.0000000000	72.3997598172	13.6549891710
19	31	10212697886420786595	10292425444900380892	13859425961572682621	16443468821216966125	-5326.2919921875	0.0000000000	61.5939007230	26.4534755379
42	14	1713370223222429489	5731290558828562471	10202011339250214444	11993129641544421910	-5326.3813476562	0.0000000000	17.8327218605	66.3122098839
44	22	15504891702941754170	16663092518291701581	3127693061949157220	3326481956106855764	-5326.3989257812	0.0000000000	13.7707118273	54.9127280935
44	21	15504891702941754170	17105471728528320474	697721835236587054	2196667467893720551	-5326.5107421875	0.0000000000	13.8825282335	61.2431122480
7	31	2448181928756866669	10292425444900380892	9436257937189604355	17352750330412023333	-5326.6538085938	0.0000000000	68.9012797514	26.8152919442
50	17	8336955118268624342	11790667997533019615	2340999342315847871	12994576387446810930	-5326.6694335938	0.0000000000	2.0908312993	64.8288892267
2	46	5289285235471268423	6784554266098846500	1298677738904926093	6329547614993345170	-5326.7529296875	0.0000000000	74.4967828256	11.7652912290
38	24	9993338758405844512	17312801502678843001	16056833747592396222	17481164222520678289	-5326.7626953125	0.0000000000	19.4592409419	52.8741466324
25	47	10700603366237361749	10836534406666624292	5313272874688880964	15391565973822292231	-5326.7661132812	0.0000000000	51.4535519911	10.9378559995
32	25	3992766941926190351	10700603366237361749	6705167903639267971	15391565973822292231	-5326.7661132812	0.0000000000	26.8438421697	51.4535519911
31	26	10292425444900380892	13464727552288861798	3143778180936173864	15186567393093519509	-5326.8535156250	0.0000000000	27.0149989754	41.2788089424
46	30	6784554266098846500	8999334520627072637	7743816671617760336	17154166040929921372	-5326.8579101562	0.0000000000	11.8702716978	27.3037121629
19	45	10212697886420786595	13753393179259481003	12779595092138335545	16143381920677300036	-5326.8618164062	0.0000000000	62.1637249418	12.2285028934
0	49	12924286424376379847	14072494503690174571	5316430651514474527	12430820555189215853	-5326.8867187500	0.0000000000	83.8045182619	10.4351779419
8	47	6095070672567671420	10836534406666624292	193490286897638612	16275084829989654514	-5326.9038085938	0.0000000000	69.1241302681	11.0755513120
26	45	13464727552288861798	13753393179259481003	328851647454673558	16143381920677300036	-5326.9243164062	0.0000000000	41.3496097237	12.2910028934
28	44	748573590155831814	15504891702941754170	8423891288417664751	15474712335485023428	-5326.9506835938	0.0000000000	30.9274297869	14.3224696398
26	35	13464727552288861798	14823730286796461887	7853095922276541964	10988579531892887243	-5327.0302734375	0.0000000000	41.4555667549	20.7921913789
26	37	13464727552288861798	17395217366841402865	7446989909872280655	15180866044055680035	-5327.0566406250	0.0000000000	41.4819339424	20.1262742966
29	17	986912802074324123	11790667997533019615	2697225976029912810	3981105076782716694	-5327.0649414062	0.0000000000	28.7292823770	65.2243970392
3	39	5075589499257847107	9470034718117830877	2102300191143707199	12358745814028647040	-5327.0708007812	0.0000000000	73.1873574734	19.0066685127
10	44	5270938801017495105	15504891702941754170	3127693061949157220	16267891322890720157	-5327.0961914062	0.0000000000	67.8897119430	14.4679774523
16	37	3044393288098453901	17395217366841402865	5586529596328807553	12736333664145836372	-5327.1118164062	0.0000000000	66.3905215414	20.1814500779
16	27	3044393288098453901	9437257568119688214	5931991214233432864	15773753446213976643	-5327.2055664062	0.0000000000	66.4842715414	34.9453440191
43	45	10330323940076876102	13753393179259481003	3954830242447357228	4246386244936416884	-5327.3696289062	0.0000000000	17.9069016634	12.7363153934
32	39	3992766941926190351	9470034718117830877	4120873768176078660	10357970234570413906	-5327.5048828125	0.0000000000	27.5826117009	19.4407505440
6	35	9766985628120810743	14823730286796461887	10084422997179229148	17618092856213329894	-5327.5258789062	0.0000000000	70.2756267334	21.2877968476
27	33	9437257568119688214	9818092968817237014	1234906694381821057	6368250024641393638	-5327.5429687500	0.0000000000	35.2827463629	23.3526646189
29	44	986912802074324123	15504891702941754170	3127693061949157220	4314881233794607748	-5327.5654296875	0.0000000000	29.2297706583	14.9372157335
10	31	5270938801017495105	10292425444900380892	3144742589811214716	16292459354259767315	-5327.6162109375	0.0000000000	68.4097314743	27.7776942879
26	21	13464727552288861798	17105471728528320474	224698141727837080	4477614120604954598	-5327.7045898438	0.0000000000	42.1298831612	62.4369599043
50	19	8336955118268624342	10212697886420786595	5813613203956416180	6347233812552540146	-5327.7675781250	0.0000000000	3.1889758305	63.0694866605
10	27	5270938801017495105	9437257568119688214	4870043359883396995	12903867042883742723	-5327.7778320312	0.0000000000	68.5713525680	35.5176096441
8	46	6095070672567671420	6784554266098846500	7564301527321265318	16349071668444860934	-5327.9760742188	0.0000000000	70.1963958931	12.9884357603
16	33	3044393288098453901	9818092968817237014	657322889781743569	11945681423902481028	-5328.0034179688	0.0000000000	67.2821231039	23.8131138377
33	1	9818092968817237014	16516744392231895066	657322889781743569	4883524737321330984	-5328.0034179688	0.0000000000	23.8131138377	83.8308158569
39	23	9470034718117830877	17674469325177066891	360969606183645627	3209938683888425205	-5328.0156250000	0.0000000000	19.9514927315	54.3567363562
39	33	9470034718117830877	9818092968817237014	13365498894237993919	13659324609462009292	-5328.0673828125	0.0000000000	20.0032505440	23.8770786814
43	20	10330323940076876102	10461667396332242569	4246386244936416884	11808341366786087673	-5328.0708007812	0.0000000000	18.6080735384	62.9640721716
47	0	10836534406666624292	12924286424376379847	8025655512192388473	16275084829989654514	-5328.1518554688	0.0000000000	12.3235981870	85.0696549807
7	33	2448181928756866669	9818092968817237014	14388529271115342303	15003097181582889830	-5328.2846679688	0.0000000000	70.5321391264	24.0943638377
34	7	904445908634330529	2448181928756866669	8913861006649068707	9527631756540413888	-5328.3789062500	0.0000000000	23.3398037298	70.6263774077
10	47	5270938801017495105	10836534406666624292	4248440167415598301	8288587959017508878	-5328.4282226562	0.0000000000	69.2217431930	12.5999653745
2	35	5289285235471268423	14823730286796461887	8630290688654314628	12136047914890449043	-5328.4584960938	0.0000000000	76.2023492319	22.2204140351
32	37	3992766941926190351	17395217366841402865	4194019211719600473	10892746717634455558	-5328.5317382812	0.0000000000	28.6094671697	21.6013719529
28	11	748573590155831814	12299578720951316864	385097738388839172	2778214816973076950	-5328.5927734375	0.0000000000	32.5695196307	68.9388576887
34	26	904445908634330529	13464727552288861798	9243443983149607526	17219574614744918001	-5328.6831054688	0.0000000000	23.6440029486	43.1083987862
34	47	904445908634330529	10836534406666624292	1402591030849610341	7421924997133790788	-5328.7363281250	0.0000000000	23.6972256048	12.9080708432
36	23	16337656593352093644	17674469325177066891	8396312057558542728	10750063676954326374	-5328.7841796875	0.0000000000	22.4677414847	55.1252910437
14	41	5731290558828562471	17182146995791043802	3968509905184895322	14815200427881245532	-5328.8271484375	0.0000000000	68.7580106651	20.4534748510
46	6	6784554266098846500	9766985628120810743	1645111417687162125	8350890353899446783	-5328.8818359375	0.0000000000	13.8941974790	71.6315837646
31	45	10292425444900380892	13753393179259481003	15278805875640351345	17850042274793546254	-5328.8837890625	0.0000000000	29.0452724129	14.2504755497
34	17	904445908634330529	11790667997533019615	8088298008427550058	17939916108811476580	-5329.0761718750	0.0000000000	24.0370693548	67.2356275079
33	22	9818092968817237014	16663092518291701581	3761736140468120609	9053656656869939268	-5329.0893554688	0.0000000000	24.8990513377	57.6031577810
32	22	3992766941926190351	16663092518291701581	1925032971888544214	3352184989260617036	-5329.0952148438	0.0000000000	29.1729437322	57.6090171560
47	22	10836534406666624292	16663092518291701581	12883488180114168282	14011581525132980199	-5329.1005859375	0.0000000000	13.2723286557	57.6143882497
32	30	3992766941926190351	8999334520627072637	8527716421875571468	12463161877252470043	-5329.3393554688	0.0000000000	29.4170843572	29.7851574754
3	47	5075589499257847107	10836534406666624292	9940517353764892815	11618709534606815873	-5329.5942382812	0.0000000000	75.7107949734	13.7659809995
13	9	343628870250116395	13544273601043947578	13974464666714954594	15696459017240777487	-5329.6215820312	0.0000000000	69.6031911455	71.6714278584
18	30	3043117941884177994	8999334520627072637	14981385246814581031	17886775526339003236	-5329.6318359375	0.0000000000	67.3220958090	30.0776379441
48	22	5967831574206026752	16663092518291701581	9767339484428655599	12588889027045508613	-5329.7260742188	0.0000000000	13.8795064564	58.2398765310
42	22	1713370223222429489	16663092518291701581	3105309898971921131	16492845239815997113	-5329.8852539062	0.0000000000	21.3366281105	58.3990562185
33	11	9818092968817237014	12299578720951316864	2509976285885658591	5089230063089033336	-5329.9394531250	0.0000000000	25.7491489939	70.2855373762
32	46	3992766941926190351	6784554266098846500	1508343194054716612	15315670197260229251	-5330.0341796875	0.0000000000	30.1119085759	15.0465412290
30	9	8999334520627072637	13544273601043947578	3673908617375100625	7087969379599171190	-5330.0507812500	0.0000000000	30.4965832566	72.1006270772
30	22	8999334520627072637	16663092518291701581	5758352574974051488	17101063597919455302	-5330.0649414062	0.0000000000	30.5107434129	58.5787437185
13	44	343628870250116395	15504891702941754170	10315252309011153490	12408310108336596390	-5330.0698242188	0.0000000000	70.0514333330	17.4416102648
10	37	5270938801017495105	17395217366841402865	1190505122650148443	6410543275049178528	-5330.1835937500	0.0000000000	70.9771142868	23.2532274216
38	11	9993338758405844512	12299578720951316864	4664231522926600833	13921821009329032943	-5330.2177734375	0.0000000000	22.9143190669	70.5638576887
28	39	748573590155831814	9470034718117830877	11713730240215028763	14791242681813002654	-5330.7192382812	0.0000000000	34.6959844744	22.6551060127
7	25	2448181928756866669	10700603366237361749	8099376393969125755	8749351046706568718	-5330.7871093750	0.0000000000	73.0345805327	55.4745480849
33	47	9818092968817237014	10836534406666624292	645157040403054222	796871649394573582	-5330.8603515625	0.0000000000	26.6700474314	15.0320942807
39	19	9470034718117830877	10212697886420786595	5963036272777075391	8588682038541031069	-5330.9965820312	0.0000000000	22.9324497627	66.2984905668
29	33	986912802074324123	9818092968817237014	6642648405807918638	7126535199512762685	-5331.0795898438	0.0000000000	32.7439308145	26.8892857127
33	24	9818092968817237014	17312801502678843001	11409718301782943524	16039989046436129457	-5331.1054687500	0.0000000000	26.9151646189	57.2169200699
15	50	8091048860242375375	8336955118268624342	8440490872549921643	13915537096911949679	-5331.1137695312	0.0000000000	70.6755457865	6.5351672368
29	37	986912802074324123	17395217366841402865	10161659860076241783	12508669342216679228	-5331.2397460938	0.0000000000	32.9040870645	24.3093797654
29	39	986912802074324123	9470034718117830877	11331206543501526461	12508669342216679228	-5331.2397460938	0.0000000000	32.9040870645	23.1756138252
32	24	3992766941926190351	17312801502678843001	3570608351115120672	5140602688902277472	-5331.3081054688	0.0000000000	31.3858343572	57.4195567886
33	12	9818092968817237014	13569938661133239442	12188417730866908275	14246807959976936838	-5331.3457031250	0.0000000000	27.1553989939	71.5202179520
12	37	13569938661133239442	17395217366841402865	8626410349735591691	16037460720120196044	-5331.3627929688	0.0000000000	71.5373077958	24.4324266404
8	49	6095070672567671420	14072494503690174571	9453011621309405530	11169990367742974439	-5331.3657226562	0.0000000000	73.5860443306	14.9141818481
50	21	8336955118268624342	17105471728528320474	8336955118268624342	12220617492055018006	-5331.5312500000	0.0000000000	6.9526477055	66.2636200605
39	17	9470034718117830877	11790667997533019615	13351344007698492943	17393288337795742933	-5331.6015625000	0.0000000000	23.5374302315	69.7610181329
50	0	8336955118268624342	12924286424376379847	11150249157756413097	16108117494012257478	-5331.7177734375	0.0000000000	7.1391711430	88.6355729494
47	26	10836534406666624292	13464727552288861798	6694716466375828652	12167280999617768534	-5332.0258789062	0.0000000000	16.1976216245	46.4511722237
2	44	5289285235471268423	15504891702941754170	10848447912780695073	15463998998314120649	-5332.0380859375	0.0000000000	79.7819390756	19.4098719835
30	11	8999334520627072637	12299578720951316864	5820502924959928713	6677187056593236921	-5332.0537109375	0.0000000000	32.4995129441	72.3997951887
32	33	3992766941926190351	9818092968817237014	6958916676249903917	17927294452922504282	-5332.1337890625	0.0000000000	32.2115179509	27.9434849314
48	0	5967831574206026752	12924286424376379847	15482970087340719143	16561732548213843392	-5332.2177734375	0.0000000000	16.3712056752	89.1355729494
15	38	8091048860242375375	9993338758405844512	3188135572205143528	3457206235591865443	-5332.2592773438	0.0000000000	71.8210535990	24.9558229731
38	19	9993338758405844512	10212697886420786595	3457206235591865443	14849418349774507074	-5332.2592773438	0.0000000000	24.9558229731	67.5611858793
1	37	16516744392231895066	17395217366841402865	10161659860076241783	17818135274065100720	-5332.2998046875	0.0000000000	88.1272025756	25.3694383591
29	18	986912802074324123	3043117941884177994	8226186199607533234	13228577802244781879	-5332.3085937500	0.0000000000	33.9729347208	69.9988536215
11	49	12299578720951316864	14072494503690174571	4436618888976939689	12311700756902876293	-5332.5234375000	0.0000000000	72.8695217512	16.0718966919
18	33	3043117941884177994	9818092968817237014	6379293313112730437	11963788252303270840	-5332.5351562500	0.0000000000	70.2254161215	28.3448521189
28	18	748573590155831814	3043117941884177994	10530136093983863070	16148518861316489279	-5332.6030273438	0.0000000000	36.5797735369	70.2932872153
35	41	14823730286796461887	17182146995791043802	7918076023849494358	15892709013171252266	-5332.7231445312	0.0000000000	26.4850624726	24.3494709448
31	22	10292425444900380892	16663092518291701581	17186273847417617176	17873634615760585186	-5332.7446289062	0.0000000000	32.9061122567	61.2584312185
28	16	748573590155831814	3044393288098453901	11713730240215028763	17218483020049948129	-5332.8320312500	0.0000000000	36.8087774432	72.1107363851
8	23	6095070672567671420	17674469325177066891	13408117423164535816	14420017314167926416	-5332.8388671875	0.0000000000	75.0591888619	59.1799785437
47	17	10836534406666624292	11790667997533019615	3115801862545395752	10971090278748890823	-5332.9296875000	0.0000000000	17.1014302182	71.0891431329
29	21	986912802074324123	17105471728528320474	13456136658964722569	18380457504967102592	-5332.9433593750	0.0000000000	34.6077003458	67.6757294355
27	24	9437257568119688214	17312801502678843001	7236763152072495028	7721083377177919677	-5333.0258789062	0.0000000000	40.7656565191	59.1373302261
2	45	5289285235471268423	13753393179259481003	3386152424505588751	9266084614325877103	-5333.0449218750	0.0000000000	80.7887750131	18.4116083622
10	33	5270938801017495105	9818092968817237014	6379293313112730437	12243064584712350249	-5333.0527343750	0.0000000000	73.8462549118	28.8624302439
45	22	13753393179259481003	16663092518291701581	5801460234114364909	7086642209965430006	-5333.1005859375	0.0000000000	18.4672724247	61.6143882497
46	24	6784554266098846500	17312801502678843001	9483604693445558136	14122913700417724474	-5333.1064453125	0.0000000000	18.1188068540	59.2178966324
48	6	5967831574206026752	9766985628120810743	3053998907787293904	7086372219144857729	-5333.1230468750	0.0000000000	17.2764791127	75.8727947021
7	48	2448181928756866669	5967831574206026752	25273802553047693	6364427996659548914	-5333.2211914062	0.0000000000	75.4686625639	17.3746236439
6	41	9766985628120810743	17182146995791043802	7053988641357971285	17804411108796369461	-5333.3569335938	0.0000000000	76.1066814209	24.9832600073
13	30	343628870250116395	8999334520627072637	3465909754696908509	7571571866457765628	-5333.3662109375	0.0000000000	73.3478200518	33.8120129441
17	35	11790667997533019615	14823730286796461887	13931563262708856663	15671756332176467381	-5333.4013671875	0.0000000000	71.5608228204	27.1632851289
18	46	3043117941884177994	6784554266098846500	4793950507598579429	11007097568735511712	-5333.5073242188	0.0000000000	71.1975840903	18.5196857603
46	4	6784554266098846500	16485072641614975299	5011173283486263177	11007097568735511712	-5333.5073242188	0.0000000000	18.5196857603	79.0235477128
50	24	8336955118268624342	17312801502678843001	3953818253496957815	5600999981149499309	-5333.5102539062	0.0000000000	8.9316516118	59.6217052261
32	23	3992766941926190351	17674469325177066891	10090437322824642810	14474908648630062191	-5333.5668945312	0.0000000000	33.6446234197	59.9080058874
10	46	5270938801017495105	6784554266098846500	765219866652946045	1040518495384735758	-5333.6245117188	0.0000000000	74.4180322555	18.6368732603
10	43	5270938801017495105	10330323940076876102	2822603939415426065	4396777546452410821	-5333.6411132812	0.0000000000	74.4346338180	24.1783860384
43	35	10330323940076876102	14823730286796461887	4396777546452410821	10916206769741765458	-5333.6411132812	0.0000000000	24.1783860384	27.4030312226
15	26	8091048860242375375	13464727552288861798	8741522248412477909	17623012407735980809	-5333.7001953125	0.0000000000	73.2619715678	48.1254886299
44	37	15504891702941754170	17395217366841402865	3049177675976150605	3127693061949157220	-5333.7060546875	0.0000000000	21.0778407335	26.7756883591
42	12	1713370223222429489	13569938661133239442	9138561192110653554	12675573967073948806	-5333.7084960938	0.0000000000	25.1598702980	73.8830109208
11	41	12299578720951316864	17182146995791043802	8325310427447881843	9989201991064445580	-5333.9819335938	0.0000000000	74.3280178449	25.6082600073
16	43	3044393288098453901	10330323940076876102	3457902367392571390	4396777546452410821	-5334.1538085938	0.0000000000	73.4325137289	24.6910813509
7	9	2448181928756866669	13544273601043947578	11049893044777539726	11520617639168147665	-5334.1704101562	0.0000000000	76.4178813139	76.2202559834
2	39	5289285235471268423	9470034718117830877	8142596475112251179	11507479897308212617	-5334.2758789062	0.0000000000	82.0197320444	26.2117466377
12	35	13569938661133239442	14823730286796461887	7510025203444178313	12753301463668909910	-5334.3330078125	0.0000000000	74.5075226395	28.0949257539
27	37	9437257568119688214	17395217366841402865	8654277175072134156	16196833928945809029	-5334.3374023438	0.0000000000	42.0771799566	27.4070360154
28	49	748573590155831814	14072494503690174571	3277762303284528178	10748300469198720082	-5334.4355468750	0.0000000000	38.4122930682	17.9840060669
43	11	10330323940076876102	12299578720951316864	9162437034181339059	17049866259897334677	-5334.4404296875	0.0000000000	24.9777024447	74.7865139387
27	23	9437257568119688214	17674469325177066891	2695656756966366517	5365939876793896196	-5334.4501953125	0.0000000000	42.1899729254	60.7913066687
33	44	9818092968817237014	15504891702941754170	966860622736649097	9515794120235200754	-5334.4580078125	0.0000000000	30.2677036814	21.8297938585
45	41	13753393179259481003	17182146995791043802	5801460234114364909	8094548906729196268	-5334.5053710938	0.0000000000	19.8720575809	26.1316975073
6	47	9766985628120810743	10836534406666624292	2710012765977377021	3115801862545395752	-5334.7963867188	0.0000000000	77.5461345459	18.9681294370
27	12	9437257568119688214	13569938661133239442	1476556488820043442	14618966894171512093	-5334.8466796875	0.0000000000	42.5864573004	75.0211945145
46	22	6784554266098846500	16663092518291701581	9929760841004102944	14801050812412659285	-5334.8823242188	0.0000000000	19.8946857603	63.3961265310
33	25	9818092968817237014	10700603366237361749	445765237185334200	9267637676219536447	-5334.9741210938	0.0000000000	30.7838169627	59.6615598036
10	45	5270938801017495105	13753393179259481003	12261269229860488208	13717901475968554547	-5335.0209960938	0.0000000000	75.8145166305	20.3876825809
16	36	3044393288098453901	16337656593352093644	13306264124857012778	13763547865034760364	-5335.0903320312	0.0000000000	74.3690371664	28.7738938285
50	11	8336955118268624342	12299578720951316864	5763412637518835427	18333460388103025712	-5335.2143554688	0.0000000000	10.6357531743	75.5604397199
34	30	904445908634330529	8999334520627072637	1832106820492912547	5724467627858551647	-5335.3198242188	0.0000000000	30.2807216986	35.7656262254
18	27	3043117941884177994	9437257568119688214	6166280211076386817	7562561253024161609	-5335.3750000000	0.0000000000	73.0652598715	43.1147776129
48	37	5967831574206026752	17395217366841402865	2734987067853566638	11584303338247750434	-5335.3818359375	0.0000000000	19.5352681752	28.4514696091
39	35	9470034718117830877	14823730286796461887	1780638775094879461	12200727487066457032	-5335.4248046875	0.0000000000	27.3606724190	29.1867226289
8	38	6095070672567671420	9993338758405844512	1064712414920691750	18381328926644015792	-5335.5214843750	0.0000000000	77.7418060494	28.2180300044
11	45	12299578720951316864	13753393179259481003	2585528374710848648	11152017563481913156	-5335.6269531250	0.0000000000	75.9730373762	20.9936396122
13	37	343628870250116395	17395217366841402865	717237898589793589	1287440748645363615	-5335.6938476562	0.0000000000	75.6754567705	28.7634813279
33	21	9818092968817237014	17105471728528320474	16514212869426796414	18408423755248242459	-5335.7456054688	0.0000000000	31.5553013377	70.4779755293
46	21	6784554266098846500	17105471728528320474	26662738008665014	10895123837941520845	-5335.7685546875	0.0000000000	20.7809162290	70.5009247480
34	9	904445908634330529	13544273601043947578	1995894667945373869	18004681189076131652	-5335.7695312500	0.0000000000	30.7304287298	77.8193770772
49	4	14072494503690174571	16485072641614975299	6716257684958323357	12667973287320255784	-5335.7758789062	0.0000000000	19.3243380981	81.2921024003
19	35	10212697886420786595	14823730286796461887	14487804662184836381	17001189399923393784	-5335.8300781250	0.0000000000	71.1319866605	29.5919960664
28	35	748573590155831814	14823730286796461887	6807895557204653903	10637434710179769868	-5335.8544921875	0.0000000000	39.8312383807	29.6164101289
19	44	10212697886420786595	15504891702941754170	1841293369045661691	17803288869305439995	-5335.9663085938	0.0000000000	71.2682171293	23.3380946398
34	22	904445908634330529	16663092518291701581	6499955685289747303	7263234625360519210	-5336.1347656250	0.0000000000	31.0956631048	64.6485679372
40	27	7124559999870969512	9437257568119688214	4080843262913956377	9718945614040390669	-5336.1791992188	0.0000000000	27.9016289558	43.9189768316
18	48	3043117941884177994	5967831574206026752	3054904118517599336	6997087165040951095	-5336.2011718750	0.0000000000	73.8914317465	20.3546041127
48	8	5967831574206026752	6095070672567671420	2734987067853566638	8288854438101006623	-5336.3979492188	0.0000000000	20.5513814564	78.6182708931
5	35	2672220462288553597	14823730286796461887	8294185148674432486	15679155173703123748	-5336.5561523438	0.0000000000	80.4575765290	30.3180702851
2	43	5289285235471268423	10330323940076876102	10531804986081343733	11871958389580422705	-5336.5966796875	0.0000000000	84.3405328256	27.1339524447
42	9	1713370223222429489	13544273601043947578	3685002798793300028	15314020337930507278	-5336.6582031250	0.0000000000	28.1095773293	78.7080489522
16	38	3044393288098453901	9993338758405844512	2833292586744975620	5715267958407395350	-5336.7597656250	0.0000000000	76.0384707601	29.4563112544
30	19	8999334520627072637	10212697886420786595	9091557243819232485	18249279845281942829	-5336.8046875000	0.0000000000	37.2504895066	72.1065960355
19	47	10212697886420786595	10836534406666624292	724554816296897869	15114929812268945537	-5336.8784179688	0.0000000000	72.1803265043	21.0501606870
16	40	3044393288098453901	7124559999870969512	2599979434725490888	5455221879054741770	-5336.8857421875	0.0000000000	76.1644473226	28.6081719245
43	22	10330323940076876102	16663092518291701581	11199765437005794431	12819883714020938875	-5336.9023437500	0.0000000000	27.4396165072	65.4161460622
16	50	3044393288098453901	8336955118268624342	13168981004756485570	15665470461813086394	-5337.0893554688	0.0000000000	76.3680606039	12.5107531743
27	39	9437257568119688214	9470034718117830877	4893403002483439286	6787491430910995654	-5337.1708984375	0.0000000000	44.9106760504	29.1067661690
3	49	5075589499257847107	14072494503690174571	1155426086033412495	2061037802779697534	-5337.2753906250	0.0000000000	83.3919473172	20.8238498169
16	30	3044393288098453901	8999334520627072637	6385458523918786960	7509296764794563853	-5337.3203125000	0.0000000000	76.5990176351	37.7661145066
28	33	748573590155831814	9818092968817237014	1723805051247012147	8475326338002127473	-5337.5668945312	0.0000000000	41.5436407244	33.3765904002
10	49	5270938801017495105	14072494503690174571	2835107113403326704	12924719592272756504	-5337.8305664062	0.0000000000	78.6240869430	21.3790255981
14	46	5731290558828562471	6784554266098846500	1040518495384735758	7890801974225174282	-5337.9833984375	0.0000000000	77.9142606651	22.9957599790
39	6	9470034718117830877	9766985628120810743	7294793016873665598	10941936421177953807	-5338.0219726562	0.0000000000	29.9578403877	80.7717204834
30	26	8999334520627072637	13464727552288861798	12370200593161493843	17553703014900052411	-5338.0434570312	0.0000000000	38.4892590379	52.4687503487
28	31	748573590155831814	10292425444900380892	324351527773064942	3527398658969687458	-5338.1337890625	0.0000000000	42.1105352557	38.2952724129
28	23	748573590155831814	17674469325177066891	1003848753255020825	8066359218460805990	-5338.2143554688	0.0000000000	42.1911016619	64.5554668249
5	36	2672220462288553597	16337656593352093644	5704277401123415447	13176556527177002517	-5338.2426757812	0.0000000000	82.1440999665	31.9262375785
11	35	12299578720951316864	14823730286796461887	8909623209298240904	11328186892689535770	-5338.3681640625	0.0000000000	78.7142483137	32.1300820039
5	33	2672220462288553597	9818092968817237014	592390845911866144	15346046368371870197	-5338.3750000000	0.0000000000	82.2764241852	34.1846958689
48	43	5967831574206026752	10330323940076876102	9007020871691266291	10627308779044837883	-5338.6342773438	0.0000000000	22.7877095814	29.1715501009
5	47	2672220462288553597	10836534406666624292	9855194625423633054	17143140488252821089	-5338.7636718750	0.0000000000	82.6650960602	22.9354145932
47	44	10836534406666624292	15504891702941754170	10122512441709228883	12729631019961844697	-5338.9423828125	0.0000000000	23.1141255307	26.3141688585
16	45	3044393288098453901	13753393179259481003	8465395608751844266	9812327102586588541	-5339.0561523438	0.0000000000	78.3348574789	24.4228388309
29	42	986912802074324123	1713370223222429489	5229267352316808383	15125514130926989151	-5339.0585937500	0.0000000000	40.7229347208	30.5099679543
40	19	7124559999870969512	10212697886420786595	6931130168088785338	14162511284828220530	-5339.0952148438	0.0000000000	30.8176445808	74.3971233793
9	35	13544273601043947578	14823730286796461887	2462626113820757018	7751840162988615969	-5339.1259765625	0.0000000000	81.1758223897	32.8878945039
43	4	10330323940076876102	16485072641614975299	10848477572687085688	11526627587402041203	-5339.1289062500	0.0000000000	29.6661790072	84.6451297440
37	23	17395217366841402865	17674469325177066891	6026141190018124188	12869565741737200278	-5339.3544921875	0.0000000000	32.4241258591	65.6956035437
18	45	3043117941884177994	13753393179259481003	4996429349365241564	15168555940979067438	-5339.4550781250	0.0000000000	77.1453379965	24.8217646122
29	31	986912802074324123	10292425444900380892	1155517676754296137	4040175567491217410	-5339.4882812500	0.0000000000	41.1526222208	39.6497646004
33	26	9818092968817237014	13464727552288861798	7273957039678203202	13508834608713188033	-5339.4902343750	0.0000000000	35.2999302439	53.9155276924
6	23	9766985628120810743	17674469325177066891	8429280733112638553	17661482493219890809	-5339.5034179688	0.0000000000	82.2531657959	65.8445293249
49	35	14072494503690174571	14823730286796461887	6309396494998037615	15110141920163439554	-5339.5161132812	0.0000000000	23.0645724731	33.2780312226
40	35	7124559999870969512	14823730286796461887	7751840162988615969	9326689544862960693	-5339.5976562500	0.0000000000	31.3200859870	33.3595741914
21	37	17105471728528320474	17395217366841402865	4513304344296791916	10737095052804185145	-5339.7055664062	0.0000000000	74.4379364668	32.7752000779
13	35	343628870250116395	14823730286796461887	3115381756819711772	15100636898811705931	-5339.7636718750	0.0000000000	79.7452809893	33.5255898164
28	21	748573590155831814	17105471728528320474	3061230049961388848	11841946009910868324	-5340.0151367188	0.0000000000	43.9918829119	74.7475067793
30	47	8999334520627072637	10836534406666624292	1018434447925768274	5630358587583823938	-5340.0727539062	0.0000000000	40.5185559129	24.2444966245
14	33	5731290558828562471	9818092968817237014	3866302266214654298	11442246535372210151	-5340.1337890625	0.0000000000	80.0646512901	35.9434849314
27	49	9437257568119688214	14072494503690174571	4151344101636565728	7708652516364459348	-5340.1376953125	0.0000000000	47.8774729254	23.6861545044
48	4	5967831574206026752	16485072641614975299	3040360821748137888	6696512750693905836	-5340.3027343750	0.0000000000	24.4561666127	85.8189578690
32	20	3992766941926190351	10461667396332242569	15727761817398283442	18199214307759169505	-5340.3081054688	0.0000000000	40.3858343572	75.2013768591
25	26	10700603366237361749	13464727552288861798	971007926776740648	4576490836230637518	-5340.3481445312	0.0000000000	65.0355832411	54.7734378487
44	41	15504891702941754170	17182146995791043802	750271947383772808	15754630335196904988	-5340.3857421875	0.0000000000	27.7575282335	32.0120686010
33	45	9818092968817237014	13753393179259481003	11261452914963866607	17861682664391078428	-5340.4990234375	0.0000000000	36.3087193064	25.8657099247
30	21	8999334520627072637	17105471728528320474	8313747335072784890	9115112955355243602	-5340.5878906250	0.0000000000	41.0336926316	75.3202606855
2	36	5289285235471268423	16337656593352093644	1130041961077182722	2882642482885567170	-5340.9096679688	0.0000000000	88.6535211069	34.5932297660
25	37	10700603366237361749	17395217366841402865	3747983140853781932	17832592314674316729	-5340.9233398438	0.0000000000	65.6107785536	33.9929735154
14	37	5731290558828562471	17395217366841402865	10501958279104136028	13875420471402557288	-5341.0458984375	0.0000000000	80.9767606651	34.1155321091
18	37	3043117941884177994	17395217366841402865	21998438137870121	2067284033441372801	-5341.1938476562	0.0000000000	78.8841075278	34.2634813279
7	39	2448181928756866669	9470034718117830877	11026449896722756566	11309082002917171514	-5341.3461914062	0.0000000000	83.5936625639	33.2820591377
26	24	13464727552288861798	17312801502678843001	610454715474370078	12439040658223102376	-5341.4487304688	0.0000000000	55.8740237862	67.5601817886
39	11	9470034718117830877	12299578720951316864	15231574557096068684	16461685655570099016	-5341.5610351562	0.0000000000	33.4969028877	81.9071194074
30	39	8999334520627072637	9470034718117830877	1821607540774132818	18404403938660599837	-5341.5874023438	0.0000000000	42.0332043504	33.5232700752
31	41	10292425444900380892	17182146995791043802	6355617028998815599	14956976013506501376	-5341.5976562500	0.0000000000	41.7591396004	33.2239826635
24	37	17312801502678843001	17395217366841402865	4314243480155857152	10174889057282128413	-5341.6733398438	0.0000000000	67.7847911636	34.7429735154
45	23	13753393179259481003	17674469325177066891	11311188330893381943	15030080442633339419	-5341.7939453125	0.0000000000	27.1606317997	68.1350566687
34	10	904445908634330529	5270938801017495105	13567730512391002423	18318674855944914576	-5341.8085937500	0.0000000000	36.7694912298	82.6021142868
10	30	5270938801017495105	8999334520627072637	9725373544635386669	12861061997644763472	-5341.8320312500	0.0000000000	82.6255517868	42.2778332566
42	10	1713370223222429489	5270938801017495105	7347877448927940308	12861061997644763472	-5341.8320312500	0.0000000000	33.2834054543	82.6255517868
49	44	14072494503690174571	15504891702941754170	353269027961488746	3988080676052090026	-5341.8427734375	0.0000000000	25.3912326294	29.2145594835
50	25	8336955118268624342	10700603366237361749	3408874371531468551	13971766983548436876	-5341.9492187500	0.0000000000	17.3706164555	66.6366574599
35	24	14823730286796461887	17312801502678843001	6493698473969748506	9531032339728873832	-5342.0502929688	0.0000000000	35.8122109101	68.1617442886
34	19	904445908634330529	10212697886420786595	4280729354516278597	15844339581942140054	-5342.1430664062	0.0000000000	37.1039638861	77.4449749418
31	35	10292425444900380892	14823730286796461887	43425191554678903	3393881990194222589	-5342.4233398438	0.0000000000	42.5848231942	36.1852577851
42	16	1713370223222429489	3044393288098453901	1586106762625797962	14372442523130334247	-5342.4575195312	0.0000000000	33.9088937355	81.7362246664
29	35	986912802074324123	14823730286796461887	9433220244422145455	10542798898728207319	-5342.4663085938	0.0000000000	44.1306495645	36.2282265351
19	49	10212697886420786595	14072494503690174571	148061359123808485	1201470895131541942	-5342.5854492188	0.0000000000	77.8873577543	26.1339084106
31	23	10292425444900380892	17674469325177066891	9653496280500745510	14369106152709092131	-5342.6723632812	0.0000000000	42.8338466317	69.0134746374
14	21	5731290558828562471	17105471728528320474	5835683126631072563	13617404571773188882	-5342.7846679688	0.0000000000	82.7155301964	77.5170380293
10	36	5270938801017495105	16337656593352093644	5465342524408820357	8097348692922623342	-5342.8378906250	0.0000000000	83.6314111618	36.5214524222
13	42	343628870250116395	1713370223222429489	2592240755663202389	12867010431598896451	-5342.8715820312	0.0000000000	82.8531911455	34.3229562355
16	46	3044393288098453901	6784554266098846500	10499270655610116406	15710177101609993526	-5342.9853515625	0.0000000000	82.2640566976	27.9977131040
18	38	3043117941884177994	9993338758405844512	8265862358048332987	15617260330667862086	-5343.3256835938	0.0000000000	81.0159434653	36.0222292231
49	22	14072494503690174571	16663092518291701581	4912490834838504286	11811728228609286452	-5343.4282226562	0.0000000000	26.9766818481	71.9420249685
30	27	8999334520627072637	9437257568119688214	5897417680550577155	17417330092544797847	-5343.5727539062	0.0000000000	44.0185559129	51.3125315191
11	37	12299578720951316864	17395217366841402865	11309429564437864947	12405333191050190004	-5343.6279296875	0.0000000000	83.9740139387	36.6975633591
18	36	3043117941884177994	16337656593352093644	582190963166892240	15468154864333885915	-5343.6494140625	0.0000000000	81.3396739340	37.3329758597
32	41	3992766941926190351	17182146995791043802	3291591553856461846	9790373136623524859	-5343.6943359375	0.0000000000	43.7720648259	35.3206623510
28	20	748573590155831814	10461667396332242569	2557428290532614918	14414086887418147957	-5343.7441406250	0.0000000000	47.7208868182	78.6374120153
32	14	3992766941926190351	5731290558828562471	11016061029786864049	11101897803339526017	-5343.8886718750	0.0000000000	43.9664007634	83.8195341026
48	25	5967831574206026752	10700603366237361749	1922451840441624562	17364102012315808567	-5343.9238281250	0.0000000000	28.0772603627	68.6112668349
19	41	10212697886420786595	17182146995791043802	572623596345373027	6014797290469821784	-5343.9555664062	0.0000000000	79.2574749418	35.5818928198
43	25	10330323940076876102	10700603366237361749	10861001704447937185	15244862173107427064	-5344.0522460938	0.0000000000	34.5895188509	68.7396848036
32	12	3992766941926190351	13569938661133239442	897173863155700610	7167728269932173477	-5344.1435546875	0.0000000000	44.2212835759	84.3180695145
14	35	5731290558828562471	14823730286796461887	1609625576829389191	1926069391555472973	-5344.2871093750	0.0000000000	84.2179716026	38.0490273164
14	23	5731290558828562471	17674469325177066891	2499011192374385130	11190290053423481094	-5344.3750000000	0.0000000000	84.3058622276	70.7161113562
13	46	343628870250116395	6784554266098846500	13452541437875262942	13607467638176496051	-5344.3818359375	0.0000000000	84.3634450518	29.3941974790
29	9	986912802074324123	13544273601043947578	6983656867313860770	11150168176019518383	-5344.5849609375	0.0000000000	46.2493019083	86.6348067647
32	35	3992766941926190351	14823730286796461887	9217912771126949522	13890057833118284297	-5344.6005859375	0.0000000000	44.6783148259	38.3625038789
35	23	14823730286796461887	17674469325177066891	3183813934688489619	7719973446833575604	-5345.0756835938	0.0000000000	38.8376015351	71.4167949499
5	46	2672220462288553597	6784554266098846500	14916354914303292788	17071382066895913791	-5345.1323242188	0.0000000000	89.0337484040	30.1446857603
13	33	343628870250116395	9818092968817237014	10189963249976949921	18079727436471034699	-5345.4306640625	0.0000000000	85.4122731768	41.2403599314
9	44	13544273601043947578	15504891702941754170	2789040710187904921	14750164541177145501	-5345.5703125000	0.0000000000	87.6201583272	32.9420985460
33	23	9818092968817237014	17674469325177066891	2345831005135537414	13423719868124600942	-5345.5888671875	0.0000000000	41.3985630564	71.9299785437
32	40	3992766941926190351	7124559999870969512	2594407680594926586	13969132738978449508	-5345.9619140625	0.0000000000	46.0396429509	37.6843437995
10	38	5270938801017495105	9993338758405844512	2321915628427520824	11073957818600407186	-5346.0209960938	0.0000000000	86.8145166305	38.7175417231
5	49	2672220462288553597	14072494503690174571	6182197681999627250	13631280415645290773	-5346.1069335938	0.0000000000	90.0083577790	29.6553927856
27	41	9437257568119688214	17182146995791043802	13646780298017519258	17353874493407959196	-5346.1293945312	0.0000000000	53.8691721441	37.7557209448
12	44	13569938661133239442	15504891702941754170	6589208863202894379	17015736055519452659	-5346.1591796875	0.0000000000	86.3336945145	33.5309657335
7	27	2448181928756866669	9437257568119688214	9909477887543183291	13994521609192767546	-5346.4414062500	0.0000000000	88.6888774077	54.1811838629
9	23	13544273601043947578	17674469325177066891	442005890552438306	13230395570222793296	-5346.4677734375	0.0000000000	88.5176192647	72.8088847937
16	48	3044393288098453901	5967831574206026752	7535858292841633846	11431682222866422986	-5346.4780273438	0.0000000000	85.7567324789	30.6314595814
43	41	10330323940076876102	17182146995791043802	4549192283645654576	15455172468369386425	-5346.5390625000	0.0000000000	37.0763352572	38.1653889135
2	48	5289285235471268423	5967831574206026752	10477388085560444351	17713724001296730059	-5346.5522460938	0.0000000000	94.2960992319	30.7056783314
5	38	2672220462288553597	9993338758405844512	6930210220158154960	9250861881014447499	-5346.6025390625	0.0000000000	90.5039632477	39.2990846919
17	23	11790667997533019615	17674469325177066891	1062853730567820092	9673343486409470708	-5346.6420898438	0.0000000000	84.8015454767	72.9832011999
48	39	5967831574206026752	9470034718117830877	4668755197332979676	10860278930516074793	-5346.8906250000	0.0000000000	31.0440572377	38.8264927315
31	25	10292425444900380892	10700603366237361749	6963787268891722781	10322867375817270352	-5346.8984375000	0.0000000000	47.0599208504	71.5858762099
25	45	10700603366237361749	13753393179259481003	95699161553628867	9962363514128782640	-5346.9619140625	0.0000000000	71.6493527724	32.3286005497
39	12	9470034718117830877	13569938661133239442	6868248559932416156	12068022333558861069	-5347.1147460938	0.0000000000	39.0506138252	87.2892609208
38	35	9993338758405844512	14823730286796461887	2601119252246652963	18011190462355781042	-5347.3466796875	0.0000000000	40.0432253169	41.1085976289
28	47	748573590155831814	10836534406666624292	7683981116290941781	11606840461914655123	-5347.4472656250	0.0000000000	51.4240118182	31.6190083432
28	30	748573590155831814	8999334520627072637	3665234919448127625	18169527451528958308	-5347.5712890625	0.0000000000	51.5480352557	48.0170910691
18	15	3043117941884177994	8091048860242375375	5837526760143945657	13127721135650193439	-5347.5717773438	0.0000000000	85.2620372153	87.1335535990
7	44	2448181928756866669	15504891702941754170	8638941305210023799	12742052038003673976	-5347.5751953125	0.0000000000	89.8226664702	34.9469813585
8	44	6095070672567671420	15504891702941754170	4979788195230311226	14977688560741438870	-5347.5771484375	0.0000000000	89.7974701119	34.9489344835
7	36	2448181928756866669	16337656593352093644	13030789649915295015	17776361324310396443	-5347.6440429688	0.0000000000	89.8915141264	41.3276047660
7	35	2448181928756866669	14823730286796461887	8970284938712645781	15977555757136001827	-5347.9189453125	0.0000000000	90.1664164702	41.6808632539
12	23	13569938661133239442	17674469325177066891	3477245856661845967	17392405093003333165	-5347.9565429688	0.0000000000	88.1310577958	74.2976543249
13	43	343628870250116395	10330323940076876102	1559668290181141860	5350006761891839681	-5348.2089843750	0.0000000000	88.1905934893	38.7462571322
35	36	14823730286796461887	16337656593352093644	12755267114616837405	15894012699106390000	-5348.2739257812	0.0000000000	42.0358437226	41.9574875785
39	9	9470034718117830877	13544273601043947578	7817690790651961929	7940546355354269884	-5348.3789062500	0.0000000000	40.3147739815	90.4287520772
27	47	9437257568119688214	10836534406666624292	104513911126734574	4647832922666833078	-5348.5283203125	0.0000000000	56.2680979254	32.7000630307
27	44	9437257568119688214	15504891702941754170	4246347578125848919	8749355230836549803	-5349.0288085938	0.0000000000	56.7685862066	36.4005946398
50	22	8336955118268624342	16663092518291701581	1709697795825260800	11058055830956250512	-5349.2968750000	0.0000000000	24.7182727055	77.8106773122
33	38	9818092968817237014	9993338758405844512	1381097101185516821	12240835201351281795	-5349.3354492188	0.0000000000	45.1451450877	42.0319948481
28	37	748573590155831814	17395217366841402865	1864034879804387957	5392306381887731318	-5349.3979492188	0.0000000000	53.3746954119	42.4675828904
5	20	2672220462288553597	10461667396332242569	16020798320956912023	17989018651856202774	-5349.6230468750	0.0000000000	93.5244710602	84.5163182653
34	29	904445908634330529	986912802074324123	5895086262663159317	12772490662537959657	-5349.7177734375	0.0000000000	44.6786709173	51.3821144083
39	45	9470034718117830877	13753393179259481003	464449193340569504	15685704218281971894	-5349.7207031250	0.0000000000	41.6565708565	35.0873896122
36	22	16337656593352093644	16663092518291701581	8732352129021347608	17340300217639389522	-5349.7993164062	0.0000000000	43.4828782035	78.3131187185
46	12	6784554266098846500	13569938661133239442	1835945501933766540	5418894092625845842	-5349.8432617188	0.0000000000	34.8556232603	90.0177765458
33	36	9818092968817237014	16337656593352093644	3752009794423957371	8335409017721567123	-5350.0395507812	0.0000000000	45.8492466502	43.7231125785
19	36	10212697886420786595	16337656593352093644	8247442676053698359	16642142626484535727	-5350.1040039062	0.0000000000	85.4059124418	43.7875657035
13	24	343628870250116395	17312801502678843001	6260466453657767259	13640517364135400878	-5350.4755859375	0.0000000000	90.4571950518	76.5870372574
7	15	2448181928756866669	8091048860242375375	7132684960244251683	8564851038070535153	-5350.4760742188	0.0000000000	92.7235453764	90.0378504740
9	36	13544273601043947578	16337656593352093644	8335409017721567123	18424164689157977339	-5350.4863281250	0.0000000000	92.5361739522	44.1698899222
5	27	2672220462288553597	9437257568119688214	4638721263587521937	6158261439363044082	-5350.7480468750	0.0000000000	94.6494710602	58.4878244879
36	24	16337656593352093644	17312801502678843001	8389891530173442279	9749542071769384817	-5351.0996093750	0.0000000000	44.7831711722	77.2110606949
34	21	904445908634330529	17105471728528320474	12226590676398055781	14518964726970455169	-5351.1782226562	0.0000000000	46.1391201361	85.9105927168
42	32	1713370223222429489	3992766941926190351	2595124182356990735	6149082213630948209	-5351.2705078125	0.0000000000	42.7218820168	51.3482367009
28	46	748573590155831814	6784554266098846500	8377683279213062947	16194693932549529942	-5351.3774414062	0.0000000000	55.3541875994	36.3898029478
48	31	5967831574206026752	10292425444900380892	5140952186095699610	10965832212532240548	-5351.4555664062	0.0000000000	35.6089986439	51.6170497567
29	49	986912802074324123	14072494503690174571	7257497081962398277	9544248985203118121	-5351.4990234375	0.0000000000	53.1633644083	35.0474826294
28	42	748573590155831814	1713370223222429489	3781347396043916843	10636844154293574381	-5351.5415039062	0.0000000000	55.5182500994	42.9928781105
34	12	904445908634330529	13569938661133239442	7991123481047123354	17547537112032604248	-5351.9912109375	0.0000000000	46.9521084173	92.1657257645
31	24	10292425444900380892	17312801502678843001	1334073768428236236	8184275982196563057	-5352.0048828125	0.0000000000	52.1663661629	78.1163341324
40	4	7124559999870969512	16485072641614975299	1354982047328035131	7740133737849065379	-5352.2216796875	0.0000000000	43.9441094245	97.7379031815
47	21	10836534406666624292	17105471728528320474	5616787583347000585	18274285448316350045	-5352.4306640625	0.0000000000	36.6024067807	87.1630341230
34	23	904445908634330529	17674469325177066891	3464394989137693336	14836947487266886986	-5352.4960937500	0.0000000000	47.4569912298	78.8372051062
49	23	14072494503690174571	17674469325177066891	84148381757780667	7897264336265366349	-5352.5771484375	0.0000000000	36.1256076294	78.9182597937
35	44	14823730286796461887	15504891702941754170	5560609980014206869	14662557551305644273	-5352.8286132812	0.0000000000	46.5905312226	40.2003993273
11	36	12299578720951316864	16337656593352093644	2660418841060298905	7768684282751711886	-5352.8999023438	0.0000000000	93.2459865949	46.5834641410
45	36	13753393179259481003	16337656593352093644	1641943286385216727	17900512689705745307	-5352.9716796875	0.0000000000	38.3383661747	46.6552414847
12	21	13569938661133239442	17105471728528320474	5186089484103632237	8457153349922250799	-5353.4130859375	0.0000000000	93.5876007645	88.1454559980
5	44	2672220462288553597	15504891702941754170	12050415267425931369	12778900695717718633	-5353.5195312500	0.0000000000	97.4209554352	40.8913172960
8	35	6095070672567671420	14823730286796461887	494550475438954398	12422344849589365129	-5353.6635742188	0.0000000000	95.8838958931	47.4254921601
13	32	343628870250116395	3992766941926190351	4256964399663336898	13247612493457417865	-5353.6674804688	0.0000000000	93.6490895830	53.7452093572
34	14	904445908634330529	5731290558828562471	9442320382077899151	9931845407488247192	-5354.0986328125	0.0000000000	49.0595302923	94.0294950401
18	43	3043117941884177994	10330323940076876102	1926210966242205985	3988635593324324646	-5354.1499023438	0.0000000000	91.8401622153	44.6871751009
7	47	2448181928756866669	10836534406666624292	5001991011121482445	5134386483370477965	-5354.2871093750	0.0000000000	96.5345805327	38.4588520932
34	39	904445908634330529	9470034718117830877	1096303997589240910	13903262510613120736	-5354.6953125000	0.0000000000	49.6562099798	46.6311802315
46	9	6784554266098846500	13544273601043947578	9287465016456573809	17035625525027618565	-5355.0625000000	0.0000000000	40.0748615415	97.1123458272
46	26	6784554266098846500	13464727552288861798	4822063266955680126	12412981976231266271	-5355.5234375000	0.0000000000	40.5357990415	69.9487308174
17	36	11790667997533019615	16337656593352093644	3879720289575260614	5676474611155651387	-5355.7871093750	0.0000000000	93.9465650079	49.4706711722
7	11	2448181928756866669	12299578720951316864	8785264178692365093	14350412277855103111	-5355.8720703125	0.0000000000	98.1195414702	96.2181545637
46	33	6784554266098846500	9818092968817237014	849724337317660117	9304665083867717689	-5355.9721679688	0.0000000000	40.9845295103	51.7818638377
28	34	748573590155831814	904445908634330529	301984292138700703	15056851387729400927	-5356.3266601562	0.0000000000	60.3034063494	51.2875576361
25	36	10700603366237361749	16337656593352093644	2539786011058680323	18292490818617840743	-5356.3857421875	0.0000000000	81.0731808974	50.0693039847
8	25	6095070672567671420	10700603366237361749	12541338864059743498	13212893199360497136	-5356.4223632812	0.0000000000	98.6426849556	81.1098019911
30	25	8999334520627072637	10700603366237361749	11846458847572666763	13212893199360497136	-5356.4223632812	0.0000000000	56.8681652879	81.1098019911
10	50	5270938801017495105	8336955118268624342	4512892629312718334	10014229404352026317	-5356.4409179688	0.0000000000	97.2344385055	31.8623156743
47	9	10836534406666624292	13544273601043947578	10973283623556259143	15610031631060134929	-5356.6499023438	0.0000000000	40.8216450620	98.6997481709
29	25	986912802074324123	10700603366237361749	11549521105898370842	17221485640950260506	-5356.7480468750	0.0000000000	58.4123878458	81.4354855849
32	44	3992766941926190351	15504891702941754170	1479737032356479681	5509594034422402289	-5357.0073242188	0.0000000000	57.0850531072	44.3791102648
8	20	6095070672567671420	10461667396332242569	4320107627891389930	12405439158977207511	-5357.0913085938	0.0000000000	99.3116302681	91.9845799841
44	24	15504891702941754170	17312801502678843001	4092376705770253239	4126662162090065419	-5357.6357421875	0.0000000000	45.0075282335	83.7471935074
14	24	5731290558828562471	17312801502678843001	816590782421420031	4415758233565980361	-5358.0175781250	0.0000000000	97.9484403526	84.1290294449
34	25	904445908634330529	10700603366237361749	13958935200409819167	14760411767892253946	-5358.2382812500	0.0000000000	53.1991787298	82.9257199599
12	36	13569938661133239442	16337656593352093644	11712902247932012416	16399508460123988791	-5358.3579101562	0.0000000000	98.5324249833	52.0414719535
34	24	904445908634330529	17312801502678843001	7410049993122941083	15098824947505550939	-5358.5288085938	0.0000000000	53.4897060736	84.6402599136
33	41	9818092968817237014	17182146995791043802	3366043769793986429	3639422848754765069	-5358.5625000000	0.0000000000	54.3721958689	50.1888264135
6	44	9766985628120810743	15504891702941754170	3101400122661016014	5818043992379462483	-5358.5844726562	0.0000000000	101.3342204834	45.9562587023
42	39	1713370223222429489	9470034718117830877	8772820653532732511	10214222073724427097	-5358.7500000000	0.0000000000	50.2013742043	50.6858677315
20	35	10461667396332242569	14823730286796461887	703491566598986658	12065944437941376403	-5358.9194335938	0.0000000000	93.8127049841	52.6813515351
26	36	13464727552288861798	16337656593352093644	617769366583132300	7339217725781214318	-5358.9370117188	0.0000000000	73.3623050362	52.6205735160
50	6	8336955118268624342	9766985628120810743	7348648723222709381	10094206782099526206	-5358.9560546875	0.0000000000	34.3774523930	101.7058025146
47	23	10836534406666624292	17674469325177066891	10768927046858491490	13752510986908474621	-5359.4165039062	0.0000000000	43.5882466245	85.7576152624
34	46	904445908634330529	6784554266098846500	11097692957199421703	15962140612044717902	-5359.5400390625	0.0000000000	54.5009365423	44.5524006040
44	23	15504891702941754170	17674469325177066891	1054048313873700457	7114935819223630044	-5359.7563476562	0.0000000000	47.1281337023	86.0974590124
38	25	9993338758405844512	10700603366237361749	3223439462976299815	5491420444172872670	-5359.8242187500	0.0000000000	52.5207643794	84.5116574599
2	47	5289285235471268423	10836534406666624292	11741115512477430909	16251044106715593799	-5360.4667968750	0.0000000000	108.2106500131	44.6385395932
34	37	904445908634330529	17395217366841402865	1596043335679425719	10903468388557766135	-5360.4975585938	0.0000000000	55.4584560736	53.5671922654
42	18	1713370223222429489	3043117941884177994	1782055336832116285	3897519961691240899	-5360.5541992188	0.0000000000	52.0055734230	98.2444590903
17	44	11790667997533019615	15504891702941754170	12355520283005277559	17956645952286491646	-5360.6181640625	0.0000000000	98.7776196954	47.9899501085
41	37	17182146995791043802	17395217366841402865	3329010409180754295	7531360421323146239	-5361.1665039062	0.0000000000	52.7928303198	54.2361375779
17	41	11790667997533019615	17182146995791043802	3977480170855655626	11801631775098009559	-5361.2202148438	0.0000000000	99.3796704767	52.8465412573
34	11	904445908634330529	12299578720951316864	5148696888316751356	18021998971514446414	-5361.3515625000	0.0000000000	56.3124599798	101.6976467512
34	33	904445908634330529	9818092968817237014	12877103597967160485	18021998971514446414	-5361.3515625000	0.0000000000	56.3124599798	57.1612583689
27	22	9437257568119688214	16663092518291701581	7743153621228883685	13692777913172029224	-5361.7324218750	0.0000000000	69.4721994879	90.2462241872
42	23	1713370223222429489	17674469325177066891	4518854073847866680	11755022703563252009	-5362.5468750000	0.0000000000	53.9982492043	88.8879863562
30	36	8999334520627072637	16337656593352093644	9433333286208925087	16883539802311164540	-5362.6806640625	0.0000000000	63.1264660691	56.3642258597
30	24	8999334520627072637	17312801502678843001	15262947219393913257	17336075629316305513	-5362.9155273438	0.0000000000	63.3613293504	89.0269786636
29	30	986912802074324123	8999334520627072637	1258280365045835095	5920167723155365723	-5363.3496093750	0.0000000000	65.0139503458	63.7954113816
28	24	748573590155831814	17312801502678843001	837816628780302733	8775888032912506695	-5363.6308593750	0.0000000000	67.6076055682	89.7423106949
7	43	2448181928756866669	10330323940076876102	8368363305112582767	9162960267843759282	-5363.7944335938	0.0000000000	106.0419047514	54.3317063509
45	44	13753393179259481003	15504891702941754170	12164165895570262869	15257815864602855735	-5364.2060546875	0.0000000000	49.5727411747	51.5778407335
5	24	2672220462288553597	17312801502678843001	9700877648045089810	12138883335681988146	-5364.3203125000	0.0000000000	108.2217366852	90.4317638199
33	49	9818092968817237014	14072494503690174571	4411558986658161652	15084581223261198891	-5364.5917968750	0.0000000000	60.4014927439	48.1402560669
27	38	9437257568119688214	9993338758405844512	3182305297426346413	3551473001936609482	-5364.6152343750	0.0000000000	72.3550119879	57.3117800044
7	24	2448181928756866669	17312801502678843001	6242756914637004603	16362463478016401164	-5365.2329101562	0.0000000000	107.4803813139	91.3443614761
34	20	904445908634330529	10461667396332242569	5777099261866935854	14250314987428474399	-5365.4814453125	0.0000000000	60.4423427923	100.3747167028
12	24	13569938661133239442	17312801502678843001	8139225234270972554	9112440992919049072	-5365.9443359375	0.0000000000	106.1188507645	92.0557872574
25	11	10700603366237361749	12299578720951316864	14395235951181564691	17127796576051716971	-5366.6289062500	0.0000000000	91.3163449599	106.9749905012
42	26	1713370223222429489	13464727552288861798	4821219996425609700	10582800885310552413	-5366.8198242188	0.0000000000	58.2711984230	81.2451175362
13	47	343628870250116395	10836534406666624292	3803934603409484577	13657760951100594983	-5366.8579101562	0.0000000000	106.8395192705	51.0296528745
14	25	5731290558828562471	10700603366237361749	3647426385573785777	6213860604674173288	-5367.4511718750	0.0000000000	107.3820341026	92.1386105849
50	26	8336955118268624342	13464727552288861798	8018592111436998780	9440088952632970327	-5367.8637695312	0.0000000000	43.2851672368	82.2890628487
11	44	12299578720951316864	15504891702941754170	1367359338256273349	11263895087360219402	-5367.8940429688	0.0000000000	108.2401272199	55.2658290148
24	23	17312801502678843001	17674469325177066891	1529809414894398945	11719954460532656924	-5368.2978515625	0.0000000000	94.4093028824	94.6389629187
27	25	9437257568119688214	10700603366237361749	9804175323232266526	15096159352817341588	-5368.3334960938	0.0000000000	76.0732737066	93.0209348036
39	24	9470034718117830877	17312801502678843001	5127282393305393508	9456234990741337326	-5368.3486328125	0.0000000000	60.2845005440	94.4600841324
13	38	343628870250116395	9993338758405844512	5516652450752291704	8273424243588221803	-5368.7709960938	0.0000000000	108.7526052080	61.4675417231
42	38	1713370223222429489	9993338758405844512	7027474862864898691	8558958763029924686	-5368.9399414062	0.0000000000	60.3913156105	61.6364870356
42	24	1713370223222429489	17312801502678843001	13763287469730719431	15660156932356338533	-5369.3681640625	0.0000000000	60.8195382668	95.4796153824
38	22	9993338758405844512	16663092518291701581	855204325179195450	14775709713471785792	-5369.5000000000	0.0000000000	62.1965456294	98.0138023122
38	26	9993338758405844512	13464727552288861798	11853744106204808003	13761283145354713080	-5370.0058593750	0.0000000000	62.7024050044	84.4311526924
19	25	10212697886420786595	10700603366237361749	16226742055709274428	17509986909107673855	-5370.1445312500	0.0000000000	105.4464397855	94.8319699599
34	31	904445908634330529	10292425444900380892	1100279820282383257	12793064964790452065	-5370.3427734375	0.0000000000	65.3036709173	70.5042567879
6	25	9766985628120810743	10700603366237361749	12225274315183214580	12334466597527106179	-5370.4848632812	0.0000000000	113.2346111084	95.1723019911
32	36	3992766941926190351	16337656593352093644	9040571414446328820	10435810616334566393	-5370.9794921875	0.0000000000	71.0572210759	64.6630539847
27	36	9437257568119688214	16337656593352093644	13186321225436019094	15459366583783713894	-5371.2416992188	0.0000000000	78.9814768316	64.9252610160
31	36	10292425444900380892	16337656593352093644	8300469618272014	15459366583783713894	-5371.2416992188	0.0000000000	71.4031825692	64.9252610160
14	47	5731290558828562471	10836534406666624292	4660016412602683008	13147664745519636063	-5371.9360351562	0.0000000000	111.8668973839	56.1077778745
13	34	343628870250116395	904445908634330529	12324210909365019665	12787377957448596651	-5373.7998046875	0.0000000000	113.7814138018	68.7607021673
43	26	10330323940076876102	13464727552288861798	3051958415681691302	15046428810904036625	-5373.8452148438	0.0000000000	64.3824876009	88.2705081612
46	31	6784554266098846500	10292425444900380892	14146320663555441054	15335499753499054323	-5373.9291992188	0.0000000000	58.9415607603	74.0906825692
29	24	986912802074324123	17312801502678843001	446284634657449050	1069874574064704837	-5374.0239257812	0.0000000000	75.6882667520	100.1353771011
14	45	5731290558828562471	13753393179259481003	1533477636879164678	18444538970631368096	-5374.6191406250	0.0000000000	114.5500028526	59.9858271122
30	23	8999334520627072637	17674469325177066891	15028242754935611205	16727789464893819776	-5374.9384765625	0.0000000000	75.3842785691	101.2795879187
30	35	8999334520627072637	14823730286796461887	6976542013289417035	13796563867699530447	-5377.0317382812	0.0000000000	77.4775402879	70.7936562226
34	44	904445908634330529	15504891702941754170	15340484178992543771	15961944874234204793	-5378.2583007812	0.0000000000	73.2191982611	65.6300868273
43	21	10330323940076876102	17105471728528320474	10740107237079286836	11456557929259592783	-5379.8808593750	0.0000000000	70.4181321322	114.6132294355
